grid_id,forecast_parent_id,distance_to_forecast_grid_m
GRID_CBE_00001,FC_GRID_01,16433.59
GRID_CBE_00002,FC_GRID_01,15739.56
GRID_CBE_00003,FC_GRID_01,15079.93
GRID_CBE_00004,FC_GRID_01,14459.42
GRID_CBE_00005,FC_GRID_01,13883.29
GRID_CBE_00006,FC_GRID_01,13357.26
GRID_CBE_00007,FC_GRID_01,12887.47
GRID_CBE_00008,FC_GRID_01,12480.29
GRID_CBE_00009,FC_GRID_01,12142.0
GRID_CBE_00010,FC_GRID_01,11878.51
GRID_CBE_00011,FC_GRID_01,11694.85
GRID_CBE_00012,FC_GRID_01,11594.84
GRID_CBE_00013,FC_GRID_01,11580.63
GRID_CBE_00014,FC_GRID_01,11652.53
GRID_CBE_00015,FC_GRID_01,11808.99
GRID_CBE_00016,FC_GRID_01,12046.7
GRID_CBE_00017,FC_GRID_01,12360.97
GRID_CBE_00018,FC_GRID_01,12746.14
GRID_CBE_00019,FC_GRID_01,13196.02
GRID_CBE_00020,FC_GRID_01,13704.22
GRID_CBE_00021,FC_GRID_01,14264.51
GRID_CBE_00022,FC_GRID_01,14871.01
GRID_CBE_00023,FC_GRID_01,15518.3
GRID_CBE_00024,FC_GRID_02,15769.09
GRID_CBE_00025,FC_GRID_02,15116.78
GRID_CBE_00026,FC_GRID_02,14504.13
GRID_CBE_00027,FC_GRID_02,13936.38
GRID_CBE_00028,FC_GRID_02,13419.23
GRID_CBE_00029,FC_GRID_02,12958.72
GRID_CBE_00030,FC_GRID_02,12561.1
GRID_CBE_00031,FC_GRID_02,12232.51
GRID_CBE_00032,FC_GRID_02,11978.61
GRID_CBE_00033,FC_GRID_02,11804.23
GRID_CBE_00034,FC_GRID_02,11712.93
GRID_CBE_00035,FC_GRID_02,11706.65
GRID_CBE_00036,FC_GRID_02,11785.52
GRID_CBE_00037,FC_GRID_02,11947.86
GRID_CBE_00038,FC_GRID_02,12190.33
GRID_CBE_00039,FC_GRID_02,12508.28
GRID_CBE_00040,FC_GRID_02,12896.12
GRID_CBE_00041,FC_GRID_02,13347.76
GRID_CBE_00042,FC_GRID_02,13856.97
GRID_CBE_00043,FC_GRID_02,14417.65
GRID_CBE_00044,FC_GRID_02,15024.03
GRID_CBE_00045,FC_GRID_02,15670.81
GRID_CBE_00046,FC_GRID_03,15811.9
GRID_CBE_00047,FC_GRID_03,15167.28
GRID_CBE_00048,FC_GRID_03,14562.85
GRID_CBE_00049,FC_GRID_03,14003.82
GRID_CBE_00050,FC_GRID_03,13495.82
GRID_CBE_00051,FC_GRID_03,13044.83
GRID_CBE_00052,FC_GRID_03,12656.93
GRID_CBE_00053,FC_GRID_03,12338.07
GRID_CBE_00054,FC_GRID_03,12093.73
GRID_CBE_00055,FC_GRID_03,11928.48
GRID_CBE_00056,FC_GRID_03,11845.63
GRID_CBE_00057,FC_GRID_03,11846.91
GRID_CBE_00058,FC_GRID_03,11932.29
GRID_CBE_00059,FC_GRID_03,12099.99
GRID_CBE_00060,FC_GRID_03,12346.66
GRID_CBE_00061,FC_GRID_03,12667.69
GRID_CBE_00062,FC_GRID_03,13057.59
GRID_CBE_00063,FC_GRID_03,13510.4
GRID_CBE_00064,FC_GRID_03,14020.03
GRID_CBE_00065,FC_GRID_03,14580.51
GRID_CBE_00066,FC_GRID_03,15186.23
GRID_CBE_00067,FC_GRID_03,15831.99
GRID_CBE_00068,FC_GRID_03,16513.09
GRID_CBE_00069,FC_GRID_03,17225.35
GRID_CBE_00070,FC_GRID_03,17965.04
GRID_CBE_00071,FC_GRID_03,18728.94
GRID_CBE_00072,FC_GRID_03,19514.18
GRID_CBE_00073,FC_GRID_03,20318.31
GRID_CBE_00074,FC_GRID_03,21139.16
GRID_CBE_00075,FC_GRID_03,21974.85
GRID_CBE_00076,FC_GRID_03,22823.77
GRID_CBE_00077,FC_GRID_03,23684.48
GRID_CBE_00078,FC_GRID_03,24555.75
GRID_CBE_00079,FC_GRID_01,15745.2
GRID_CBE_00080,FC_GRID_01,15019.39
GRID_CBE_00081,FC_GRID_01,14326.65
GRID_CBE_00082,FC_GRID_01,13671.99
GRID_CBE_00083,FC_GRID_01,13061.17
GRID_CBE_00084,FC_GRID_01,12500.59
GRID_CBE_00085,FC_GRID_01,11997.31
GRID_CBE_00086,FC_GRID_01,11558.81
GRID_CBE_00087,FC_GRID_01,11192.71
GRID_CBE_00088,FC_GRID_01,10906.3
GRID_CBE_00089,FC_GRID_01,10705.98
GRID_CBE_00090,FC_GRID_01,10596.64
GRID_CBE_00091,FC_GRID_01,10581.08
GRID_CBE_00092,FC_GRID_01,10659.74
GRID_CBE_00093,FC_GRID_01,10830.54
GRID_CBE_00094,FC_GRID_01,11089.24
GRID_CBE_00095,FC_GRID_01,11429.87
GRID_CBE_00096,FC_GRID_01,11845.36
GRID_CBE_00097,FC_GRID_01,12328.15
GRID_CBE_00098,FC_GRID_01,12870.66
GRID_CBE_00099,FC_GRID_01,13465.68
GRID_CBE_00100,FC_GRID_01,14106.57
GRID_CBE_00101,FC_GRID_01,14787.36
GRID_CBE_00102,FC_GRID_02,15042.15
GRID_CBE_00103,FC_GRID_02,14356.85
GRID_CBE_00104,FC_GRID_02,13710.29
GRID_CBE_00105,FC_GRID_02,13108.2
GRID_CBE_00106,FC_GRID_02,12556.98
GRID_CBE_00107,FC_GRID_02,12063.61
GRID_CBE_00108,FC_GRID_02,11635.44
GRID_CBE_00109,FC_GRID_02,11279.91
GRID_CBE_00110,FC_GRID_02,11004.06
GRID_CBE_00111,FC_GRID_02,10813.98
GRID_CBE_00112,FC_GRID_02,10714.24
GRID_CBE_00113,FC_GRID_02,10707.37
GRID_CBE_00114,FC_GRID_02,10793.55
GRID_CBE_00115,FC_GRID_02,10970.58
GRID_CBE_00116,FC_GRID_02,11234.16
GRID_CBE_00117,FC_GRID_02,11578.4
GRID_CBE_00118,FC_GRID_02,11996.34
GRID_CBE_00119,FC_GRID_02,12480.59
GRID_CBE_00120,FC_GRID_02,13023.74
GRID_CBE_00121,FC_GRID_02,13618.76
GRID_CBE_00122,FC_GRID_02,14259.16
GRID_CBE_00123,FC_GRID_02,14939.09
GRID_CBE_00124,FC_GRID_03,15077.95
GRID_CBE_00125,FC_GRID_03,14400.52
GRID_CBE_00126,FC_GRID_03,13762.46
GRID_CBE_00127,FC_GRID_03,13169.49
GRID_CBE_00128,FC_GRID_03,12627.98
GRID_CBE_00129,FC_GRID_03,12144.8
GRID_CBE_00130,FC_GRID_03,11727.16
GRID_CBE_00131,FC_GRID_03,11382.3
GRID_CBE_00132,FC_GRID_03,11116.97
GRID_CBE_00133,FC_GRID_03,10936.97
GRID_CBE_00134,FC_GRID_03,10846.54
GRID_CBE_00135,FC_GRID_03,10847.94
GRID_CBE_00136,FC_GRID_03,10941.12
GRID_CBE_00137,FC_GRID_03,11123.77
GRID_CBE_00138,FC_GRID_03,11391.6
GRID_CBE_00139,FC_GRID_03,11738.78
GRID_CBE_00140,FC_GRID_03,12158.5
GRID_CBE_00141,FC_GRID_03,12643.55
GRID_CBE_00142,FC_GRID_03,13186.73
GRID_CBE_00143,FC_GRID_03,13781.15
GRID_CBE_00144,FC_GRID_03,14420.48
GRID_CBE_00145,FC_GRID_03,15099.03
GRID_CBE_00146,FC_GRID_03,15811.73
GRID_CBE_00147,FC_GRID_03,16554.19
GRID_CBE_00148,FC_GRID_03,17322.57
GRID_CBE_00149,FC_GRID_03,18113.58
GRID_CBE_00150,FC_GRID_03,18924.37
GRID_CBE_00151,FC_GRID_03,19752.52
GRID_CBE_00152,FC_GRID_03,20595.93
GRID_CBE_00153,FC_GRID_03,21452.8
GRID_CBE_00154,FC_GRID_03,22321.58
GRID_CBE_00155,FC_GRID_03,23200.93
GRID_CBE_00156,FC_GRID_03,24089.7
GRID_CBE_00157,FC_GRID_01,15091.72
GRID_CBE_00158,FC_GRID_01,14332.85
GRID_CBE_00159,FC_GRID_01,13605.19
GRID_CBE_00160,FC_GRID_01,12914.02
GRID_CBE_00161,FC_GRID_01,12265.5
GRID_CBE_00162,FC_GRID_01,11666.76
GRID_CBE_00163,FC_GRID_01,11125.82
GRID_CBE_00164,FC_GRID_01,10651.5
GRID_CBE_00165,FC_GRID_01,10253.06
GRID_CBE_00166,FC_GRID_01,9939.61
GRID_CBE_00167,FC_GRID_01,9719.39
GRID_CBE_00168,FC_GRID_01,9598.81
GRID_CBE_00169,FC_GRID_01,9581.64
GRID_CBE_00170,FC_GRID_01,9668.43
GRID_CBE_00171,FC_GRID_01,9856.43
GRID_CBE_00172,FC_GRID_01,10140.01
GRID_CBE_00173,FC_GRID_01,10511.44
GRID_CBE_00174,FC_GRID_01,10961.8
GRID_CBE_00175,FC_GRID_01,11481.8
GRID_CBE_00176,FC_GRID_01,12062.44
GRID_CBE_00177,FC_GRID_01,12695.4
GRID_CBE_00178,FC_GRID_01,13373.25
GRID_CBE_00179,FC_GRID_01,14089.51
GRID_CBE_00180,FC_GRID_02,14348.12
GRID_CBE_00181,FC_GRID_02,13627.97
GRID_CBE_00182,FC_GRID_02,12945.05
GRID_CBE_00183,FC_GRID_02,12305.58
GRID_CBE_00184,FC_GRID_02,11716.66
GRID_CBE_00185,FC_GRID_02,11186.28
GRID_CBE_00186,FC_GRID_02,10723.14
GRID_CBE_00187,FC_GRID_02,10336.28
GRID_CBE_00188,FC_GRID_02,10034.52
GRID_CBE_00189,FC_GRID_02,9825.7
GRID_CBE_00190,FC_GRID_02,9715.83
GRID_CBE_00191,FC_GRID_02,9708.25
GRID_CBE_00192,FC_GRID_02,9803.21
GRID_CBE_00193,FC_GRID_02,9997.79
GRID_CBE_00194,FC_GRID_02,10286.34
GRID_CBE_00195,FC_GRID_02,10661.22
GRID_CBE_00196,FC_GRID_02,11113.7
GRID_CBE_00197,FC_GRID_02,11634.74
GRID_CBE_00198,FC_GRID_02,12215.57
GRID_CBE_00199,FC_GRID_02,12848.07
GRID_CBE_00200,FC_GRID_02,13525.01
GRID_CBE_00201,FC_GRID_02,14240.04
GRID_CBE_00202,FC_GRID_03,14376.14
GRID_CBE_00203,FC_GRID_03,13663.95
GRID_CBE_00204,FC_GRID_03,12989.76
GRID_CBE_00205,FC_GRID_03,12359.78
GRID_CBE_00206,FC_GRID_03,11781.1
GRID_CBE_00207,FC_GRID_03,11261.65
GRID_CBE_00208,FC_GRID_03,10809.95
GRID_CBE_00209,FC_GRID_03,10434.81
GRID_CBE_00210,FC_GRID_03,10144.73
GRID_CBE_00211,FC_GRID_03,9947.15
GRID_CBE_00212,FC_GRID_03,9847.64
GRID_CBE_00213,FC_GRID_03,9849.18
GRID_CBE_00214,FC_GRID_03,9951.72
GRID_CBE_00215,FC_GRID_03,10152.19
GRID_CBE_00216,FC_GRID_03,10444.96
GRID_CBE_00217,FC_GRID_03,10822.55
GRID_CBE_00218,FC_GRID_03,11276.43
GRID_CBE_00219,FC_GRID_03,11797.8
GRID_CBE_00220,FC_GRID_03,12378.14
GRID_CBE_00221,FC_GRID_03,13009.56
GRID_CBE_00222,FC_GRID_03,13684.99
GRID_CBE_00223,FC_GRID_03,14398.23
GRID_CBE_00224,FC_GRID_03,15143.96
GRID_CBE_00225,FC_GRID_03,15917.59
GRID_CBE_00226,FC_GRID_03,16715.26
GRID_CBE_00227,FC_GRID_03,17533.69
GRID_CBE_00228,FC_GRID_03,18370.1
GRID_CBE_00229,FC_GRID_03,19222.14
GRID_CBE_00230,FC_GRID_03,20087.84
GRID_CBE_00231,FC_GRID_03,20965.48
GRID_CBE_00232,FC_GRID_03,21853.64
GRID_CBE_00233,FC_GRID_03,22751.09
GRID_CBE_00234,FC_GRID_03,23656.76
GRID_CBE_00235,FC_GRID_01,14477.86
GRID_CBE_00236,FC_GRID_01,13684.99
GRID_CBE_00237,FC_GRID_01,12920.9
GRID_CBE_00238,FC_GRID_01,12190.99
GRID_CBE_00239,FC_GRID_01,11501.78
GRID_CBE_00240,FC_GRID_01,10861.02
GRID_CBE_00241,FC_GRID_01,10277.76
GRID_CBE_00242,FC_GRID_01,9762.32
GRID_CBE_00243,FC_GRID_01,9325.97
GRID_CBE_00244,FC_GRID_01,8980.22
GRID_CBE_00245,FC_GRID_01,8735.84
GRID_CBE_00246,FC_GRID_01,8601.49
GRID_CBE_00247,FC_GRID_01,8582.32
GRID_CBE_00248,FC_GRID_01,8679.11
GRID_CBE_00249,FC_GRID_01,8888.06
GRID_CBE_00250,FC_GRID_01,9201.54
GRID_CBE_00251,FC_GRID_01,9609.31
GRID_CBE_00252,FC_GRID_01,10099.98
GRID_CBE_00253,FC_GRID_01,10662.09
GRID_CBE_00254,FC_GRID_01,11284.99
GRID_CBE_00255,FC_GRID_01,11959.16
GRID_CBE_00256,FC_GRID_01,12676.44
GRID_CBE_00257,FC_GRID_01,13429.92
GRID_CBE_00258,FC_GRID_02,13692.0
GRID_CBE_00259,FC_GRID_02,12935.37
GRID_CBE_00260,FC_GRID_02,12213.79
GRID_CBE_00261,FC_GRID_02,11533.84
GRID_CBE_00262,FC_GRID_02,10903.32
GRID_CBE_00263,FC_GRID_02,10331.27
GRID_CBE_00264,FC_GRID_02,9827.92
GRID_CBE_00265,FC_GRID_02,9404.3
GRID_CBE_00266,FC_GRID_02,9071.59
GRID_CBE_00267,FC_GRID_02,8840.06
GRID_CBE_00268,FC_GRID_02,8717.77
GRID_CBE_00269,FC_GRID_02,8709.33
GRID_CBE_00270,FC_GRID_02,8815.06
GRID_CBE_00271,FC_GRID_02,9030.95
GRID_CBE_00272,FC_GRID_02,9349.38
GRID_CBE_00273,FC_GRID_02,9760.32
GRID_CBE_00274,FC_GRID_02,10252.64
GRID_CBE_00275,FC_GRID_02,10815.24
GRID_CBE_00276,FC_GRID_02,11437.76
GRID_CBE_00277,FC_GRID_02,12110.96
GRID_CBE_00278,FC_GRID_02,12826.85
GRID_CBE_00279,FC_GRID_02,13578.69
GRID_CBE_00280,FC_GRID_03,13711.38
GRID_CBE_00281,FC_GRID_03,12962.72
GRID_CBE_00282,FC_GRID_03,12250.0
GRID_CBE_00283,FC_GRID_03,11579.84
GRID_CBE_00284,FC_GRID_03,10960.06
GRID_CBE_00285,FC_GRID_03,10399.68
GRID_CBE_00286,FC_GRID_03,9908.76
GRID_CBE_00287,FC_GRID_03,9498.1
GRID_CBE_00288,FC_GRID_03,9178.46
GRID_CBE_00289,FC_GRID_03,8959.6
GRID_CBE_00290,FC_GRID_03,8848.99
GRID_CBE_00291,FC_GRID_03,8850.7
GRID_CBE_00292,FC_GRID_03,8964.67
GRID_CBE_00293,FC_GRID_03,9186.7
GRID_CBE_00294,FC_GRID_03,9509.25
GRID_CBE_00295,FC_GRID_03,9922.5
GRID_CBE_00296,FC_GRID_03,10415.68
GRID_CBE_00297,FC_GRID_03,10978.01
GRID_CBE_00298,FC_GRID_03,11599.44
GRID_CBE_00299,FC_GRID_03,12270.99
GRID_CBE_00300,FC_GRID_03,12984.89
GRID_CBE_00301,FC_GRID_03,13734.55
GRID_CBE_00302,FC_GRID_03,14514.41
GRID_CBE_00303,FC_GRID_03,15319.87
GRID_CBE_00304,FC_GRID_03,16147.09
GRID_CBE_00305,FC_GRID_03,16992.91
GRID_CBE_00306,FC_GRID_03,17854.67
GRID_CBE_00307,FC_GRID_03,18730.17
GRID_CBE_00308,FC_GRID_03,19617.59
GRID_CBE_00309,FC_GRID_03,20515.36
GRID_CBE_00310,FC_GRID_03,21422.19
GRID_CBE_00311,FC_GRID_03,22336.98
GRID_CBE_00312,FC_GRID_03,23258.78
GRID_CBE_00313,FC_GRID_01,13908.88
GRID_CBE_00314,FC_GRID_01,13081.57
GRID_CBE_00315,FC_GRID_01,12279.99
GRID_CBE_00316,FC_GRID_01,11509.51
GRID_CBE_00317,FC_GRID_01,10776.8
GRID_CBE_00318,FC_GRID_01,10090.1
GRID_CBE_00319,FC_GRID_01,9459.43
GRID_CBE_00320,FC_GRID_01,8896.71
GRID_CBE_00321,FC_GRID_01,8415.59
GRID_CBE_00322,FC_GRID_01,8030.74
GRID_CBE_00323,FC_GRID_01,7756.51
GRID_CBE_00324,FC_GRID_01,7604.87
GRID_CBE_00325,FC_GRID_01,7583.19
GRID_CBE_00326,FC_GRID_01,7692.55
GRID_CBE_00327,FC_GRID_01,7927.55
GRID_CBE_00328,FC_GRID_01,8277.48
GRID_CBE_00329,FC_GRID_01,8728.54
GRID_CBE_00330,FC_GRID_01,9265.96
GRID_CBE_00331,FC_GRID_01,9875.66
GRID_CBE_00332,FC_GRID_01,10545.11
GRID_CBE_00333,FC_GRID_01,11263.66
GRID_CBE_00334,FC_GRID_01,12022.51
GRID_CBE_00335,FC_GRID_01,12814.5
GRID_CBE_00336,FC_GRID_02,13079.49
GRID_CBE_00337,FC_GRID_02,12285.19
GRID_CBE_00338,FC_GRID_02,11522.97
GRID_CBE_00339,FC_GRID_02,10799.62
GRID_CBE_00340,FC_GRID_02,10123.47
GRID_CBE_00341,FC_GRID_02,9504.6
GRID_CBE_00342,FC_GRID_02,8954.9
GRID_CBE_00343,FC_GRID_02,8487.82
GRID_CBE_00344,FC_GRID_02,8117.64
GRID_CBE_00345,FC_GRID_02,7858.05
GRID_CBE_00346,FC_GRID_02,7720.22
GRID_CBE_00347,FC_GRID_02,7710.68
GRID_CBE_00348,FC_GRID_02,7829.91
GRID_CBE_00349,FC_GRID_02,8072.19
GRID_CBE_00350,FC_GRID_02,8426.93
GRID_CBE_00351,FC_GRID_02,8880.66
GRID_CBE_00352,FC_GRID_02,9419.07
GRID_CBE_00353,FC_GRID_02,10028.55
GRID_CBE_00354,FC_GRID_02,10696.94
GRID_CBE_00355,FC_GRID_02,11413.92
GRID_CBE_00356,FC_GRID_02,12170.88
GRID_CBE_00357,FC_GRID_02,12960.83
GRID_CBE_00358,FC_GRID_03,13089.33
GRID_CBE_00359,FC_GRID_03,12302.88
GRID_CBE_00360,FC_GRID_03,11549.5
GRID_CBE_00361,FC_GRID_03,10836.11
GRID_CBE_00362,FC_GRID_03,10171.12
GRID_CBE_00363,FC_GRID_03,9564.62
GRID_CBE_00364,FC_GRID_03,9028.41
GRID_CBE_00365,FC_GRID_03,8575.69
GRID_CBE_00366,FC_GRID_03,8220.26
GRID_CBE_00367,FC_GRID_03,7975.15
GRID_CBE_00368,FC_GRID_03,7850.69
GRID_CBE_00369,FC_GRID_03,7852.62
GRID_CBE_00370,FC_GRID_03,7980.84
GRID_CBE_00371,FC_GRID_03,8229.47
GRID_CBE_00372,FC_GRID_03,8588.04
GRID_CBE_00373,FC_GRID_03,9043.49
GRID_CBE_00374,FC_GRID_03,9582.01
GRID_CBE_00375,FC_GRID_03,10190.45
GRID_CBE_00376,FC_GRID_03,10857.05
GRID_CBE_00377,FC_GRID_03,11571.77
GRID_CBE_00378,FC_GRID_03,12326.24
GRID_CBE_00379,FC_GRID_03,13113.59
GRID_CBE_00380,FC_GRID_03,13928.27
GRID_CBE_00381,FC_GRID_03,14765.73
GRID_CBE_00382,FC_GRID_03,15622.33
GRID_CBE_00383,FC_GRID_03,16495.07
GRID_CBE_00384,FC_GRID_03,17381.54
GRID_CBE_00385,FC_GRID_03,18279.72
GRID_CBE_00386,FC_GRID_03,19187.97
GRID_CBE_00387,FC_GRID_03,20104.94
GRID_CBE_00388,FC_GRID_03,21029.48
GRID_CBE_00389,FC_GRID_03,21960.63
GRID_CBE_00390,FC_GRID_03,22897.59
GRID_CBE_00391,FC_GRID_01,13390.49
GRID_CBE_00392,FC_GRID_01,12529.0
GRID_CBE_00393,FC_GRID_01,11689.59
GRID_CBE_00394,FC_GRID_01,10877.37
GRID_CBE_00395,FC_GRID_01,10098.91
GRID_CBE_00396,FC_GRID_01,9362.62
GRID_CBE_00397,FC_GRID_01,8679.24
GRID_CBE_00398,FC_GRID_01,8062.25
GRID_CBE_00399,FC_GRID_01,7527.98
GRID_CBE_00400,FC_GRID_01,7095.15
GRID_CBE_00401,FC_GRID_01,6783.21
GRID_CBE_00402,FC_GRID_01,6609.28
GRID_CBE_00403,FC_GRID_01,6584.31
GRID_CBE_00404,FC_GRID_01,6709.98
GRID_CBE_00405,FC_GRID_01,6978.15
GRID_CBE_00406,FC_GRID_01,7373.27
GRID_CBE_00407,FC_GRID_01,7876.28
GRID_CBE_00408,FC_GRID_01,8467.97
GRID_CBE_00409,FC_GRID_01,9131.11
GRID_CBE_00410,FC_GRID_01,9851.29
GRID_CBE_00411,FC_GRID_01,10616.9
GRID_CBE_00412,FC_GRID_01,11418.81
GRID_CBE_00413,FC_GRID_01,12249.89
GRID_CBE_00414,FC_GRID_02,12517.0
GRID_CBE_00415,FC_GRID_02,11684.53
GRID_CBE_00416,FC_GRID_02,10880.31
GRID_CBE_00417,FC_GRID_02,10111.08
GRID_CBE_00418,FC_GRID_02,9385.46
GRID_CBE_00419,FC_GRID_02,8714.34
GRID_CBE_00420,FC_GRID_02,8111.26
GRID_CBE_00421,FC_GRID_02,7592.46
GRID_CBE_00422,FC_GRID_02,7176.23
GRID_CBE_00423,FC_GRID_02,6881.21
GRID_CBE_00424,FC_GRID_02,6723.39
GRID_CBE_00425,FC_GRID_02,6712.44
GRID_CBE_00426,FC_GRID_02,6849.07
GRID_CBE_00427,FC_GRID_02,7124.78
GRID_CBE_00428,FC_GRID_02,7524.32
GRID_CBE_00429,FC_GRID_02,8029.21
GRID_CBE_00430,FC_GRID_02,8620.97
GRID_CBE_00431,FC_GRID_02,9282.99
GRID_CBE_00432,FC_GRID_02,10001.34
GRID_CBE_00433,FC_GRID_02,10764.74
GRID_CBE_00434,FC_GRID_02,11564.28
GRID_CBE_00435,FC_GRID_02,12392.96
GRID_CBE_00436,FC_GRID_03,12516.35
GRID_CBE_00437,FC_GRID_03,11691.42
GRID_CBE_00438,FC_GRID_03,10895.85
GRID_CBE_00439,FC_GRID_03,10136.56
GRID_CBE_00440,FC_GRID_03,9422.32
GRID_CBE_00441,FC_GRID_03,8764.16
GRID_CBE_00442,FC_GRID_03,8175.62
GRID_CBE_00443,FC_GRID_03,7672.75
GRID_CBE_00444,FC_GRID_03,7273.33
GRID_CBE_00445,FC_GRID_03,6995.11
GRID_CBE_00446,FC_GRID_03,6852.87
GRID_CBE_00447,FC_GRID_03,6855.08
GRID_CBE_00448,FC_GRID_03,7001.6
GRID_CBE_00449,FC_GRID_03,7283.73
GRID_CBE_00450,FC_GRID_03,7686.55
GRID_CBE_00451,FC_GRID_03,8192.27
GRID_CBE_00452,FC_GRID_03,8783.14
GRID_CBE_00453,FC_GRID_03,9443.19
GRID_CBE_00454,FC_GRID_03,10158.94
GRID_CBE_00455,FC_GRID_03,10919.45
GRID_CBE_00456,FC_GRID_03,11716.0
GRID_CBE_00457,FC_GRID_03,12541.73
GRID_CBE_00458,FC_GRID_03,13391.24
GRID_CBE_00459,FC_GRID_03,14260.28
GRID_CBE_00460,FC_GRID_03,15145.49
GRID_CBE_00461,FC_GRID_03,16044.19
GRID_CBE_00462,FC_GRID_03,16954.24
GRID_CBE_00463,FC_GRID_03,17873.91
GRID_CBE_00464,FC_GRID_03,18801.78
GRID_CBE_00465,FC_GRID_03,19736.7
GRID_CBE_00466,FC_GRID_03,20677.7
GRID_CBE_00467,FC_GRID_03,21624.01
GRID_CBE_00468,FC_GRID_03,22574.94
GRID_CBE_00469,FC_GRID_01,12928.79
GRID_CBE_00470,FC_GRID_01,12034.3
GRID_CBE_00471,FC_GRID_01,11157.74
GRID_CBE_00472,FC_GRID_01,10303.67
GRID_CBE_00473,FC_GRID_01,9478.21
GRID_CBE_00474,FC_GRID_01,8689.48
GRID_CBE_00475,FC_GRID_01,7948.44
GRID_CBE_00476,FC_GRID_01,7269.69
GRID_CBE_00477,FC_GRID_01,6672.26
GRID_CBE_00478,FC_GRID_01,6179.78
GRID_CBE_00479,FC_GRID_01,5818.96
GRID_CBE_00480,FC_GRID_01,5615.25
GRID_CBE_00481,FC_GRID_01,5585.84
GRID_CBE_00482,FC_GRID_01,5733.44
GRID_CBE_00483,FC_GRID_01,6045.08
GRID_CBE_00484,FC_GRID_01,6497.2
GRID_CBE_00485,FC_GRID_01,7062.88
GRID_CBE_00486,FC_GRID_01,7717.19
GRID_CBE_00487,FC_GRID_01,8439.53
GRID_CBE_00488,FC_GRID_01,9213.92
GRID_CBE_00489,FC_GRID_01,10028.31
GRID_CBE_00490,FC_GRID_01,10873.71
GRID_CBE_00491,FC_GRID_01,11743.43
GRID_CBE_00492,FC_GRID_02,12011.56
GRID_CBE_00493,FC_GRID_02,11141.39
GRID_CBE_00494,FC_GRID_02,10294.82
GRID_CBE_00495,FC_GRID_02,9478.2
GRID_CBE_00496,FC_GRID_02,8699.95
GRID_CBE_00497,FC_GRID_02,7971.32
GRID_CBE_00498,FC_GRID_02,7307.17
GRID_CBE_00499,FC_GRID_02,6726.64
GRID_CBE_00500,FC_GRID_02,6253.04
GRID_CBE_00501,FC_GRID_02,5912.14
GRID_CBE_00502,FC_GRID_02,5727.67
GRID_CBE_00503,FC_GRID_02,5714.81
GRID_CBE_00504,FC_GRID_02,5874.69
GRID_CBE_00505,FC_GRID_02,6193.93
GRID_CBE_00506,FC_GRID_02,6649.64
GRID_CBE_00507,FC_GRID_02,7215.99
GRID_CBE_00508,FC_GRID_02,7869.14
GRID_CBE_00509,FC_GRID_02,8589.31
GRID_CBE_00510,FC_GRID_02,9361.04
GRID_CBE_00511,FC_GRID_02,10172.61
GRID_CBE_00512,FC_GRID_02,11015.21
GRID_CBE_00513,FC_GRID_02,11882.24
GRID_CBE_00514,FC_GRID_03,11999.49
GRID_CBE_00515,FC_GRID_03,11136.34
GRID_CBE_00516,FC_GRID_03,10297.97
GRID_CBE_00517,FC_GRID_03,9490.97
GRID_CBE_00518,FC_GRID_03,8724.04
GRID_CBE_00519,FC_GRID_03,8008.69
GRID_CBE_00520,FC_GRID_03,7359.98
GRID_CBE_00521,FC_GRID_03,6797.03
GRID_CBE_00522,FC_GRID_03,6342.71
GRID_CBE_00523,FC_GRID_03,6021.64
GRID_CBE_00524,FC_GRID_03,5855.81
GRID_CBE_00525,FC_GRID_03,5858.39
GRID_CBE_00526,FC_GRID_03,6029.18
GRID_CBE_00527,FC_GRID_03,6354.63
GRID_CBE_00528,FC_GRID_03,6812.61
GRID_CBE_00529,FC_GRID_03,7378.47
GRID_CBE_00530,FC_GRID_03,8029.46
GRID_CBE_00531,FC_GRID_03,8746.57
GRID_CBE_00532,FC_GRID_03,9514.87
GRID_CBE_00533,FC_GRID_03,10322.94
GRID_CBE_00534,FC_GRID_03,11162.14
GRID_CBE_00535,FC_GRID_03,12025.95
GRID_CBE_00536,FC_GRID_03,12909.45
GRID_CBE_00537,FC_GRID_03,13808.84
GRID_CBE_00538,FC_GRID_03,14721.22
GRID_CBE_00539,FC_GRID_03,15644.32
GRID_CBE_00540,FC_GRID_03,16576.34
GRID_CBE_00541,FC_GRID_03,17515.86
GRID_CBE_00542,FC_GRID_03,18461.73
GRID_CBE_00543,FC_GRID_03,19413.03
GRID_CBE_00544,FC_GRID_03,20369.0
GRID_CBE_00545,FC_GRID_03,21329.0
GRID_CBE_00546,FC_GRID_03,22292.52
GRID_CBE_00547,FC_GRID_01,12530.05
GRID_CBE_00548,FC_GRID_01,11604.86
GRID_CBE_00549,FC_GRID_01,10693.15
GRID_CBE_00550,FC_GRID_01,9798.68
GRID_CBE_00551,FC_GRID_01,8926.64
GRID_CBE_00552,FC_GRID_01,8084.27
GRID_CBE_00553,FC_GRID_01,7281.91
GRID_CBE_00554,FC_GRID_01,6534.28
GRID_CBE_00555,FC_GRID_01,5862.38
GRID_CBE_00556,FC_GRID_01,5295.11
GRID_CBE_00557,FC_GRID_01,4869.17
GRID_CBE_00558,FC_GRID_01,4623.79
GRID_CBE_00559,FC_GRID_01,4588.04
GRID_CBE_00560,FC_GRID_01,4766.63
GRID_CBE_00561,FC_GRID_01,5137.26
GRID_CBE_00562,FC_GRID_01,5662.34
GRID_CBE_00563,FC_GRID_01,6303.39
GRID_CBE_00564,FC_GRID_01,7028.76
GRID_CBE_00565,FC_GRID_01,7814.99
GRID_CBE_00566,FC_GRID_01,8645.5
GRID_CBE_00567,FC_GRID_01,9508.7
GRID_CBE_00568,FC_GRID_01,10396.44
GRID_CBE_00569,FC_GRID_01,11302.95
GRID_CBE_00570,FC_GRID_02,11570.65
GRID_CBE_00571,FC_GRID_02,10664.55
GRID_CBE_00572,FC_GRID_02,9776.79
GRID_CBE_00573,FC_GRID_02,8912.82
GRID_CBE_00574,FC_GRID_02,8080.3
GRID_CBE_00575,FC_GRID_02,7290.0
GRID_CBE_00576,FC_GRID_02,6557.21
GRID_CBE_00577,FC_GRID_02,5903.38
GRID_CBE_00578,FC_GRID_02,5357.49
GRID_CBE_00579,FC_GRID_02,4955.36
GRID_CBE_00580,FC_GRID_02,4733.76
GRID_CBE_00581,FC_GRID_02,4718.19
GRID_CBE_00582,FC_GRID_02,4910.62
GRID_CBE_00583,FC_GRID_02,5288.39
GRID_CBE_00584,FC_GRID_02,5815.49
GRID_CBE_00585,FC_GRID_02,6455.44
GRID_CBE_00586,FC_GRID_02,7178.13
GRID_CBE_00587,FC_GRID_02,7961.06
GRID_CBE_00588,FC_GRID_02,8788.14
GRID_CBE_00589,FC_GRID_02,9648.02
GRID_CBE_00590,FC_GRID_02,10532.67
GRID_CBE_00591,FC_GRID_02,11436.34
GRID_CBE_00592,FC_GRID_03,11546.27
GRID_CBE_00593,FC_GRID_03,10646.43
GRID_CBE_00594,FC_GRID_03,9766.11
GRID_CBE_00595,FC_GRID_03,8911.07
GRID_CBE_00596,FC_GRID_03,8089.34
GRID_CBE_00597,FC_GRID_03,7312.16
GRID_CBE_00598,FC_GRID_03,6595.3
GRID_CBE_00599,FC_GRID_03,5960.56
GRID_CBE_00600,FC_GRID_03,5436.78
GRID_CBE_00601,FC_GRID_03,5058.54
GRID_CBE_00602,FC_GRID_03,4859.95
GRID_CBE_00603,FC_GRID_03,4863.06
GRID_CBE_00604,FC_GRID_03,5067.51
GRID_CBE_00605,FC_GRID_03,5450.68
GRID_CBE_00606,FC_GRID_03,5978.31
GRID_CBE_00607,FC_GRID_03,6615.93
GRID_CBE_00608,FC_GRID_03,7334.9
GRID_CBE_00609,FC_GRID_03,8113.63
GRID_CBE_00610,FC_GRID_03,8936.52
GRID_CBE_00611,FC_GRID_03,9792.43
GRID_CBE_00612,FC_GRID_03,10673.42
GRID_CBE_00613,FC_GRID_03,11573.77
GRID_CBE_00614,FC_GRID_03,12489.29
GRID_CBE_00615,FC_GRID_03,13416.88
GRID_CBE_00616,FC_GRID_03,14354.2
GRID_CBE_00617,FC_GRID_03,15299.45
GRID_CBE_00618,FC_GRID_03,16251.26
GRID_CBE_00619,FC_GRID_03,17208.54
GRID_CBE_00620,FC_GRID_03,18170.42
GRID_CBE_00621,FC_GRID_03,19136.21
GRID_CBE_00622,FC_GRID_03,20105.34
GRID_CBE_00623,FC_GRID_03,21077.36
GRID_CBE_00624,FC_GRID_03,22051.88
GRID_CBE_00625,FC_GRID_01,12200.44
GRID_CBE_00626,FC_GRID_01,11248.17
GRID_CBE_00627,FC_GRID_01,10304.95
GRID_CBE_00628,FC_GRID_01,9373.51
GRID_CBE_00629,FC_GRID_01,8457.74
GRID_CBE_00630,FC_GRID_01,7563.33
GRID_CBE_00631,FC_GRID_01,6698.85
GRID_CBE_00632,FC_GRID_01,5877.52
GRID_CBE_00633,FC_GRID_01,5120.15
GRID_CBE_00634,FC_GRID_01,4459.44
GRID_CBE_00635,FC_GRID_01,3944.27
GRID_CBE_00636,FC_GRID_01,3637.02
GRID_CBE_00637,FC_GRID_01,3591.46
GRID_CBE_00638,FC_GRID_01,3816.97
GRID_CBE_00639,FC_GRID_01,4270.82
GRID_CBE_00640,FC_GRID_01,4889.84
GRID_CBE_00641,FC_GRID_01,5619.72
GRID_CBE_00642,FC_GRID_01,6422.76
GRID_CBE_00643,FC_GRID_01,7274.79
GRID_CBE_00644,FC_GRID_01,8160.47
GRID_CBE_00645,FC_GRID_01,9069.94
GRID_CBE_00646,FC_GRID_01,9996.73
GRID_CBE_00647,FC_GRID_01,10936.42
GRID_CBE_00648,FC_GRID_02,11201.88
GRID_CBE_00649,FC_GRID_02,10263.28
GRID_CBE_00650,FC_GRID_02,9337.44
GRID_CBE_00651,FC_GRID_02,8428.56
GRID_CBE_00652,FC_GRID_02,7542.78
GRID_CBE_00653,FC_GRID_02,6689.27
GRID_CBE_00654,FC_GRID_02,5882.11
GRID_CBE_00655,FC_GRID_02,5143.16
GRID_CBE_00656,FC_GRID_02,4506.1
GRID_CBE_00657,FC_GRID_02,4019.68
GRID_CBE_00658,FC_GRID_02,3743.09
GRID_CBE_00659,FC_GRID_02,3723.38
GRID_CBE_00660,FC_GRID_02,3964.39
GRID_CBE_00661,FC_GRID_02,4423.72
GRID_CBE_00662,FC_GRID_02,5042.04
GRID_CBE_00663,FC_GRID_02,5768.45
GRID_CBE_00664,FC_GRID_02,6567.18
GRID_CBE_00665,FC_GRID_02,7414.9
GRID_CBE_00666,FC_GRID_02,8296.6
GRID_CBE_00667,FC_GRID_02,9202.52
GRID_CBE_00668,FC_GRID_02,10126.17
GRID_CBE_00669,FC_GRID_02,11063.1
GRID_CBE_00670,FC_GRID_03,11164.45
GRID_CBE_00671,FC_GRID_03,10231.09
GRID_CBE_00672,FC_GRID_03,9311.58
GRID_CBE_00673,FC_GRID_03,8410.45
GRID_CBE_00674,FC_GRID_03,7534.32
GRID_CBE_00675,FC_GRID_03,6693.0
GRID_CBE_00676,FC_GRID_03,5901.4
GRID_CBE_00677,FC_GRID_03,5182.36
GRID_CBE_00678,FC_GRID_03,4570.24
GRID_CBE_00679,FC_GRID_03,4113.08
GRID_CBE_00680,FC_GRID_03,3866.22
GRID_CBE_00681,FC_GRID_03,3870.14
GRID_CBE_00682,FC_GRID_03,4124.11
GRID_CBE_00683,FC_GRID_03,4586.78
GRID_CBE_00684,FC_GRID_03,5202.77
GRID_CBE_00685,FC_GRID_03,5924.45
GRID_CBE_00686,FC_GRID_03,6717.84
GRID_CBE_00687,FC_GRID_03,7560.4
GRID_CBE_00688,FC_GRID_03,8437.41
GRID_CBE_00689,FC_GRID_03,9339.18
GRID_CBE_00690,FC_GRID_03,10259.17
GRID_CBE_00691,FC_GRID_03,11192.89
GRID_CBE_00692,FC_GRID_03,12137.18
GRID_CBE_00693,FC_GRID_03,13089.74
GRID_CBE_00694,FC_GRID_03,14048.9
GRID_CBE_00695,FC_GRID_03,15013.39
GRID_CBE_00696,FC_GRID_03,15982.25
GRID_CBE_00697,FC_GRID_03,16954.72
GRID_CBE_00698,FC_GRID_03,17930.22
GRID_CBE_00699,FC_GRID_03,18908.28
GRID_CBE_00700,FC_GRID_03,19888.52
GRID_CBE_00701,FC_GRID_03,20870.64
GRID_CBE_00702,FC_GRID_03,21854.38
GRID_CBE_00703,FC_GRID_01,11945.67
GRID_CBE_00704,FC_GRID_01,10971.32
GRID_CBE_00705,FC_GRID_01,10002.02
GRID_CBE_00706,FC_GRID_01,9039.42
GRID_CBE_00707,FC_GRID_01,8085.9
GRID_CBE_00708,FC_GRID_01,7145.1
GRID_CBE_00709,FC_GRID_01,6222.79
GRID_CBE_00710,FC_GRID_01,5328.58
GRID_CBE_00711,FC_GRID_01,4479.33
GRID_CBE_00712,FC_GRID_01,3706.08
GRID_CBE_00713,FC_GRID_01,3066.87
GRID_CBE_00714,FC_GRID_01,2660.15
GRID_CBE_00715,FC_GRID_01,2597.51
GRID_CBE_00716,FC_GRID_01,2901.33
GRID_CBE_00717,FC_GRID_01,3476.83
GRID_CBE_00718,FC_GRID_01,4214.14
GRID_CBE_00719,FC_GRID_01,5042.78
GRID_CBE_00720,FC_GRID_01,5924.55
GRID_CBE_00721,FC_GRID_01,6838.93
GRID_CBE_00722,FC_GRID_01,7774.42
GRID_CBE_00723,FC_GRID_01,8724.24
GRID_CBE_00724,FC_GRID_01,9684.16
GRID_CBE_00725,FC_GRID_01,10651.46
GRID_CBE_00726,FC_GRID_02,10912.58
GRID_CBE_00727,FC_GRID_02,9946.72
GRID_CBE_00728,FC_GRID_02,8988.33
GRID_CBE_00729,FC_GRID_02,8040.08
GRID_CBE_00730,FC_GRID_02,7106.04
GRID_CBE_00731,FC_GRID_02,6192.63
GRID_CBE_00732,FC_GRID_02,5310.51
GRID_CBE_00733,FC_GRID_02,4478.21
GRID_CBE_00734,FC_GRID_02,3729.24
GRID_CBE_00735,FC_GRID_02,3124.11
GRID_CBE_00736,FC_GRID_02,2759.15
GRID_CBE_00737,FC_GRID_02,2732.36
GRID_CBE_00738,FC_GRID_02,3052.65
GRID_CBE_00739,FC_GRID_02,3629.26
GRID_CBE_00740,FC_GRID_02,4361.69
GRID_CBE_00741,FC_GRID_02,5184.33
GRID_CBE_00742,FC_GRID_02,6060.54
GRID_CBE_00743,FC_GRID_02,6970.15
GRID_CBE_00744,FC_GRID_02,7901.63
GRID_CBE_00745,FC_GRID_02,8848.09
GRID_CBE_00746,FC_GRID_02,9805.18
GRID_CBE_00747,FC_GRID_02,10770.07
GRID_CBE_00748,FC_GRID_03,10861.56
GRID_CBE_00749,FC_GRID_03,9899.69
GRID_CBE_00750,FC_GRID_03,8946.17
GRID_CBE_00751,FC_GRID_03,8004.02
GRID_CBE_00752,FC_GRID_03,7077.75
GRID_CBE_00753,FC_GRID_03,6174.54
GRID_CBE_00754,FC_GRID_03,5306.14
GRID_CBE_00755,FC_GRID_03,4492.82
GRID_CBE_00756,FC_GRID_03,3770.37
GRID_CBE_00757,FC_GRID_03,3200.94
GRID_CBE_00758,FC_GRID_03,2876.85
GRID_CBE_00759,FC_GRID_03,2882.11
GRID_CBE_00760,FC_GRID_03,3215.1
GRID_CBE_00761,FC_GRID_03,3790.4
GRID_CBE_00762,FC_GRID_03,4516.35
GRID_CBE_00763,FC_GRID_03,5331.76
GRID_CBE_00764,FC_GRID_03,6201.45
GRID_CBE_00765,FC_GRID_03,7105.51
GRID_CBE_00766,FC_GRID_03,8032.34
GRID_CBE_00767,FC_GRID_03,8974.9
GRID_CBE_00768,FC_GRID_03,9928.7
GRID_CBE_00769,FC_GRID_03,10890.79
GRID_CBE_00770,FC_GRID_03,11859.16
GRID_CBE_00771,FC_GRID_03,12832.38
GRID_CBE_00772,FC_GRID_03,13809.42
GRID_CBE_00773,FC_GRID_03,14789.54
GRID_CBE_00774,FC_GRID_03,15772.15
GRID_CBE_00775,FC_GRID_03,16756.82
GRID_CBE_00776,FC_GRID_03,17743.21
GRID_CBE_00777,FC_GRID_03,18731.03
GRID_CBE_00778,FC_GRID_03,19720.09
GRID_CBE_00779,FC_GRID_03,20710.19
GRID_CBE_00780,FC_GRID_03,21701.21
GRID_CBE_00781,FC_GRID_01,11770.62
GRID_CBE_00782,FC_GRID_01,10780.46
GRID_CBE_00783,FC_GRID_01,9792.29
GRID_CBE_00784,FC_GRID_01,8806.79
GRID_CBE_00785,FC_GRID_01,7824.97
GRID_CBE_00786,FC_GRID_01,6848.42
GRID_CBE_00787,FC_GRID_01,5879.76
GRID_CBE_00788,FC_GRID_01,4923.64
GRID_CBE_00789,FC_GRID_01,3989.09
GRID_CBE_00790,FC_GRID_01,3095.73
GRID_CBE_00791,FC_GRID_01,2292.2
GRID_CBE_00792,FC_GRID_01,1710.22
GRID_CBE_00793,FC_GRID_01,1611.05
GRID_CBE_00794,FC_GRID_01,2065.47
GRID_CBE_00795,FC_GRID_01,2817.24
GRID_CBE_00796,FC_GRID_01,3688.83
GRID_CBE_00797,FC_GRID_01,4612.82
GRID_CBE_00798,FC_GRID_01,5563.16
GRID_CBE_00799,FC_GRID_01,6528.36
GRID_CBE_00800,FC_GRID_01,7502.67
GRID_CBE_00801,FC_GRID_01,8482.97
GRID_CBE_00802,FC_GRID_01,9467.39
GRID_CBE_00803,FC_GRID_01,10454.76
GRID_CBE_00804,FC_GRID_02,10709.18
GRID_CBE_00805,FC_GRID_02,9723.14
GRID_CBE_00806,FC_GRID_02,8740.27
GRID_CBE_00807,FC_GRID_02,7761.78
GRID_CBE_00808,FC_GRID_02,6789.55
GRID_CBE_00809,FC_GRID_02,5826.74
GRID_CBE_00810,FC_GRID_02,4878.91
GRID_CBE_00811,FC_GRID_02,3956.84
GRID_CBE_00812,FC_GRID_02,3083.74
GRID_CBE_00813,FC_GRID_02,2315.67
GRID_CBE_00814,FC_GRID_02,1793.09
GRID_CBE_00815,FC_GRID_02,1751.58
GRID_CBE_00816,FC_GRID_02,2218.31
GRID_CBE_00817,FC_GRID_02,2962.05
GRID_CBE_00818,FC_GRID_02,3824.48
GRID_CBE_00819,FC_GRID_02,4741.25
GRID_CBE_00820,FC_GRID_02,5686.15
GRID_CBE_00821,FC_GRID_02,6647.19
GRID_CBE_00822,FC_GRID_02,7618.27
GRID_CBE_00823,FC_GRID_02,8595.98
GRID_CBE_00824,FC_GRID_02,9578.3
GRID_CBE_00825,FC_GRID_02,10563.93
GRID_CBE_00826,FC_GRID_03,10644.35
GRID_CBE_00827,FC_GRID_03,9660.87
GRID_CBE_00828,FC_GRID_03,8681.17
GRID_CBE_00829,FC_GRID_03,7706.68
GRID_CBE_00830,FC_GRID_03,6739.67
GRID_CBE_00831,FC_GRID_03,5783.9
GRID_CBE_00832,FC_GRID_03,4846.0
GRID_CBE_00833,FC_GRID_03,3938.79
GRID_CBE_00834,FC_GRID_03,3089.39
GRID_CBE_00835,FC_GRID_03,2361.06
GRID_CBE_00836,FC_GRID_03,1898.65
GRID_CBE_00837,FC_GRID_03,1906.61
GRID_CBE_00838,FC_GRID_03,2380.22
GRID_CBE_00839,FC_GRID_03,3113.8
GRID_CBE_00840,FC_GRID_03,3965.6
GRID_CBE_00841,FC_GRID_03,4874.04
GRID_CBE_00842,FC_GRID_03,5812.62
GRID_CBE_00843,FC_GRID_03,6768.81
GRID_CBE_00844,FC_GRID_03,7736.09
GRID_CBE_00845,FC_GRID_03,8710.76
GRID_CBE_00846,FC_GRID_03,9690.6
GRID_CBE_00847,FC_GRID_03,10674.17
GRID_CBE_00848,FC_GRID_03,11660.54
GRID_CBE_00849,FC_GRID_03,12649.05
GRID_CBE_00850,FC_GRID_03,13639.24
GRID_CBE_00851,FC_GRID_03,14630.76
GRID_CBE_00852,FC_GRID_03,15623.36
GRID_CBE_00853,FC_GRID_03,16616.85
GRID_CBE_00854,FC_GRID_03,17611.07
GRID_CBE_00855,FC_GRID_03,18605.92
GRID_CBE_00856,FC_GRID_03,19601.29
GRID_CBE_00857,FC_GRID_03,20597.11
GRID_CBE_00858,FC_GRID_03,21593.31
GRID_CBE_00859,FC_GRID_01,11678.87
GRID_CBE_00860,FC_GRID_01,10680.2
GRID_CBE_00861,FC_GRID_01,9681.81
GRID_CBE_00862,FC_GRID_01,8683.78
GRID_CBE_00863,FC_GRID_01,7686.27
GRID_CBE_00864,FC_GRID_01,6689.49
GRID_CBE_00865,FC_GRID_01,5693.86
GRID_CBE_00866,FC_GRID_01,4700.07
GRID_CBE_00867,FC_GRID_01,3709.62
GRID_CBE_00868,FC_GRID_01,2726.17
GRID_CBE_00869,FC_GRID_01,1761.43
GRID_CBE_00870,FC_GRID_01,879.37
GRID_CBE_00871,FC_GRID_01,666.3
GRID_CBE_00872,FC_GRID_01,1454.17
GRID_CBE_00873,FC_GRID_01,2405.26
GRID_CBE_00874,FC_GRID_01,3384.66
GRID_CBE_00875,FC_GRID_01,4373.4
GRID_CBE_00876,FC_GRID_01,5366.31
GRID_CBE_00877,FC_GRID_01,6361.44
GRID_CBE_00878,FC_GRID_01,7357.89
GRID_CBE_00879,FC_GRID_01,8355.19
GRID_CBE_00880,FC_GRID_01,9353.07
GRID_CBE_00881,FC_GRID_01,10351.36
GRID_CBE_00882,FC_GRID_02,10596.64
GRID_CBE_00883,FC_GRID_02,9599.05
GRID_CBE_00884,FC_GRID_02,8602.01
GRID_CBE_00885,FC_GRID_02,7605.75
GRID_CBE_00886,FC_GRID_02,6610.62
GRID_CBE_00887,FC_GRID_02,5617.22
GRID_CBE_00888,FC_GRID_02,4626.66
GRID_CBE_00889,FC_GRID_02,3641.27
GRID_CBE_00890,FC_GRID_02,2666.78
GRID_CBE_00891,FC_GRID_02,1721.79
GRID_CBE_00892,FC_GRID_02,904.11
GRID_CBE_00893,FC_GRID_02,818.7
GRID_CBE_00894,FC_GRID_02,1588.44
GRID_CBE_00895,FC_GRID_02,2525.07
GRID_CBE_00896,FC_GRID_02,3496.98
GRID_CBE_00897,FC_GRID_02,4481.26
GRID_CBE_00898,FC_GRID_02,5471.25
GRID_CBE_00899,FC_GRID_02,6464.32
GRID_CBE_00900,FC_GRID_02,7459.24
GRID_CBE_00901,FC_GRID_02,8455.36
GRID_CBE_00902,FC_GRID_02,9452.3
GRID_CBE_00903,FC_GRID_02,10449.83
GRID_CBE_00904,FC_GRID_03,10518.11
GRID_CBE_00905,FC_GRID_03,9521.61
GRID_CBE_00906,FC_GRID_03,8525.92
GRID_CBE_00907,FC_GRID_03,7531.37
GRID_CBE_00908,FC_GRID_03,6538.49
GRID_CBE_00909,FC_GRID_03,5548.16
GRID_CBE_00910,FC_GRID_03,4562.06
GRID_CBE_00911,FC_GRID_03,3583.66
GRID_CBE_00912,FC_GRID_03,2621.63
GRID_CBE_00913,FC_GRID_03,1703.88
GRID_CBE_00914,FC_GRID_03,966.17
GRID_CBE_00915,FC_GRID_03,981.71
GRID_CBE_00916,FC_GRID_03,1730.33
GRID_CBE_00917,FC_GRID_03,2650.34
GRID_CBE_00918,FC_GRID_03,3613.12
GRID_CBE_00919,FC_GRID_03,4591.83
GRID_CBE_00920,FC_GRID_03,5578.1
GRID_CBE_00921,FC_GRID_03,6568.52
GRID_CBE_00922,FC_GRID_03,7561.46
GRID_CBE_00923,FC_GRID_03,8556.05
GRID_CBE_00924,FC_GRID_03,9551.77
GRID_CBE_00925,FC_GRID_03,10548.3
GRID_CBE_00926,FC_GRID_03,11545.43
GRID_CBE_00927,FC_GRID_03,12543.01
GRID_CBE_00928,FC_GRID_03,13540.95
GRID_CBE_00929,FC_GRID_03,14539.18
GRID_CBE_00930,FC_GRID_03,15537.63
GRID_CBE_00931,FC_GRID_03,16536.27
GRID_CBE_00932,FC_GRID_03,17535.07
GRID_CBE_00933,FC_GRID_03,18533.99
GRID_CBE_00934,FC_GRID_03,19533.03
GRID_CBE_00935,FC_GRID_03,20532.15
GRID_CBE_00936,FC_GRID_03,21531.36
GRID_CBE_00937,FC_GRID_01,11672.38
GRID_CBE_00938,FC_GRID_01,10673.1
GRID_CBE_00939,FC_GRID_01,9673.98
GRID_CBE_00940,FC_GRID_01,8675.05
GRID_CBE_00941,FC_GRID_01,7676.4
GRID_CBE_00942,FC_GRID_01,6678.16
GRID_CBE_00943,FC_GRID_01,5680.53
GRID_CBE_00944,FC_GRID_01,4683.92
GRID_CBE_00945,FC_GRID_01,3689.14
GRID_CBE_00946,FC_GRID_01,2698.23
GRID_CBE_00947,FC_GRID_01,1717.88
GRID_CBE_00948,FC_GRID_01,788.52
GRID_CBE_00949,FC_GRID_01,540.76
GRID_CBE_00950,FC_GRID_01,1401.1
GRID_CBE_00951,FC_GRID_01,2373.55
GRID_CBE_00952,FC_GRID_01,3362.2
GRID_CBE_00953,FC_GRID_01,4356.04
GRID_CBE_00954,FC_GRID_01,5352.17
GRID_CBE_00955,FC_GRID_01,6349.52
GRID_CBE_00956,FC_GRID_01,7347.59
GRID_CBE_00957,FC_GRID_01,8346.12
GRID_CBE_00958,FC_GRID_01,9344.96
GRID_CBE_00959,FC_GRID_01,10344.03
GRID_CBE_00960,FC_GRID_02,10577.86
GRID_CBE_00961,FC_GRID_02,9578.3
GRID_CBE_00962,FC_GRID_02,8578.86
GRID_CBE_00963,FC_GRID_02,7579.55
GRID_CBE_00964,FC_GRID_02,6580.46
GRID_CBE_00965,FC_GRID_02,5581.7
GRID_CBE_00966,FC_GRID_02,4583.47
GRID_CBE_00967,FC_GRID_02,3586.23
GRID_CBE_00968,FC_GRID_02,2591.13
GRID_CBE_00969,FC_GRID_02,1602.12
GRID_CBE_00970,FC_GRID_02,647.81
GRID_CBE_00971,FC_GRID_02,522.03
GRID_CBE_00972,FC_GRID_02,1457.87
GRID_CBE_00973,FC_GRID_02,2445.04
GRID_CBE_00974,FC_GRID_02,3439.64
GRID_CBE_00975,FC_GRID_02,4436.66
GRID_CBE_00976,FC_GRID_02,5434.78
GRID_CBE_00977,FC_GRID_02,6433.48
GRID_CBE_00978,FC_GRID_02,7432.53
GRID_CBE_00979,FC_GRID_02,8431.81
GRID_CBE_00980,FC_GRID_02,9431.24
GRID_CBE_00981,FC_GRID_02,10430.78
GRID_CBE_00982,FC_GRID_03,10486.15
GRID_CBE_00983,FC_GRID_03,9486.28
GRID_CBE_00984,FC_GRID_03,8486.45
GRID_CBE_00985,FC_GRID_03,7486.66
GRID_CBE_00986,FC_GRID_03,6486.94
GRID_CBE_00987,FC_GRID_03,5487.32
GRID_CBE_00988,FC_GRID_03,4487.87
GRID_CBE_00989,FC_GRID_03,3488.73
GRID_CBE_00990,FC_GRID_03,2490.29
GRID_CBE_00991,FC_GRID_03,1493.92
GRID_CBE_00992,FC_GRID_03,511.94
GRID_CBE_00993,FC_GRID_03,540.71
GRID_CBE_00994,FC_GRID_03,1524.02
GRID_CBE_00995,FC_GRID_03,2520.5
GRID_CBE_00996,FC_GRID_03,3518.98
GRID_CBE_00997,FC_GRID_03,4518.13
GRID_CBE_00998,FC_GRID_03,5517.59
GRID_CBE_00999,FC_GRID_03,6517.21
GRID_CBE_01000,FC_GRID_03,7516.94
GRID_CBE_01001,FC_GRID_03,8516.72
GRID_CBE_01002,FC_GRID_03,9516.56
GRID_CBE_01003,FC_GRID_03,10516.42
GRID_CBE_01004,FC_GRID_03,11516.31
GRID_CBE_01005,FC_GRID_03,12516.22
GRID_CBE_01006,FC_GRID_03,13516.14
GRID_CBE_01007,FC_GRID_03,14516.07
GRID_CBE_01008,FC_GRID_03,15516.01
GRID_CBE_01009,FC_GRID_03,16515.96
GRID_CBE_01010,FC_GRID_03,17515.91
GRID_CBE_01011,FC_GRID_03,18515.87
GRID_CBE_01012,FC_GRID_03,19515.83
GRID_CBE_01013,FC_GRID_03,20515.8
GRID_CBE_01014,FC_GRID_03,21515.77
GRID_CBE_01015,FC_GRID_01,11751.3
GRID_CBE_01016,FC_GRID_01,10759.35
GRID_CBE_01017,FC_GRID_01,9769.05
GRID_CBE_01018,FC_GRID_01,8780.94
GRID_CBE_01019,FC_GRID_01,7795.87
GRID_CBE_01020,FC_GRID_01,6815.15
GRID_CBE_01021,FC_GRID_01,5840.97
GRID_CBE_01022,FC_GRID_01,4877.25
GRID_CBE_01023,FC_GRID_01,3931.7
GRID_CBE_01024,FC_GRID_01,3021.41
GRID_CBE_01025,FC_GRID_01,2190.79
GRID_CBE_01026,FC_GRID_01,1571.69
GRID_CBE_01027,FC_GRID_01,1463.17
GRID_CBE_01028,FC_GRID_01,1952.32
GRID_CBE_01029,FC_GRID_01,2735.36
GRID_CBE_01030,FC_GRID_01,3626.69
GRID_CBE_01031,FC_GRID_01,4563.28
GRID_CBE_01032,FC_GRID_01,5522.15
GRID_CBE_01033,FC_GRID_01,6493.45
GRID_CBE_01034,FC_GRID_01,7472.32
GRID_CBE_01035,FC_GRID_01,8456.13
GRID_CBE_01036,FC_GRID_01,9443.35
GRID_CBE_01037,FC_GRID_01,10433.0
GRID_CBE_01038,FC_GRID_02,10653.32
GRID_CBE_01039,FC_GRID_02,9661.58
GRID_CBE_01040,FC_GRID_02,8671.74
GRID_CBE_01041,FC_GRID_02,7684.52
GRID_CBE_01042,FC_GRID_02,6701.1
GRID_CBE_01043,FC_GRID_02,5723.43
GRID_CBE_01044,FC_GRID_02,4755.05
GRID_CBE_01045,FC_GRID_02,3803.07
GRID_CBE_01046,FC_GRID_02,2883.78
GRID_CBE_01047,FC_GRID_02,2041.82
GRID_CBE_01048,FC_GRID_02,1421.93
GRID_CBE_01049,FC_GRID_02,1369.22
GRID_CBE_01050,FC_GRID_02,1930.7
GRID_CBE_01051,FC_GRID_02,2753.27
GRID_CBE_01052,FC_GRID_02,3665.15
GRID_CBE_01053,FC_GRID_02,4613.7
GRID_CBE_01054,FC_GRID_02,5580.24
GRID_CBE_01055,FC_GRID_02,6556.82
GRID_CBE_01056,FC_GRID_02,7539.55
GRID_CBE_01057,FC_GRID_02,8526.29
GRID_CBE_01058,FC_GRID_02,9515.8
GRID_CBE_01059,FC_GRID_02,10507.3
GRID_CBE_01060,FC_GRID_03,10549.31
GRID_CBE_01061,FC_GRID_03,9556.05
GRID_CBE_01062,FC_GRID_03,8564.37
GRID_CBE_01063,FC_GRID_03,7574.87
GRID_CBE_01064,FC_GRID_03,6588.55
GRID_CBE_01065,FC_GRID_03,5607.07
GRID_CBE_01066,FC_GRID_03,4633.53
GRID_CBE_01067,FC_GRID_03,3674.21
GRID_CBE_01068,FC_GRID_03,2744.11
GRID_CBE_01069,FC_GRID_03,1886.9
GRID_CBE_01070,FC_GRID_03,1261.22
GRID_CBE_01071,FC_GRID_03,1273.17
GRID_CBE_01072,FC_GRID_03,1910.82
GRID_CBE_01073,FC_GRID_03,2771.56
GRID_CBE_01074,FC_GRID_03,3702.95
GRID_CBE_01075,FC_GRID_03,4662.84
GRID_CBE_01076,FC_GRID_03,5636.7
GRID_CBE_01077,FC_GRID_03,6618.36
GRID_CBE_01078,FC_GRID_03,7604.8
GRID_CBE_01079,FC_GRID_03,8594.37
GRID_CBE_01080,FC_GRID_03,9586.11
GRID_CBE_01081,FC_GRID_03,10579.4
GRID_CBE_01082,FC_GRID_03,11573.85
GRID_CBE_01083,FC_GRID_03,12569.18
GRID_CBE_01084,FC_GRID_03,13565.2
GRID_CBE_01085,FC_GRID_03,14561.76
GRID_CBE_01086,FC_GRID_03,15558.76
GRID_CBE_01087,FC_GRID_03,16556.13
GRID_CBE_01088,FC_GRID_03,17553.8
GRID_CBE_01089,FC_GRID_03,18551.71
GRID_CBE_01090,FC_GRID_03,19549.84
GRID_CBE_01091,FC_GRID_03,20548.15
GRID_CBE_01092,FC_GRID_03,21546.62
GRID_CBE_01093,FC_GRID_01,11913.92
GRID_CBE_01094,FC_GRID_01,10936.73
GRID_CBE_01095,FC_GRID_01,9964.07
GRID_CBE_01096,FC_GRID_01,8997.41
GRID_CBE_01097,FC_GRID_01,8038.91
GRID_CBE_01098,FC_GRID_01,7091.88
GRID_CBE_01099,FC_GRID_01,6161.61
GRID_CBE_01100,FC_GRID_01,5257.0
GRID_CBE_01101,FC_GRID_01,4393.94
GRID_CBE_01102,FC_GRID_01,3602.41
GRID_CBE_01103,FC_GRID_01,2940.75
GRID_CBE_01104,FC_GRID_01,2513.7
GRID_CBE_01105,FC_GRID_01,2447.31
GRID_CBE_01106,FC_GRID_01,2767.67
GRID_CBE_01107,FC_GRID_01,3366.1
GRID_CBE_01108,FC_GRID_01,4123.27
GRID_CBE_01109,FC_GRID_01,4967.09
GRID_CBE_01110,FC_GRID_01,5860.26
GRID_CBE_01111,FC_GRID_01,6783.31
GRID_CBE_01112,FC_GRID_01,7725.54
GRID_CBE_01113,FC_GRID_01,8680.7
GRID_CBE_01114,FC_GRID_01,9644.96
GRID_CBE_01115,FC_GRID_01,10615.83
GRID_CBE_01116,FC_GRID_02,10821.07
GRID_CBE_01117,FC_GRID_02,9846.24
GRID_CBE_01118,FC_GRID_02,8877.01
GRID_CBE_01119,FC_GRID_02,7915.44
GRID_CBE_01120,FC_GRID_02,6964.69
GRID_CBE_01121,FC_GRID_02,6029.91
GRID_CBE_01122,FC_GRID_02,5119.83
GRID_CBE_01123,FC_GRID_02,4250.36
GRID_CBE_01124,FC_GRID_02,3452.31
GRID_CBE_01125,FC_GRID_02,2787.7
GRID_CBE_01126,FC_GRID_02,2371.53
GRID_CBE_01127,FC_GRID_02,2340.3
GRID_CBE_01128,FC_GRID_02,2707.37
GRID_CBE_01129,FC_GRID_02,3344.06
GRID_CBE_01130,FC_GRID_02,4127.42
GRID_CBE_01131,FC_GRID_02,4988.83
GRID_CBE_01132,FC_GRID_02,5894.17
GRID_CBE_01133,FC_GRID_02,6825.99
GRID_CBE_01134,FC_GRID_02,7774.77
GRID_CBE_01135,FC_GRID_02,8734.98
GRID_CBE_01136,FC_GRID_02,9703.23
GRID_CBE_01137,FC_GRID_02,10677.34
GRID_CBE_01138,FC_GRID_03,10705.91
GRID_CBE_01139,FC_GRID_03,9728.66
GRID_CBE_01140,FC_GRID_03,8756.54
GRID_CBE_01141,FC_GRID_03,7791.49
GRID_CBE_01142,FC_GRID_03,6836.49
GRID_CBE_01143,FC_GRID_03,5896.43
GRID_CBE_01144,FC_GRID_03,4979.78
GRID_CBE_01145,FC_GRID_03,4102.25
GRID_CBE_01146,FC_GRID_03,3295.26
GRID_CBE_01147,FC_GRID_03,2624.69
GRID_CBE_01148,FC_GRID_03,2217.95
GRID_CBE_01149,FC_GRID_03,2224.76
GRID_CBE_01150,FC_GRID_03,2641.94
GRID_CBE_01151,FC_GRID_03,3318.15
GRID_CBE_01152,FC_GRID_03,4128.0
GRID_CBE_01153,FC_GRID_03,5007.06
GRID_CBE_01154,FC_GRID_03,5924.61
GRID_CBE_01155,FC_GRID_03,6865.22
GRID_CBE_01156,FC_GRID_03,7820.58
GRID_CBE_01157,FC_GRID_03,8785.89
GRID_CBE_01158,FC_GRID_03,9758.18
GRID_CBE_01159,FC_GRID_03,10735.57
GRID_CBE_01160,FC_GRID_03,11716.77
GRID_CBE_01161,FC_GRID_03,12700.9
GRID_CBE_01162,FC_GRID_03,13687.34
GRID_CBE_01163,FC_GRID_03,14675.61
GRID_CBE_01164,FC_GRID_03,15665.37
GRID_CBE_01165,FC_GRID_03,16656.35
GRID_CBE_01166,FC_GRID_03,17648.35
GRID_CBE_01167,FC_GRID_03,18641.21
GRID_CBE_01168,FC_GRID_03,19634.79
GRID_CBE_01169,FC_GRID_03,20628.99
GRID_CBE_01170,FC_GRID_03,21623.72
GRID_CBE_01171,FC_GRID_01,12156.89
GRID_CBE_01172,FC_GRID_01,11200.92
GRID_CBE_01173,FC_GRID_01,10253.35
GRID_CBE_01174,FC_GRID_01,9316.75
GRID_CBE_01175,FC_GRID_01,8394.79
GRID_CBE_01176,FC_GRID_01,7492.88
GRID_CBE_01177,FC_GRID_01,6619.2
GRID_CBE_01178,FC_GRID_01,5786.58
GRID_CBE_01179,FC_GRID_01,5015.49
GRID_CBE_01180,FC_GRID_01,4338.87
GRID_CBE_01181,FC_GRID_01,3807.42
GRID_CBE_01182,FC_GRID_01,3488.14
GRID_CBE_01183,FC_GRID_01,3440.61
GRID_CBE_01184,FC_GRID_01,3675.39
GRID_CBE_01185,FC_GRID_01,4144.77
GRID_CBE_01186,FC_GRID_01,4780.14
GRID_CBE_01187,FC_GRID_01,5524.53
GRID_CBE_01188,FC_GRID_01,6339.64
GRID_CBE_01189,FC_GRID_01,7201.51
GRID_CBE_01190,FC_GRID_01,8095.21
GRID_CBE_01191,FC_GRID_01,9011.28
GRID_CBE_01192,FC_GRID_01,9943.53
GRID_CBE_01193,FC_GRID_01,10887.81
GRID_CBE_01194,FC_GRID_02,11076.9
GRID_CBE_01195,FC_GRID_02,10126.73
GRID_CBE_01196,FC_GRID_02,9187.14
GRID_CBE_01197,FC_GRID_02,8261.74
GRID_CBE_01198,FC_GRID_02,7355.9
GRID_CBE_01199,FC_GRID_02,6477.81
GRID_CBE_01200,FC_GRID_02,5640.47
GRID_CBE_01201,FC_GRID_02,4864.96
GRID_CBE_01202,FC_GRID_02,4185.77
GRID_CBE_01203,FC_GRID_02,3656.98
GRID_CBE_01204,FC_GRID_02,3350.58
GRID_CBE_01205,FC_GRID_02,3328.55
GRID_CBE_01206,FC_GRID_02,3596.12
GRID_CBE_01207,FC_GRID_02,4096.94
GRID_CBE_01208,FC_GRID_02,4757.92
GRID_CBE_01209,FC_GRID_02,5521.84
GRID_CBE_01210,FC_GRID_02,6351.66
GRID_CBE_01211,FC_GRID_02,7224.71
GRID_CBE_01212,FC_GRID_02,8127.07
GRID_CBE_01213,FC_GRID_02,9049.98
GRID_CBE_01214,FC_GRID_02,9987.74
GRID_CBE_01215,FC_GRID_02,10936.54
GRID_CBE_01216,FC_GRID_03,10951.94
GRID_CBE_01217,FC_GRID_03,9998.77
GRID_CBE_01218,FC_GRID_03,9055.7
GRID_CBE_01219,FC_GRID_03,8126.25
GRID_CBE_01220,FC_GRID_03,7215.69
GRID_CBE_01221,FC_GRID_03,6332.18
GRID_CBE_01222,FC_GRID_03,5488.79
GRID_CBE_01223,FC_GRID_03,4707.13
GRID_CBE_01224,FC_GRID_03,4023.35
GRID_CBE_01225,FC_GRID_03,3495.37
GRID_CBE_01226,FC_GRID_03,3201.23
GRID_CBE_01227,FC_GRID_03,3205.96
GRID_CBE_01228,FC_GRID_03,3508.34
GRID_CBE_01229,FC_GRID_03,4042.12
GRID_CBE_01230,FC_GRID_03,4729.59
GRID_CBE_01231,FC_GRID_03,5513.55
GRID_CBE_01232,FC_GRID_03,6358.42
GRID_CBE_01233,FC_GRID_03,7242.92
GRID_CBE_01234,FC_GRID_03,8154.15
GRID_CBE_01235,FC_GRID_03,9084.07
GRID_CBE_01236,FC_GRID_03,10027.5
GRID_CBE_01237,FC_GRID_03,10980.94
GRID_CBE_01238,FC_GRID_03,11941.99
GRID_CBE_01239,FC_GRID_03,12908.97
GRID_CBE_01240,FC_GRID_03,13880.63
GRID_CBE_01241,FC_GRID_03,14856.05
GRID_CBE_01242,FC_GRID_03,15834.53
GRID_CBE_01243,FC_GRID_03,16815.55
GRID_CBE_01244,FC_GRID_03,17798.68
GRID_CBE_01245,FC_GRID_03,18783.59
GRID_CBE_01246,FC_GRID_03,19770.01
GRID_CBE_01247,FC_GRID_03,20757.74
GRID_CBE_01248,FC_GRID_03,21746.59
GRID_CBE_01249,FC_GRID_01,12475.51
GRID_CBE_01250,FC_GRID_01,11545.95
GRID_CBE_01251,FC_GRID_01,10629.19
GRID_CBE_01252,FC_GRID_01,9728.84
GRID_CBE_01253,FC_GRID_01,8849.91
GRID_CBE_01254,FC_GRID_01,7999.48
GRID_CBE_01255,FC_GRID_01,7187.65
GRID_CBE_01256,FC_GRID_01,6429.07
GRID_CBE_01257,FC_GRID_01,5744.88
GRID_CBE_01258,FC_GRID_01,5164.71
GRID_CBE_01259,FC_GRID_01,4727.04
GRID_CBE_01260,FC_GRID_01,4473.88
GRID_CBE_01261,FC_GRID_01,4436.92
GRID_CBE_01262,FC_GRID_01,4621.35
GRID_CBE_01263,FC_GRID_01,5002.76
GRID_CBE_01264,FC_GRID_01,5540.6
GRID_CBE_01265,FC_GRID_01,6194.26
GRID_CBE_01266,FC_GRID_01,6931.06
GRID_CBE_01267,FC_GRID_01,7727.24
GRID_CBE_01268,FC_GRID_01,8566.26
GRID_CBE_01269,FC_GRID_01,9436.71
GRID_CBE_01270,FC_GRID_01,10330.64
GRID_CBE_01271,FC_GRID_01,11242.46
GRID_CBE_01272,FC_GRID_02,11414.9
GRID_CBE_01273,FC_GRID_02,10495.37
GRID_CBE_01274,FC_GRID_02,9591.96
GRID_CBE_01275,FC_GRID_02,8709.68
GRID_CBE_01276,FC_GRID_02,7855.66
GRID_CBE_01277,FC_GRID_02,7040.19
GRID_CBE_01278,FC_GRID_02,6278.31
GRID_CBE_01279,FC_GRID_02,5591.96
GRID_CBE_01280,FC_GRID_02,5012.27
GRID_CBE_01281,FC_GRID_02,4579.93
GRID_CBE_01282,FC_GRID_02,4339.2
GRID_CBE_01283,FC_GRID_02,4322.21
GRID_CBE_01284,FC_GRID_02,4531.48
GRID_CBE_01285,FC_GRID_02,4938.34
GRID_CBE_01286,FC_GRID_02,5499.1
GRID_CBE_01287,FC_GRID_02,6171.95
GRID_CBE_01288,FC_GRID_02,6924.29
GRID_CBE_01289,FC_GRID_02,7732.96
GRID_CBE_01290,FC_GRID_02,8582.04
GRID_CBE_01291,FC_GRID_02,9460.67
GRID_CBE_01292,FC_GRID_02,10361.33
GRID_CBE_01293,FC_GRID_02,11278.74
GRID_CBE_01294,FC_GRID_03,11281.56
GRID_CBE_01295,FC_GRID_03,10358.76
GRID_CBE_01296,FC_GRID_03,9451.68
GRID_CBE_01297,FC_GRID_03,8565.31
GRID_CBE_01298,FC_GRID_03,7706.8
GRID_CBE_01299,FC_GRID_03,6886.59
GRID_CBE_01300,FC_GRID_03,6120.08
GRID_CBE_01301,FC_GRID_03,5430.07
GRID_CBE_01302,FC_GRID_03,4849.32
GRID_CBE_01303,FC_GRID_03,4421.11
GRID_CBE_01304,FC_GRID_03,4192.43
GRID_CBE_01305,FC_GRID_03,4196.04
GRID_CBE_01306,FC_GRID_03,4431.37
GRID_CBE_01307,FC_GRID_03,4864.91
GRID_CBE_01308,FC_GRID_03,5449.55
GRID_CBE_01309,FC_GRID_03,6142.3
GRID_CBE_01310,FC_GRID_03,6910.73
GRID_CBE_01311,FC_GRID_03,7732.3
GRID_CBE_01312,FC_GRID_03,8591.78
GRID_CBE_01313,FC_GRID_03,9478.87
GRID_CBE_01314,FC_GRID_03,10386.5
GRID_CBE_01315,FC_GRID_03,11309.71
GRID_CBE_01316,FC_GRID_03,12244.99
GRID_CBE_01317,FC_GRID_03,13189.77
GRID_CBE_01318,FC_GRID_03,14142.15
GRID_CBE_01319,FC_GRID_03,15100.68
GRID_CBE_01320,FC_GRID_03,16064.28
GRID_CBE_01321,FC_GRID_03,17032.07
GRID_CBE_01322,FC_GRID_03,18003.38
GRID_CBE_01323,FC_GRID_03,18977.67
GRID_CBE_01324,FC_GRID_03,19954.5
GRID_CBE_01325,FC_GRID_03,20933.52
GRID_CBE_01326,FC_GRID_03,21914.44
GRID_CBE_01327,FC_GRID_01,12864.17
GRID_CBE_01328,FC_GRID_01,11964.84
GRID_CBE_01329,FC_GRID_01,11082.78
GRID_CBE_01330,FC_GRID_01,10222.46
GRID_CBE_01331,FC_GRID_01,9389.86
GRID_CBE_01332,FC_GRID_01,8593.03
GRID_CBE_01333,FC_GRID_01,7842.88
GRID_CBE_01334,FC_GRID_01,7154.12
GRID_CBE_01335,FC_GRID_01,6546.15
GRID_CBE_01336,FC_GRID_01,6043.4
GRID_CBE_01337,FC_GRID_01,5673.92
GRID_CBE_01338,FC_GRID_01,5464.8
GRID_CBE_01339,FC_GRID_01,5434.59
GRID_CBE_01340,FC_GRID_01,5586.18
GRID_CBE_01341,FC_GRID_01,5905.59
GRID_CBE_01342,FC_GRID_01,6367.63
GRID_CBE_01343,FC_GRID_01,6943.87
GRID_CBE_01344,FC_GRID_01,7608.42
GRID_CBE_01345,FC_GRID_01,8340.18
GRID_CBE_01346,FC_GRID_01,9123.01
GRID_CBE_01347,FC_GRID_01,9944.85
GRID_CBE_01348,FC_GRID_01,10796.79
GRID_CBE_01349,FC_GRID_01,11672.25
GRID_CBE_01350,FC_GRID_02,11828.03
GRID_CBE_01351,FC_GRID_02,10943.27
GRID_CBE_01352,FC_GRID_02,10080.08
GRID_CBE_01353,FC_GRID_02,9244.5
GRID_CBE_01354,FC_GRID_02,8444.74
GRID_CBE_01355,FC_GRID_02,7691.98
GRID_CBE_01356,FC_GRID_02,7001.39
GRID_CBE_01357,FC_GRID_02,6393.14
GRID_CBE_01358,FC_GRID_02,5892.8
GRID_CBE_01359,FC_GRID_02,5529.74
GRID_CBE_01360,FC_GRID_02,5332.06
GRID_CBE_01361,FC_GRID_02,5318.24
GRID_CBE_01362,FC_GRID_02,5489.68
GRID_CBE_01363,FC_GRID_02,5830.05
GRID_CBE_01364,FC_GRID_02,6312.08
GRID_CBE_01365,FC_GRID_02,6906.17
GRID_CBE_01366,FC_GRID_02,7586.04
GRID_CBE_01367,FC_GRID_02,8330.72
GRID_CBE_01368,FC_GRID_02,9124.35
GRID_CBE_01369,FC_GRID_02,9955.23
GRID_CBE_01370,FC_GRID_02,10814.78
GRID_CBE_01371,FC_GRID_02,11696.68
GRID_CBE_01372,FC_GRID_03,11687.7
GRID_CBE_01373,FC_GRID_03,10799.66
GRID_CBE_01374,FC_GRID_03,9932.92
GRID_CBE_01375,FC_GRID_03,9093.58
GRID_CBE_01376,FC_GRID_03,8289.96
GRID_CBE_01377,FC_GRID_03,7533.5
GRID_CBE_01378,FC_GRID_03,6839.88
GRID_CBE_01379,FC_GRID_03,6230.11
GRID_CBE_01380,FC_GRID_03,5731.01
GRID_CBE_01381,FC_GRID_03,5373.53
GRID_CBE_01382,FC_GRID_03,5187.01
GRID_CBE_01383,FC_GRID_03,5189.93
GRID_CBE_01384,FC_GRID_03,5381.97
GRID_CBE_01385,FC_GRID_03,5744.21
GRID_CBE_01386,FC_GRID_03,6247.1
GRID_CBE_01387,FC_GRID_03,6859.77
GRID_CBE_01388,FC_GRID_03,7555.58
GRID_CBE_01389,FC_GRID_03,8313.67
GRID_CBE_01390,FC_GRID_03,9118.52
GRID_CBE_01391,FC_GRID_03,9958.8
GRID_CBE_01392,FC_GRID_03,10826.26
GRID_CBE_01393,FC_GRID_03,11714.87
GRID_CBE_01394,FC_GRID_03,12620.16
GRID_CBE_01395,FC_GRID_03,13538.79
GRID_CBE_01396,FC_GRID_03,14468.21
GRID_CBE_01397,FC_GRID_03,15406.47
GRID_CBE_01398,FC_GRID_03,16352.05
GRID_CBE_01399,FC_GRID_03,17303.75
GRID_CBE_01400,FC_GRID_03,18260.62
GRID_CBE_01401,FC_GRID_03,19221.87
GRID_CBE_01402,FC_GRID_03,20186.89
GRID_CBE_01403,FC_GRID_03,21155.16
GRID_CBE_01404,FC_GRID_03,22126.26
GRID_CBE_01405,FC_GRID_01,13316.73
GRID_CBE_01406,FC_GRID_01,12450.14
GRID_CBE_01407,FC_GRID_01,11605.02
GRID_CBE_01408,FC_GRID_01,10786.44
GRID_CBE_01409,FC_GRID_01,10000.89
GRID_CBE_01410,FC_GRID_01,9256.81
GRID_CBE_01411,FC_GRID_01,8565.0
GRID_CBE_01412,FC_GRID_01,7939.14
GRID_CBE_01413,FC_GRID_01,7395.98
GRID_CBE_01414,FC_GRID_01,6954.94
GRID_CBE_01415,FC_GRID_01,6636.4
GRID_CBE_01416,FC_GRID_01,6458.52
GRID_CBE_01417,FC_GRID_01,6432.98
GRID_CBE_01418,FC_GRID_01,6561.54
GRID_CBE_01419,FC_GRID_01,6835.53
GRID_CBE_01420,FC_GRID_01,7238.45
GRID_CBE_01421,FC_GRID_01,7750.21
GRID_CBE_01422,FC_GRID_01,8350.84
GRID_CBE_01423,FC_GRID_01,9022.59
GRID_CBE_01424,FC_GRID_01,9750.78
GRID_CBE_01425,FC_GRID_01,10523.71
GRID_CBE_01426,FC_GRID_01,11332.22
GRID_CBE_01427,FC_GRID_01,12169.21
GRID_CBE_01428,FC_GRID_02,12308.72
GRID_CBE_01429,FC_GRID_02,11461.12
GRID_CBE_01430,FC_GRID_02,10640.03
GRID_CBE_01431,FC_GRID_02,9852.06
GRID_CBE_01432,FC_GRID_02,9105.82
GRID_CBE_01433,FC_GRID_02,8412.42
GRID_CBE_01434,FC_GRID_02,7785.99
GRID_CBE_01435,FC_GRID_02,7243.93
GRID_CBE_01436,FC_GRID_02,6806.42
GRID_CBE_01437,FC_GRID_02,6494.63
GRID_CBE_01438,FC_GRID_02,6327.17
GRID_CBE_01439,FC_GRID_02,6315.53
GRID_CBE_01440,FC_GRID_02,6460.56
GRID_CBE_01441,FC_GRID_02,6752.16
GRID_CBE_01442,FC_GRID_02,7172.48
GRID_CBE_01443,FC_GRID_02,7700.48
GRID_CBE_01444,FC_GRID_02,8315.66
GRID_CBE_01445,FC_GRID_02,9000.17
GRID_CBE_01446,FC_GRID_02,9739.4
GRID_CBE_01447,FC_GRID_02,10521.83
GRID_CBE_01448,FC_GRID_02,11338.51
GRID_CBE_01449,FC_GRID_02,12182.55
GRID_CBE_01450,FC_GRID_03,12162.68
GRID_CBE_01451,FC_GRID_03,11311.99
GRID_CBE_01452,FC_GRID_03,10487.68
GRID_CBE_01453,FC_GRID_03,9696.48
GRID_CBE_01454,FC_GRID_03,8947.18
GRID_CBE_01455,FC_GRID_03,8251.2
GRID_CBE_01456,FC_GRID_03,7623.16
GRID_CBE_01457,FC_GRID_03,7081.16
GRID_CBE_01458,FC_GRID_03,6646.29
GRID_CBE_01459,FC_GRID_03,6340.62
GRID_CBE_01460,FC_GRID_03,6183.34
GRID_CBE_01461,FC_GRID_03,6185.79
GRID_CBE_01462,FC_GRID_03,6347.77
GRID_CBE_01463,FC_GRID_03,6657.67
GRID_CBE_01464,FC_GRID_03,7096.11
GRID_CBE_01465,FC_GRID_03,7641.01
GRID_CBE_01466,FC_GRID_03,8271.36
GRID_CBE_01467,FC_GRID_03,8969.15
GRID_CBE_01468,FC_GRID_03,9719.87
GRID_CBE_01469,FC_GRID_03,10512.19
GRID_CBE_01470,FC_GRID_03,11337.39
GRID_CBE_01471,FC_GRID_03,12188.8
GRID_CBE_01472,FC_GRID_03,13061.28
GRID_CBE_01473,FC_GRID_03,13950.89
GRID_CBE_01474,FC_GRID_03,14854.55
GRID_CBE_01475,FC_GRID_03,15769.84
GRID_CBE_01476,FC_GRID_03,16694.85
GRID_CBE_01477,FC_GRID_03,17628.06
GRID_CBE_01478,FC_GRID_03,18568.22
GRID_CBE_01479,FC_GRID_03,19514.33
GRID_CBE_01480,FC_GRID_03,20465.56
GRID_CBE_01481,FC_GRID_03,21421.24
GRID_CBE_01482,FC_GRID_03,22380.79
GRID_CBE_01483,FC_GRID_01,13826.92
GRID_CBE_01484,FC_GRID_01,12994.4
GRID_CBE_01485,FC_GRID_01,12187.08
GRID_CBE_01486,FC_GRID_01,11410.33
GRID_CBE_01487,FC_GRID_01,10670.82
GRID_CBE_01488,FC_GRID_01,9976.82
GRID_CBE_01489,FC_GRID_01,9338.51
GRID_CBE_01490,FC_GRID_01,8768.03
GRID_CBE_01491,FC_GRID_01,8279.43
GRID_CBE_01492,FC_GRID_01,7887.94
GRID_CBE_01493,FC_GRID_01,7608.57
GRID_CBE_01494,FC_GRID_01,7453.92
GRID_CBE_01495,FC_GRID_01,7431.8
GRID_CBE_01496,FC_GRID_01,7543.36
GRID_CBE_01497,FC_GRID_01,7782.86
GRID_CBE_01498,FC_GRID_01,8139.02
GRID_CBE_01499,FC_GRID_01,8597.34
GRID_CBE_01500,FC_GRID_01,9142.48
GRID_CBE_01501,FC_GRID_01,9759.9
GRID_CBE_01502,FC_GRID_01,10436.77
GRID_CBE_01503,FC_GRID_01,11162.3
GRID_CBE_01504,FC_GRID_01,11927.6
GRID_CBE_01505,FC_GRID_01,12725.5
GRID_CBE_01506,FC_GRID_02,12849.39
GRID_CBE_01507,FC_GRID_02,12039.92
GRID_CBE_01508,FC_GRID_02,11261.1
GRID_CBE_01509,FC_GRID_02,10519.76
GRID_CBE_01510,FC_GRID_02,9824.37
GRID_CBE_01511,FC_GRID_02,9185.37
GRID_CBE_01512,FC_GRID_02,8615.33
GRID_CBE_01513,FC_GRID_02,8128.76
GRID_CBE_01514,FC_GRID_02,7741.42
GRID_CBE_01515,FC_GRID_02,7468.77
GRID_CBE_01516,FC_GRID_02,7323.61
GRID_CBE_01517,FC_GRID_02,7313.56
GRID_CBE_01518,FC_GRID_02,7439.16
GRID_CBE_01519,FC_GRID_02,7693.76
GRID_CBE_01520,FC_GRID_02,8065.16
GRID_CBE_01521,FC_GRID_02,8538.13
GRID_CBE_01522,FC_GRID_02,9096.84
GRID_CBE_01523,FC_GRID_02,9726.53
GRID_CBE_01524,FC_GRID_02,10414.33
GRID_CBE_01525,FC_GRID_02,11149.49
GRID_CBE_01526,FC_GRID_02,11923.25
GRID_CBE_01527,FC_GRID_02,12728.58
GRID_CBE_01528,FC_GRID_03,12698.8
GRID_CBE_01529,FC_GRID_03,11886.54
GRID_CBE_01530,FC_GRID_03,11104.96
GRID_CBE_01531,FC_GRID_03,10361.0
GRID_CBE_01532,FC_GRID_03,9663.36
GRID_CBE_01533,FC_GRID_03,9022.8
GRID_CBE_01534,FC_GRID_03,8452.29
GRID_CBE_01535,FC_GRID_03,7966.9
GRID_CBE_01536,FC_GRID_03,7582.99
GRID_CBE_01537,FC_GRID_03,7316.56
GRID_CBE_01538,FC_GRID_03,7180.69
GRID_CBE_01539,FC_GRID_03,7182.8
GRID_CBE_01540,FC_GRID_03,7322.76
GRID_CBE_01541,FC_GRID_03,7592.97
GRID_CBE_01542,FC_GRID_03,7980.19
GRID_CBE_01543,FC_GRID_03,8468.39
GRID_CBE_01544,FC_GRID_03,9041.24
GRID_CBE_01545,FC_GRID_03,9683.71
GRID_CBE_01546,FC_GRID_03,10382.9
GRID_CBE_01547,FC_GRID_03,11128.11
GRID_CBE_01548,FC_GRID_03,11910.71
GRID_CBE_01549,FC_GRID_03,12723.81
GRID_CBE_01550,FC_GRID_03,13561.92
GRID_CBE_01551,FC_GRID_03,14420.68
GRID_CBE_01552,FC_GRID_03,15296.61
GRID_CBE_01553,FC_GRID_03,16186.92
GRID_CBE_01554,FC_GRID_03,17089.38
GRID_CBE_01555,FC_GRID_03,18002.14
GRID_CBE_01556,FC_GRID_03,18923.72
GRID_CBE_01557,FC_GRID_03,19852.9
GRID_CBE_01558,FC_GRID_03,20788.65
GRID_CBE_01559,FC_GRID_03,21730.12
GRID_CBE_01560,FC_GRID_03,22676.61
GRID_CBE_01561,FC_GRID_01,14388.61
GRID_CBE_01562,FC_GRID_01,13590.54
GRID_CBE_01563,FC_GRID_01,12820.82
GRID_CBE_01564,FC_GRID_01,12084.87
GRID_CBE_01565,FC_GRID_01,11389.24
GRID_CBE_01566,FC_GRID_01,10741.76
GRID_CBE_01567,FC_GRID_01,10151.66
GRID_CBE_01568,FC_GRID_01,9629.48
GRID_CBE_01569,FC_GRID_01,9186.81
GRID_CBE_01570,FC_GRID_01,8835.62
GRID_CBE_01571,FC_GRID_01,8587.13
GRID_CBE_01572,FC_GRID_01,8450.41
GRID_CBE_01573,FC_GRID_01,8430.9
GRID_CBE_01574,FC_GRID_01,8529.41
GRID_CBE_01575,FC_GRID_01,8741.93
GRID_CBE_01576,FC_GRID_01,9060.47
GRID_CBE_01577,FC_GRID_01,9474.32
GRID_CBE_01578,FC_GRID_01,9971.63
GRID_CBE_01579,FC_GRID_01,10540.59
GRID_CBE_01580,FC_GRID_01,11170.26
GRID_CBE_01581,FC_GRID_01,11850.97
GRID_CBE_01582,FC_GRID_01,12574.42
GRID_CBE_01583,FC_GRID_01,13333.67
GRID_CBE_01584,FC_GRID_02,13442.8
GRID_CBE_01585,FC_GRID_02,12671.3
GRID_CBE_01586,FC_GRID_02,11933.76
GRID_CBE_01587,FC_GRID_02,11236.88
GRID_CBE_01588,FC_GRID_02,10588.69
GRID_CBE_01589,FC_GRID_02,9998.66
GRID_CBE_01590,FC_GRID_02,9477.67
GRID_CBE_01591,FC_GRID_02,9037.64
GRID_CBE_01592,FC_GRID_02,8690.91
GRID_CBE_01593,FC_GRID_02,8448.95
GRID_CBE_01594,FC_GRID_02,8320.91
GRID_CBE_01595,FC_GRID_02,8312.07
GRID_CBE_01596,FC_GRID_02,8422.78
GRID_CBE_01597,FC_GRID_02,8648.48
GRID_CBE_01598,FC_GRID_02,8980.48
GRID_CBE_01599,FC_GRID_02,9407.54
GRID_CBE_01600,FC_GRID_02,9917.4
GRID_CBE_01601,FC_GRID_02,10497.98
GRID_CBE_01602,FC_GRID_02,11138.24
GRID_CBE_01603,FC_GRID_02,11828.5
GRID_CBE_01604,FC_GRID_02,12560.5
GRID_CBE_01605,FC_GRID_02,13327.38
GRID_CBE_01606,FC_GRID_03,13288.64
GRID_CBE_01607,FC_GRID_03,12514.73
GRID_CBE_01608,FC_GRID_03,11774.92
GRID_CBE_01609,FC_GRID_03,11076.05
GRID_CBE_01610,FC_GRID_03,10426.37
GRID_CBE_01611,FC_GRID_03,9835.62
GRID_CBE_01612,FC_GRID_03,9315.03
GRID_CBE_01613,FC_GRID_03,8876.94
GRID_CBE_01614,FC_GRID_03,8534.07
GRID_CBE_01615,FC_GRID_03,8298.23
GRID_CBE_01616,FC_GRID_03,8178.68
GRID_CBE_01617,FC_GRID_03,8180.54
GRID_CBE_01618,FC_GRID_03,8303.7
GRID_CBE_01619,FC_GRID_03,8542.93
GRID_CBE_01620,FC_GRID_03,8888.87
GRID_CBE_01621,FC_GRID_03,9329.65
GRID_CBE_01622,FC_GRID_03,9852.54
GRID_CBE_01623,FC_GRID_03,10445.23
GRID_CBE_01624,FC_GRID_03,11096.54
GRID_CBE_01625,FC_GRID_03,11796.75
GRID_CBE_01626,FC_GRID_03,12537.69
GRID_CBE_01627,FC_GRID_03,13312.55
GRID_CBE_01628,FC_GRID_03,14115.74
GRID_CBE_01629,FC_GRID_03,14942.71
GRID_CBE_01630,FC_GRID_03,15789.71
GRID_CBE_01631,FC_GRID_03,16653.68
GRID_CBE_01632,FC_GRID_03,17532.12
GRID_CBE_01633,FC_GRID_03,18422.97
GRID_CBE_01634,FC_GRID_03,19324.49
GRID_CBE_01635,FC_GRID_03,20235.27
GRID_CBE_01636,FC_GRID_03,21154.11
GRID_CBE_01637,FC_GRID_03,22080.01
GRID_CBE_01638,FC_GRID_03,23012.11
GRID_CBE_01639,FC_GRID_01,14996.02
GRID_CBE_01640,FC_GRID_01,14232.05
GRID_CBE_01641,FC_GRID_01,13498.96
GRID_CBE_01642,FC_GRID_01,12802.06
GRID_CBE_01643,FC_GRID_01,12147.56
GRID_CBE_01644,FC_GRID_01,11542.7
GRID_CBE_01645,FC_GRID_01,10995.66
GRID_CBE_01646,FC_GRID_01,10515.48
GRID_CBE_01647,FC_GRID_01,10111.67
GRID_CBE_01648,FC_GRID_01,9793.7
GRID_CBE_01649,FC_GRID_01,9570.12
GRID_CBE_01650,FC_GRID_01,9447.64
GRID_CBE_01651,FC_GRID_01,9430.19
GRID_CBE_01652,FC_GRID_01,9518.36
GRID_CBE_01653,FC_GRID_01,9709.27
GRID_CBE_01654,FC_GRID_01,9997.03
GRID_CBE_01655,FC_GRID_01,10373.58
GRID_CBE_01656,FC_GRID_01,10829.67
GRID_CBE_01657,FC_GRID_01,11355.73
GRID_CBE_01658,FC_GRID_01,11942.49
GRID_CBE_01659,FC_GRID_01,12581.49
GRID_CBE_01660,FC_GRID_01,13265.16
GRID_CBE_01661,FC_GRID_01,13986.96
GRID_CBE_01662,FC_GRID_02,14082.3
GRID_CBE_01663,FC_GRID_02,13347.81
GRID_CBE_01664,FC_GRID_02,12649.78
GRID_CBE_01665,FC_GRID_02,11994.57
GRID_CBE_01666,FC_GRID_02,11389.59
GRID_CBE_01667,FC_GRID_02,10843.22
GRID_CBE_01668,FC_GRID_02,10364.77
GRID_CBE_01669,FC_GRID_02,9964.0
GRID_CBE_01670,FC_GRID_02,9650.6
GRID_CBE_01671,FC_GRID_02,9433.29
GRID_CBE_01672,FC_GRID_02,9318.79
GRID_CBE_01673,FC_GRID_02,9310.89
GRID_CBE_01674,FC_GRID_02,9409.86
GRID_CBE_01675,FC_GRID_02,9612.41
GRID_CBE_01676,FC_GRID_02,9912.18
GRID_CBE_01677,FC_GRID_02,10300.69
GRID_CBE_01678,FC_GRID_02,10768.33
GRID_CBE_01679,FC_GRID_02,11305.3
GRID_CBE_01680,FC_GRID_02,11902.21
GRID_CBE_01681,FC_GRID_02,12550.52
GRID_CBE_01682,FC_GRID_02,13242.67
GRID_CBE_01683,FC_GRID_02,13972.16
GRID_CBE_01684,FC_GRID_03,13925.4
GRID_CBE_01685,FC_GRID_03,13188.9
GRID_CBE_01686,FC_GRID_03,12489.08
GRID_CBE_01687,FC_GRID_03,11832.48
GRID_CBE_01688,FC_GRID_03,11226.66
GRID_CBE_01689,FC_GRID_03,10680.27
GRID_CBE_01690,FC_GRID_03,10202.86
GRID_CBE_01691,FC_GRID_03,9804.52
GRID_CBE_01692,FC_GRID_03,9495.21
GRID_CBE_01693,FC_GRID_03,9283.81
GRID_CBE_01694,FC_GRID_03,9177.12
GRID_CBE_01695,FC_GRID_03,9178.77
GRID_CBE_01696,FC_GRID_03,9288.71
GRID_CBE_01697,FC_GRID_03,9503.17
GRID_CBE_01698,FC_GRID_03,9815.32
GRID_CBE_01699,FC_GRID_03,10216.21
GRID_CBE_01700,FC_GRID_03,10695.85
GRID_CBE_01701,FC_GRID_03,11244.17
GRID_CBE_01702,FC_GRID_03,11851.65
GRID_CBE_01703,FC_GRID_03,12509.68
GRID_CBE_01704,FC_GRID_03,13210.69
GRID_CBE_01705,FC_GRID_03,13948.21
GRID_CBE_01706,FC_GRID_03,14716.75
GRID_CBE_01707,FC_GRID_03,15511.71
GRID_CBE_01708,FC_GRID_03,16329.22
GRID_CBE_01709,FC_GRID_03,17166.06
GRID_CBE_01710,FC_GRID_03,18019.54
GRID_CBE_01711,FC_GRID_03,18887.41
GRID_CBE_01712,FC_GRID_03,19767.76
GRID_CBE_01713,FC_GRID_03,20659.01
GRID_CBE_01714,FC_GRID_03,21559.8
GRID_CBE_01715,FC_GRID_03,22468.99
GRID_CBE_01716,FC_GRID_03,23385.59
GRID_CBE_01717,FC_GRID_01,15643.82
GRID_CBE_01718,FC_GRID_01,14913.07
GRID_CBE_01719,FC_GRID_01,14215.15
GRID_CBE_01720,FC_GRID_01,13555.11
GRID_CBE_01721,FC_GRID_01,12938.77
GRID_CBE_01722,FC_GRID_01,12372.65
GRID_CBE_01723,FC_GRID_01,11863.94
GRID_CBE_01724,FC_GRID_01,11420.32
GRID_CBE_01725,FC_GRID_01,11049.63
GRID_CBE_01726,FC_GRID_01,10759.42
GRID_CBE_01727,FC_GRID_01,10556.31
GRID_CBE_01728,FC_GRID_01,10445.4
GRID_CBE_01729,FC_GRID_01,10429.62
GRID_CBE_01730,FC_GRID_01,10509.41
GRID_CBE_01731,FC_GRID_01,10682.62
GRID_CBE_01732,FC_GRID_01,10944.82
GRID_CBE_01733,FC_GRID_01,11289.8
GRID_CBE_01734,FC_GRID_01,11710.27
GRID_CBE_01735,FC_GRID_01,12198.4
GRID_CBE_01736,FC_GRID_01,12746.44
GRID_CBE_01737,FC_GRID_01,13347.0
GRID_CBE_01738,FC_GRID_01,13993.32
GRID_CBE_01739,FC_GRID_01,14679.36
GRID_CBE_01740,FC_GRID_02,14761.89
GRID_CBE_01741,FC_GRID_02,14062.94
GRID_CBE_01742,FC_GRID_02,13402.21
GRID_CBE_01743,FC_GRID_02,12785.62
GRID_CBE_01744,FC_GRID_02,12219.86
GRID_CBE_01745,FC_GRID_02,11712.29
GRID_CBE_01746,FC_GRID_02,11270.79
GRID_CBE_01747,FC_GRID_02,10903.37
GRID_CBE_01748,FC_GRID_02,10617.74
GRID_CBE_01749,FC_GRID_02,10420.61
GRID_CBE_01750,FC_GRID_02,10317.08
GRID_CBE_01751,FC_GRID_02,10309.94
GRID_CBE_01752,FC_GRID_02,10399.41
GRID_CBE_01753,FC_GRID_02,10583.04
GRID_CBE_01754,FC_GRID_02,10856.03
GRID_CBE_01755,FC_GRID_02,11211.88
GRID_CBE_01756,FC_GRID_02,11642.99
GRID_CBE_01757,FC_GRID_02,12141.34
GRID_CBE_01758,FC_GRID_02,12699.01
GRID_CBE_01759,FC_GRID_02,13308.56
GRID_CBE_01760,FC_GRID_02,13963.19
GRID_CBE_01761,FC_GRID_02,14656.86
GRID_CBE_01762,FC_GRID_03,14602.92
GRID_CBE_01763,FC_GRID_03,13902.36
GRID_CBE_01764,FC_GRID_03,13240.31
GRID_CBE_01765,FC_GRID_03,12622.84
GRID_CBE_01766,FC_GRID_03,12056.8
GRID_CBE_01767,FC_GRID_03,11549.75
GRID_CBE_01768,FC_GRID_03,11109.77
GRID_CBE_01769,FC_GRID_03,10745.1
GRID_CBE_01770,FC_GRID_03,10463.63
GRID_CBE_01771,FC_GRID_03,10272.19
GRID_CBE_01772,FC_GRID_03,10175.86
GRID_CBE_01773,FC_GRID_03,10177.35
GRID_CBE_01774,FC_GRID_03,10276.61
GRID_CBE_01775,FC_GRID_03,10470.86
GRID_CBE_01776,FC_GRID_03,10754.96
GRID_CBE_01777,FC_GRID_03,11122.03
GRID_CBE_01778,FC_GRID_03,11564.16
GRID_CBE_01779,FC_GRID_03,12073.11
GRID_CBE_01780,FC_GRID_03,12640.82
GRID_CBE_01781,FC_GRID_03,13259.74
GRID_CBE_01782,FC_GRID_03,13923.03
GRID_CBE_01783,FC_GRID_03,14624.68
GRID_CBE_01784,FC_GRID_03,15359.41
GRID_CBE_01785,FC_GRID_03,16122.71
GRID_CBE_01786,FC_GRID_03,16910.71
GRID_CBE_01787,FC_GRID_03,17720.11
GRID_CBE_01788,FC_GRID_03,18548.11
GRID_CBE_01789,FC_GRID_03,19392.34
GRID_CBE_01790,FC_GRID_03,20250.76
GRID_CBE_01791,FC_GRID_03,21121.63
GRID_CBE_01792,FC_GRID_03,22003.49
GRID_CBE_01793,FC_GRID_03,22895.06
GRID_CBE_01794,FC_GRID_03,23795.26
GRID_CBE_01795,FC_GRID_01,16327.2
GRID_CBE_01796,FC_GRID_01,15628.44
GRID_CBE_01797,FC_GRID_01,14963.92
GRID_CBE_01798,FC_GRID_01,14338.39
GRID_CBE_01799,FC_GRID_01,13757.19
GRID_CBE_01800,FC_GRID_01,13226.14
GRID_CBE_01801,FC_GRID_01,12751.53
GRID_CBE_01802,FC_GRID_01,12339.86
GRID_CBE_01803,FC_GRID_01,11997.62
GRID_CBE_01804,FC_GRID_01,11730.88
GRID_CBE_01805,FC_GRID_01,11544.88
GRID_CBE_01806,FC_GRID_01,11443.55
GRID_CBE_01807,FC_GRID_01,11429.15
GRID_CBE_01808,FC_GRID_01,11502.01
GRID_CBE_01809,FC_GRID_01,11660.48
GRID_CBE_01810,FC_GRID_01,11901.15
GRID_CBE_01811,FC_GRID_01,12219.17
GRID_CBE_01812,FC_GRID_01,12608.68
GRID_CBE_01813,FC_GRID_01,13063.29
GRID_CBE_01814,FC_GRID_01,13576.45
GRID_CBE_01815,FC_GRID_01,14141.81
GRID_CBE_01816,FC_GRID_01,14753.35
GRID_CBE_01817,FC_GRID_01,15405.59
GRID_CBE_01818,FC_GRID_02,15476.29
GRID_CBE_01819,FC_GRID_02,14811.1
GRID_CBE_01820,FC_GRID_02,14185.25
GRID_CBE_01821,FC_GRID_02,13604.2
GRID_CBE_01822,FC_GRID_02,13073.91
GRID_CBE_01823,FC_GRID_02,12600.79
GRID_CBE_01824,FC_GRID_02,12191.51
GRID_CBE_01825,FC_GRID_02,11852.67
GRID_CBE_01826,FC_GRID_02,11590.45
GRID_CBE_01827,FC_GRID_02,11410.15
GRID_CBE_01828,FC_GRID_02,11315.67
GRID_CBE_01829,FC_GRID_02,11309.16
GRID_CBE_01830,FC_GRID_02,11390.79
GRID_CBE_01831,FC_GRID_02,11558.67
GRID_CBE_01832,FC_GRID_02,11809.14
GRID_CBE_01833,FC_GRID_02,12137.08
GRID_CBE_01834,FC_GRID_02,12536.41
GRID_CBE_01835,FC_GRID_02,13000.55
GRID_CBE_01836,FC_GRID_02,13522.84
GRID_CBE_01837,FC_GRID_02,14096.81
GRID_CBE_01838,FC_GRID_02,14716.42
GRID_CBE_01839,FC_GRID_02,15376.14
GRID_CBE_01840,FC_GRID_03,15315.81
GRID_CBE_01841,FC_GRID_03,14649.37
GRID_CBE_01842,FC_GRID_03,14022.64
GRID_CBE_01843,FC_GRID_03,13441.16
GRID_CBE_01844,FC_GRID_03,12911.04
GRID_CBE_01845,FC_GRID_03,12438.86
GRID_CBE_01846,FC_GRID_03,12031.44
GRID_CBE_01847,FC_GRID_03,11695.55
GRID_CBE_01848,FC_GRID_03,11437.49
GRID_CBE_01849,FC_GRID_03,11262.61
GRID_CBE_01850,FC_GRID_03,11174.82
GRID_CBE_01851,FC_GRID_03,11176.18
GRID_CBE_01852,FC_GRID_03,11266.64
GRID_CBE_01853,FC_GRID_03,11444.1
GRID_CBE_01854,FC_GRID_03,11704.61
GRID_CBE_01855,FC_GRID_03,12042.76
GRID_CBE_01856,FC_GRID_03,12452.24
GRID_CBE_01857,FC_GRID_03,12926.28
GRID_CBE_01858,FC_GRID_03,13458.04
GRID_CBE_01859,FC_GRID_03,14040.98
GRID_CBE_01860,FC_GRID_03,14669.0
GRID_CBE_01861,FC_GRID_03,15336.55
GRID_CBE_01862,FC_GRID_03,16038.7
GRID_CBE_01863,FC_GRID_03,16771.12
GRID_CBE_01864,FC_GRID_03,17529.99
GRID_CBE_01865,FC_GRID_03,18312.04
GRID_CBE_01866,FC_GRID_03,19114.42
GRID_CBE_01867,FC_GRID_03,19934.68
GRID_CBE_01868,FC_GRID_03,20770.69
GRID_CBE_01869,FC_GRID_03,21620.64
GRID_CBE_01870,FC_GRID_03,22482.93
GRID_CBE_01871,FC_GRID_03,23356.21
GRID_CBE_01872,FC_GRID_03,24239.28
GRID_CBE_01873,FC_GRID_01,17041.89
GRID_CBE_01874,FC_GRID_01,16373.66
GRID_CBE_01875,FC_GRID_01,15740.63
GRID_CBE_01876,FC_GRID_01,15147.21
GRID_CBE_01877,FC_GRID_01,14598.24
GRID_CBE_01878,FC_GRID_01,14098.91
GRID_CBE_01879,FC_GRID_01,13654.67
GRID_CBE_01880,FC_GRID_01,13271.05
GRID_CBE_01881,FC_GRID_01,12953.43
GRID_CBE_01882,FC_GRID_01,12706.77
GRID_CBE_01883,FC_GRID_01,12535.25
GRID_CBE_01884,FC_GRID_01,12442.0
GRID_CBE_01885,FC_GRID_01,12428.75
GRID_CBE_01886,FC_GRID_01,12495.78
GRID_CBE_01887,FC_GRID_01,12641.81
GRID_CBE_01888,FC_GRID_01,12864.13
GRID_CBE_01889,FC_GRID_01,13158.9
GRID_CBE_01890,FC_GRID_01,13521.36
GRID_CBE_01891,FC_GRID_01,13946.25
GRID_CBE_01892,FC_GRID_01,14428.05
GRID_CBE_01893,FC_GRID_01,14961.26
GRID_CBE_01894,FC_GRID_01,15540.59
GRID_CBE_01895,FC_GRID_01,16161.08
GRID_CBE_01896,FC_GRID_02,16220.91
GRID_CBE_01897,FC_GRID_02,15587.52
GRID_CBE_01898,FC_GRID_02,14994.12
GRID_CBE_01899,FC_GRID_02,14445.64
GRID_CBE_01900,FC_GRID_02,13947.38
GRID_CBE_01901,FC_GRID_02,13504.9
GRID_CBE_01902,FC_GRID_02,13123.84
GRID_CBE_01903,FC_GRID_02,12809.68
GRID_CBE_01904,FC_GRID_02,12567.45
GRID_CBE_01905,FC_GRID_02,12401.36
GRID_CBE_01906,FC_GRID_02,12314.48
GRID_CBE_01907,FC_GRID_02,12308.51
GRID_CBE_01908,FC_GRID_02,12383.55
GRID_CBE_01909,FC_GRID_02,12538.15
GRID_CBE_01910,FC_GRID_02,12769.42
GRID_CBE_01911,FC_GRID_02,13073.29
GRID_CBE_01912,FC_GRID_02,13444.84
GRID_CBE_01913,FC_GRID_02,13878.64
GRID_CBE_01914,FC_GRID_02,14369.04
GRID_CBE_01915,FC_GRID_02,14910.48
GRID_CBE_01916,FC_GRID_02,15497.58
GRID_CBE_01917,FC_GRID_02,16125.38
GRID_CBE_01918,FC_GRID_03,16059.34
GRID_CBE_01919,FC_GRID_03,15425.07
GRID_CBE_01920,FC_GRID_03,14831.15
GRID_CBE_01921,FC_GRID_03,14282.62
GRID_CBE_01922,FC_GRID_03,13784.9
GRID_CBE_01923,FC_GRID_03,13343.68
GRID_CBE_01924,FC_GRID_03,12964.73
GRID_CBE_01925,FC_GRID_03,12653.63
GRID_CBE_01926,FC_GRID_03,12415.5
GRID_CBE_01927,FC_GRID_03,12254.59
GRID_CBE_01928,FC_GRID_03,12173.96
GRID_CBE_01929,FC_GRID_03,12175.2
GRID_CBE_01930,FC_GRID_03,12258.3
GRID_CBE_01931,FC_GRID_03,12421.6
GRID_CBE_01932,FC_GRID_03,12662.01
GRID_CBE_01933,FC_GRID_03,12975.23
GRID_CBE_01934,FC_GRID_03,13356.16
GRID_CBE_01935,FC_GRID_03,13799.18
GRID_CBE_01936,FC_GRID_03,14298.51
GRID_CBE_01937,FC_GRID_03,14848.49
GRID_CBE_01938,FC_GRID_03,15443.71
GRID_CBE_01939,FC_GRID_03,16079.13
GRID_CBE_01940,FC_GRID_03,16750.18
GRID_CBE_01941,FC_GRID_03,17452.76
GRID_CBE_01942,FC_GRID_03,18183.21
GRID_CBE_01943,FC_GRID_03,18938.31
GRID_CBE_01944,FC_GRID_03,19715.22
GRID_CBE_01945,FC_GRID_03,20511.46
GRID_CBE_01946,FC_GRID_03,21324.88
GRID_CBE_01947,FC_GRID_03,22153.57
GRID_CBE_01948,FC_GRID_03,22995.89
GRID_CBE_01949,FC_GRID_03,23850.39
GRID_CBE_01950,FC_GRID_03,24715.81
GRID_CBE_01951,FC_GRID_01,17784.11
GRID_CBE_01952,FC_GRID_01,17144.83
GRID_CBE_01953,FC_GRID_01,16541.34
GRID_CBE_01954,FC_GRID_01,15977.69
GRID_CBE_01955,FC_GRID_01,15458.24
GRID_CBE_01956,FC_GRID_01,14987.59
GRID_CBE_01957,FC_GRID_01,14570.46
GRID_CBE_01958,FC_GRID_01,14211.58
GRID_CBE_01959,FC_GRID_01,13915.45
GRID_CBE_01960,FC_GRID_01,13686.14
GRID_CBE_01961,FC_GRID_01,13527.05
GRID_CBE_01962,FC_GRID_01,13440.67
GRID_CBE_01963,FC_GRID_01,13428.42
GRID_CBE_01964,FC_GRID_01,13490.48
GRID_CBE_01965,FC_GRID_01,13625.85
GRID_CBE_01966,FC_GRID_01,13832.37
GRID_CBE_01967,FC_GRID_01,14106.91
GRID_CBE_01968,FC_GRID_01,14445.61
GRID_CBE_01969,FC_GRID_01,14844.07
GRID_CBE_01970,FC_GRID_01,15297.61
GRID_CBE_01971,FC_GRID_01,15801.51
GRID_CBE_01972,FC_GRID_01,16351.1
GRID_CBE_01973,FC_GRID_01,16941.93
GRID_CBE_01974,FC_GRID_02,16991.77
GRID_CBE_01975,FC_GRID_02,16388.2
GRID_CBE_01976,FC_GRID_02,15824.85
GRID_CBE_01977,FC_GRID_02,15306.17
GRID_CBE_01978,FC_GRID_02,14836.83
GRID_CBE_01979,FC_GRID_02,14421.67
GRID_CBE_01980,FC_GRID_02,14065.47
GRID_CBE_01981,FC_GRID_02,13772.81
GRID_CBE_01982,FC_GRID_02,13547.81
GRID_CBE_01983,FC_GRID_02,13393.88
GRID_CBE_01984,FC_GRID_02,13313.48
GRID_CBE_01985,FC_GRID_02,13307.95
GRID_CBE_01986,FC_GRID_02,13377.39
GRID_CBE_01987,FC_GRID_02,13520.63
GRID_CBE_01988,FC_GRID_02,13735.36
GRID_CBE_01989,FC_GRID_02,14018.31
GRID_CBE_01990,FC_GRID_02,14365.44
GRID_CBE_01991,FC_GRID_02,14772.23
GRID_CBE_01992,FC_GRID_02,15233.9
GRID_CBE_01993,FC_GRID_02,15745.62
GRID_CBE_01994,FC_GRID_02,16302.68
GRID_CBE_01995,FC_GRID_02,16900.6
GRID_CBE_01996,FC_GRID_03,16829.47
GRID_CBE_01997,FC_GRID_03,16225.33
GRID_CBE_01998,FC_GRID_03,15661.79
GRID_CBE_01999,FC_GRID_03,15143.38
GRID_CBE_02000,FC_GRID_03,14674.88
GRID_CBE_02001,FC_GRID_03,14261.22
GRID_CBE_02002,FC_GRID_03,13907.29
GRID_CBE_02003,FC_GRID_03,13617.75
GRID_CBE_02004,FC_GRID_03,13396.77
GRID_CBE_02005,FC_GRID_03,13247.78
GRID_CBE_02006,FC_GRID_03,13173.23
GRID_CBE_02007,FC_GRID_03,13174.38
GRID_CBE_02008,FC_GRID_03,13251.21
GRID_CBE_02009,FC_GRID_03,13402.41
GRID_CBE_02010,FC_GRID_03,13625.53
GRID_CBE_02011,FC_GRID_03,13917.09
GRID_CBE_02012,FC_GRID_03,14272.9
GRID_CBE_02013,FC_GRID_03,14688.29
GRID_CBE_02014,FC_GRID_03,15158.37
GRID_CBE_02015,FC_GRID_03,15678.21
GRID_CBE_02016,FC_GRID_03,16243.05
GRID_CBE_02017,FC_GRID_03,16848.35
GRID_CBE_02018,FC_GRID_03,17489.92
GRID_CBE_02019,FC_GRID_03,18163.91
GRID_CBE_02020,FC_GRID_03,18866.84
GRID_CBE_02021,FC_GRID_03,19595.61
GRID_CBE_02022,FC_GRID_03,20347.44
GRID_CBE_02023,FC_GRID_03,21119.86
GRID_CBE_02024,FC_GRID_03,21910.7
GRID_CBE_02025,FC_GRID_03,22718.04
GRID_CBE_02026,FC_GRID_03,23540.17
GRID_CBE_02027,FC_GRID_03,24375.6
GRID_CBE_02028,FC_GRID_03,25223.01
GRID_CBE_02029,FC_GRID_01,18550.55
GRID_CBE_02030,FC_GRID_01,17938.61
GRID_CBE_02031,FC_GRID_01,17362.73
GRID_CBE_02032,FC_GRID_01,16826.61
GRID_CBE_02033,FC_GRID_01,16334.18
GRID_CBE_02034,FC_GRID_01,15889.5
GRID_CBE_02035,FC_GRID_01,15496.67
GRID_CBE_02036,FC_GRID_01,15159.73
GRID_CBE_02037,FC_GRID_01,14882.48
GRID_CBE_02038,FC_GRID_01,14668.29
GRID_CBE_02039,FC_GRID_01,14519.97
GRID_CBE_02040,FC_GRID_01,14439.54
GRID_CBE_02041,FC_GRID_01,14428.13
GRID_CBE_02042,FC_GRID_01,14485.91
GRID_CBE_02043,FC_GRID_01,14612.06
GRID_CBE_02044,FC_GRID_01,14804.82
GRID_CBE_02045,FC_GRID_01,15061.66
GRID_CBE_02046,FC_GRID_01,15379.34
GRID_CBE_02047,FC_GRID_01,15754.2
GRID_CBE_02048,FC_GRID_01,16182.26
GRID_CBE_02049,FC_GRID_01,16659.42
GRID_CBE_02050,FC_GRID_01,17181.58
GRID_CBE_02051,FC_GRID_01,17744.79
GRID_CBE_02052,FC_GRID_02,17785.46
GRID_CBE_02053,FC_GRID_02,17209.74
GRID_CBE_02054,FC_GRID_02,16674.18
GRID_CBE_02055,FC_GRID_02,16182.74
GRID_CBE_02056,FC_GRID_02,15739.56
GRID_CBE_02057,FC_GRID_02,15348.83
GRID_CBE_02058,FC_GRID_02,15014.65
GRID_CBE_02059,FC_GRID_02,14740.84
GRID_CBE_02060,FC_GRID_02,14530.84
GRID_CBE_02061,FC_GRID_02,14387.43
GRID_CBE_02062,FC_GRID_02,14312.62
GRID_CBE_02063,FC_GRID_02,14307.48
GRID_CBE_02064,FC_GRID_02,14372.08
GRID_CBE_02065,FC_GRID_02,14505.5
GRID_CBE_02066,FC_GRID_02,14705.86
GRID_CBE_02067,FC_GRID_02,14970.48
GRID_CBE_02068,FC_GRID_02,15296.02
GRID_CBE_02069,FC_GRID_02,15678.68
GRID_CBE_02070,FC_GRID_02,16114.4
GRID_CBE_02071,FC_GRID_02,16599.0
GRID_CBE_02072,FC_GRID_02,17128.33
GRID_CBE_02073,FC_GRID_02,17698.37
GRID_CBE_02074,FC_GRID_03,17622.7
GRID_CBE_02075,FC_GRID_03,17046.7
GRID_CBE_02076,FC_GRID_03,16511.22
GRID_CBE_02077,FC_GRID_03,16020.32
GRID_CBE_02078,FC_GRID_03,15578.22
GRID_CBE_02079,FC_GRID_03,15189.18
GRID_CBE_02080,FC_GRID_03,14857.37
GRID_CBE_02081,FC_GRID_03,14586.69
GRID_CBE_02082,FC_GRID_03,14380.61
GRID_CBE_02083,FC_GRID_03,14241.92
GRID_CBE_02084,FC_GRID_03,14172.6
GRID_CBE_02085,FC_GRID_03,14173.66
GRID_CBE_02086,FC_GRID_03,14245.11
GRID_CBE_02087,FC_GRID_03,14385.87
GRID_CBE_02088,FC_GRID_03,14593.96
GRID_CBE_02089,FC_GRID_03,14866.54
GRID_CBE_02090,FC_GRID_03,15200.14
GRID_CBE_02091,FC_GRID_03,15590.84
GRID_CBE_02092,FC_GRID_03,16034.49
GRID_CBE_02093,FC_GRID_03,16526.8
GRID_CBE_02094,FC_GRID_03,17063.57
GRID_CBE_02095,FC_GRID_03,17640.74
GRID_CBE_02096,FC_GRID_03,18254.47
GRID_CBE_02097,FC_GRID_03,18901.22
GRID_CBE_02098,FC_GRID_03,19577.7
GRID_CBE_02099,FC_GRID_03,20280.94
GRID_CBE_02100,FC_GRID_03,21008.26
GRID_CBE_02101,FC_GRID_03,21757.23
GRID_CBE_02102,FC_GRID_03,22525.71
GRID_CBE_02103,FC_GRID_03,23311.75
GRID_CBE_02104,FC_GRID_03,24113.65
GRID_CBE_02105,FC_GRID_03,24929.87
GRID_CBE_02106,FC_GRID_03,25759.05
GRID_CBE_02107,FC_GRID_01,19338.34
GRID_CBE_02108,FC_GRID_01,18752.12
GRID_CBE_02109,FC_GRID_01,18202.0
GRID_CBE_02110,FC_GRID_01,17691.34
GRID_CBE_02111,FC_GRID_01,17223.65
GRID_CBE_02112,FC_GRID_01,16802.52
GRID_CBE_02113,FC_GRID_01,16431.54
GRID_CBE_02114,FC_GRID_01,16114.16
GRID_CBE_02115,FC_GRID_01,15853.6
GRID_CBE_02116,FC_GRID_01,15652.71
GRID_CBE_02117,FC_GRID_01,15513.8
GRID_CBE_02118,FC_GRID_01,15438.54
GRID_CBE_02119,FC_GRID_01,15427.87
GRID_CBE_02120,FC_GRID_01,15481.92
GRID_CBE_02121,FC_GRID_01,15600.02
GRID_CBE_02122,FC_GRID_01,15780.73
GRID_CBE_02123,FC_GRID_01,16021.92
GRID_CBE_02124,FC_GRID_01,16320.93
GRID_CBE_02125,FC_GRID_01,16674.63
GRID_CBE_02126,FC_GRID_01,17079.64
GRID_CBE_02127,FC_GRID_01,17532.39
GRID_CBE_02128,FC_GRID_01,18029.29
GRID_CBE_02129,FC_GRID_01,18566.8
GRID_CBE_02130,FC_GRID_02,18599.05
GRID_CBE_02131,FC_GRID_02,18049.31
GRID_CBE_02132,FC_GRID_02,17539.39
GRID_CBE_02133,FC_GRID_02,17072.88
GRID_CBE_02134,FC_GRID_02,16653.41
GRID_CBE_02135,FC_GRID_02,16284.62
GRID_CBE_02136,FC_GRID_02,15970.03
GRID_CBE_02137,FC_GRID_02,15712.88
GRID_CBE_02138,FC_GRID_02,15516.04
GRID_CBE_02139,FC_GRID_02,15381.82
GRID_CBE_02140,FC_GRID_02,15311.87
GRID_CBE_02141,FC_GRID_02,15307.06
GRID_CBE_02142,FC_GRID_02,15367.46
GRID_CBE_02143,FC_GRID_02,15492.32
GRID_CBE_02144,FC_GRID_02,15680.07
GRID_CBE_02145,FC_GRID_02,15928.51
GRID_CBE_02146,FC_GRID_02,16234.85
GRID_CBE_02147,FC_GRID_02,16595.88
GRID_CBE_02148,FC_GRID_02,17008.12
GRID_CBE_02149,FC_GRID_02,17467.94
GRID_CBE_02150,FC_GRID_02,17971.7
GRID_CBE_02151,FC_GRID_02,18515.8
GRID_CBE_02152,FC_GRID_03,18436.06
GRID_CBE_02153,FC_GRID_03,17886.27
GRID_CBE_02154,FC_GRID_03,17376.68
GRID_CBE_02155,FC_GRID_03,16910.92
GRID_CBE_02156,FC_GRID_03,16492.71
GRID_CBE_02157,FC_GRID_03,16125.75
GRID_CBE_02158,FC_GRID_03,15813.6
GRID_CBE_02159,FC_GRID_03,15559.57
GRID_CBE_02160,FC_GRID_03,15366.54
GRID_CBE_02161,FC_GRID_03,15236.82
GRID_CBE_02162,FC_GRID_03,15172.05
GRID_CBE_02163,FC_GRID_03,15173.05
GRID_CBE_02164,FC_GRID_03,15239.8
GRID_CBE_02165,FC_GRID_03,15371.46
GRID_CBE_02166,FC_GRID_03,15566.38
GRID_CBE_02167,FC_GRID_03,15822.21
GRID_CBE_02168,FC_GRID_03,16136.07
GRID_CBE_02169,FC_GRID_03,16504.64
GRID_CBE_02170,FC_GRID_03,16924.34
GRID_CBE_02171,FC_GRID_03,17391.48
GRID_CBE_02172,FC_GRID_03,17902.34
GRID_CBE_02173,FC_GRID_03,18453.3
GRID_CBE_02174,FC_GRID_03,19040.86
GRID_CBE_02175,FC_GRID_03,19661.76
GRID_CBE_02176,FC_GRID_03,20312.93
GRID_CBE_02177,FC_GRID_03,20991.55
GRID_CBE_02178,FC_GRID_03,21695.06
GRID_CBE_02179,FC_GRID_03,22421.1
GRID_CBE_02180,FC_GRID_03,23167.57
GRID_CBE_02181,FC_GRID_03,23932.54
GRID_CBE_02182,FC_GRID_03,24714.3
GRID_CBE_02183,FC_GRID_03,25511.31
GRID_CBE_02184,FC_GRID_03,26322.18
GRID_CBE_02185,FC_GRID_01,20144.97
GRID_CBE_02186,FC_GRID_01,19582.91
GRID_CBE_02187,FC_GRID_01,19056.79
GRID_CBE_02188,FC_GRID_01,18569.65
GRID_CBE_02189,FC_GRID_01,18124.64
GRID_CBE_02190,FC_GRID_01,17724.93
GRID_CBE_02191,FC_GRID_01,17373.65
GRID_CBE_02192,FC_GRID_01,17073.8
GRID_CBE_02193,FC_GRID_01,16828.11
GRID_CBE_02194,FC_GRID_01,16638.98
GRID_CBE_02195,FC_GRID_01,16508.38
GRID_CBE_02196,FC_GRID_01,16437.67
GRID_CBE_02197,FC_GRID_01,16427.65
GRID_CBE_02198,FC_GRID_01,16478.42
GRID_CBE_02199,FC_GRID_01,16589.43
GRID_CBE_02200,FC_GRID_01,16759.47
GRID_CBE_02201,FC_GRID_01,16986.77
GRID_CBE_02202,FC_GRID_01,17269.08
GRID_CBE_02203,FC_GRID_01,17603.74
GRID_CBE_02204,FC_GRID_01,17987.84
GRID_CBE_02205,FC_GRID_01,18418.28
GRID_CBE_02206,FC_GRID_01,18891.9
GRID_CBE_02207,FC_GRID_01,19405.52
GRID_CBE_02208,FC_GRID_02,19430.05
GRID_CBE_02209,FC_GRID_02,18904.49
GRID_CBE_02210,FC_GRID_02,18418.27
GRID_CBE_02211,FC_GRID_02,17974.58
GRID_CBE_02212,FC_GRID_02,17576.64
GRID_CBE_02213,FC_GRID_02,17227.63
GRID_CBE_02214,FC_GRID_02,16930.57
GRID_CBE_02215,FC_GRID_02,16688.23
GRID_CBE_02216,FC_GRID_02,16503.02
GRID_CBE_02217,FC_GRID_02,16376.89
GRID_CBE_02218,FC_GRID_02,16311.21
GRID_CBE_02219,FC_GRID_02,16306.7
GRID_CBE_02220,FC_GRID_02,16363.41
GRID_CBE_02221,FC_GRID_02,16480.72
GRID_CBE_02222,FC_GRID_02,16657.34
GRID_CBE_02223,FC_GRID_02,16891.41
GRID_CBE_02224,FC_GRID_02,17180.59
GRID_CBE_02225,FC_GRID_02,17522.14
GRID_CBE_02226,FC_GRID_02,17913.08
GRID_CBE_02227,FC_GRID_02,18350.24
GRID_CBE_02228,FC_GRID_02,18830.4
GRID_CBE_02229,FC_GRID_02,19350.37
GRID_CBE_02230,FC_GRID_03,19266.99
GRID_CBE_02231,FC_GRID_03,18741.59
GRID_CBE_02232,FC_GRID_03,18255.89
GRID_CBE_02233,FC_GRID_03,17813.13
GRID_CBE_02234,FC_GRID_03,17416.6
GRID_CBE_02235,FC_GRID_03,17069.51
GRID_CBE_02236,FC_GRID_03,16774.94
GRID_CBE_02237,FC_GRID_03,16535.68
GRID_CBE_02238,FC_GRID_03,16354.18
GRID_CBE_02239,FC_GRID_03,16232.36
GRID_CBE_02240,FC_GRID_03,16171.57
GRID_CBE_02241,FC_GRID_03,16172.51
GRID_CBE_02242,FC_GRID_03,16235.15
GRID_CBE_02243,FC_GRID_03,16358.81
GRID_CBE_02244,FC_GRID_03,16542.09
GRID_CBE_02245,FC_GRID_03,16783.06
GRID_CBE_02246,FC_GRID_03,17079.27
GRID_CBE_02247,FC_GRID_03,17427.9
GRID_CBE_02248,FC_GRID_03,17825.88
GRID_CBE_02249,FC_GRID_03,18269.98
GRID_CBE_02250,FC_GRID_03,18756.93
GRID_CBE_02251,FC_GRID_03,19283.48
GRID_CBE_02252,FC_GRID_03,19846.49
GRID_CBE_02253,FC_GRID_03,20442.93
GRID_CBE_02254,FC_GRID_03,21069.97
GRID_CBE_02255,FC_GRID_03,21724.96
GRID_CBE_02256,FC_GRID_03,22405.45
GRID_CBE_02257,FC_GRID_03,23109.19
GRID_CBE_02258,FC_GRID_03,23834.11
GRID_CBE_02259,FC_GRID_03,24578.34
GRID_CBE_02260,FC_GRID_03,25340.19
GRID_CBE_02261,FC_GRID_03,26118.11
GRID_CBE_02262,FC_GRID_03,26910.7
GRID_CBE_02263,FC_GRID_04,19501.03
GRID_CBE_02264,FC_GRID_04,18929.3
GRID_CBE_02265,FC_GRID_04,18394.19
GRID_CBE_02266,FC_GRID_04,17899.0
GRID_CBE_02267,FC_GRID_04,17447.12
GRID_CBE_02268,FC_GRID_04,17042.0
GRID_CBE_02269,FC_GRID_04,16687.06
GRID_CBE_02270,FC_GRID_04,16385.54
GRID_CBE_02271,FC_GRID_04,16140.44
GRID_CBE_02272,FC_GRID_04,15954.36
GRID_CBE_02273,FC_GRID_04,15829.39
GRID_CBE_02274,FC_GRID_04,15766.97
GRID_CBE_02275,FC_GRID_04,15767.86
GRID_CBE_02276,FC_GRID_04,15832.03
GRID_CBE_02277,FC_GRID_04,15958.73
GRID_CBE_02278,FC_GRID_04,16146.49
GRID_CBE_02279,FC_GRID_04,16393.2
GRID_CBE_02280,FC_GRID_04,16696.26
GRID_CBE_02281,FC_GRID_04,17052.65
GRID_CBE_02282,FC_GRID_04,17459.12
GRID_CBE_02283,FC_GRID_04,17912.25
GRID_CBE_02284,FC_GRID_04,18408.6
GRID_CBE_02285,FC_GRID_04,18944.78
GRID_CBE_02286,FC_GRID_05,18973.21
GRID_CBE_02287,FC_GRID_05,18445.46
GRID_CBE_02288,FC_GRID_05,17957.93
GRID_CBE_02289,FC_GRID_05,17513.98
GRID_CBE_02290,FC_GRID_05,17117.0
GRID_CBE_02291,FC_GRID_05,16770.33
GRID_CBE_02292,FC_GRID_05,16477.14
GRID_CBE_02293,FC_GRID_05,16240.33
GRID_CBE_02294,FC_GRID_05,16062.4
GRID_CBE_02295,FC_GRID_05,15945.31
GRID_CBE_02296,FC_GRID_05,15890.41
GRID_CBE_02297,FC_GRID_05,15898.34
GRID_CBE_02298,FC_GRID_05,15969.02
GRID_CBE_02299,FC_GRID_05,16101.61
GRID_CBE_02300,FC_GRID_05,16294.6
GRID_CBE_02301,FC_GRID_05,16545.88
GRID_CBE_02302,FC_GRID_05,16852.85
GRID_CBE_02303,FC_GRID_05,17212.52
GRID_CBE_02304,FC_GRID_05,17621.66
GRID_CBE_02305,FC_GRID_05,18076.93
GRID_CBE_02306,FC_GRID_05,18574.92
GRID_CBE_02307,FC_GRID_05,19112.29
GRID_CBE_02308,FC_GRID_06,19031.68
GRID_CBE_02309,FC_GRID_06,18511.53
GRID_CBE_02310,FC_GRID_06,18031.87
GRID_CBE_02311,FC_GRID_06,17596.03
GRID_CBE_02312,FC_GRID_06,17207.32
GRID_CBE_02313,FC_GRID_06,16869.02
GRID_CBE_02314,FC_GRID_06,16584.19
GRID_CBE_02315,FC_GRID_06,16355.65
GRID_CBE_02316,FC_GRID_06,16185.77
GRID_CBE_02317,FC_GRID_06,16076.41
GRID_CBE_02318,FC_GRID_06,16028.81
GRID_CBE_02319,FC_GRID_06,16043.52
GRID_CBE_02320,FC_GRID_06,16120.37
GRID_CBE_02321,FC_GRID_06,16258.47
GRID_CBE_02322,FC_GRID_06,16456.3
GRID_CBE_02323,FC_GRID_06,16711.72
GRID_CBE_02324,FC_GRID_06,17022.14
GRID_CBE_02325,FC_GRID_06,17384.62
GRID_CBE_02326,FC_GRID_06,17795.98
GRID_CBE_02327,FC_GRID_06,18252.91
GRID_CBE_02328,FC_GRID_06,18752.08
GRID_CBE_02329,FC_GRID_06,19290.21
GRID_CBE_02330,FC_GRID_06,19864.14
GRID_CBE_02331,FC_GRID_06,20470.85
GRID_CBE_02332,FC_GRID_06,21107.52
GRID_CBE_02333,FC_GRID_06,21771.53
GRID_CBE_02334,FC_GRID_06,22460.43
GRID_CBE_02335,FC_GRID_06,23172.03
GRID_CBE_02336,FC_GRID_06,23904.28
GRID_CBE_02337,FC_GRID_06,24655.35
GRID_CBE_02338,FC_GRID_06,25423.58
GRID_CBE_02339,FC_GRID_06,26207.44
GRID_CBE_02340,FC_GRID_06,27005.59
GRID_CBE_02341,FC_GRID_04,18702.18
GRID_CBE_02342,FC_GRID_04,18105.23
GRID_CBE_02343,FC_GRID_04,17545.01
GRID_CBE_02344,FC_GRID_04,17025.13
GRID_CBE_02345,FC_GRID_04,16549.41
GRID_CBE_02346,FC_GRID_04,16121.75
GRID_CBE_02347,FC_GRID_04,15746.08
GRID_CBE_02348,FC_GRID_04,15426.17
GRID_CBE_02349,FC_GRID_04,15165.58
GRID_CBE_02350,FC_GRID_04,14967.39
GRID_CBE_02351,FC_GRID_04,14834.1
GRID_CBE_02352,FC_GRID_04,14767.48
GRID_CBE_02353,FC_GRID_04,14768.43
GRID_CBE_02354,FC_GRID_04,14836.92
GRID_CBE_02355,FC_GRID_04,14972.05
GRID_CBE_02356,FC_GRID_04,15172.02
GRID_CBE_02357,FC_GRID_04,15434.32
GRID_CBE_02358,FC_GRID_04,15755.82
GRID_CBE_02359,FC_GRID_04,16133.01
GRID_CBE_02360,FC_GRID_04,16562.06
GRID_CBE_02361,FC_GRID_04,17039.07
GRID_CBE_02362,FC_GRID_04,17560.12
GRID_CBE_02363,FC_GRID_04,18121.41
GRID_CBE_02364,FC_GRID_05,18144.16
GRID_CBE_02365,FC_GRID_05,17591.56
GRID_CBE_02366,FC_GRID_05,17079.67
GRID_CBE_02367,FC_GRID_05,16612.27
GRID_CBE_02368,FC_GRID_05,16193.2
GRID_CBE_02369,FC_GRID_05,15826.3
GRID_CBE_02370,FC_GRID_05,15515.29
GRID_CBE_02371,FC_GRID_05,15263.56
GRID_CBE_02372,FC_GRID_05,15074.1
GRID_CBE_02373,FC_GRID_05,14949.28
GRID_CBE_02374,FC_GRID_05,14890.7
GRID_CBE_02375,FC_GRID_05,14899.17
GRID_CBE_02376,FC_GRID_05,14974.56
GRID_CBE_02377,FC_GRID_05,15115.88
GRID_CBE_02378,FC_GRID_05,15321.29
GRID_CBE_02379,FC_GRID_05,15588.27
GRID_CBE_02380,FC_GRID_05,15913.72
GRID_CBE_02381,FC_GRID_05,16294.13
GRID_CBE_02382,FC_GRID_05,16725.76
GRID_CBE_02383,FC_GRID_05,17204.74
GRID_CBE_02384,FC_GRID_05,17727.25
GRID_CBE_02385,FC_GRID_05,18289.55
GRID_CBE_02386,FC_GRID_06,18197.57
GRID_CBE_02387,FC_GRID_06,17652.86
GRID_CBE_02388,FC_GRID_06,17149.2
GRID_CBE_02389,FC_GRID_06,16690.32
GRID_CBE_02390,FC_GRID_06,16280.01
GRID_CBE_02391,FC_GRID_06,15922.01
GRID_CBE_02392,FC_GRID_06,15619.93
GRID_CBE_02393,FC_GRID_06,15377.06
GRID_CBE_02394,FC_GRID_06,15196.24
GRID_CBE_02395,FC_GRID_06,15079.71
GRID_CBE_02396,FC_GRID_06,15028.95
GRID_CBE_02397,FC_GRID_06,15044.64
GRID_CBE_02398,FC_GRID_06,15126.56
GRID_CBE_02399,FC_GRID_06,15273.66
GRID_CBE_02400,FC_GRID_06,15484.07
GRID_CBE_02401,FC_GRID_06,15755.26
GRID_CBE_02402,FC_GRID_06,16084.16
GRID_CBE_02403,FC_GRID_06,16467.3
GRID_CBE_02404,FC_GRID_06,16900.99
GRID_CBE_02405,FC_GRID_06,17381.47
GRID_CBE_02406,FC_GRID_06,17904.95
GRID_CBE_02407,FC_GRID_06,18467.78
GRID_CBE_02408,FC_GRID_06,19066.48
GRID_CBE_02409,FC_GRID_06,19697.78
GRID_CBE_02410,FC_GRID_06,20358.64
GRID_CBE_02411,FC_GRID_06,21046.28
GRID_CBE_02412,FC_GRID_06,21758.17
GRID_CBE_02413,FC_GRID_06,22491.99
GRID_CBE_02414,FC_GRID_06,23245.67
GRID_CBE_02415,FC_GRID_06,24017.35
GRID_CBE_02416,FC_GRID_06,24805.34
GRID_CBE_02417,FC_GRID_06,25608.14
GRID_CBE_02418,FC_GRID_06,26424.39
GRID_CBE_02419,FC_GRID_04,17923.52
GRID_CBE_02420,FC_GRID_04,17299.72
GRID_CBE_02421,FC_GRID_04,16712.52
GRID_CBE_02422,FC_GRID_04,16165.9
GRID_CBE_02423,FC_GRID_04,15664.1
GRID_CBE_02424,FC_GRID_04,15211.57
GRID_CBE_02425,FC_GRID_04,14812.83
GRID_CBE_02426,FC_GRID_04,14472.31
GRID_CBE_02427,FC_GRID_04,14194.22
GRID_CBE_02428,FC_GRID_04,13982.26
GRID_CBE_02429,FC_GRID_04,13839.49
GRID_CBE_02430,FC_GRID_04,13768.06
GRID_CBE_02431,FC_GRID_04,13769.08
GRID_CBE_02432,FC_GRID_04,13842.52
GRID_CBE_02433,FC_GRID_04,13987.25
GRID_CBE_02434,FC_GRID_04,14201.1
GRID_CBE_02435,FC_GRID_04,14480.99
GRID_CBE_02436,FC_GRID_04,14823.19
GRID_CBE_02437,FC_GRID_04,15223.5
GRID_CBE_02438,FC_GRID_04,15677.46
GRID_CBE_02439,FC_GRID_04,16180.57
GRID_CBE_02440,FC_GRID_04,16728.38
GRID_CBE_02441,FC_GRID_04,17316.66
GRID_CBE_02442,FC_GRID_05,17333.17
GRID_CBE_02443,FC_GRID_05,16753.83
GRID_CBE_02444,FC_GRID_05,16215.52
GRID_CBE_02445,FC_GRID_05,15722.45
GRID_CBE_02446,FC_GRID_05,15278.99
GRID_CBE_02447,FC_GRID_05,14889.59
GRID_CBE_02448,FC_GRID_05,14558.57
GRID_CBE_02449,FC_GRID_05,14290.01
GRID_CBE_02450,FC_GRID_05,14087.46
GRID_CBE_02451,FC_GRID_05,13953.81
GRID_CBE_02452,FC_GRID_05,13891.04
GRID_CBE_02453,FC_GRID_05,13900.12
GRID_CBE_02454,FC_GRID_05,13980.9
GRID_CBE_02455,FC_GRID_05,14132.15
GRID_CBE_02456,FC_GRID_05,14351.66
GRID_CBE_02457,FC_GRID_05,14636.33
GRID_CBE_02458,FC_GRID_05,14982.47
GRID_CBE_02459,FC_GRID_05,15385.93
GRID_CBE_02460,FC_GRID_05,15842.32
GRID_CBE_02461,FC_GRID_05,16347.21
GRID_CBE_02462,FC_GRID_05,16896.26
GRID_CBE_02463,FC_GRID_05,17485.3
GRID_CBE_02464,FC_GRID_06,17380.98
GRID_CBE_02465,FC_GRID_06,16809.82
GRID_CBE_02466,FC_GRID_06,16280.11
GRID_CBE_02467,FC_GRID_06,15796.0
GRID_CBE_02468,FC_GRID_06,15361.82
GRID_CBE_02469,FC_GRID_06,14981.9
GRID_CBE_02470,FC_GRID_06,14660.46
GRID_CBE_02471,FC_GRID_06,14401.42
GRID_CBE_02472,FC_GRID_06,14208.19
GRID_CBE_02473,FC_GRID_06,14083.48
GRID_CBE_02474,FC_GRID_06,14029.12
GRID_CBE_02475,FC_GRID_06,14045.92
GRID_CBE_02476,FC_GRID_06,14133.64
GRID_CBE_02477,FC_GRID_06,14290.96
GRID_CBE_02478,FC_GRID_06,14515.62
GRID_CBE_02479,FC_GRID_06,14804.56
GRID_CBE_02480,FC_GRID_06,15154.1
GRID_CBE_02481,FC_GRID_06,15560.16
GRID_CBE_02482,FC_GRID_06,16018.44
GRID_CBE_02483,FC_GRID_06,16524.59
GRID_CBE_02484,FC_GRID_06,17074.36
GRID_CBE_02485,FC_GRID_06,17663.68
GRID_CBE_02486,FC_GRID_06,18288.73
GRID_CBE_02487,FC_GRID_06,18945.96
GRID_CBE_02488,FC_GRID_06,19632.14
GRID_CBE_02489,FC_GRID_06,20344.36
GRID_CBE_02490,FC_GRID_06,21079.96
GRID_CBE_02491,FC_GRID_06,21836.58
GRID_CBE_02492,FC_GRID_06,22612.12
GRID_CBE_02493,FC_GRID_06,23404.7
GRID_CBE_02494,FC_GRID_06,24212.64
GRID_CBE_02495,FC_GRID_06,25034.45
GRID_CBE_02496,FC_GRID_06,25868.81
GRID_CBE_02497,FC_GRID_04,17167.8
GRID_CBE_02498,FC_GRID_04,16515.49
GRID_CBE_02499,FC_GRID_04,15899.35
GRID_CBE_02500,FC_GRID_04,15323.75
GRID_CBE_02501,FC_GRID_04,14793.41
GRID_CBE_02502,FC_GRID_04,14313.39
GRID_CBE_02503,FC_GRID_04,13888.88
GRID_CBE_02504,FC_GRID_04,13525.12
GRID_CBE_02505,FC_GRID_04,13227.12
GRID_CBE_02506,FC_GRID_04,12999.41
GRID_CBE_02507,FC_GRID_04,12845.72
GRID_CBE_02508,FC_GRID_04,12768.73
GRID_CBE_02509,FC_GRID_04,12769.83
GRID_CBE_02510,FC_GRID_04,12848.98
GRID_CBE_02511,FC_GRID_04,13004.78
GRID_CBE_02512,FC_GRID_04,13234.51
GRID_CBE_02513,FC_GRID_04,13534.41
GRID_CBE_02514,FC_GRID_04,13899.93
GRID_CBE_02515,FC_GRID_04,14326.06
GRID_CBE_02516,FC_GRID_04,14807.56
GRID_CBE_02517,FC_GRID_04,15339.23
GRID_CBE_02518,FC_GRID_04,15916.02
GRID_CBE_02519,FC_GRID_04,16533.23
GRID_CBE_02520,FC_GRID_05,16542.87
GRID_CBE_02521,FC_GRID_05,15934.83
GRID_CBE_02522,FC_GRID_05,15367.86
GRID_CBE_02523,FC_GRID_05,14846.66
GRID_CBE_02524,FC_GRID_05,14376.22
GRID_CBE_02525,FC_GRID_05,13961.66
GRID_CBE_02526,FC_GRID_05,13608.09
GRID_CBE_02527,FC_GRID_05,13320.37
GRID_CBE_02528,FC_GRID_05,13102.85
GRID_CBE_02529,FC_GRID_05,12959.04
GRID_CBE_02530,FC_GRID_05,12891.43
GRID_CBE_02531,FC_GRID_05,12901.21
GRID_CBE_02532,FC_GRID_05,12988.21
GRID_CBE_02533,FC_GRID_05,13150.88
GRID_CBE_02534,FC_GRID_05,13386.49
GRID_CBE_02535,FC_GRID_05,13691.25
GRID_CBE_02536,FC_GRID_05,14060.67
GRID_CBE_02537,FC_GRID_05,14489.81
GRID_CBE_02538,FC_GRID_05,14973.54
GRID_CBE_02539,FC_GRID_05,15506.75
GRID_CBE_02540,FC_GRID_05,16084.51
GRID_CBE_02541,FC_GRID_05,16702.21
GRID_CBE_02542,FC_GRID_06,16584.48
GRID_CBE_02543,FC_GRID_06,15984.89
GRID_CBE_02544,FC_GRID_06,15426.88
GRID_CBE_02545,FC_GRID_06,14915.11
GRID_CBE_02546,FC_GRID_06,14454.49
GRID_CBE_02547,FC_GRID_06,14050.05
GRID_CBE_02548,FC_GRID_06,13706.78
GRID_CBE_02549,FC_GRID_06,13429.35
GRID_CBE_02550,FC_GRID_06,13221.92
GRID_CBE_02551,FC_GRID_06,13087.82
GRID_CBE_02552,FC_GRID_06,13029.31
GRID_CBE_02553,FC_GRID_06,13047.4
GRID_CBE_02554,FC_GRID_06,13141.78
GRID_CBE_02555,FC_GRID_06,13310.83
GRID_CBE_02556,FC_GRID_06,13551.75
GRID_CBE_02557,FC_GRID_06,13860.8
GRID_CBE_02558,FC_GRID_06,14233.54
GRID_CBE_02559,FC_GRID_06,14665.1
GRID_CBE_02560,FC_GRID_06,15150.48
GRID_CBE_02561,FC_GRID_06,15684.67
GRID_CBE_02562,FC_GRID_06,16262.86
GRID_CBE_02563,FC_GRID_06,16880.53
GRID_CBE_02564,FC_GRID_06,17533.52
GRID_CBE_02565,FC_GRID_06,18218.01
GRID_CBE_02566,FC_GRID_06,18930.6
GRID_CBE_02567,FC_GRID_06,19668.24
GRID_CBE_02568,FC_GRID_06,20428.2
GRID_CBE_02569,FC_GRID_06,21208.09
GRID_CBE_02570,FC_GRID_06,22005.79
GRID_CBE_02571,FC_GRID_06,22819.44
GRID_CBE_02572,FC_GRID_06,23647.38
GRID_CBE_02573,FC_GRID_06,24488.16
GRID_CBE_02574,FC_GRID_06,25340.52
GRID_CBE_02575,FC_GRID_04,16438.2
GRID_CBE_02576,FC_GRID_04,15755.71
GRID_CBE_02577,FC_GRID_04,15108.62
GRID_CBE_02578,FC_GRID_04,14501.66
GRID_CBE_02579,FC_GRID_04,13940.09
GRID_CBE_02580,FC_GRID_04,13429.6
GRID_CBE_02581,FC_GRID_04,12976.21
GRID_CBE_02582,FC_GRID_04,12586.1
GRID_CBE_02583,FC_GRID_04,12265.31
GRID_CBE_02584,FC_GRID_04,12019.39
GRID_CBE_02585,FC_GRID_04,11853.0
GRID_CBE_02586,FC_GRID_04,11769.52
GRID_CBE_02587,FC_GRID_04,11770.71
GRID_CBE_02588,FC_GRID_04,11856.54
GRID_CBE_02589,FC_GRID_04,12025.2
GRID_CBE_02590,FC_GRID_04,12273.28
GRID_CBE_02591,FC_GRID_04,12596.08
GRID_CBE_02592,FC_GRID_04,12988.04
GRID_CBE_02593,FC_GRID_04,13443.1
GRID_CBE_02594,FC_GRID_04,13955.11
GRID_CBE_02595,FC_GRID_04,14518.02
GRID_CBE_02596,FC_GRID_04,15126.16
GRID_CBE_02597,FC_GRID_04,15774.31
GRID_CBE_02598,FC_GRID_05,15776.39
GRID_CBE_02599,FC_GRID_05,15137.6
GRID_CBE_02600,FC_GRID_05,14539.57
GRID_CBE_02601,FC_GRID_05,13987.54
GRID_CBE_02602,FC_GRID_05,13487.16
GRID_CBE_02603,FC_GRID_05,13044.38
GRID_CBE_02604,FC_GRID_05,12665.23
GRID_CBE_02605,FC_GRID_05,12355.58
GRID_CBE_02606,FC_GRID_05,12120.75
GRID_CBE_02607,FC_GRID_05,11965.15
GRID_CBE_02608,FC_GRID_05,11891.89
GRID_CBE_02609,FC_GRID_05,11902.49
GRID_CBE_02610,FC_GRID_05,11996.73
GRID_CBE_02611,FC_GRID_05,12172.66
GRID_CBE_02612,FC_GRID_05,12426.83
GRID_CBE_02613,FC_GRID_05,12754.54
GRID_CBE_02614,FC_GRID_05,13150.3
GRID_CBE_02615,FC_GRID_05,13608.19
GRID_CBE_02616,FC_GRID_05,14122.14
GRID_CBE_02617,FC_GRID_05,14686.29
GRID_CBE_02618,FC_GRID_05,15295.08
GRID_CBE_02619,FC_GRID_05,15943.39
GRID_CBE_02620,FC_GRID_06,15811.13
GRID_CBE_02621,FC_GRID_06,15181.03
GRID_CBE_02622,FC_GRID_06,14592.3
GRID_CBE_02623,FC_GRID_06,14050.16
GRID_CBE_02624,FC_GRID_06,13560.2
GRID_CBE_02625,FC_GRID_06,13128.24
GRID_CBE_02626,FC_GRID_06,12760.19
GRID_CBE_02627,FC_GRID_06,12461.71
GRID_CBE_02628,FC_GRID_06,12237.89
GRID_CBE_02629,FC_GRID_06,12092.88
GRID_CBE_02630,FC_GRID_06,12029.53
GRID_CBE_02631,FC_GRID_06,12049.12
GRID_CBE_02632,FC_GRID_06,12151.26
GRID_CBE_02633,FC_GRID_06,12333.89
GRID_CBE_02634,FC_GRID_06,12593.52
GRID_CBE_02635,FC_GRID_06,12925.5
GRID_CBE_02636,FC_GRID_06,13324.42
GRID_CBE_02637,FC_GRID_06,13784.49
GRID_CBE_02638,FC_GRID_06,14299.78
GRID_CBE_02639,FC_GRID_06,14864.58
GRID_CBE_02640,FC_GRID_06,15473.44
GRID_CBE_02641,FC_GRID_06,16121.39
GRID_CBE_02642,FC_GRID_06,16803.9
GRID_CBE_02643,FC_GRID_06,17516.93
GRID_CBE_02644,FC_GRID_06,18256.9
GRID_CBE_02645,FC_GRID_06,19020.68
GRID_CBE_02646,FC_GRID_06,19805.51
GRID_CBE_02647,FC_GRID_06,20608.97
GRID_CBE_02648,FC_GRID_06,21428.99
GRID_CBE_02649,FC_GRID_06,22263.72
GRID_CBE_02650,FC_GRID_06,23111.58
GRID_CBE_02651,FC_GRID_06,23971.17
GRID_CBE_02652,FC_GRID_06,24841.27
GRID_CBE_02653,FC_GRID_04,15738.35
GRID_CBE_02654,FC_GRID_04,15024.1
GRID_CBE_02655,FC_GRID_04,14344.04
GRID_CBE_02656,FC_GRID_04,13703.26
GRID_CBE_02657,FC_GRID_04,13107.52
GRID_CBE_02658,FC_GRID_04,12563.24
GRID_CBE_02659,FC_GRID_04,12077.38
GRID_CBE_02660,FC_GRID_04,11657.23
GRID_CBE_02661,FC_GRID_04,11310.12
GRID_CBE_02662,FC_GRID_04,11042.95
GRID_CBE_02663,FC_GRID_04,10861.62
GRID_CBE_02664,FC_GRID_04,10770.45
GRID_CBE_02665,FC_GRID_04,10771.75
GRID_CBE_02666,FC_GRID_04,10865.47
GRID_CBE_02667,FC_GRID_04,11049.27
GRID_CBE_02668,FC_GRID_04,11318.76
GRID_CBE_02669,FC_GRID_04,11668.0
GRID_CBE_02670,FC_GRID_04,12090.09
GRID_CBE_02671,FC_GRID_04,12577.68
GRID_CBE_02672,FC_GRID_04,13123.49
GRID_CBE_02673,FC_GRID_04,13720.57
GRID_CBE_02674,FC_GRID_04,14362.52
GRID_CBE_02675,FC_GRID_04,15043.6
GRID_CBE_02676,FC_GRID_05,15037.37
GRID_CBE_02677,FC_GRID_05,14365.75
GRID_CBE_02678,FC_GRID_05,13734.16
GRID_CBE_02679,FC_GRID_05,13148.36
GRID_CBE_02680,FC_GRID_05,12614.74
GRID_CBE_02681,FC_GRID_05,12140.17
GRID_CBE_02682,FC_GRID_05,11731.84
GRID_CBE_02683,FC_GRID_05,11396.85
GRID_CBE_02684,FC_GRID_05,11141.84
GRID_CBE_02685,FC_GRID_05,10972.36
GRID_CBE_02686,FC_GRID_05,10892.43
GRID_CBE_02687,FC_GRID_05,10904.0
GRID_CBE_02688,FC_GRID_05,11006.79
GRID_CBE_02689,FC_GRID_05,11198.29
GRID_CBE_02690,FC_GRID_05,11474.06
GRID_CBE_02691,FC_GRID_05,11828.2
GRID_CBE_02692,FC_GRID_05,12253.92
GRID_CBE_02693,FC_GRID_05,12744.04
GRID_CBE_02694,FC_GRID_05,13291.46
GRID_CBE_02695,FC_GRID_05,13889.39
GRID_CBE_02696,FC_GRID_05,14531.6
GRID_CBE_02697,FC_GRID_05,15212.48
GRID_CBE_02698,FC_GRID_06,15064.48
GRID_CBE_02699,FC_GRID_06,14401.75
GRID_CBE_02700,FC_GRID_06,13779.77
GRID_CBE_02701,FC_GRID_06,13204.31
GRID_CBE_02702,FC_GRID_06,12681.71
GRID_CBE_02703,FC_GRID_06,12218.73
GRID_CBE_02704,FC_GRID_06,11822.4
GRID_CBE_02705,FC_GRID_06,11499.61
GRID_CBE_02706,FC_GRID_06,11256.68
GRID_CBE_02707,FC_GRID_06,11098.85
GRID_CBE_02708,FC_GRID_06,11029.79
GRID_CBE_02709,FC_GRID_06,11051.16
GRID_CBE_02710,FC_GRID_06,11162.43
GRID_CBE_02711,FC_GRID_06,11360.97
GRID_CBE_02712,FC_GRID_06,11642.31
GRID_CBE_02713,FC_GRID_06,12000.63
GRID_CBE_02714,FC_GRID_06,12429.28
GRID_CBE_02715,FC_GRID_06,12921.25
GRID_CBE_02716,FC_GRID_06,13469.62
GRID_CBE_02717,FC_GRID_06,14067.78
GRID_CBE_02718,FC_GRID_06,14709.66
GRID_CBE_02719,FC_GRID_06,15389.8
GRID_CBE_02720,FC_GRID_06,16103.34
GRID_CBE_02721,FC_GRID_06,16846.05
GRID_CBE_02722,FC_GRID_06,17614.23
GRID_CBE_02723,FC_GRID_06,18404.7
GRID_CBE_02724,FC_GRID_06,19214.7
GRID_CBE_02725,FC_GRID_06,20041.87
GRID_CBE_02726,FC_GRID_06,20884.17
GRID_CBE_02727,FC_GRID_06,21739.83
GRID_CBE_02728,FC_GRID_06,22607.34
GRID_CBE_02729,FC_GRID_06,23485.39
GRID_CBE_02730,FC_GRID_06,24372.84
GRID_CBE_02731,FC_GRID_04,15072.38
GRID_CBE_02732,FC_GRID_04,14324.96
GRID_CBE_02733,FC_GRID_04,13610.01
GRID_CBE_02734,FC_GRID_04,12932.92
GRID_CBE_02735,FC_GRID_04,12299.93
GRID_CBE_02736,FC_GRID_04,11718.2
GRID_CBE_02737,FC_GRID_04,11195.72
GRID_CBE_02738,FC_GRID_04,10741.14
GRID_CBE_02739,FC_GRID_04,10363.39
GRID_CBE_02740,FC_GRID_04,10071.14
GRID_CBE_02741,FC_GRID_04,9871.97
GRID_CBE_02742,FC_GRID_04,9771.58
GRID_CBE_02743,FC_GRID_04,9773.0
GRID_CBE_02744,FC_GRID_04,9876.21
GRID_CBE_02745,FC_GRID_04,10078.07
GRID_CBE_02746,FC_GRID_04,10372.82
GRID_CBE_02747,FC_GRID_04,10752.83
GRID_CBE_02748,FC_GRID_04,11209.42
GRID_CBE_02749,FC_GRID_04,11733.67
GRID_CBE_02750,FC_GRID_04,12316.94
GRID_CBE_02751,FC_GRID_04,12951.25
GRID_CBE_02752,FC_GRID_04,13629.49
GRID_CBE_02753,FC_GRID_04,14345.41
GRID_CBE_02754,FC_GRID_05,14330.06
GRID_CBE_02755,FC_GRID_05,13623.61
GRID_CBE_02756,FC_GRID_05,12955.89
GRID_CBE_02757,FC_GRID_05,12333.18
GRID_CBE_02758,FC_GRID_05,11762.63
GRID_CBE_02759,FC_GRID_05,11252.19
GRID_CBE_02760,FC_GRID_05,10810.37
GRID_CBE_02761,FC_GRID_05,10445.87
GRID_CBE_02762,FC_GRID_05,10167.03
GRID_CBE_02763,FC_GRID_05,9981.02
GRID_CBE_02764,FC_GRID_05,9893.08
GRID_CBE_02765,FC_GRID_05,9905.82
GRID_CBE_02766,FC_GRID_05,10018.86
GRID_CBE_02767,FC_GRID_05,10228.87
GRID_CBE_02768,FC_GRID_05,10530.05
GRID_CBE_02769,FC_GRID_05,10914.86
GRID_CBE_02770,FC_GRID_05,11374.82
GRID_CBE_02771,FC_GRID_05,11901.2
GRID_CBE_02772,FC_GRID_05,12485.63
GRID_CBE_02773,FC_GRID_05,13120.33
GRID_CBE_02774,FC_GRID_05,13798.38
GRID_CBE_02775,FC_GRID_05,14513.7
GRID_CBE_02776,FC_GRID_06,14348.7
GRID_CBE_02777,FC_GRID_06,13651.27
GRID_CBE_02778,FC_GRID_06,12993.41
GRID_CBE_02779,FC_GRID_06,12381.46
GRID_CBE_02780,FC_GRID_06,11822.54
GRID_CBE_02781,FC_GRID_06,11324.49
GRID_CBE_02782,FC_GRID_06,10895.68
GRID_CBE_02783,FC_GRID_06,10544.56
GRID_CBE_02784,FC_GRID_06,10279.08
GRID_CBE_02785,FC_GRID_06,10106.0
GRID_CBE_02786,FC_GRID_06,10030.11
GRID_CBE_02787,FC_GRID_06,10053.6
GRID_CBE_02788,FC_GRID_06,10175.79
GRID_CBE_02789,FC_GRID_06,10393.19
GRID_CBE_02790,FC_GRID_06,10700.01
GRID_CBE_02791,FC_GRID_06,11088.82
GRID_CBE_02792,FC_GRID_06,11551.35
GRID_CBE_02793,FC_GRID_06,12079.14
GRID_CBE_02794,FC_GRID_06,12664.02
GRID_CBE_02795,FC_GRID_06,13298.46
GRID_CBE_02796,FC_GRID_06,13975.72
GRID_CBE_02797,FC_GRID_06,14689.88
GRID_CBE_02798,FC_GRID_06,15435.82
GRID_CBE_02799,FC_GRID_06,16209.14
GRID_CBE_02800,FC_GRID_06,17006.12
GRID_CBE_02801,FC_GRID_06,17823.57
GRID_CBE_02802,FC_GRID_06,18658.82
GRID_CBE_02803,FC_GRID_06,19509.57
GRID_CBE_02804,FC_GRID_06,20373.88
GRID_CBE_02805,FC_GRID_06,21250.1
GRID_CBE_02806,FC_GRID_06,22136.82
GRID_CBE_02807,FC_GRID_06,23032.81
GRID_CBE_02808,FC_GRID_06,23937.05
GRID_CBE_02809,FC_GRID_04,14444.99
GRID_CBE_02810,FC_GRID_04,13663.29
GRID_CBE_02811,FC_GRID_04,12911.76
GRID_CBE_02812,FC_GRID_04,12195.96
GRID_CBE_02813,FC_GRID_04,11522.56
GRID_CBE_02814,FC_GRID_04,10899.41
GRID_CBE_02815,FC_GRID_04,10335.62
GRID_CBE_02816,FC_GRID_04,9841.39
GRID_CBE_02817,FC_GRID_04,9427.67
GRID_CBE_02818,FC_GRID_04,9105.43
GRID_CBE_02819,FC_GRID_04,8884.64
GRID_CBE_02820,FC_GRID_04,8772.95
GRID_CBE_02821,FC_GRID_04,8774.55
GRID_CBE_02822,FC_GRID_04,8889.35
GRID_CBE_02823,FC_GRID_04,9113.09
GRID_CBE_02824,FC_GRID_04,9438.03
GRID_CBE_02825,FC_GRID_04,9854.15
GRID_CBE_02826,FC_GRID_04,10350.47
GRID_CBE_02827,FC_GRID_04,10916.05
GRID_CBE_02828,FC_GRID_04,11540.71
GRID_CBE_02829,FC_GRID_04,12215.4
GRID_CBE_02830,FC_GRID_04,12932.28
GRID_CBE_02831,FC_GRID_04,13684.73
GRID_CBE_02832,FC_GRID_05,13659.38
GRID_CBE_02833,FC_GRID_05,12916.3
GRID_CBE_02834,FC_GRID_05,12209.96
GRID_CBE_02835,FC_GRID_05,11547.09
GRID_CBE_02836,FC_GRID_05,10935.61
GRID_CBE_02837,FC_GRID_05,10384.59
GRID_CBE_02838,FC_GRID_05,9904.14
GRID_CBE_02839,FC_GRID_05,9504.96
GRID_CBE_02840,FC_GRID_05,9197.63
GRID_CBE_02841,FC_GRID_05,8991.59
GRID_CBE_02842,FC_GRID_05,8893.87
GRID_CBE_02843,FC_GRID_05,8908.04
GRID_CBE_02844,FC_GRID_05,9033.57
GRID_CBE_02845,FC_GRID_05,9265.94
GRID_CBE_02846,FC_GRID_05,9597.39
GRID_CBE_02847,FC_GRID_05,10018.09
GRID_CBE_02848,FC_GRID_05,10517.34
GRID_CBE_02849,FC_GRID_05,11084.52
GRID_CBE_02850,FC_GRID_05,11709.78
GRID_CBE_02851,FC_GRID_05,12384.31
GRID_CBE_02852,FC_GRID_05,13100.51
GRID_CBE_02853,FC_GRID_05,13851.92
GRID_CBE_02854,FC_GRID_06,13668.65
GRID_CBE_02855,FC_GRID_06,12934.6
GRID_CBE_02856,FC_GRID_06,12238.28
GRID_CBE_02857,FC_GRID_06,11586.52
GRID_CBE_02858,FC_GRID_06,10987.23
GRID_CBE_02859,FC_GRID_06,10449.45
GRID_CBE_02860,FC_GRID_06,9983.12
GRID_CBE_02861,FC_GRID_06,9598.67
GRID_CBE_02862,FC_GRID_06,9306.25
GRID_CBE_02863,FC_GRID_06,9114.71
GRID_CBE_02864,FC_GRID_06,9030.49
GRID_CBE_02865,FC_GRID_06,9056.58
GRID_CBE_02866,FC_GRID_06,9192.03
GRID_CBE_02867,FC_GRID_06,9432.13
GRID_CBE_02868,FC_GRID_06,9769.18
GRID_CBE_02869,FC_GRID_06,10193.56
GRID_CBE_02870,FC_GRID_06,10694.88
GRID_CBE_02871,FC_GRID_06,11262.87
GRID_CBE_02872,FC_GRID_06,11887.98
GRID_CBE_02873,FC_GRID_06,12561.68
GRID_CBE_02874,FC_GRID_06,13276.58
GRID_CBE_02875,FC_GRID_06,14026.38
GRID_CBE_02876,FC_GRID_06,14805.78
GRID_CBE_02877,FC_GRID_06,15610.35
GRID_CBE_02878,FC_GRID_06,16436.38
GRID_CBE_02879,FC_GRID_06,17280.81
GRID_CBE_02880,FC_GRID_06,18141.07
GRID_CBE_02881,FC_GRID_06,19015.0
GRID_CBE_02882,FC_GRID_06,19900.8
GRID_CBE_02883,FC_GRID_06,20796.96
GRID_CBE_02884,FC_GRID_06,21702.2
GRID_CBE_02885,FC_GRID_06,22615.42
GRID_CBE_02886,FC_GRID_06,23535.7
GRID_CBE_02887,FC_GRID_04,13861.41
GRID_CBE_02888,FC_GRID_04,13044.79
GRID_CBE_02889,FC_GRID_04,12255.39
GRID_CBE_02890,FC_GRID_04,11498.8
GRID_CBE_02891,FC_GRID_04,10781.94
GRID_CBE_02892,FC_GRID_04,10113.27
GRID_CBE_02893,FC_GRID_04,9502.96
GRID_CBE_02894,FC_GRID_04,8962.93
GRID_CBE_02895,FC_GRID_04,8506.59
GRID_CBE_02896,FC_GRID_04,8148.0
GRID_CBE_02897,FC_GRID_04,7900.5
GRID_CBE_02898,FC_GRID_04,7774.69
GRID_CBE_02899,FC_GRID_04,7776.48
GRID_CBE_02900,FC_GRID_04,7905.8
GRID_CBE_02901,FC_GRID_04,8156.56
GRID_CBE_02902,FC_GRID_04,8518.07
GRID_CBE_02903,FC_GRID_04,8976.94
GRID_CBE_02904,FC_GRID_04,9519.1
GRID_CBE_02905,FC_GRID_04,10131.2
GRID_CBE_02906,FC_GRID_04,10801.35
GRID_CBE_02907,FC_GRID_04,11519.42
GRID_CBE_02908,FC_GRID_04,12277.01
GRID_CBE_02909,FC_GRID_04,13067.24
GRID_CBE_02910,FC_GRID_05,13030.98
GRID_CBE_02911,FC_GRID_05,12249.85
GRID_CBE_02912,FC_GRID_05,11502.65
GRID_CBE_02913,FC_GRID_05,10796.45
GRID_CBE_02914,FC_GRID_05,10139.8
GRID_CBE_02915,FC_GRID_05,9542.94
GRID_CBE_02916,FC_GRID_05,9017.76
GRID_CBE_02917,FC_GRID_05,8577.43
GRID_CBE_02918,FC_GRID_05,8235.56
GRID_CBE_02919,FC_GRID_05,8004.79
GRID_CBE_02920,FC_GRID_05,7894.87
GRID_CBE_02921,FC_GRID_05,7910.83
GRID_CBE_02922,FC_GRID_05,8051.92
GRID_CBE_02923,FC_GRID_05,8311.78
GRID_CBE_02924,FC_GRID_05,8679.74
GRID_CBE_02925,FC_GRID_05,9142.76
GRID_CBE_02926,FC_GRID_05,9687.23
GRID_CBE_02927,FC_GRID_05,10300.22
GRID_CBE_02928,FC_GRID_05,10970.27
GRID_CBE_02929,FC_GRID_05,11687.56
GRID_CBE_02930,FC_GRID_05,12443.93
GRID_CBE_02931,FC_GRID_05,13232.67
GRID_CBE_02932,FC_GRID_06,13029.92
GRID_CBE_02933,FC_GRID_06,12257.67
GRID_CBE_02934,FC_GRID_06,11520.52
GRID_CBE_02935,FC_GRID_06,10825.62
GRID_CBE_02936,FC_GRID_06,10181.64
GRID_CBE_02937,FC_GRID_06,9598.84
GRID_CBE_02938,FC_GRID_06,9088.97
GRID_CBE_02939,FC_GRID_06,8664.94
GRID_CBE_02940,FC_GRID_06,8339.84
GRID_CBE_02941,FC_GRID_06,8125.56
GRID_CBE_02942,FC_GRID_06,8030.97
GRID_CBE_02943,FC_GRID_06,8060.29
GRID_CBE_02944,FC_GRID_06,8212.19
GRID_CBE_02945,FC_GRID_06,8480.09
GRID_CBE_02946,FC_GRID_06,8853.45
GRID_CBE_02947,FC_GRID_06,9319.63
GRID_CBE_02948,FC_GRID_06,9865.46
GRID_CBE_02949,FC_GRID_06,10478.5
GRID_CBE_02950,FC_GRID_06,11147.68
GRID_CBE_02951,FC_GRID_06,11863.5
GRID_CBE_02952,FC_GRID_06,12618.02
GRID_CBE_02953,FC_GRID_06,13404.71
GRID_CBE_02954,FC_GRID_06,14218.22
GRID_CBE_02955,FC_GRID_06,15054.22
GRID_CBE_02956,FC_GRID_06,15909.16
GRID_CBE_02957,FC_GRID_06,16780.14
GRID_CBE_02958,FC_GRID_06,17664.8
GRID_CBE_02959,FC_GRID_06,18561.16
GRID_CBE_02960,FC_GRID_06,19467.63
GRID_CBE_02961,FC_GRID_06,20382.84
GRID_CBE_02962,FC_GRID_06,21305.68
GRID_CBE_02963,FC_GRID_06,22235.2
GRID_CBE_02964,FC_GRID_06,23170.58
GRID_CBE_02965,FC_GRID_04,13327.4
GRID_CBE_02966,FC_GRID_04,12475.88
GRID_CBE_02967,FC_GRID_04,11647.98
GRID_CBE_02968,FC_GRID_04,10849.12
GRID_CBE_02969,FC_GRID_04,10086.2
GRID_CBE_02970,FC_GRID_04,9367.99
GRID_CBE_02971,FC_GRID_04,8705.58
GRID_CBE_02972,FC_GRID_04,8112.65
GRID_CBE_02973,FC_GRID_04,7605.46
GRID_CBE_02974,FC_GRID_04,7202.15
GRID_CBE_02975,FC_GRID_04,6920.9
GRID_CBE_02976,FC_GRID_04,6776.93
GRID_CBE_02977,FC_GRID_04,6778.99
GRID_CBE_02978,FC_GRID_04,6926.95
GRID_CBE_02979,FC_GRID_04,7211.84
GRID_CBE_02980,FC_GRID_04,7618.3
GRID_CBE_02981,FC_GRID_04,8128.12
GRID_CBE_02982,FC_GRID_04,8723.21
GRID_CBE_02983,FC_GRID_04,9387.34
GRID_CBE_02984,FC_GRID_04,10106.94
GRID_CBE_02985,FC_GRID_04,10870.97
GRID_CBE_02986,FC_GRID_04,11670.73
GRID_CBE_02987,FC_GRID_04,12499.36
GRID_CBE_02988,FC_GRID_05,12451.29
GRID_CBE_02989,FC_GRID_05,11631.28
GRID_CBE_02990,FC_GRID_05,10841.54
GRID_CBE_02991,FC_GRID_05,10089.16
GRID_CBE_02992,FC_GRID_05,9383.15
GRID_CBE_02993,FC_GRID_05,8734.74
GRID_CBE_02994,FC_GRID_05,8157.69
GRID_CBE_02995,FC_GRID_05,7668.13
GRID_CBE_02996,FC_GRID_05,7283.71
GRID_CBE_02997,FC_GRID_05,7021.73
GRID_CBE_02998,FC_GRID_05,6896.15
GRID_CBE_02999,FC_GRID_05,6914.42
GRID_CBE_03000,FC_GRID_05,7075.41
GRID_CBE_03001,FC_GRID_05,7369.78
GRID_CBE_03002,FC_GRID_05,7782.41
GRID_CBE_03003,FC_GRID_05,8295.67
GRID_CBE_03004,FC_GRID_05,8892.15
GRID_CBE_03005,FC_GRID_05,9556.29
GRID_CBE_03006,FC_GRID_05,10274.96
GRID_CBE_03007,FC_GRID_05,11037.53
GRID_CBE_03008,FC_GRID_05,11835.51
GRID_CBE_03009,FC_GRID_05,12662.21
GRID_CBE_03010,FC_GRID_06,12438.87
GRID_CBE_03011,FC_GRID_06,11627.44
GRID_CBE_03012,FC_GRID_06,10847.54
GRID_CBE_03013,FC_GRID_06,10106.47
GRID_CBE_03014,FC_GRID_06,9413.43
GRID_CBE_03015,FC_GRID_06,8779.77
GRID_CBE_03016,FC_GRID_06,8219.26
GRID_CBE_03017,FC_GRID_06,7747.77
GRID_CBE_03018,FC_GRID_06,7382.39
GRID_CBE_03019,FC_GRID_06,7139.43
GRID_CBE_03020,FC_GRID_06,7031.59
GRID_CBE_03021,FC_GRID_06,7065.06
GRID_CBE_03022,FC_GRID_06,7237.88
GRID_CBE_03023,FC_GRID_06,7540.47
GRID_CBE_03024,FC_GRID_06,7958.04
GRID_CBE_03025,FC_GRID_06,8473.62
GRID_CBE_03026,FC_GRID_06,9070.5
GRID_CBE_03027,FC_GRID_06,9733.74
GRID_CBE_03028,FC_GRID_06,10450.72
GRID_CBE_03029,FC_GRID_06,11211.12
GRID_CBE_03030,FC_GRID_06,12006.71
GRID_CBE_03031,FC_GRID_06,12830.93
GRID_CBE_03032,FC_GRID_06,13678.62
GRID_CBE_03033,FC_GRID_06,14545.67
GRID_CBE_03034,FC_GRID_06,15428.81
GRID_CBE_03035,FC_GRID_06,16325.44
GRID_CBE_03036,FC_GRID_06,17233.45
GRID_CBE_03037,FC_GRID_06,18151.13
GRID_CBE_03038,FC_GRID_06,19077.09
GRID_CBE_03039,FC_GRID_06,20010.17
GRID_CBE_03040,FC_GRID_06,20949.44
GRID_CBE_03041,FC_GRID_06,21894.08
GRID_CBE_03042,FC_GRID_06,22843.43
GRID_CBE_03043,FC_GRID_04,12849.15
GRID_CBE_03044,FC_GRID_04,11963.64
GRID_CBE_03045,FC_GRID_04,11097.59
GRID_CBE_03046,FC_GRID_04,10255.95
GRID_CBE_03047,FC_GRID_04,9445.23
GRID_CBE_03048,FC_GRID_04,8674.12
GRID_CBE_03049,FC_GRID_04,7954.13
GRID_CBE_03050,FC_GRID_04,7300.42
GRID_CBE_03051,FC_GRID_04,6732.32
GRID_CBE_03052,FC_GRID_04,6273.12
GRID_CBE_03053,FC_GRID_04,5948.1
GRID_CBE_03054,FC_GRID_04,5779.95
GRID_CBE_03055,FC_GRID_04,5782.37
GRID_CBE_03056,FC_GRID_04,5955.14
GRID_CBE_03057,FC_GRID_04,6284.23
GRID_CBE_03058,FC_GRID_04,6746.82
GRID_CBE_03059,FC_GRID_04,7317.61
GRID_CBE_03060,FC_GRID_04,7973.42
GRID_CBE_03061,FC_GRID_04,8695.01
GRID_CBE_03062,FC_GRID_04,9467.38
GRID_CBE_03063,FC_GRID_04,10279.06
GRID_CBE_03064,FC_GRID_04,11121.47
GRID_CBE_03065,FC_GRID_04,11988.12
GRID_CBE_03066,FC_GRID_05,11927.38
GRID_CBE_03067,FC_GRID_05,11068.64
GRID_CBE_03068,FC_GRID_05,10235.57
GRID_CBE_03069,FC_GRID_05,9435.0
GRID_CBE_03070,FC_GRID_05,8675.91
GRID_CBE_03071,FC_GRID_05,7970.18
GRID_CBE_03072,FC_GRID_05,7333.21
GRID_CBE_03073,FC_GRID_05,6784.41
GRID_CBE_03074,FC_GRID_05,6346.69
GRID_CBE_03075,FC_GRID_05,6044.23
GRID_CBE_03076,FC_GRID_05,5897.87
GRID_CBE_03077,FC_GRID_05,5919.22
GRID_CBE_03078,FC_GRID_05,6106.5
GRID_CBE_03079,FC_GRID_05,6445.28
GRID_CBE_03080,FC_GRID_05,6913.31
GRID_CBE_03081,FC_GRID_05,7486.39
GRID_CBE_03082,FC_GRID_05,8142.38
GRID_CBE_03083,FC_GRID_05,8862.88
GRID_CBE_03084,FC_GRID_05,9633.42
GRID_CBE_03085,FC_GRID_05,10442.94
GRID_CBE_03086,FC_GRID_05,11283.05
GRID_CBE_03087,FC_GRID_05,12147.41
GRID_CBE_03088,FC_GRID_06,11902.61
GRID_CBE_03089,FC_GRID_06,11051.88
GRID_CBE_03090,FC_GRID_06,10228.19
GRID_CBE_03091,FC_GRID_06,9438.62
GRID_CBE_03092,FC_GRID_06,8692.49
GRID_CBE_03093,FC_GRID_06,8001.94
GRID_CBE_03094,FC_GRID_06,7382.61
GRID_CBE_03095,FC_GRID_06,6853.81
GRID_CBE_03096,FC_GRID_06,6437.89
GRID_CBE_03097,FC_GRID_06,6157.78
GRID_CBE_03098,FC_GRID_06,6032.41
GRID_CBE_03099,FC_GRID_06,6071.39
GRID_CBE_03100,FC_GRID_06,6271.65
GRID_CBE_03101,FC_GRID_06,6618.56
GRID_CBE_03102,FC_GRID_06,7090.64
GRID_CBE_03103,FC_GRID_06,7664.78
GRID_CBE_03104,FC_GRID_06,8319.9
GRID_CBE_03105,FC_GRID_06,9038.39
GRID_CBE_03106,FC_GRID_06,9806.34
GRID_CBE_03107,FC_GRID_06,10613.01
GRID_CBE_03108,FC_GRID_06,11450.23
GRID_CBE_03109,FC_GRID_06,12311.77
GRID_CBE_03110,FC_GRID_06,13192.85
GRID_CBE_03111,FC_GRID_06,14089.82
GRID_CBE_03112,FC_GRID_06,14999.83
GRID_CBE_03113,FC_GRID_06,15920.64
GRID_CBE_03114,FC_GRID_06,16850.47
GRID_CBE_03115,FC_GRID_06,17787.93
GRID_CBE_03116,FC_GRID_06,18731.85
GRID_CBE_03117,FC_GRID_06,19681.31
GRID_CBE_03118,FC_GRID_06,20635.54
GRID_CBE_03119,FC_GRID_06,21593.92
GRID_CBE_03120,FC_GRID_06,22555.91
GRID_CBE_03121,FC_GRID_04,12433.09
GRID_CBE_03122,FC_GRID_04,11515.63
GRID_CBE_03123,FC_GRID_04,10613.09
GRID_CBE_03124,FC_GRID_04,9729.62
GRID_CBE_03125,FC_GRID_04,8870.93
GRID_CBE_03126,FC_GRID_04,8044.96
GRID_CBE_03127,FC_GRID_04,7262.87
GRID_CBE_03128,FC_GRID_04,6540.43
GRID_CBE_03129,FC_GRID_04,5899.59
GRID_CBE_03130,FC_GRID_04,5369.64
GRID_CBE_03131,FC_GRID_04,4986.08
GRID_CBE_03132,FC_GRID_04,4784.23
GRID_CBE_03133,FC_GRID_04,4787.15
GRID_CBE_03134,FC_GRID_04,4994.47
GRID_CBE_03135,FC_GRID_04,5382.62
GRID_CBE_03136,FC_GRID_04,5916.13
GRID_CBE_03137,FC_GRID_04,6559.61
GRID_CBE_03138,FC_GRID_04,7283.98
GRID_CBE_03139,FC_GRID_04,8067.49
GRID_CBE_03140,FC_GRID_04,8894.51
GRID_CBE_03141,FC_GRID_04,9753.98
GRID_CBE_03142,FC_GRID_04,10638.05
GRID_CBE_03143,FC_GRID_04,11541.06
GRID_CBE_03144,FC_GRID_05,11466.93
GRID_CBE_03145,FC_GRID_05,10570.84
GRID_CBE_03146,FC_GRID_05,9695.1
GRID_CBE_03147,FC_GRID_05,8845.74
GRID_CBE_03148,FC_GRID_05,8031.15
GRID_CBE_03149,FC_GRID_05,7263.04
GRID_CBE_03150,FC_GRID_05,6557.74
GRID_CBE_03151,FC_GRID_05,5937.69
GRID_CBE_03152,FC_GRID_05,5432.16
GRID_CBE_03153,FC_GRID_05,5075.49
GRID_CBE_03154,FC_GRID_05,4900.29
GRID_CBE_03155,FC_GRID_05,4925.96
GRID_CBE_03156,FC_GRID_05,5149.5
GRID_CBE_03157,FC_GRID_05,5547.04
GRID_CBE_03158,FC_GRID_05,6084.56
GRID_CBE_03159,FC_GRID_05,6728.6
GRID_CBE_03160,FC_GRID_05,7451.6
GRID_CBE_03161,FC_GRID_05,8232.77
GRID_CBE_03162,FC_GRID_05,9057.09
GRID_CBE_03163,FC_GRID_05,9913.78
GRID_CBE_03164,FC_GRID_05,10795.15
GRID_CBE_03165,FC_GRID_05,11695.62
GRID_CBE_03166,FC_GRID_06,11428.87
GRID_CBE_03167,FC_GRID_06,10539.96
GRID_CBE_03168,FC_GRID_06,9672.77
GRID_CBE_03169,FC_GRID_06,8833.7
GRID_CBE_03170,FC_GRID_06,8031.57
GRID_CBE_03171,FC_GRID_06,7278.59
GRID_CBE_03172,FC_GRID_06,6591.63
GRID_CBE_03173,FC_GRID_06,5993.45
GRID_CBE_03174,FC_GRID_06,5513.0
GRID_CBE_03175,FC_GRID_06,5183.14
GRID_CBE_03176,FC_GRID_06,5033.56
GRID_CBE_03177,FC_GRID_06,5080.21
GRID_CBE_03178,FC_GRID_06,5317.92
GRID_CBE_03179,FC_GRID_06,5722.95
GRID_CBE_03180,FC_GRID_06,6262.9
GRID_CBE_03181,FC_GRID_06,6906.2
GRID_CBE_03182,FC_GRID_06,7626.76
GRID_CBE_03183,FC_GRID_06,8404.71
GRID_CBE_03184,FC_GRID_06,9225.56
GRID_CBE_03185,FC_GRID_06,10078.83
GRID_CBE_03186,FC_GRID_06,10956.94
GRID_CBE_03187,FC_GRID_06,11854.38
GRID_CBE_03188,FC_GRID_06,12767.07
GRID_CBE_03189,FC_GRID_06,13691.96
GRID_CBE_03190,FC_GRID_06,14626.75
GRID_CBE_03191,FC_GRID_06,15569.63
GRID_CBE_03192,FC_GRID_06,16519.24
GRID_CBE_03193,FC_GRID_06,17474.47
GRID_CBE_03194,FC_GRID_06,18434.45
GRID_CBE_03195,FC_GRID_06,19398.47
GRID_CBE_03196,FC_GRID_06,20365.96
GRID_CBE_03197,FC_GRID_06,21336.45
GRID_CBE_03198,FC_GRID_06,22309.55
GRID_CBE_03199,FC_GRID_04,12085.64
GRID_CBE_03200,FC_GRID_04,11139.6
GRID_CBE_03201,FC_GRID_04,10203.85
GRID_CBE_03202,FC_GRID_04,9281.52
GRID_CBE_03203,FC_GRID_04,8377.02
GRID_CBE_03204,FC_GRID_04,7496.83
GRID_CBE_03205,FC_GRID_04,6650.59
GRID_CBE_03206,FC_GRID_04,5853.05
GRID_CBE_03207,FC_GRID_04,5127.0
GRID_CBE_03208,FC_GRID_04,4507.11
GRID_CBE_03209,FC_GRID_04,4042.52
GRID_CBE_03210,FC_GRID_04,3790.77
GRID_CBE_03211,FC_GRID_04,3794.45
GRID_CBE_03212,FC_GRID_04,4052.87
GRID_CBE_03213,FC_GRID_04,4522.58
GRID_CBE_03214,FC_GRID_04,5146.03
GRID_CBE_03215,FC_GRID_04,5874.48
GRID_CBE_03216,FC_GRID_04,6673.64
GRID_CBE_03217,FC_GRID_04,7520.99
GRID_CBE_03218,FC_GRID_04,8401.98
GRID_CBE_03219,FC_GRID_04,9307.05
GRID_CBE_03220,FC_GRID_04,10229.82
GRID_CBE_03221,FC_GRID_04,11165.89
GRID_CBE_03222,FC_GRID_05,11077.84
GRID_CBE_03223,FC_GRID_05,10147.45
GRID_CBE_03224,FC_GRID_05,9231.63
GRID_CBE_03225,FC_GRID_05,8335.18
GRID_CBE_03226,FC_GRID_05,7465.08
GRID_CBE_03227,FC_GRID_05,6631.72
GRID_CBE_03228,FC_GRID_05,5850.8
GRID_CBE_03229,FC_GRID_05,5146.27
GRID_CBE_03230,FC_GRID_05,4553.72
GRID_CBE_03231,FC_GRID_05,4121.73
GRID_CBE_03232,FC_GRID_05,3903.95
GRID_CBE_03233,FC_GRID_05,3936.13
GRID_CBE_03234,FC_GRID_05,4212.52
GRID_CBE_03235,FC_GRID_05,4690.16
GRID_CBE_03236,FC_GRID_05,5315.06
GRID_CBE_03237,FC_GRID_05,6041.69
GRID_CBE_03238,FC_GRID_05,6837.71
GRID_CBE_03239,FC_GRID_05,7681.57
GRID_CBE_03240,FC_GRID_05,8559.13
GRID_CBE_03241,FC_GRID_05,9461.03
GRID_CBE_03242,FC_GRID_05,10380.91
GRID_CBE_03243,FC_GRID_05,11314.39
GRID_CBE_03244,FC_GRID_06,11025.68
GRID_CBE_03245,FC_GRID_06,10101.36
GRID_CBE_03246,FC_GRID_06,9192.89
GRID_CBE_03247,FC_GRID_06,8305.48
GRID_CBE_03248,FC_GRID_06,7446.67
GRID_CBE_03249,FC_GRID_06,6627.56
GRID_CBE_03250,FC_GRID_06,5864.84
GRID_CBE_03251,FC_GRID_06,5183.45
GRID_CBE_03252,FC_GRID_06,4619.52
GRID_CBE_03253,FC_GRID_06,4220.39
GRID_CBE_03254,FC_GRID_06,4035.28
GRID_CBE_03255,FC_GRID_06,4093.32
GRID_CBE_03256,FC_GRID_06,4384.87
GRID_CBE_03257,FC_GRID_06,4868.15
GRID_CBE_03258,FC_GRID_06,5492.78
GRID_CBE_03259,FC_GRID_06,6216.3
GRID_CBE_03260,FC_GRID_06,7008.15
GRID_CBE_03261,FC_GRID_06,7847.67
GRID_CBE_03262,FC_GRID_06,8721.11
GRID_CBE_03263,FC_GRID_06,9619.23
GRID_CBE_03264,FC_GRID_06,10535.72
GRID_CBE_03265,FC_GRID_06,11466.17
GRID_CBE_03266,FC_GRID_06,12407.45
GRID_CBE_03267,FC_GRID_06,13357.27
GRID_CBE_03268,FC_GRID_06,14313.92
GRID_CBE_03269,FC_GRID_06,15276.13
GRID_CBE_03270,FC_GRID_06,16242.91
GRID_CBE_03271,FC_GRID_06,17213.48
GRID_CBE_03272,FC_GRID_06,18187.24
GRID_CBE_03273,FC_GRID_06,19163.7
GRID_CBE_03274,FC_GRID_06,20142.47
GRID_CBE_03275,FC_GRID_06,21123.23
GRID_CBE_03276,FC_GRID_06,22105.72
GRID_CBE_03277,FC_GRID_04,11812.87
GRID_CBE_03278,FC_GRID_04,10843.05
GRID_CBE_03279,FC_GRID_04,9879.26
GRID_CBE_03280,FC_GRID_04,8923.43
GRID_CBE_03281,FC_GRID_04,7978.44
GRID_CBE_03282,FC_GRID_04,7048.65
GRID_CBE_03283,FC_GRID_04,6140.96
GRID_CBE_03284,FC_GRID_04,5266.81
GRID_CBE_03285,FC_GRID_04,4446.03
GRID_CBE_03286,FC_GRID_04,3714.18
GRID_CBE_03287,FC_GRID_04,3134.17
GRID_CBE_03288,FC_GRID_04,2801.96
GRID_CBE_03289,FC_GRID_04,2806.94
GRID_CBE_03290,FC_GRID_04,3147.51
GRID_CBE_03291,FC_GRID_04,3732.92
GRID_CBE_03292,FC_GRID_04,4467.96
GRID_CBE_03293,FC_GRID_04,5290.61
GRID_CBE_03294,FC_GRID_04,6165.91
GRID_CBE_03295,FC_GRID_04,7074.35
GRID_CBE_03296,FC_GRID_04,8004.64
GRID_CBE_03297,FC_GRID_04,8949.99
GRID_CBE_03298,FC_GRID_04,9906.07
GRID_CBE_03299,FC_GRID_04,10870.05
GRID_CBE_03300,FC_GRID_05,10767.84
GRID_CBE_03301,FC_GRID_05,9808.09
GRID_CBE_03302,FC_GRID_05,8857.25
GRID_CBE_03303,FC_GRID_05,7918.53
GRID_CBE_03304,FC_GRID_05,6996.81
GRID_CBE_03305,FC_GRID_05,6099.81
GRID_CBE_03306,FC_GRID_05,5240.22
GRID_CBE_03307,FC_GRID_05,4439.83
GRID_CBE_03308,FC_GRID_05,3736.89
GRID_CBE_03309,FC_GRID_05,3196.34
GRID_CBE_03310,FC_GRID_05,2910.13
GRID_CBE_03311,FC_GRID_05,2953.15
GRID_CBE_03312,FC_GRID_05,3312.6
GRID_CBE_03313,FC_GRID_05,3901.99
GRID_CBE_03314,FC_GRID_05,4634.41
GRID_CBE_03315,FC_GRID_05,5452.53
GRID_CBE_03316,FC_GRID_05,6323.15
GRID_CBE_03317,FC_GRID_05,7227.35
GRID_CBE_03318,FC_GRID_05,8153.94
GRID_CBE_03319,FC_GRID_05,9096.1
GRID_CBE_03320,FC_GRID_05,10049.44
GRID_CBE_03321,FC_GRID_05,11011.06
GRID_CBE_03322,FC_GRID_06,10701.05
GRID_CBE_03323,FC_GRID_06,9745.98
GRID_CBE_03324,FC_GRID_06,8800.91
GRID_CBE_03325,FC_GRID_06,7869.42
GRID_CBE_03326,FC_GRID_06,6956.98
GRID_CBE_03327,FC_GRID_06,6072.18
GRID_CBE_03328,FC_GRID_06,5229.07
GRID_CBE_03329,FC_GRID_06,4451.39
GRID_CBE_03330,FC_GRID_06,3779.77
GRID_CBE_03331,FC_GRID_06,3280.01
GRID_CBE_03332,FC_GRID_06,3038.13
GRID_CBE_03333,FC_GRID_06,3114.81
GRID_CBE_03334,FC_GRID_06,3489.1
GRID_CBE_03335,FC_GRID_06,4079.9
GRID_CBE_03336,FC_GRID_06,4808.05
GRID_CBE_03337,FC_GRID_06,5620.42
GRID_CBE_03338,FC_GRID_06,6485.44
GRID_CBE_03339,FC_GRID_06,7384.63
GRID_CBE_03340,FC_GRID_06,8306.89
GRID_CBE_03341,FC_GRID_06,9245.34
GRID_CBE_03342,FC_GRID_06,10195.49
GRID_CBE_03343,FC_GRID_06,11154.36
GRID_CBE_03344,FC_GRID_06,12119.88
GRID_CBE_03345,FC_GRID_06,13090.58
GRID_CBE_03346,FC_GRID_06,14065.39
GRID_CBE_03347,FC_GRID_06,15043.5
GRID_CBE_03348,FC_GRID_06,16024.32
GRID_CBE_03349,FC_GRID_06,17007.37
GRID_CBE_03350,FC_GRID_06,17992.28
GRID_CBE_03351,FC_GRID_06,18978.78
GRID_CBE_03352,FC_GRID_06,19966.62
GRID_CBE_03353,FC_GRID_06,20955.61
GRID_CBE_03354,FC_GRID_06,21945.6
GRID_CBE_03355,FC_GRID_04,11620.02
GRID_CBE_03356,FC_GRID_04,10632.63
GRID_CBE_03357,FC_GRID_04,9647.84
GRID_CBE_03358,FC_GRID_04,8666.52
GRID_CBE_03359,FC_GRID_04,7690.03
GRID_CBE_03360,FC_GRID_04,6720.45
GRID_CBE_03361,FC_GRID_04,5761.28
GRID_CBE_03362,FC_GRID_04,4818.75
GRID_CBE_03363,FC_GRID_04,3904.9
GRID_CBE_03364,FC_GRID_04,3045.68
GRID_CBE_03365,FC_GRID_04,2303.06
GRID_CBE_03366,FC_GRID_04,1825.38
GRID_CBE_03367,FC_GRID_04,1833.01
GRID_CBE_03368,FC_GRID_04,2321.17
GRID_CBE_03369,FC_GRID_04,3068.51
GRID_CBE_03370,FC_GRID_04,3929.85
GRID_CBE_03371,FC_GRID_04,4844.75
GRID_CBE_03372,FC_GRID_04,5787.88
GRID_CBE_03373,FC_GRID_04,6747.4
GRID_CBE_03374,FC_GRID_04,7717.21
GRID_CBE_03375,FC_GRID_04,8693.86
GRID_CBE_03376,FC_GRID_04,9675.29
GRID_CBE_03377,FC_GRID_04,10660.17
GRID_CBE_03378,FC_GRID_05,10543.93
GRID_CBE_03379,FC_GRID_05,9561.73
GRID_CBE_03380,FC_GRID_05,8583.64
GRID_CBE_03381,FC_GRID_05,7611.25
GRID_CBE_03382,FC_GRID_05,6647.06
GRID_CBE_03383,FC_GRID_05,5695.23
GRID_CBE_03384,FC_GRID_05,4763.18
GRID_CBE_03385,FC_GRID_05,3865.24
GRID_CBE_03386,FC_GRID_05,3031.89
GRID_CBE_03387,FC_GRID_05,2333.36
GRID_CBE_03388,FC_GRID_05,1922.71
GRID_CBE_03389,FC_GRID_05,1987.22
GRID_CBE_03390,FC_GRID_05,2490.24
GRID_CBE_03391,FC_GRID_05,3233.19
GRID_CBE_03392,FC_GRID_05,4087.27
GRID_CBE_03393,FC_GRID_05,4995.8
GRID_CBE_03394,FC_GRID_05,5933.82
GRID_CBE_03395,FC_GRID_05,6889.3
GRID_CBE_03396,FC_GRID_05,7855.87
GRID_CBE_03397,FC_GRID_05,8829.89
GRID_CBE_03398,FC_GRID_05,9809.14
GRID_CBE_03399,FC_GRID_05,10792.19
GRID_CBE_03400,FC_GRID_06,10462.27
GRID_CBE_03401,FC_GRID_06,9483.19
GRID_CBE_03402,FC_GRID_06,8508.98
GRID_CBE_03403,FC_GRID_06,7541.52
GRID_CBE_03404,FC_GRID_06,6583.79
GRID_CBE_03405,FC_GRID_06,5640.75
GRID_CBE_03406,FC_GRID_06,4721.21
GRID_CBE_03407,FC_GRID_06,3842.09
GRID_CBE_03408,FC_GRID_06,3038.65
GRID_CBE_03409,FC_GRID_06,2388.56
GRID_CBE_03410,FC_GRID_06,2043.77
GRID_CBE_03411,FC_GRID_06,2156.1
GRID_CBE_03412,FC_GRID_06,2668.43
GRID_CBE_03413,FC_GRID_06,3404.75
GRID_CBE_03414,FC_GRID_06,4250.19
GRID_CBE_03415,FC_GRID_06,5151.3
GRID_CBE_03416,FC_GRID_06,6083.39
GRID_CBE_03417,FC_GRID_06,7034.16
GRID_CBE_03418,FC_GRID_06,7996.95
GRID_CBE_03419,FC_GRID_06,8967.89
GRID_CBE_03420,FC_GRID_06,9944.59
GRID_CBE_03421,FC_GRID_06,10925.5
GRID_CBE_03422,FC_GRID_06,11909.59
GRID_CBE_03423,FC_GRID_06,12896.13
GRID_CBE_03424,FC_GRID_06,13884.59
GRID_CBE_03425,FC_GRID_06,14874.6
GRID_CBE_03426,FC_GRID_06,15865.86
GRID_CBE_03427,FC_GRID_06,16858.15
GRID_CBE_03428,FC_GRID_06,17851.3
GRID_CBE_03429,FC_GRID_06,18845.18
GRID_CBE_03430,FC_GRID_06,19839.67
GRID_CBE_03431,FC_GRID_06,20834.69
GRID_CBE_03432,FC_GRID_06,21830.17
GRID_CBE_03433,FC_GRID_04,11511.12
GRID_CBE_03434,FC_GRID_04,10513.51
GRID_CBE_03435,FC_GRID_04,9516.39
GRID_CBE_03436,FC_GRID_04,8519.96
GRID_CBE_03437,FC_GRID_04,7524.47
GRID_CBE_03438,FC_GRID_04,6530.35
GRID_CBE_03439,FC_GRID_04,5538.36
GRID_CBE_03440,FC_GRID_04,4549.88
GRID_CBE_03441,FC_GRID_04,3567.81
GRID_CBE_03442,FC_GRID_04,2599.46
GRID_CBE_03443,FC_GRID_04,1668.87
GRID_CBE_03444,FC_GRID_04,901.69
GRID_CBE_03445,FC_GRID_04,917.04
GRID_CBE_03446,FC_GRID_04,1693.78
GRID_CBE_03447,FC_GRID_04,2626.18
GRID_CBE_03448,FC_GRID_04,3595.1
GRID_CBE_03449,FC_GRID_04,4577.41
GRID_CBE_03450,FC_GRID_04,5566.02
GRID_CBE_03451,FC_GRID_04,6558.09
GRID_CBE_03452,FC_GRID_04,7552.25
GRID_CBE_03453,FC_GRID_04,8547.77
GRID_CBE_03454,FC_GRID_04,9544.23
GRID_CBE_03455,FC_GRID_04,10541.35
GRID_CBE_03456,FC_GRID_05,10411.65
GRID_CBE_03457,FC_GRID_05,9415.66
GRID_CBE_03458,FC_GRID_05,8420.62
GRID_CBE_03459,FC_GRID_05,7426.92
GRID_CBE_03460,FC_GRID_05,6435.17
GRID_CBE_03461,FC_GRID_05,5446.43
GRID_CBE_03462,FC_GRID_05,4462.72
GRID_CBE_03463,FC_GRID_05,3488.28
GRID_CBE_03464,FC_GRID_05,2533.84
GRID_CBE_03465,FC_GRID_05,1634.8
GRID_CBE_03466,FC_GRID_05,961.67
GRID_CBE_03467,FC_GRID_05,1084.91
GRID_CBE_03468,FC_GRID_05,1851.83
GRID_CBE_03469,FC_GRID_05,2771.56
GRID_CBE_03470,FC_GRID_05,3732.8
GRID_CBE_03471,FC_GRID_05,4710.2
GRID_CBE_03472,FC_GRID_05,5695.46
GRID_CBE_03473,FC_GRID_05,6685.09
GRID_CBE_03474,FC_GRID_05,7677.42
GRID_CBE_03475,FC_GRID_05,8671.5
GRID_CBE_03476,FC_GRID_05,9666.81
GRID_CBE_03477,FC_GRID_05,10662.99
GRID_CBE_03478,FC_GRID_06,10315.32
GRID_CBE_03479,FC_GRID_06,9320.82
GRID_CBE_03480,FC_GRID_06,8327.63
GRID_CBE_03481,FC_GRID_06,7336.3
GRID_CBE_03482,FC_GRID_06,6347.68
GRID_CBE_03483,FC_GRID_06,5363.28
GRID_CBE_03484,FC_GRID_06,4385.96
GRID_CBE_03485,FC_GRID_06,3421.75
GRID_CBE_03486,FC_GRID_06,2485.99
GRID_CBE_03487,FC_GRID_06,1628.48
GRID_CBE_03488,FC_GRID_06,1060.06
GRID_CBE_03489,FC_GRID_06,1263.13
GRID_CBE_03490,FC_GRID_06,2016.75
GRID_CBE_03491,FC_GRID_06,2922.17
GRID_CBE_03492,FC_GRID_06,3874.38
GRID_CBE_03493,FC_GRID_06,4845.89
GRID_CBE_03494,FC_GRID_06,5827.04
GRID_CBE_03495,FC_GRID_06,6813.68
GRID_CBE_03496,FC_GRID_06,7803.71
GRID_CBE_03497,FC_GRID_06,8796.01
GRID_CBE_03498,FC_GRID_06,9789.87
GRID_CBE_03499,FC_GRID_06,10784.86
GRID_CBE_03500,FC_GRID_06,11780.71
GRID_CBE_03501,FC_GRID_06,12777.2
GRID_CBE_03502,FC_GRID_06,13774.2
GRID_CBE_03503,FC_GRID_06,14771.61
GRID_CBE_03504,FC_GRID_06,15769.34
GRID_CBE_03505,FC_GRID_06,16767.35
GRID_CBE_03506,FC_GRID_06,17765.58
GRID_CBE_03507,FC_GRID_06,18764.0
GRID_CBE_03508,FC_GRID_06,19762.57
GRID_CBE_03509,FC_GRID_06,20761.29
GRID_CBE_03510,FC_GRID_06,21760.12
GRID_CBE_03511,FC_GRID_04,11488.56
GRID_CBE_03512,FC_GRID_04,10488.8
GRID_CBE_03513,FC_GRID_04,9489.09
GRID_CBE_03514,FC_GRID_04,8489.45
GRID_CBE_03515,FC_GRID_04,7489.9
GRID_CBE_03516,FC_GRID_04,6490.5
GRID_CBE_03517,FC_GRID_04,5491.31
GRID_CBE_03518,FC_GRID_04,4492.48
GRID_CBE_03519,FC_GRID_04,3494.33
GRID_CBE_03520,FC_GRID_04,2497.65
GRID_CBE_03521,FC_GRID_04,1505.38
GRID_CBE_03522,FC_GRID_04,542.3
GRID_CBE_03523,FC_GRID_04,567.45
GRID_CBE_03524,FC_GRID_04,1532.95
GRID_CBE_03525,FC_GRID_04,2525.44
GRID_CBE_03526,FC_GRID_04,3522.18
GRID_CBE_03527,FC_GRID_04,4520.36
GRID_CBE_03528,FC_GRID_04,5519.2
GRID_CBE_03529,FC_GRID_04,6518.4
GRID_CBE_03530,FC_GRID_04,7517.81
GRID_CBE_03531,FC_GRID_04,8517.36
GRID_CBE_03532,FC_GRID_04,9517.0
GRID_CBE_03533,FC_GRID_04,10516.71
GRID_CBE_03534,FC_GRID_05,10374.51
GRID_CBE_03535,FC_GRID_05,9374.57
GRID_CBE_03536,FC_GRID_05,8374.66
GRID_CBE_03537,FC_GRID_05,7374.76
GRID_CBE_03538,FC_GRID_05,6374.9
GRID_CBE_03539,FC_GRID_05,5375.09
GRID_CBE_03540,FC_GRID_05,4375.37
GRID_CBE_03541,FC_GRID_05,3375.81
GRID_CBE_03542,FC_GRID_05,2376.62
GRID_CBE_03543,FC_GRID_05,1378.6
GRID_CBE_03544,FC_GRID_05,390.87
GRID_CBE_03545,FC_GRID_05,636.41
GRID_CBE_03546,FC_GRID_05,1630.11
GRID_CBE_03547,FC_GRID_05,2628.59
GRID_CBE_03548,FC_GRID_05,3627.91
GRID_CBE_03549,FC_GRID_05,4627.52
GRID_CBE_03550,FC_GRID_05,5627.27
GRID_CBE_03551,FC_GRID_05,6627.1
GRID_CBE_03552,FC_GRID_05,7626.97
GRID_CBE_03553,FC_GRID_05,8626.87
GRID_CBE_03554,FC_GRID_05,9626.79
GRID_CBE_03555,FC_GRID_05,10626.73
GRID_CBE_03556,FC_GRID_06,10264.14
GRID_CBE_03557,FC_GRID_06,9264.15
GRID_CBE_03558,FC_GRID_06,8264.15
GRID_CBE_03559,FC_GRID_06,7264.16
GRID_CBE_03560,FC_GRID_06,6264.17
GRID_CBE_03561,FC_GRID_06,5264.18
GRID_CBE_03562,FC_GRID_06,4264.19
GRID_CBE_03563,FC_GRID_06,3264.22
GRID_CBE_03564,FC_GRID_06,2264.27
GRID_CBE_03565,FC_GRID_06,1264.39
GRID_CBE_03566,FC_GRID_06,265.45
GRID_CBE_03567,FC_GRID_06,736.37
GRID_CBE_03568,FC_GRID_06,1736.09
GRID_CBE_03569,FC_GRID_06,2736.02
GRID_CBE_03570,FC_GRID_06,3735.98
GRID_CBE_03571,FC_GRID_06,4735.96
GRID_CBE_03572,FC_GRID_06,5735.95
GRID_CBE_03573,FC_GRID_06,6735.94
GRID_CBE_03574,FC_GRID_06,7735.94
GRID_CBE_03575,FC_GRID_06,8735.93
GRID_CBE_03576,FC_GRID_06,9735.93
GRID_CBE_03577,FC_GRID_06,10735.92
GRID_CBE_03578,FC_GRID_06,11735.92
GRID_CBE_03579,FC_GRID_06,12735.92
GRID_CBE_03580,FC_GRID_06,13735.92
GRID_CBE_03581,FC_GRID_06,14735.91
GRID_CBE_03582,FC_GRID_06,15735.91
GRID_CBE_03583,FC_GRID_06,16735.91
GRID_CBE_03584,FC_GRID_06,17735.91
GRID_CBE_03585,FC_GRID_06,18735.91
GRID_CBE_03586,FC_GRID_06,19735.91
GRID_CBE_03587,FC_GRID_06,20735.91
GRID_CBE_03588,FC_GRID_06,21735.91
GRID_CBE_03589,FC_GRID_04,11552.84
GRID_CBE_03590,FC_GRID_04,10559.16
GRID_CBE_03591,FC_GRID_04,9566.81
GRID_CBE_03592,FC_GRID_04,8576.23
GRID_CBE_03593,FC_GRID_04,7588.13
GRID_CBE_03594,FC_GRID_04,6603.61
GRID_CBE_03595,FC_GRID_04,5624.55
GRID_CBE_03596,FC_GRID_04,4654.4
GRID_CBE_03597,FC_GRID_04,3700.18
GRID_CBE_03598,FC_GRID_04,2778.36
GRID_CBE_03599,FC_GRID_04,1935.77
GRID_CBE_03600,FC_GRID_04,1332.34
GRID_CBE_03601,FC_GRID_04,1342.78
GRID_CBE_03602,FC_GRID_04,1957.29
GRID_CBE_03603,FC_GRID_04,2803.37
GRID_CBE_03604,FC_GRID_04,3726.5
GRID_CBE_03605,FC_GRID_04,4681.32
GRID_CBE_03606,FC_GRID_04,5651.78
GRID_CBE_03607,FC_GRID_04,6631.03
GRID_CBE_03608,FC_GRID_04,7615.67
GRID_CBE_03609,FC_GRID_04,8603.86
GRID_CBE_03610,FC_GRID_04,9594.49
GRID_CBE_03611,FC_GRID_04,10586.89
GRID_CBE_03612,FC_GRID_05,10433.52
GRID_CBE_03613,FC_GRID_05,9439.84
GRID_CBE_03614,FC_GRID_05,8447.65
GRID_CBE_03615,FC_GRID_05,7457.55
GRID_CBE_03616,FC_GRID_05,6470.5
GRID_CBE_03617,FC_GRID_05,5488.13
GRID_CBE_03618,FC_GRID_05,4513.51
GRID_CBE_03619,FC_GRID_05,3553.03
GRID_CBE_03620,FC_GRID_05,2622.27
GRID_CBE_03621,FC_GRID_05,1768.76
GRID_CBE_03622,FC_GRID_05,1175.06
GRID_CBE_03623,FC_GRID_05,1277.89
GRID_CBE_03624,FC_GRID_05,1971.1
GRID_CBE_03625,FC_GRID_05,2852.63
GRID_CBE_03626,FC_GRID_05,3793.38
GRID_CBE_03627,FC_GRID_05,4758.36
GRID_CBE_03628,FC_GRID_05,5735.35
GRID_CBE_03629,FC_GRID_05,6719.11
GRID_CBE_03630,FC_GRID_05,7707.05
GRID_CBE_03631,FC_GRID_05,8697.75
GRID_CBE_03632,FC_GRID_05,9690.36
GRID_CBE_03633,FC_GRID_05,10684.35
GRID_CBE_03634,FC_GRID_06,10310.16
GRID_CBE_03635,FC_GRID_06,9315.11
GRID_CBE_03636,FC_GRID_06,8321.24
GRID_CBE_03637,FC_GRID_06,7329.03
GRID_CBE_03638,FC_GRID_06,6339.28
GRID_CBE_03639,FC_GRID_06,5353.35
GRID_CBE_03640,FC_GRID_06,4373.8
GRID_CBE_03641,FC_GRID_06,3406.15
GRID_CBE_03642,FC_GRID_06,2464.48
GRID_CBE_03643,FC_GRID_06,1595.44
GRID_CBE_03644,FC_GRID_06,1008.56
GRID_CBE_03645,FC_GRID_06,1220.24
GRID_CBE_03646,FC_GRID_06,1990.17
GRID_CBE_03647,FC_GRID_06,2903.88
GRID_CBE_03648,FC_GRID_06,3860.61
GRID_CBE_03649,FC_GRID_06,4834.88
GRID_CBE_03650,FC_GRID_06,5817.89
GRID_CBE_03651,FC_GRID_06,6805.86
GRID_CBE_03652,FC_GRID_06,7796.89
GRID_CBE_03653,FC_GRID_06,8789.95
GRID_CBE_03654,FC_GRID_06,9784.43
GRID_CBE_03655,FC_GRID_06,10779.93
GRID_CBE_03656,FC_GRID_06,11776.19
GRID_CBE_03657,FC_GRID_06,12773.03
GRID_CBE_03658,FC_GRID_06,13770.33
GRID_CBE_03659,FC_GRID_06,14768.0
GRID_CBE_03660,FC_GRID_06,15765.97
GRID_CBE_03661,FC_GRID_06,16764.17
GRID_CBE_03662,FC_GRID_06,17762.58
GRID_CBE_03663,FC_GRID_06,18761.16
GRID_CBE_03664,FC_GRID_06,19759.88
GRID_CBE_03665,FC_GRID_06,20758.72
GRID_CBE_03666,FC_GRID_06,21757.67
GRID_CBE_03667,FC_GRID_04,11702.52
GRID_CBE_03668,FC_GRID_04,10722.73
GRID_CBE_03669,FC_GRID_04,9747.04
GRID_CBE_03670,FC_GRID_04,8776.83
GRID_CBE_03671,FC_GRID_04,7814.14
GRID_CBE_03672,FC_GRID_04,6862.12
GRID_CBE_03673,FC_GRID_04,5925.92
GRID_CBE_03674,FC_GRID_04,5014.43
GRID_CBE_03675,FC_GRID_04,4143.96
GRID_CBE_03676,FC_GRID_04,3346.69
GRID_CBE_03677,FC_GRID_04,2688.54
GRID_CBE_03678,FC_GRID_04,2292.63
GRID_CBE_03679,FC_GRID_04,2298.71
GRID_CBE_03680,FC_GRID_04,2704.07
GRID_CBE_03681,FC_GRID_04,3367.48
GRID_CBE_03682,FC_GRID_04,4167.47
GRID_CBE_03683,FC_GRID_04,5039.42
GRID_CBE_03684,FC_GRID_04,5951.78
GRID_CBE_03685,FC_GRID_04,6888.51
GRID_CBE_03686,FC_GRID_04,7840.89
GRID_CBE_03687,FC_GRID_04,8803.83
GRID_CBE_03688,FC_GRID_04,9774.22
GRID_CBE_03689,FC_GRID_04,10750.04
GRID_CBE_03690,FC_GRID_05,10587.08
GRID_CBE_03691,FC_GRID_05,9609.3
GRID_CBE_03692,FC_GRID_05,8636.6
GRID_CBE_03693,FC_GRID_05,7670.92
GRID_CBE_03694,FC_GRID_05,6715.3
GRID_CBE_03695,FC_GRID_05,5774.73
GRID_CBE_03696,FC_GRID_05,4857.96
GRID_CBE_03697,FC_GRID_05,3981.46
GRID_CBE_03698,FC_GRID_05,3178.72
GRID_CBE_03699,FC_GRID_05,2521.21
GRID_CBE_03700,FC_GRID_05,2146.8
GRID_CBE_03701,FC_GRID_05,2204.76
GRID_CBE_03702,FC_GRID_05,2667.06
GRID_CBE_03703,FC_GRID_05,3371.27
GRID_CBE_03704,FC_GRID_05,4197.34
GRID_CBE_03705,FC_GRID_05,5086.25
GRID_CBE_03706,FC_GRID_05,6010.17
GRID_CBE_03707,FC_GRID_05,6955.17
GRID_CBE_03708,FC_GRID_05,7913.7
GRID_CBE_03709,FC_GRID_05,8881.38
GRID_CBE_03710,FC_GRID_05,9855.51
GRID_CBE_03711,FC_GRID_05,10834.36
GRID_CBE_03712,FC_GRID_06,10452.09
GRID_CBE_03713,FC_GRID_06,9471.95
GRID_CBE_03714,FC_GRID_06,8496.45
GRID_CBE_03715,FC_GRID_06,7527.38
GRID_CBE_03716,FC_GRID_06,6567.59
GRID_CBE_03717,FC_GRID_06,5621.84
GRID_CBE_03718,FC_GRID_06,4698.6
GRID_CBE_03719,FC_GRID_06,3814.26
GRID_CBE_03720,FC_GRID_06,3003.4
GRID_CBE_03721,FC_GRID_06,2343.54
GRID_CBE_03722,FC_GRID_06,1990.97
GRID_CBE_03723,FC_GRID_06,2106.12
GRID_CBE_03724,FC_GRID_06,2628.21
GRID_CBE_03725,FC_GRID_06,3373.32
GRID_CBE_03726,FC_GRID_06,4225.05
GRID_CBE_03727,FC_GRID_06,5130.58
GRID_CBE_03728,FC_GRID_06,6065.86
GRID_CBE_03729,FC_GRID_06,7019.0
GRID_CBE_03730,FC_GRID_06,7983.62
GRID_CBE_03731,FC_GRID_06,8956.0
GRID_CBE_03732,FC_GRID_06,9933.87
GRID_CBE_03733,FC_GRID_06,10915.75
GRID_CBE_03734,FC_GRID_06,11900.64
GRID_CBE_03735,FC_GRID_06,12887.87
GRID_CBE_03736,FC_GRID_06,13876.92
GRID_CBE_03737,FC_GRID_06,14867.44
GRID_CBE_03738,FC_GRID_06,15859.14
GRID_CBE_03739,FC_GRID_06,16851.83
GRID_CBE_03740,FC_GRID_06,17845.34
GRID_CBE_03741,FC_GRID_06,18839.53
GRID_CBE_03742,FC_GRID_06,19834.3
GRID_CBE_03743,FC_GRID_06,20829.58
GRID_CBE_03744,FC_GRID_06,21825.29
GRID_CBE_03745,FC_GRID_04,11934.41
GRID_CBE_03746,FC_GRID_04,10975.34
GRID_CBE_03747,FC_GRID_04,10024.27
GRID_CBE_03748,FC_GRID_04,9083.71
GRID_CBE_03749,FC_GRID_04,8157.31
GRID_CBE_03750,FC_GRID_04,7250.5
GRID_CBE_03751,FC_GRID_04,6371.62
GRID_CBE_03752,FC_GRID_04,5534.03
GRID_CBE_03753,FC_GRID_04,4759.56
GRID_CBE_03754,FC_GRID_04,4084.28
GRID_CBE_03755,FC_GRID_04,3565.01
GRID_CBE_03756,FC_GRID_04,3276.77
GRID_CBE_03757,FC_GRID_04,3281.02
GRID_CBE_03758,FC_GRID_04,3576.74
GRID_CBE_03759,FC_GRID_04,4101.34
GRID_CBE_03760,FC_GRID_04,4780.05
GRID_CBE_03761,FC_GRID_04,5556.69
GRID_CBE_03762,FC_GRID_04,6395.68
GRID_CBE_03763,FC_GRID_04,7275.48
GRID_CBE_03764,FC_GRID_04,8182.94
GRID_CBE_03765,FC_GRID_04,9109.8
GRID_CBE_03766,FC_GRID_04,10050.69
GRID_CBE_03767,FC_GRID_04,11002.01
GRID_CBE_03768,FC_GRID_05,10831.17
GRID_CBE_03769,FC_GRID_05,9877.58
GRID_CBE_03770,FC_GRID_05,8934.14
GRID_CBE_03771,FC_GRID_05,8004.44
GRID_CBE_03772,FC_GRID_05,7093.89
GRID_CBE_03773,FC_GRID_05,6210.92
GRID_CBE_03774,FC_GRID_05,5369.15
GRID_CBE_03775,FC_GRID_05,4591.3
GRID_CBE_03776,FC_GRID_05,3915.64
GRID_CBE_03777,FC_GRID_05,3403.6
GRID_CBE_03778,FC_GRID_05,3136.35
GRID_CBE_03779,FC_GRID_05,3176.31
GRID_CBE_03780,FC_GRID_05,3513.0
GRID_CBE_03781,FC_GRID_05,4073.5
GRID_CBE_03782,FC_GRID_05,4779.72
GRID_CBE_03783,FC_GRID_05,5576.55
GRID_CBE_03784,FC_GRID_05,6430.41
GRID_CBE_03785,FC_GRID_05,7321.37
GRID_CBE_03786,FC_GRID_05,8237.39
GRID_CBE_03787,FC_GRID_05,9170.98
GRID_CBE_03788,FC_GRID_05,10117.27
GRID_CBE_03789,FC_GRID_05,11073.0
GRID_CBE_03790,FC_GRID_06,10686.11
GRID_CBE_03791,FC_GRID_06,9729.58
GRID_CBE_03792,FC_GRID_06,8782.74
GRID_CBE_03793,FC_GRID_06,7849.09
GRID_CBE_03794,FC_GRID_06,6933.97
GRID_CBE_03795,FC_GRID_06,6045.81
GRID_CBE_03796,FC_GRID_06,5198.42
GRID_CBE_03797,FC_GRID_06,4415.35
GRID_CBE_03798,FC_GRID_06,3737.26
GRID_CBE_03799,FC_GRID_06,3230.93
GRID_CBE_03800,FC_GRID_06,2985.08
GRID_CBE_03801,FC_GRID_06,3063.08
GRID_CBE_03802,FC_GRID_06,3443.0
GRID_CBE_03803,FC_GRID_06,4040.55
GRID_CBE_03804,FC_GRID_06,4774.7
GRID_CBE_03805,FC_GRID_06,5591.92
GRID_CBE_03806,FC_GRID_06,6460.76
GRID_CBE_03807,FC_GRID_06,7362.96
GRID_CBE_03808,FC_GRID_06,8287.64
GRID_CBE_03809,FC_GRID_06,9228.04
GRID_CBE_03810,FC_GRID_06,10179.81
GRID_CBE_03811,FC_GRID_06,11140.03
GRID_CBE_03812,FC_GRID_06,12106.69
GRID_CBE_03813,FC_GRID_06,13078.37
GRID_CBE_03814,FC_GRID_06,14054.02
GRID_CBE_03815,FC_GRID_06,15032.88
GRID_CBE_03816,FC_GRID_06,16014.34
GRID_CBE_03817,FC_GRID_06,16997.97
GRID_CBE_03818,FC_GRID_06,17983.4
GRID_CBE_03819,FC_GRID_06,18970.36
GRID_CBE_03820,FC_GRID_06,19958.61
GRID_CBE_03821,FC_GRID_06,20947.98
GRID_CBE_03822,FC_GRID_06,21938.32
GRID_CBE_03823,FC_GRID_04,12243.82
GRID_CBE_03824,FC_GRID_04,11311.01
GRID_CBE_03825,FC_GRID_04,10390.72
GRID_CBE_03826,FC_GRID_04,9486.56
GRID_CBE_03827,FC_GRID_04,8603.65
GRID_CBE_03828,FC_GRID_04,7749.24
GRID_CBE_03829,FC_GRID_04,6933.88
GRID_CBE_03830,FC_GRID_04,6173.05
GRID_CBE_03831,FC_GRID_04,5489.49
GRID_CBE_03832,FC_GRID_04,4915.53
GRID_CBE_03833,FC_GRID_04,4493.36
GRID_CBE_03834,FC_GRID_04,4268.28
GRID_CBE_03835,FC_GRID_04,4271.55
GRID_CBE_03836,FC_GRID_04,4502.68
GRID_CBE_03837,FC_GRID_04,4929.71
GRID_CBE_03838,FC_GRID_04,5507.26
GRID_CBE_03839,FC_GRID_04,6193.37
GRID_CBE_03840,FC_GRID_04,6955.99
GRID_CBE_03841,FC_GRID_04,7772.62
GRID_CBE_03842,FC_GRID_04,8627.95
GRID_CBE_03843,FC_GRID_04,9511.55
GRID_CBE_03844,FC_GRID_04,10416.21
GRID_CBE_03845,FC_GRID_04,11336.9
GRID_CBE_03846,FC_GRID_05,11159.85
GRID_CBE_03847,FC_GRID_05,10236.92
GRID_CBE_03848,FC_GRID_05,9329.89
GRID_CBE_03849,FC_GRID_05,8443.87
GRID_CBE_03850,FC_GRID_05,7586.25
GRID_CBE_03851,FC_GRID_05,6767.83
GRID_CBE_03852,FC_GRID_05,6004.64
GRID_CBE_03853,FC_GRID_05,5320.52
GRID_CBE_03854,FC_GRID_05,4749.76
GRID_CBE_03855,FC_GRID_05,4337.33
GRID_CBE_03856,FC_GRID_05,4130.94
GRID_CBE_03857,FC_GRID_05,4161.36
GRID_CBE_03858,FC_GRID_05,4423.71
GRID_CBE_03859,FC_GRID_05,4880.72
GRID_CBE_03860,FC_GRID_05,5483.95
GRID_CBE_03861,FC_GRID_05,6190.79
GRID_CBE_03862,FC_GRID_05,6969.8
GRID_CBE_03863,FC_GRID_05,7799.38
GRID_CBE_03864,FC_GRID_05,8665.02
GRID_CBE_03865,FC_GRID_05,9556.93
GRID_CBE_03866,FC_GRID_05,10468.39
GRID_CBE_03867,FC_GRID_05,11394.71
GRID_CBE_03868,FC_GRID_06,11006.34
GRID_CBE_03869,FC_GRID_06,10080.25
GRID_CBE_03870,FC_GRID_06,9169.69
GRID_CBE_03871,FC_GRID_06,8279.79
GRID_CBE_03872,FC_GRID_06,7418.0
GRID_CBE_03873,FC_GRID_06,6595.34
GRID_CBE_03874,FC_GRID_06,5828.4
GRID_CBE_03875,FC_GRID_06,5142.19
GRID_CBE_03876,FC_GRID_06,4573.17
GRID_CBE_03877,FC_GRID_06,4169.61
GRID_CBE_03878,FC_GRID_06,3982.14
GRID_CBE_03879,FC_GRID_06,4040.94
GRID_CBE_03880,FC_GRID_06,4336.01
GRID_CBE_03881,FC_GRID_06,4824.19
GRID_CBE_03882,FC_GRID_06,5453.86
GRID_CBE_03883,FC_GRID_06,6181.94
GRID_CBE_03884,FC_GRID_06,6977.69
GRID_CBE_03885,FC_GRID_06,7820.48
GRID_CBE_03886,FC_GRID_06,8696.65
GRID_CBE_03887,FC_GRID_06,9597.05
GRID_CBE_03888,FC_GRID_06,10515.48
GRID_CBE_03889,FC_GRID_06,11447.58
GRID_CBE_03890,FC_GRID_06,12390.27
GRID_CBE_03891,FC_GRID_06,13341.31
GRID_CBE_03892,FC_GRID_06,14299.03
GRID_CBE_03893,FC_GRID_06,15262.18
GRID_CBE_03894,FC_GRID_06,16229.78
GRID_CBE_03895,FC_GRID_06,17201.1
GRID_CBE_03896,FC_GRID_06,18175.52
GRID_CBE_03897,FC_GRID_06,19152.58
GRID_CBE_03898,FC_GRID_06,20131.89
GRID_CBE_03899,FC_GRID_06,21113.14
GRID_CBE_03900,FC_GRID_06,22096.08
GRID_CBE_03901,FC_GRID_04,12625.06
GRID_CBE_03902,FC_GRID_04,11722.63
GRID_CBE_03903,FC_GRID_04,10837.34
GRID_CBE_03904,FC_GRID_04,9973.76
GRID_CBE_03905,FC_GRID_04,9138.04
GRID_CBE_03906,FC_GRID_04,8338.57
GRID_CBE_03907,FC_GRID_04,7586.81
GRID_CBE_03908,FC_GRID_04,6898.38
GRID_CBE_03909,FC_GRID_04,6294.09
GRID_CBE_03910,FC_GRID_04,5800.3
GRID_CBE_03911,FC_GRID_04,5447.14
GRID_CBE_03912,FC_GRID_04,5263.01
GRID_CBE_03913,FC_GRID_04,5265.66
GRID_CBE_03914,FC_GRID_04,5454.83
GRID_CBE_03915,FC_GRID_04,5812.32
GRID_CBE_03916,FC_GRID_04,6309.59
GRID_CBE_03917,FC_GRID_04,6916.57
GRID_CBE_03918,FC_GRID_04,7607.02
GRID_CBE_03919,FC_GRID_04,8360.31
GRID_CBE_03920,FC_GRID_04,9160.93
GRID_CBE_03921,FC_GRID_04,9997.53
GRID_CBE_03922,FC_GRID_04,10861.79
GRID_CBE_03923,FC_GRID_04,11747.61
GRID_CBE_03924,FC_GRID_05,11565.91
GRID_CBE_03925,FC_GRID_05,10678.13
GRID_CBE_03926,FC_GRID_05,9811.97
GRID_CBE_03927,FC_GRID_05,8973.68
GRID_CBE_03928,FC_GRID_05,8171.86
GRID_CBE_03929,FC_GRID_05,7418.32
GRID_CBE_03930,FC_GRID_05,6729.32
GRID_CBE_03931,FC_GRID_05,6126.66
GRID_CBE_03932,FC_GRID_05,5638.1
GRID_CBE_03933,FC_GRID_05,5295.32
GRID_CBE_03934,FC_GRID_05,5127.64
GRID_CBE_03935,FC_GRID_05,5152.18
GRID_CBE_03936,FC_GRID_05,5366.3
GRID_CBE_03937,FC_GRID_05,5748.86
GRID_CBE_03938,FC_GRID_05,6269.1
GRID_CBE_03939,FC_GRID_05,6895.93
GRID_CBE_03940,FC_GRID_05,7603.03
GRID_CBE_03941,FC_GRID_05,8370.09
GRID_CBE_03942,FC_GRID_05,9182.08
GRID_CBE_03943,FC_GRID_05,10028.1
GRID_CBE_03944,FC_GRID_05,10900.23
GRID_CBE_03945,FC_GRID_05,11792.68
GRID_CBE_03946,FC_GRID_06,11405.54
GRID_CBE_03947,FC_GRID_06,10514.66
GRID_CBE_03948,FC_GRID_06,9645.2
GRID_CBE_03949,FC_GRID_06,8803.51
GRID_CBE_03950,FC_GRID_06,7998.34
GRID_CBE_03951,FC_GRID_06,7241.91
GRID_CBE_03952,FC_GRID_06,6551.11
GRID_CBE_03953,FC_GRID_06,5948.85
GRID_CBE_03954,FC_GRID_06,5464.49
GRID_CBE_03955,FC_GRID_06,5131.51
GRID_CBE_03956,FC_GRID_06,4980.38
GRID_CBE_03957,FC_GRID_06,5027.52
GRID_CBE_03958,FC_GRID_06,5267.61
GRID_CBE_03959,FC_GRID_06,5676.22
GRID_CBE_03960,FC_GRID_06,6220.23
GRID_CBE_03961,FC_GRID_06,6867.54
GRID_CBE_03962,FC_GRID_06,7591.76
GRID_CBE_03963,FC_GRID_06,8372.97
GRID_CBE_03964,FC_GRID_06,9196.65
GRID_CBE_03965,FC_GRID_06,10052.37
GRID_CBE_03966,FC_GRID_06,10932.61
GRID_CBE_03967,FC_GRID_06,11831.9
GRID_CBE_03968,FC_GRID_06,12746.2
GRID_CBE_03969,FC_GRID_06,13672.5
GRID_CBE_03970,FC_GRID_06,14608.53
GRID_CBE_03971,FC_GRID_06,15552.52
GRID_CBE_03972,FC_GRID_06,16503.11
GRID_CBE_03973,FC_GRID_06,17459.22
GRID_CBE_03974,FC_GRID_06,18419.99
GRID_CBE_03975,FC_GRID_06,19384.74
GRID_CBE_03976,FC_GRID_06,20352.88
GRID_CBE_03977,FC_GRID_06,21323.97
GRID_CBE_03978,FC_GRID_06,22297.61
GRID_CBE_03979,FC_GRID_04,13071.85
GRID_CBE_03980,FC_GRID_04,12202.5
GRID_CBE_03981,FC_GRID_04,11354.69
GRID_CBE_03982,FC_GRID_04,10533.61
GRID_CBE_03983,FC_GRID_04,9746.02
GRID_CBE_03984,FC_GRID_04,9000.71
GRID_CBE_03985,FC_GRID_04,8309.07
GRID_CBE_03986,FC_GRID_04,7685.61
GRID_CBE_03987,FC_GRID_04,7148.19
GRID_CBE_03988,FC_GRID_04,6717.48
GRID_CBE_03989,FC_GRID_04,6415.01
GRID_CBE_03990,FC_GRID_04,6259.42
GRID_CBE_03991,FC_GRID_04,6261.65
GRID_CBE_03992,FC_GRID_04,6421.54
GRID_CBE_03993,FC_GRID_04,6727.86
GRID_CBE_03994,FC_GRID_04,7161.84
GRID_CBE_03995,FC_GRID_04,7701.94
GRID_CBE_03996,FC_GRID_04,8327.54
GRID_CBE_03997,FC_GRID_04,9020.85
GRID_CBE_03998,FC_GRID_04,9767.48
GRID_CBE_03999,FC_GRID_04,10556.12
GRID_CBE_04000,FC_GRID_04,11378.03
GRID_CBE_04001,FC_GRID_04,12226.51
GRID_CBE_04002,FC_GRID_05,12041.52
GRID_CBE_04003,FC_GRID_05,11191.54
GRID_CBE_04004,FC_GRID_05,10368.35
GRID_CBE_04005,FC_GRID_05,9578.88
GRID_CBE_04006,FC_GRID_05,8832.17
GRID_CBE_04007,FC_GRID_05,8139.99
GRID_CBE_04008,FC_GRID_05,7517.43
GRID_CBE_04009,FC_GRID_05,6983.12
GRID_CBE_04010,FC_GRID_05,6558.67
GRID_CBE_04011,FC_GRID_05,6266.45
GRID_CBE_04012,FC_GRID_05,6125.41
GRID_CBE_04013,FC_GRID_05,6145.97
GRID_CBE_04014,FC_GRID_05,6326.54
GRID_CBE_04015,FC_GRID_05,6654.13
GRID_CBE_04016,FC_GRID_05,7108.42
GRID_CBE_04017,FC_GRID_05,7666.93
GRID_CBE_04018,FC_GRID_05,8308.68
GRID_CBE_04019,FC_GRID_05,9015.89
GRID_CBE_04020,FC_GRID_05,9774.38
GRID_CBE_04021,FC_GRID_05,10573.12
GRID_CBE_04022,FC_GRID_05,11403.64
GRID_CBE_04023,FC_GRID_05,12259.5
GRID_CBE_04024,FC_GRID_06,11875.74
GRID_CBE_04025,FC_GRID_06,11022.93
GRID_CBE_04026,FC_GRID_06,10196.89
GRID_CBE_04027,FC_GRID_06,9404.7
GRID_CBE_04028,FC_GRID_06,8655.65
GRID_CBE_04029,FC_GRID_06,7961.91
GRID_CBE_04030,FC_GRID_06,7339.2
GRID_CBE_04031,FC_GRID_06,6807.02
GRID_CBE_04032,FC_GRID_06,6388.06
GRID_CBE_04033,FC_GRID_06,6105.66
GRID_CBE_04034,FC_GRID_06,5979.21
GRID_CBE_04035,FC_GRID_06,6018.53
GRID_CBE_04036,FC_GRID_06,6220.49
GRID_CBE_04037,FC_GRID_06,6570.1
GRID_CBE_04038,FC_GRID_06,7045.43
GRID_CBE_04039,FC_GRID_06,7622.98
GRID_CBE_04040,FC_GRID_06,8281.4
GRID_CBE_04041,FC_GRID_06,9002.96
GRID_CBE_04042,FC_GRID_06,9773.7
GRID_CBE_04043,FC_GRID_06,10582.86
GRID_CBE_04044,FC_GRID_06,11422.29
GRID_CBE_04045,FC_GRID_06,12285.78
GRID_CBE_04046,FC_GRID_06,13168.61
GRID_CBE_04047,FC_GRID_06,14067.13
GRID_CBE_04048,FC_GRID_06,14978.51
GRID_CBE_04049,FC_GRID_06,15900.55
GRID_CBE_04050,FC_GRID_06,16831.5
GRID_CBE_04051,FC_GRID_06,17769.95
GRID_CBE_04052,FC_GRID_06,18714.78
GRID_CBE_04053,FC_GRID_06,19665.06
GRID_CBE_04054,FC_GRID_06,20620.05
GRID_CBE_04055,FC_GRID_06,21579.12
GRID_CBE_04056,FC_GRID_06,22541.74
GRID_CBE_04057,FC_GRID_04,13577.71
GRID_CBE_04058,FC_GRID_04,12742.93
GRID_CBE_04059,FC_GRID_04,11933.57
GRID_CBE_04060,FC_GRID_04,11155.18
GRID_CBE_04061,FC_GRID_04,10414.7
GRID_CBE_04062,FC_GRID_04,9720.79
GRID_CBE_04063,FC_GRID_04,9084.15
GRID_CBE_04064,FC_GRID_04,8517.61
GRID_CBE_04065,FC_GRID_04,8036.02
GRID_CBE_04066,FC_GRID_04,7655.42
GRID_CBE_04067,FC_GRID_04,7391.44
GRID_CBE_04068,FC_GRID_04,7256.82
GRID_CBE_04069,FC_GRID_04,7258.74
GRID_CBE_04070,FC_GRID_04,7397.11
GRID_CBE_04071,FC_GRID_04,7664.54
GRID_CBE_04072,FC_GRID_04,8048.17
GRID_CBE_04073,FC_GRID_04,8532.35
GRID_CBE_04074,FC_GRID_04,9101.04
GRID_CBE_04075,FC_GRID_04,9739.45
GRID_CBE_04076,FC_GRID_04,10434.78
GRID_CBE_04077,FC_GRID_04,11176.43
GRID_CBE_04078,FC_GRID_04,11955.78
GRID_CBE_04079,FC_GRID_04,12765.91
GRID_CBE_04080,FC_GRID_05,12578.8
GRID_CBE_04081,FC_GRID_05,11767.69
GRID_CBE_04082,FC_GRID_05,10987.75
GRID_CBE_04083,FC_GRID_05,10246.12
GRID_CBE_04084,FC_GRID_05,9551.71
GRID_CBE_04085,FC_GRID_05,8915.57
GRID_CBE_04086,FC_GRID_05,8351.03
GRID_CBE_04087,FC_GRID_05,7873.49
GRID_CBE_04088,FC_GRID_05,7499.61
GRID_CBE_04089,FC_GRID_05,7245.44
GRID_CBE_04090,FC_GRID_05,7123.81
GRID_CBE_04091,FC_GRID_05,7141.49
GRID_CBE_04092,FC_GRID_05,7297.47
GRID_CBE_04093,FC_GRID_05,7583.23
GRID_CBE_04094,FC_GRID_05,7984.84
GRID_CBE_04095,FC_GRID_05,8485.86
GRID_CBE_04096,FC_GRID_05,9069.84
GRID_CBE_04097,FC_GRID_05,9721.85
GRID_CBE_04098,FC_GRID_05,10429.12
GRID_CBE_04099,FC_GRID_05,11181.18
GRID_CBE_04100,FC_GRID_05,11969.59
GRID_CBE_04101,FC_GRID_05,12787.62
GRID_CBE_04102,FC_GRID_06,12408.86
GRID_CBE_04103,FC_GRID_06,11595.33
GRID_CBE_04104,FC_GRID_06,10813.11
GRID_CBE_04105,FC_GRID_06,10069.52
GRID_CBE_04106,FC_GRID_06,9373.74
GRID_CBE_04107,FC_GRID_06,8737.2
GRID_CBE_04108,FC_GRID_06,8173.77
GRID_CBE_04109,FC_GRID_06,7699.5
GRID_CBE_04110,FC_GRID_06,7331.72
GRID_CBE_04111,FC_GRID_06,7087.02
GRID_CBE_04112,FC_GRID_06,6978.37
GRID_CBE_04113,FC_GRID_06,7012.09
GRID_CBE_04114,FC_GRID_06,7186.18
GRID_CBE_04115,FC_GRID_06,7490.86
GRID_CBE_04116,FC_GRID_06,7911.05
GRID_CBE_04117,FC_GRID_06,8429.5
GRID_CBE_04118,FC_GRID_06,9029.3
GRID_CBE_04119,FC_GRID_06,9695.37
GRID_CBE_04120,FC_GRID_06,10414.98
GRID_CBE_04121,FC_GRID_06,11177.82
GRID_CBE_04122,FC_GRID_06,11975.62
GRID_CBE_04123,FC_GRID_06,12801.84
GRID_CBE_04124,FC_GRID_06,13651.34
GRID_CBE_04125,FC_GRID_06,14520.01
GRID_CBE_04126,FC_GRID_06,15404.63
GRID_CBE_04127,FC_GRID_06,16302.59
GRID_CBE_04128,FC_GRID_06,17211.8
GRID_CBE_04129,FC_GRID_06,18130.58
GRID_CBE_04130,FC_GRID_06,19057.54
GRID_CBE_04131,FC_GRID_06,19991.53
GRID_CBE_04132,FC_GRID_06,20931.63
GRID_CBE_04133,FC_GRID_06,21877.04
GRID_CBE_04134,FC_GRID_06,22827.11
GRID_CBE_04135,FC_GRID_04,14136.31
GRID_CBE_04136,FC_GRID_04,13336.54
GRID_CBE_04137,FC_GRID_04,12565.47
GRID_CBE_04138,FC_GRID_04,11828.74
GRID_CBE_04139,FC_GRID_04,11133.15
GRID_CBE_04140,FC_GRID_04,10486.89
GRID_CBE_04141,FC_GRID_04,9899.64
GRID_CBE_04142,FC_GRID_04,9382.47
GRID_CBE_04143,FC_GRID_04,8947.55
GRID_CBE_04144,FC_GRID_04,8607.36
GRID_CBE_04145,FC_GRID_04,8373.44
GRID_CBE_04146,FC_GRID_04,8254.84
GRID_CBE_04147,FC_GRID_04,8256.53
GRID_CBE_04148,FC_GRID_04,8378.44
GRID_CBE_04149,FC_GRID_04,8615.46
GRID_CBE_04150,FC_GRID_04,8958.46
GRID_CBE_04151,FC_GRID_04,9395.85
GRID_CBE_04152,FC_GRID_04,9915.14
GRID_CBE_04153,FC_GRID_04,10504.18
GRID_CBE_04154,FC_GRID_04,11151.94
GRID_CBE_04155,FC_GRID_04,11848.78
GRID_CBE_04156,FC_GRID_04,12586.56
GRID_CBE_04157,FC_GRID_04,13358.5
GRID_CBE_04158,FC_GRID_05,13170.2
GRID_CBE_04159,FC_GRID_05,12397.84
GRID_CBE_04160,FC_GRID_05,11660.13
GRID_CBE_04161,FC_GRID_05,10964.07
GRID_CBE_04162,FC_GRID_05,10318.1
GRID_CBE_04163,FC_GRID_05,9732.18
GRID_CBE_04164,FC_GRID_05,9217.79
GRID_CBE_04165,FC_GRID_05,8787.49
GRID_CBE_04166,FC_GRID_05,8454.12
GRID_CBE_04167,FC_GRID_05,8229.48
GRID_CBE_04168,FC_GRID_05,8122.6
GRID_CBE_04169,FC_GRID_05,8138.11
GRID_CBE_04170,FC_GRID_05,8275.33
GRID_CBE_04171,FC_GRID_05,8528.38
GRID_CBE_04172,FC_GRID_05,8887.38
GRID_CBE_04173,FC_GRID_05,9340.12
GRID_CBE_04174,FC_GRID_05,9873.71
GRID_CBE_04175,FC_GRID_05,10475.8
GRID_CBE_04176,FC_GRID_05,11135.28
GRID_CBE_04177,FC_GRID_05,11842.58
GRID_CBE_04178,FC_GRID_05,12589.64
GRID_CBE_04179,FC_GRID_05,13369.79
GRID_CBE_04180,FC_GRID_06,12997.18
GRID_CBE_04181,FC_GRID_06,12222.86
GRID_CBE_04182,FC_GRID_06,11483.47
GRID_CBE_04183,FC_GRID_06,10786.19
GRID_CBE_04184,FC_GRID_06,10139.71
GRID_CBE_04185,FC_GRID_06,9554.34
GRID_CBE_04186,FC_GRID_06,9041.97
GRID_CBE_04187,FC_GRID_06,8615.63
GRID_CBE_04188,FC_GRID_06,8288.6
GRID_CBE_04189,FC_GRID_06,8072.96
GRID_CBE_04190,FC_GRID_06,7977.74
GRID_CBE_04191,FC_GRID_06,8007.26
GRID_CBE_04192,FC_GRID_06,8160.14
GRID_CBE_04193,FC_GRID_06,8429.69
GRID_CBE_04194,FC_GRID_06,8805.2
GRID_CBE_04195,FC_GRID_06,9273.8
GRID_CBE_04196,FC_GRID_06,9822.17
GRID_CBE_04197,FC_GRID_06,10437.76
GRID_CBE_04198,FC_GRID_06,11109.39
GRID_CBE_04199,FC_GRID_06,11827.53
GRID_CBE_04200,FC_GRID_06,12584.2
GRID_CBE_04201,FC_GRID_06,13372.88
GRID_CBE_04202,FC_GRID_06,14188.23
GRID_CBE_04203,FC_GRID_06,15025.9
GRID_CBE_04204,FC_GRID_06,15882.36
GRID_CBE_04205,FC_GRID_06,16754.73
GRID_CBE_04206,FC_GRID_06,17640.66
GRID_CBE_04207,FC_GRID_06,18538.19
GRID_CBE_04208,FC_GRID_06,19445.73
GRID_CBE_04209,FC_GRID_06,20361.93
GRID_CBE_04210,FC_GRID_06,21285.68
GRID_CBE_04211,FC_GRID_06,22216.02
GRID_CBE_04212,FC_GRID_06,23152.18
GRID_CBE_04213,FC_GRID_04,14741.65
GRID_CBE_04214,FC_GRID_04,13976.56
GRID_CBE_04215,FC_GRID_04,13242.82
GRID_CBE_04216,FC_GRID_04,12545.92
GRID_CBE_04217,FC_GRID_04,11892.35
GRID_CBE_04218,FC_GRID_04,11289.64
GRID_CBE_04219,FC_GRID_04,10746.34
GRID_CBE_04220,FC_GRID_04,10271.89
GRID_CBE_04221,FC_GRID_04,9876.22
GRID_CBE_04222,FC_GRID_04,9569.1
GRID_CBE_04223,FC_GRID_04,9359.25
GRID_CBE_04224,FC_GRID_04,9253.29
GRID_CBE_04225,FC_GRID_04,9254.8
GRID_CBE_04226,FC_GRID_04,9363.72
GRID_CBE_04227,FC_GRID_04,9576.39
GRID_CBE_04228,FC_GRID_04,9886.11
GRID_CBE_04229,FC_GRID_04,10284.12
GRID_CBE_04230,FC_GRID_04,10760.62
GRID_CBE_04231,FC_GRID_04,11305.7
GRID_CBE_04232,FC_GRID_04,11909.95
GRID_CBE_04233,FC_GRID_04,12564.82
GRID_CBE_04234,FC_GRID_04,13262.83
GRID_CBE_04235,FC_GRID_04,13997.52
GRID_CBE_04236,FC_GRID_05,13808.77
GRID_CBE_04237,FC_GRID_05,13074.19
GRID_CBE_04238,FC_GRID_05,12376.86
GRID_CBE_04239,FC_GRID_05,11723.43
GRID_CBE_04240,FC_GRID_05,11121.65
GRID_CBE_04241,FC_GRID_05,10580.33
GRID_CBE_04242,FC_GRID_05,10109.19
GRID_CBE_04243,FC_GRID_05,9718.43
GRID_CBE_04244,FC_GRID_05,9418.07
GRID_CBE_04245,FC_GRID_05,9216.96
GRID_CBE_04246,FC_GRID_05,9121.66
GRID_CBE_04247,FC_GRID_05,9135.47
GRID_CBE_04248,FC_GRID_05,9257.92
GRID_CBE_04249,FC_GRID_05,9484.79
GRID_CBE_04250,FC_GRID_05,9808.85
GRID_CBE_04251,FC_GRID_05,10220.85
GRID_CBE_04252,FC_GRID_05,10710.65
GRID_CBE_04253,FC_GRID_05,11268.11
GRID_CBE_04254,FC_GRID_05,11883.71
GRID_CBE_04255,FC_GRID_05,12548.89
GRID_CBE_04256,FC_GRID_05,13256.21
GRID_CBE_04257,FC_GRID_05,13999.26
GRID_CBE_04258,FC_GRID_06,13633.54
GRID_CBE_04259,FC_GRID_06,12897.48
GRID_CBE_04260,FC_GRID_06,12199.05
GRID_CBE_04261,FC_GRID_06,11545.07
GRID_CBE_04262,FC_GRID_06,10943.51
GRID_CBE_04263,FC_GRID_06,10403.47
GRID_CBE_04264,FC_GRID_06,9934.99
GRID_CBE_04265,FC_GRID_06,9548.6
GRID_CBE_04266,FC_GRID_06,9254.6
GRID_CBE_04267,FC_GRID_06,9061.97
GRID_CBE_04268,FC_GRID_06,8977.26
GRID_CBE_04269,FC_GRID_06,9003.49
GRID_CBE_04270,FC_GRID_06,9139.73
GRID_CBE_04271,FC_GRID_06,9381.18
GRID_CBE_04272,FC_GRID_06,9719.99
GRID_CBE_04273,FC_GRID_06,10146.43
GRID_CBE_04274,FC_GRID_06,10649.97
GRID_CBE_04275,FC_GRID_06,11220.23
GRID_CBE_04276,FC_GRID_06,11847.59
GRID_CBE_04277,FC_GRID_06,12523.46
GRID_CBE_04278,FC_GRID_06,13240.43
GRID_CBE_04279,FC_GRID_06,13992.17
GRID_CBE_04280,FC_GRID_06,14773.37
GRID_CBE_04281,FC_GRID_06,15579.61
GRID_CBE_04282,FC_GRID_06,16407.19
GRID_CBE_04283,FC_GRID_06,17253.05
GRID_CBE_04284,FC_GRID_06,18114.62
GRID_CBE_04285,FC_GRID_06,18989.77
GRID_CBE_04286,FC_GRID_06,19876.7
GRID_CBE_04287,FC_GRID_06,20773.9
GRID_CBE_04288,FC_GRID_06,21680.1
GRID_CBE_04289,FC_GRID_06,22594.21
GRID_CBE_04290,FC_GRID_06,23515.32
GRID_CBE_04291,FC_GRID_04,15388.22
GRID_CBE_04292,FC_GRID_04,14656.92
GRID_CBE_04293,FC_GRID_04,13958.98
GRID_CBE_04294,FC_GRID_04,13299.67
GRID_CBE_04295,FC_GRID_04,12684.99
GRID_CBE_04296,FC_GRID_04,12121.76
GRID_CBE_04297,FC_GRID_04,11617.44
GRID_CBE_04298,FC_GRID_04,11180.02
GRID_CBE_04299,FC_GRID_04,10817.61
GRID_CBE_04300,FC_GRID_04,10537.96
GRID_CBE_04301,FC_GRID_04,10347.78
GRID_CBE_04302,FC_GRID_04,10252.05
GRID_CBE_04303,FC_GRID_04,10253.41
GRID_CBE_04304,FC_GRID_04,10351.83
GRID_CBE_04305,FC_GRID_04,10544.58
GRID_CBE_04306,FC_GRID_04,10826.64
GRID_CBE_04307,FC_GRID_04,11191.25
GRID_CBE_04308,FC_GRID_04,11630.65
GRID_CBE_04309,FC_GRID_04,12136.72
GRID_CBE_04310,FC_GRID_04,12701.49
GRID_CBE_04311,FC_GRID_04,13317.5
GRID_CBE_04312,FC_GRID_04,13977.97
GRID_CBE_04313,FC_GRID_04,14676.91
GRID_CBE_04314,FC_GRID_05,14488.28
GRID_CBE_04315,FC_GRID_05,13789.94
GRID_CBE_04316,FC_GRID_05,13130.68
GRID_CBE_04317,FC_GRID_05,12516.66
GRID_CBE_04318,FC_GRID_05,11954.88
GRID_CBE_04319,FC_GRID_05,11453.01
GRID_CBE_04320,FC_GRID_05,11019.24
GRID_CBE_04321,FC_GRID_05,10661.89
GRID_CBE_04322,FC_GRID_05,10388.84
GRID_CBE_04323,FC_GRID_05,10206.88
GRID_CBE_04324,FC_GRID_05,10120.9
GRID_CBE_04325,FC_GRID_05,10133.35
GRID_CBE_04326,FC_GRID_05,10243.88
GRID_CBE_04327,FC_GRID_05,10449.37
GRID_CBE_04328,FC_GRID_05,10744.37
GRID_CBE_04329,FC_GRID_05,11121.77
GRID_CBE_04330,FC_GRID_05,11573.51
GRID_CBE_04331,FC_GRID_05,12091.25
GRID_CBE_04332,FC_GRID_05,12666.91
GRID_CBE_04333,FC_GRID_05,13292.96
GRID_CBE_04334,FC_GRID_05,13962.63
GRID_CBE_04335,FC_GRID_05,14669.94
GRID_CBE_04336,FC_GRID_06,14311.54
GRID_CBE_04337,FC_GRID_06,13612.19
GRID_CBE_04338,FC_GRID_06,12952.36
GRID_CBE_04339,FC_GRID_06,12338.37
GRID_CBE_04340,FC_GRID_06,11777.4
GRID_CBE_04341,FC_GRID_06,11277.37
GRID_CBE_04342,FC_GRID_06,10846.69
GRID_CBE_04343,FC_GRID_06,10493.93
GRID_CBE_04344,FC_GRID_06,10227.14
GRID_CBE_04345,FC_GRID_06,10053.16
GRID_CBE_04346,FC_GRID_06,9976.87
GRID_CBE_04347,FC_GRID_06,10000.48
GRID_CBE_04348,FC_GRID_06,10123.31
GRID_CBE_04349,FC_GRID_06,10341.82
GRID_CBE_04350,FC_GRID_06,10650.12
GRID_CBE_04351,FC_GRID_06,11040.69
GRID_CBE_04352,FC_GRID_06,11505.15
GRID_CBE_04353,FC_GRID_06,12034.96
GRID_CBE_04354,FC_GRID_06,12621.89
GRID_CBE_04355,FC_GRID_06,13258.35
GRID_CBE_04356,FC_GRID_06,13937.56
GRID_CBE_04357,FC_GRID_06,14653.58
GRID_CBE_04358,FC_GRID_06,15401.27
GRID_CBE_04359,FC_GRID_06,16176.25
GRID_CBE_04360,FC_GRID_06,16974.77
GRID_CBE_04361,FC_GRID_06,17793.67
GRID_CBE_04362,FC_GRID_06,18630.25
GRID_CBE_04363,FC_GRID_06,19482.25
GRID_CBE_04364,FC_GRID_06,20347.72
GRID_CBE_04365,FC_GRID_06,21225.02
GRID_CBE_04366,FC_GRID_06,22112.74
GRID_CBE_04367,FC_GRID_06,23009.68
GRID_CBE_04368,FC_GRID_06,23914.79
GRID_CBE_04369,FC_GRID_04,16071.04
GRID_CBE_04370,FC_GRID_04,15372.26
GRID_CBE_04371,FC_GRID_04,14708.31
GRID_CBE_04372,FC_GRID_04,14084.11
GRID_CBE_04373,FC_GRID_04,13505.19
GRID_CBE_04374,FC_GRID_04,12977.6
GRID_CBE_04375,FC_GRID_04,12507.83
GRID_CBE_04376,FC_GRID_04,12102.64
GRID_CBE_04377,FC_GRID_04,11768.68
GRID_CBE_04378,FC_GRID_04,11512.15
GRID_CBE_04379,FC_GRID_04,11338.32
GRID_CBE_04380,FC_GRID_04,11251.02
GRID_CBE_04381,FC_GRID_04,11252.26
GRID_CBE_04382,FC_GRID_04,11342.02
GRID_CBE_04383,FC_GRID_04,11518.22
GRID_CBE_04384,FC_GRID_04,11776.98
GRID_CBE_04385,FC_GRID_04,12113.01
GRID_CBE_04386,FC_GRID_04,12520.11
GRID_CBE_04387,FC_GRID_04,12991.57
GRID_CBE_04388,FC_GRID_04,13520.68
GRID_CBE_04389,FC_GRID_04,14100.95
GRID_CBE_04390,FC_GRID_04,14726.33
GRID_CBE_04391,FC_GRID_04,15391.32
GRID_CBE_04392,FC_GRID_05,15203.23
GRID_CBE_04393,FC_GRID_05,14539.27
GRID_CBE_04394,FC_GRID_05,13915.55
GRID_CBE_04395,FC_GRID_05,13337.72
GRID_CBE_04396,FC_GRID_05,12811.99
GRID_CBE_04397,FC_GRID_05,12345.01
GRID_CBE_04398,FC_GRID_05,11943.68
GRID_CBE_04399,FC_GRID_05,11614.81
GRID_CBE_04400,FC_GRID_05,11364.69
GRID_CBE_04401,FC_GRID_05,11198.59
GRID_CBE_04402,FC_GRID_05,11120.28
GRID_CBE_04403,FC_GRID_05,11131.61
GRID_CBE_04404,FC_GRID_05,11232.32
GRID_CBE_04405,FC_GRID_05,11420.04
GRID_CBE_04406,FC_GRID_05,11690.57
GRID_CBE_04407,FC_GRID_05,12038.35
GRID_CBE_04408,FC_GRID_05,12456.89
GRID_CBE_04409,FC_GRID_05,12939.33
GRID_CBE_04410,FC_GRID_05,13478.82
GRID_CBE_04411,FC_GRID_05,14068.79
GRID_CBE_04412,FC_GRID_05,14703.16
GRID_CBE_04413,FC_GRID_05,15376.45
GRID_CBE_04414,FC_GRID_06,15025.54
GRID_CBE_04415,FC_GRID_06,14361.01
GRID_CBE_04416,FC_GRID_06,13737.19
GRID_CBE_04417,FC_GRID_06,13159.87
GRID_CBE_04418,FC_GRID_06,12635.42
GRID_CBE_04419,FC_GRID_06,12170.69
GRID_CBE_04420,FC_GRID_06,11772.74
GRID_CBE_04421,FC_GRID_06,11448.55
GRID_CBE_04422,FC_GRID_06,11204.51
GRID_CBE_04423,FC_GRID_06,11045.94
GRID_CBE_04424,FC_GRID_06,10976.55
GRID_CBE_04425,FC_GRID_06,10998.02
GRID_CBE_04426,FC_GRID_06,11109.82
GRID_CBE_04427,FC_GRID_06,11309.29
GRID_CBE_04428,FC_GRID_06,11591.88
GRID_CBE_04429,FC_GRID_06,11951.72
GRID_CBE_04430,FC_GRID_06,12382.05
GRID_CBE_04431,FC_GRID_06,12875.83
GRID_CBE_04432,FC_GRID_06,13426.05
GRID_CBE_04433,FC_GRID_06,14026.07
GRID_CBE_04434,FC_GRID_06,14669.78
GRID_CBE_04435,FC_GRID_06,15351.68
GRID_CBE_04436,FC_GRID_06,16066.92
GRID_CBE_04437,FC_GRID_06,16811.24
GRID_CBE_04438,FC_GRID_06,17580.94
GRID_CBE_04439,FC_GRID_06,18372.84
GRID_CBE_04440,FC_GRID_06,19184.19
GRID_CBE_04441,FC_GRID_06,20012.62
GRID_CBE_04442,FC_GRID_06,20856.09
GRID_CBE_04443,FC_GRID_06,21712.86
GRID_CBE_04444,FC_GRID_06,22581.41
GRID_CBE_04445,FC_GRID_06,23460.43
GRID_CBE_04446,FC_GRID_06,24348.79
GRID_CBE_04447,FC_GRID_04,16785.69
GRID_CBE_04448,FC_GRID_04,16117.92
GRID_CBE_04449,FC_GRID_04,15485.97
GRID_CBE_04450,FC_GRID_04,14894.4
GRID_CBE_04451,FC_GRID_04,14348.21
GRID_CBE_04452,FC_GRID_04,13852.76
GRID_CBE_04453,FC_GRID_04,13413.69
GRID_CBE_04454,FC_GRID_04,13036.67
GRID_CBE_04455,FC_GRID_04,12727.25
GRID_CBE_04456,FC_GRID_04,12490.43
GRID_CBE_04457,FC_GRID_04,12330.4
GRID_CBE_04458,FC_GRID_04,12250.17
GRID_CBE_04459,FC_GRID_04,12251.31
GRID_CBE_04460,FC_GRID_04,12333.79
GRID_CBE_04461,FC_GRID_04,12496.01
GRID_CBE_04462,FC_GRID_04,12734.92
GRID_CBE_04463,FC_GRID_04,13046.31
GRID_CBE_04464,FC_GRID_04,13425.13
GRID_CBE_04465,FC_GRID_04,13865.86
GRID_CBE_04466,FC_GRID_04,14362.8
GRID_CBE_04467,FC_GRID_04,14910.33
GRID_CBE_04468,FC_GRID_04,15503.09
GRID_CBE_04469,FC_GRID_04,16136.1
GRID_CBE_04470,FC_GRID_05,15948.86
GRID_CBE_04471,FC_GRID_05,15317.26
GRID_CBE_04472,FC_GRID_05,14726.53
GRID_CBE_04473,FC_GRID_05,14181.78
GRID_CBE_04474,FC_GRID_05,13688.5
GRID_CBE_04475,FC_GRID_05,13252.45
GRID_CBE_04476,FC_GRID_05,12879.42
GRID_CBE_04477,FC_GRID_05,12575.05
GRID_CBE_04478,FC_GRID_05,12344.39
GRID_CBE_04479,FC_GRID_05,12191.65
GRID_CBE_04480,FC_GRID_05,12119.76
GRID_CBE_04481,FC_GRID_05,12130.16
GRID_CBE_04482,FC_GRID_05,12222.64
GRID_CBE_04483,FC_GRID_05,12395.37
GRID_CBE_04484,FC_GRID_05,12645.06
GRID_CBE_04485,FC_GRID_05,12967.26
GRID_CBE_04486,FC_GRID_05,13356.72
GRID_CBE_04487,FC_GRID_05,13807.76
GRID_CBE_04488,FC_GRID_05,14314.55
GRID_CBE_04489,FC_GRID_05,14871.41
GRID_CBE_04490,FC_GRID_05,15472.91
GRID_CBE_04491,FC_GRID_05,16114.07
GRID_CBE_04492,FC_GRID_06,15770.65
GRID_CBE_04493,FC_GRID_06,15138.87
GRID_CBE_04494,FC_GRID_06,14548.44
GRID_CBE_04495,FC_GRID_06,14004.6
GRID_CBE_04496,FC_GRID_06,13512.98
GRID_CBE_04497,FC_GRID_06,13079.47
GRID_CBE_04498,FC_GRID_06,12710.0
GRID_CBE_04499,FC_GRID_06,12410.32
GRID_CBE_04500,FC_GRID_06,12185.56
GRID_CBE_04501,FC_GRID_06,12039.92
GRID_CBE_04502,FC_GRID_06,11976.28
GRID_CBE_04503,FC_GRID_06,11995.96
GRID_CBE_04504,FC_GRID_06,12098.55
GRID_CBE_04505,FC_GRID_06,12281.97
GRID_CBE_04506,FC_GRID_06,12542.67
GRID_CBE_04507,FC_GRID_06,12875.96
GRID_CBE_04508,FC_GRID_06,13276.37
GRID_CBE_04509,FC_GRID_06,13738.04
GRID_CBE_04510,FC_GRID_06,14255.02
GRID_CBE_04511,FC_GRID_06,14821.52
GRID_CBE_04512,FC_GRID_06,15432.08
GRID_CBE_04513,FC_GRID_06,16081.7
GRID_CBE_04514,FC_GRID_06,16765.82
GRID_CBE_04515,FC_GRID_06,17480.4
GRID_CBE_04516,FC_GRID_06,18221.86
GRID_CBE_04517,FC_GRID_06,18987.05
GRID_CBE_04518,FC_GRID_06,19773.21
GRID_CBE_04519,FC_GRID_06,20577.94
GRID_CBE_04520,FC_GRID_06,21399.14
GRID_CBE_04521,FC_GRID_06,22235.0
GRID_CBE_04522,FC_GRID_06,23083.91
GRID_CBE_04523,FC_GRID_06,23944.49
GRID_CBE_04524,FC_GRID_06,24815.53
GRID_CBE_04525,FC_GRID_04,17528.28
GRID_CBE_04526,FC_GRID_04,16889.89
GRID_CBE_04527,FC_GRID_04,16287.92
GRID_CBE_04528,FC_GRID_04,15726.55
GRID_CBE_04529,FC_GRID_04,15210.27
GRID_CBE_04530,FC_GRID_04,14743.82
GRID_CBE_04531,FC_GRID_04,14332.06
GRID_CBE_04532,FC_GRID_04,13979.84
GRID_CBE_04533,FC_GRID_04,13691.74
GRID_CBE_04534,FC_GRID_04,13471.89
GRID_CBE_04535,FC_GRID_04,13323.65
GRID_CBE_04536,FC_GRID_04,13249.44
GRID_CBE_04537,FC_GRID_04,13250.49
GRID_CBE_04538,FC_GRID_04,13326.79
GRID_CBE_04539,FC_GRID_04,13477.07
GRID_CBE_04540,FC_GRID_04,13698.88
GRID_CBE_04541,FC_GRID_04,13988.82
GRID_CBE_04542,FC_GRID_04,14342.77
GRID_CBE_04543,FC_GRID_04,14756.12
GRID_CBE_04544,FC_GRID_04,15224.03
GRID_CBE_04545,FC_GRID_04,15741.63
GRID_CBE_04546,FC_GRID_04,16304.2
GRID_CBE_04547,FC_GRID_04,16907.24
GRID_CBE_04548,FC_GRID_05,16721.07
GRID_CBE_04549,FC_GRID_05,16119.75
GRID_CBE_04550,FC_GRID_05,15559.52
GRID_CBE_04551,FC_GRID_05,15044.96
GRID_CBE_04552,FC_GRID_05,14580.91
GRID_CBE_04553,FC_GRID_05,14172.34
GRID_CBE_04554,FC_GRID_05,13824.17
GRID_CBE_04555,FC_GRID_05,13541.04
GRID_CBE_04556,FC_GRID_05,13327.12
GRID_CBE_04557,FC_GRID_05,13185.76
GRID_CBE_04558,FC_GRID_05,13119.32
GRID_CBE_04559,FC_GRID_05,13128.93
GRID_CBE_04560,FC_GRID_05,13214.42
GRID_CBE_04561,FC_GRID_05,13374.35
GRID_CBE_04562,FC_GRID_05,13606.08
GRID_CBE_04563,FC_GRID_05,13906.03
GRID_CBE_04564,FC_GRID_05,14269.9
GRID_CBE_04565,FC_GRID_05,14692.93
GRID_CBE_04566,FC_GRID_05,15170.18
GRID_CBE_04567,FC_GRID_05,15696.71
GRID_CBE_04568,FC_GRID_05,16267.73
GRID_CBE_04569,FC_GRID_05,16878.72
GRID_CBE_04570,FC_GRID_06,16542.68
GRID_CBE_04571,FC_GRID_06,15941.52
GRID_CBE_04572,FC_GRID_06,15381.93
GRID_CBE_04573,FC_GRID_06,14868.61
GRID_CBE_04574,FC_GRID_06,14406.51
GRID_CBE_04575,FC_GRID_06,14000.69
GRID_CBE_04576,FC_GRID_06,13656.17
GRID_CBE_04577,FC_GRID_06,13377.7
GRID_CBE_04578,FC_GRID_06,13169.45
GRID_CBE_04579,FC_GRID_06,13034.81
GRID_CBE_04580,FC_GRID_06,12976.06
GRID_CBE_04581,FC_GRID_06,12994.22
GRID_CBE_04582,FC_GRID_06,13088.99
GRID_CBE_04583,FC_GRID_06,13258.71
GRID_CBE_04584,FC_GRID_06,13500.56
GRID_CBE_04585,FC_GRID_06,13810.76
GRID_CBE_04586,FC_GRID_06,14184.81
GRID_CBE_04587,FC_GRID_06,14617.82
GRID_CBE_04588,FC_GRID_06,15104.71
GRID_CBE_04589,FC_GRID_06,15640.46
GRID_CBE_04590,FC_GRID_06,16220.23
GRID_CBE_04591,FC_GRID_06,16839.47
GRID_CBE_04592,FC_GRID_06,17493.98
GRID_CBE_04593,FC_GRID_06,18179.97
GRID_CBE_04594,FC_GRID_06,18893.99
GRID_CBE_04595,FC_GRID_06,19633.0
GRID_CBE_04596,FC_GRID_06,20394.28
GRID_CBE_04597,FC_GRID_06,21175.42
GRID_CBE_04598,FC_GRID_06,21974.31
GRID_CBE_04599,FC_GRID_06,22789.07
GRID_CBE_04600,FC_GRID_06,23618.08
GRID_CBE_04601,FC_GRID_06,24459.87
GRID_CBE_04602,FC_GRID_06,25313.18
GRID_CBE_04603,FC_GRID_04,18295.4
GRID_CBE_04604,FC_GRID_04,17684.72
GRID_CBE_04605,FC_GRID_04,17110.74
GRID_CBE_04606,FC_GRID_04,16577.25
GRID_CBE_04607,FC_GRID_04,16088.29
GRID_CBE_04608,FC_GRID_04,15648.04
GRID_CBE_04609,FC_GRID_04,15260.7
GRID_CBE_04610,FC_GRID_04,14930.4
GRID_CBE_04611,FC_GRID_04,14661.0
GRID_CBE_04612,FC_GRID_04,14455.89
GRID_CBE_04613,FC_GRID_04,14317.85
GRID_CBE_04614,FC_GRID_04,14248.81
GRID_CBE_04615,FC_GRID_04,14249.79
GRID_CBE_04616,FC_GRID_04,14320.77
GRID_CBE_04617,FC_GRID_04,14460.72
GRID_CBE_04618,FC_GRID_04,14667.66
GRID_CBE_04619,FC_GRID_04,14938.82
GRID_CBE_04620,FC_GRID_04,15270.76
GRID_CBE_04621,FC_GRID_04,15659.63
GRID_CBE_04622,FC_GRID_04,16101.3
GRID_CBE_04623,FC_GRID_04,16591.56
GRID_CBE_04624,FC_GRID_04,17126.23
GRID_CBE_04625,FC_GRID_04,17701.29
GRID_CBE_04626,FC_GRID_05,17516.34
GRID_CBE_04627,FC_GRID_05,16943.27
GRID_CBE_04628,FC_GRID_05,16411.17
GRID_CBE_04629,FC_GRID_05,15924.16
GRID_CBE_04630,FC_GRID_05,15486.48
GRID_CBE_04631,FC_GRID_05,15102.43
GRID_CBE_04632,FC_GRID_05,14776.18
GRID_CBE_04633,FC_GRID_05,14511.64
GRID_CBE_04634,FC_GRID_05,14312.23
GRID_CBE_04635,FC_GRID_05,14180.7
GRID_CBE_04636,FC_GRID_05,14118.94
GRID_CBE_04637,FC_GRID_05,14127.87
GRID_CBE_04638,FC_GRID_05,14207.36
GRID_CBE_04639,FC_GRID_05,14356.23
GRID_CBE_04640,FC_GRID_05,14572.35
GRID_CBE_04641,FC_GRID_05,14852.8
GRID_CBE_04642,FC_GRID_05,15194.01
GRID_CBE_04643,FC_GRID_05,15591.99
GRID_CBE_04644,FC_GRID_05,16042.52
GRID_CBE_04645,FC_GRID_05,16541.3
GRID_CBE_04646,FC_GRID_05,17084.11
GRID_CBE_04647,FC_GRID_05,17666.89
GRID_CBE_04648,FC_GRID_06,17338.02
GRID_CBE_04649,FC_GRID_06,16765.4
GRID_CBE_04650,FC_GRID_06,16234.24
GRID_CBE_04651,FC_GRID_06,15748.73
GRID_CBE_04652,FC_GRID_06,15313.2
GRID_CBE_04653,FC_GRID_06,14932.04
GRID_CBE_04654,FC_GRID_06,14609.51
GRID_CBE_04655,FC_GRID_06,14349.55
GRID_CBE_04656,FC_GRID_06,14155.61
GRID_CBE_04657,FC_GRID_06,14030.43
GRID_CBE_04658,FC_GRID_06,13975.87
GRID_CBE_04659,FC_GRID_06,13992.73
GRID_CBE_04660,FC_GRID_06,14080.78
GRID_CBE_04661,FC_GRID_06,14238.69
GRID_CBE_04662,FC_GRID_06,14464.16
GRID_CBE_04663,FC_GRID_06,14754.11
GRID_CBE_04664,FC_GRID_06,15104.82
GRID_CBE_04665,FC_GRID_06,15512.17
GRID_CBE_04666,FC_GRID_06,15971.82
GRID_CBE_04667,FC_GRID_06,16479.41
GRID_CBE_04668,FC_GRID_06,17030.64
GRID_CBE_04669,FC_GRID_06,17621.42
GRID_CBE_04670,FC_GRID_06,18247.91
GRID_CBE_04671,FC_GRID_06,18906.56
GRID_CBE_04672,FC_GRID_06,19594.13
GRID_CBE_04673,FC_GRID_06,20307.67
GRID_CBE_04674,FC_GRID_06,21044.56
GRID_CBE_04675,FC_GRID_06,21802.41
GRID_CBE_04676,FC_GRID_06,22579.12
GRID_CBE_04677,FC_GRID_06,23372.82
GRID_CBE_04678,FC_GRID_06,24181.82
GRID_CBE_04679,FC_GRID_06,25004.64
GRID_CBE_04680,FC_GRID_06,25839.97
GRID_CBE_04681,FC_GRID_04,19084.09
GRID_CBE_04682,FC_GRID_04,18499.47
GRID_CBE_04683,FC_GRID_04,17951.56
GRID_CBE_04684,FC_GRID_04,17443.8
GRID_CBE_04685,FC_GRID_04,16979.82
GRID_CBE_04686,FC_GRID_04,16563.28
GRID_CBE_04687,FC_GRID_04,16197.84
GRID_CBE_04688,FC_GRID_04,15887.04
GRID_CBE_04689,FC_GRID_04,15634.13
GRID_CBE_04690,FC_GRID_04,15441.95
GRID_CBE_04691,FC_GRID_04,15312.8
GRID_CBE_04692,FC_GRID_04,15248.27
GRID_CBE_04693,FC_GRID_04,15249.18
GRID_CBE_04694,FC_GRID_04,15315.53
GRID_CBE_04695,FC_GRID_04,15446.47
GRID_CBE_04696,FC_GRID_04,15640.38
GRID_CBE_04697,FC_GRID_04,15894.95
GRID_CBE_04698,FC_GRID_04,16207.32
GRID_CBE_04699,FC_GRID_04,16574.23
GRID_CBE_04700,FC_GRID_04,16992.15
GRID_CBE_04701,FC_GRID_04,17457.4
GRID_CBE_04702,FC_GRID_04,17966.33
GRID_CBE_04703,FC_GRID_04,18515.31
GRID_CBE_04704,FC_GRID_05,18331.67
GRID_CBE_04705,FC_GRID_05,17784.89
GRID_CBE_04706,FC_GRID_05,17278.73
GRID_CBE_04707,FC_GRID_05,16816.86
GRID_CBE_04708,FC_GRID_05,16403.02
GRID_CBE_04709,FC_GRID_05,16040.93
GRID_CBE_04710,FC_GRID_05,15734.15
GRID_CBE_04711,FC_GRID_05,15485.99
GRID_CBE_04712,FC_GRID_05,15299.28
GRID_CBE_04713,FC_GRID_05,15176.31
GRID_CBE_04714,FC_GRID_05,15118.61
GRID_CBE_04715,FC_GRID_05,15126.95
GRID_CBE_04716,FC_GRID_05,15201.22
GRID_CBE_04717,FC_GRID_05,15340.44
GRID_CBE_04718,FC_GRID_05,15542.89
GRID_CBE_04719,FC_GRID_05,15806.13
GRID_CBE_04720,FC_GRID_05,16127.18
GRID_CBE_04721,FC_GRID_05,16502.67
GRID_CBE_04722,FC_GRID_05,16928.98
GRID_CBE_04723,FC_GRID_05,17402.37
GRID_CBE_04724,FC_GRID_05,17919.12
GRID_CBE_04725,FC_GRID_05,18475.58
GRID_CBE_04726,FC_GRID_06,18153.62
GRID_CBE_04727,FC_GRID_06,17607.54
GRID_CBE_04728,FC_GRID_06,17102.55
GRID_CBE_04729,FC_GRID_06,16642.39
GRID_CBE_04730,FC_GRID_06,16230.86
GRID_CBE_04731,FC_GRID_06,15871.76
GRID_CBE_04732,FC_GRID_06,15568.7
GRID_CBE_04733,FC_GRID_06,15325.02
GRID_CBE_04734,FC_GRID_06,15143.58
GRID_CBE_04735,FC_GRID_06,15026.64
GRID_CBE_04736,FC_GRID_06,14975.7
GRID_CBE_04737,FC_GRID_06,14991.44
GRID_CBE_04738,FC_GRID_06,15073.66
GRID_CBE_04739,FC_GRID_06,15221.26
GRID_CBE_04740,FC_GRID_06,15432.39
GRID_CBE_04741,FC_GRID_06,15704.47
GRID_CBE_04742,FC_GRID_06,16034.41
GRID_CBE_04743,FC_GRID_06,16418.71
GRID_CBE_04744,FC_GRID_06,16853.66
GRID_CBE_04745,FC_GRID_06,17335.44
GRID_CBE_04746,FC_GRID_06,17860.27
GRID_CBE_04747,FC_GRID_06,18424.47
GRID_CBE_04748,FC_GRID_06,19024.53
GRID_CBE_04749,FC_GRID_06,19657.18
GRID_CBE_04750,FC_GRID_06,20319.36
GRID_CBE_04751,FC_GRID_06,21008.29
GRID_CBE_04752,FC_GRID_06,21721.42
GRID_CBE_04753,FC_GRID_06,22456.44
GRID_CBE_04754,FC_GRID_06,23211.28
GRID_CBE_04755,FC_GRID_06,23984.07
GRID_CBE_04756,FC_GRID_06,24773.11
GRID_CBE_04757,FC_GRID_06,25576.92
GRID_CBE_04758,FC_GRID_06,26394.14
GRID_CBE_04759,FC_GRID_04,19891.8
GRID_CBE_04760,FC_GRID_04,19331.62
GRID_CBE_04761,FC_GRID_04,18807.96
GRID_CBE_04762,FC_GRID_04,18323.96
GRID_CBE_04763,FC_GRID_04,17882.82
GRID_CBE_04764,FC_GRID_04,17487.8
GRID_CBE_04765,FC_GRID_04,17142.09
GRID_CBE_04766,FC_GRID_04,16848.71
GRID_CBE_04767,FC_GRID_04,16610.45
GRID_CBE_04768,FC_GRID_04,16429.7
GRID_CBE_04769,FC_GRID_04,16308.37
GRID_CBE_04770,FC_GRID_04,16247.79
GRID_CBE_04771,FC_GRID_04,16248.65
GRID_CBE_04772,FC_GRID_04,16310.93
GRID_CBE_04773,FC_GRID_04,16433.94
GRID_CBE_04774,FC_GRID_04,16616.33
GRID_CBE_04775,FC_GRID_04,16856.17
GRID_CBE_04776,FC_GRID_04,17151.04
GRID_CBE_04777,FC_GRID_04,17498.18
GRID_CBE_04778,FC_GRID_04,17894.53
GRID_CBE_04779,FC_GRID_04,18336.9
GRID_CBE_04780,FC_GRID_04,18822.06
GRID_CBE_04781,FC_GRID_04,19346.78
GRID_CBE_04782,FC_GRID_05,19164.5
GRID_CBE_04783,FC_GRID_05,18642.16
GRID_CBE_04784,FC_GRID_05,18159.92
GRID_CBE_04785,FC_GRID_05,17721.03
GRID_CBE_04786,FC_GRID_05,17328.79
GRID_CBE_04787,FC_GRID_05,16986.44
GRID_CBE_04788,FC_GRID_05,16697.05
GRID_CBE_04789,FC_GRID_05,16463.41
GRID_CBE_04790,FC_GRID_05,16287.91
GRID_CBE_04791,FC_GRID_05,16172.45
GRID_CBE_04792,FC_GRID_05,16118.33
GRID_CBE_04793,FC_GRID_05,16126.15
GRID_CBE_04794,FC_GRID_05,16195.83
GRID_CBE_04795,FC_GRID_05,16326.58
GRID_CBE_04796,FC_GRID_05,16516.94
GRID_CBE_04797,FC_GRID_05,16764.89
GRID_CBE_04798,FC_GRID_05,17067.92
GRID_CBE_04799,FC_GRID_05,17423.15
GRID_CBE_04800,FC_GRID_05,17827.46
GRID_CBE_04801,FC_GRID_05,18277.6
GRID_CBE_04802,FC_GRID_05,18770.27
GRID_CBE_04803,FC_GRID_05,19302.2
GRID_CBE_04804,FC_GRID_06,18986.85
GRID_CBE_04805,FC_GRID_06,18465.43
GRID_CBE_04806,FC_GRID_06,17984.55
GRID_CBE_04807,FC_GRID_06,17547.53
GRID_CBE_04808,FC_GRID_06,17157.73
GRID_CBE_04809,FC_GRID_06,16818.42
GRID_CBE_04810,FC_GRID_06,16532.73
GRID_CBE_04811,FC_GRID_06,16303.46
GRID_CBE_04812,FC_GRID_06,16133.03
GRID_CBE_04813,FC_GRID_06,16023.31
GRID_CBE_04814,FC_GRID_06,15975.55
GRID_CBE_04815,FC_GRID_06,15990.31
GRID_CBE_04816,FC_GRID_06,16067.42
GRID_CBE_04817,FC_GRID_06,16205.98
GRID_CBE_04818,FC_GRID_06,16404.43
GRID_CBE_04819,FC_GRID_06,16660.65
GRID_CBE_04820,FC_GRID_06,16972.01
GRID_CBE_04821,FC_GRID_06,17335.53
GRID_CBE_04822,FC_GRID_06,17748.03
GRID_CBE_04823,FC_GRID_06,18206.16
GRID_CBE_04824,FC_GRID_06,18706.58
GRID_CBE_04825,FC_GRID_06,19245.98
GRID_CBE_04826,FC_GRID_06,19821.19
GRID_CBE_04827,FC_GRID_06,20429.18
GRID_CBE_04828,FC_GRID_06,21067.11
GRID_CBE_04829,FC_GRID_06,21732.35
GRID_CBE_04830,FC_GRID_06,22422.46
GRID_CBE_04831,FC_GRID_06,23135.22
GRID_CBE_04832,FC_GRID_06,23868.61
GRID_CBE_04833,FC_GRID_06,24620.77
GRID_CBE_04834,FC_GRID_06,25390.04
GRID_CBE_04835,FC_GRID_06,26174.91
GRID_CBE_04836,FC_GRID_06,26974.01
GRID_CBE_04837,FC_GRID_07,19543.45
GRID_CBE_04838,FC_GRID_07,18982.67
GRID_CBE_04839,FC_GRID_07,18459.07
GRID_CBE_04840,FC_GRID_07,17975.89
GRID_CBE_04841,FC_GRID_07,17536.47
GRID_CBE_04842,FC_GRID_07,17144.19
GRID_CBE_04843,FC_GRID_07,16802.34
GRID_CBE_04844,FC_GRID_07,16514.05
GRID_CBE_04845,FC_GRID_07,16282.17
GRID_CBE_04846,FC_GRID_07,16109.14
GRID_CBE_04847,FC_GRID_07,15996.87
GRID_CBE_04848,FC_GRID_07,15946.64
GRID_CBE_04849,FC_GRID_07,15959.03
GRID_CBE_04850,FC_GRID_07,16033.9
GRID_CBE_04851,FC_GRID_07,16170.38
GRID_CBE_04852,FC_GRID_07,16366.94
GRID_CBE_04853,FC_GRID_07,16621.43
GRID_CBE_04854,FC_GRID_07,16931.25
GRID_CBE_04855,FC_GRID_07,17293.43
GRID_CBE_04856,FC_GRID_07,17704.74
GRID_CBE_04857,FC_GRID_07,18161.86
GRID_CBE_04858,FC_GRID_07,18661.42
GRID_CBE_04859,FC_GRID_07,19200.1
GRID_CBE_04860,FC_GRID_08,19020.07
GRID_CBE_04861,FC_GRID_08,18504.76
GRID_CBE_04862,FC_GRID_08,18030.23
GRID_CBE_04863,FC_GRID_08,17599.77
GRID_CBE_04864,FC_GRID_08,17216.7
GRID_CBE_04865,FC_GRID_08,16884.25
GRID_CBE_04866,FC_GRID_08,16605.44
GRID_CBE_04867,FC_GRID_08,16383.03
GRID_CBE_04868,FC_GRID_08,16219.33
GRID_CBE_04869,FC_GRID_08,16116.13
GRID_CBE_04870,FC_GRID_08,16074.59
GRID_CBE_04871,FC_GRID_08,16095.2
GRID_CBE_04872,FC_GRID_08,16177.71
GRID_CBE_04873,FC_GRID_08,16321.19
GRID_CBE_04874,FC_GRID_08,16524.05
GRID_CBE_04875,FC_GRID_08,16784.14
GRID_CBE_04876,FC_GRID_08,17098.84
GRID_CBE_04877,FC_GRID_08,17465.2
GRID_CBE_04878,FC_GRID_08,17880.05
GRID_CBE_04879,FC_GRID_08,18340.09
GRID_CBE_04880,FC_GRID_08,18842.03
GRID_CBE_04881,FC_GRID_08,19382.59
GRID_CBE_04882,FC_GRID_09,19072.77
GRID_CBE_04883,FC_GRID_09,18566.0
GRID_CBE_04884,FC_GRID_09,18100.34
GRID_CBE_04885,FC_GRID_09,17679.03
GRID_CBE_04886,FC_GRID_09,17305.31
GRID_CBE_04887,FC_GRID_09,16982.33
GRID_CBE_04888,FC_GRID_09,16713.03
GRID_CBE_04889,FC_GRID_09,16500.04
GRID_CBE_04890,FC_GRID_09,16345.55
GRID_CBE_04891,FC_GRID_09,16251.25
GRID_CBE_04892,FC_GRID_09,16218.16
GRID_CBE_04893,FC_GRID_09,16246.68
GRID_CBE_04894,FC_GRID_09,16336.48
GRID_CBE_04895,FC_GRID_09,16486.55
GRID_CBE_04896,FC_GRID_09,16695.27
GRID_CBE_04897,FC_GRID_09,16960.48
GRID_CBE_04898,FC_GRID_09,17279.57
GRID_CBE_04899,FC_GRID_09,17649.63
GRID_CBE_04900,FC_GRID_09,18067.52
GRID_CBE_04901,FC_GRID_09,18530.01
GRID_CBE_04902,FC_GRID_09,19033.84
GRID_CBE_04903,FC_GRID_09,19575.82
GRID_CBE_04904,FC_GRID_09,20152.88
GRID_CBE_04905,FC_GRID_09,20762.09
GRID_CBE_04906,FC_GRID_09,21400.71
GRID_CBE_04907,FC_GRID_09,22066.18
GRID_CBE_04908,FC_GRID_09,22756.14
GRID_CBE_04909,FC_GRID_09,23468.44
GRID_CBE_04910,FC_GRID_09,24201.11
GRID_CBE_04911,FC_GRID_09,24952.34
GRID_CBE_04912,FC_GRID_09,25720.52
GRID_CBE_04913,FC_GRID_09,26504.17
GRID_CBE_04914,FC_GRID_09,27301.96
GRID_CBE_04915,FC_GRID_07,18736.57
GRID_CBE_04916,FC_GRID_07,18150.88
GRID_CBE_04917,FC_GRID_07,17602.55
GRID_CBE_04918,FC_GRID_07,17095.17
GRID_CBE_04919,FC_GRID_07,16632.51
GRID_CBE_04920,FC_GRID_07,16218.37
GRID_CBE_04921,FC_GRID_07,15856.57
GRID_CBE_04922,FC_GRID_07,15550.77
GRID_CBE_04923,FC_GRID_07,15304.3
GRID_CBE_04924,FC_GRID_07,15120.09
GRID_CBE_04925,FC_GRID_07,15000.41
GRID_CBE_04926,FC_GRID_07,14946.83
GRID_CBE_04927,FC_GRID_07,14960.05
GRID_CBE_04928,FC_GRID_07,15039.89
GRID_CBE_04929,FC_GRID_07,15185.31
GRID_CBE_04930,FC_GRID_07,15394.45
GRID_CBE_04931,FC_GRID_07,15664.75
GRID_CBE_04932,FC_GRID_07,15993.11
GRID_CBE_04933,FC_GRID_07,16376.05
GRID_CBE_04934,FC_GRID_07,16809.83
GRID_CBE_04935,FC_GRID_07,17290.63
GRID_CBE_04936,FC_GRID_07,17814.63
GRID_CBE_04937,FC_GRID_07,18378.15
GRID_CBE_04938,FC_GRID_08,18182.84
GRID_CBE_04939,FC_GRID_08,17643.09
GRID_CBE_04940,FC_GRID_08,17144.73
GRID_CBE_04941,FC_GRID_08,16691.45
GRID_CBE_04942,FC_GRID_08,16287.03
GRID_CBE_04943,FC_GRID_08,15935.19
GRID_CBE_04944,FC_GRID_08,15639.48
GRID_CBE_04945,FC_GRID_08,15403.13
GRID_CBE_04946,FC_GRID_08,15228.9
GRID_CBE_04947,FC_GRID_08,15118.93
GRID_CBE_04948,FC_GRID_08,15074.65
GRID_CBE_04949,FC_GRID_08,15096.62
GRID_CBE_04950,FC_GRID_08,15184.57
GRID_CBE_04951,FC_GRID_08,15337.34
GRID_CBE_04952,FC_GRID_08,15553.03
GRID_CBE_04953,FC_GRID_08,15829.08
GRID_CBE_04954,FC_GRID_08,16162.39
GRID_CBE_04955,FC_GRID_08,16549.49
GRID_CBE_04956,FC_GRID_08,16986.72
GRID_CBE_04957,FC_GRID_08,17470.31
GRID_CBE_04958,FC_GRID_08,17996.51
GRID_CBE_04959,FC_GRID_08,18561.72
GRID_CBE_04960,FC_GRID_09,18230.04
GRID_CBE_04961,FC_GRID_09,17699.16
GRID_CBE_04962,FC_GRID_09,17210.05
GRID_CBE_04963,FC_GRID_09,16766.39
GRID_CBE_04964,FC_GRID_09,16371.85
GRID_CBE_04965,FC_GRID_09,16030.08
GRID_CBE_04966,FC_GRID_09,15744.5
GRID_CBE_04967,FC_GRID_09,15518.22
GRID_CBE_04968,FC_GRID_09,15353.86
GRID_CBE_04969,FC_GRID_09,15253.42
GRID_CBE_04970,FC_GRID_09,15218.17
GRID_CBE_04971,FC_GRID_09,15248.55
GRID_CBE_04972,FC_GRID_09,15344.19
GRID_CBE_04973,FC_GRID_09,15503.87
GRID_CBE_04974,FC_GRID_09,15725.64
GRID_CBE_04975,FC_GRID_09,16006.93
GRID_CBE_04976,FC_GRID_09,16344.65
GRID_CBE_04977,FC_GRID_09,16735.39
GRID_CBE_04978,FC_GRID_09,17175.54
GRID_CBE_04979,FC_GRID_09,17661.4
GRID_CBE_04980,FC_GRID_09,18189.3
GRID_CBE_04981,FC_GRID_09,18755.71
GRID_CBE_04982,FC_GRID_09,19357.23
GRID_CBE_04983,FC_GRID_09,19990.7
GRID_CBE_04984,FC_GRID_09,20653.18
GRID_CBE_04985,FC_GRID_09,21341.97
GRID_CBE_04986,FC_GRID_09,22054.61
GRID_CBE_04987,FC_GRID_09,22788.85
GRID_CBE_04988,FC_GRID_09,23542.67
GRID_CBE_04989,FC_GRID_09,24314.26
GRID_CBE_04990,FC_GRID_09,25101.97
GRID_CBE_04991,FC_GRID_09,25904.34
GRID_CBE_04992,FC_GRID_09,26720.04
GRID_CBE_04993,FC_GRID_07,17949.13
GRID_CBE_04994,FC_GRID_07,17336.86
GRID_CBE_04995,FC_GRID_07,16761.92
GRID_CBE_04996,FC_GRID_07,16228.29
GRID_CBE_04997,FC_GRID_07,15740.16
GRID_CBE_04998,FC_GRID_07,15301.9
GRID_CBE_04999,FC_GRID_07,14917.89
GRID_CBE_05000,FC_GRID_07,14592.42
GRID_CBE_05001,FC_GRID_07,14329.48
GRID_CBE_05002,FC_GRID_07,14132.57
GRID_CBE_05003,FC_GRID_07,14004.46
GRID_CBE_05004,FC_GRID_07,13947.05
GRID_CBE_05005,FC_GRID_07,13961.21
GRID_CBE_05006,FC_GRID_07,14046.74
GRID_CBE_05007,FC_GRID_07,14202.33
GRID_CBE_05008,FC_GRID_07,14425.72
GRID_CBE_05009,FC_GRID_07,14713.83
GRID_CBE_05010,FC_GRID_07,15062.94
GRID_CBE_05011,FC_GRID_07,15468.92
GRID_CBE_05012,FC_GRID_07,15927.42
GRID_CBE_05013,FC_GRID_07,16434.06
GRID_CBE_05014,FC_GRID_07,16984.51
GRID_CBE_05015,FC_GRID_07,17574.67
GRID_CBE_05016,FC_GRID_08,17362.84
GRID_CBE_05017,FC_GRID_08,16796.76
GRID_CBE_05018,FC_GRID_08,16272.5
GRID_CBE_05019,FC_GRID_08,15794.21
GRID_CBE_05020,FC_GRID_08,15366.2
GRID_CBE_05021,FC_GRID_08,14992.77
GRID_CBE_05022,FC_GRID_08,14678.08
GRID_CBE_05023,FC_GRID_08,14425.98
GRID_CBE_05024,FC_GRID_08,14239.8
GRID_CBE_05025,FC_GRID_08,14122.14
GRID_CBE_05026,FC_GRID_08,14074.72
GRID_CBE_05027,FC_GRID_08,14098.25
GRID_CBE_05028,FC_GRID_08,14192.38
GRID_CBE_05029,FC_GRID_08,14355.71
GRID_CBE_05030,FC_GRID_08,14585.93
GRID_CBE_05031,FC_GRID_08,14879.93
GRID_CBE_05032,FC_GRID_08,15234.02
GRID_CBE_05033,FC_GRID_08,15644.11
GRID_CBE_05034,FC_GRID_08,16105.94
GRID_CBE_05035,FC_GRID_08,16615.18
GRID_CBE_05036,FC_GRID_08,17167.62
GRID_CBE_05037,FC_GRID_08,17759.22
GRID_CBE_05038,FC_GRID_09,17403.97
GRID_CBE_05039,FC_GRID_09,16847.07
GRID_CBE_05040,FC_GRID_09,16332.48
GRID_CBE_05041,FC_GRID_09,15864.29
GRID_CBE_05042,FC_GRID_09,15446.73
GRID_CBE_05043,FC_GRID_09,15084.01
GRID_CBE_05044,FC_GRID_09,14780.16
GRID_CBE_05045,FC_GRID_09,14538.87
GRID_CBE_05046,FC_GRID_09,14363.31
GRID_CBE_05047,FC_GRID_09,14255.89
GRID_CBE_05048,FC_GRID_09,14218.17
GRID_CBE_05049,FC_GRID_09,14250.69
GRID_CBE_05050,FC_GRID_09,14352.98
GRID_CBE_05051,FC_GRID_09,14523.56
GRID_CBE_05052,FC_GRID_09,14760.07
GRID_CBE_05053,FC_GRID_09,15059.4
GRID_CBE_05054,FC_GRID_09,15417.89
GRID_CBE_05055,FC_GRID_09,15831.52
GRID_CBE_05056,FC_GRID_09,16296.1
GRID_CBE_05057,FC_GRID_09,16807.4
GRID_CBE_05058,FC_GRID_09,17361.29
GRID_CBE_05059,FC_GRID_09,17953.84
GRID_CBE_05060,FC_GRID_09,18581.34
GRID_CBE_05061,FC_GRID_09,19240.37
GRID_CBE_05062,FC_GRID_09,19927.81
GRID_CBE_05063,FC_GRID_09,20640.82
GRID_CBE_05064,FC_GRID_09,21376.84
GRID_CBE_05065,FC_GRID_09,22133.58
GRID_CBE_05066,FC_GRID_09,22908.97
GRID_CBE_05067,FC_GRID_09,23701.2
GRID_CBE_05068,FC_GRID_09,24508.63
GRID_CBE_05069,FC_GRID_09,25329.8
GRID_CBE_05070,FC_GRID_09,26163.42
GRID_CBE_05071,FC_GRID_07,17183.83
GRID_CBE_05072,FC_GRID_07,16543.25
GRID_CBE_05073,FC_GRID_07,15939.72
GRID_CBE_05074,FC_GRID_07,15377.58
GRID_CBE_05075,FC_GRID_07,14861.53
GRID_CBE_05076,FC_GRID_07,14396.55
GRID_CBE_05077,FC_GRID_07,13987.7
GRID_CBE_05078,FC_GRID_07,13640.06
GRID_CBE_05079,FC_GRID_07,13358.39
GRID_CBE_05080,FC_GRID_07,13146.94
GRID_CBE_05081,FC_GRID_07,13009.12
GRID_CBE_05082,FC_GRID_07,12947.3
GRID_CBE_05083,FC_GRID_07,12962.56
GRID_CBE_05084,FC_GRID_07,13054.63
GRID_CBE_05085,FC_GRID_07,13221.9
GRID_CBE_05086,FC_GRID_07,13461.57
GRID_CBE_05087,FC_GRID_07,13769.87
GRID_CBE_05088,FC_GRID_07,14142.3
GRID_CBE_05089,FC_GRID_07,14573.95
GRID_CBE_05090,FC_GRID_07,15059.72
GRID_CBE_05091,FC_GRID_07,15594.57
GRID_CBE_05092,FC_GRID_07,16173.62
GRID_CBE_05093,FC_GRID_07,16792.3
GRID_CBE_05094,FC_GRID_08,16562.64
GRID_CBE_05095,FC_GRID_08,15968.21
GRID_CBE_05096,FC_GRID_08,15415.8
GRID_CBE_05097,FC_GRID_08,14910.05
GRID_CBE_05098,FC_GRID_08,14455.89
GRID_CBE_05099,FC_GRID_08,14058.29
GRID_CBE_05100,FC_GRID_08,13722.19
GRID_CBE_05101,FC_GRID_08,13452.19
GRID_CBE_05102,FC_GRID_08,13252.34
GRID_CBE_05103,FC_GRID_08,13125.83
GRID_CBE_05104,FC_GRID_08,13074.8
GRID_CBE_05105,FC_GRID_08,13100.12
GRID_CBE_05106,FC_GRID_08,13201.37
GRID_CBE_05107,FC_GRID_08,13376.81
GRID_CBE_05108,FC_GRID_08,13623.58
GRID_CBE_05109,FC_GRID_08,13937.9
GRID_CBE_05110,FC_GRID_08,14315.3
GRID_CBE_05111,FC_GRID_08,14750.96
GRID_CBE_05112,FC_GRID_08,15239.88
GRID_CBE_05113,FC_GRID_08,15777.1
GRID_CBE_05114,FC_GRID_08,16357.86
GRID_CBE_05115,FC_GRID_08,16977.71
GRID_CBE_05116,FC_GRID_09,16597.04
GRID_CBE_05117,FC_GRID_09,16012.11
GRID_CBE_05118,FC_GRID_09,15469.76
GRID_CBE_05119,FC_GRID_09,14974.62
GRID_CBE_05120,FC_GRID_09,14531.52
GRID_CBE_05121,FC_GRID_09,14145.35
GRID_CBE_05122,FC_GRID_09,13820.88
GRID_CBE_05123,FC_GRID_09,13562.54
GRID_CBE_05124,FC_GRID_09,13374.17
GRID_CBE_05125,FC_GRID_09,13258.74
GRID_CBE_05126,FC_GRID_09,13218.17
GRID_CBE_05127,FC_GRID_09,13253.15
GRID_CBE_05128,FC_GRID_09,13363.07
GRID_CBE_05129,FC_GRID_09,13546.13
GRID_CBE_05130,FC_GRID_09,13799.4
GRID_CBE_05131,FC_GRID_09,14119.11
GRID_CBE_05132,FC_GRID_09,14500.86
GRID_CBE_05133,FC_GRID_09,14939.91
GRID_CBE_05134,FC_GRID_09,15431.35
GRID_CBE_05135,FC_GRID_09,15970.36
GRID_CBE_05136,FC_GRID_09,16552.29
GRID_CBE_05137,FC_GRID_09,17172.77
GRID_CBE_05138,FC_GRID_09,17827.78
GRID_CBE_05139,FC_GRID_09,18513.66
GRID_CBE_05140,FC_GRID_09,19227.1
GRID_CBE_05141,FC_GRID_09,19965.15
GRID_CBE_05142,FC_GRID_09,20725.18
GRID_CBE_05143,FC_GRID_09,21504.86
GRID_CBE_05144,FC_GRID_09,22302.13
GRID_CBE_05145,FC_GRID_09,23115.16
GRID_CBE_05146,FC_GRID_09,23942.36
GRID_CBE_05147,FC_GRID_09,24782.3
GRID_CBE_05148,FC_GRID_09,25633.73
GRID_CBE_05149,FC_GRID_07,16443.73
GRID_CBE_05150,FC_GRID_07,15773.13
GRID_CBE_05151,FC_GRID_07,15138.92
GRID_CBE_05152,FC_GRID_07,14545.87
GRID_CBE_05153,FC_GRID_07,13999.2
GRID_CBE_05154,FC_GRID_07,13504.55
GRID_CBE_05155,FC_GRID_07,13067.84
GRID_CBE_05156,FC_GRID_07,12695.03
GRID_CBE_05157,FC_GRID_07,12391.89
GRID_CBE_05158,FC_GRID_07,12163.65
GRID_CBE_05159,FC_GRID_07,12014.56
GRID_CBE_05160,FC_GRID_07,11947.6
GRID_CBE_05161,FC_GRID_07,11964.13
GRID_CBE_05162,FC_GRID_07,12063.82
GRID_CBE_05163,FC_GRID_07,12244.63
GRID_CBE_05164,FC_GRID_07,12503.06
GRID_CBE_05165,FC_GRID_07,12834.4
GRID_CBE_05166,FC_GRID_07,13233.18
GRID_CBE_05167,FC_GRID_07,13693.52
GRID_CBE_05168,FC_GRID_07,14209.43
GRID_CBE_05169,FC_GRID_07,14775.08
GRID_CBE_05170,FC_GRID_07,15385.01
GRID_CBE_05171,FC_GRID_07,16034.14
GRID_CBE_05172,FC_GRID_08,15785.23
GRID_CBE_05173,FC_GRID_08,15160.36
GRID_CBE_05174,FC_GRID_08,14577.36
GRID_CBE_05175,FC_GRID_08,14041.45
GRID_CBE_05176,FC_GRID_08,13558.22
GRID_CBE_05177,FC_GRID_08,13133.48
GRID_CBE_05178,FC_GRID_08,12773.06
GRID_CBE_05179,FC_GRID_08,12482.55
GRID_CBE_05180,FC_GRID_08,12266.91
GRID_CBE_05181,FC_GRID_08,12130.13
GRID_CBE_05182,FC_GRID_08,12074.89
GRID_CBE_05183,FC_GRID_08,12102.31
GRID_CBE_05184,FC_GRID_08,12211.83
GRID_CBE_05185,FC_GRID_08,12401.28
GRID_CBE_05186,FC_GRID_08,12667.07
GRID_CBE_05187,FC_GRID_08,13004.52
GRID_CBE_05188,FC_GRID_08,13408.23
GRID_CBE_05189,FC_GRID_08,13872.4
GRID_CBE_05190,FC_GRID_08,14391.19
GRID_CBE_05191,FC_GRID_08,14958.92
GRID_CBE_05192,FC_GRID_08,15570.24
GRID_CBE_05193,FC_GRID_08,16220.21
GRID_CBE_05194,FC_GRID_09,15812.2
GRID_CBE_05195,FC_GRID_09,15197.09
GRID_CBE_05196,FC_GRID_09,14624.54
GRID_CBE_05197,FC_GRID_09,14099.76
GRID_CBE_05198,FC_GRID_09,13628.24
GRID_CBE_05199,FC_GRID_09,13215.7
GRID_CBE_05200,FC_GRID_09,12867.81
GRID_CBE_05201,FC_GRID_09,12589.93
GRID_CBE_05202,FC_GRID_09,12386.77
GRID_CBE_05203,FC_GRID_09,12262.06
GRID_CBE_05204,FC_GRID_09,12218.18
GRID_CBE_05205,FC_GRID_09,12256.0
GRID_CBE_05206,FC_GRID_09,12374.79
GRID_CBE_05207,FC_GRID_09,12572.24
GRID_CBE_05208,FC_GRID_09,12844.73
GRID_CBE_05209,FC_GRID_09,13187.61
GRID_CBE_05210,FC_GRID_09,13595.54
GRID_CBE_05211,FC_GRID_09,14062.88
GRID_CBE_05212,FC_GRID_09,14583.91
GRID_CBE_05213,FC_GRID_09,15153.09
GRID_CBE_05214,FC_GRID_09,15765.22
GRID_CBE_05215,FC_GRID_09,16415.48
GRID_CBE_05216,FC_GRID_09,17099.52
GRID_CBE_05217,FC_GRID_09,17813.46
GRID_CBE_05218,FC_GRID_09,18553.85
GRID_CBE_05219,FC_GRID_09,19317.64
GRID_CBE_05220,FC_GRID_09,20102.16
GRID_CBE_05221,FC_GRID_09,20905.09
GRID_CBE_05222,FC_GRID_09,21724.38
GRID_CBE_05223,FC_GRID_09,22558.24
GRID_CBE_05224,FC_GRID_09,23405.13
GRID_CBE_05225,FC_GRID_09,24263.68
GRID_CBE_05226,FC_GRID_09,25132.69
GRID_CBE_05227,FC_GRID_07,15732.41
GRID_CBE_05228,FC_GRID_07,15030.11
GRID_CBE_05229,FC_GRID_07,14363.13
GRID_CBE_05230,FC_GRID_07,13736.62
GRID_CBE_05231,FC_GRID_07,13156.37
GRID_CBE_05232,FC_GRID_07,12628.76
GRID_CBE_05233,FC_GRID_07,12160.63
GRID_CBE_05234,FC_GRID_07,11759.09
GRID_CBE_05235,FC_GRID_07,11431.16
GRID_CBE_05236,FC_GRID_07,11183.33
GRID_CBE_05237,FC_GRID_07,11020.99
GRID_CBE_05238,FC_GRID_07,10947.95
GRID_CBE_05239,FC_GRID_07,10965.99
GRID_CBE_05240,FC_GRID_07,11074.66
GRID_CBE_05241,FC_GRID_07,11271.36
GRID_CBE_05242,FC_GRID_07,11551.57
GRID_CBE_05243,FC_GRID_07,11909.42
GRID_CBE_05244,FC_GRID_07,12338.13
GRID_CBE_05245,FC_GRID_07,12830.62
GRID_CBE_05246,FC_GRID_07,13379.84
GRID_CBE_05247,FC_GRID_07,13979.11
GRID_CBE_05248,FC_GRID_07,14622.27
GRID_CBE_05249,FC_GRID_07,15303.8
GRID_CBE_05250,FC_GRID_08,15034.16
GRID_CBE_05251,FC_GRID_08,14376.68
GRID_CBE_05252,FC_GRID_08,13760.52
GRID_CBE_05253,FC_GRID_08,13191.47
GRID_CBE_05254,FC_GRID_08,12675.88
GRID_CBE_05255,FC_GRID_08,12220.51
GRID_CBE_05256,FC_GRID_08,11832.32
GRID_CBE_05257,FC_GRID_08,11518.1
GRID_CBE_05258,FC_GRID_08,11284.04
GRID_CBE_05259,FC_GRID_08,11135.19
GRID_CBE_05260,FC_GRID_08,11074.99
GRID_CBE_05261,FC_GRID_08,11104.88
GRID_CBE_05262,FC_GRID_08,11224.14
GRID_CBE_05263,FC_GRID_08,11429.97
GRID_CBE_05264,FC_GRID_08,11717.82
GRID_CBE_05265,FC_GRID_08,12081.81
GRID_CBE_05266,FC_GRID_08,12515.31
GRID_CBE_05267,FC_GRID_08,13011.38
GRID_CBE_05268,FC_GRID_08,13563.15
GRID_CBE_05269,FC_GRID_08,14164.11
GRID_CBE_05270,FC_GRID_08,14808.27
GRID_CBE_05271,FC_GRID_08,15490.25
GRID_CBE_05272,FC_GRID_09,15052.89
GRID_CBE_05273,FC_GRID_09,14405.39
GRID_CBE_05274,FC_GRID_09,13800.04
GRID_CBE_05275,FC_GRID_09,13242.61
GRID_CBE_05276,FC_GRID_09,12739.41
GRID_CBE_05277,FC_GRID_09,12297.09
GRID_CBE_05278,FC_GRID_09,11922.43
GRID_CBE_05279,FC_GRID_09,11621.97
GRID_CBE_05280,FC_GRID_09,11401.58
GRID_CBE_05281,FC_GRID_09,11265.96
GRID_CBE_05282,FC_GRID_09,11218.18
GRID_CBE_05283,FC_GRID_09,11259.37
GRID_CBE_05284,FC_GRID_09,11388.56
GRID_CBE_05285,FC_GRID_09,11602.8
GRID_CBE_05286,FC_GRID_09,11897.52
GRID_CBE_05287,FC_GRID_09,12266.89
GRID_CBE_05288,FC_GRID_09,12704.43
GRID_CBE_05289,FC_GRID_09,13203.35
GRID_CBE_05290,FC_GRID_09,13756.97
GRID_CBE_05291,FC_GRID_09,14358.97
GRID_CBE_05292,FC_GRID_09,15003.53
GRID_CBE_05293,FC_GRID_09,15685.39
GRID_CBE_05294,FC_GRID_09,16399.92
GRID_CBE_05295,FC_GRID_09,17143.02
GRID_CBE_05296,FC_GRID_09,17911.14
GRID_CBE_05297,FC_GRID_09,18701.2
GRID_CBE_05298,FC_GRID_09,19510.53
GRID_CBE_05299,FC_GRID_09,20336.83
GRID_CBE_05300,FC_GRID_09,21178.11
GRID_CBE_05301,FC_GRID_09,22032.66
GRID_CBE_05302,FC_GRID_09,22899.0
GRID_CBE_05303,FC_GRID_09,23775.82
GRID_CBE_05304,FC_GRID_09,24662.03
GRID_CBE_05305,FC_GRID_07,15053.94
GRID_CBE_05306,FC_GRID_07,14318.4
GRID_CBE_05307,FC_GRID_07,13616.6
GRID_CBE_05308,FC_GRID_07,12954.04
GRID_CBE_05309,FC_GRID_07,12337.04
GRID_CBE_05310,FC_GRID_07,11772.76
GRID_CBE_05311,FC_GRID_07,11269.13
GRID_CBE_05312,FC_GRID_07,10834.6
GRID_CBE_05313,FC_GRID_07,10477.78
GRID_CBE_05314,FC_GRID_07,10206.83
GRID_CBE_05315,FC_GRID_07,10028.69
GRID_CBE_05316,FC_GRID_07,9948.36
GRID_CBE_05317,FC_GRID_07,9968.21
GRID_CBE_05318,FC_GRID_07,10087.65
GRID_CBE_05319,FC_GRID_07,10303.2
GRID_CBE_05320,FC_GRID_07,10609.02
GRID_CBE_05321,FC_GRID_07,10997.58
GRID_CBE_05322,FC_GRID_07,11460.45
GRID_CBE_05323,FC_GRID_07,11989.05
GRID_CBE_05324,FC_GRID_07,12575.08
GRID_CBE_05325,FC_GRID_07,13210.91
GRID_CBE_05326,FC_GRID_07,13889.69
GRID_CBE_05327,FC_GRID_07,14605.43
GRID_CBE_05328,FC_GRID_08,14313.58
GRID_CBE_05329,FC_GRID_08,13621.36
GRID_CBE_05330,FC_GRID_08,12969.37
GRID_CBE_05331,FC_GRID_08,12363.96
GRID_CBE_05332,FC_GRID_08,11812.3
GRID_CBE_05333,FC_GRID_08,11322.25
GRID_CBE_05334,FC_GRID_08,10902.12
GRID_CBE_05335,FC_GRID_08,10560.27
GRID_CBE_05336,FC_GRID_08,10304.47
GRID_CBE_05337,FC_GRID_08,10141.26
GRID_CBE_05338,FC_GRID_08,10075.12
GRID_CBE_05339,FC_GRID_08,10107.97
GRID_CBE_05340,FC_GRID_08,10238.84
GRID_CBE_05341,FC_GRID_08,10464.07
GRID_CBE_05342,FC_GRID_08,10777.75
GRID_CBE_05343,FC_GRID_08,11172.41
GRID_CBE_05344,FC_GRID_08,11639.83
GRID_CBE_05345,FC_GRID_08,12171.63
GRID_CBE_05346,FC_GRID_08,12759.76
GRID_CBE_05347,FC_GRID_08,13396.81
GRID_CBE_05348,FC_GRID_08,14076.13
GRID_CBE_05349,FC_GRID_08,14791.9
GRID_CBE_05350,FC_GRID_09,14323.17
GRID_CBE_05351,FC_GRID_09,13641.08
GRID_CBE_05352,FC_GRID_09,13000.18
GRID_CBE_05353,FC_GRID_09,12406.88
GRID_CBE_05354,FC_GRID_09,11868.3
GRID_CBE_05355,FC_GRID_09,11392.2
GRID_CBE_05356,FC_GRID_09,10986.72
GRID_CBE_05357,FC_GRID_09,10659.92
GRID_CBE_05358,FC_GRID_09,10419.2
GRID_CBE_05359,FC_GRID_09,10270.61
GRID_CBE_05360,FC_GRID_09,10218.19
GRID_CBE_05361,FC_GRID_09,10263.39
GRID_CBE_05362,FC_GRID_09,10404.95
GRID_CBE_05363,FC_GRID_09,10639.02
GRID_CBE_05364,FC_GRID_09,10959.68
GRID_CBE_05365,FC_GRID_09,11359.6
GRID_CBE_05366,FC_GRID_09,11830.73
GRID_CBE_05367,FC_GRID_09,12364.95
GRID_CBE_05368,FC_GRID_09,12954.46
GRID_CBE_05369,FC_GRID_09,13592.05
GRID_CBE_05370,FC_GRID_09,14271.28
GRID_CBE_05371,FC_GRID_09,14986.51
GRID_CBE_05372,FC_GRID_09,15732.81
GRID_CBE_05373,FC_GRID_09,16505.97
GRID_CBE_05374,FC_GRID_09,17302.39
GRID_CBE_05375,FC_GRID_09,18119.01
GRID_CBE_05376,FC_GRID_09,18953.22
GRID_CBE_05377,FC_GRID_09,19802.78
GRID_CBE_05378,FC_GRID_09,20665.82
GRID_CBE_05379,FC_GRID_09,21540.7
GRID_CBE_05380,FC_GRID_09,22426.05
GRID_CBE_05381,FC_GRID_09,23320.67
GRID_CBE_05382,FC_GRID_09,24223.53
GRID_CBE_05383,FC_GRID_07,14412.97
GRID_CBE_05384,FC_GRID_07,13642.91
GRID_CBE_05385,FC_GRID_07,12904.43
GRID_CBE_05386,FC_GRID_07,12203.27
GRID_CBE_05387,FC_GRID_07,11546.21
GRID_CBE_05388,FC_GRID_07,10941.22
GRID_CBE_05389,FC_GRID_07,10397.39
GRID_CBE_05390,FC_GRID_07,9924.77
GRID_CBE_05391,FC_GRID_07,9533.96
GRID_CBE_05392,FC_GRID_07,9235.35
GRID_CBE_05393,FC_GRID_07,9038.09
GRID_CBE_05394,FC_GRID_07,8948.88
GRID_CBE_05395,FC_GRID_07,8970.94
GRID_CBE_05396,FC_GRID_07,9103.47
GRID_CBE_05397,FC_GRID_07,9341.76
GRID_CBE_05398,FC_GRID_07,9678.01
GRID_CBE_05399,FC_GRID_07,10102.43
GRID_CBE_05400,FC_GRID_07,10604.45
GRID_CBE_05401,FC_GRID_07,11173.62
GRID_CBE_05402,FC_GRID_07,11800.22
GRID_CBE_05403,FC_GRID_07,12475.6
GRID_CBE_05404,FC_GRID_07,13192.26
GRID_CBE_05405,FC_GRID_07,13943.86
GRID_CBE_05406,FC_GRID_08,13628.32
GRID_CBE_05407,FC_GRID_08,12899.39
GRID_CBE_05408,FC_GRID_08,12208.89
GRID_CBE_05409,FC_GRID_08,11563.74
GRID_CBE_05410,FC_GRID_08,10971.92
GRID_CBE_05411,FC_GRID_08,10442.51
GRID_CBE_05412,FC_GRID_08,9985.43
GRID_CBE_05413,FC_GRID_08,9611.02
GRID_CBE_05414,FC_GRID_08,9329.24
GRID_CBE_05415,FC_GRID_08,9148.64
GRID_CBE_05416,FC_GRID_08,9075.27
GRID_CBE_05417,FC_GRID_08,9111.73
GRID_CBE_05418,FC_GRID_08,9256.7
GRID_CBE_05419,FC_GRID_08,9505.23
GRID_CBE_05420,FC_GRID_08,9849.49
GRID_CBE_05421,FC_GRID_08,10279.85
GRID_CBE_05422,FC_GRID_08,10786.02
GRID_CBE_05423,FC_GRID_08,11357.87
GRID_CBE_05424,FC_GRID_08,11986.0
GRID_CBE_05425,FC_GRID_08,12662.03
GRID_CBE_05426,FC_GRID_08,13378.72
GRID_CBE_05427,FC_GRID_08,14129.86
GRID_CBE_05428,FC_GRID_09,13627.8
GRID_CBE_05429,FC_GRID_09,12909.02
GRID_CBE_05430,FC_GRID_09,12229.82
GRID_CBE_05431,FC_GRID_09,11597.17
GRID_CBE_05432,FC_GRID_09,11019.08
GRID_CBE_05433,FC_GRID_09,10504.57
GRID_CBE_05434,FC_GRID_09,10063.39
GRID_CBE_05435,FC_GRID_09,9705.55
GRID_CBE_05436,FC_GRID_09,9440.52
GRID_CBE_05437,FC_GRID_09,9276.28
GRID_CBE_05438,FC_GRID_09,9218.19
GRID_CBE_05439,FC_GRID_09,9268.28
GRID_CBE_05440,FC_GRID_09,9424.79
GRID_CBE_05441,FC_GRID_09,9682.59
GRID_CBE_05442,FC_GRID_09,10033.86
GRID_CBE_05443,FC_GRID_09,10469.2
GRID_CBE_05444,FC_GRID_09,10978.62
GRID_CBE_05445,FC_GRID_09,11552.31
GRID_CBE_05446,FC_GRID_09,12181.2
GRID_CBE_05447,FC_GRID_09,12857.2
GRID_CBE_05448,FC_GRID_09,13573.26
GRID_CBE_05449,FC_GRID_09,14323.38
GRID_CBE_05450,FC_GRID_09,15102.48
GRID_CBE_05451,FC_GRID_09,15906.31
GRID_CBE_05452,FC_GRID_09,16731.31
GRID_CBE_05453,FC_GRID_09,17574.48
GRID_CBE_05454,FC_GRID_09,18433.35
GRID_CBE_05455,FC_GRID_09,19305.8
GRID_CBE_05456,FC_GRID_09,20190.09
GRID_CBE_05457,FC_GRID_09,21084.73
GRID_CBE_05458,FC_GRID_09,21988.44
GRID_CBE_05459,FC_GRID_09,22900.16
GRID_CBE_05460,FC_GRID_09,23818.97
GRID_CBE_05461,FC_GRID_07,13814.71
GRID_CBE_05462,FC_GRID_07,13009.28
GRID_CBE_05463,FC_GRID_07,12232.61
GRID_CBE_05464,FC_GRID_07,11490.53
GRID_CBE_05465,FC_GRID_07,10790.16
GRID_CBE_05466,FC_GRID_07,10140.16
GRID_CBE_05467,FC_GRID_07,9550.82
GRID_CBE_05468,FC_GRID_07,9034.02
GRID_CBE_05469,FC_GRID_07,8602.84
GRID_CBE_05470,FC_GRID_07,8270.68
GRID_CBE_05471,FC_GRID_07,8049.82
GRID_CBE_05472,FC_GRID_07,7949.52
GRID_CBE_05473,FC_GRID_07,7974.35
GRID_CBE_05474,FC_GRID_07,8123.15
GRID_CBE_05475,FC_GRID_07,8389.33
GRID_CBE_05476,FC_GRID_07,8762.21
GRID_CBE_05477,FC_GRID_07,9228.85
GRID_CBE_05478,FC_GRID_07,9775.83
GRID_CBE_05479,FC_GRID_07,10390.49
GRID_CBE_05480,FC_GRID_07,11061.54
GRID_CBE_05481,FC_GRID_07,11779.34
GRID_CBE_05482,FC_GRID_07,12535.88
GRID_CBE_05483,FC_GRID_07,13324.55
GRID_CBE_05484,FC_GRID_08,12983.98
GRID_CBE_05485,FC_GRID_08,12216.66
GRID_CBE_05486,FC_GRID_08,11485.19
GRID_CBE_05487,FC_GRID_08,10796.88
GRID_CBE_05488,FC_GRID_08,10160.49
GRID_CBE_05489,FC_GRID_08,9586.37
GRID_CBE_05490,FC_GRID_08,9086.33
GRID_CBE_05491,FC_GRID_08,8673.2
GRID_CBE_05492,FC_GRID_08,8359.86
GRID_CBE_05493,FC_GRID_08,8157.83
GRID_CBE_05494,FC_GRID_08,8075.47
GRID_CBE_05495,FC_GRID_08,8116.41
GRID_CBE_05496,FC_GRID_08,8278.83
GRID_CBE_05497,FC_GRID_08,8555.82
GRID_CBE_05498,FC_GRID_08,8936.72
GRID_CBE_05499,FC_GRID_08,9408.93
GRID_CBE_05500,FC_GRID_08,9959.46
GRID_CBE_05501,FC_GRID_08,10576.09
GRID_CBE_05502,FC_GRID_08,11247.96
GRID_CBE_05503,FC_GRID_08,11965.77
GRID_CBE_05504,FC_GRID_08,12721.74
GRID_CBE_05505,FC_GRID_08,13509.46
GRID_CBE_05506,FC_GRID_09,12972.3
GRID_CBE_05507,FC_GRID_09,12215.01
GRID_CBE_05508,FC_GRID_09,11494.88
GRID_CBE_05509,FC_GRID_09,10819.34
GRID_CBE_05510,FC_GRID_09,10197.25
GRID_CBE_05511,FC_GRID_09,9638.97
GRID_CBE_05512,FC_GRID_09,9156.18
GRID_CBE_05513,FC_GRID_09,8761.36
GRID_CBE_05514,FC_GRID_09,8466.83
GRID_CBE_05515,FC_GRID_09,8283.3
GRID_CBE_05516,FC_GRID_09,8218.2
GRID_CBE_05517,FC_GRID_09,8274.34
GRID_CBE_05518,FC_GRID_09,8449.29
GRID_CBE_05519,FC_GRID_09,8735.92
GRID_CBE_05520,FC_GRID_09,9123.71
GRID_CBE_05521,FC_GRID_09,9600.42
GRID_CBE_05522,FC_GRID_09,10153.51
GRID_CBE_05523,FC_GRID_09,10771.24
GRID_CBE_05524,FC_GRID_09,11443.14
GRID_CBE_05525,FC_GRID_09,12160.23
GRID_CBE_05526,FC_GRID_09,12914.99
GRID_CBE_05527,FC_GRID_09,13701.2
GRID_CBE_05528,FC_GRID_09,14513.74
GRID_CBE_05529,FC_GRID_09,15348.44
GRID_CBE_05530,FC_GRID_09,16201.86
GRID_CBE_05531,FC_GRID_09,17071.21
GRID_CBE_05532,FC_GRID_09,17954.16
GRID_CBE_05533,FC_GRID_09,18848.81
GRID_CBE_05534,FC_GRID_09,19753.57
GRID_CBE_05535,FC_GRID_09,20667.11
GRID_CBE_05536,FC_GRID_09,21588.31
GRID_CBE_05537,FC_GRID_09,22516.24
GRID_CBE_05538,FC_GRID_09,23450.09
GRID_CBE_05539,FC_GRID_07,13264.94
GRID_CBE_05540,FC_GRID_07,12423.93
GRID_CBE_05541,FC_GRID_07,11608.16
GRID_CBE_05542,FC_GRID_07,10823.34
GRID_CBE_05543,FC_GRID_07,10076.7
GRID_CBE_05544,FC_GRID_07,9377.38
GRID_CBE_05545,FC_GRID_07,8736.74
GRID_CBE_05546,FC_GRID_07,8168.6
GRID_CBE_05547,FC_GRID_07,7689.04
GRID_CBE_05548,FC_GRID_07,7315.51
GRID_CBE_05549,FC_GRID_07,7064.84
GRID_CBE_05550,FC_GRID_07,6950.35
GRID_CBE_05551,FC_GRID_07,6978.73
GRID_CBE_05552,FC_GRID_07,7148.29
GRID_CBE_05553,FC_GRID_07,7449.39
GRID_CBE_05554,FC_GRID_07,7866.94
GRID_CBE_05555,FC_GRID_07,8383.56
GRID_CBE_05556,FC_GRID_07,8982.17
GRID_CBE_05557,FC_GRID_07,9647.52
GRID_CBE_05558,FC_GRID_07,10366.78
GRID_CBE_05559,FC_GRID_07,11129.48
GRID_CBE_05560,FC_GRID_07,11927.31
GRID_CBE_05561,FC_GRID_07,12753.67
GRID_CBE_05562,FC_GRID_08,12386.94
GRID_CBE_05563,FC_GRID_08,11580.13
GRID_CBE_05564,FC_GRID_08,10805.66
GRID_CBE_05565,FC_GRID_08,10071.01
GRID_CBE_05566,FC_GRID_08,9385.53
GRID_CBE_05567,FC_GRID_08,8760.77
GRID_CBE_05568,FC_GRID_08,8210.6
GRID_CBE_05569,FC_GRID_08,7750.93
GRID_CBE_05570,FC_GRID_08,7398.64
GRID_CBE_05571,FC_GRID_08,7169.58
GRID_CBE_05572,FC_GRID_08,7075.72
GRID_CBE_05573,FC_GRID_08,7122.41
GRID_CBE_05574,FC_GRID_08,7306.96
GRID_CBE_05575,FC_GRID_08,7619.36
GRID_CBE_05576,FC_GRID_08,8044.72
GRID_CBE_05577,FC_GRID_08,8566.24
GRID_CBE_05578,FC_GRID_08,9167.52
GRID_CBE_05579,FC_GRID_08,9833.94
GRID_CBE_05580,FC_GRID_08,10553.17
GRID_CBE_05581,FC_GRID_08,11315.13
GRID_CBE_05582,FC_GRID_08,12111.78
GRID_CBE_05583,FC_GRID_08,12936.7
GRID_CBE_05584,FC_GRID_09,12363.03
GRID_CBE_05585,FC_GRID_09,11565.91
GRID_CBE_05586,FC_GRID_09,10802.6
GRID_CBE_05587,FC_GRID_09,10080.77
GRID_CBE_05588,FC_GRID_09,9409.98
GRID_CBE_05589,FC_GRID_09,8801.91
GRID_CBE_05590,FC_GRID_09,8270.39
GRID_CBE_05591,FC_GRID_09,7831.04
GRID_CBE_05592,FC_GRID_09,7500.07
GRID_CBE_05593,FC_GRID_09,7292.24
GRID_CBE_05594,FC_GRID_09,7218.22
GRID_CBE_05595,FC_GRID_09,7282.06
GRID_CBE_05596,FC_GRID_09,7480.26
GRID_CBE_05597,FC_GRID_09,7802.57
GRID_CBE_05598,FC_GRID_09,8234.43
GRID_CBE_05599,FC_GRID_09,8759.67
GRID_CBE_05600,FC_GRID_09,9362.56
GRID_CBE_05601,FC_GRID_09,10029.13
GRID_CBE_05602,FC_GRID_09,10747.52
GRID_CBE_05603,FC_GRID_09,11508.04
GRID_CBE_05604,FC_GRID_09,12302.88
GRID_CBE_05605,FC_GRID_09,13125.8
GRID_CBE_05606,FC_GRID_09,13971.85
GRID_CBE_05607,FC_GRID_09,14837.06
GRID_CBE_05608,FC_GRID_09,15718.27
GRID_CBE_05609,FC_GRID_09,16612.94
GRID_CBE_05610,FC_GRID_09,17519.01
GRID_CBE_05611,FC_GRID_09,18434.79
GRID_CBE_05612,FC_GRID_09,19358.91
GRID_CBE_05613,FC_GRID_09,20290.22
GRID_CBE_05614,FC_GRID_09,21227.79
GRID_CBE_05615,FC_GRID_09,22170.81
GRID_CBE_05616,FC_GRID_09,23118.62
GRID_CBE_05617,FC_GRID_07,12769.93
GRID_CBE_05618,FC_GRID_07,11893.97
GRID_CBE_05619,FC_GRID_07,11039.1
GRID_CBE_05620,FC_GRID_07,10210.64
GRID_CBE_05621,FC_GRID_07,9415.54
GRID_CBE_05622,FC_GRID_07,8663.01
GRID_CBE_05623,FC_GRID_07,7965.12
GRID_CBE_05624,FC_GRID_07,7337.47
GRID_CBE_05625,FC_GRID_07,6799.54
GRID_CBE_05626,FC_GRID_07,6374.1
GRID_CBE_05627,FC_GRID_07,6084.77
GRID_CBE_05628,FC_GRID_07,5951.45
GRID_CBE_05629,FC_GRID_07,5984.58
GRID_CBE_05630,FC_GRID_07,6181.46
GRID_CBE_05631,FC_GRID_07,6527.31
GRID_CBE_05632,FC_GRID_07,7000.08
GRID_CBE_05633,FC_GRID_07,7576.05
GRID_CBE_05634,FC_GRID_07,8233.58
GRID_CBE_05635,FC_GRID_07,8954.73
GRID_CBE_05636,FC_GRID_07,9725.35
GRID_CBE_05637,FC_GRID_07,10534.6
GRID_CBE_05638,FC_GRID_07,11374.23
GRID_CBE_05639,FC_GRID_07,12238.0
GRID_CBE_05640,FC_GRID_08,11844.36
GRID_CBE_05641,FC_GRID_08,10997.81
GRID_CBE_05642,FC_GRID_08,10179.14
GRID_CBE_05643,FC_GRID_08,9395.63
GRID_CBE_05644,FC_GRID_08,8656.83
GRID_CBE_05645,FC_GRID_08,7975.19
GRID_CBE_05646,FC_GRID_08,7366.59
GRID_CBE_05647,FC_GRID_08,6850.51
GRID_CBE_05648,FC_GRID_08,6449.22
GRID_CBE_05649,FC_GRID_08,6185.1
GRID_CBE_05650,FC_GRID_08,6076.05
GRID_CBE_05651,FC_GRID_08,6130.36
GRID_CBE_05652,FC_GRID_08,6343.83
GRID_CBE_05653,FC_GRID_08,6701.28
GRID_CBE_05654,FC_GRID_08,7181.23
GRID_CBE_05655,FC_GRID_08,7761.0
GRID_CBE_05656,FC_GRID_08,8419.98
GRID_CBE_05657,FC_GRID_08,9141.06
GRID_CBE_05658,FC_GRID_08,9910.7
GRID_CBE_05659,FC_GRID_08,10718.43
GRID_CBE_05660,FC_GRID_08,11556.29
GRID_CBE_05661,FC_GRID_08,12418.16
GRID_CBE_05662,FC_GRID_09,11807.12
GRID_CBE_05663,FC_GRID_09,10969.69
GRID_CBE_05664,FC_GRID_09,10161.68
GRID_CBE_05665,FC_GRID_09,9390.72
GRID_CBE_05666,FC_GRID_09,8666.69
GRID_CBE_05667,FC_GRID_09,8002.33
GRID_CBE_05668,FC_GRID_09,7413.71
GRID_CBE_05669,FC_GRID_09,6920.18
GRID_CBE_05670,FC_GRID_09,6543.3
GRID_CBE_05671,FC_GRID_09,6304.01
GRID_CBE_05672,FC_GRID_09,6218.23
GRID_CBE_05673,FC_GRID_09,6292.23
GRID_CBE_05674,FC_GRID_09,6520.59
GRID_CBE_05675,FC_GRID_09,6887.95
GRID_CBE_05676,FC_GRID_09,7373.58
GRID_CBE_05677,FC_GRID_09,7955.85
GRID_CBE_05678,FC_GRID_09,8615.18
GRID_CBE_05679,FC_GRID_09,9335.26
GRID_CBE_05680,FC_GRID_09,10103.12
GRID_CBE_05681,FC_GRID_09,10908.66
GRID_CBE_05682,FC_GRID_09,11744.13
GRID_CBE_05683,FC_GRID_09,12603.59
GRID_CBE_05684,FC_GRID_09,13482.44
GRID_CBE_05685,FC_GRID_09,14377.14
GRID_CBE_05686,FC_GRID_09,15284.89
GRID_CBE_05687,FC_GRID_09,16203.51
GRID_CBE_05688,FC_GRID_09,17131.24
GRID_CBE_05689,FC_GRID_09,18066.69
GRID_CBE_05690,FC_GRID_09,19008.71
GRID_CBE_05691,FC_GRID_09,19956.38
GRID_CBE_05692,FC_GRID_09,20908.92
GRID_CBE_05693,FC_GRID_09,21865.69
GRID_CBE_05694,FC_GRID_09,22826.18
GRID_CBE_05695,FC_GRID_07,12336.27
GRID_CBE_05696,FC_GRID_07,11427.11
GRID_CBE_05697,FC_GRID_07,10534.43
GRID_CBE_05698,FC_GRID_07,9662.79
GRID_CBE_05699,FC_GRID_07,8818.44
GRID_CBE_05700,FC_GRID_07,8010.01
GRID_CBE_05701,FC_GRID_07,7249.52
GRID_CBE_05702,FC_GRID_07,6553.69
GRID_CBE_05703,FC_GRID_07,5945.27
GRID_CBE_05704,FC_GRID_07,5453.58
GRID_CBE_05705,FC_GRID_07,5112.43
GRID_CBE_05706,FC_GRID_07,4953.01
GRID_CBE_05707,FC_GRID_07,4992.76
GRID_CBE_05708,FC_GRID_07,5227.14
GRID_CBE_05709,FC_GRID_07,5631.9
GRID_CBE_05710,FC_GRID_07,6173.62
GRID_CBE_05711,FC_GRID_07,6819.75
GRID_CBE_05712,FC_GRID_07,7543.49
GRID_CBE_05713,FC_GRID_07,8324.64
GRID_CBE_05714,FC_GRID_07,9148.5
GRID_CBE_05715,FC_GRID_07,10004.52
GRID_CBE_05716,FC_GRID_07,10885.11
GRID_CBE_05717,FC_GRID_07,11784.78
GRID_CBE_05718,FC_GRID_08,11364.05
GRID_CBE_05719,FC_GRID_08,10478.76
GRID_CBE_05720,FC_GRID_08,9616.0
GRID_CBE_05721,FC_GRID_08,8782.39
GRID_CBE_05722,FC_GRID_08,7987.07
GRID_CBE_05723,FC_GRID_08,7242.67
GRID_CBE_05724,FC_GRID_08,6566.52
GRID_CBE_05725,FC_GRID_08,5981.82
GRID_CBE_05726,FC_GRID_08,5517.7
GRID_CBE_05727,FC_GRID_08,5206.53
GRID_CBE_05728,FC_GRID_08,5076.51
GRID_CBE_05729,FC_GRID_08,5141.39
GRID_CBE_05730,FC_GRID_08,5394.15
GRID_CBE_05731,FC_GRID_08,5810.31
GRID_CBE_05732,FC_GRID_08,6357.88
GRID_CBE_05733,FC_GRID_08,7006.11
GRID_CBE_05734,FC_GRID_08,7729.72
GRID_CBE_05735,FC_GRID_08,8509.5
GRID_CBE_05736,FC_GRID_08,9331.37
GRID_CBE_05737,FC_GRID_08,10185.16
GRID_CBE_05738,FC_GRID_08,11063.47
GRID_CBE_05739,FC_GRID_08,11960.91
GRID_CBE_05740,FC_GRID_09,11312.47
GRID_CBE_05741,FC_GRID_09,10435.41
GRID_CBE_05742,FC_GRID_09,9582.46
GRID_CBE_05743,FC_GRID_09,8760.67
GRID_CBE_05744,FC_GRID_09,7979.68
GRID_CBE_05745,FC_GRID_09,7252.66
GRID_CBE_05746,FC_GRID_09,6597.49
GRID_CBE_05747,FC_GRID_09,6037.61
GRID_CBE_05748,FC_GRID_09,5601.65
GRID_CBE_05749,FC_GRID_09,5320.18
GRID_CBE_05750,FC_GRID_09,5218.25
GRID_CBE_05751,FC_GRID_09,5306.22
GRID_CBE_05752,FC_GRID_09,5575.1
GRID_CBE_05753,FC_GRID_09,6000.63
GRID_CBE_05754,FC_GRID_09,6552.36
GRID_CBE_05755,FC_GRID_09,7201.34
GRID_CBE_05756,FC_GRID_09,7923.7
GRID_CBE_05757,FC_GRID_09,8701.2
GRID_CBE_05758,FC_GRID_09,9520.33
GRID_CBE_05759,FC_GRID_09,10371.24
GRID_CBE_05760,FC_GRID_09,11246.7
GRID_CBE_05761,FC_GRID_09,12141.42
GRID_CBE_05762,FC_GRID_09,13051.44
GRID_CBE_05763,FC_GRID_09,13973.75
GRID_CBE_05764,FC_GRID_09,14906.09
GRID_CBE_05765,FC_GRID_09,15846.69
GRID_CBE_05766,FC_GRID_09,16794.14
GRID_CBE_05767,FC_GRID_09,17747.37
GRID_CBE_05768,FC_GRID_09,18705.48
GRID_CBE_05769,FC_GRID_09,19667.76
GRID_CBE_05770,FC_GRID_09,20633.63
GRID_CBE_05771,FC_GRID_09,21602.6
GRID_CBE_05772,FC_GRID_09,22574.28
GRID_CBE_05773,FC_GRID_07,11970.63
GRID_CBE_05774,FC_GRID_07,11031.38
GRID_CBE_05775,FC_GRID_07,10103.79
GRID_CBE_05776,FC_GRID_07,9191.41
GRID_CBE_05777,FC_GRID_07,8299.24
GRID_CBE_05778,FC_GRID_07,7434.56
GRID_CBE_05779,FC_GRID_07,6608.18
GRID_CBE_05780,FC_GRID_07,5836.38
GRID_CBE_05781,FC_GRID_07,5143.8
GRID_CBE_05782,FC_GRID_07,4566.62
GRID_CBE_05783,FC_GRID_07,4153.24
GRID_CBE_05784,FC_GRID_07,3955.34
GRID_CBE_05785,FC_GRID_07,4005.01
GRID_CBE_05786,FC_GRID_07,4293.65
GRID_CBE_05787,FC_GRID_07,4778.15
GRID_CBE_05788,FC_GRID_07,5406.12
GRID_CBE_05789,FC_GRID_07,6133.63
GRID_CBE_05790,FC_GRID_07,6929.41
GRID_CBE_05791,FC_GRID_07,7772.52
GRID_CBE_05792,FC_GRID_07,8649.13
GRID_CBE_05793,FC_GRID_07,9550.01
GRID_CBE_05794,FC_GRID_07,10468.91
GRID_CBE_05795,FC_GRID_07,11401.47
GRID_CBE_05796,FC_GRID_08,10954.18
GRID_CBE_05797,FC_GRID_08,10032.8
GRID_CBE_05798,FC_GRID_08,9127.98
GRID_CBE_05799,FC_GRID_08,8245.18
GRID_CBE_05800,FC_GRID_08,7392.28
GRID_CBE_05801,FC_GRID_08,6580.94
GRID_CBE_05802,FC_GRID_08,5828.53
GRID_CBE_05803,FC_GRID_08,5160.88
GRID_CBE_05804,FC_GRID_08,4614.94
GRID_CBE_05805,FC_GRID_08,4237.99
GRID_CBE_05806,FC_GRID_08,4077.19
GRID_CBE_05807,FC_GRID_08,4157.7
GRID_CBE_05808,FC_GRID_08,4466.47
GRID_CBE_05809,FC_GRID_08,4961.08
GRID_CBE_05810,FC_GRID_08,5592.43
GRID_CBE_05811,FC_GRID_08,6319.67
GRID_CBE_05812,FC_GRID_08,7113.45
GRID_CBE_05813,FC_GRID_08,7953.87
GRID_CBE_05814,FC_GRID_08,8827.63
GRID_CBE_05815,FC_GRID_08,9725.74
GRID_CBE_05816,FC_GRID_08,10642.04
GRID_CBE_05817,FC_GRID_08,11572.2
GRID_CBE_05818,FC_GRID_09,10887.41
GRID_CBE_05819,FC_GRID_09,9973.04
GRID_CBE_05820,FC_GRID_09,9076.75
GRID_CBE_05821,FC_GRID_09,8204.46
GRID_CBE_05822,FC_GRID_09,7364.71
GRID_CBE_05823,FC_GRID_09,6569.99
GRID_CBE_05824,FC_GRID_09,5838.72
GRID_CBE_05825,FC_GRID_09,5197.74
GRID_CBE_05826,FC_GRID_09,4684.26
GRID_CBE_05827,FC_GRID_09,4343.74
GRID_CBE_05828,FC_GRID_09,4218.28
GRID_CBE_05829,FC_GRID_09,4326.63
GRID_CBE_05830,FC_GRID_09,4652.48
GRID_CBE_05831,FC_GRID_09,5154.74
GRID_CBE_05832,FC_GRID_09,5787.68
GRID_CBE_05833,FC_GRID_09,6513.3
GRID_CBE_05834,FC_GRID_09,7304.03
GRID_CBE_05835,FC_GRID_09,8140.92
GRID_CBE_05836,FC_GRID_09,9011.13
GRID_CBE_05837,FC_GRID_09,9905.87
GRID_CBE_05838,FC_GRID_09,10819.06
GRID_CBE_05839,FC_GRID_09,11746.4
GRID_CBE_05840,FC_GRID_09,12684.78
GRID_CBE_05841,FC_GRID_09,13631.93
GRID_CBE_05842,FC_GRID_09,14586.14
GRID_CBE_05843,FC_GRID_09,15546.1
GRID_CBE_05844,FC_GRID_09,16510.82
GRID_CBE_05845,FC_GRID_09,17479.5
GRID_CBE_05846,FC_GRID_09,18451.52
GRID_CBE_05847,FC_GRID_09,19426.39
GRID_CBE_05848,FC_GRID_09,20403.68
GRID_CBE_05849,FC_GRID_09,21383.08
GRID_CBE_05850,FC_GRID_09,22364.3
GRID_CBE_05851,FC_GRID_07,11679.4
GRID_CBE_05852,FC_GRID_07,10714.65
GRID_CBE_05853,FC_GRID_07,9757.0
GRID_CBE_05854,FC_GRID_07,8808.77
GRID_CBE_05855,FC_GRID_07,7873.36
GRID_CBE_05856,FC_GRID_07,6955.94
GRID_CBE_05857,FC_GRID_07,6064.69
GRID_CBE_05858,FC_GRID_07,5213.04
GRID_CBE_05859,FC_GRID_07,4423.93
GRID_CBE_05860,FC_GRID_07,3737.18
GRID_CBE_05861,FC_GRID_07,3218.98
GRID_CBE_05862,FC_GRID_07,2959.25
GRID_CBE_05863,FC_GRID_07,3025.31
GRID_CBE_05864,FC_GRID_07,3398.22
GRID_CBE_05865,FC_GRID_07,3992.89
GRID_CBE_05866,FC_GRID_07,4726.37
GRID_CBE_05867,FC_GRID_07,5543.82
GRID_CBE_05868,FC_GRID_07,6413.21
GRID_CBE_05869,FC_GRID_07,7316.05
GRID_CBE_05870,FC_GRID_07,8241.35
GRID_CBE_05871,FC_GRID_07,9182.33
GRID_CBE_05872,FC_GRID_07,10134.62
GRID_CBE_05873,FC_GRID_07,11095.31
GRID_CBE_05874,FC_GRID_08,10622.93
GRID_CBE_05875,FC_GRID_08,9670.04
GRID_CBE_05876,FC_GRID_08,8727.69
GRID_CBE_05877,FC_GRID_08,7799.71
GRID_CBE_05878,FC_GRID_08,6891.91
GRID_CBE_05879,FC_GRID_08,6013.43
GRID_CBE_05880,FC_GRID_08,5179.22
GRID_CBE_05881,FC_GRID_08,4414.44
GRID_CBE_05882,FC_GRID_08,3761.68
GRID_CBE_05883,FC_GRID_08,3288.34
GRID_CBE_05884,FC_GRID_08,3078.33
GRID_CBE_05885,FC_GRID_08,3184.19
GRID_CBE_05886,FC_GRID_08,3577.98
GRID_CBE_05887,FC_GRID_08,4179.1
GRID_CBE_05888,FC_GRID_08,4912.01
GRID_CBE_05889,FC_GRID_08,5726.32
GRID_CBE_05890,FC_GRID_08,6591.94
GRID_CBE_05891,FC_GRID_08,7491.11
GRID_CBE_05892,FC_GRID_08,8413.06
GRID_CBE_05893,FC_GRID_08,9351.07
GRID_CBE_05894,FC_GRID_08,10300.75
GRID_CBE_05895,FC_GRID_08,11259.15
GRID_CBE_05896,FC_GRID_09,10540.37
GRID_CBE_05897,FC_GRID_09,9592.98
GRID_CBE_05898,FC_GRID_09,8657.43
GRID_CBE_05899,FC_GRID_09,7738.02
GRID_CBE_05900,FC_GRID_09,6841.25
GRID_CBE_05901,FC_GRID_09,5977.34
GRID_CBE_05902,FC_GRID_09,5162.79
GRID_CBE_05903,FC_GRID_09,4424.95
GRID_CBE_05904,FC_GRID_09,3808.68
GRID_CBE_05905,FC_GRID_09,3381.1
GRID_CBE_05906,FC_GRID_09,3218.33
GRID_CBE_05907,FC_GRID_09,3359.09
GRID_CBE_05908,FC_GRID_09,3769.52
GRID_CBE_05909,FC_GRID_09,4374.37
GRID_CBE_05910,FC_GRID_09,5104.99
GRID_CBE_05911,FC_GRID_09,5914.96
GRID_CBE_05912,FC_GRID_09,6775.88
GRID_CBE_05913,FC_GRID_09,7670.62
GRID_CBE_05914,FC_GRID_09,8588.61
GRID_CBE_05915,FC_GRID_09,9523.13
GRID_CBE_05916,FC_GRID_09,10469.76
GRID_CBE_05917,FC_GRID_09,11425.48
GRID_CBE_05918,FC_GRID_09,12388.2
GRID_CBE_05919,FC_GRID_09,13356.4
GRID_CBE_05920,FC_GRID_09,14328.96
GRID_CBE_05921,FC_GRID_09,15305.06
GRID_CBE_05922,FC_GRID_09,16284.07
GRID_CBE_05923,FC_GRID_09,17265.47
GRID_CBE_05924,FC_GRID_09,18248.9
GRID_CBE_05925,FC_GRID_09,19234.04
GRID_CBE_05926,FC_GRID_09,20220.63
GRID_CBE_05927,FC_GRID_09,21208.49
GRID_CBE_05928,FC_GRID_09,22197.43
GRID_CBE_05929,FC_GRID_07,11468.26
GRID_CBE_05930,FC_GRID_07,10484.09
GRID_CBE_05931,FC_GRID_07,9503.24
GRID_CBE_05932,FC_GRID_07,8526.84
GRID_CBE_05933,FC_GRID_07,7556.6
GRID_CBE_05934,FC_GRID_07,6595.27
GRID_CBE_05935,FC_GRID_07,5647.38
GRID_CBE_05936,FC_GRID_07,4721.05
GRID_CBE_05937,FC_GRID_07,3831.92
GRID_CBE_05938,FC_GRID_07,3013.13
GRID_CBE_05939,FC_GRID_07,2339.72
GRID_CBE_05940,FC_GRID_07,1967.14
GRID_CBE_05941,FC_GRID_07,2065.18
GRID_CBE_05942,FC_GRID_07,2580.76
GRID_CBE_05943,FC_GRID_07,3325.01
GRID_CBE_05944,FC_GRID_07,4177.44
GRID_CBE_05945,FC_GRID_07,5083.93
GRID_CBE_05946,FC_GRID_07,6020.11
GRID_CBE_05947,FC_GRID_07,6974.03
GRID_CBE_05948,FC_GRID_07,7939.29
GRID_CBE_05949,FC_GRID_07,8912.22
GRID_CBE_05950,FC_GRID_07,9890.55
GRID_CBE_05951,FC_GRID_07,10872.83
GRID_CBE_05952,FC_GRID_08,10377.83
GRID_CBE_05953,FC_GRID_08,9400.12
GRID_CBE_05954,FC_GRID_08,8427.64
GRID_CBE_05955,FC_GRID_08,7462.45
GRID_CBE_05956,FC_GRID_08,6507.77
GRID_CBE_05957,FC_GRID_08,5569.02
GRID_CBE_05958,FC_GRID_08,4655.85
GRID_CBE_05959,FC_GRID_08,3786.8
GRID_CBE_05960,FC_GRID_08,3000.47
GRID_CBE_05961,FC_GRID_08,2380.28
GRID_CBE_05962,FC_GRID_08,2080.55
GRID_CBE_05963,FC_GRID_08,2234.19
GRID_CBE_05964,FC_GRID_08,2766.69
GRID_CBE_05965,FC_GRID_08,3509.63
GRID_CBE_05966,FC_GRID_08,4356.65
GRID_CBE_05967,FC_GRID_08,5257.7
GRID_CBE_05968,FC_GRID_08,6189.21
GRID_CBE_05969,FC_GRID_08,7139.28
GRID_CBE_05970,FC_GRID_08,8101.37
GRID_CBE_05971,FC_GRID_08,9071.67
GRID_CBE_05972,FC_GRID_08,10047.79
GRID_CBE_05973,FC_GRID_08,11028.19
GRID_CBE_05974,FC_GRID_09,10279.26
GRID_CBE_05975,FC_GRID_09,9305.32
GRID_CBE_05976,FC_GRID_09,8337.56
GRID_CBE_05977,FC_GRID_09,7378.39
GRID_CBE_05978,FC_GRID_09,6431.68
GRID_CBE_05979,FC_GRID_09,5503.85
GRID_CBE_05980,FC_GRID_09,4606.32
GRID_CBE_05981,FC_GRID_09,3760.85
GRID_CBE_05982,FC_GRID_09,3011.61
GRID_CBE_05983,FC_GRID_09,2448.59
GRID_CBE_05984,FC_GRID_09,2218.43
GRID_CBE_05985,FC_GRID_09,2418.11
GRID_CBE_05986,FC_GRID_09,2961.94
GRID_CBE_05987,FC_GRID_09,3701.2
GRID_CBE_05988,FC_GRID_09,4541.44
GRID_CBE_05989,FC_GRID_09,5436.04
GRID_CBE_05990,FC_GRID_09,6362.1
GRID_CBE_05991,FC_GRID_09,7307.68
GRID_CBE_05992,FC_GRID_09,8266.07
GRID_CBE_05993,FC_GRID_09,9233.3
GRID_CBE_05994,FC_GRID_09,10206.84
GRID_CBE_05995,FC_GRID_09,11185.05
GRID_CBE_05996,FC_GRID_09,12166.81
GRID_CBE_05997,FC_GRID_09,13151.32
GRID_CBE_05998,FC_GRID_09,14138.0
GRID_CBE_05999,FC_GRID_09,15126.42
GRID_CBE_06000,FC_GRID_09,16116.28
GRID_CBE_06001,FC_GRID_09,17107.32
GRID_CBE_06002,FC_GRID_09,18099.34
GRID_CBE_06003,FC_GRID_09,19092.2
GRID_CBE_06004,FC_GRID_09,20085.76
GRID_CBE_06005,FC_GRID_09,21079.93
GRID_CBE_06006,FC_GRID_09,22074.63
GRID_CBE_06007,FC_GRID_07,11341.67
GRID_CBE_06008,FC_GRID_07,10345.47
GRID_CBE_06009,FC_GRID_07,9350.08
GRID_CBE_06010,FC_GRID_07,8355.8
GRID_CBE_06011,FC_GRID_07,7363.06
GRID_CBE_06012,FC_GRID_07,6372.6
GRID_CBE_06013,FC_GRID_07,5385.67
GRID_CBE_06014,FC_GRID_07,4404.63
GRID_CBE_06015,FC_GRID_07,3434.54
GRID_CBE_06016,FC_GRID_07,2488.26
GRID_CBE_06017,FC_GRID_07,1608.34
GRID_CBE_06018,FC_GRID_07,991.01
GRID_CBE_06019,FC_GRID_07,1173.65
GRID_CBE_06020,FC_GRID_07,1942.37
GRID_CBE_06021,FC_GRID_07,2857.99
GRID_CBE_06022,FC_GRID_07,3816.21
GRID_CBE_06023,FC_GRID_07,4791.53
GRID_CBE_06024,FC_GRID_07,5775.3
GRID_CBE_06025,FC_GRID_07,6763.84
GRID_CBE_06026,FC_GRID_07,7755.31
GRID_CBE_06027,FC_GRID_07,8748.72
GRID_CBE_06028,FC_GRID_07,9743.49
GRID_CBE_06029,FC_GRID_07,10739.22
GRID_CBE_06030,FC_GRID_08,10225.06
GRID_CBE_06031,FC_GRID_08,9231.19
GRID_CBE_06032,FC_GRID_08,8238.79
GRID_CBE_06033,FC_GRID_08,7248.49
GRID_CBE_06034,FC_GRID_08,6261.28
GRID_CBE_06035,FC_GRID_08,5278.88
GRID_CBE_06036,FC_GRID_08,4304.59
GRID_CBE_06037,FC_GRID_08,3345.51
GRID_CBE_06038,FC_GRID_08,2419.79
GRID_CBE_06039,FC_GRID_08,1586.92
GRID_CBE_06040,FC_GRID_08,1086.86
GRID_CBE_06041,FC_GRID_08,1358.01
GRID_CBE_06042,FC_GRID_08,2123.0
GRID_CBE_06043,FC_GRID_08,3028.21
GRID_CBE_06044,FC_GRID_08,3979.07
GRID_CBE_06045,FC_GRID_08,4949.34
GRID_CBE_06046,FC_GRID_08,5929.49
GRID_CBE_06047,FC_GRID_08,6915.33
GRID_CBE_06048,FC_GRID_08,7904.73
GRID_CBE_06049,FC_GRID_08,8896.5
GRID_CBE_06050,FC_GRID_08,9889.93
GRID_CBE_06051,FC_GRID_08,10884.56
GRID_CBE_06052,FC_GRID_09,10110.74
GRID_CBE_06053,FC_GRID_09,9118.82
GRID_CBE_06054,FC_GRID_09,8128.88
GRID_CBE_06055,FC_GRID_09,7141.74
GRID_CBE_06056,FC_GRID_09,6158.76
GRID_CBE_06057,FC_GRID_09,5182.29
GRID_CBE_06058,FC_GRID_09,4216.86
GRID_CBE_06059,FC_GRID_09,3272.27
GRID_CBE_06060,FC_GRID_09,2373.51
GRID_CBE_06061,FC_GRID_09,1599.8
GRID_CBE_06062,FC_GRID_09,1218.68
GRID_CBE_06063,FC_GRID_09,1552.74
GRID_CBE_06064,FC_GRID_09,2310.16
GRID_CBE_06065,FC_GRID_09,3203.54
GRID_CBE_06066,FC_GRID_09,4145.9
GRID_CBE_06067,FC_GRID_09,5110.21
GRID_CBE_06068,FC_GRID_09,6086.06
GRID_CBE_06069,FC_GRID_09,7068.66
GRID_CBE_06070,FC_GRID_09,8055.54
GRID_CBE_06071,FC_GRID_09,9045.31
GRID_CBE_06072,FC_GRID_09,10037.1
GRID_CBE_06073,FC_GRID_09,11030.38
GRID_CBE_06074,FC_GRID_09,12024.77
GRID_CBE_06075,FC_GRID_09,13020.02
GRID_CBE_06076,FC_GRID_09,14015.94
GRID_CBE_06077,FC_GRID_09,15012.41
GRID_CBE_06078,FC_GRID_09,16009.32
GRID_CBE_06079,FC_GRID_09,17006.59
GRID_CBE_06080,FC_GRID_09,18004.16
GRID_CBE_06081,FC_GRID_09,19001.99
GRID_CBE_06082,FC_GRID_09,20000.04
GRID_CBE_06083,FC_GRID_09,20998.27
GRID_CBE_06084,FC_GRID_09,21996.66
GRID_CBE_06085,FC_GRID_07,11302.47
GRID_CBE_06086,FC_GRID_07,10302.48
GRID_CBE_06087,FC_GRID_07,9302.5
GRID_CBE_06088,FC_GRID_07,8302.52
GRID_CBE_06089,FC_GRID_07,7302.55
GRID_CBE_06090,FC_GRID_07,6302.58
GRID_CBE_06091,FC_GRID_07,5302.63
GRID_CBE_06092,FC_GRID_07,4302.7
GRID_CBE_06093,FC_GRID_07,3302.81
GRID_CBE_06094,FC_GRID_07,2303.02
GRID_CBE_06095,FC_GRID_07,1303.54
GRID_CBE_06096,FC_GRID_07,307.51
GRID_CBE_06097,FC_GRID_07,699.93
GRID_CBE_06098,FC_GRID_07,1698.6
GRID_CBE_06099,FC_GRID_07,2698.26
GRID_CBE_06100,FC_GRID_07,3698.1
GRID_CBE_06101,FC_GRID_07,4698.01
GRID_CBE_06102,FC_GRID_07,5697.95
GRID_CBE_06103,FC_GRID_07,6697.91
GRID_CBE_06104,FC_GRID_07,7697.88
GRID_CBE_06105,FC_GRID_07,8697.85
GRID_CBE_06106,FC_GRID_07,9697.83
GRID_CBE_06107,FC_GRID_07,10697.82
GRID_CBE_06108,FC_GRID_08,10168.8
GRID_CBE_06109,FC_GRID_08,9168.83
GRID_CBE_06110,FC_GRID_08,8168.86
GRID_CBE_06111,FC_GRID_08,7168.91
GRID_CBE_06112,FC_GRID_08,6168.97
GRID_CBE_06113,FC_GRID_08,5169.06
GRID_CBE_06114,FC_GRID_08,4169.18
GRID_CBE_06115,FC_GRID_08,3169.39
GRID_CBE_06116,FC_GRID_08,2169.78
GRID_CBE_06117,FC_GRID_08,1170.85
GRID_CBE_06118,FC_GRID_08,183.94
GRID_CBE_06119,FC_GRID_08,834.73
GRID_CBE_06120,FC_GRID_08,1832.95
GRID_CBE_06121,FC_GRID_08,2832.43
GRID_CBE_06122,FC_GRID_08,3832.18
GRID_CBE_06123,FC_GRID_08,4832.03
GRID_CBE_06124,FC_GRID_08,5831.94
GRID_CBE_06125,FC_GRID_08,6831.87
GRID_CBE_06126,FC_GRID_08,7831.82
GRID_CBE_06127,FC_GRID_08,8831.78
GRID_CBE_06128,FC_GRID_08,9831.75
GRID_CBE_06129,FC_GRID_08,10831.72
GRID_CBE_06130,FC_GRID_09,10039.46
GRID_CBE_06131,FC_GRID_09,9039.72
GRID_CBE_06132,FC_GRID_09,8040.05
GRID_CBE_06133,FC_GRID_09,7040.47
GRID_CBE_06134,FC_GRID_09,6041.03
GRID_CBE_06135,FC_GRID_09,5041.81
GRID_CBE_06136,FC_GRID_09,4042.98
GRID_CBE_06137,FC_GRID_09,3044.91
GRID_CBE_06138,FC_GRID_09,2048.73
GRID_CBE_06139,FC_GRID_09,1059.78
GRID_CBE_06140,FC_GRID_09,221.25
GRID_CBE_06141,FC_GRID_09,987.31
GRID_CBE_06142,FC_GRID_09,1974.99
GRID_CBE_06143,FC_GRID_09,2970.93
GRID_CBE_06144,FC_GRID_09,3968.91
GRID_CBE_06145,FC_GRID_09,4967.7
GRID_CBE_06146,FC_GRID_09,5966.9
GRID_CBE_06147,FC_GRID_09,6966.33
GRID_CBE_06148,FC_GRID_09,7965.9
GRID_CBE_06149,FC_GRID_09,8965.56
GRID_CBE_06150,FC_GRID_09,9965.3
GRID_CBE_06151,FC_GRID_09,10965.08
GRID_CBE_06152,FC_GRID_09,11964.9
GRID_CBE_06153,FC_GRID_09,12964.74
GRID_CBE_06154,FC_GRID_09,13964.61
GRID_CBE_06155,FC_GRID_09,14964.5
GRID_CBE_06156,FC_GRID_09,15964.4
GRID_CBE_06157,FC_GRID_09,16964.31
GRID_CBE_06158,FC_GRID_09,17964.23
GRID_CBE_06159,FC_GRID_09,18964.16
GRID_CBE_06160,FC_GRID_09,19964.1
GRID_CBE_06161,FC_GRID_09,20964.04
GRID_CBE_06162,FC_GRID_09,21963.99
GRID_CBE_06163,FC_GRID_07,11351.58
GRID_CBE_06164,FC_GRID_07,10356.33
GRID_CBE_06165,FC_GRID_07,9362.1
GRID_CBE_06166,FC_GRID_07,8369.25
GRID_CBE_06167,FC_GRID_07,7378.32
GRID_CBE_06168,FC_GRID_07,6390.23
GRID_CBE_06169,FC_GRID_07,5406.51
GRID_CBE_06170,FC_GRID_07,4430.09
GRID_CBE_06171,FC_GRID_07,3467.13
GRID_CBE_06172,FC_GRID_07,2533.05
GRID_CBE_06173,FC_GRID_07,1676.81
GRID_CBE_06174,FC_GRID_07,1098.65
GRID_CBE_06175,FC_GRID_07,1265.85
GRID_CBE_06176,FC_GRID_07,1999.43
GRID_CBE_06177,FC_GRID_07,2897.08
GRID_CBE_06178,FC_GRID_07,3845.57
GRID_CBE_06179,FC_GRID_07,4814.95
GRID_CBE_06180,FC_GRID_07,5794.74
GRID_CBE_06181,FC_GRID_07,6780.44
GRID_CBE_06182,FC_GRID_07,7769.8
GRID_CBE_06183,FC_GRID_07,8761.57
GRID_CBE_06184,FC_GRID_07,9755.02
GRID_CBE_06185,FC_GRID_07,10749.69
GRID_CBE_06186,FC_GRID_08,10210.63
GRID_CBE_06187,FC_GRID_08,9215.2
GRID_CBE_06188,FC_GRID_08,8220.88
GRID_CBE_06189,FC_GRID_08,7228.13
GRID_CBE_06190,FC_GRID_08,6237.69
GRID_CBE_06191,FC_GRID_08,5250.88
GRID_CBE_06192,FC_GRID_08,4270.21
GRID_CBE_06193,FC_GRID_08,3301.15
GRID_CBE_06194,FC_GRID_08,2358.08
GRID_CBE_06195,FC_GRID_08,1491.13
GRID_CBE_06196,FC_GRID_08,941.5
GRID_CBE_06197,FC_GRID_08,1244.73
GRID_CBE_06198,FC_GRID_08,2052.39
GRID_CBE_06199,FC_GRID_08,2979.13
GRID_CBE_06200,FC_GRID_08,3941.85
GRID_CBE_06201,FC_GRID_08,4919.46
GRID_CBE_06202,FC_GRID_08,5904.58
GRID_CBE_06203,FC_GRID_08,6893.98
GRID_CBE_06204,FC_GRID_08,7886.06
GRID_CBE_06205,FC_GRID_08,8879.91
GRID_CBE_06206,FC_GRID_08,9875.01
GRID_CBE_06207,FC_GRID_08,10871.01
GRID_CBE_06208,FC_GRID_09,10067.5
GRID_CBE_06209,FC_GRID_09,9070.85
GRID_CBE_06210,FC_GRID_09,8075.03
GRID_CBE_06211,FC_GRID_09,7080.39
GRID_CBE_06212,FC_GRID_09,6087.51
GRID_CBE_06213,FC_GRID_09,5097.41
GRID_CBE_06214,FC_GRID_09,4112.11
GRID_CBE_06215,FC_GRID_09,3136.12
GRID_CBE_06216,FC_GRID_09,2181.99
GRID_CBE_06217,FC_GRID_09,1298.8
GRID_CBE_06218,FC_GRID_09,782.76
GRID_CBE_06219,FC_GRID_09,1240.38
GRID_CBE_06220,FC_GRID_09,2112.9
GRID_CBE_06221,FC_GRID_09,3064.34
GRID_CBE_06222,FC_GRID_09,4039.31
GRID_CBE_06223,FC_GRID_09,5024.12
GRID_CBE_06224,FC_GRID_09,6013.95
GRID_CBE_06225,FC_GRID_09,7006.67
GRID_CBE_06226,FC_GRID_09,8001.2
GRID_CBE_06227,FC_GRID_09,8996.95
GRID_CBE_06228,FC_GRID_09,9993.54
GRID_CBE_06229,FC_GRID_09,10990.76
GRID_CBE_06230,FC_GRID_09,11988.43
GRID_CBE_06231,FC_GRID_09,12986.47
GRID_CBE_06232,FC_GRID_09,13984.78
GRID_CBE_06233,FC_GRID_09,14983.32
GRID_CBE_06234,FC_GRID_09,15982.05
GRID_CBE_06235,FC_GRID_09,16980.92
GRID_CBE_06236,FC_GRID_09,17979.92
GRID_CBE_06237,FC_GRID_09,18979.02
GRID_CBE_06238,FC_GRID_09,19978.22
GRID_CBE_06239,FC_GRID_09,20977.49
GRID_CBE_06240,FC_GRID_09,21976.82
GRID_CBE_06241,FC_GRID_07,11487.85
GRID_CBE_06242,FC_GRID_07,10505.53
GRID_CBE_06243,FC_GRID_07,9526.88
GRID_CBE_06244,FC_GRID_07,8553.17
GRID_CBE_06245,FC_GRID_07,7586.31
GRID_CBE_06246,FC_GRID_07,6629.29
GRID_CBE_06247,FC_GRID_07,5687.07
GRID_CBE_06248,FC_GRID_07,4768.45
GRID_CBE_06249,FC_GRID_07,3890.18
GRID_CBE_06250,FC_GRID_07,3086.88
GRID_CBE_06251,FC_GRID_07,2433.96
GRID_CBE_06252,FC_GRID_07,2078.34
GRID_CBE_06253,FC_GRID_07,2171.36
GRID_CBE_06254,FC_GRID_07,2666.49
GRID_CBE_06255,FC_GRID_07,3391.98
GRID_CBE_06256,FC_GRID_07,4230.94
GRID_CBE_06257,FC_GRID_07,5127.98
GRID_CBE_06258,FC_GRID_07,6057.35
GRID_CBE_06259,FC_GRID_07,7006.2
GRID_CBE_06260,FC_GRID_07,7967.57
GRID_CBE_06261,FC_GRID_07,8937.42
GRID_CBE_06262,FC_GRID_07,9913.27
GRID_CBE_06263,FC_GRID_07,10893.49
GRID_CBE_06264,FC_GRID_08,10349.38
GRID_CBE_06265,FC_GRID_08,9368.7
GRID_CBE_06266,FC_GRID_08,8392.58
GRID_CBE_06267,FC_GRID_08,7422.83
GRID_CBE_06268,FC_GRID_08,6462.3
GRID_CBE_06269,FC_GRID_08,5515.82
GRID_CBE_06270,FC_GRID_08,4592.08
GRID_CBE_06271,FC_GRID_08,3708.12
GRID_CBE_06272,FC_GRID_08,2900.54
GRID_CBE_06273,FC_GRID_08,2253.01
GRID_CBE_06274,FC_GRID_08,1933.65
GRID_CBE_06275,FC_GRID_08,2098.08
GRID_CBE_06276,FC_GRID_08,2657.98
GRID_CBE_06277,FC_GRID_08,3424.59
GRID_CBE_06278,FC_GRID_08,4288.44
GRID_CBE_06279,FC_GRID_08,5201.32
GRID_CBE_06280,FC_GRID_08,6141.39
GRID_CBE_06281,FC_GRID_08,7097.86
GRID_CBE_06282,FC_GRID_08,8064.89
GRID_CBE_06283,FC_GRID_08,9039.11
GRID_CBE_06284,FC_GRID_08,10018.4
GRID_CBE_06285,FC_GRID_08,11001.42
GRID_CBE_06286,FC_GRID_09,10194.03
GRID_CBE_06287,FC_GRID_09,9211.09
GRID_CBE_06288,FC_GRID_09,8232.25
GRID_CBE_06289,FC_GRID_09,7259.18
GRID_CBE_06290,FC_GRID_09,6294.57
GRID_CBE_06291,FC_GRID_09,5342.97
GRID_CBE_06292,FC_GRID_09,4412.84
GRID_CBE_06293,FC_GRID_09,3521.22
GRID_CBE_06294,FC_GRID_09,2706.44
GRID_CBE_06295,FC_GRID_09,2061.71
GRID_CBE_06296,FC_GRID_09,1782.27
GRID_CBE_06297,FC_GRID_09,2025.41
GRID_CBE_06298,FC_GRID_09,2651.06
GRID_CBE_06299,FC_GRID_09,3457.45
GRID_CBE_06300,FC_GRID_09,4345.08
GRID_CBE_06301,FC_GRID_09,5273.1
GRID_CBE_06302,FC_GRID_09,6223.45
GRID_CBE_06303,FC_GRID_09,7187.3
GRID_CBE_06304,FC_GRID_09,8159.84
GRID_CBE_06305,FC_GRID_09,9138.32
GRID_CBE_06306,FC_GRID_09,10121.0
GRID_CBE_06307,FC_GRID_09,11106.78
GRID_CBE_06308,FC_GRID_09,12094.89
GRID_CBE_06309,FC_GRID_09,13084.81
GRID_CBE_06310,FC_GRID_09,14076.15
GRID_CBE_06311,FC_GRID_09,15068.64
GRID_CBE_06312,FC_GRID_09,16062.05
GRID_CBE_06313,FC_GRID_09,17056.24
GRID_CBE_06314,FC_GRID_09,18051.07
GRID_CBE_06315,FC_GRID_09,19046.44
GRID_CBE_06316,FC_GRID_09,20042.28
GRID_CBE_06317,FC_GRID_09,21038.5
GRID_CBE_06318,FC_GRID_09,22035.07
GRID_CBE_06319,FC_GRID_07,11708.25
GRID_CBE_06320,FC_GRID_07,10746.09
GRID_CBE_06321,FC_GRID_07,9791.52
GRID_CBE_06322,FC_GRID_07,8846.99
GRID_CBE_06323,FC_GRID_07,7916.1
GRID_CBE_06324,FC_GRID_07,7004.28
GRID_CBE_06325,FC_GRID_07,6120.07
GRID_CBE_06326,FC_GRID_07,5277.37
GRID_CBE_06327,FC_GRID_07,4499.55
GRID_CBE_06328,FC_GRID_07,3826.39
GRID_CBE_06329,FC_GRID_07,3322.14
GRID_CBE_06330,FC_GRID_07,3071.15
GRID_CBE_06331,FC_GRID_07,3134.85
GRID_CBE_06332,FC_GRID_07,3496.09
GRID_CBE_06333,FC_GRID_07,4076.51
GRID_CBE_06334,FC_GRID_07,4797.22
GRID_CBE_06335,FC_GRID_07,5604.34
GRID_CBE_06336,FC_GRID_07,6465.6
GRID_CBE_06337,FC_GRID_07,7362.02
GRID_CBE_06338,FC_GRID_07,8282.19
GRID_CBE_06339,FC_GRID_07,9219.0
GRID_CBE_06340,FC_GRID_07,10167.86
GRID_CBE_06341,FC_GRID_07,11125.68
GRID_CBE_06342,FC_GRID_08,10581.22
GRID_CBE_06343,FC_GRID_08,9624.19
GRID_CBE_06344,FC_GRID_08,8676.87
GRID_CBE_06345,FC_GRID_08,7742.8
GRID_CBE_06346,FC_GRID_08,6827.44
GRID_CBE_06347,FC_GRID_08,5939.43
GRID_CBE_06348,FC_GRID_08,5093.11
GRID_CBE_06349,FC_GRID_08,4313.09
GRID_CBE_06350,FC_GRID_08,3642.21
GRID_CBE_06351,FC_GRID_08,3150.97
GRID_CBE_06352,FC_GRID_08,2931.14
GRID_CBE_06353,FC_GRID_08,3042.12
GRID_CBE_06354,FC_GRID_08,3452.17
GRID_CBE_06355,FC_GRID_08,4071.9
GRID_CBE_06356,FC_GRID_08,4821.13
GRID_CBE_06357,FC_GRID_08,5648.56
GRID_CBE_06358,FC_GRID_08,6524.51
GRID_CBE_06359,FC_GRID_08,7431.83
GRID_CBE_06360,FC_GRID_08,8360.33
GRID_CBE_06361,FC_GRID_08,9303.66
GRID_CBE_06362,FC_GRID_08,10257.73
GRID_CBE_06363,FC_GRID_08,11219.8
GRID_CBE_06364,FC_GRID_09,10415.47
GRID_CBE_06365,FC_GRID_09,9455.57
GRID_CBE_06366,FC_GRID_09,8504.92
GRID_CBE_06367,FC_GRID_09,7567.0
GRID_CBE_06368,FC_GRID_09,6647.2
GRID_CBE_06369,FC_GRID_09,5754.23
GRID_CBE_06370,FC_GRID_09,4902.75
GRID_CBE_06371,FC_GRID_09,4118.59
GRID_CBE_06372,FC_GRID_09,3447.98
GRID_CBE_06373,FC_GRID_09,2968.91
GRID_CBE_06374,FC_GRID_09,2782.13
GRID_CBE_06375,FC_GRID_09,2943.82
GRID_CBE_06376,FC_GRID_09,3404.68
GRID_CBE_06377,FC_GRID_09,4064.2
GRID_CBE_06378,FC_GRID_09,4841.85
GRID_CBE_06379,FC_GRID_09,5689.41
GRID_CBE_06380,FC_GRID_09,6579.91
GRID_CBE_06381,FC_GRID_09,7498.06
GRID_CBE_06382,FC_GRID_09,8434.86
GRID_CBE_06383,FC_GRID_09,9384.7
GRID_CBE_06384,FC_GRID_09,10344.0
GRID_CBE_06385,FC_GRID_09,11310.36
GRID_CBE_06386,FC_GRID_09,12282.1
GRID_CBE_06387,FC_GRID_09,13258.05
GRID_CBE_06388,FC_GRID_09,14237.34
GRID_CBE_06389,FC_GRID_09,15219.31
GRID_CBE_06390,FC_GRID_09,16203.5
GRID_CBE_06391,FC_GRID_09,17189.51
GRID_CBE_06392,FC_GRID_09,18177.05
GRID_CBE_06393,FC_GRID_09,19165.88
GRID_CBE_06394,FC_GRID_09,20155.81
GRID_CBE_06395,FC_GRID_09,21146.69
GRID_CBE_06396,FC_GRID_09,22138.39
GRID_CBE_06397,FC_GRID_07,12008.15
GRID_CBE_06398,FC_GRID_07,11072.08
GRID_CBE_06399,FC_GRID_07,10148.22
GRID_CBE_06400,FC_GRID_07,9240.22
GRID_CBE_06401,FC_GRID_07,8353.26
GRID_CBE_06402,FC_GRID_07,7494.82
GRID_CBE_06403,FC_GRID_07,6675.9
GRID_CBE_06404,FC_GRID_07,5912.96
GRID_CBE_06405,FC_GRID_07,5230.52
GRID_CBE_06406,FC_GRID_07,4664.09
GRID_CBE_06407,FC_GRID_07,4260.17
GRID_CBE_06408,FC_GRID_07,4067.48
GRID_CBE_06409,FC_GRID_07,4115.79
GRID_CBE_06410,FC_GRID_07,4397.17
GRID_CBE_06411,FC_GRID_07,4871.39
GRID_CBE_06412,FC_GRID_07,5488.69
GRID_CBE_06413,FC_GRID_07,6206.54
GRID_CBE_06414,FC_GRID_07,6994.03
GRID_CBE_06415,FC_GRID_07,7830.18
GRID_CBE_06416,FC_GRID_07,8700.98
GRID_CBE_06417,FC_GRID_07,9597.0
GRID_CBE_06418,FC_GRID_07,10511.79
GRID_CBE_06419,FC_GRID_07,11440.85
GRID_CBE_06420,FC_GRID_08,10900.22
GRID_CBE_06421,FC_GRID_08,9973.85
GRID_CBE_06422,FC_GRID_08,9063.15
GRID_CBE_06423,FC_GRID_08,8173.35
GRID_CBE_06424,FC_GRID_08,7312.08
GRID_CBE_06425,FC_GRID_08,6490.72
GRID_CBE_06426,FC_GRID_08,5726.46
GRID_CBE_06427,FC_GRID_08,5045.33
GRID_CBE_06428,FC_GRID_08,4485.34
GRID_CBE_06429,FC_GRID_08,4096.49
GRID_CBE_06430,FC_GRID_08,3929.91
GRID_CBE_06431,FC_GRID_08,4013.36
GRID_CBE_06432,FC_GRID_08,4332.44
GRID_CBE_06433,FC_GRID_08,4840.76
GRID_CBE_06434,FC_GRID_08,5485.97
GRID_CBE_06435,FC_GRID_08,6225.66
GRID_CBE_06436,FC_GRID_08,7030.06
GRID_CBE_06437,FC_GRID_08,7879.39
GRID_CBE_06438,FC_GRID_08,8760.58
GRID_CBE_06439,FC_GRID_08,9664.92
GRID_CBE_06440,FC_GRID_08,10586.48
GRID_CBE_06441,FC_GRID_08,11521.13
GRID_CBE_06442,FC_GRID_09,10725.94
GRID_CBE_06443,FC_GRID_09,9796.51
GRID_CBE_06444,FC_GRID_09,8882.42
GRID_CBE_06445,FC_GRID_09,7988.95
GRID_CBE_06446,FC_GRID_09,7123.84
GRID_CBE_06447,FC_GRID_09,6298.8
GRID_CBE_06448,FC_GRID_09,5531.79
GRID_CBE_06449,FC_GRID_09,4850.42
GRID_CBE_06450,FC_GRID_09,4295.62
GRID_CBE_06451,FC_GRID_09,3921.5
GRID_CBE_06452,FC_GRID_09,3782.06
GRID_CBE_06453,FC_GRID_09,3902.54
GRID_CBE_06454,FC_GRID_09,4260.94
GRID_CBE_06455,FC_GRID_09,4804.32
GRID_CBE_06456,FC_GRID_09,5477.89
GRID_CBE_06457,FC_GRID_09,6239.64
GRID_CBE_06458,FC_GRID_09,7061.08
GRID_CBE_06459,FC_GRID_09,7923.68
GRID_CBE_06460,FC_GRID_09,8815.36
GRID_CBE_06461,FC_GRID_09,9728.12
GRID_CBE_06462,FC_GRID_09,10656.56
GRID_CBE_06463,FC_GRID_09,11596.9
GRID_CBE_06464,FC_GRID_09,12546.47
GRID_CBE_06465,FC_GRID_09,13503.32
GRID_CBE_06466,FC_GRID_09,14466.01
GRID_CBE_06467,FC_GRID_09,15433.45
GRID_CBE_06468,FC_GRID_09,16404.79
GRID_CBE_06469,FC_GRID_09,17379.38
GRID_CBE_06470,FC_GRID_09,18356.71
GRID_CBE_06471,FC_GRID_09,19336.35
GRID_CBE_06472,FC_GRID_09,20317.98
GRID_CBE_06473,FC_GRID_09,21301.32
GRID_CBE_06474,FC_GRID_09,22286.14
GRID_CBE_06475,FC_GRID_07,12381.77
GRID_CBE_06476,FC_GRID_07,11476.21
GRID_CBE_06477,FC_GRID_07,10587.67
GRID_CBE_06478,FC_GRID_07,9720.81
GRID_CBE_06479,FC_GRID_07,8881.98
GRID_CBE_06480,FC_GRID_07,8079.9
GRID_CBE_06481,FC_GRID_07,7326.67
GRID_CBE_06482,FC_GRID_07,6638.94
GRID_CBE_06483,FC_GRID_07,6039.11
GRID_CBE_06484,FC_GRID_07,5555.73
GRID_CBE_06485,FC_GRID_07,5221.26
GRID_CBE_06486,FC_GRID_07,5065.26
GRID_CBE_06487,FC_GRID_07,5104.14
GRID_CBE_06488,FC_GRID_07,5333.62
GRID_CBE_06489,FC_GRID_07,5730.87
GRID_CBE_06490,FC_GRID_07,6264.04
GRID_CBE_06491,FC_GRID_07,6901.71
GRID_CBE_06492,FC_GRID_07,7617.67
GRID_CBE_06493,FC_GRID_07,8391.92
GRID_CBE_06494,FC_GRID_07,9209.75
GRID_CBE_06495,FC_GRID_07,10060.56
GRID_CBE_06496,FC_GRID_07,10936.65
GRID_CBE_06497,FC_GRID_07,11832.4
GRID_CBE_06498,FC_GRID_08,11299.0
GRID_CBE_06499,FC_GRID_08,10408.18
GRID_CBE_06500,FC_GRID_08,9539.04
GRID_CBE_06501,FC_GRID_08,8698.05
GRID_CBE_06502,FC_GRID_08,7894.24
GRID_CBE_06503,FC_GRID_08,7140.17
GRID_CBE_06504,FC_GRID_08,6453.29
GRID_CBE_06505,FC_GRID_08,5857.3
GRID_CBE_06506,FC_GRID_08,5382.46
GRID_CBE_06507,FC_GRID_08,5062.98
GRID_CBE_06508,FC_GRID_08,4929.17
GRID_CBE_06509,FC_GRID_08,4995.97
GRID_CBE_06510,FC_GRID_08,5255.72
GRID_CBE_06511,FC_GRID_08,5682.04
GRID_CBE_06512,FC_GRID_08,6240.87
GRID_CBE_06513,FC_GRID_08,6900.1
GRID_CBE_06514,FC_GRID_08,7633.77
GRID_CBE_06515,FC_GRID_08,8422.43
GRID_CBE_06516,FC_GRID_08,9252.04
GRID_CBE_06517,FC_GRID_08,10112.53
GRID_CBE_06518,FC_GRID_08,10996.64
GRID_CBE_06519,FC_GRID_08,11899.12
GRID_CBE_06520,FC_GRID_09,11117.98
GRID_CBE_06521,FC_GRID_09,10224.25
GRID_CBE_06522,FC_GRID_09,9352.07
GRID_CBE_06523,FC_GRID_09,8508.06
GRID_CBE_06524,FC_GRID_09,7701.48
GRID_CBE_06525,FC_GRID_09,6945.41
GRID_CBE_06526,FC_GRID_09,6258.15
GRID_CBE_06527,FC_GRID_09,5664.83
GRID_CBE_06528,FC_GRID_09,5197.7
GRID_CBE_06529,FC_GRID_09,4893.05
GRID_CBE_06530,FC_GRID_09,4782.02
GRID_CBE_06531,FC_GRID_09,4877.87
GRID_CBE_06532,FC_GRID_09,5169.08
GRID_CBE_06533,FC_GRID_09,5625.41
GRID_CBE_06534,FC_GRID_09,6210.56
GRID_CBE_06535,FC_GRID_09,6891.8
GRID_CBE_06536,FC_GRID_09,7643.47
GRID_CBE_06537,FC_GRID_09,8446.8
GRID_CBE_06538,FC_GRID_09,9288.4
GRID_CBE_06539,FC_GRID_09,10158.75
GRID_CBE_06540,FC_GRID_09,11051.06
GRID_CBE_06541,FC_GRID_09,11960.43
GRID_CBE_06542,FC_GRID_09,12883.23
GRID_CBE_06543,FC_GRID_09,13816.78
GRID_CBE_06544,FC_GRID_09,14759.04
GRID_CBE_06545,FC_GRID_09,15708.44
GRID_CBE_06546,FC_GRID_09,16663.76
GRID_CBE_06547,FC_GRID_09,17624.04
GRID_CBE_06548,FC_GRID_09,18588.5
GRID_CBE_06549,FC_GRID_09,19556.54
GRID_CBE_06550,FC_GRID_09,20527.64
GRID_CBE_06551,FC_GRID_09,21501.39
GRID_CBE_06552,FC_GRID_09,22477.45
GRID_CBE_06553,FC_GRID_07,12822.66
GRID_CBE_06554,FC_GRID_07,11950.56
GRID_CBE_06555,FC_GRID_07,11100.06
GRID_CBE_06556,FC_GRID_07,10276.51
GRID_CBE_06557,FC_GRID_07,9486.94
GRID_CBE_06558,FC_GRID_07,8740.55
GRID_CBE_06559,FC_GRID_07,8049.39
GRID_CBE_06560,FC_GRID_07,7428.86
GRID_CBE_06561,FC_GRID_07,6898.07
GRID_CBE_06562,FC_GRID_07,6479.09
GRID_CBE_06563,FC_GRID_07,6194.67
GRID_CBE_06564,FC_GRID_07,6063.77
GRID_CBE_06565,FC_GRID_07,6096.28
GRID_CBE_06566,FC_GRID_07,6289.67
GRID_CBE_06567,FC_GRID_07,6629.88
GRID_CBE_06568,FC_GRID_07,7095.82
GRID_CBE_06569,FC_GRID_07,7664.6
GRID_CBE_06570,FC_GRID_07,8315.13
GRID_CBE_06571,FC_GRID_07,9029.77
GRID_CBE_06572,FC_GRID_07,9794.49
GRID_CBE_06573,FC_GRID_07,10598.46
GRID_CBE_06574,FC_GRID_07,11433.4
GRID_CBE_06575,FC_GRID_07,12293.01
GRID_CBE_06576,FC_GRID_08,11769.45
GRID_CBE_06577,FC_GRID_08,10917.09
GRID_CBE_06578,FC_GRID_08,10091.87
GRID_CBE_06579,FC_GRID_08,9301.01
GRID_CBE_06580,FC_GRID_08,8554.04
GRID_CBE_06581,FC_GRID_08,7863.5
GRID_CBE_06582,FC_GRID_08,7245.52
GRID_CBE_06583,FC_GRID_08,6720.16
GRID_CBE_06584,FC_GRID_08,6310.58
GRID_CBE_06585,FC_GRID_08,6040.4
GRID_CBE_06586,FC_GRID_08,5928.69
GRID_CBE_06587,FC_GRID_08,5984.33
GRID_CBE_06588,FC_GRID_08,6202.84
GRID_CBE_06589,FC_GRID_08,6567.96
GRID_CBE_06590,FC_GRID_08,7056.99
GRID_CBE_06591,FC_GRID_08,7646.18
GRID_CBE_06592,FC_GRID_08,8314.26
GRID_CBE_06593,FC_GRID_08,9043.78
GRID_CBE_06594,FC_GRID_08,9821.04
GRID_CBE_06595,FC_GRID_08,10635.59
GRID_CBE_06596,FC_GRID_08,11479.49
GRID_CBE_06597,FC_GRID_08,12346.73
GRID_CBE_06598,FC_GRID_09,11583.32
GRID_CBE_06599,FC_GRID_09,10728.43
GRID_CBE_06600,FC_GRID_09,9900.76
GRID_CBE_06601,FC_GRID_09,9107.73
GRID_CBE_06602,FC_GRID_09,8359.22
GRID_CBE_06603,FC_GRID_09,7668.27
GRID_CBE_06604,FC_GRID_09,7051.82
GRID_CBE_06605,FC_GRID_09,6531.01
GRID_CBE_06606,FC_GRID_09,6130.24
GRID_CBE_06607,FC_GRID_09,5874.15
GRID_CBE_06608,FC_GRID_09,5782.0
GRID_CBE_06609,FC_GRID_09,5861.51
GRID_CBE_06610,FC_GRID_09,6105.99
GRID_CBE_06611,FC_GRID_09,6496.84
GRID_CBE_06612,FC_GRID_09,7009.62
GRID_CBE_06613,FC_GRID_09,7619.75
GRID_CBE_06614,FC_GRID_09,8305.81
GRID_CBE_06615,FC_GRID_09,9050.54
GRID_CBE_06616,FC_GRID_09,9840.63
GRID_CBE_06617,FC_GRID_09,10666.02
GRID_CBE_06618,FC_GRID_09,11519.1
GRID_CBE_06619,FC_GRID_09,12394.17
GRID_CBE_06620,FC_GRID_09,13286.89
GRID_CBE_06621,FC_GRID_09,14193.91
GRID_CBE_06622,FC_GRID_09,15112.68
GRID_CBE_06623,FC_GRID_09,16041.16
GRID_CBE_06624,FC_GRID_09,16977.77
GRID_CBE_06625,FC_GRID_09,17921.23
GRID_CBE_06626,FC_GRID_09,18870.51
GRID_CBE_06627,FC_GRID_09,19824.78
GRID_CBE_06628,FC_GRID_09,20783.36
GRID_CBE_06629,FC_GRID_09,21745.66
GRID_CBE_06630,FC_GRID_09,22711.22
GRID_CBE_06631,FC_GRID_07,13324.15
GRID_CBE_06632,FC_GRID_07,12487.13
GRID_CBE_06633,FC_GRID_07,11675.78
GRID_CBE_06634,FC_GRID_07,10895.83
GRID_CBE_06635,FC_GRID_07,10154.53
GRID_CBE_06636,FC_GRID_07,9460.96
GRID_CBE_06637,FC_GRID_07,8826.39
GRID_CBE_06638,FC_GRID_07,8264.41
GRID_CBE_06639,FC_GRID_07,7790.75
GRID_CBE_06640,FC_GRID_07,7422.34
GRID_CBE_06641,FC_GRID_07,7175.41
GRID_CBE_06642,FC_GRID_07,7062.7
GRID_CBE_06643,FC_GRID_07,7090.64
GRID_CBE_06644,FC_GRID_07,7257.58
GRID_CBE_06645,FC_GRID_07,7554.32
GRID_CBE_06646,FC_GRID_07,7966.38
GRID_CBE_06647,FC_GRID_07,8476.94
GRID_CBE_06648,FC_GRID_07,9069.39
GRID_CBE_06649,FC_GRID_07,9728.78
GRID_CBE_06650,FC_GRID_07,10442.44
GRID_CBE_06651,FC_GRID_07,11199.99
GRID_CBE_06652,FC_GRID_07,11993.13
GRID_CBE_06653,FC_GRID_07,12815.25
GRID_CBE_06654,FC_GRID_08,12303.35
GRID_CBE_06655,FC_GRID_08,11490.67
GRID_CBE_06656,FC_GRID_08,10709.73
GRID_CBE_06657,FC_GRID_08,9968.01
GRID_CBE_06658,FC_GRID_08,9274.93
GRID_CBE_06659,FC_GRID_08,8642.18
GRID_CBE_06660,FC_GRID_08,8083.94
GRID_CBE_06661,FC_GRID_08,7616.63
GRID_CBE_06662,FC_GRID_08,7257.82
GRID_CBE_06663,FC_GRID_08,7024.17
GRID_CBE_06664,FC_GRID_08,6928.34
GRID_CBE_06665,FC_GRID_08,6976.02
GRID_CBE_06666,FC_GRID_08,7164.34
GRID_CBE_06667,FC_GRID_08,7482.69
GRID_CBE_06668,FC_GRID_08,7915.41
GRID_CBE_06669,FC_GRID_08,8444.92
GRID_CBE_06670,FC_GRID_08,9054.26
GRID_CBE_06671,FC_GRID_08,9728.44
GRID_CBE_06672,FC_GRID_08,10454.92
GRID_CBE_06673,FC_GRID_08,11223.56
GRID_CBE_06674,FC_GRID_08,12026.28
GRID_CBE_06675,FC_GRID_08,12856.68
GRID_CBE_06676,FC_GRID_09,12113.51
GRID_CBE_06677,FC_GRID_09,11298.8
GRID_CBE_06678,FC_GRID_09,10516.12
GRID_CBE_06679,FC_GRID_09,9773.15
GRID_CBE_06680,FC_GRID_09,9079.67
GRID_CBE_06681,FC_GRID_09,8447.85
GRID_CBE_06682,FC_GRID_09,7892.53
GRID_CBE_06683,FC_GRID_09,7430.87
GRID_CBE_06684,FC_GRID_09,7081.22
GRID_CBE_06685,FC_GRID_09,6860.72
GRID_CBE_06686,FC_GRID_09,6781.98
GRID_CBE_06687,FC_GRID_09,6849.9
GRID_CBE_06688,FC_GRID_09,7060.23
GRID_CBE_06689,FC_GRID_09,7400.86
GRID_CBE_06690,FC_GRID_09,7854.84
GRID_CBE_06691,FC_GRID_09,8403.83
GRID_CBE_06692,FC_GRID_09,9030.51
GRID_CBE_06693,FC_GRID_09,9719.88
GRID_CBE_06694,FC_GRID_09,10459.53
GRID_CBE_06695,FC_GRID_09,11239.56
GRID_CBE_06696,FC_GRID_09,12052.11
GRID_CBE_06697,FC_GRID_09,12891.05
GRID_CBE_06698,FC_GRID_09,13751.55
GRID_CBE_06699,FC_GRID_09,14629.8
GRID_CBE_06700,FC_GRID_09,15522.78
GRID_CBE_06701,FC_GRID_09,16428.1
GRID_CBE_06702,FC_GRID_09,17343.83
GRID_CBE_06703,FC_GRID_09,18268.39
GRID_CBE_06704,FC_GRID_09,19200.52
GRID_CBE_06705,FC_GRID_09,20139.16
GRID_CBE_06706,FC_GRID_09,21083.45
GRID_CBE_06707,FC_GRID_09,22032.65
GRID_CBE_06708,FC_GRID_09,22986.15
GRID_CBE_06709,FC_GRID_07,13879.68
GRID_CBE_06710,FC_GRID_07,13078.26
GRID_CBE_06711,FC_GRID_07,12305.94
GRID_CBE_06712,FC_GRID_07,11568.56
GRID_CBE_06713,FC_GRID_07,10873.22
GRID_CBE_06714,FC_GRID_07,10228.5
GRID_CBE_06715,FC_GRID_07,9644.56
GRID_CBE_06716,FC_GRID_07,9133.07
GRID_CBE_06717,FC_GRID_07,8706.79
GRID_CBE_06718,FC_GRID_07,8378.76
GRID_CBE_06719,FC_GRID_07,8160.82
GRID_CBE_06720,FC_GRID_07,8061.9
GRID_CBE_06721,FC_GRID_07,8086.38
GRID_CBE_06722,FC_GRID_07,8233.16
GRID_CBE_06723,FC_GRID_07,8495.9
GRID_CBE_06724,FC_GRID_07,8864.29
GRID_CBE_06725,FC_GRID_07,9325.82
GRID_CBE_06726,FC_GRID_07,9867.44
GRID_CBE_06727,FC_GRID_07,10476.72
GRID_CBE_06728,FC_GRID_07,11142.57
GRID_CBE_06729,FC_GRID_07,11855.48
GRID_CBE_06730,FC_GRID_07,12607.44
GRID_CBE_06731,FC_GRID_07,13391.9
GRID_CBE_06732,FC_GRID_08,12892.83
GRID_CBE_06733,FC_GRID_08,12119.74
GRID_CBE_06734,FC_GRID_08,11382.05
GRID_CBE_06735,FC_GRID_08,10687.09
GRID_CBE_06736,FC_GRID_08,10043.75
GRID_CBE_06737,FC_GRID_08,9462.55
GRID_CBE_06738,FC_GRID_08,8955.6
GRID_CBE_06739,FC_GRID_08,8536.14
GRID_CBE_06740,FC_GRID_08,8217.58
GRID_CBE_06741,FC_GRID_08,8011.96
GRID_CBE_06742,FC_GRID_08,7928.08
GRID_CBE_06743,FC_GRID_08,7969.78
GRID_CBE_06744,FC_GRID_08,8135.13
GRID_CBE_06745,FC_GRID_08,8416.85
GRID_CBE_06746,FC_GRID_08,8803.76
GRID_CBE_06747,FC_GRID_08,9282.74
GRID_CBE_06748,FC_GRID_08,9840.33
GRID_CBE_06749,FC_GRID_08,10463.99
GRID_CBE_06750,FC_GRID_08,11142.62
GRID_CBE_06751,FC_GRID_08,11866.8
GRID_CBE_06752,FC_GRID_08,12628.69
GRID_CBE_06753,FC_GRID_08,13421.88
GRID_CBE_06754,FC_GRID_09,12700.43
GRID_CBE_06755,FC_GRID_09,11925.88
GRID_CBE_06756,FC_GRID_09,11187.16
GRID_CBE_06757,FC_GRID_09,10491.82
GRID_CBE_06758,FC_GRID_09,9849.07
GRID_CBE_06759,FC_GRID_09,9269.84
GRID_CBE_06760,FC_GRID_09,8766.74
GRID_CBE_06761,FC_GRID_09,8353.54
GRID_CBE_06762,FC_GRID_09,8044.09
GRID_CBE_06763,FC_GRID_09,7850.68
GRID_CBE_06764,FC_GRID_09,7781.97
GRID_CBE_06765,FC_GRID_09,7841.23
GRID_CBE_06766,FC_GRID_09,8025.63
GRID_CBE_06767,FC_GRID_09,8326.85
GRID_CBE_06768,FC_GRID_09,8732.83
GRID_CBE_06769,FC_GRID_09,9229.74
GRID_CBE_06770,FC_GRID_09,9803.77
GRID_CBE_06771,FC_GRID_09,10442.21
GRID_CBE_06772,FC_GRID_09,11133.98
GRID_CBE_06773,FC_GRID_09,11869.77
GRID_CBE_06774,FC_GRID_09,12641.88
GRID_CBE_06775,FC_GRID_09,13444.07
GRID_CBE_06776,FC_GRID_09,14271.26
GRID_CBE_06777,FC_GRID_09,15119.35
GRID_CBE_06778,FC_GRID_09,15985.01
GRID_CBE_06779,FC_GRID_09,16865.54
GRID_CBE_06780,FC_GRID_09,17758.72
GRID_CBE_06781,FC_GRID_09,18662.74
GRID_CBE_06782,FC_GRID_09,19576.1
GRID_CBE_06783,FC_GRID_09,20497.55
GRID_CBE_06784,FC_GRID_09,21426.05
GRID_CBE_06785,FC_GRID_09,22360.71
GRID_CBE_06786,FC_GRID_09,23300.8
GRID_CBE_06787,FC_GRID_07,14483.02
GRID_CBE_06788,FC_GRID_07,13716.9
GRID_CBE_06789,FC_GRID_07,12982.63
GRID_CBE_06790,FC_GRID_07,12285.93
GRID_CBE_06791,FC_GRID_07,11633.54
GRID_CBE_06792,FC_GRID_07,11033.34
GRID_CBE_06793,FC_GRID_07,10494.28
GRID_CBE_06794,FC_GRID_07,10026.23
GRID_CBE_06795,FC_GRID_07,9639.54
GRID_CBE_06796,FC_GRID_07,9344.3
GRID_CBE_06797,FC_GRID_07,9149.39
GRID_CBE_06798,FC_GRID_07,9061.28
GRID_CBE_06799,FC_GRID_07,9083.06
GRID_CBE_06800,FC_GRID_07,9213.98
GRID_CBE_06801,FC_GRID_07,9449.48
GRID_CBE_06802,FC_GRID_07,9782.03
GRID_CBE_06803,FC_GRID_07,10202.13
GRID_CBE_06804,FC_GRID_07,10699.47
GRID_CBE_06805,FC_GRID_07,11263.84
GRID_CBE_06806,FC_GRID_07,11885.68
GRID_CBE_06807,FC_GRID_07,12556.46
GRID_CBE_06808,FC_GRID_07,13268.76
GRID_CBE_06809,FC_GRID_07,14016.26
GRID_CBE_06810,FC_GRID_08,13530.62
GRID_CBE_06811,FC_GRID_08,12796.12
GRID_CBE_06812,FC_GRID_08,12099.73
GRID_CBE_06813,FC_GRID_08,11448.43
GRID_CBE_06814,FC_GRID_08,10850.32
GRID_CBE_06815,FC_GRID_08,10314.67
GRID_CBE_06816,FC_GRID_08,9851.66
GRID_CBE_06817,FC_GRID_08,9471.97
GRID_CBE_06818,FC_GRID_08,9185.92
GRID_CBE_06819,FC_GRID_08,9002.45
GRID_CBE_06820,FC_GRID_08,8927.88
GRID_CBE_06821,FC_GRID_08,8964.93
GRID_CBE_06822,FC_GRID_08,9112.24
GRID_CBE_06823,FC_GRID_08,9364.61
GRID_CBE_06824,FC_GRID_08,9713.85
GRID_CBE_06825,FC_GRID_08,10149.96
GRID_CBE_06826,FC_GRID_08,10662.3
GRID_CBE_06827,FC_GRID_08,11240.45
GRID_CBE_06828,FC_GRID_08,11874.79
GRID_CBE_06829,FC_GRID_08,12556.81
GRID_CBE_06830,FC_GRID_08,13279.17
GRID_CBE_06831,FC_GRID_08,14035.65
GRID_CBE_06832,FC_GRID_09,13336.59
GRID_CBE_06833,FC_GRID_09,12601.21
GRID_CBE_06834,FC_GRID_09,11904.46
GRID_CBE_06835,FC_GRID_09,11253.54
GRID_CBE_06836,FC_GRID_09,10656.82
GRID_CBE_06837,FC_GRID_09,10123.92
GRID_CBE_06838,FC_GRID_09,9665.38
GRID_CBE_06839,FC_GRID_09,9292.22
GRID_CBE_06840,FC_GRID_09,9015.05
GRID_CBE_06841,FC_GRID_09,8842.91
GRID_CBE_06842,FC_GRID_09,8781.96
GRID_CBE_06843,FC_GRID_09,8834.51
GRID_CBE_06844,FC_GRID_09,8998.58
GRID_CBE_06845,FC_GRID_09,9268.24
GRID_CBE_06846,FC_GRID_09,9634.63
GRID_CBE_06847,FC_GRID_09,10087.21
GRID_CBE_06848,FC_GRID_09,10614.98
GRID_CBE_06849,FC_GRID_09,11207.3
GRID_CBE_06850,FC_GRID_09,11854.51
GRID_CBE_06851,FC_GRID_09,12548.11
GRID_CBE_06852,FC_GRID_09,13280.85
GRID_CBE_06853,FC_GRID_09,14046.59
GRID_CBE_06854,FC_GRID_09,14840.24
GRID_CBE_06855,FC_GRID_09,15657.54
GRID_CBE_06856,FC_GRID_09,16494.98
GRID_CBE_06857,FC_GRID_09,17349.64
GRID_CBE_06858,FC_GRID_09,18219.11
GRID_CBE_06859,FC_GRID_09,19101.35
GRID_CBE_06860,FC_GRID_09,19994.69
GRID_CBE_06861,FC_GRID_09,20897.69
GRID_CBE_06862,FC_GRID_09,21809.15
GRID_CBE_06863,FC_GRID_09,22728.07
GRID_CBE_06864,FC_GRID_09,23653.56
GRID_CBE_06865,FC_GRID_07,15128.46
GRID_CBE_06866,FC_GRID_07,14396.73
GRID_CBE_06867,FC_GRID_07,13698.95
GRID_CBE_06868,FC_GRID_07,13040.57
GRID_CBE_06869,FC_GRID_07,12427.86
GRID_CBE_06870,FC_GRID_07,11867.9
GRID_CBE_06871,FC_GRID_07,11368.49
GRID_CBE_06872,FC_GRID_07,10937.91
GRID_CBE_06873,FC_GRID_07,10584.57
GRID_CBE_06874,FC_GRID_07,10316.42
GRID_CBE_06875,FC_GRID_07,10140.21
GRID_CBE_06876,FC_GRID_07,10060.77
GRID_CBE_06877,FC_GRID_07,10080.4
GRID_CBE_06878,FC_GRID_07,10198.52
GRID_CBE_06879,FC_GRID_07,10411.78
GRID_CBE_06880,FC_GRID_07,10714.5
GRID_CBE_06881,FC_GRID_07,11099.36
GRID_CBE_06882,FC_GRID_07,11558.17
GRID_CBE_06883,FC_GRID_07,12082.49
GRID_CBE_06884,FC_GRID_07,12664.2
GRID_CBE_06885,FC_GRID_07,13295.76
GRID_CBE_06886,FC_GRID_07,13970.42
GRID_CBE_06887,FC_GRID_07,14682.23
GRID_CBE_06888,FC_GRID_08,14210.22
GRID_CBE_06889,FC_GRID_08,13512.7
GRID_CBE_06890,FC_GRID_08,12855.2
GRID_CBE_06891,FC_GRID_08,12244.14
GRID_CBE_06892,FC_GRID_08,11686.83
GRID_CBE_06893,FC_GRID_08,11191.29
GRID_CBE_06894,FC_GRID_08,10766.05
GRID_CBE_06895,FC_GRID_08,10419.73
GRID_CBE_06896,FC_GRID_08,10160.4
GRID_CBE_06897,FC_GRID_08,9994.83
GRID_CBE_06898,FC_GRID_08,9927.72
GRID_CBE_06899,FC_GRID_08,9961.05
GRID_CBE_06900,FC_GRID_08,10093.84
GRID_CBE_06901,FC_GRID_08,10322.23
GRID_CBE_06902,FC_GRID_08,10640.08
GRID_CBE_06903,FC_GRID_08,11039.67
GRID_CBE_06904,FC_GRID_08,11512.48
GRID_CBE_06905,FC_GRID_08,12049.91
GRID_CBE_06906,FC_GRID_08,12643.7
GRID_CBE_06907,FC_GRID_08,13286.31
GRID_CBE_06908,FC_GRID_08,13971.01
GRID_CBE_06909,FC_GRID_08,14691.9
GRID_CBE_06910,FC_GRID_09,14015.29
GRID_CBE_06911,FC_GRID_09,13317.44
GRID_CBE_06912,FC_GRID_09,12660.17
GRID_CBE_06913,FC_GRID_09,12050.14
GRID_CBE_06914,FC_GRID_09,11494.85
GRID_CBE_06915,FC_GRID_09,11002.61
GRID_CBE_06916,FC_GRID_09,10582.21
GRID_CBE_06917,FC_GRID_09,10242.51
GRID_CBE_06918,FC_GRID_09,9991.74
GRID_CBE_06919,FC_GRID_09,9836.7
GRID_CBE_06920,FC_GRID_09,9781.95
GRID_CBE_06921,FC_GRID_09,9829.16
GRID_CBE_06922,FC_GRID_09,9976.88
GRID_CBE_06923,FC_GRID_09,10220.76
GRID_CBE_06924,FC_GRID_09,10554.14
GRID_CBE_06925,FC_GRID_09,10968.85
GRID_CBE_06926,FC_GRID_09,11456.07
GRID_CBE_06927,FC_GRID_09,12006.97
GRID_CBE_06928,FC_GRID_09,12613.21
GRID_CBE_06929,FC_GRID_09,13267.21
GRID_CBE_06930,FC_GRID_09,13962.26
GRID_CBE_06931,FC_GRID_09,14692.53
GRID_CBE_06932,FC_GRID_09,15453.04
GRID_CBE_06933,FC_GRID_09,16239.53
GRID_CBE_06934,FC_GRID_09,17048.4
GRID_CBE_06935,FC_GRID_09,17876.63
GRID_CBE_06936,FC_GRID_09,18721.64
GRID_CBE_06937,FC_GRID_09,19581.25
GRID_CBE_06938,FC_GRID_09,20453.64
GRID_CBE_06939,FC_GRID_09,21337.22
GRID_CBE_06940,FC_GRID_09,22230.68
GRID_CBE_06941,FC_GRID_09,23132.85
GRID_CBE_06942,FC_GRID_09,24042.77
GRID_CBE_06943,FC_GRID_07,15810.85
GRID_CBE_06944,FC_GRID_07,15112.19
GRID_CBE_06945,FC_GRID_07,14449.0
GRID_CBE_06946,FC_GRID_07,13826.38
GRID_CBE_06947,FC_GRID_07,13250.07
GRID_CBE_06948,FC_GRID_07,12726.33
GRID_CBE_06949,FC_GRID_07,12261.93
GRID_CBE_06950,FC_GRID_07,11863.82
GRID_CBE_06951,FC_GRID_07,11538.87
GRID_CBE_06952,FC_GRID_07,11293.4
GRID_CBE_06953,FC_GRID_07,11132.67
GRID_CBE_06954,FC_GRID_07,11060.36
GRID_CBE_06955,FC_GRID_07,11078.22
GRID_CBE_06956,FC_GRID_07,11185.81
GRID_CBE_06957,FC_GRID_07,11380.58
GRID_CBE_06958,FC_GRID_07,11658.17
GRID_CBE_06959,FC_GRID_07,12012.84
GRID_CBE_06960,FC_GRID_07,12437.99
GRID_CBE_06961,FC_GRID_07,12926.68
GRID_CBE_06962,FC_GRID_07,13471.98
GRID_CBE_06963,FC_GRID_07,14067.33
GRID_CBE_06964,FC_GRID_07,14706.63
GRID_CBE_06965,FC_GRID_07,15384.42
GRID_CBE_06966,FC_GRID_08,14925.91
GRID_CBE_06967,FC_GRID_08,14263.44
GRID_CBE_06968,FC_GRID_08,13642.17
GRID_CBE_06969,FC_GRID_08,13067.96
GRID_CBE_06970,FC_GRID_08,12547.29
GRID_CBE_06971,FC_GRID_08,12087.08
GRID_CBE_06972,FC_GRID_08,11694.46
GRID_CBE_06973,FC_GRID_08,11376.44
GRID_CBE_06974,FC_GRID_08,11139.4
GRID_CBE_06975,FC_GRID_08,10988.6
GRID_CBE_06976,FC_GRID_08,10927.59
GRID_CBE_06977,FC_GRID_08,10957.88
GRID_CBE_06978,FC_GRID_08,11078.72
GRID_CBE_06979,FC_GRID_08,11287.21
GRID_CBE_06980,FC_GRID_08,11578.6
GRID_CBE_06981,FC_GRID_08,11946.84
GRID_CBE_06982,FC_GRID_08,12385.07
GRID_CBE_06983,FC_GRID_08,12886.15
GRID_CBE_06984,FC_GRID_08,13443.06
GRID_CBE_06985,FC_GRID_08,14049.15
GRID_CBE_06986,FC_GRID_08,14698.35
GRID_CBE_06987,FC_GRID_08,15385.21
GRID_CBE_06988,FC_GRID_09,14730.65
GRID_CBE_06989,FC_GRID_09,14068.33
GRID_CBE_06990,FC_GRID_09,13447.82
GRID_CBE_06991,FC_GRID_09,12875.15
GRID_CBE_06992,FC_GRID_09,12357.0
GRID_CBE_06993,FC_GRID_09,11900.47
GRID_CBE_06994,FC_GRID_09,11512.91
GRID_CBE_06995,FC_GRID_09,11201.47
GRID_CBE_06996,FC_GRID_09,10972.63
GRID_CBE_06997,FC_GRID_09,10831.64
GRID_CBE_06998,FC_GRID_09,10781.94
GRID_CBE_06999,FC_GRID_09,10824.79
GRID_CBE_07000,FC_GRID_09,10959.1
GRID_CBE_07001,FC_GRID_09,11181.58
GRID_CBE_07002,FC_GRID_09,11487.11
GRID_CBE_07003,FC_GRID_09,11869.26
GRID_CBE_07004,FC_GRID_09,12320.93
GRID_CBE_07005,FC_GRID_09,12834.76
GRID_CBE_07006,FC_GRID_09,13403.61
GRID_CBE_07007,FC_GRID_09,14020.79
GRID_CBE_07008,FC_GRID_09,14680.21
GRID_CBE_07009,FC_GRID_09,15376.42
GRID_CBE_07010,FC_GRID_09,16104.66
GRID_CBE_07011,FC_GRID_09,16860.78
GRID_CBE_07012,FC_GRID_09,17641.2
GRID_CBE_07013,FC_GRID_09,18442.82
GRID_CBE_07014,FC_GRID_09,19263.01
GRID_CBE_07015,FC_GRID_09,20099.48
GRID_CBE_07016,FC_GRID_09,20950.3
GRID_CBE_07017,FC_GRID_09,21813.78
GRID_CBE_07018,FC_GRID_09,22688.47
GRID_CBE_07019,FC_GRID_09,23573.13
GRID_CBE_07020,FC_GRID_09,24466.68
GRID_CBE_07021,FC_GRID_07,16525.6
GRID_CBE_07022,FC_GRID_07,15858.46
GRID_CBE_07023,FC_GRID_07,15227.8
GRID_CBE_07024,FC_GRID_07,14638.35
GRID_CBE_07025,FC_GRID_07,14095.27
GRID_CBE_07026,FC_GRID_07,13604.12
GRID_CBE_07027,FC_GRID_07,13170.7
GRID_CBE_07028,FC_GRID_07,12800.89
GRID_CBE_07029,FC_GRID_07,12500.32
GRID_CBE_07030,FC_GRID_07,12274.09
GRID_CBE_07031,FC_GRID_07,12126.37
GRID_CBE_07032,FC_GRID_07,12060.02
GRID_CBE_07033,FC_GRID_07,12076.4
GRID_CBE_07034,FC_GRID_07,12175.17
GRID_CBE_07035,FC_GRID_07,12354.36
GRID_CBE_07036,FC_GRID_07,12610.53
GRID_CBE_07037,FC_GRID_07,12939.12
GRID_CBE_07038,FC_GRID_07,13334.77
GRID_CBE_07039,FC_GRID_07,13791.72
GRID_CBE_07040,FC_GRID_07,14304.08
GRID_CBE_07041,FC_GRID_07,14866.14
GRID_CBE_07042,FC_GRID_07,15472.48
GRID_CBE_07043,FC_GRID_07,16118.09
GRID_CBE_07044,FC_GRID_08,15672.76
GRID_CBE_07045,FC_GRID_08,15043.22
GRID_CBE_07046,FC_GRID_08,14455.49
GRID_CBE_07047,FC_GRID_08,13914.89
GRID_CBE_07048,FC_GRID_08,13427.11
GRID_CBE_07049,FC_GRID_08,12998.08
GRID_CBE_07050,FC_GRID_08,12633.81
GRID_CBE_07051,FC_GRID_08,12340.02
GRID_CBE_07052,FC_GRID_08,12121.84
GRID_CBE_07053,FC_GRID_08,11983.4
GRID_CBE_07054,FC_GRID_08,11927.48
GRID_CBE_07055,FC_GRID_08,11955.24
GRID_CBE_07056,FC_GRID_08,12066.1
GRID_CBE_07057,FC_GRID_08,12257.8
GRID_CBE_07058,FC_GRID_08,12526.63
GRID_CBE_07059,FC_GRID_08,12867.77
GRID_CBE_07060,FC_GRID_08,13275.63
GRID_CBE_07061,FC_GRID_08,13744.29
GRID_CBE_07062,FC_GRID_08,14267.74
GRID_CBE_07063,FC_GRID_08,14840.19
GRID_CBE_07064,FC_GRID_08,15456.2
GRID_CBE_07065,FC_GRID_08,16110.78
GRID_CBE_07066,FC_GRID_09,15477.59
GRID_CBE_07067,FC_GRID_09,14848.63
GRID_CBE_07068,FC_GRID_09,14262.1
GRID_CBE_07069,FC_GRID_09,13723.46
GRID_CBE_07070,FC_GRID_09,13238.55
GRID_CBE_07071,FC_GRID_09,12813.47
GRID_CBE_07072,FC_GRID_09,12454.35
GRID_CBE_07073,FC_GRID_09,12167.03
GRID_CBE_07074,FC_GRID_09,11956.69
GRID_CBE_07075,FC_GRID_09,11827.44
GRID_CBE_07076,FC_GRID_09,11781.94
GRID_CBE_07077,FC_GRID_09,11821.16
GRID_CBE_07078,FC_GRID_09,11944.28
GRID_CBE_07079,FC_GRID_09,12148.73
GRID_CBE_07080,FC_GRID_09,12430.5
GRID_CBE_07081,FC_GRID_09,12784.49
GRID_CBE_07082,FC_GRID_09,13204.89
GRID_CBE_07083,FC_GRID_09,13685.57
GRID_CBE_07084,FC_GRID_09,14220.43
GRID_CBE_07085,FC_GRID_09,14803.6
GRID_CBE_07086,FC_GRID_09,15429.59
GRID_CBE_07087,FC_GRID_09,16093.42
GRID_CBE_07088,FC_GRID_09,16790.59
GRID_CBE_07089,FC_GRID_09,17517.13
GRID_CBE_07090,FC_GRID_09,18269.53
GRID_CBE_07091,FC_GRID_09,19044.72
GRID_CBE_07092,FC_GRID_09,19840.04
GRID_CBE_07093,FC_GRID_09,20653.16
GRID_CBE_07094,FC_GRID_09,21482.06
GRID_CBE_07095,FC_GRID_09,22324.98
GRID_CBE_07096,FC_GRID_09,23180.39
GRID_CBE_07097,FC_GRID_09,24046.96
GRID_CBE_07098,FC_GRID_09,24923.53
GRID_CBE_07099,FC_GRID_07,17268.69
GRID_CBE_07100,FC_GRID_07,16631.39
GRID_CBE_07101,FC_GRID_07,16031.17
GRID_CBE_07102,FC_GRID_07,15472.36
GRID_CBE_07103,FC_GRID_07,14959.58
GRID_CBE_07104,FC_GRID_07,14497.74
GRID_CBE_07105,FC_GRID_07,14091.84
GRID_CBE_07106,FC_GRID_07,13746.82
GRID_CBE_07107,FC_GRID_07,13467.39
GRID_CBE_07108,FC_GRID_07,13257.67
GRID_CBE_07109,FC_GRID_07,13121.02
GRID_CBE_07110,FC_GRID_07,13059.73
GRID_CBE_07111,FC_GRID_07,13074.86
GRID_CBE_07112,FC_GRID_07,13166.14
GRID_CBE_07113,FC_GRID_07,13332.01
GRID_CBE_07114,FC_GRID_07,13569.74
GRID_CBE_07115,FC_GRID_07,13875.63
GRID_CBE_07116,FC_GRID_07,14245.3
GRID_CBE_07117,FC_GRID_07,14673.92
GRID_CBE_07118,FC_GRID_07,15156.49
GRID_CBE_07119,FC_GRID_07,15688.04
GRID_CBE_07120,FC_GRID_07,16263.76
GRID_CBE_07121,FC_GRID_07,16879.14
GRID_CBE_07122,FC_GRID_08,16446.52
GRID_CBE_07123,FC_GRID_08,15847.74
GRID_CBE_07124,FC_GRID_08,15290.97
GRID_CBE_07125,FC_GRID_08,14780.96
GRID_CBE_07126,FC_GRID_08,14322.7
GRID_CBE_07127,FC_GRID_08,13921.3
GRID_CBE_07128,FC_GRID_08,13581.81
GRID_CBE_07129,FC_GRID_08,13308.97
GRID_CBE_07130,FC_GRID_08,13106.93
GRID_CBE_07131,FC_GRID_08,12979.0
GRID_CBE_07132,FC_GRID_08,12927.39
GRID_CBE_07133,FC_GRID_08,12953.0
GRID_CBE_07134,FC_GRID_08,13055.39
GRID_CBE_07135,FC_GRID_08,13232.77
GRID_CBE_07136,FC_GRID_08,13482.18
GRID_CBE_07137,FC_GRID_08,13799.71
GRID_CBE_07138,FC_GRID_08,14180.8
GRID_CBE_07139,FC_GRID_08,14620.46
GRID_CBE_07140,FC_GRID_08,15113.6
GRID_CBE_07141,FC_GRID_08,15655.15
GRID_CBE_07142,FC_GRID_08,16240.28
GRID_CBE_07143,FC_GRID_08,16864.45
GRID_CBE_07144,FC_GRID_09,16251.76
GRID_CBE_07145,FC_GRID_09,15653.93
GRID_CBE_07146,FC_GRID_09,15098.72
GRID_CBE_07147,FC_GRID_09,14590.99
GRID_CBE_07148,FC_GRID_09,14135.87
GRID_CBE_07149,FC_GRID_09,13738.59
GRID_CBE_07150,FC_GRID_09,13404.27
GRID_CBE_07151,FC_GRID_09,13137.75
GRID_CBE_07152,FC_GRID_09,12943.19
GRID_CBE_07153,FC_GRID_09,12823.88
GRID_CBE_07154,FC_GRID_09,12781.93
GRID_CBE_07155,FC_GRID_09,12818.1
GRID_CBE_07156,FC_GRID_09,12931.72
GRID_CBE_07157,FC_GRID_09,13120.8
GRID_CBE_07158,FC_GRID_09,13382.12
GRID_CBE_07159,FC_GRID_09,13711.56
GRID_CBE_07160,FC_GRID_09,14104.35
GRID_CBE_07161,FC_GRID_09,14555.36
GRID_CBE_07162,FC_GRID_09,15059.36
GRID_CBE_07163,FC_GRID_09,15611.22
GRID_CBE_07164,FC_GRID_09,16206.05
GRID_CBE_07165,FC_GRID_09,16839.29
GRID_CBE_07166,FC_GRID_09,17506.79
GRID_CBE_07167,FC_GRID_09,18204.77
GRID_CBE_07168,FC_GRID_09,18929.85
GRID_CBE_07169,FC_GRID_09,19679.05
GRID_CBE_07170,FC_GRID_09,20449.72
GRID_CBE_07171,FC_GRID_09,21239.51
GRID_CBE_07172,FC_GRID_09,22046.37
GRID_CBE_07173,FC_GRID_09,22868.5
GRID_CBE_07174,FC_GRID_09,23704.31
GRID_CBE_07175,FC_GRID_09,24552.39
GRID_CBE_07176,FC_GRID_09,25411.53
GRID_CBE_07177,FC_GRID_07,18036.64
GRID_CBE_07178,FC_GRID_07,17427.44
GRID_CBE_07179,FC_GRID_07,16855.59
GRID_CBE_07180,FC_GRID_07,16325.02
GRID_CBE_07181,FC_GRID_07,15839.87
GRID_CBE_07182,FC_GRID_07,15404.45
GRID_CBE_07183,FC_GRID_07,15023.06
GRID_CBE_07184,FC_GRID_07,14699.92
GRID_CBE_07185,FC_GRID_07,14438.94
GRID_CBE_07186,FC_GRID_07,14243.54
GRID_CBE_07187,FC_GRID_07,14116.43
GRID_CBE_07188,FC_GRID_07,14059.48
GRID_CBE_07189,FC_GRID_07,14073.53
GRID_CBE_07190,FC_GRID_07,14158.38
GRID_CBE_07191,FC_GRID_07,14312.76
GRID_CBE_07192,FC_GRID_07,14534.45
GRID_CBE_07193,FC_GRID_07,14820.45
GRID_CBE_07194,FC_GRID_07,15167.1
GRID_CBE_07195,FC_GRID_07,15570.37
GRID_CBE_07196,FC_GRID_07,16025.97
GRID_CBE_07197,FC_GRID_07,16529.58
GRID_CBE_07198,FC_GRID_07,17076.96
GRID_CBE_07199,FC_GRID_07,17664.02
GRID_CBE_07200,FC_GRID_08,17243.57
GRID_CBE_07201,FC_GRID_08,16673.44
GRID_CBE_07202,FC_GRID_08,16145.17
GRID_CBE_07203,FC_GRID_08,15662.99
GRID_CBE_07204,FC_GRID_08,15231.29
GRID_CBE_07205,FC_GRID_08,14854.47
GRID_CBE_07206,FC_GRID_08,14536.79
GRID_CBE_07207,FC_GRID_08,14282.2
GRID_CBE_07208,FC_GRID_08,14094.11
GRID_CBE_07209,FC_GRID_08,13975.23
GRID_CBE_07210,FC_GRID_08,13927.31
GRID_CBE_07211,FC_GRID_08,13951.09
GRID_CBE_07212,FC_GRID_08,14046.2
GRID_CBE_07213,FC_GRID_08,14211.22
GRID_CBE_07214,FC_GRID_08,14443.74
GRID_CBE_07215,FC_GRID_08,14740.58
GRID_CBE_07216,FC_GRID_08,15097.93
GRID_CBE_07217,FC_GRID_08,15511.63
GRID_CBE_07218,FC_GRID_08,15977.28
GRID_CBE_07219,FC_GRID_08,16490.49
GRID_CBE_07220,FC_GRID_08,17046.97
GRID_CBE_07221,FC_GRID_08,17642.63
GRID_CBE_07222,FC_GRID_09,17049.44
GRID_CBE_07223,FC_GRID_09,16480.57
GRID_CBE_07224,FC_GRID_09,15954.15
GRID_CBE_07225,FC_GRID_09,15474.52
GRID_CBE_07226,FC_GRID_09,15046.15
GRID_CBE_07227,FC_GRID_09,14673.53
GRID_CBE_07228,FC_GRID_09,14361.0
GRID_CBE_07229,FC_GRID_09,14112.55
GRID_CBE_07230,FC_GRID_09,13931.62
GRID_CBE_07231,FC_GRID_09,13820.85
GRID_CBE_07232,FC_GRID_09,13781.93
GRID_CBE_07233,FC_GRID_09,13815.48
GRID_CBE_07234,FC_GRID_09,13920.96
GRID_CBE_07235,FC_GRID_09,14096.77
GRID_CBE_07236,FC_GRID_09,14340.32
GRID_CBE_07237,FC_GRID_09,14648.23
GRID_CBE_07238,FC_GRID_09,15016.54
GRID_CBE_07239,FC_GRID_09,15440.93
GRID_CBE_07240,FC_GRID_09,15916.91
GRID_CBE_07241,FC_GRID_09,16440.01
GRID_CBE_07242,FC_GRID_09,17005.88
GRID_CBE_07243,FC_GRID_09,17610.38
GRID_CBE_07244,FC_GRID_09,18249.7
GRID_CBE_07245,FC_GRID_09,18920.29
GRID_CBE_07246,FC_GRID_09,19618.95
GRID_CBE_07247,FC_GRID_09,20342.78
GRID_CBE_07248,FC_GRID_09,21089.21
GRID_CBE_07249,FC_GRID_09,21855.9
GRID_CBE_07250,FC_GRID_09,22640.81
GRID_CBE_07251,FC_GRID_09,23442.1
GRID_CBE_07252,FC_GRID_09,24258.15
GRID_CBE_07253,FC_GRID_09,25087.52
GRID_CBE_07254,FC_GRID_09,25928.93
GRID_CBE_07255,FC_GRID_07,18826.38
GRID_CBE_07256,FC_GRID_07,18243.58
GRID_CBE_07257,FC_GRID_07,17698.12
GRID_CBE_07258,FC_GRID_07,17193.57
GRID_CBE_07259,FC_GRID_07,16733.62
GRID_CBE_07260,FC_GRID_07,16322.05
GRID_CBE_07261,FC_GRID_07,15962.61
GRID_CBE_07262,FC_GRID_07,15658.87
GRID_CBE_07263,FC_GRID_07,15414.13
GRID_CBE_07264,FC_GRID_07,15231.24
GRID_CBE_07265,FC_GRID_07,15112.45
GRID_CBE_07266,FC_GRID_07,15059.27
GRID_CBE_07267,FC_GRID_07,15072.39
GRID_CBE_07268,FC_GRID_07,15151.64
GRID_CBE_07269,FC_GRID_07,15296.0
GRID_CBE_07270,FC_GRID_07,15503.64
GRID_CBE_07271,FC_GRID_07,15772.07
GRID_CBE_07272,FC_GRID_07,16098.25
GRID_CBE_07273,FC_GRID_07,16478.74
GRID_CBE_07274,FC_GRID_07,16909.88
GRID_CBE_07275,FC_GRID_07,17387.91
GRID_CBE_07276,FC_GRID_07,17909.07
GRID_CBE_07277,FC_GRID_07,18469.71
GRID_CBE_07278,FC_GRID_08,18060.82
GRID_CBE_07279,FC_GRID_08,17517.31
GRID_CBE_07280,FC_GRID_08,17015.26
GRID_CBE_07281,FC_GRID_08,16558.44
GRID_CBE_07282,FC_GRID_08,16150.69
GRID_CBE_07283,FC_GRID_08,15795.82
GRID_CBE_07284,FC_GRID_08,15497.44
GRID_CBE_07285,FC_GRID_08,15258.89
GRID_CBE_07286,FC_GRID_08,15082.99
GRID_CBE_07287,FC_GRID_08,14971.96
GRID_CBE_07288,FC_GRID_08,14927.24
GRID_CBE_07289,FC_GRID_08,14949.43
GRID_CBE_07290,FC_GRID_08,15038.23
GRID_CBE_07291,FC_GRID_08,15192.48
GRID_CBE_07292,FC_GRID_08,15410.2
GRID_CBE_07293,FC_GRID_08,15688.76
GRID_CBE_07294,FC_GRID_08,16024.99
GRID_CBE_07295,FC_GRID_08,16415.33
GRID_CBE_07296,FC_GRID_08,16856.04
GRID_CBE_07297,FC_GRID_08,17343.27
GRID_CBE_07298,FC_GRID_08,17873.22
GRID_CBE_07299,FC_GRID_08,18442.2
GRID_CBE_07300,FC_GRID_09,17867.49
GRID_CBE_07301,FC_GRID_09,17325.5
GRID_CBE_07302,FC_GRID_09,16825.54
GRID_CBE_07303,FC_GRID_09,16371.46
GRID_CBE_07304,FC_GRID_09,15967.17
GRID_CBE_07305,FC_GRID_09,15616.54
GRID_CBE_07306,FC_GRID_09,15323.25
GRID_CBE_07307,FC_GRID_09,15090.66
GRID_CBE_07308,FC_GRID_09,14921.59
GRID_CBE_07309,FC_GRID_09,14818.22
GRID_CBE_07310,FC_GRID_09,14781.93
GRID_CBE_07311,FC_GRID_09,14813.21
GRID_CBE_07312,FC_GRID_09,14911.64
GRID_CBE_07313,FC_GRID_09,15075.9
GRID_CBE_07314,FC_GRID_09,15303.88
GRID_CBE_07315,FC_GRID_09,15592.77
GRID_CBE_07316,FC_GRID_09,15939.27
GRID_CBE_07317,FC_GRID_09,16339.71
GRID_CBE_07318,FC_GRID_09,16790.23
GRID_CBE_07319,FC_GRID_09,17286.92
GRID_CBE_07320,FC_GRID_09,17825.92
GRID_CBE_07321,FC_GRID_09,18403.52
GRID_CBE_07322,FC_GRID_09,19016.18
GRID_CBE_07323,FC_GRID_09,19660.65
GRID_CBE_07324,FC_GRID_09,20333.88
GRID_CBE_07325,FC_GRID_09,21033.13
GRID_CBE_07326,FC_GRID_09,21755.88
GRID_CBE_07327,FC_GRID_09,22499.87
GRID_CBE_07328,FC_GRID_09,23263.06
GRID_CBE_07329,FC_GRID_09,24043.63
GRID_CBE_07330,FC_GRID_09,24839.92
GRID_CBE_07331,FC_GRID_09,25650.49
GRID_CBE_07332,FC_GRID_09,26474.01
GRID_CBE_07333,FC_GRID_07,19635.3
GRID_CBE_07334,FC_GRID_07,19077.23
GRID_CBE_07335,FC_GRID_07,18556.29
GRID_CBE_07336,FC_GRID_07,18075.71
GRID_CBE_07337,FC_GRID_07,17638.78
GRID_CBE_07338,FC_GRID_07,17248.82
GRID_CBE_07339,FC_GRID_07,16909.09
GRID_CBE_07340,FC_GRID_07,16622.65
GRID_CBE_07341,FC_GRID_07,16392.31
GRID_CBE_07342,FC_GRID_07,16220.46
GRID_CBE_07343,FC_GRID_07,16108.96
GRID_CBE_07344,FC_GRID_07,16059.08
GRID_CBE_07345,FC_GRID_07,16071.38
GRID_CBE_07346,FC_GRID_07,16145.73
GRID_CBE_07347,FC_GRID_07,16281.28
GRID_CBE_07348,FC_GRID_07,16476.51
GRID_CBE_07349,FC_GRID_07,16729.33
GRID_CBE_07350,FC_GRID_07,17037.19
GRID_CBE_07351,FC_GRID_07,17397.16
GRID_CBE_07352,FC_GRID_07,17806.08
GRID_CBE_07353,FC_GRID_07,18260.67
GRID_CBE_07354,FC_GRID_07,18757.59
GRID_CBE_07355,FC_GRID_07,19293.59
GRID_CBE_07356,FC_GRID_08,18895.65
GRID_CBE_07357,FC_GRID_08,18376.85
GRID_CBE_07358,FC_GRID_08,17898.93
GRID_CBE_07359,FC_GRID_08,17465.24
GRID_CBE_07360,FC_GRID_08,17079.15
GRID_CBE_07361,FC_GRID_08,16743.97
GRID_CBE_07362,FC_GRID_08,16462.79
GRID_CBE_07363,FC_GRID_08,16238.42
GRID_CBE_07364,FC_GRID_08,16073.25
GRID_CBE_07365,FC_GRID_08,15969.1
GRID_CBE_07366,FC_GRID_08,15927.18
GRID_CBE_07367,FC_GRID_08,15947.98
GRID_CBE_07368,FC_GRID_08,16031.25
GRID_CBE_07369,FC_GRID_08,16176.03
GRID_CBE_07370,FC_GRID_08,16380.69
GRID_CBE_07371,FC_GRID_08,16643.01
GRID_CBE_07372,FC_GRID_08,16960.33
GRID_CBE_07373,FC_GRID_08,17329.62
GRID_CBE_07374,FC_GRID_08,17747.64
GRID_CBE_07375,FC_GRID_08,18211.03
GRID_CBE_07376,FC_GRID_08,18716.42
GRID_CBE_07377,FC_GRID_09,19258.38
GRID_CBE_07378,FC_GRID_09,18703.23
GRID_CBE_07379,FC_GRID_09,18186.17
GRID_CBE_07380,FC_GRID_09,17710.52
GRID_CBE_07381,FC_GRID_09,17279.71
GRID_CBE_07382,FC_GRID_09,16897.17
GRID_CBE_07383,FC_GRID_09,16566.23
GRID_CBE_07384,FC_GRID_09,16290.05
GRID_CBE_07385,FC_GRID_09,16071.45
GRID_CBE_07386,FC_GRID_09,15912.81
GRID_CBE_07387,FC_GRID_09,15815.92
GRID_CBE_07388,FC_GRID_09,15781.92
GRID_CBE_07389,FC_GRID_09,15811.23
GRID_CBE_07390,FC_GRID_09,15903.48
GRID_CBE_07391,FC_GRID_09,16057.6
GRID_CBE_07392,FC_GRID_09,16271.83
GRID_CBE_07393,FC_GRID_09,16543.83
GRID_CBE_07394,FC_GRID_09,16870.8
GRID_CBE_07395,FC_GRID_09,17249.63
GRID_CBE_07396,FC_GRID_09,17676.98
GRID_CBE_07397,FC_GRID_09,18149.42
GRID_CBE_07398,FC_GRID_09,18663.53
GRID_CBE_07399,FC_GRID_09,19215.96
GRID_CBE_07400,FC_GRID_09,19803.51
GRID_CBE_07401,FC_GRID_09,20423.14
GRID_CBE_07402,FC_GRID_09,21072.03
GRID_CBE_07403,FC_GRID_09,21747.56
GRID_CBE_07404,FC_GRID_09,22447.32
GRID_CBE_07405,FC_GRID_09,23169.12
GRID_CBE_07406,FC_GRID_09,23910.96
GRID_CBE_07407,FC_GRID_09,24671.03
GRID_CBE_07408,FC_GRID_09,25447.7
GRID_CBE_07409,FC_GRID_09,26239.5
GRID_CBE_07410,FC_GRID_09,27045.09
GRID_CBE_07411,FC_GRID_10,19586.84
GRID_CBE_07412,FC_GRID_10,19037.26
GRID_CBE_07413,FC_GRID_10,18525.39
GRID_CBE_07414,FC_GRID_10,18054.44
GRID_CBE_07415,FC_GRID_10,17627.7
GRID_CBE_07416,FC_GRID_10,17248.44
GRID_CBE_07417,FC_GRID_10,16919.86
GRID_CBE_07418,FC_GRID_10,16644.95
GRID_CBE_07419,FC_GRID_10,16426.42
GRID_CBE_07420,FC_GRID_10,16266.54
GRID_CBE_07421,FC_GRID_10,16167.04
GRID_CBE_07422,FC_GRID_10,16129.04
GRID_CBE_07423,FC_GRID_10,16152.98
GRID_CBE_07424,FC_GRID_10,16238.59
GRID_CBE_07425,FC_GRID_10,16384.89
GRID_CBE_07426,FC_GRID_10,16590.28
GRID_CBE_07427,FC_GRID_10,16852.61
GRID_CBE_07428,FC_GRID_10,17169.25
GRID_CBE_07429,FC_GRID_10,17537.28
GRID_CBE_07430,FC_GRID_10,17953.52
GRID_CBE_07431,FC_GRID_10,18414.72
GRID_CBE_07432,FC_GRID_10,18917.58
GRID_CBE_07433,FC_GRID_10,19458.87
GRID_CBE_07434,FC_GRID_11,19068.4
GRID_CBE_07435,FC_GRID_11,18565.8
GRID_CBE_07436,FC_GRID_11,18104.53
GRID_CBE_07437,FC_GRID_11,17687.82
GRID_CBE_07438,FC_GRID_11,17318.89
GRID_CBE_07439,FC_GRID_11,17000.85
GRID_CBE_07440,FC_GRID_11,16736.6
GRID_CBE_07441,FC_GRID_11,16528.73
GRID_CBE_07442,FC_GRID_11,16379.37
GRID_CBE_07443,FC_GRID_11,16290.14
GRID_CBE_07444,FC_GRID_11,16262.04
GRID_CBE_07445,FC_GRID_11,16295.36
GRID_CBE_07446,FC_GRID_11,16389.75
GRID_CBE_07447,FC_GRID_11,16544.15
GRID_CBE_07448,FC_GRID_11,16756.9
GRID_CBE_07449,FC_GRID_11,17025.82
GRID_CBE_07450,FC_GRID_11,17348.3
GRID_CBE_07451,FC_GRID_11,17721.42
GRID_CBE_07452,FC_GRID_11,18142.04
GRID_CBE_07453,FC_GRID_11,18606.95
GRID_CBE_07454,FC_GRID_11,19112.92
GRID_CBE_07455,FC_GRID_12,19647.28
GRID_CBE_07456,FC_GRID_12,19115.65
GRID_CBE_07457,FC_GRID_12,18622.58
GRID_CBE_07458,FC_GRID_12,18171.21
GRID_CBE_07459,FC_GRID_12,17764.72
GRID_CBE_07460,FC_GRID_12,17406.25
GRID_CBE_07461,FC_GRID_12,17098.83
GRID_CBE_07462,FC_GRID_12,16845.25
GRID_CBE_07463,FC_GRID_12,16647.96
GRID_CBE_07464,FC_GRID_12,16509.0
GRID_CBE_07465,FC_GRID_12,16429.83
GRID_CBE_07466,FC_GRID_12,16411.33
GRID_CBE_07467,FC_GRID_12,16453.7
GRID_CBE_07468,FC_GRID_12,16556.47
GRID_CBE_07469,FC_GRID_12,16718.52
GRID_CBE_07470,FC_GRID_12,16938.16
GRID_CBE_07471,FC_GRID_12,17213.19
GRID_CBE_07472,FC_GRID_12,17540.98
GRID_CBE_07473,FC_GRID_12,17918.66
GRID_CBE_07474,FC_GRID_12,18343.14
GRID_CBE_07475,FC_GRID_12,18811.25
GRID_CBE_07476,FC_GRID_12,19319.83
GRID_CBE_07477,FC_GRID_12,19865.75
GRID_CBE_07478,FC_GRID_12,20446.04
GRID_CBE_07479,FC_GRID_12,21057.84
GRID_CBE_07480,FC_GRID_12,21698.51
GRID_CBE_07481,FC_GRID_12,22365.54
GRID_CBE_07482,FC_GRID_12,23056.67
GRID_CBE_07483,FC_GRID_12,23769.78
GRID_CBE_07484,FC_GRID_12,24502.95
GRID_CBE_07485,FC_GRID_12,25254.45
GRID_CBE_07486,FC_GRID_12,26022.67
GRID_CBE_07487,FC_GRID_12,26806.19
GRID_CBE_07488,FC_GRID_12,27603.7
GRID_CBE_07489,FC_GRID_10,18771.97
GRID_CBE_07490,FC_GRID_10,18197.8
GRID_CBE_07491,FC_GRID_10,17661.62
GRID_CBE_07492,FC_GRID_10,17166.99
GRID_CBE_07493,FC_GRID_10,16717.61
GRID_CBE_07494,FC_GRID_10,16317.21
GRID_CBE_07495,FC_GRID_10,15969.48
GRID_CBE_07496,FC_GRID_10,15677.92
GRID_CBE_07497,FC_GRID_10,15445.71
GRID_CBE_07498,FC_GRID_10,15275.56
GRID_CBE_07499,FC_GRID_10,15169.57
GRID_CBE_07500,FC_GRID_10,15129.07
GRID_CBE_07501,FC_GRID_10,15154.59
GRID_CBE_07502,FC_GRID_10,15245.8
GRID_CBE_07503,FC_GRID_10,15401.54
GRID_CBE_07504,FC_GRID_10,15619.86
GRID_CBE_07505,FC_GRID_10,15898.21
GRID_CBE_07506,FC_GRID_10,16233.48
GRID_CBE_07507,FC_GRID_10,16622.24
GRID_CBE_07508,FC_GRID_10,17060.82
GRID_CBE_07509,FC_GRID_10,17545.5
GRID_CBE_07510,FC_GRID_10,18072.56
GRID_CBE_07511,FC_GRID_10,18638.41
GRID_CBE_07512,FC_GRID_11,18223.06
GRID_CBE_07513,FC_GRID_11,17696.47
GRID_CBE_07514,FC_GRID_11,17211.91
GRID_CBE_07515,FC_GRID_11,16773.04
GRID_CBE_07516,FC_GRID_11,16383.53
GRID_CBE_07517,FC_GRID_11,16046.96
GRID_CBE_07518,FC_GRID_11,15766.73
GRID_CBE_07519,FC_GRID_11,15545.9
GRID_CBE_07520,FC_GRID_11,15387.0
GRID_CBE_07521,FC_GRID_11,15291.99
GRID_CBE_07522,FC_GRID_11,15262.04
GRID_CBE_07523,FC_GRID_11,15297.54
GRID_CBE_07524,FC_GRID_11,15398.05
GRID_CBE_07525,FC_GRID_11,15562.29
GRID_CBE_07526,FC_GRID_11,15788.28
GRID_CBE_07527,FC_GRID_11,16073.42
GRID_CBE_07528,FC_GRID_11,16414.62
GRID_CBE_07529,FC_GRID_11,16808.47
GRID_CBE_07530,FC_GRID_11,17251.37
GRID_CBE_07531,FC_GRID_11,17739.64
GRID_CBE_07532,FC_GRID_11,18269.64
GRID_CBE_07533,FC_GRID_12,18820.08
GRID_CBE_07534,FC_GRID_12,18264.38
GRID_CBE_07535,FC_GRID_12,17747.68
GRID_CBE_07536,FC_GRID_12,17273.46
GRID_CBE_07537,FC_GRID_12,16845.32
GRID_CBE_07538,FC_GRID_12,16466.85
GRID_CBE_07539,FC_GRID_12,16141.55
GRID_CBE_07540,FC_GRID_12,15872.68
GRID_CBE_07541,FC_GRID_12,15663.15
GRID_CBE_07542,FC_GRID_12,15515.37
GRID_CBE_07543,FC_GRID_12,15431.11
GRID_CBE_07544,FC_GRID_12,15411.41
GRID_CBE_07545,FC_GRID_12,15456.52
GRID_CBE_07546,FC_GRID_12,15565.87
GRID_CBE_07547,FC_GRID_12,15738.13
GRID_CBE_07548,FC_GRID_12,15971.26
GRID_CBE_07549,FC_GRID_12,16262.64
GRID_CBE_07550,FC_GRID_12,16609.21
GRID_CBE_07551,FC_GRID_12,17007.59
GRID_CBE_07552,FC_GRID_12,17454.24
GRID_CBE_07553,FC_GRID_12,17945.55
GRID_CBE_07554,FC_GRID_12,18477.97
GRID_CBE_07555,FC_GRID_12,19048.04
GRID_CBE_07556,FC_GRID_12,19652.48
GRID_CBE_07557,FC_GRID_12,20288.23
GRID_CBE_07558,FC_GRID_12,20952.44
GRID_CBE_07559,FC_GRID_12,21642.49
GRID_CBE_07560,FC_GRID_12,22355.97
GRID_CBE_07561,FC_GRID_12,23090.73
GRID_CBE_07562,FC_GRID_12,23844.8
GRID_CBE_07563,FC_GRID_12,24616.39
GRID_CBE_07564,FC_GRID_12,25403.92
GRID_CBE_07565,FC_GRID_12,26205.94
GRID_CBE_07566,FC_GRID_12,27021.17
GRID_CBE_07567,FC_GRID_10,17975.81
GRID_CBE_07568,FC_GRID_10,17375.34
GRID_CBE_07569,FC_GRID_10,16812.95
GRID_CBE_07570,FC_GRID_10,16292.58
GRID_CBE_07571,FC_GRID_10,15818.38
GRID_CBE_07572,FC_GRID_10,15394.61
GRID_CBE_07573,FC_GRID_10,15025.54
GRID_CBE_07574,FC_GRID_10,14715.29
GRID_CBE_07575,FC_GRID_10,14467.64
GRID_CBE_07576,FC_GRID_10,14285.85
GRID_CBE_07577,FC_GRID_10,14172.46
GRID_CBE_07578,FC_GRID_10,14129.1
GRID_CBE_07579,FC_GRID_10,14156.42
GRID_CBE_07580,FC_GRID_10,14254.02
GRID_CBE_07581,FC_GRID_10,14420.47
GRID_CBE_07582,FC_GRID_10,14653.43
GRID_CBE_07583,FC_GRID_10,14949.77
GRID_CBE_07584,FC_GRID_10,15305.84
GRID_CBE_07585,FC_GRID_10,15717.55
GRID_CBE_07586,FC_GRID_10,16180.68
GRID_CBE_07587,FC_GRID_10,16690.93
GRID_CBE_07588,FC_GRID_10,17244.13
GRID_CBE_07589,FC_GRID_10,17836.28
GRID_CBE_07590,FC_GRID_11,17394.14
GRID_CBE_07591,FC_GRID_11,16841.65
GRID_CBE_07592,FC_GRID_11,16331.75
GRID_CBE_07593,FC_GRID_11,15868.55
GRID_CBE_07594,FC_GRID_11,15456.26
GRID_CBE_07595,FC_GRID_11,15099.04
GRID_CBE_07596,FC_GRID_11,14800.88
GRID_CBE_07597,FC_GRID_11,14565.4
GRID_CBE_07598,FC_GRID_11,14395.69
GRID_CBE_07599,FC_GRID_11,14294.09
GRID_CBE_07600,FC_GRID_11,14262.04
GRID_CBE_07601,FC_GRID_11,14300.03
GRID_CBE_07602,FC_GRID_11,14407.49
GRID_CBE_07603,FC_GRID_11,14582.89
GRID_CBE_07604,FC_GRID_11,14823.83
GRID_CBE_07605,FC_GRID_11,15127.15
GRID_CBE_07606,FC_GRID_11,15489.21
GRID_CBE_07607,FC_GRID_11,15906.0
GRID_CBE_07608,FC_GRID_11,16373.32
GRID_CBE_07609,FC_GRID_11,16887.0
GRID_CBE_07610,FC_GRID_11,17442.93
GRID_CBE_07611,FC_GRID_12,18010.41
GRID_CBE_07612,FC_GRID_12,17428.92
GRID_CBE_07613,FC_GRID_12,16886.67
GRID_CBE_07614,FC_GRID_12,16387.56
GRID_CBE_07615,FC_GRID_12,15935.64
GRID_CBE_07616,FC_GRID_12,15535.02
GRID_CBE_07617,FC_GRID_12,15189.78
GRID_CBE_07618,FC_GRID_12,14903.75
GRID_CBE_07619,FC_GRID_12,14680.4
GRID_CBE_07620,FC_GRID_12,14522.62
GRID_CBE_07621,FC_GRID_12,14432.56
GRID_CBE_07622,FC_GRID_12,14411.5
GRID_CBE_07623,FC_GRID_12,14459.72
GRID_CBE_07624,FC_GRID_12,14576.56
GRID_CBE_07625,FC_GRID_12,14760.36
GRID_CBE_07626,FC_GRID_12,15008.69
GRID_CBE_07627,FC_GRID_12,15318.39
GRID_CBE_07628,FC_GRID_12,15685.84
GRID_CBE_07629,FC_GRID_12,16107.07
GRID_CBE_07630,FC_GRID_12,16578.0
GRID_CBE_07631,FC_GRID_12,17094.52
GRID_CBE_07632,FC_GRID_12,17652.62
GRID_CBE_07633,FC_GRID_12,18248.49
GRID_CBE_07634,FC_GRID_12,18878.55
GRID_CBE_07635,FC_GRID_12,19539.5
GRID_CBE_07636,FC_GRID_12,20228.31
GRID_CBE_07637,FC_GRID_12,20942.23
GRID_CBE_07638,FC_GRID_12,21678.77
GRID_CBE_07639,FC_GRID_12,22435.72
GRID_CBE_07640,FC_GRID_12,23211.08
GRID_CBE_07641,FC_GRID_12,24003.05
GRID_CBE_07642,FC_GRID_12,24810.05
GRID_CBE_07643,FC_GRID_12,25630.67
GRID_CBE_07644,FC_GRID_12,26463.63
GRID_CBE_07645,FC_GRID_10,17200.94
GRID_CBE_07646,FC_GRID_10,16572.43
GRID_CBE_07647,FC_GRID_10,15981.81
GRID_CBE_07648,FC_GRID_10,15433.44
GRID_CBE_07649,FC_GRID_10,14931.98
GRID_CBE_07650,FC_GRID_10,14482.29
GRID_CBE_07651,FC_GRID_10,14089.35
GRID_CBE_07652,FC_GRID_10,13758.0
GRID_CBE_07653,FC_GRID_10,13492.79
GRID_CBE_07654,FC_GRID_10,13297.68
GRID_CBE_07655,FC_GRID_10,13175.78
GRID_CBE_07656,FC_GRID_10,13129.13
GRID_CBE_07657,FC_GRID_10,13158.53
GRID_CBE_07658,FC_GRID_10,13263.48
GRID_CBE_07659,FC_GRID_10,13442.2
GRID_CBE_07660,FC_GRID_10,13691.81
GRID_CBE_07661,FC_GRID_10,14008.51
GRID_CBE_07662,FC_GRID_10,14387.89
GRID_CBE_07663,FC_GRID_10,14825.12
GRID_CBE_07664,FC_GRID_10,15315.26
GRID_CBE_07665,FC_GRID_10,15853.39
GRID_CBE_07666,FC_GRID_10,16434.81
GRID_CBE_07667,FC_GRID_10,17055.08
GRID_CBE_07668,FC_GRID_11,16584.09
GRID_CBE_07669,FC_GRID_11,16003.66
GRID_CBE_07670,FC_GRID_11,15466.16
GRID_CBE_07671,FC_GRID_11,14976.22
GRID_CBE_07672,FC_GRID_11,14538.64
GRID_CBE_07673,FC_GRID_11,14158.28
GRID_CBE_07674,FC_GRID_11,13839.87
GRID_CBE_07675,FC_GRID_11,13587.75
GRID_CBE_07676,FC_GRID_11,13405.67
GRID_CBE_07677,FC_GRID_11,13296.5
GRID_CBE_07678,FC_GRID_11,13262.05
GRID_CBE_07679,FC_GRID_11,13302.89
GRID_CBE_07680,FC_GRID_11,13418.34
GRID_CBE_07681,FC_GRID_11,13606.5
GRID_CBE_07682,FC_GRID_11,13864.41
GRID_CBE_07683,FC_GRID_11,14188.26
GRID_CBE_07684,FC_GRID_11,14573.67
GRID_CBE_07685,FC_GRID_11,15015.88
GRID_CBE_07686,FC_GRID_11,15510.05
GRID_CBE_07687,FC_GRID_11,16051.38
GRID_CBE_07688,FC_GRID_11,16635.26
GRID_CBE_07689,FC_GRID_12,17220.76
GRID_CBE_07690,FC_GRID_12,16611.65
GRID_CBE_07691,FC_GRID_12,16041.8
GRID_CBE_07692,FC_GRID_12,15515.54
GRID_CBE_07693,FC_GRID_12,15037.43
GRID_CBE_07694,FC_GRID_12,14612.21
GRID_CBE_07695,FC_GRID_12,14244.61
GRID_CBE_07696,FC_GRID_12,13939.2
GRID_CBE_07697,FC_GRID_12,13700.14
GRID_CBE_07698,FC_GRID_12,13530.93
GRID_CBE_07699,FC_GRID_12,13434.23
GRID_CBE_07700,FC_GRID_12,13411.6
GRID_CBE_07701,FC_GRID_12,13463.4
GRID_CBE_07702,FC_GRID_12,13588.81
GRID_CBE_07703,FC_GRID_12,13785.79
GRID_CBE_07704,FC_GRID_12,14051.35
GRID_CBE_07705,FC_GRID_12,14381.68
GRID_CBE_07706,FC_GRID_12,14772.45
GRID_CBE_07707,FC_GRID_12,15218.99
GRID_CBE_07708,FC_GRID_12,15716.55
GRID_CBE_07709,FC_GRID_12,16260.45
GRID_CBE_07710,FC_GRID_12,16846.21
GRID_CBE_07711,FC_GRID_12,17469.6
GRID_CBE_07712,FC_GRID_12,18126.76
GRID_CBE_07713,FC_GRID_12,18814.14
GRID_CBE_07714,FC_GRID_12,19528.55
GRID_CBE_07715,FC_GRID_12,20267.13
GRID_CBE_07716,FC_GRID_12,21027.34
GRID_CBE_07717,FC_GRID_12,21806.91
GRID_CBE_07718,FC_GRID_12,22603.84
GRID_CBE_07719,FC_GRID_12,23416.36
GRID_CBE_07720,FC_GRID_12,24242.91
GRID_CBE_07721,FC_GRID_12,25082.08
GRID_CBE_07722,FC_GRID_12,25932.67
GRID_CBE_07723,FC_GRID_10,16450.38
GRID_CBE_07724,FC_GRID_10,15792.02
GRID_CBE_07725,FC_GRID_10,15171.05
GRID_CBE_07726,FC_GRID_10,14592.25
GRID_CBE_07727,FC_GRID_10,14060.82
GRID_CBE_07728,FC_GRID_10,13582.32
GRID_CBE_07729,FC_GRID_10,13162.54
GRID_CBE_07730,FC_GRID_10,12807.24
GRID_CBE_07731,FC_GRID_10,12521.91
GRID_CBE_07732,FC_GRID_10,12311.42
GRID_CBE_07733,FC_GRID_10,12179.65
GRID_CBE_07734,FC_GRID_10,12129.17
GRID_CBE_07735,FC_GRID_10,12160.99
GRID_CBE_07736,FC_GRID_10,12274.47
GRID_CBE_07737,FC_GRID_10,12467.38
GRID_CBE_07738,FC_GRID_10,12736.1
GRID_CBE_07739,FC_GRID_10,13075.98
GRID_CBE_07740,FC_GRID_10,13481.62
GRID_CBE_07741,FC_GRID_10,13947.29
GRID_CBE_07742,FC_GRID_10,14467.2
GRID_CBE_07743,FC_GRID_10,15035.71
GRID_CBE_07744,FC_GRID_10,15647.54
GRID_CBE_07745,FC_GRID_10,16297.81
GRID_CBE_07746,FC_GRID_11,15795.83
GRID_CBE_07747,FC_GRID_11,15185.29
GRID_CBE_07748,FC_GRID_11,14617.73
GRID_CBE_07749,FC_GRID_11,14098.34
GRID_CBE_07750,FC_GRID_11,13632.61
GRID_CBE_07751,FC_GRID_11,13226.23
GRID_CBE_07752,FC_GRID_11,12884.8
GRID_CBE_07753,FC_GRID_11,12613.6
GRID_CBE_07754,FC_GRID_11,12417.25
GRID_CBE_07755,FC_GRID_11,12299.31
GRID_CBE_07756,FC_GRID_11,12262.05
GRID_CBE_07757,FC_GRID_11,12306.22
GRID_CBE_07758,FC_GRID_11,12430.93
GRID_CBE_07759,FC_GRID_11,12633.8
GRID_CBE_07760,FC_GRID_11,12911.15
GRID_CBE_07761,FC_GRID_11,13258.31
GRID_CBE_07762,FC_GRID_11,13669.96
GRID_CBE_07763,FC_GRID_11,14140.47
GRID_CBE_07764,FC_GRID_11,14664.17
GRID_CBE_07765,FC_GRID_11,15235.58
GRID_CBE_07766,FC_GRID_11,15849.53
GRID_CBE_07767,FC_GRID_12,16454.01
GRID_CBE_07768,FC_GRID_12,15815.4
GRID_CBE_07769,FC_GRID_12,15215.75
GRID_CBE_07770,FC_GRID_12,14659.86
GRID_CBE_07771,FC_GRID_12,14152.88
GRID_CBE_07772,FC_GRID_12,13700.23
GRID_CBE_07773,FC_GRID_12,13307.47
GRID_CBE_07774,FC_GRID_12,12980.02
GRID_CBE_07775,FC_GRID_12,12722.95
GRID_CBE_07776,FC_GRID_12,12540.57
GRID_CBE_07777,FC_GRID_12,12436.16
GRID_CBE_07778,FC_GRID_12,12411.71
GRID_CBE_07779,FC_GRID_12,12467.68
GRID_CBE_07780,FC_GRID_12,12602.99
GRID_CBE_07781,FC_GRID_12,12815.14
GRID_CBE_07782,FC_GRID_12,13100.38
GRID_CBE_07783,FC_GRID_12,13454.09
GRID_CBE_07784,FC_GRID_12,13871.01
GRID_CBE_07785,FC_GRID_12,14345.63
GRID_CBE_07786,FC_GRID_12,14872.44
GRID_CBE_07787,FC_GRID_12,15446.1
GRID_CBE_07788,FC_GRID_12,16061.58
GRID_CBE_07789,FC_GRID_12,16714.27
GRID_CBE_07790,FC_GRID_12,17399.97
GRID_CBE_07791,FC_GRID_12,18114.95
GRID_CBE_07792,FC_GRID_12,18855.87
GRID_CBE_07793,FC_GRID_12,19619.79
GRID_CBE_07794,FC_GRID_12,20404.13
GRID_CBE_07795,FC_GRID_12,21206.63
GRID_CBE_07796,FC_GRID_12,22025.29
GRID_CBE_07797,FC_GRID_12,22858.39
GRID_CBE_07798,FC_GRID_12,23704.39
GRID_CBE_07799,FC_GRID_12,24561.97
GRID_CBE_07800,FC_GRID_12,25429.96
GRID_CBE_07801,FC_GRID_10,15727.61
GRID_CBE_07802,FC_GRID_10,15037.64
GRID_CBE_07803,FC_GRID_10,14384.14
GRID_CBE_07804,FC_GRID_10,13772.31
GRID_CBE_07805,FC_GRID_10,13207.93
GRID_CBE_07806,FC_GRID_10,12697.33
GRID_CBE_07807,FC_GRID_10,12247.25
GRID_CBE_07808,FC_GRID_10,11864.57
GRID_CBE_07809,FC_GRID_10,11555.99
GRID_CBE_07810,FC_GRID_10,11327.57
GRID_CBE_07811,FC_GRID_10,11184.21
GRID_CBE_07812,FC_GRID_10,11129.22
GRID_CBE_07813,FC_GRID_10,11163.89
GRID_CBE_07814,FC_GRID_10,11287.39
GRID_CBE_07815,FC_GRID_10,11496.88
GRID_CBE_07816,FC_GRID_10,11787.75
GRID_CBE_07817,FC_GRID_10,12154.17
GRID_CBE_07818,FC_GRID_10,12589.55
GRID_CBE_07819,FC_GRID_10,13087.0
GRID_CBE_07820,FC_GRID_10,13639.74
GRID_CBE_07821,FC_GRID_10,14241.33
GRID_CBE_07822,FC_GRID_10,14885.84
GRID_CBE_07823,FC_GRID_10,15567.95
GRID_CBE_07824,FC_GRID_11,15032.77
GRID_CBE_07825,FC_GRID_11,14389.9
GRID_CBE_07826,FC_GRID_11,13789.64
GRID_CBE_07827,FC_GRID_11,13237.79
GRID_CBE_07828,FC_GRID_11,12740.65
GRID_CBE_07829,FC_GRID_11,12304.84
GRID_CBE_07830,FC_GRID_11,11937.09
GRID_CBE_07831,FC_GRID_11,11643.84
GRID_CBE_07832,FC_GRID_11,11430.84
GRID_CBE_07833,FC_GRID_11,11302.61
GRID_CBE_07834,FC_GRID_11,11262.06
GRID_CBE_07835,FC_GRID_11,11310.13
GRID_CBE_07836,FC_GRID_11,11445.7
GRID_CBE_07837,FC_GRID_11,11665.72
GRID_CBE_07838,FC_GRID_11,11965.53
GRID_CBE_07839,FC_GRID_11,12339.32
GRID_CBE_07840,FC_GRID_11,12780.61
GRID_CBE_07841,FC_GRID_11,13282.65
GRID_CBE_07842,FC_GRID_11,13838.85
GRID_CBE_07843,FC_GRID_11,14442.95
GRID_CBE_07844,FC_GRID_11,15089.19
GRID_CBE_07845,FC_GRID_12,15713.5
GRID_CBE_07846,FC_GRID_12,15043.49
GRID_CBE_07847,FC_GRID_12,14411.76
GRID_CBE_07848,FC_GRID_12,13823.57
GRID_CBE_07849,FC_GRID_12,13284.71
GRID_CBE_07850,FC_GRID_12,12801.4
GRID_CBE_07851,FC_GRID_12,12380.16
GRID_CBE_07852,FC_GRID_12,12027.5
GRID_CBE_07853,FC_GRID_12,11749.6
GRID_CBE_07854,FC_GRID_12,11551.86
GRID_CBE_07855,FC_GRID_12,11438.44
GRID_CBE_07856,FC_GRID_12,11411.85
GRID_CBE_07857,FC_GRID_12,11472.69
GRID_CBE_07858,FC_GRID_12,11619.6
GRID_CBE_07859,FC_GRID_12,11849.36
GRID_CBE_07860,FC_GRID_12,12157.29
GRID_CBE_07861,FC_GRID_12,12537.63
GRID_CBE_07862,FC_GRID_12,12984.01
GRID_CBE_07863,FC_GRID_12,13489.88
GRID_CBE_07864,FC_GRID_12,14048.82
GRID_CBE_07865,FC_GRID_12,14654.75
GRID_CBE_07866,FC_GRID_12,15302.09
GRID_CBE_07867,FC_GRID_12,15985.82
GRID_CBE_07868,FC_GRID_12,16701.46
GRID_CBE_07869,FC_GRID_12,17445.09
GRID_CBE_07870,FC_GRID_12,18213.28
GRID_CBE_07871,FC_GRID_12,19003.05
GRID_CBE_07872,FC_GRID_12,19811.82
GRID_CBE_07873,FC_GRID_12,20637.36
GRID_CBE_07874,FC_GRID_12,21477.73
GRID_CBE_07875,FC_GRID_12,22331.27
GRID_CBE_07876,FC_GRID_12,23196.5
GRID_CBE_07877,FC_GRID_12,24072.19
GRID_CBE_07878,FC_GRID_12,24957.22
GRID_CBE_07879,FC_GRID_10,15036.64
GRID_CBE_07880,FC_GRID_10,14313.4
GRID_CBE_07881,FC_GRID_10,13625.21
GRID_CBE_07882,FC_GRID_10,12977.64
GRID_CBE_07883,FC_GRID_10,12377.08
GRID_CBE_07884,FC_GRID_10,11830.68
GRID_CBE_07885,FC_GRID_10,11346.27
GRID_CBE_07886,FC_GRID_10,10932.1
GRID_CBE_07887,FC_GRID_10,10596.4
GRID_CBE_07888,FC_GRID_10,10346.81
GRID_CBE_07889,FC_GRID_10,10189.67
GRID_CBE_07890,FC_GRID_10,10129.28
GRID_CBE_07891,FC_GRID_10,10167.36
GRID_CBE_07892,FC_GRID_10,10302.82
GRID_CBE_07893,FC_GRID_10,10531.9
GRID_CBE_07894,FC_GRID_10,10848.68
GRID_CBE_07895,FC_GRID_10,11245.74
GRID_CBE_07896,FC_GRID_10,11714.93
GRID_CBE_07897,FC_GRID_10,12247.96
GRID_CBE_07898,FC_GRID_10,12836.87
GRID_CBE_07899,FC_GRID_10,13474.35
GRID_CBE_07900,FC_GRID_10,14153.83
GRID_CBE_07901,FC_GRID_10,14869.56
GRID_CBE_07902,FC_GRID_11,14298.96
GRID_CBE_07903,FC_GRID_11,13621.5
GRID_CBE_07904,FC_GRID_11,12985.77
GRID_CBE_07905,FC_GRID_11,12398.19
GRID_CBE_07906,FC_GRID_11,11865.92
GRID_CBE_07907,FC_GRID_11,11396.72
GRID_CBE_07908,FC_GRID_11,10998.64
GRID_CBE_07909,FC_GRID_11,10679.66
GRID_CBE_07910,FC_GRID_11,10447.01
GRID_CBE_07911,FC_GRID_11,10306.55
GRID_CBE_07912,FC_GRID_11,10262.07
GRID_CBE_07913,FC_GRID_11,10314.8
GRID_CBE_07914,FC_GRID_11,10463.27
GRID_CBE_07915,FC_GRID_11,10703.5
GRID_CBE_07916,FC_GRID_11,11029.5
GRID_CBE_07917,FC_GRID_11,11433.94
GRID_CBE_07918,FC_GRID_11,11908.82
GRID_CBE_07919,FC_GRID_11,12446.08
GRID_CBE_07920,FC_GRID_11,13038.02
GRID_CBE_07921,FC_GRID_11,13677.53
GRID_CBE_07922,FC_GRID_11,14358.27
GRID_CBE_07923,FC_GRID_12,15003.12
GRID_CBE_07924,FC_GRID_12,14299.86
GRID_CBE_07925,FC_GRID_12,13633.73
GRID_CBE_07926,FC_GRID_12,13010.41
GRID_CBE_07927,FC_GRID_12,12436.37
GRID_CBE_07928,FC_GRID_12,11918.71
GRID_CBE_07929,FC_GRID_12,11465.08
GRID_CBE_07930,FC_GRID_12,11083.34
GRID_CBE_07931,FC_GRID_12,10781.13
GRID_CBE_07932,FC_GRID_12,10565.28
GRID_CBE_07933,FC_GRID_12,10441.15
GRID_CBE_07934,FC_GRID_12,10412.01
GRID_CBE_07935,FC_GRID_12,10478.66
GRID_CBE_07936,FC_GRID_12,10639.3
GRID_CBE_07937,FC_GRID_12,10889.77
GRID_CBE_07938,FC_GRID_12,11224.06
GRID_CBE_07939,FC_GRID_12,11634.94
GRID_CBE_07940,FC_GRID_12,12114.63
GRID_CBE_07941,FC_GRID_12,12655.3
GRID_CBE_07942,FC_GRID_12,13249.49
GRID_CBE_07943,FC_GRID_12,13890.33
GRID_CBE_07944,FC_GRID_12,14571.68
GRID_CBE_07945,FC_GRID_12,15288.1
GRID_CBE_07946,FC_GRID_12,16034.91
GRID_CBE_07947,FC_GRID_12,16808.06
GRID_CBE_07948,FC_GRID_12,17604.07
GRID_CBE_07949,FC_GRID_12,18419.98
GRID_CBE_07950,FC_GRID_12,19253.26
GRID_CBE_07951,FC_GRID_12,20101.75
GRID_CBE_07952,FC_GRID_12,20963.61
GRID_CBE_07953,FC_GRID_12,21837.24
GRID_CBE_07954,FC_GRID_12,22721.3
GRID_CBE_07955,FC_GRID_12,23614.61
GRID_CBE_07956,FC_GRID_12,24516.16
GRID_CBE_07957,FC_GRID_10,14382.05
GRID_CBE_07958,FC_GRID_10,13624.1
GRID_CBE_07959,FC_GRID_10,12899.19
GRID_CBE_07960,FC_GRID_10,12213.19
GRID_CBE_07961,FC_GRID_10,11573.02
GRID_CBE_07962,FC_GRID_10,10986.7
GRID_CBE_07963,FC_GRID_10,10463.3
GRID_CBE_07964,FC_GRID_10,10012.66
GRID_CBE_07965,FC_GRID_10,9645.02
GRID_CBE_07966,FC_GRID_10,9370.12
GRID_CBE_07967,FC_GRID_10,9196.31
GRID_CBE_07968,FC_GRID_10,9129.35
GRID_CBE_07969,FC_GRID_10,9171.58
GRID_CBE_07970,FC_GRID_10,9321.52
GRID_CBE_07971,FC_GRID_10,9574.11
GRID_CBE_07972,FC_GRID_10,9921.52
GRID_CBE_07973,FC_GRID_10,10354.2
GRID_CBE_07974,FC_GRID_10,10861.96
GRID_CBE_07975,FC_GRID_10,11434.82
GRID_CBE_07976,FC_GRID_10,12063.5
GRID_CBE_07977,FC_GRID_10,12739.74
GRID_CBE_07978,FC_GRID_10,13456.37
GRID_CBE_07979,FC_GRID_10,14207.27
GRID_CBE_07980,FC_GRID_11,13599.13
GRID_CBE_07981,FC_GRID_11,12884.92
GRID_CBE_07982,FC_GRID_11,12210.91
GRID_CBE_07983,FC_GRID_11,11584.09
GRID_CBE_07984,FC_GRID_11,11012.55
GRID_CBE_07985,FC_GRID_11,10505.29
GRID_CBE_07986,FC_GRID_11,10072.05
GRID_CBE_07987,FC_GRID_11,9722.71
GRID_CBE_07988,FC_GRID_11,9466.58
GRID_CBE_07989,FC_GRID_11,9311.34
GRID_CBE_07990,FC_GRID_11,9262.08
GRID_CBE_07991,FC_GRID_11,9320.46
GRID_CBE_07992,FC_GRID_11,9484.52
GRID_CBE_07993,FC_GRID_11,9748.9
GRID_CBE_07994,FC_GRID_11,10105.74
GRID_CBE_07995,FC_GRID_11,10545.66
GRID_CBE_07996,FC_GRID_11,11058.75
GRID_CBE_07997,FC_GRID_11,11635.33
GRID_CBE_07998,FC_GRID_11,12266.46
GRID_CBE_07999,FC_GRID_11,12944.15
GRID_CBE_08000,FC_GRID_11,13661.47
GRID_CBE_08001,FC_GRID_12,14327.37
GRID_CBE_08002,FC_GRID_12,13589.18
GRID_CBE_08003,FC_GRID_12,12886.36
GRID_CBE_08004,FC_GRID_12,12225.0
GRID_CBE_08005,FC_GRID_12,11612.19
GRID_CBE_08006,FC_GRID_12,11056.01
GRID_CBE_08007,FC_GRID_12,10565.4
GRID_CBE_08008,FC_GRID_12,10149.88
GRID_CBE_08009,FC_GRID_12,9818.98
GRID_CBE_08010,FC_GRID_12,9581.48
GRID_CBE_08011,FC_GRID_12,9444.43
GRID_CBE_08012,FC_GRID_12,9412.2
GRID_CBE_08013,FC_GRID_12,9485.88
GRID_CBE_08014,FC_GRID_12,9663.04
GRID_CBE_08015,FC_GRID_12,9938.15
GRID_CBE_08016,FC_GRID_12,10303.35
GRID_CBE_08017,FC_GRID_12,10749.49
GRID_CBE_08018,FC_GRID_12,11266.94
GRID_CBE_08019,FC_GRID_12,11846.36
GRID_CBE_08020,FC_GRID_12,12479.13
GRID_CBE_08021,FC_GRID_12,13157.55
GRID_CBE_08022,FC_GRID_12,13874.92
GRID_CBE_08023,FC_GRID_12,14625.52
GRID_CBE_08024,FC_GRID_12,15404.49
GRID_CBE_08025,FC_GRID_12,16207.73
GRID_CBE_08026,FC_GRID_12,17031.82
GRID_CBE_08027,FC_GRID_12,17873.87
GRID_CBE_08028,FC_GRID_12,18731.46
GRID_CBE_08029,FC_GRID_12,19602.55
GRID_CBE_08030,FC_GRID_12,20485.42
GRID_CBE_08031,FC_GRID_12,21378.61
GRID_CBE_08032,FC_GRID_12,22280.87
GRID_CBE_08033,FC_GRID_12,23191.15
GRID_CBE_08034,FC_GRID_12,24108.55
GRID_CBE_08035,FC_GRID_10,13769.02
GRID_CBE_08036,FC_GRID_10,12975.32
GRID_CBE_08037,FC_GRID_10,12211.95
GRID_CBE_08038,FC_GRID_10,11484.97
GRID_CBE_08039,FC_GRID_10,10801.74
GRID_CBE_08040,FC_GRID_10,10171.06
GRID_CBE_08041,FC_GRID_10,9603.3
GRID_CBE_08042,FC_GRID_10,9110.22
GRID_CBE_08043,FC_GRID_10,8704.54
GRID_CBE_08044,FC_GRID_10,8398.92
GRID_CBE_08045,FC_GRID_10,8204.56
GRID_CBE_08046,FC_GRID_10,8129.43
GRID_CBE_08047,FC_GRID_10,8176.83
GRID_CBE_08048,FC_GRID_10,8344.67
GRID_CBE_08049,FC_GRID_10,8625.91
GRID_CBE_08050,FC_GRID_10,9009.95
GRID_CBE_08051,FC_GRID_10,9484.31
GRID_CBE_08052,FC_GRID_10,10036.18
GRID_CBE_08053,FC_GRID_10,10653.54
GRID_CBE_08054,FC_GRID_10,11325.67
GRID_CBE_08055,FC_GRID_10,12043.41
GRID_CBE_08056,FC_GRID_10,12799.08
GRID_CBE_08057,FC_GRID_10,13586.37
GRID_CBE_08058,FC_GRID_11,12938.79
GRID_CBE_08059,FC_GRID_11,12185.95
GRID_CBE_08060,FC_GRID_11,11470.93
GRID_CBE_08061,FC_GRID_11,10801.26
GRID_CBE_08062,FC_GRID_11,10185.88
GRID_CBE_08063,FC_GRID_11,9635.21
GRID_CBE_08064,FC_GRID_11,9160.91
GRID_CBE_08065,FC_GRID_11,8775.37
GRID_CBE_08066,FC_GRID_11,8490.71
GRID_CBE_08067,FC_GRID_11,8317.28
GRID_CBE_08068,FC_GRID_11,8262.09
GRID_CBE_08069,FC_GRID_11,8327.49
GRID_CBE_08070,FC_GRID_11,8510.7
GRID_CBE_08071,FC_GRID_11,8804.38
GRID_CBE_08072,FC_GRID_11,9197.94
GRID_CBE_08073,FC_GRID_11,9679.21
GRID_CBE_08074,FC_GRID_11,10235.82
GRID_CBE_08075,FC_GRID_11,10856.2
GRID_CBE_08076,FC_GRID_11,11530.05
GRID_CBE_08077,FC_GRID_11,12248.55
GRID_CBE_08078,FC_GRID_11,13004.3
GRID_CBE_08079,FC_GRID_12,13691.35
GRID_CBE_08080,FC_GRID_12,12916.87
GRID_CBE_08081,FC_GRID_12,12175.3
GRID_CBE_08082,FC_GRID_12,11473.02
GRID_CBE_08083,FC_GRID_12,10817.7
GRID_CBE_08084,FC_GRID_12,10218.37
GRID_CBE_08085,FC_GRID_12,9685.42
GRID_CBE_08086,FC_GRID_12,9230.37
GRID_CBE_08087,FC_GRID_12,8865.22
GRID_CBE_08088,FC_GRID_12,8601.43
GRID_CBE_08089,FC_GRID_12,8448.49
GRID_CBE_08090,FC_GRID_12,8412.45
GRID_CBE_08091,FC_GRID_12,8494.8
GRID_CBE_08092,FC_GRID_12,8692.18
GRID_CBE_08093,FC_GRID_12,8997.02
GRID_CBE_08094,FC_GRID_12,9398.87
GRID_CBE_08095,FC_GRID_12,9885.91
GRID_CBE_08096,FC_GRID_12,10446.22
GRID_CBE_08097,FC_GRID_12,11068.69
GRID_CBE_08098,FC_GRID_12,11743.44
GRID_CBE_08099,FC_GRID_12,12461.97
GRID_CBE_08100,FC_GRID_12,13217.15
GRID_CBE_08101,FC_GRID_12,14003.05
GRID_CBE_08102,FC_GRID_12,14814.78
GRID_CBE_08103,FC_GRID_12,15648.33
GRID_CBE_08104,FC_GRID_12,16500.38
GRID_CBE_08105,FC_GRID_12,17368.22
GRID_CBE_08106,FC_GRID_12,18249.59
GRID_CBE_08107,FC_GRID_12,19142.62
GRID_CBE_08108,FC_GRID_12,20045.75
GRID_CBE_08109,FC_GRID_12,20957.68
GRID_CBE_08110,FC_GRID_12,21877.31
GRID_CBE_08111,FC_GRID_12,22803.71
GRID_CBE_08112,FC_GRID_12,23736.08
GRID_CBE_08113,FC_GRID_10,13203.36
GRID_CBE_08114,FC_GRID_10,12373.42
GRID_CBE_08115,FC_GRID_10,11570.41
GRID_CBE_08116,FC_GRID_10,10800.34
GRID_CBE_08117,FC_GRID_10,10070.76
GRID_CBE_08118,FC_GRID_10,9391.12
GRID_CBE_08119,FC_GRID_10,8773.03
GRID_CBE_08120,FC_GRID_10,8230.36
GRID_CBE_08121,FC_GRID_10,7778.93
GRID_CBE_08122,FC_GRID_10,7435.36
GRID_CBE_08123,FC_GRID_10,7215.09
GRID_CBE_08124,FC_GRID_10,7129.54
GRID_CBE_08125,FC_GRID_10,7183.54
GRID_CBE_08126,FC_GRID_10,7374.02
GRID_CBE_08127,FC_GRID_10,7690.84
GRID_CBE_08128,FC_GRID_10,8119.23
GRID_CBE_08129,FC_GRID_10,8642.62
GRID_CBE_08130,FC_GRID_10,9244.87
GRID_CBE_08131,FC_GRID_10,9911.64
GRID_CBE_08132,FC_GRID_10,10630.78
GRID_CBE_08133,FC_GRID_10,11392.38
GRID_CBE_08134,FC_GRID_10,12188.49
GRID_CBE_08135,FC_GRID_10,13012.77
GRID_CBE_08136,FC_GRID_11,12324.3
GRID_CBE_08137,FC_GRID_11,11531.41
GRID_CBE_08138,FC_GRID_11,10773.04
GRID_CBE_08139,FC_GRID_11,10057.0
GRID_CBE_08140,FC_GRID_11,9392.99
GRID_CBE_08141,FC_GRID_11,8792.8
GRID_CBE_08142,FC_GRID_11,8270.32
GRID_CBE_08143,FC_GRID_11,7841.12
GRID_CBE_08144,FC_GRID_11,7521.18
GRID_CBE_08145,FC_GRID_11,7324.83
GRID_CBE_08146,FC_GRID_11,7262.1
GRID_CBE_08147,FC_GRID_11,7336.43
GRID_CBE_08148,FC_GRID_11,7543.75
GRID_CBE_08149,FC_GRID_11,7873.57
GRID_CBE_08150,FC_GRID_11,8311.32
GRID_CBE_08151,FC_GRID_11,8840.99
GRID_CBE_08152,FC_GRID_11,9447.12
GRID_CBE_08153,FC_GRID_11,10115.98
GRID_CBE_08154,FC_GRID_11,10835.96
GRID_CBE_08155,FC_GRID_11,11597.54
GRID_CBE_08156,FC_GRID_11,12393.06
GRID_CBE_08157,FC_GRID_12,13100.87
GRID_CBE_08158,FC_GRID_12,12289.23
GRID_CBE_08159,FC_GRID_12,11507.28
GRID_CBE_08160,FC_GRID_12,10761.5
GRID_CBE_08161,FC_GRID_12,10059.94
GRID_CBE_08162,FC_GRID_12,9412.47
GRID_CBE_08163,FC_GRID_12,8831.03
GRID_CBE_08164,FC_GRID_12,8329.43
GRID_CBE_08165,FC_GRID_12,7922.87
GRID_CBE_08166,FC_GRID_12,7626.55
GRID_CBE_08167,FC_GRID_12,7453.63
GRID_CBE_08168,FC_GRID_12,7412.76
GRID_CBE_08169,FC_GRID_12,7506.09
GRID_CBE_08170,FC_GRID_12,7728.76
GRID_CBE_08171,FC_GRID_12,8070.07
GRID_CBE_08172,FC_GRID_12,8515.78
GRID_CBE_08173,FC_GRID_12,9050.46
GRID_CBE_08174,FC_GRID_12,9659.36
GRID_CBE_08175,FC_GRID_12,10329.36
GRID_CBE_08176,FC_GRID_12,11049.34
GRID_CBE_08177,FC_GRID_12,11810.18
GRID_CBE_08178,FC_GRID_12,12604.47
GRID_CBE_08179,FC_GRID_12,13426.29
GRID_CBE_08180,FC_GRID_12,14270.86
GRID_CBE_08181,FC_GRID_12,15134.39
GRID_CBE_08182,FC_GRID_12,16013.82
GRID_CBE_08183,FC_GRID_12,16906.65
GRID_CBE_08184,FC_GRID_12,17810.87
GRID_CBE_08185,FC_GRID_12,18724.83
GRID_CBE_08186,FC_GRID_12,19647.18
GRID_CBE_08187,FC_GRID_12,20576.79
GRID_CBE_08188,FC_GRID_12,21512.71
GRID_CBE_08189,FC_GRID_12,22454.15
GRID_CBE_08190,FC_GRID_12,23400.46
GRID_CBE_08191,FC_GRID_10,12691.39
GRID_CBE_08192,FC_GRID_10,11825.58
GRID_CBE_08193,FC_GRID_10,10982.59
GRID_CBE_08194,FC_GRID_10,10168.09
GRID_CBE_08195,FC_GRID_10,9389.51
GRID_CBE_08196,FC_GRID_10,8656.55
GRID_CBE_08197,FC_GRID_10,7981.77
GRID_CBE_08198,FC_GRID_10,7381.17
GRID_CBE_08199,FC_GRID_10,6874.19
GRID_CBE_08200,FC_GRID_10,6482.85
GRID_CBE_08201,FC_GRID_10,6228.98
GRID_CBE_08202,FC_GRID_10,6129.69
GRID_CBE_08203,FC_GRID_10,6192.42
GRID_CBE_08204,FC_GRID_10,6412.4
GRID_CBE_08205,FC_GRID_10,6774.35
GRID_CBE_08206,FC_GRID_10,7257.04
GRID_CBE_08207,FC_GRID_10,7838.21
GRID_CBE_08208,FC_GRID_10,8497.67
GRID_CBE_08209,FC_GRID_10,9218.64
GRID_CBE_08210,FC_GRID_10,9987.8
GRID_CBE_08211,FC_GRID_10,10794.86
GRID_CBE_08212,FC_GRID_10,11631.94
GRID_CBE_08213,FC_GRID_10,12492.99
GRID_CBE_08214,FC_GRID_11,11762.84
GRID_CBE_08215,FC_GRID_11,10929.29
GRID_CBE_08216,FC_GRID_11,10125.93
GRID_CBE_08217,FC_GRID_11,9360.52
GRID_CBE_08218,FC_GRID_11,8643.17
GRID_CBE_08219,FC_GRID_11,7986.82
GRID_CBE_08220,FC_GRID_11,7407.72
GRID_CBE_08221,FC_GRID_11,6925.26
GRID_CBE_08222,FC_GRID_11,6560.81
GRID_CBE_08223,FC_GRID_11,6334.76
GRID_CBE_08224,FC_GRID_11,6262.12
GRID_CBE_08225,FC_GRID_11,6348.16
GRID_CBE_08226,FC_GRID_11,6586.67
GRID_CBE_08227,FC_GRID_11,6961.98
GRID_CBE_08228,FC_GRID_11,7453.46
GRID_CBE_08229,FC_GRID_11,8039.84
GRID_CBE_08230,FC_GRID_11,8701.96
GRID_CBE_08231,FC_GRID_11,9423.86
GRID_CBE_08232,FC_GRID_11,10192.84
GRID_CBE_08233,FC_GRID_11,10999.05
GRID_CBE_08234,FC_GRID_11,11834.86
GRID_CBE_08235,FC_GRID_12,12562.34
GRID_CBE_08236,FC_GRID_12,11713.45
GRID_CBE_08237,FC_GRID_12,10890.24
GRID_CBE_08238,FC_GRID_12,10098.99
GRID_CBE_08239,FC_GRID_12,9347.83
GRID_CBE_08240,FC_GRID_12,8647.22
GRID_CBE_08241,FC_GRID_12,8010.41
GRID_CBE_08242,FC_GRID_12,7453.8
GRID_CBE_08243,FC_GRID_12,6996.53
GRID_CBE_08244,FC_GRID_12,6659.12
GRID_CBE_08245,FC_GRID_12,6460.36
GRID_CBE_08246,FC_GRID_12,6413.16
GRID_CBE_08247,FC_GRID_12,6520.81
GRID_CBE_08248,FC_GRID_12,6775.94
GRID_CBE_08249,FC_GRID_12,7162.81
GRID_CBE_08250,FC_GRID_12,7661.47
GRID_CBE_08251,FC_GRID_12,8251.7
GRID_CBE_08252,FC_GRID_12,8915.32
GRID_CBE_08253,FC_GRID_12,9637.18
GRID_CBE_08254,FC_GRID_12,10405.18
GRID_CBE_08255,FC_GRID_12,11209.82
GRID_CBE_08256,FC_GRID_12,12043.77
GRID_CBE_08257,FC_GRID_12,12901.35
GRID_CBE_08258,FC_GRID_12,13778.14
GRID_CBE_08259,FC_GRID_12,14670.7
GRID_CBE_08260,FC_GRID_12,15576.33
GRID_CBE_08261,FC_GRID_12,16492.86
GRID_CBE_08262,FC_GRID_12,17418.57
GRID_CBE_08263,FC_GRID_12,18352.09
GRID_CBE_08264,FC_GRID_12,19292.26
GRID_CBE_08265,FC_GRID_12,20238.18
GRID_CBE_08266,FC_GRID_12,21189.06
GRID_CBE_08267,FC_GRID_12,22144.27
GRID_CBE_08268,FC_GRID_12,23103.27
GRID_CBE_08269,FC_GRID_10,12239.86
GRID_CBE_08270,FC_GRID_10,11339.62
GRID_CBE_08271,FC_GRID_10,10457.53
GRID_CBE_08272,FC_GRID_10,9598.58
GRID_CBE_08273,FC_GRID_10,8769.59
GRID_CBE_08274,FC_GRID_10,7979.88
GRID_CBE_08275,FC_GRID_10,7242.34
GRID_CBE_08276,FC_GRID_10,6574.52
GRID_CBE_08277,FC_GRID_10,5999.77
GRID_CBE_08278,FC_GRID_10,5547.08
GRID_CBE_08279,FC_GRID_10,5248.14
GRID_CBE_08280,FC_GRID_10,5129.9
GRID_CBE_08281,FC_GRID_10,5204.68
GRID_CBE_08282,FC_GRID_10,5464.58
GRID_CBE_08283,FC_GRID_10,5885.11
GRID_CBE_08284,FC_GRID_10,6434.86
GRID_CBE_08285,FC_GRID_10,7083.8
GRID_CBE_08286,FC_GRID_10,7807.25
GRID_CBE_08287,FC_GRID_10,8586.38
GRID_CBE_08288,FC_GRID_10,9407.38
GRID_CBE_08289,FC_GRID_10,10260.2
GRID_CBE_08290,FC_GRID_10,11137.53
GRID_CBE_08291,FC_GRID_10,12034.02
GRID_CBE_08292,FC_GRID_11,11262.35
GRID_CBE_08293,FC_GRID_11,10388.72
GRID_CBE_08294,FC_GRID_11,9539.94
GRID_CBE_08295,FC_GRID_11,8723.27
GRID_CBE_08296,FC_GRID_11,7948.61
GRID_CBE_08297,FC_GRID_11,7229.48
GRID_CBE_08298,FC_GRID_11,6584.1
GRID_CBE_08299,FC_GRID_11,6036.17
GRID_CBE_08300,FC_GRID_11,5614.29
GRID_CBE_08301,FC_GRID_11,5348.39
GRID_CBE_08302,FC_GRID_11,5262.15
GRID_CBE_08303,FC_GRID_11,5364.25
GRID_CBE_08304,FC_GRID_11,5644.48
GRID_CBE_08305,FC_GRID_11,6078.25
GRID_CBE_08306,FC_GRID_11,6635.52
GRID_CBE_08307,FC_GRID_11,7288.01
GRID_CBE_08308,FC_GRID_11,8012.5
GRID_CBE_08309,FC_GRID_11,8791.19
GRID_CBE_08310,FC_GRID_11,9610.94
GRID_CBE_08311,FC_GRID_11,10462.08
GRID_CBE_08312,FC_GRID_11,11337.55
GRID_CBE_08313,FC_GRID_12,12082.72
GRID_CBE_08314,FC_GRID_12,11197.52
GRID_CBE_08315,FC_GRID_12,10333.29
GRID_CBE_08316,FC_GRID_12,9495.75
GRID_CBE_08317,FC_GRID_12,8692.62
GRID_CBE_08318,FC_GRID_12,7934.36
GRID_CBE_08319,FC_GRID_12,7235.08
GRID_CBE_08320,FC_GRID_12,6613.53
GRID_CBE_08321,FC_GRID_12,6093.54
GRID_CBE_08322,FC_GRID_12,5702.94
GRID_CBE_08323,FC_GRID_12,5469.55
GRID_CBE_08324,FC_GRID_12,5413.72
GRID_CBE_08325,FC_GRID_12,5540.82
GRID_CBE_08326,FC_GRID_12,5838.93
GRID_CBE_08327,FC_GRID_12,6283.75
GRID_CBE_08328,FC_GRID_12,6846.74
GRID_CBE_08329,FC_GRID_12,7501.35
GRID_CBE_08330,FC_GRID_12,8225.73
GRID_CBE_08331,FC_GRID_12,9003.05
GRID_CBE_08332,FC_GRID_12,9820.76
GRID_CBE_08333,FC_GRID_12,10669.57
GRID_CBE_08334,FC_GRID_12,11542.62
GRID_CBE_08335,FC_GRID_12,12434.81
GRID_CBE_08336,FC_GRID_12,13342.3
GRID_CBE_08337,FC_GRID_12,14262.16
GRID_CBE_08338,FC_GRID_12,15192.16
GRID_CBE_08339,FC_GRID_12,16130.53
GRID_CBE_08340,FC_GRID_12,17075.9
GRID_CBE_08341,FC_GRID_12,18027.17
GRID_CBE_08342,FC_GRID_12,18983.44
GRID_CBE_08343,FC_GRID_12,19944.01
GRID_CBE_08344,FC_GRID_12,20908.27
GRID_CBE_08345,FC_GRID_12,21875.75
GRID_CBE_08346,FC_GRID_12,22846.02
GRID_CBE_08347,FC_GRID_10,11855.67
GRID_CBE_08348,FC_GRID_10,10923.82
GRID_CBE_08349,FC_GRID_10,10005.13
GRID_CBE_08350,FC_GRID_10,9103.6
GRID_CBE_08351,FC_GRID_10,8224.86
GRID_CBE_08352,FC_GRID_10,7377.08
GRID_CBE_08353,FC_GRID_10,6572.23
GRID_CBE_08354,FC_GRID_10,5828.13
GRID_CBE_08355,FC_GRID_10,5171.07
GRID_CBE_08356,FC_GRID_10,4638.19
GRID_CBE_08357,FC_GRID_10,4276.18
GRID_CBE_08358,FC_GRID_10,4130.2
GRID_CBE_08359,FC_GRID_10,4222.73
GRID_CBE_08360,FC_GRID_10,4539.2
GRID_CBE_08361,FC_GRID_10,5037.58
GRID_CBE_08362,FC_GRID_10,5670.1
GRID_CBE_08363,FC_GRID_10,6397.11
GRID_CBE_08364,FC_GRID_10,7189.98
GRID_CBE_08365,FC_GRID_10,8029.24
GRID_CBE_08366,FC_GRID_10,8901.78
GRID_CBE_08367,FC_GRID_10,9798.7
GRID_CBE_08368,FC_GRID_10,10713.89
GRID_CBE_08369,FC_GRID_10,11643.03
GRID_CBE_08370,FC_GRID_11,10831.27
GRID_CBE_08371,FC_GRID_11,9919.75
GRID_CBE_08372,FC_GRID_11,9026.98
GRID_CBE_08373,FC_GRID_11,8159.13
GRID_CBE_08374,FC_GRID_11,7325.05
GRID_CBE_08375,FC_GRID_11,6537.69
GRID_CBE_08376,FC_GRID_11,5816.04
GRID_CBE_08377,FC_GRID_11,5187.61
GRID_CBE_08378,FC_GRID_11,4690.02
GRID_CBE_08379,FC_GRID_11,4368.21
GRID_CBE_08380,FC_GRID_11,4262.19
GRID_CBE_08381,FC_GRID_11,4387.63
GRID_CBE_08382,FC_GRID_11,4726.12
GRID_CBE_08383,FC_GRID_11,5236.53
GRID_CBE_08384,FC_GRID_11,5874.2
GRID_CBE_08385,FC_GRID_11,6602.36
GRID_CBE_08386,FC_GRID_11,7394.33
GRID_CBE_08387,FC_GRID_11,8231.72
GRID_CBE_08388,FC_GRID_11,9101.98
GRID_CBE_08389,FC_GRID_11,9996.55
GRID_CBE_08390,FC_GRID_11,10909.45
GRID_CBE_08391,FC_GRID_12,11669.27
GRID_CBE_08392,FC_GRID_12,10750.08
GRID_CBE_08393,FC_GRID_12,9846.65
GRID_CBE_08394,FC_GRID_12,8963.76
GRID_CBE_08395,FC_GRID_12,8108.1
GRID_CBE_08396,FC_GRID_12,7289.29
GRID_CBE_08397,FC_GRID_12,6521.2
GRID_CBE_08398,FC_GRID_12,5823.96
GRID_CBE_08399,FC_GRID_12,5225.98
GRID_CBE_08400,FC_GRID_12,4764.79
GRID_CBE_08401,FC_GRID_12,4482.81
GRID_CBE_08402,FC_GRID_12,4414.52
GRID_CBE_08403,FC_GRID_12,4569.51
GRID_CBE_08404,FC_GRID_12,4926.74
GRID_CBE_08405,FC_GRID_12,5446.57
GRID_CBE_08406,FC_GRID_12,6087.49
GRID_CBE_08407,FC_GRID_12,6815.42
GRID_CBE_08408,FC_GRID_12,7605.41
GRID_CBE_08409,FC_GRID_12,8440.06
GRID_CBE_08410,FC_GRID_12,9307.36
GRID_CBE_08411,FC_GRID_12,10198.99
GRID_CBE_08412,FC_GRID_12,11109.09
GRID_CBE_08413,FC_GRID_12,12033.46
GRID_CBE_08414,FC_GRID_12,12969.06
GRID_CBE_08415,FC_GRID_12,13913.62
GRID_CBE_08416,FC_GRID_12,14865.44
GRID_CBE_08417,FC_GRID_12,15823.2
GRID_CBE_08418,FC_GRID_12,16785.89
GRID_CBE_08419,FC_GRID_12,17752.7
GRID_CBE_08420,FC_GRID_12,18723.0
GRID_CBE_08421,FC_GRID_12,19696.27
GRID_CBE_08422,FC_GRID_12,20672.1
GRID_CBE_08423,FC_GRID_12,21650.13
GRID_CBE_08424,FC_GRID_12,22630.08
GRID_CBE_08425,FC_GRID_10,11545.54
GRID_CBE_08426,FC_GRID_10,10586.43
GRID_CBE_08427,FC_GRID_10,9635.63
GRID_CBE_08428,FC_GRID_10,8695.88
GRID_CBE_08429,FC_GRID_10,7771.17
GRID_CBE_08430,FC_GRID_10,6867.61
GRID_CBE_08431,FC_GRID_10,5994.74
GRID_CBE_08432,FC_GRID_10,5168.15
GRID_CBE_08433,FC_GRID_10,4413.91
GRID_CBE_08434,FC_GRID_10,3775.65
GRID_CBE_08435,FC_GRID_10,3320.9
GRID_CBE_08436,FC_GRID_10,3130.7
GRID_CBE_08437,FC_GRID_10,3251.79
GRID_CBE_08438,FC_GRID_10,3653.36
GRID_CBE_08439,FC_GRID_10,4256.75
GRID_CBE_08440,FC_GRID_10,4989.27
GRID_CBE_08441,FC_GRID_10,5802.21
GRID_CBE_08442,FC_GRID_10,6666.23
GRID_CBE_08443,FC_GRID_10,7563.82
GRID_CBE_08444,FC_GRID_10,8484.36
GRID_CBE_08445,FC_GRID_10,9421.1
GRID_CBE_08446,FC_GRID_10,10369.67
GRID_CBE_08447,FC_GRID_10,11327.09
GRID_CBE_08448,FC_GRID_11,10478.19
GRID_CBE_08449,FC_GRID_11,9532.97
GRID_CBE_08450,FC_GRID_11,8600.14
GRID_CBE_08451,FC_GRID_11,7684.23
GRID_CBE_08452,FC_GRID_11,6792.09
GRID_CBE_08453,FC_GRID_11,5934.43
GRID_CBE_08454,FC_GRID_11,5128.59
GRID_CBE_08455,FC_GRID_11,4403.11
GRID_CBE_08456,FC_GRID_11,3804.26
GRID_CBE_08457,FC_GRID_11,3399.61
GRID_CBE_08458,FC_GRID_11,3262.26
GRID_CBE_08459,FC_GRID_11,3424.51
GRID_CBE_08460,FC_GRID_11,3848.67
GRID_CBE_08461,FC_GRID_11,4460.63
GRID_CBE_08462,FC_GRID_11,5194.44
GRID_CBE_08463,FC_GRID_11,6005.6
GRID_CBE_08464,FC_GRID_11,6866.75
GRID_CBE_08465,FC_GRID_11,7761.26
GRID_CBE_08466,FC_GRID_11,8678.83
GRID_CBE_08467,FC_GRID_11,9612.86
GRID_CBE_08468,FC_GRID_11,10558.98
GRID_CBE_08469,FC_GRID_12,11329.23
GRID_CBE_08470,FC_GRID_12,10379.98
GRID_CBE_08471,FC_GRID_12,9441.2
GRID_CBE_08472,FC_GRID_12,8516.37
GRID_CBE_08473,FC_GRID_12,7610.59
GRID_CBE_08474,FC_GRID_12,6731.52
GRID_CBE_08475,FC_GRID_12,5891.16
GRID_CBE_08476,FC_GRID_12,5108.64
GRID_CBE_08477,FC_GRID_12,4414.81
GRID_CBE_08478,FC_GRID_12,3857.84
GRID_CBE_08479,FC_GRID_12,3503.61
GRID_CBE_08480,FC_GRID_12,3415.8
GRID_CBE_08481,FC_GRID_12,3613.87
GRID_CBE_08482,FC_GRID_12,4056.16
GRID_CBE_08483,FC_GRID_12,4673.84
GRID_CBE_08484,FC_GRID_12,5407.14
GRID_CBE_08485,FC_GRID_12,6215.27
GRID_CBE_08486,FC_GRID_12,7072.62
GRID_CBE_08487,FC_GRID_12,7963.31
GRID_CBE_08488,FC_GRID_12,8877.32
GRID_CBE_08489,FC_GRID_12,9808.11
GRID_CBE_08490,FC_GRID_12,10751.35
GRID_CBE_08491,FC_GRID_12,11704.01
GRID_CBE_08492,FC_GRID_12,12663.97
GRID_CBE_08493,FC_GRID_12,13629.7
GRID_CBE_08494,FC_GRID_12,14600.03
GRID_CBE_08495,FC_GRID_12,15574.13
GRID_CBE_08496,FC_GRID_12,16551.31
GRID_CBE_08497,FC_GRID_12,17531.06
GRID_CBE_08498,FC_GRID_12,18512.98
GRID_CBE_08499,FC_GRID_12,19496.74
GRID_CBE_08500,FC_GRID_12,20482.07
GRID_CBE_08501,FC_GRID_12,21468.76
GRID_CBE_08502,FC_GRID_12,22456.63
GRID_CBE_08503,FC_GRID_10,11315.58
GRID_CBE_08504,FC_GRID_10,10335.14
GRID_CBE_08505,FC_GRID_10,9358.85
GRID_CBE_08506,FC_GRID_10,8388.14
GRID_CBE_08507,FC_GRID_10,7425.22
GRID_CBE_08508,FC_GRID_10,6473.54
GRID_CBE_08509,FC_GRID_10,5538.92
GRID_CBE_08510,FC_GRID_10,4631.68
GRID_CBE_08511,FC_GRID_10,3771.65
GRID_CBE_08512,FC_GRID_10,2999.71
GRID_CBE_08513,FC_GRID_10,2402.32
GRID_CBE_08514,FC_GRID_10,2131.67
GRID_CBE_08515,FC_GRID_10,2305.84
GRID_CBE_08516,FC_GRID_10,2844.25
GRID_CBE_08517,FC_GRID_10,3586.45
GRID_CBE_08518,FC_GRID_10,4431.2
GRID_CBE_08519,FC_GRID_10,5329.95
GRID_CBE_08520,FC_GRID_10,6259.5
GRID_CBE_08521,FC_GRID_10,7207.92
GRID_CBE_08522,FC_GRID_10,8168.66
GRID_CBE_08523,FC_GRID_10,9137.83
GRID_CBE_08524,FC_GRID_10,10113.0
GRID_CBE_08525,FC_GRID_10,11092.6
GRID_CBE_08526,FC_GRID_11,10211.2
GRID_CBE_08527,FC_GRID_11,9238.7
GRID_CBE_08528,FC_GRID_11,8272.76
GRID_CBE_08529,FC_GRID_11,7315.98
GRID_CBE_08530,FC_GRID_11,6372.48
GRID_CBE_08531,FC_GRID_11,5449.17
GRID_CBE_08532,FC_GRID_11,4558.34
GRID_CBE_08533,FC_GRID_11,3723.36
GRID_CBE_08534,FC_GRID_11,2991.39
GRID_CBE_08535,FC_GRID_11,2456.29
GRID_CBE_08536,FC_GRID_11,2262.38
GRID_CBE_08537,FC_GRID_11,2490.65
GRID_CBE_08538,FC_GRID_11,3047.67
GRID_CBE_08539,FC_GRID_11,3791.21
GRID_CBE_08540,FC_GRID_11,4632.31
GRID_CBE_08541,FC_GRID_11,5526.6
GRID_CBE_08542,FC_GRID_11,6451.99
GRID_CBE_08543,FC_GRID_11,7396.84
GRID_CBE_08544,FC_GRID_11,8354.53
GRID_CBE_08545,FC_GRID_11,9321.11
GRID_CBE_08546,FC_GRID_11,10294.08
GRID_CBE_08547,FC_GRID_12,11069.38
GRID_CBE_08548,FC_GRID_12,10095.72
GRID_CBE_08549,FC_GRID_12,9127.76
GRID_CBE_08550,FC_GRID_12,8167.52
GRID_CBE_08551,FC_GRID_12,7218.08
GRID_CBE_08552,FC_GRID_12,6284.35
GRID_CBE_08553,FC_GRID_12,5374.52
GRID_CBE_08554,FC_GRID_12,4503.09
GRID_CBE_08555,FC_GRID_12,3697.33
GRID_CBE_08556,FC_GRID_12,3010.42
GRID_CBE_08557,FC_GRID_12,2540.67
GRID_CBE_08558,FC_GRID_12,2418.13
GRID_CBE_08559,FC_GRID_12,2690.68
GRID_CBE_08560,FC_GRID_12,3260.69
GRID_CBE_08561,FC_GRID_12,4003.06
GRID_CBE_08562,FC_GRID_12,4839.1
GRID_CBE_08563,FC_GRID_12,5727.94
GRID_CBE_08564,FC_GRID_12,6648.43
GRID_CBE_08565,FC_GRID_12,7589.07
GRID_CBE_08566,FC_GRID_12,8543.21
GRID_CBE_08567,FC_GRID_12,9506.78
GRID_CBE_08568,FC_GRID_12,10477.17
GRID_CBE_08569,FC_GRID_12,11452.67
GRID_CBE_08570,FC_GRID_12,12432.05
GRID_CBE_08571,FC_GRID_12,13414.48
GRID_CBE_08572,FC_GRID_12,14399.33
GRID_CBE_08573,FC_GRID_12,15386.13
GRID_CBE_08574,FC_GRID_12,16374.54
GRID_CBE_08575,FC_GRID_12,17364.27
GRID_CBE_08576,FC_GRID_12,18355.11
GRID_CBE_08577,FC_GRID_12,19346.9
GRID_CBE_08578,FC_GRID_12,20339.49
GRID_CBE_08579,FC_GRID_12,21332.78
GRID_CBE_08580,FC_GRID_12,22326.66
GRID_CBE_08581,FC_GRID_10,11170.72
GRID_CBE_08582,FC_GRID_10,10176.34
GRID_CBE_08583,FC_GRID_10,9183.18
GRID_CBE_08584,FC_GRID_10,8191.68
GRID_CBE_08585,FC_GRID_10,7202.54
GRID_CBE_08586,FC_GRID_10,6216.87
GRID_CBE_08587,FC_GRID_10,5236.63
GRID_CBE_08588,FC_GRID_10,4265.58
GRID_CBE_08589,FC_GRID_10,3311.81
GRID_CBE_08590,FC_GRID_10,2396.03
GRID_CBE_08591,FC_GRID_10,1585.51
GRID_CBE_08592,FC_GRID_10,1134.34
GRID_CBE_08593,FC_GRID_10,1435.13
GRID_CBE_08594,FC_GRID_10,2198.29
GRID_CBE_08595,FC_GRID_10,3099.25
GRID_CBE_08596,FC_GRID_10,4047.0
GRID_CBE_08597,FC_GRID_10,5015.09
GRID_CBE_08598,FC_GRID_10,5993.66
GRID_CBE_08599,FC_GRID_10,6978.32
GRID_CBE_08600,FC_GRID_10,7966.79
GRID_CBE_08601,FC_GRID_10,8957.83
GRID_CBE_08602,FC_GRID_10,9950.65
GRID_CBE_08603,FC_GRID_10,10944.79
GRID_CBE_08604,FC_GRID_11,10037.16
GRID_CBE_08605,FC_GRID_11,9045.97
GRID_CBE_08606,FC_GRID_11,8056.96
GRID_CBE_08607,FC_GRID_11,7071.04
GRID_CBE_08608,FC_GRID_11,6089.71
GRID_CBE_08609,FC_GRID_11,5115.61
GRID_CBE_08610,FC_GRID_11,4153.85
GRID_CBE_08611,FC_GRID_11,3215.5
GRID_CBE_08612,FC_GRID_11,2329.04
GRID_CBE_08613,FC_GRID_11,1584.11
GRID_CBE_08614,FC_GRID_11,1262.7
GRID_CBE_08615,FC_GRID_11,1636.88
GRID_CBE_08616,FC_GRID_11,2400.91
GRID_CBE_08617,FC_GRID_11,3293.83
GRID_CBE_08618,FC_GRID_11,4234.89
GRID_CBE_08619,FC_GRID_11,5198.01
GRID_CBE_08620,FC_GRID_11,6172.87
GRID_CBE_08621,FC_GRID_11,7154.67
GRID_CBE_08622,FC_GRID_11,8140.9
GRID_CBE_08623,FC_GRID_11,9130.13
GRID_CBE_08624,FC_GRID_11,10121.47
GRID_CBE_08625,FC_GRID_12,10895.45
GRID_CBE_08626,FC_GRID_12,9904.71
GRID_CBE_08627,FC_GRID_12,8916.03
GRID_CBE_08628,FC_GRID_12,7930.2
GRID_CBE_08629,FC_GRID_12,6948.41
GRID_CBE_08630,FC_GRID_12,5972.67
GRID_CBE_08631,FC_GRID_12,5006.51
GRID_CBE_08632,FC_GRID_12,4056.79
GRID_CBE_08633,FC_GRID_12,3138.46
GRID_CBE_08634,FC_GRID_12,2289.6
GRID_CBE_08635,FC_GRID_12,1623.16
GRID_CBE_08636,FC_GRID_12,1423.74
GRID_CBE_08637,FC_GRID_12,1849.17
GRID_CBE_08638,FC_GRID_12,2609.94
GRID_CBE_08639,FC_GRID_12,3493.45
GRID_CBE_08640,FC_GRID_12,4426.8
GRID_CBE_08641,FC_GRID_12,5384.14
GRID_CBE_08642,FC_GRID_12,6354.63
GRID_CBE_08643,FC_GRID_12,7333.06
GRID_CBE_08644,FC_GRID_12,8316.61
GRID_CBE_08645,FC_GRID_12,9303.68
GRID_CBE_08646,FC_GRID_12,10293.24
GRID_CBE_08647,FC_GRID_12,11284.65
GRID_CBE_08648,FC_GRID_12,12277.44
GRID_CBE_08649,FC_GRID_12,13271.32
GRID_CBE_08650,FC_GRID_12,14266.06
GRID_CBE_08651,FC_GRID_12,15261.48
GRID_CBE_08652,FC_GRID_12,16257.46
GRID_CBE_08653,FC_GRID_12,17253.91
GRID_CBE_08654,FC_GRID_12,18250.75
GRID_CBE_08655,FC_GRID_12,19247.92
GRID_CBE_08656,FC_GRID_12,20245.36
GRID_CBE_08657,FC_GRID_12,21243.05
GRID_CBE_08658,FC_GRID_12,22240.94
GRID_CBE_08659,FC_GRID_10,11114.3
GRID_CBE_08660,FC_GRID_10,10114.38
GRID_CBE_08661,FC_GRID_10,9114.47
GRID_CBE_08662,FC_GRID_10,8114.58
GRID_CBE_08663,FC_GRID_10,7114.72
GRID_CBE_08664,FC_GRID_10,6114.91
GRID_CBE_08665,FC_GRID_10,5115.18
GRID_CBE_08666,FC_GRID_10,4115.57
GRID_CBE_08667,FC_GRID_10,3116.22
GRID_CBE_08668,FC_GRID_10,2117.47
GRID_CBE_08669,FC_GRID_10,1120.97
GRID_CBE_08670,FC_GRID_10,171.59
GRID_CBE_08671,FC_GRID_10,895.73
GRID_CBE_08672,FC_GRID_10,1890.82
GRID_CBE_08673,FC_GRID_10,2889.31
GRID_CBE_08674,FC_GRID_10,3888.57
GRID_CBE_08675,FC_GRID_10,4888.13
GRID_CBE_08676,FC_GRID_10,5887.85
GRID_CBE_08677,FC_GRID_10,6887.64
GRID_CBE_08678,FC_GRID_10,7887.49
GRID_CBE_08679,FC_GRID_10,8887.37
GRID_CBE_08680,FC_GRID_10,9887.28
GRID_CBE_08681,FC_GRID_10,10887.2
GRID_CBE_08682,FC_GRID_11,9960.96
GRID_CBE_08683,FC_GRID_11,8961.34
GRID_CBE_08684,FC_GRID_11,7961.82
GRID_CBE_08685,FC_GRID_11,6962.44
GRID_CBE_08686,FC_GRID_11,5963.27
GRID_CBE_08687,FC_GRID_11,4964.43
GRID_CBE_08688,FC_GRID_11,3966.17
GRID_CBE_08689,FC_GRID_11,2969.09
GRID_CBE_08690,FC_GRID_11,1974.96
GRID_CBE_08691,FC_GRID_11,992.7
GRID_CBE_08692,FC_GRID_11,265.4
GRID_CBE_08693,FC_GRID_11,1074.9
GRID_CBE_08694,FC_GRID_11,2059.22
GRID_CBE_08695,FC_GRID_11,3053.75
GRID_CBE_08696,FC_GRID_11,4050.97
GRID_CBE_08697,FC_GRID_11,5049.29
GRID_CBE_08698,FC_GRID_11,6048.17
GRID_CBE_08699,FC_GRID_11,7047.36
GRID_CBE_08700,FC_GRID_11,8046.76
GRID_CBE_08701,FC_GRID_11,9046.28
GRID_CBE_08702,FC_GRID_11,10045.91
GRID_CBE_08703,FC_GRID_12,10811.59
GRID_CBE_08704,FC_GRID_12,9812.39
GRID_CBE_08705,FC_GRID_12,8813.36
GRID_CBE_08706,FC_GRID_12,7814.58
GRID_CBE_08707,FC_GRID_12,6816.16
GRID_CBE_08708,FC_GRID_12,5818.29
GRID_CBE_08709,FC_GRID_12,4821.29
GRID_CBE_08710,FC_GRID_12,3825.86
GRID_CBE_08711,FC_GRID_12,2833.65
GRID_CBE_08712,FC_GRID_12,1849.85
GRID_CBE_08713,FC_GRID_12,902.41
GRID_CBE_08714,FC_GRID_12,454.67
GRID_CBE_08715,FC_GRID_12,1264.56
GRID_CBE_08716,FC_GRID_12,2234.16
GRID_CBE_08717,FC_GRID_12,3222.4
GRID_CBE_08718,FC_GRID_12,4216.19
GRID_CBE_08719,FC_GRID_12,5212.35
GRID_CBE_08720,FC_GRID_12,6209.75
GRID_CBE_08721,FC_GRID_12,7207.87
GRID_CBE_08722,FC_GRID_12,8206.45
GRID_CBE_08723,FC_GRID_12,9205.33
GRID_CBE_08724,FC_GRID_12,10204.44
GRID_CBE_08725,FC_GRID_12,11203.7
GRID_CBE_08726,FC_GRID_12,12203.08
GRID_CBE_08727,FC_GRID_12,13202.56
GRID_CBE_08728,FC_GRID_12,14202.11
GRID_CBE_08729,FC_GRID_12,15201.72
GRID_CBE_08730,FC_GRID_12,16201.38
GRID_CBE_08731,FC_GRID_12,17201.08
GRID_CBE_08732,FC_GRID_12,18200.81
GRID_CBE_08733,FC_GRID_12,19200.57
GRID_CBE_08734,FC_GRID_12,20200.35
GRID_CBE_08735,FC_GRID_12,21200.16
GRID_CBE_08736,FC_GRID_12,22199.98
GRID_CBE_08737,FC_GRID_10,11147.67
GRID_CBE_08738,FC_GRID_10,10151.03
GRID_CBE_08739,FC_GRID_10,9155.12
GRID_CBE_08740,FC_GRID_10,8160.22
GRID_CBE_08741,FC_GRID_10,7166.73
GRID_CBE_08742,FC_GRID_10,6175.34
GRID_CBE_08743,FC_GRID_10,5187.27
GRID_CBE_08744,FC_GRID_10,4204.84
GRID_CBE_08745,FC_GRID_10,3233.19
GRID_CBE_08746,FC_GRID_10,2286.13
GRID_CBE_08747,FC_GRID_10,1413.96
GRID_CBE_08748,FC_GRID_10,878.73
GRID_CBE_08749,FC_GRID_10,1243.0
GRID_CBE_08750,FC_GRID_10,2077.96
GRID_CBE_08751,FC_GRID_10,3015.1
GRID_CBE_08752,FC_GRID_10,3982.92
GRID_CBE_08753,FC_GRID_10,4963.52
GRID_CBE_08754,FC_GRID_10,5950.58
GRID_CBE_08755,FC_GRID_10,6941.35
GRID_CBE_08756,FC_GRID_10,7934.43
GRID_CBE_08757,FC_GRID_10,8929.06
GRID_CBE_08758,FC_GRID_10,9924.77
GRID_CBE_08759,FC_GRID_10,10921.26
GRID_CBE_08760,FC_GRID_11,9984.82
GRID_CBE_08761,FC_GRID_11,8987.86
GRID_CBE_08762,FC_GRID_11,7991.66
GRID_CBE_08763,FC_GRID_11,6996.54
GRID_CBE_08764,FC_GRID_11,6003.05
GRID_CBE_08765,FC_GRID_11,5012.14
GRID_CBE_08766,FC_GRID_11,4025.74
GRID_CBE_08767,FC_GRID_11,3048.2
GRID_CBE_08768,FC_GRID_11,2092.01
GRID_CBE_08769,FC_GRID_11,1208.92
GRID_CBE_08770,FC_GRID_11,739.24
GRID_CBE_08771,FC_GRID_11,1277.29
GRID_CBE_08772,FC_GRID_11,2171.74
GRID_CBE_08773,FC_GRID_11,3130.72
GRID_CBE_08774,FC_GRID_11,4109.31
GRID_CBE_08775,FC_GRID_11,5096.21
GRID_CBE_08776,FC_GRID_11,6087.39
GRID_CBE_08777,FC_GRID_11,7081.05
GRID_CBE_08778,FC_GRID_11,8076.28
GRID_CBE_08779,FC_GRID_11,9072.56
GRID_CBE_08780,FC_GRID_11,10069.57
GRID_CBE_08781,FC_GRID_12,10819.9
GRID_CBE_08782,FC_GRID_12,9821.54
GRID_CBE_08783,FC_GRID_12,8823.55
GRID_CBE_08784,FC_GRID_12,7826.07
GRID_CBE_08785,FC_GRID_12,6829.33
GRID_CBE_08786,FC_GRID_12,5833.71
GRID_CBE_08787,FC_GRID_12,4839.89
GRID_CBE_08788,FC_GRID_12,3849.27
GRID_CBE_08789,FC_GRID_12,2865.18
GRID_CBE_08790,FC_GRID_12,1897.8
GRID_CBE_08791,FC_GRID_12,997.01
GRID_CBE_08792,FC_GRID_12,621.61
GRID_CBE_08793,FC_GRID_12,1333.71
GRID_CBE_08794,FC_GRID_12,2274.02
GRID_CBE_08795,FC_GRID_12,3250.16
GRID_CBE_08796,FC_GRID_12,4237.44
GRID_CBE_08797,FC_GRID_12,5229.56
GRID_CBE_08798,FC_GRID_12,6224.2
GRID_CBE_08799,FC_GRID_12,7220.32
GRID_CBE_08800,FC_GRID_12,8217.39
GRID_CBE_08801,FC_GRID_12,9215.09
GRID_CBE_08802,FC_GRID_12,10213.24
GRID_CBE_08803,FC_GRID_12,11211.72
GRID_CBE_08804,FC_GRID_12,12210.44
GRID_CBE_08805,FC_GRID_12,13209.37
GRID_CBE_08806,FC_GRID_12,14208.44
GRID_CBE_08807,FC_GRID_12,15207.63
GRID_CBE_08808,FC_GRID_12,16206.93
GRID_CBE_08809,FC_GRID_12,17206.3
GRID_CBE_08810,FC_GRID_12,18205.75
GRID_CBE_08811,FC_GRID_12,19205.25
GRID_CBE_08812,FC_GRID_12,20204.8
GRID_CBE_08813,FC_GRID_12,21204.4
GRID_CBE_08814,FC_GRID_12,22204.03
GRID_CBE_08815,FC_GRID_10,11270.01
GRID_CBE_08816,FC_GRID_10,10285.24
GRID_CBE_08817,FC_GRID_10,9303.71
GRID_CBE_08818,FC_GRID_10,8326.57
GRID_CBE_08819,FC_GRID_10,7355.59
GRID_CBE_08820,FC_GRID_10,6393.56
GRID_CBE_08821,FC_GRID_10,5445.23
GRID_CBE_08822,FC_GRID_10,4519.22
GRID_CBE_08823,FC_GRID_10,3632.66
GRID_CBE_08824,FC_GRID_10,2822.96
GRID_CBE_08825,FC_GRID_10,2177.61
GRID_CBE_08826,FC_GRID_10,1874.8
GRID_CBE_08827,FC_GRID_10,2070.69
GRID_CBE_08828,FC_GRID_10,2657.19
GRID_CBE_08829,FC_GRID_10,3439.99
GRID_CBE_08830,FC_GRID_10,4313.51
GRID_CBE_08831,FC_GRID_10,5232.52
GRID_CBE_08832,FC_GRID_10,6176.74
GRID_CBE_08833,FC_GRID_10,7136.18
GRID_CBE_08834,FC_GRID_10,8105.43
GRID_CBE_08835,FC_GRID_10,9081.34
GRID_CBE_08836,FC_GRID_10,10061.99
GRID_CBE_08837,FC_GRID_10,11046.11
GRID_CBE_08838,FC_GRID_11,10108.05
GRID_CBE_08839,FC_GRID_11,9124.57
GRID_CBE_08840,FC_GRID_11,8145.1
GRID_CBE_08841,FC_GRID_11,7171.31
GRID_CBE_08842,FC_GRID_11,6205.86
GRID_CBE_08843,FC_GRID_11,5253.34
GRID_CBE_08844,FC_GRID_11,4322.34
GRID_CBE_08845,FC_GRID_11,3430.39
GRID_CBE_08846,FC_GRID_11,2617.74
GRID_CBE_08847,FC_GRID_11,1984.32
GRID_CBE_08848,FC_GRID_11,1738.54
GRID_CBE_08849,FC_GRID_11,2026.7
GRID_CBE_08850,FC_GRID_11,2681.88
GRID_CBE_08851,FC_GRID_11,3503.92
GRID_CBE_08852,FC_GRID_11,4400.28
GRID_CBE_08853,FC_GRID_11,5333.61
GRID_CBE_08854,FC_GRID_11,6287.48
GRID_CBE_08855,FC_GRID_11,7253.78
GRID_CBE_08856,FC_GRID_11,8228.14
GRID_CBE_08857,FC_GRID_11,9208.0
GRID_CBE_08858,FC_GRID_11,10191.78
GRID_CBE_08859,FC_GRID_12,10920.16
GRID_CBE_08860,FC_GRID_12,9931.88
GRID_CBE_08861,FC_GRID_12,8946.21
GRID_CBE_08862,FC_GRID_12,7964.11
GRID_CBE_08863,FC_GRID_12,6987.09
GRID_CBE_08864,FC_GRID_12,6017.62
GRID_CBE_08865,FC_GRID_12,5060.06
GRID_CBE_08866,FC_GRID_12,4122.69
GRID_CBE_08867,FC_GRID_12,3223.19
GRID_CBE_08868,FC_GRID_12,2404.44
GRID_CBE_08869,FC_GRID_12,1781.49
GRID_CBE_08870,FC_GRID_12,1601.9
GRID_CBE_08871,FC_GRID_12,1989.59
GRID_CBE_08872,FC_GRID_12,2711.24
GRID_CBE_08873,FC_GRID_12,3569.76
GRID_CBE_08874,FC_GRID_12,4487.27
GRID_CBE_08875,FC_GRID_12,5433.97
GRID_CBE_08876,FC_GRID_12,6396.9
GRID_CBE_08877,FC_GRID_12,7369.72
GRID_CBE_08878,FC_GRID_12,8348.96
GRID_CBE_08879,FC_GRID_12,9332.6
GRID_CBE_08880,FC_GRID_12,10319.39
GRID_CBE_08881,FC_GRID_12,11308.5
GRID_CBE_08882,FC_GRID_12,12299.38
GRID_CBE_08883,FC_GRID_12,13291.61
GRID_CBE_08884,FC_GRID_12,14284.94
GRID_CBE_08885,FC_GRID_12,15279.13
GRID_CBE_08886,FC_GRID_12,16274.03
GRID_CBE_08887,FC_GRID_12,17269.53
GRID_CBE_08888,FC_GRID_12,18265.51
GRID_CBE_08889,FC_GRID_12,19261.91
GRID_CBE_08890,FC_GRID_12,20258.67
GRID_CBE_08891,FC_GRID_12,21255.73
GRID_CBE_08892,FC_GRID_12,22253.05
GRID_CBE_08893,FC_GRID_10,11478.5
GRID_CBE_08894,FC_GRID_10,10513.27
GRID_CBE_08895,FC_GRID_10,9555.19
GRID_CBE_08896,FC_GRID_10,8606.66
GRID_CBE_08897,FC_GRID_10,7671.21
GRID_CBE_08898,FC_GRID_10,6754.28
GRID_CBE_08899,FC_GRID_10,5864.57
GRID_CBE_08900,FC_GRID_10,5016.58
GRID_CBE_08901,FC_GRID_10,4235.44
GRID_CBE_08902,FC_GRID_10,3565.37
GRID_CBE_08903,FC_GRID_10,3079.73
GRID_CBE_08904,FC_GRID_10,2873.6
GRID_CBE_08905,FC_GRID_10,3005.08
GRID_CBE_08906,FC_GRID_10,3435.6
GRID_CBE_08907,FC_GRID_10,4071.39
GRID_CBE_08908,FC_GRID_10,4832.09
GRID_CBE_08909,FC_GRID_10,5667.63
GRID_CBE_08910,FC_GRID_10,6549.42
GRID_CBE_08911,FC_GRID_10,7461.08
GRID_CBE_08912,FC_GRID_10,8392.89
GRID_CBE_08913,FC_GRID_10,9338.82
GRID_CBE_08914,FC_GRID_10,10294.97
GRID_CBE_08915,FC_GRID_10,11258.74
GRID_CBE_08916,FC_GRID_11,10327.09
GRID_CBE_08917,FC_GRID_11,9366.63
GRID_CBE_08918,FC_GRID_11,8415.39
GRID_CBE_08919,FC_GRID_11,7476.88
GRID_CBE_08920,FC_GRID_11,6556.58
GRID_CBE_08921,FC_GRID_11,5663.36
GRID_CBE_08922,FC_GRID_11,4812.34
GRID_CBE_08923,FC_GRID_11,4030.34
GRID_CBE_08924,FC_GRID_11,3365.8
GRID_CBE_08925,FC_GRID_11,2900.62
GRID_CBE_08926,FC_GRID_11,2738.35
GRID_CBE_08927,FC_GRID_11,2929.77
GRID_CBE_08928,FC_GRID_11,3415.92
GRID_CBE_08929,FC_GRID_11,4093.1
GRID_CBE_08930,FC_GRID_11,4882.47
GRID_CBE_08931,FC_GRID_11,5737.9
GRID_CBE_08932,FC_GRID_11,6633.89
GRID_CBE_08933,FC_GRID_11,7556.02
GRID_CBE_08934,FC_GRID_11,8495.79
GRID_CBE_08935,FC_GRID_11,9447.93
GRID_CBE_08936,FC_GRID_11,10409.05
GRID_CBE_08937,FC_GRID_12,11109.89
GRID_CBE_08938,FC_GRID_12,10140.12
GRID_CBE_08939,FC_GRID_12,9176.84
GRID_CBE_08940,FC_GRID_12,8222.33
GRID_CBE_08941,FC_GRID_12,7280.05
GRID_CBE_08942,FC_GRID_12,6355.43
GRID_CBE_08943,FC_GRID_12,5457.46
GRID_CBE_08944,FC_GRID_12,4601.77
GRID_CBE_08945,FC_GRID_12,3816.89
GRID_CBE_08946,FC_GRID_12,3156.11
GRID_CBE_08947,FC_GRID_12,2711.71
GRID_CBE_08948,FC_GRID_12,2597.26
GRID_CBE_08949,FC_GRID_12,2852.74
GRID_CBE_08950,FC_GRID_12,3395.66
GRID_CBE_08951,FC_GRID_12,4113.75
GRID_CBE_08952,FC_GRID_12,4931.05
GRID_CBE_08953,FC_GRID_12,5805.83
GRID_CBE_08954,FC_GRID_12,6715.66
GRID_CBE_08955,FC_GRID_12,7648.03
GRID_CBE_08956,FC_GRID_12,8595.63
GRID_CBE_08957,FC_GRID_12,9553.91
GRID_CBE_08958,FC_GRID_12,10519.96
GRID_CBE_08959,FC_GRID_12,11491.82
GRID_CBE_08960,FC_GRID_12,12468.13
GRID_CBE_08961,FC_GRID_12,13447.93
GRID_CBE_08962,FC_GRID_12,14430.49
GRID_CBE_08963,FC_GRID_12,15415.3
GRID_CBE_08964,FC_GRID_12,16401.95
GRID_CBE_08965,FC_GRID_12,17390.12
GRID_CBE_08966,FC_GRID_12,18379.57
GRID_CBE_08967,FC_GRID_12,19370.11
GRID_CBE_08968,FC_GRID_12,20361.57
GRID_CBE_08969,FC_GRID_12,21353.82
GRID_CBE_08970,FC_GRID_12,22346.77
GRID_CBE_08971,FC_GRID_10,11768.54
GRID_CBE_08972,FC_GRID_10,10829.2
GRID_CBE_08973,FC_GRID_10,9901.74
GRID_CBE_08974,FC_GRID_10,8989.84
GRID_CBE_08975,FC_GRID_10,8098.78
GRID_CBE_08976,FC_GRID_10,7236.23
GRID_CBE_08977,FC_GRID_10,6413.73
GRID_CBE_08978,FC_GRID_10,5648.79
GRID_CBE_08979,FC_GRID_10,4968.07
GRID_CBE_08980,FC_GRID_10,4410.73
GRID_CBE_08981,FC_GRID_10,4028.33
GRID_CBE_08982,FC_GRID_10,3873.03
GRID_CBE_08983,FC_GRID_10,3971.55
GRID_CBE_08984,FC_GRID_10,4306.52
GRID_CBE_08985,FC_GRID_10,4828.97
GRID_CBE_08986,FC_GRID_10,5485.6
GRID_CBE_08987,FC_GRID_10,6234.16
GRID_CBE_08988,FC_GRID_10,7045.4
GRID_CBE_08989,FC_GRID_10,7900.03
GRID_CBE_08990,FC_GRID_10,8785.41
GRID_CBE_08991,FC_GRID_10,9693.1
GRID_CBE_08992,FC_GRID_10,10617.4
GRID_CBE_08993,FC_GRID_10,11554.31
GRID_CBE_08994,FC_GRID_11,10636.01
GRID_CBE_08995,FC_GRID_11,9706.17
GRID_CBE_08996,FC_GRID_11,8791.74
GRID_CBE_08997,FC_GRID_11,7898.08
GRID_CBE_08998,FC_GRID_11,7033.12
GRID_CBE_08999,FC_GRID_11,6208.84
GRID_CBE_09000,FC_GRID_11,5443.77
GRID_CBE_09001,FC_GRID_11,4766.51
GRID_CBE_09002,FC_GRID_11,4219.55
GRID_CBE_09003,FC_GRID_11,3858.71
GRID_CBE_09004,FC_GRID_11,3738.26
GRID_CBE_09005,FC_GRID_11,3880.67
GRID_CBE_09006,FC_GRID_11,4259.64
GRID_CBE_09007,FC_GRID_11,4819.7
GRID_CBE_09008,FC_GRID_11,5505.86
GRID_CBE_09009,FC_GRID_11,6276.9
GRID_CBE_09010,FC_GRID_11,7105.24
GRID_CBE_09011,FC_GRID_11,7973.05
GRID_CBE_09012,FC_GRID_11,8868.73
GRID_CBE_09013,FC_GRID_11,9784.65
GRID_CBE_09014,FC_GRID_11,10715.61
GRID_CBE_09015,FC_GRID_12,11384.61
GRID_CBE_09016,FC_GRID_12,10440.39
GRID_CBE_09017,FC_GRID_12,9507.58
GRID_CBE_09018,FC_GRID_12,8589.9
GRID_CBE_09019,FC_GRID_12,7692.77
GRID_CBE_09020,FC_GRID_12,6824.31
GRID_CBE_09021,FC_GRID_12,5996.96
GRID_CBE_09022,FC_GRID_12,5230.29
GRID_CBE_09023,FC_GRID_12,4555.03
GRID_CBE_09024,FC_GRID_12,4017.55
GRID_CBE_09025,FC_GRID_12,3678.73
GRID_CBE_09026,FC_GRID_12,3595.2
GRID_CBE_09027,FC_GRID_12,3783.89
GRID_CBE_09028,FC_GRID_12,4208.35
GRID_CBE_09029,FC_GRID_12,4806.51
GRID_CBE_09030,FC_GRID_12,5522.22
GRID_CBE_09031,FC_GRID_12,6315.64
GRID_CBE_09032,FC_GRID_12,7160.99
GRID_CBE_09033,FC_GRID_12,8041.9
GRID_CBE_09034,FC_GRID_12,8947.88
GRID_CBE_09035,FC_GRID_12,9872.02
GRID_CBE_09036,FC_GRID_12,10809.68
GRID_CBE_09037,FC_GRID_12,11757.62
GRID_CBE_09038,FC_GRID_12,12713.54
GRID_CBE_09039,FC_GRID_12,13675.76
GRID_CBE_09040,FC_GRID_12,14643.04
GRID_CBE_09041,FC_GRID_12,15614.45
GRID_CBE_09042,FC_GRID_12,16589.26
GRID_CBE_09043,FC_GRID_12,17566.9
GRID_CBE_09044,FC_GRID_12,18546.92
GRID_CBE_09045,FC_GRID_12,19528.97
GRID_CBE_09046,FC_GRID_12,20512.75
GRID_CBE_09047,FC_GRID_12,21498.03
GRID_CBE_09048,FC_GRID_12,22484.61
GRID_CBE_09049,FC_GRID_10,12134.31
GRID_CBE_09050,FC_GRID_10,11225.61
GRID_CBE_09051,FC_GRID_10,10333.79
GRID_CBE_09052,FC_GRID_10,9463.61
GRID_CBE_09053,FC_GRID_10,8621.65
GRID_CBE_09054,FC_GRID_10,7817.02
GRID_CBE_09055,FC_GRID_10,7062.48
GRID_CBE_09056,FC_GRID_10,6375.85
GRID_CBE_09057,FC_GRID_10,5781.38
GRID_CBE_09058,FC_GRID_10,5310.11
GRID_CBE_09059,FC_GRID_10,4997.02
GRID_CBE_09060,FC_GRID_10,4872.68
GRID_CBE_09061,FC_GRID_10,4951.36
GRID_CBE_09062,FC_GRID_10,5223.87
GRID_CBE_09063,FC_GRID_10,5662.3
GRID_CBE_09064,FC_GRID_10,6231.74
GRID_CBE_09065,FC_GRID_10,6899.81
GRID_CBE_09066,FC_GRID_10,7640.7
GRID_CBE_09067,FC_GRID_10,8435.24
GRID_CBE_09068,FC_GRID_10,9269.63
GRID_CBE_09069,FC_GRID_10,10134.05
GRID_CBE_09070,FC_GRID_10,11021.43
GRID_CBE_09071,FC_GRID_10,11926.64
GRID_CBE_09072,FC_GRID_11,11027.28
GRID_CBE_09073,FC_GRID_11,10133.4
GRID_CBE_09074,FC_GRID_11,9261.25
GRID_CBE_09075,FC_GRID_11,8417.59
GRID_CBE_09076,FC_GRID_11,7611.88
GRID_CBE_09077,FC_GRID_11,6857.53
GRID_CBE_09078,FC_GRID_11,6173.39
GRID_CBE_09079,FC_GRID_11,5585.31
GRID_CBE_09080,FC_GRID_11,5126.47
GRID_CBE_09081,FC_GRID_11,4833.8
GRID_CBE_09082,FC_GRID_11,4738.21
GRID_CBE_09083,FC_GRID_11,4851.35
GRID_CBE_09084,FC_GRID_11,5159.52
GRID_CBE_09085,FC_GRID_11,5630.77
GRID_CBE_09086,FC_GRID_11,6228.21
GRID_CBE_09087,FC_GRID_11,6919.22
GRID_CBE_09088,FC_GRID_11,7678.58
GRID_CBE_09089,FC_GRID_11,8487.96
GRID_CBE_09090,FC_GRID_11,9334.37
GRID_CBE_09091,FC_GRID_11,10208.6
GRID_CBE_09092,FC_GRID_11,11104.07
GRID_CBE_09093,FC_GRID_12,11738.35
GRID_CBE_09094,FC_GRID_12,10825.03
GRID_CBE_09095,FC_GRID_12,9928.43
GRID_CBE_09096,FC_GRID_12,9053.51
GRID_CBE_09097,FC_GRID_12,8207.22
GRID_CBE_09098,FC_GRID_12,7399.38
GRID_CBE_09099,FC_GRID_12,6644.04
GRID_CBE_09100,FC_GRID_12,5961.17
GRID_CBE_09101,FC_GRID_12,5378.47
GRID_CBE_09102,FC_GRID_12,4931.57
GRID_CBE_09103,FC_GRID_12,4659.69
GRID_CBE_09104,FC_GRID_12,4594.03
GRID_CBE_09105,FC_GRID_12,4743.15
GRID_CBE_09106,FC_GRID_12,5088.21
GRID_CBE_09107,FC_GRID_12,5593.05
GRID_CBE_09108,FC_GRID_12,6218.89
GRID_CBE_09109,FC_GRID_12,6933.04
GRID_CBE_09110,FC_GRID_12,7710.99
GRID_CBE_09111,FC_GRID_12,8535.33
GRID_CBE_09112,FC_GRID_12,9393.84
GRID_CBE_09113,FC_GRID_12,10277.96
GRID_CBE_09114,FC_GRID_12,11181.63
GRID_CBE_09115,FC_GRID_12,12100.47
GRID_CBE_09116,FC_GRID_12,13031.26
GRID_CBE_09117,FC_GRID_12,13971.62
GRID_CBE_09118,FC_GRID_12,14919.73
GRID_CBE_09119,FC_GRID_12,15874.22
GRID_CBE_09120,FC_GRID_12,16833.99
GRID_CBE_09121,FC_GRID_12,17798.19
GRID_CBE_09122,FC_GRID_12,18766.14
GRID_CBE_09123,FC_GRID_12,19737.28
GRID_CBE_09124,FC_GRID_12,20711.17
GRID_CBE_09125,FC_GRID_12,21687.44
GRID_CBE_09126,FC_GRID_12,22665.78
GRID_CBE_09127,FC_GRID_10,12569.17
GRID_CBE_09128,FC_GRID_10,11694.31
GRID_CBE_09129,FC_GRID_10,10841.12
GRID_CBE_09130,FC_GRID_10,10015.12
GRID_CBE_09131,FC_GRID_10,9223.64
GRID_CBE_09132,FC_GRID_10,8476.35
GRID_CBE_09133,FC_GRID_10,7785.97
GRID_CBE_09134,FC_GRID_10,7168.98
GRID_CBE_09135,FC_GRID_10,6645.84
GRID_CBE_09136,FC_GRID_10,6240.19
GRID_CBE_09137,FC_GRID_10,5976.03
GRID_CBE_09138,FC_GRID_10,5872.46
GRID_CBE_09139,FC_GRID_10,5937.9
GRID_CBE_09140,FC_GRID_10,6166.97
GRID_CBE_09141,FC_GRID_10,6542.51
GRID_CBE_09142,FC_GRID_10,7041.11
GRID_CBE_09143,FC_GRID_10,7638.73
GRID_CBE_09144,FC_GRID_10,8314.03
GRID_CBE_09145,FC_GRID_10,9049.64
GRID_CBE_09146,FC_GRID_10,9832.03
GRID_CBE_09147,FC_GRID_10,10650.9
GRID_CBE_09148,FC_GRID_10,11498.46
GRID_CBE_09149,FC_GRID_10,12368.81
GRID_CBE_09150,FC_GRID_11,11492.47
GRID_CBE_09151,FC_GRID_11,10637.76
GRID_CBE_09152,FC_GRID_11,9810.55
GRID_CBE_09153,FC_GRID_11,9018.42
GRID_CBE_09154,FC_GRID_11,8271.44
GRID_CBE_09155,FC_GRID_11,7582.99
GRID_CBE_09156,FC_GRID_11,6970.42
GRID_CBE_09157,FC_GRID_11,6455.37
GRID_CBE_09158,FC_GRID_11,6062.73
GRID_CBE_09159,FC_GRID_11,5817.36
GRID_CBE_09160,FC_GRID_11,5738.18
GRID_CBE_09161,FC_GRID_11,5831.95
GRID_CBE_09162,FC_GRID_11,6090.7
GRID_CBE_09163,FC_GRID_11,6494.74
GRID_CBE_09164,FC_GRID_11,7019.02
GRID_CBE_09165,FC_GRID_11,7638.82
GRID_CBE_09166,FC_GRID_11,8332.86
GRID_CBE_09167,FC_GRID_11,9084.14
GRID_CBE_09168,FC_GRID_11,9879.6
GRID_CBE_09169,FC_GRID_11,10709.41
GRID_CBE_09170,FC_GRID_11,11566.18
GRID_CBE_09171,FC_GRID_12,12164.24
GRID_CBE_09172,FC_GRID_12,11285.43
GRID_CBE_09173,FC_GRID_12,10428.49
GRID_CBE_09174,FC_GRID_12,9599.26
GRID_CBE_09175,FC_GRID_12,8805.57
GRID_CBE_09176,FC_GRID_12,8057.95
GRID_CBE_09177,FC_GRID_12,7370.41
GRID_CBE_09178,FC_GRID_12,6761.31
GRID_CBE_09179,FC_GRID_12,6253.61
GRID_CBE_09180,FC_GRID_12,5873.67
GRID_CBE_09181,FC_GRID_12,5647.34
GRID_CBE_09182,FC_GRID_12,5593.28
GRID_CBE_09183,FC_GRID_12,5716.4
GRID_CBE_09184,FC_GRID_12,6005.79
GRID_CBE_09185,FC_GRID_12,6439.09
GRID_CBE_09186,FC_GRID_12,6989.59
GRID_CBE_09187,FC_GRID_12,7631.95
GRID_CBE_09188,FC_GRID_12,8345.0
GRID_CBE_09189,FC_GRID_12,9112.16
GRID_CBE_09190,FC_GRID_12,9920.88
GRID_CBE_09191,FC_GRID_12,10761.79
GRID_CBE_09192,FC_GRID_12,11627.92
GRID_CBE_09193,FC_GRID_12,12514.03
GRID_CBE_09194,FC_GRID_12,13416.16
GRID_CBE_09195,FC_GRID_12,14331.29
GRID_CBE_09196,FC_GRID_12,15257.07
GRID_CBE_09197,FC_GRID_12,16191.68
GRID_CBE_09198,FC_GRID_12,17133.68
GRID_CBE_09199,FC_GRID_12,18081.9
GRID_CBE_09200,FC_GRID_12,19035.43
GRID_CBE_09201,FC_GRID_12,19993.5
GRID_CBE_09202,FC_GRID_12,20955.49
GRID_CBE_09203,FC_GRID_12,21920.88
GRID_CBE_09204,FC_GRID_12,22889.24
GRID_CBE_09205,FC_GRID_10,13066.25
GRID_CBE_09206,FC_GRID_10,12227.01
GRID_CBE_09207,FC_GRID_10,11413.7
GRID_CBE_09208,FC_GRID_10,10632.28
GRID_CBE_09209,FC_GRID_10,9890.31
GRID_CBE_09210,FC_GRID_10,9197.35
GRID_CBE_09211,FC_GRID_10,8565.28
GRID_CBE_09212,FC_GRID_10,8008.56
GRID_CBE_09213,FC_GRID_10,7543.86
GRID_CBE_09214,FC_GRID_10,7189.07
GRID_CBE_09215,FC_GRID_10,6961.01
GRID_CBE_09216,FC_GRID_10,6872.3
GRID_CBE_09217,FC_GRID_10,6928.3
GRID_CBE_09218,FC_GRID_10,7125.6
GRID_CBE_09219,FC_GRID_10,7452.99
GRID_CBE_09220,FC_GRID_10,7894.3
GRID_CBE_09221,FC_GRID_10,8431.66
GRID_CBE_09222,FC_GRID_10,9047.97
GRID_CBE_09223,FC_GRID_10,9728.24
GRID_CBE_09224,FC_GRID_10,10460.0
GRID_CBE_09225,FC_GRID_10,11233.18
GRID_CBE_09226,FC_GRID_10,12039.82
GRID_CBE_09227,FC_GRID_11,12863.43
GRID_CBE_09228,FC_GRID_11,12023.02
GRID_CBE_09229,FC_GRID_11,11208.83
GRID_CBE_09230,FC_GRID_11,10427.03
GRID_CBE_09231,FC_GRID_11,9685.45
GRID_CBE_09232,FC_GRID_11,8994.04
GRID_CBE_09233,FC_GRID_11,8365.27
GRID_CBE_09234,FC_GRID_11,7814.27
GRID_CBE_09235,FC_GRID_11,7358.52
GRID_CBE_09236,FC_GRID_11,7016.61
GRID_CBE_09237,FC_GRID_11,6805.71
GRID_CBE_09238,FC_GRID_11,6738.15
GRID_CBE_09239,FC_GRID_11,6818.19
GRID_CBE_09240,FC_GRID_11,7040.79
GRID_CBE_09241,FC_GRID_11,7393.08
GRID_CBE_09242,FC_GRID_11,7857.65
GRID_CBE_09243,FC_GRID_11,8415.91
GRID_CBE_09244,FC_GRID_11,9050.56
GRID_CBE_09245,FC_GRID_11,9746.67
GRID_CBE_09246,FC_GRID_11,10492.02
GRID_CBE_09247,FC_GRID_11,11276.86
GRID_CBE_09248,FC_GRID_11,12093.49
GRID_CBE_09249,FC_GRID_12,12654.97
GRID_CBE_09250,FC_GRID_12,11812.73
GRID_CBE_09251,FC_GRID_12,10996.96
GRID_CBE_09252,FC_GRID_12,10213.98
GRID_CBE_09253,FC_GRID_12,9471.95
GRID_CBE_09254,FC_GRID_12,8781.24
GRID_CBE_09255,FC_GRID_12,8154.91
GRID_CBE_09256,FC_GRID_12,7608.87
GRID_CBE_09257,FC_GRID_12,7161.52
GRID_CBE_09258,FC_GRID_12,6832.26
GRID_CBE_09259,FC_GRID_12,6638.68
GRID_CBE_09260,FC_GRID_12,6592.76
GRID_CBE_09261,FC_GRID_12,6697.53
GRID_CBE_09262,FC_GRID_12,6946.17
GRID_CBE_09263,FC_GRID_12,7324.04
GRID_CBE_09264,FC_GRID_12,7812.43
GRID_CBE_09265,FC_GRID_12,8392.04
GRID_CBE_09266,FC_GRID_12,9045.37
GRID_CBE_09267,FC_GRID_12,9757.62
GRID_CBE_09268,FC_GRID_12,10516.82
GRID_CBE_09269,FC_GRID_12,11313.53
GRID_CBE_09270,FC_GRID_12,12140.36
GRID_CBE_09271,FC_GRID_12,12991.56
GRID_CBE_09272,FC_GRID_12,13862.65
GRID_CBE_09273,FC_GRID_12,14750.1
GRID_CBE_09274,FC_GRID_12,15651.13
GRID_CBE_09275,FC_GRID_12,16563.52
GRID_CBE_09276,FC_GRID_12,17485.5
GRID_CBE_09277,FC_GRID_12,18415.62
GRID_CBE_09278,FC_GRID_12,19352.71
GRID_CBE_09279,FC_GRID_12,20295.81
GRID_CBE_09280,FC_GRID_12,21244.11
GRID_CBE_09281,FC_GRID_12,22196.95
GRID_CBE_09282,FC_GRID_12,23153.77
GRID_CBE_09283,FC_GRID_10,13618.72
GRID_CBE_09284,FC_GRID_10,12815.71
GRID_CBE_09285,FC_GRID_10,12042.23
GRID_CBE_09286,FC_GRID_10,11304.34
GRID_CBE_09287,FC_GRID_10,10609.48
GRID_CBE_09288,FC_GRID_10,9966.64
GRID_CBE_09289,FC_GRID_10,9386.52
GRID_CBE_09290,FC_GRID_10,8881.42
GRID_CBE_09291,FC_GRID_10,8464.78
GRID_CBE_09292,FC_GRID_10,8150.18
GRID_CBE_09293,FC_GRID_10,7949.74
GRID_CBE_09294,FC_GRID_10,7872.18
GRID_CBE_09295,FC_GRID_10,7921.12
GRID_CBE_09296,FC_GRID_10,8094.26
GRID_CBE_09297,FC_GRID_10,8383.9
GRID_CBE_09298,FC_GRID_10,8778.54
GRID_CBE_09299,FC_GRID_10,9264.75
GRID_CBE_09300,FC_GRID_10,9828.96
GRID_CBE_09301,FC_GRID_10,10458.55
GRID_CBE_09302,FC_GRID_10,11142.45
GRID_CBE_09303,FC_GRID_10,11871.27
GRID_CBE_09304,FC_GRID_10,12637.25
GRID_CBE_09305,FC_GRID_11,13414.32
GRID_CBE_09306,FC_GRID_11,12610.67
GRID_CBE_09307,FC_GRID_11,11836.97
GRID_CBE_09308,FC_GRID_11,11099.5
GRID_CBE_09309,FC_GRID_11,10405.95
GRID_CBE_09310,FC_GRID_11,9765.7
GRID_CBE_09311,FC_GRID_11,9189.88
GRID_CBE_09312,FC_GRID_11,8691.31
GRID_CBE_09313,FC_GRID_11,8283.95
GRID_CBE_09314,FC_GRID_11,7981.78
GRID_CBE_09315,FC_GRID_11,7797.04
GRID_CBE_09316,FC_GRID_11,7738.14
GRID_CBE_09317,FC_GRID_11,7807.93
GRID_CBE_09318,FC_GRID_11,8003.04
GRID_CBE_09319,FC_GRID_11,8314.67
GRID_CBE_09320,FC_GRID_11,8730.33
GRID_CBE_09321,FC_GRID_11,9236.0
GRID_CBE_09322,FC_GRID_11,9817.77
GRID_CBE_09323,FC_GRID_11,10462.96
GRID_CBE_09324,FC_GRID_11,11160.58
GRID_CBE_09325,FC_GRID_11,11901.41
GRID_CBE_09326,FC_GRID_11,12677.88
GRID_CBE_09327,FC_GRID_12,13203.33
GRID_CBE_09328,FC_GRID_12,12398.4
GRID_CBE_09329,FC_GRID_12,11623.8
GRID_CBE_09330,FC_GRID_12,10886.01
GRID_CBE_09331,FC_GRID_12,10193.01
GRID_CBE_09332,FC_GRID_12,9554.57
GRID_CBE_09333,FC_GRID_12,8982.33
GRID_CBE_09334,FC_GRID_12,8489.68
GRID_CBE_09335,FC_GRID_12,8091.17
GRID_CBE_09336,FC_GRID_12,7801.24
GRID_CBE_09337,FC_GRID_12,7632.29
GRID_CBE_09338,FC_GRID_12,7592.38
GRID_CBE_09339,FC_GRID_12,7683.52
GRID_CBE_09340,FC_GRID_12,7901.2
GRID_CBE_09341,FC_GRID_12,8235.37
GRID_CBE_09342,FC_GRID_12,8672.58
GRID_CBE_09343,FC_GRID_12,9198.16
GRID_CBE_09344,FC_GRID_12,9797.88
GRID_CBE_09345,FC_GRID_12,10459.01
GRID_CBE_09346,FC_GRID_12,11170.64
GRID_CBE_09347,FC_GRID_12,11923.74
GRID_CBE_09348,FC_GRID_12,12710.94
GRID_CBE_09349,FC_GRID_12,13526.28
GRID_CBE_09350,FC_GRID_12,14364.98
GRID_CBE_09351,FC_GRID_12,15223.18
GRID_CBE_09352,FC_GRID_12,16097.75
GRID_CBE_09353,FC_GRID_12,16986.17
GRID_CBE_09354,FC_GRID_12,17886.37
GRID_CBE_09355,FC_GRID_12,18796.67
GRID_CBE_09356,FC_GRID_12,19715.65
GRID_CBE_09357,FC_GRID_12,20642.17
GRID_CBE_09358,FC_GRID_12,21575.26
GRID_CBE_09359,FC_GRID_12,22514.09
GRID_CBE_09360,FC_GRID_12,23457.97
GRID_CBE_09361,FC_GRID_10,14220.14
GRID_CBE_09362,FC_GRID_10,13453.07
GRID_CBE_09363,FC_GRID_10,12718.41
GRID_CBE_09364,FC_GRID_10,12022.1
GRID_CBE_09365,FC_GRID_10,11371.18
GRID_CBE_09366,FC_GRID_10,10773.89
GRID_CBE_09367,FC_GRID_10,10239.61
GRID_CBE_09368,FC_GRID_10,9778.67
GRID_CBE_09369,FC_GRID_10,9401.88
GRID_CBE_09370,FC_GRID_10,9119.66
GRID_CBE_09371,FC_GRID_10,8940.98
GRID_CBE_09372,FC_GRID_10,8872.09
GRID_CBE_09373,FC_GRID_10,8915.54
GRID_CBE_09374,FC_GRID_10,9069.71
GRID_CBE_09375,FC_GRID_10,9329.12
GRID_CBE_09376,FC_GRID_10,9685.32
GRID_CBE_09377,FC_GRID_10,10128.1
GRID_CBE_09378,FC_GRID_10,10646.65
GRID_CBE_09379,FC_GRID_10,11230.5
GRID_CBE_09380,FC_GRID_10,11870.0
GRID_CBE_09381,FC_GRID_10,12556.67
GRID_CBE_09382,FC_GRID_10,13283.17
GRID_CBE_09383,FC_GRID_11,14014.99
GRID_CBE_09384,FC_GRID_11,13247.83
GRID_CBE_09385,FC_GRID_11,12513.59
GRID_CBE_09386,FC_GRID_11,11818.42
GRID_CBE_09387,FC_GRID_11,11169.6
GRID_CBE_09388,FC_GRID_11,10575.68
GRID_CBE_09389,FC_GRID_11,10046.39
GRID_CBE_09390,FC_GRID_11,9592.44
GRID_CBE_09391,FC_GRID_11,9224.96
GRID_CBE_09392,FC_GRID_11,8954.6
GRID_CBE_09393,FC_GRID_11,8790.33
GRID_CBE_09394,FC_GRID_11,8738.12
GRID_CBE_09395,FC_GRID_11,8799.99
GRID_CBE_09396,FC_GRID_11,8973.56
GRID_CBE_09397,FC_GRID_11,9252.55
GRID_CBE_09398,FC_GRID_11,9627.81
GRID_CBE_09399,FC_GRID_11,10088.59
GRID_CBE_09400,FC_GRID_11,10623.78
GRID_CBE_09401,FC_GRID_11,11222.73
GRID_CBE_09402,FC_GRID_11,11875.8
GRID_CBE_09403,FC_GRID_11,12574.56
GRID_CBE_09404,FC_GRID_11,13311.82
GRID_CBE_09405,FC_GRID_12,13802.45
GRID_CBE_09406,FC_GRID_12,13034.57
GRID_CBE_09407,FC_GRID_12,12300.1
GRID_CBE_09408,FC_GRID_12,11605.38
GRID_CBE_09409,FC_GRID_12,10957.97
GRID_CBE_09410,FC_GRID_12,10366.75
GRID_CBE_09411,FC_GRID_12,9841.85
GRID_CBE_09412,FC_GRID_12,9394.38
GRID_CBE_09413,FC_GRID_12,9035.86
GRID_CBE_09414,FC_GRID_12,8777.19
GRID_CBE_09415,FC_GRID_12,8627.37
GRID_CBE_09416,FC_GRID_12,8592.08
GRID_CBE_09417,FC_GRID_12,8672.73
GRID_CBE_09418,FC_GRID_12,8866.15
GRID_CBE_09419,FC_GRID_12,9165.2
GRID_CBE_09420,FC_GRID_12,9559.99
GRID_CBE_09421,FC_GRID_12,10039.21
GRID_CBE_09422,FC_GRID_12,10591.42
GRID_CBE_09423,FC_GRID_12,11205.82
GRID_CBE_09424,FC_GRID_12,11872.78
GRID_CBE_09425,FC_GRID_12,12583.93
GRID_CBE_09426,FC_GRID_12,13332.2
GRID_CBE_09427,FC_GRID_12,14111.7
GRID_CBE_09428,FC_GRID_12,14917.52
GRID_CBE_09429,FC_GRID_12,15745.63
GRID_CBE_09430,FC_GRID_12,16592.68
GRID_CBE_09431,FC_GRID_12,17455.93
GRID_CBE_09432,FC_GRID_12,18333.08
GRID_CBE_09433,FC_GRID_12,19222.23
GRID_CBE_09434,FC_GRID_12,20121.8
GRID_CBE_09435,FC_GRID_12,21030.43
GRID_CBE_09436,FC_GRID_12,21947.01
GRID_CBE_09437,FC_GRID_12,22870.59
GRID_CBE_09438,FC_GRID_12,23800.34
GRID_CBE_09439,FC_GRID_10,14864.55
GRID_CBE_09440,FC_GRID_10,14132.51
GRID_CBE_09441,FC_GRID_10,13435.06
GRID_CBE_09442,FC_GRID_10,12777.86
GRID_CBE_09443,FC_GRID_10,12167.44
GRID_CBE_09444,FC_GRID_10,11611.17
GRID_CBE_09445,FC_GRID_10,11117.2
GRID_CBE_09446,FC_GRID_10,10694.16
GRID_CBE_09447,FC_GRID_10,10350.75
GRID_CBE_09448,FC_GRID_10,10095.09
GRID_CBE_09449,FC_GRID_10,9933.97
GRID_CBE_09450,FC_GRID_10,9872.01
GRID_CBE_09451,FC_GRID_10,9911.08
GRID_CBE_09452,FC_GRID_10,10050.0
GRID_CBE_09453,FC_GRID_10,10284.71
GRID_CBE_09454,FC_GRID_10,10608.87
GRID_CBE_09455,FC_GRID_10,11014.58
GRID_CBE_09456,FC_GRID_10,11493.21
GRID_CBE_09457,FC_GRID_10,12036.06
GRID_CBE_09458,FC_GRID_10,12634.86
GRID_CBE_09459,FC_GRID_10,13282.04
GRID_CBE_09460,FC_GRID_10,13970.88
GRID_CBE_09461,FC_GRID_11,14659.33
GRID_CBE_09462,FC_GRID_11,13927.71
GRID_CBE_09463,FC_GRID_11,13231.25
GRID_CBE_09464,FC_GRID_11,12575.81
GRID_CBE_09465,FC_GRID_11,11968.12
GRID_CBE_09466,FC_GRID_11,11415.82
GRID_CBE_09467,FC_GRID_11,10927.3
GRID_CBE_09468,FC_GRID_11,10511.47
GRID_CBE_09469,FC_GRID_11,10177.22
GRID_CBE_09470,FC_GRID_11,9932.82
GRID_CBE_09471,FC_GRID_11,9784.98
GRID_CBE_09472,FC_GRID_11,9738.11
GRID_CBE_09473,FC_GRID_11,9793.66
GRID_CBE_09474,FC_GRID_11,9949.91
GRID_CBE_09475,FC_GRID_11,10202.24
GRID_CBE_09476,FC_GRID_11,10543.75
GRID_CBE_09477,FC_GRID_11,10966.12
GRID_CBE_09478,FC_GRID_11,11460.4
GRID_CBE_09479,FC_GRID_11,12017.72
GRID_CBE_09480,FC_GRID_11,12629.75
GRID_CBE_09481,FC_GRID_11,13288.93
GRID_CBE_09482,FC_GRID_11,13988.59
GRID_CBE_09483,FC_GRID_12,14446.01
GRID_CBE_09484,FC_GRID_12,13714.22
GRID_CBE_09485,FC_GRID_12,13018.15
GRID_CBE_09486,FC_GRID_12,12363.84
GRID_CBE_09487,FC_GRID_12,11758.27
GRID_CBE_09488,FC_GRID_12,11209.34
GRID_CBE_09489,FC_GRID_12,10725.75
GRID_CBE_09490,FC_GRID_12,10316.69
GRID_CBE_09491,FC_GRID_12,9991.32
GRID_CBE_09492,FC_GRID_12,9758.01
GRID_CBE_09493,FC_GRID_12,9623.47
GRID_CBE_09494,FC_GRID_12,9591.85
GRID_CBE_09495,FC_GRID_12,9664.16
GRID_CBE_09496,FC_GRID_12,9838.1
GRID_CBE_09497,FC_GRID_12,10108.45
GRID_CBE_09498,FC_GRID_12,10467.71
GRID_CBE_09499,FC_GRID_12,10907.13
GRID_CBE_09500,FC_GRID_12,11417.43
GRID_CBE_09501,FC_GRID_12,11989.59
GRID_CBE_09502,FC_GRID_12,12615.17
GRID_CBE_09503,FC_GRID_12,13286.65
GRID_CBE_09504,FC_GRID_12,13997.4
GRID_CBE_09505,FC_GRID_12,14741.77
GRID_CBE_09506,FC_GRID_12,15514.9
GRID_CBE_09507,FC_GRID_12,16312.71
GRID_CBE_09508,FC_GRID_12,17131.75
GRID_CBE_09509,FC_GRID_12,17969.12
GRID_CBE_09510,FC_GRID_12,18822.37
GRID_CBE_09511,FC_GRID_12,19689.44
GRID_CBE_09512,FC_GRID_12,20568.58
GRID_CBE_09513,FC_GRID_12,21458.3
GRID_CBE_09514,FC_GRID_12,22357.35
GRID_CBE_09515,FC_GRID_12,23264.64
GRID_CBE_09516,FC_GRID_12,24179.24
GRID_CBE_09517,FC_GRID_10,15546.63
GRID_CBE_09518,FC_GRID_10,14848.25
GRID_CBE_09519,FC_GRID_10,14186.03
GRID_CBE_09520,FC_GRID_10,13565.26
GRID_CBE_09521,FC_GRID_10,12991.89
GRID_CBE_09522,FC_GRID_10,12472.45
GRID_CBE_09523,FC_GRID_10,12013.95
GRID_CBE_09524,FC_GRID_10,11623.59
GRID_CBE_09525,FC_GRID_10,11308.44
GRID_CBE_09526,FC_GRID_10,11074.91
GRID_CBE_09527,FC_GRID_10,10928.24
GRID_CBE_09528,FC_GRID_10,10871.95
GRID_CBE_09529,FC_GRID_10,10907.44
GRID_CBE_09530,FC_GRID_10,11033.82
GRID_CBE_09531,FC_GRID_10,11248.02
GRID_CBE_09532,FC_GRID_10,11545.17
GRID_CBE_09533,FC_GRID_10,11919.05
GRID_CBE_09534,FC_GRID_10,12362.71
GRID_CBE_09535,FC_GRID_10,12868.94
GRID_CBE_09536,FC_GRID_10,13430.65
GRID_CBE_09537,FC_GRID_10,14041.2
GRID_CBE_09538,FC_GRID_10,14694.49
GRID_CBE_09539,FC_GRID_11,15341.84
GRID_CBE_09540,FC_GRID_11,14644.35
GRID_CBE_09541,FC_GRID_11,13983.64
GRID_CBE_09542,FC_GRID_11,13365.14
GRID_CBE_09543,FC_GRID_11,12795.0
GRID_CBE_09544,FC_GRID_11,12279.94
GRID_CBE_09545,FC_GRID_11,11827.17
GRID_CBE_09546,FC_GRID_11,11444.08
GRID_CBE_09547,FC_GRID_11,11137.86
GRID_CBE_09548,FC_GRID_11,10914.99
GRID_CBE_09549,FC_GRID_11,10780.63
GRID_CBE_09550,FC_GRID_11,10738.1
GRID_CBE_09551,FC_GRID_11,10788.51
GRID_CBE_09552,FC_GRID_11,10930.55
GRID_CBE_09553,FC_GRID_11,11160.73
GRID_CBE_09554,FC_GRID_11,11473.74
GRID_CBE_09555,FC_GRID_11,11863.04
GRID_CBE_09556,FC_GRID_11,12321.39
GRID_CBE_09557,FC_GRID_11,12841.41
GRID_CBE_09558,FC_GRID_11,13415.91
GRID_CBE_09559,FC_GRID_11,14038.22
GRID_CBE_09560,FC_GRID_11,14702.27
GRID_CBE_09561,FC_GRID_12,15128.35
GRID_CBE_09562,FC_GRID_12,14431.2
GRID_CBE_09563,FC_GRID_12,13771.41
GRID_CBE_09564,FC_GRID_12,13154.63
GRID_CBE_09565,FC_GRID_12,12587.16
GRID_CBE_09566,FC_GRID_12,12075.96
GRID_CBE_09567,FC_GRID_12,11628.47
GRID_CBE_09568,FC_GRID_12,11252.27
GRID_CBE_09569,FC_GRID_12,10954.73
GRID_CBE_09570,FC_GRID_12,10742.37
GRID_CBE_09571,FC_GRID_12,10620.3
GRID_CBE_09572,FC_GRID_12,10591.66
GRID_CBE_09573,FC_GRID_12,10657.18
GRID_CBE_09574,FC_GRID_12,10815.17
GRID_CBE_09575,FC_GRID_12,11061.66
GRID_CBE_09576,FC_GRID_12,11390.91
GRID_CBE_09577,FC_GRID_12,11795.98
GRID_CBE_09578,FC_GRID_12,12269.37
GRID_CBE_09579,FC_GRID_12,12803.51
GRID_CBE_09580,FC_GRID_12,13391.13
GRID_CBE_09581,FC_GRID_12,14025.5
GRID_CBE_09582,FC_GRID_12,14700.58
GRID_CBE_09583,FC_GRID_12,15411.01
GRID_CBE_09584,FC_GRID_12,16152.14
GRID_CBE_09585,FC_GRID_12,16919.93
GRID_CBE_09586,FC_GRID_12,17710.92
GRID_CBE_09587,FC_GRID_12,18522.12
GRID_CBE_09588,FC_GRID_12,19351.0
GRID_CBE_09589,FC_GRID_12,20195.39
GRID_CBE_09590,FC_GRID_12,21053.41
GRID_CBE_09591,FC_GRID_12,21923.47
GRID_CBE_09592,FC_GRID_12,22804.18
GRID_CBE_09593,FC_GRID_12,23694.37
GRID_CBE_09594,FC_GRID_12,24593.0
GRID_CBE_09595,FC_GRID_10,16261.62
GRID_CBE_09596,FC_GRID_10,15595.3
GRID_CBE_09597,FC_GRID_10,14966.17
GRID_CBE_09598,FC_GRID_10,14379.12
GRID_CBE_09599,FC_GRID_10,13839.51
GRID_CBE_09600,FC_GRID_10,13353.08
GRID_CBE_09601,FC_GRID_10,12925.85
GRID_CBE_09602,FC_GRID_10,12563.86
GRID_CBE_09603,FC_GRID_10,12272.87
GRID_CBE_09604,FC_GRID_10,12058.04
GRID_CBE_09605,FC_GRID_10,11923.47
GRID_CBE_09606,FC_GRID_10,11871.9
GRID_CBE_09607,FC_GRID_10,11904.41
GRID_CBE_09608,FC_GRID_10,12020.31
GRID_CBE_09609,FC_GRID_10,12217.23
GRID_CBE_09610,FC_GRID_10,12491.34
GRID_CBE_09611,FC_GRID_10,12837.7
GRID_CBE_09612,FC_GRID_10,13250.64
GRID_CBE_09613,FC_GRID_10,13724.15
GRID_CBE_09614,FC_GRID_10,14252.2
GRID_CBE_09615,FC_GRID_10,14828.96
GRID_CBE_09616,FC_GRID_10,15448.98
GRID_CBE_09617,FC_GRID_11,16057.65
GRID_CBE_09618,FC_GRID_11,15392.63
GRID_CBE_09619,FC_GRID_11,14765.44
GRID_CBE_09620,FC_GRID_11,14181.08
GRID_CBE_09621,FC_GRID_11,13645.07
GRID_CBE_09622,FC_GRID_11,13163.32
GRID_CBE_09623,FC_GRID_11,12741.98
GRID_CBE_09624,FC_GRID_11,12387.21
GRID_CBE_09625,FC_GRID_11,12104.87
GRID_CBE_09626,FC_GRID_11,11900.12
GRID_CBE_09627,FC_GRID_11,11777.01
GRID_CBE_09628,FC_GRID_11,11738.1
GRID_CBE_09629,FC_GRID_11,11784.22
GRID_CBE_09630,FC_GRID_11,11914.4
GRID_CBE_09631,FC_GRID_11,12125.92
GRID_CBE_09632,FC_GRID_11,12414.62
GRID_CBE_09633,FC_GRID_11,12775.28
GRID_CBE_09634,FC_GRID_11,13202.0
GRID_CBE_09635,FC_GRID_11,13688.6
GRID_CBE_09636,FC_GRID_11,14228.94
GRID_CBE_09637,FC_GRID_11,14817.14
GRID_CBE_09638,FC_GRID_11,15447.74
GRID_CBE_09639,FC_GRID_12,15844.45
GRID_CBE_09640,FC_GRID_12,15180.22
GRID_CBE_09641,FC_GRID_12,14554.43
GRID_CBE_09642,FC_GRID_12,13972.25
GRID_CBE_09643,FC_GRID_12,13439.35
GRID_CBE_09644,FC_GRID_12,12961.81
GRID_CBE_09645,FC_GRID_12,12545.95
GRID_CBE_09646,FC_GRID_12,12198.09
GRID_CBE_09647,FC_GRID_12,11924.17
GRID_CBE_09648,FC_GRID_12,11729.37
GRID_CBE_09649,FC_GRID_12,11617.68
GRID_CBE_09650,FC_GRID_12,11591.5
GRID_CBE_09651,FC_GRID_12,11651.41
GRID_CBE_09652,FC_GRID_12,11796.09
GRID_CBE_09653,FC_GRID_12,12022.48
GRID_CBE_09654,FC_GRID_12,12326.09
GRID_CBE_09655,FC_GRID_12,12701.37
GRID_CBE_09656,FC_GRID_12,13142.19
GRID_CBE_09657,FC_GRID_12,13642.2
GRID_CBE_09658,FC_GRID_12,14195.14
GRID_CBE_09659,FC_GRID_12,14795.08
GRID_CBE_09660,FC_GRID_12,15436.54
GRID_CBE_09661,FC_GRID_12,16114.56
GRID_CBE_09662,FC_GRID_12,16824.73
GRID_CBE_09663,FC_GRID_12,17563.14
GRID_CBE_09664,FC_GRID_12,18326.38
GRID_CBE_09665,FC_GRID_12,19111.48
GRID_CBE_09666,FC_GRID_12,19915.85
GRID_CBE_09667,FC_GRID_12,20737.25
GRID_CBE_09668,FC_GRID_12,21573.73
GRID_CBE_09669,FC_GRID_12,22423.61
GRID_CBE_09670,FC_GRID_12,23285.41
GRID_CBE_09671,FC_GRID_12,24157.87
GRID_CBE_09672,FC_GRID_12,25039.87
GRID_CBE_09673,FC_GRID_10,17005.39
GRID_CBE_09674,FC_GRID_10,16369.36
GRID_CBE_09675,FC_GRID_10,15771.14
GRID_CBE_09676,FC_GRID_10,15215.18
GRID_CBE_09677,FC_GRID_10,14706.28
GRID_CBE_09678,FC_GRID_10,14249.47
GRID_CBE_09679,FC_GRID_10,13849.92
GRID_CBE_09680,FC_GRID_10,13512.71
GRID_CBE_09681,FC_GRID_10,13242.59
GRID_CBE_09682,FC_GRID_10,13043.74
GRID_CBE_09683,FC_GRID_10,12919.44
GRID_CBE_09684,FC_GRID_10,12871.86
GRID_CBE_09685,FC_GRID_10,12901.85
GRID_CBE_09686,FC_GRID_10,13008.86
GRID_CBE_09687,FC_GRID_10,13191.04
GRID_CBE_09688,FC_GRID_10,13445.31
GRID_CBE_09689,FC_GRID_10,13767.69
GRID_CBE_09690,FC_GRID_10,14153.52
GRID_CBE_09691,FC_GRID_10,14597.77
GRID_CBE_09692,FC_GRID_10,15095.29
GRID_CBE_09693,FC_GRID_10,15640.99
GRID_CBE_09694,FC_GRID_10,16230.02
GRID_CBE_09695,FC_GRID_11,16802.51
GRID_CBE_09696,FC_GRID_11,16168.15
GRID_CBE_09697,FC_GRID_11,15572.22
GRID_CBE_09698,FC_GRID_11,15019.29
GRID_CBE_09699,FC_GRID_11,14514.27
GRID_CBE_09700,FC_GRID_11,14062.33
GRID_CBE_09701,FC_GRID_11,13668.73
GRID_CBE_09702,FC_GRID_11,13338.63
GRID_CBE_09703,FC_GRID_11,13076.85
GRID_CBE_09704,FC_GRID_11,12887.55
GRID_CBE_09705,FC_GRID_11,12773.96
GRID_CBE_09706,FC_GRID_11,12738.09
GRID_CBE_09707,FC_GRID_11,12780.61
GRID_CBE_09708,FC_GRID_11,12900.73
GRID_CBE_09709,FC_GRID_11,13096.33
GRID_CBE_09710,FC_GRID_11,13364.09
GRID_CBE_09711,FC_GRID_11,13699.78
GRID_CBE_09712,FC_GRID_11,14098.54
GRID_CBE_09713,FC_GRID_11,14555.2
GRID_CBE_09714,FC_GRID_11,15064.49
GRID_CBE_09715,FC_GRID_11,15621.26
GRID_CBE_09716,FC_GRID_11,16220.63
GRID_CBE_09717,FC_GRID_12,16589.95
GRID_CBE_09718,FC_GRID_12,15956.78
GRID_CBE_09719,FC_GRID_12,15362.65
GRID_CBE_09720,FC_GRID_12,14812.28
GRID_CBE_09721,FC_GRID_12,14310.69
GRID_CBE_09722,FC_GRID_12,13863.2
GRID_CBE_09723,FC_GRID_12,13475.19
GRID_CBE_09724,FC_GRID_12,13151.92
GRID_CBE_09725,FC_GRID_12,12898.27
GRID_CBE_09726,FC_GRID_12,12718.4
GRID_CBE_09727,FC_GRID_12,12615.47
GRID_CBE_09728,FC_GRID_12,12591.37
GRID_CBE_09729,FC_GRID_12,12646.54
GRID_CBE_09730,FC_GRID_12,12779.96
GRID_CBE_09731,FC_GRID_12,12989.21
GRID_CBE_09732,FC_GRID_12,13270.72
GRID_CBE_09733,FC_GRID_12,13620.0
GRID_CBE_09734,FC_GRID_12,14031.99
GRID_CBE_09735,FC_GRID_12,14501.35
GRID_CBE_09736,FC_GRID_12,15022.7
GRID_CBE_09737,FC_GRID_12,15590.83
GRID_CBE_09738,FC_GRID_12,16200.81
GRID_CBE_09739,FC_GRID_12,16848.11
GRID_CBE_09740,FC_GRID_12,17528.58
GRID_CBE_09741,FC_GRID_12,18238.52
GRID_CBE_09742,FC_GRID_12,18974.61
GRID_CBE_09743,FC_GRID_12,19733.94
GRID_CBE_09744,FC_GRID_12,20513.91
GRID_CBE_09745,FC_GRID_12,21312.27
GRID_CBE_09746,FC_GRID_12,22127.03
GRID_CBE_09747,FC_GRID_12,22956.43
GRID_CBE_09748,FC_GRID_12,23798.95
GRID_CBE_09749,FC_GRID_12,24653.25
GRID_CBE_09750,FC_GRID_12,25518.13
GRID_CBE_09751,FC_GRID_10,17774.3
GRID_CBE_09752,FC_GRID_10,17166.79
GRID_CBE_09753,FC_GRID_10,16597.34
GRID_CBE_09754,FC_GRID_10,16069.99
GRID_CBE_09755,FC_GRID_10,15589.01
GRID_CBE_09756,FC_GRID_10,15158.83
GRID_CBE_09757,FC_GRID_10,14783.88
GRID_CBE_09758,FC_GRID_10,14468.45
GRID_CBE_09759,FC_GRID_10,14216.5
GRID_CBE_09760,FC_GRID_10,14031.46
GRID_CBE_09761,FC_GRID_10,13915.99
GRID_CBE_09762,FC_GRID_10,13871.82
GRID_CBE_09763,FC_GRID_10,13899.65
GRID_CBE_09764,FC_GRID_10,13999.05
GRID_CBE_09765,FC_GRID_10,14168.49
GRID_CBE_09766,FC_GRID_10,14405.52
GRID_CBE_09767,FC_GRID_10,14706.87
GRID_CBE_09768,FC_GRID_10,15068.67
GRID_CBE_09769,FC_GRID_10,15486.69
GRID_CBE_09770,FC_GRID_10,15956.52
GRID_CBE_09771,FC_GRID_10,16473.72
GRID_CBE_09772,FC_GRID_10,17033.98
GRID_CBE_09773,FC_GRID_11,17572.71
GRID_CBE_09774,FC_GRID_11,16967.18
GRID_CBE_09775,FC_GRID_11,16400.31
GRID_CBE_09776,FC_GRID_11,15876.25
GRID_CBE_09777,FC_GRID_11,15399.36
GRID_CBE_09778,FC_GRID_11,14974.15
GRID_CBE_09779,FC_GRID_11,14605.14
GRID_CBE_09780,FC_GRID_11,14296.68
GRID_CBE_09781,FC_GRID_11,14052.76
GRID_CBE_09782,FC_GRID_11,13876.78
GRID_CBE_09783,FC_GRID_11,13771.35
GRID_CBE_09784,FC_GRID_11,13738.09
GRID_CBE_09785,FC_GRID_11,13777.52
GRID_CBE_09786,FC_GRID_11,13889.02
GRID_CBE_09787,FC_GRID_11,14070.89
GRID_CBE_09788,FC_GRID_11,14320.44
GRID_CBE_09789,FC_GRID_11,14634.2
GRID_CBE_09790,FC_GRID_11,15008.16
GRID_CBE_09791,FC_GRID_11,15437.94
GRID_CBE_09792,FC_GRID_11,15919.01
GRID_CBE_09793,FC_GRID_11,16446.88
GRID_CBE_09794,FC_GRID_11,17017.19
GRID_CBE_09795,FC_GRID_12,17361.05
GRID_CBE_09796,FC_GRID_12,16757.04
GRID_CBE_09797,FC_GRID_12,16192.31
GRID_CBE_09798,FC_GRID_12,15671.09
GRID_CBE_09799,FC_GRID_12,15197.88
GRID_CBE_09800,FC_GRID_12,14777.28
GRID_CBE_09801,FC_GRID_12,14413.89
GRID_CBE_09802,FC_GRID_12,14112.15
GRID_CBE_09803,FC_GRID_12,13876.06
GRID_CBE_09804,FC_GRID_12,13709.03
GRID_CBE_09805,FC_GRID_12,13613.59
GRID_CBE_09806,FC_GRID_12,13591.26
GRID_CBE_09807,FC_GRID_12,13642.38
GRID_CBE_09808,FC_GRID_12,13766.15
GRID_CBE_09809,FC_GRID_12,13960.64
GRID_CBE_09810,FC_GRID_12,14222.93
GRID_CBE_09811,FC_GRID_12,14549.37
GRID_CBE_09812,FC_GRID_12,14935.75
GRID_CBE_09813,FC_GRID_12,15377.55
GRID_CBE_09814,FC_GRID_12,15870.14
GRID_CBE_09815,FC_GRID_12,16408.95
GRID_CBE_09816,FC_GRID_12,16989.59
GRID_CBE_09817,FC_GRID_12,17607.91
GRID_CBE_09818,FC_GRID_12,18260.09
GRID_CBE_09819,FC_GRID_12,18942.63
GRID_CBE_09820,FC_GRID_12,19652.37
GRID_CBE_09821,FC_GRID_12,20386.46
GRID_CBE_09822,FC_GRID_12,21142.38
GRID_CBE_09823,FC_GRID_12,21917.86
GRID_CBE_09824,FC_GRID_12,22710.9
GRID_CBE_09825,FC_GRID_12,23519.72
GRID_CBE_09826,FC_GRID_12,24342.76
GRID_CBE_09827,FC_GRID_12,25178.61
GRID_CBE_09828,FC_GRID_12,26026.04
GRID_CBE_09829,FC_GRID_10,18565.25
GRID_CBE_09830,FC_GRID_10,17984.48
GRID_CBE_09831,FC_GRID_10,17441.74
GRID_CBE_09832,FC_GRID_10,16940.7
GRID_CBE_09833,FC_GRID_10,16485.15
GRID_CBE_09834,FC_GRID_10,16078.96
GRID_CBE_09835,FC_GRID_10,15725.96
GRID_CBE_09836,FC_GRID_10,15429.8
GRID_CBE_09837,FC_GRID_10,15193.8
GRID_CBE_09838,FC_GRID_10,15020.8
GRID_CBE_09839,FC_GRID_10,14912.99
GRID_CBE_09840,FC_GRID_10,14871.79
GRID_CBE_09841,FC_GRID_10,14897.76
GRID_CBE_09842,FC_GRID_10,14990.53
GRID_CBE_09843,FC_GRID_10,15148.89
GRID_CBE_09844,FC_GRID_10,15370.81
GRID_CBE_09845,FC_GRID_10,15653.58
GRID_CBE_09846,FC_GRID_10,15993.98
GRID_CBE_09847,FC_GRID_10,16388.42
GRID_CBE_09848,FC_GRID_10,16833.1
GRID_CBE_09849,FC_GRID_10,17324.15
GRID_CBE_09850,FC_GRID_10,17857.74
GRID_CBE_09851,FC_GRID_11,18365.08
GRID_CBE_09852,FC_GRID_11,17786.55
GRID_CBE_09853,FC_GRID_11,17246.63
GRID_CBE_09854,FC_GRID_11,16749.07
GRID_CBE_09855,FC_GRID_11,16297.74
GRID_CBE_09856,FC_GRID_11,15896.58
GRID_CBE_09857,FC_GRID_11,15549.47
GRID_CBE_09858,FC_GRID_11,15260.12
GRID_CBE_09859,FC_GRID_11,15031.84
GRID_CBE_09860,FC_GRID_11,14867.45
GRID_CBE_09861,FC_GRID_11,14769.09
GRID_CBE_09862,FC_GRID_11,14738.08
GRID_CBE_09863,FC_GRID_11,14774.84
GRID_CBE_09864,FC_GRID_11,14878.88
GRID_CBE_09865,FC_GRID_11,15048.79
GRID_CBE_09866,FC_GRID_11,15282.37
GRID_CBE_09867,FC_GRID_11,15576.78
GRID_CBE_09868,FC_GRID_11,15928.62
GRID_CBE_09869,FC_GRID_11,16334.19
GRID_CBE_09870,FC_GRID_11,16789.61
GRID_CBE_09871,FC_GRID_11,17290.92
GRID_CBE_09872,FC_GRID_11,17834.26
GRID_CBE_09873,FC_GRID_12,18154.5
GRID_CBE_09874,FC_GRID_12,17577.77
GRID_CBE_09875,FC_GRID_12,17040.26
GRID_CBE_09876,FC_GRID_12,16545.78
GRID_CBE_09877,FC_GRID_12,16098.3
GRID_CBE_09878,FC_GRID_12,15701.84
GRID_CBE_09879,FC_GRID_12,15360.34
GRID_CBE_09880,FC_GRID_12,15077.55
GRID_CBE_09881,FC_GRID_12,14856.81
GRID_CBE_09882,FC_GRID_12,14700.92
GRID_CBE_09883,FC_GRID_12,14611.97
GRID_CBE_09884,FC_GRID_12,14591.16
GRID_CBE_09885,FC_GRID_12,14638.79
GRID_CBE_09886,FC_GRID_12,14754.21
GRID_CBE_09887,FC_GRID_12,14935.83
GRID_CBE_09888,FC_GRID_12,15181.29
GRID_CBE_09889,FC_GRID_12,15487.54
GRID_CBE_09890,FC_GRID_12,15851.06
GRID_CBE_09891,FC_GRID_12,16268.02
GRID_CBE_09892,FC_GRID_12,16734.42
GRID_CBE_09893,FC_GRID_12,17246.26
GRID_CBE_09894,FC_GRID_12,17799.6
GRID_CBE_09895,FC_GRID_12,18390.71
GRID_CBE_09896,FC_GRID_12,19016.06
GRID_CBE_09897,FC_GRID_12,19672.39
GRID_CBE_09898,FC_GRID_12,20356.7
GRID_CBE_09899,FC_GRID_12,21066.27
GRID_CBE_09900,FC_GRID_12,21798.62
GRID_CBE_09901,FC_GRID_12,22551.55
GRID_CBE_09902,FC_GRID_12,23323.05
GRID_CBE_09903,FC_GRID_12,24111.35
GRID_CBE_09904,FC_GRID_12,24914.85
GRID_CBE_09905,FC_GRID_12,25732.12
GRID_CBE_09906,FC_GRID_12,26561.9
GRID_CBE_09907,FC_GRID_10,19375.53
GRID_CBE_09908,FC_GRID_10,18819.78
GRID_CBE_09909,FC_GRID_10,18301.83
GRID_CBE_09910,FC_GRID_10,17824.98
GRID_CBE_09911,FC_GRID_10,17392.61
GRID_CBE_09912,FC_GRID_10,17008.11
GRID_CBE_09913,FC_GRID_10,16674.79
GRID_CBE_09914,FC_GRID_10,16395.78
GRID_CBE_09915,FC_GRID_10,16173.88
GRID_CBE_09916,FC_GRID_10,16011.47
GRID_CBE_09917,FC_GRID_10,15910.38
GRID_CBE_09918,FC_GRID_10,15871.77
GRID_CBE_09919,FC_GRID_10,15896.1
GRID_CBE_09920,FC_GRID_10,15983.08
GRID_CBE_09921,FC_GRID_10,16131.7
GRID_CBE_09922,FC_GRID_10,16340.27
GRID_CBE_09923,FC_GRID_10,16606.55
GRID_CBE_09924,FC_GRID_10,16927.8
GRID_CBE_09925,FC_GRID_10,17300.96
GRID_CBE_09926,FC_GRID_10,17722.75
GRID_CBE_09927,FC_GRID_10,18189.8
GRID_CBE_09928,FC_GRID_10,18698.71
GRID_CBE_09929,FC_GRID_11,19176.87
GRID_CBE_09930,FC_GRID_11,18623.57
GRID_CBE_09931,FC_GRID_11,18108.62
GRID_CBE_09932,FC_GRID_11,17635.4
GRID_CBE_09933,FC_GRID_11,17207.33
GRID_CBE_09934,FC_GRID_11,16827.87
GRID_CBE_09935,FC_GRID_11,16500.37
GRID_CBE_09936,FC_GRID_11,16227.97
GRID_CBE_09937,FC_GRID_11,16013.5
GRID_CBE_09938,FC_GRID_11,15859.29
GRID_CBE_09939,FC_GRID_11,15767.12
GRID_CBE_09940,FC_GRID_11,15738.08
GRID_CBE_09941,FC_GRID_11,15772.51
GRID_CBE_09942,FC_GRID_11,15870.0
GRID_CBE_09943,FC_GRID_11,16029.41
GRID_CBE_09944,FC_GRID_11,16248.91
GRID_CBE_09945,FC_GRID_11,16526.1
GRID_CBE_09946,FC_GRID_11,16858.14
GRID_CBE_09947,FC_GRID_11,17241.87
GRID_CBE_09948,FC_GRID_11,17673.91
GRID_CBE_09949,FC_GRID_11,18150.81
GRID_CBE_09950,FC_GRID_11,18669.14
GRID_CBE_09951,FC_GRID_12,18967.48
GRID_CBE_09952,FC_GRID_12,18416.24
GRID_CBE_09953,FC_GRID_12,17903.92
GRID_CBE_09954,FC_GRID_12,17433.95
GRID_CBE_09955,FC_GRID_12,17009.85
GRID_CBE_09956,FC_GRID_12,16635.12
GRID_CBE_09957,FC_GRID_12,16313.18
GRID_CBE_09958,FC_GRID_12,16047.18
GRID_CBE_09959,FC_GRID_12,15839.96
GRID_CBE_09960,FC_GRID_12,15693.85
GRID_CBE_09961,FC_GRID_12,15610.55
GRID_CBE_09962,FC_GRID_12,15591.07
GRID_CBE_09963,FC_GRID_12,15635.66
GRID_CBE_09964,FC_GRID_12,15743.77
GRID_CBE_09965,FC_GRID_12,15914.11
GRID_CBE_09966,FC_GRID_12,16144.69
GRID_CBE_09967,FC_GRID_12,16433.0
GRID_CBE_09968,FC_GRID_12,16776.05
GRID_CBE_09969,FC_GRID_12,17170.56
GRID_CBE_09970,FC_GRID_12,17613.08
GRID_CBE_09971,FC_GRID_12,18100.08
GRID_CBE_09972,FC_GRID_12,18628.08
GRID_CBE_09973,FC_GRID_12,19193.69
GRID_CBE_09974,FC_GRID_12,19793.69
GRID_CBE_09975,FC_GRID_12,20425.05
GRID_CBE_09976,FC_GRID_12,21084.95
GRID_CBE_09977,FC_GRID_12,21770.79
GRID_CBE_09978,FC_GRID_12,22480.21
GRID_CBE_09979,FC_GRID_12,23211.03
GRID_CBE_09980,FC_GRID_12,23961.31
GRID_CBE_09981,FC_GRID_12,24729.27
GRID_CBE_09982,FC_GRID_12,25513.31
GRID_CBE_09983,FC_GRID_12,26312.0
GRID_CBE_09984,FC_GRID_12,27124.05
GRID_CBE_09985,FC_GRID_10,20202.82
GRID_CBE_09986,FC_GRID_10,19670.46
GRID_CBE_09987,FC_GRID_10,19175.5
GRID_CBE_09988,FC_GRID_10,18720.91
GRID_CBE_09989,FC_GRID_10,18309.71
GRID_CBE_09990,FC_GRID_10,17944.87
GRID_CBE_09991,FC_GRID_10,17629.27
GRID_CBE_09992,FC_GRID_10,17365.6
GRID_CBE_09993,FC_GRID_10,17156.25
GRID_CBE_09994,FC_GRID_10,17003.23
GRID_CBE_09995,FC_GRID_10,16908.07
GRID_CBE_09996,FC_GRID_10,16871.74
GRID_CBE_09997,FC_GRID_10,16894.63
GRID_CBE_09998,FC_GRID_10,16976.5
GRID_CBE_09999,FC_GRID_10,17116.49
GRID_CBE_10000,FC_GRID_10,17313.21
GRID_CBE_10001,FC_GRID_10,17564.74
GRID_CBE_10002,FC_GRID_10,17868.77
GRID_CBE_10003,FC_GRID_10,18222.67
GRID_CBE_10004,FC_GRID_10,18623.61
GRID_CBE_10005,FC_GRID_10,19068.6
GRID_CBE_10006,FC_GRID_10,19554.65
GRID_CBE_10007,FC_GRID_11,20005.71
GRID_CBE_10008,FC_GRID_11,19475.97
GRID_CBE_10009,FC_GRID_11,18984.16
GRID_CBE_10010,FC_GRID_11,18533.3
GRID_CBE_10011,FC_GRID_11,18126.45
GRID_CBE_10012,FC_GRID_11,17766.63
GRID_CBE_10013,FC_GRID_11,17456.75
GRID_CBE_10014,FC_GRID_11,17199.51
GRID_CBE_10015,FC_GRID_11,16997.3
GRID_CBE_10016,FC_GRID_11,16852.1
GRID_CBE_10017,FC_GRID_11,16765.39
GRID_CBE_10018,FC_GRID_11,16738.07
GRID_CBE_10019,FC_GRID_11,16770.45
GRID_CBE_10020,FC_GRID_11,16862.18
GRID_CBE_10021,FC_GRID_11,17012.29
GRID_CBE_10022,FC_GRID_11,17219.26
GRID_CBE_10023,FC_GRID_11,17481.08
GRID_CBE_10024,FC_GRID_11,17795.31
GRID_CBE_10025,FC_GRID_11,18159.24
GRID_CBE_10026,FC_GRID_11,18569.95
GRID_CBE_10027,FC_GRID_11,19024.4
GRID_CBE_10028,FC_GRID_11,19519.55
GRID_CBE_10029,FC_GRID_12,19797.6
GRID_CBE_10030,FC_GRID_12,19270.12
GRID_CBE_10031,FC_GRID_12,18781.1
GRID_CBE_10032,FC_GRID_12,18333.64
GRID_CBE_10033,FC_GRID_12,17930.83
GRID_CBE_10034,FC_GRID_12,17575.75
GRID_CBE_10035,FC_GRID_12,17271.35
GRID_CBE_10036,FC_GRID_12,17020.33
GRID_CBE_10037,FC_GRID_12,16825.1
GRID_CBE_10038,FC_GRID_12,16687.62
GRID_CBE_10039,FC_GRID_12,16609.3
GRID_CBE_10040,FC_GRID_12,16591.0
GRID_CBE_10041,FC_GRID_12,16632.91
GRID_CBE_10042,FC_GRID_12,16734.58
GRID_CBE_10043,FC_GRID_12,16894.92
GRID_CBE_10044,FC_GRID_12,17112.3
GRID_CBE_10045,FC_GRID_12,17384.57
GRID_CBE_10046,FC_GRID_12,17709.19
GRID_CBE_10047,FC_GRID_12,18083.36
GRID_CBE_10048,FC_GRID_12,18504.06
GRID_CBE_10049,FC_GRID_12,18968.2
GRID_CBE_10050,FC_GRID_12,19472.68
GRID_CBE_10051,FC_GRID_12,20014.43
GRID_CBE_10052,FC_GRID_12,20590.53
GRID_CBE_10053,FC_GRID_12,21198.17
GRID_CBE_10054,FC_GRID_12,21834.71
GRID_CBE_10055,FC_GRID_12,22497.71
GRID_CBE_10056,FC_GRID_12,23184.9
GRID_CBE_10057,FC_GRID_12,23894.18
GRID_CBE_10058,FC_GRID_12,24623.65
GRID_CBE_10059,FC_GRID_12,25371.57
GRID_CBE_10060,FC_GRID_12,26136.35
GRID_CBE_10061,FC_GRID_12,26916.56
GRID_CBE_10062,FC_GRID_12,27710.89
GRID_CBE_10063,FC_GRID_10,21045.11
GRID_CBE_10064,FC_GRID_10,20534.6
GRID_CBE_10065,FC_GRID_10,20060.97
GRID_CBE_10066,FC_GRID_10,19626.9
GRID_CBE_10067,FC_GRID_10,19235.08
GRID_CBE_10068,FC_GRID_10,18888.12
GRID_CBE_10069,FC_GRID_10,18588.54
GRID_CBE_10070,FC_GRID_10,18338.67
GRID_CBE_10071,FC_GRID_10,18140.56
GRID_CBE_10072,FC_GRID_10,17995.91
GRID_CBE_10073,FC_GRID_10,17906.02
GRID_CBE_10074,FC_GRID_10,17871.72
GRID_CBE_10075,FC_GRID_10,17893.33
GRID_CBE_10076,FC_GRID_10,17970.65
GRID_CBE_10077,FC_GRID_10,18102.96
GRID_CBE_10078,FC_GRID_10,18289.07
GRID_CBE_10079,FC_GRID_10,18527.35
GRID_CBE_10080,FC_GRID_10,18815.84
GRID_CBE_10081,FC_GRID_10,19152.25
GRID_CBE_10082,FC_GRID_10,19534.11
GRID_CBE_10083,FC_GRID_10,19958.82
GRID_CBE_10084,FC_GRID_10,20423.69
GRID_CBE_10085,FC_GRID_11,20849.57
GRID_CBE_10086,FC_GRID_11,20341.81
GRID_CBE_10087,FC_GRID_11,19871.45
GRID_CBE_10088,FC_GRID_11,19441.18
GRID_CBE_10089,FC_GRID_11,19053.72
GRID_CBE_10090,FC_GRID_11,18711.74
GRID_CBE_10091,FC_GRID_11,18417.77
GRID_CBE_10092,FC_GRID_11,18174.14
GRID_CBE_10093,FC_GRID_11,17982.89
GRID_CBE_10094,FC_GRID_11,17845.71
GRID_CBE_10095,FC_GRID_11,17763.84
GRID_CBE_10096,FC_GRID_11,17738.07
GRID_CBE_10097,FC_GRID_11,17768.63
GRID_CBE_10098,FC_GRID_11,17855.23
GRID_CBE_10099,FC_GRID_11,17997.06
GRID_CBE_10100,FC_GRID_11,18192.83
GRID_CBE_10101,FC_GRID_11,18440.83
GRID_CBE_10102,FC_GRID_11,18738.97
GRID_CBE_10103,FC_GRID_11,19084.92
GRID_CBE_10104,FC_GRID_11,19476.11
GRID_CBE_10105,FC_GRID_11,19909.9
GRID_CBE_10106,FC_GRID_11,20383.55
GRID_CBE_10107,FC_GRID_12,20642.79
GRID_CBE_10108,FC_GRID_12,20137.46
GRID_CBE_10109,FC_GRID_12,19670.02
GRID_CBE_10110,FC_GRID_12,19243.23
GRID_CBE_10111,FC_GRID_12,18859.86
GRID_CBE_10112,FC_GRID_12,18522.6
GRID_CBE_10113,FC_GRID_12,18234.01
GRID_CBE_10114,FC_GRID_12,17996.43
GRID_CBE_10115,FC_GRID_12,17811.9
GRID_CBE_10116,FC_GRID_12,17682.09
GRID_CBE_10117,FC_GRID_12,17608.2
GRID_CBE_10118,FC_GRID_12,17590.93
GRID_CBE_10119,FC_GRID_12,17630.47
GRID_CBE_10120,FC_GRID_12,17726.41
GRID_CBE_10121,FC_GRID_12,17877.87
GRID_CBE_10122,FC_GRID_12,18083.43
GRID_CBE_10123,FC_GRID_12,18341.29
GRID_CBE_10124,FC_GRID_12,18649.27
GRID_CBE_10125,FC_GRID_12,19004.94
GRID_CBE_10126,FC_GRID_12,19405.67
GRID_CBE_10127,FC_GRID_12,19848.74
GRID_CBE_10128,FC_GRID_12,20331.37
GRID_CBE_10129,FC_GRID_12,20850.83
GRID_CBE_10130,FC_GRID_12,21404.43
GRID_CBE_10131,FC_GRID_12,21989.59
GRID_CBE_10132,FC_GRID_12,22603.86
GRID_CBE_10133,FC_GRID_12,23244.93
GRID_CBE_10134,FC_GRID_12,23910.65
GRID_CBE_10135,FC_GRID_12,24599.01
GRID_CBE_10136,FC_GRID_12,25308.18
GRID_CBE_10137,FC_GRID_12,26036.44
GRID_CBE_10138,FC_GRID_12,26782.24
GRID_CBE_10139,FC_GRID_12,27544.16
GRID_CBE_10140,FC_GRID_12,28320.9
GRID_CBE_10141,FC_GRID_10,21900.67
GRID_CBE_10142,FC_GRID_10,21410.57
GRID_CBE_10143,FC_GRID_10,20956.75
GRID_CBE_10144,FC_GRID_10,20541.62
GRID_CBE_10145,FC_GRID_10,20167.57
GRID_CBE_10146,FC_GRID_10,19836.93
GRID_CBE_10147,FC_GRID_10,19551.9
GRID_CBE_10148,FC_GRID_10,19314.49
GRID_CBE_10149,FC_GRID_10,19126.49
GRID_CBE_10150,FC_GRID_10,18989.35
GRID_CBE_10151,FC_GRID_10,18904.19
GRID_CBE_10152,FC_GRID_10,18871.7
GRID_CBE_10153,FC_GRID_10,18892.17
GRID_CBE_10154,FC_GRID_10,18965.41
GRID_CBE_10155,FC_GRID_10,19090.83
GRID_CBE_10156,FC_GRID_10,19267.4
GRID_CBE_10157,FC_GRID_10,19493.73
GRID_CBE_10158,FC_GRID_10,19768.12
GRID_CBE_10159,FC_GRID_10,20088.59
GRID_CBE_10160,FC_GRID_10,20452.97
GRID_CBE_10161,FC_GRID_10,20858.98
GRID_CBE_10162,FC_GRID_10,21304.22
GRID_CBE_10163,FC_GRID_11,21706.69
GRID_CBE_10164,FC_GRID_11,21219.46
GRID_CBE_10165,FC_GRID_11,20768.98
GRID_CBE_10166,FC_GRID_11,20357.69
GRID_CBE_10167,FC_GRID_11,19988.0
GRID_CBE_10168,FC_GRID_11,19662.28
GRID_CBE_10169,FC_GRID_11,19382.73
GRID_CBE_10170,FC_GRID_11,19151.38
GRID_CBE_10171,FC_GRID_11,18969.98
GRID_CBE_10172,FC_GRID_11,18839.99
GRID_CBE_10173,FC_GRID_11,18762.47
GRID_CBE_10174,FC_GRID_11,18738.07
GRID_CBE_10175,FC_GRID_11,18767.0
GRID_CBE_10176,FC_GRID_11,18849.01
GRID_CBE_10177,FC_GRID_11,18983.42
GRID_CBE_10178,FC_GRID_11,19169.12
GRID_CBE_10179,FC_GRID_11,19404.64
GRID_CBE_10180,FC_GRID_11,19688.2
GRID_CBE_10181,FC_GRID_11,20017.74
GRID_CBE_10182,FC_GRID_11,20391.05
GRID_CBE_10183,FC_GRID_11,20805.77
GRID_CBE_10184,FC_GRID_11,21259.47
GRID_CBE_10185,FC_GRID_12,21501.27
GRID_CBE_10186,FC_GRID_12,21016.58
GRID_CBE_10187,FC_GRID_12,20569.13
GRID_CBE_10188,FC_GRID_12,20161.39
GRID_CBE_10189,FC_GRID_12,19795.81
GRID_CBE_10190,FC_GRID_12,19474.76
GRID_CBE_10191,FC_GRID_12,19200.49
GRID_CBE_10192,FC_GRID_12,18975.01
GRID_CBE_10193,FC_GRID_12,18800.09
GRID_CBE_10194,FC_GRID_12,18677.15
GRID_CBE_10195,FC_GRID_12,18607.21
GRID_CBE_10196,FC_GRID_12,18590.88
GRID_CBE_10197,FC_GRID_12,18628.29
GRID_CBE_10198,FC_GRID_12,18719.12
GRID_CBE_10199,FC_GRID_12,18862.6
GRID_CBE_10200,FC_GRID_12,19057.55
GRID_CBE_10201,FC_GRID_12,19302.4
GRID_CBE_10202,FC_GRID_12,19595.28
GRID_CBE_10203,FC_GRID_12,19934.07
GRID_CBE_10204,FC_GRID_12,20316.49
GRID_CBE_10205,FC_GRID_12,20740.11
GRID_CBE_10206,FC_GRID_12,21202.46
GRID_CBE_10207,FC_GRID_12,21701.08
GRID_CBE_10208,FC_GRID_12,22233.52
GRID_CBE_10209,FC_GRID_12,22797.4
GRID_CBE_10210,FC_GRID_12,23390.47
GRID_CBE_10211,FC_GRID_12,24010.55
GRID_CBE_10212,FC_GRID_12,24655.6
GRID_CBE_10213,FC_GRID_12,25323.73
GRID_CBE_10214,FC_GRID_12,26013.14
GRID_CBE_10215,FC_GRID_12,26722.2
GRID_CBE_10216,FC_GRID_12,27449.38
GRID_CBE_10217,FC_GRID_12,28193.27
GRID_CBE_10218,FC_GRID_12,28952.6
GRID_CBE_10219,FC_GRID_10,22768.01
GRID_CBE_10220,FC_GRID_10,22296.97
GRID_CBE_10221,FC_GRID_10,21861.56
GRID_CBE_10222,FC_GRID_10,21463.94
GRID_CBE_10223,FC_GRID_10,21106.25
GRID_CBE_10224,FC_GRID_10,20790.54
GRID_CBE_10225,FC_GRID_10,20518.76
GRID_CBE_10226,FC_GRID_10,20292.67
GRID_CBE_10227,FC_GRID_10,20113.81
GRID_CBE_10228,FC_GRID_10,19983.45
GRID_CBE_10229,FC_GRID_10,19902.54
GRID_CBE_10230,FC_GRID_10,19871.68
GRID_CBE_10231,FC_GRID_10,19891.12
GRID_CBE_10232,FC_GRID_10,19960.7
GRID_CBE_10233,FC_GRID_10,20079.9
GRID_CBE_10234,FC_GRID_10,20247.85
GRID_CBE_10235,FC_GRID_10,20463.34
GRID_CBE_10236,FC_GRID_10,20724.89
GRID_CBE_10237,FC_GRID_10,21030.79
GRID_CBE_10238,FC_GRID_10,21379.12
GRID_CBE_10239,FC_GRID_10,21767.86
GRID_CBE_10240,FC_GRID_10,22194.88
GRID_CBE_10241,FC_GRID_11,22575.57
GRID_CBE_10242,FC_GRID_11,22107.5
GRID_CBE_10243,FC_GRID_11,21675.48
GRID_CBE_10244,FC_GRID_11,21281.72
GRID_CBE_10245,FC_GRID_11,20928.36
GRID_CBE_10246,FC_GRID_11,20617.5
GRID_CBE_10247,FC_GRID_11,20351.08
GRID_CBE_10248,FC_GRID_11,20130.85
GRID_CBE_10249,FC_GRID_11,19958.36
GRID_CBE_10250,FC_GRID_11,19834.85
GRID_CBE_10251,FC_GRID_11,19761.23
GRID_CBE_10252,FC_GRID_11,19738.07
GRID_CBE_10253,FC_GRID_11,19765.53
GRID_CBE_10254,FC_GRID_11,19843.42
GRID_CBE_10255,FC_GRID_11,19971.13
GRID_CBE_10256,FC_GRID_11,20147.73
GRID_CBE_10257,FC_GRID_11,20371.94
GRID_CBE_10258,FC_GRID_11,20642.22
GRID_CBE_10259,FC_GRID_11,20956.77
GRID_CBE_10260,FC_GRID_11,21313.64
GRID_CBE_10261,FC_GRID_11,21710.74
GRID_CBE_10262,FC_GRID_11,22145.9
GRID_CBE_10263,FC_GRID_12,22371.5
GRID_CBE_10264,FC_GRID_12,21906.08
GRID_CBE_10265,FC_GRID_12,21477.17
GRID_CBE_10266,FC_GRID_12,21086.99
GRID_CBE_10267,FC_GRID_12,20737.74
GRID_CBE_10268,FC_GRID_12,20431.5
GRID_CBE_10269,FC_GRID_12,20170.24
GRID_CBE_10270,FC_GRID_12,19955.72
GRID_CBE_10271,FC_GRID_12,19789.47
GRID_CBE_10272,FC_GRID_12,19672.71
GRID_CBE_10273,FC_GRID_12,19606.32
GRID_CBE_10274,FC_GRID_12,19590.82
GRID_CBE_10275,FC_GRID_12,19626.33
GRID_CBE_10276,FC_GRID_12,19712.56
GRID_CBE_10277,FC_GRID_12,19848.87
GRID_CBE_10278,FC_GRID_12,20034.22
GRID_CBE_10279,FC_GRID_12,20267.27
GRID_CBE_10280,FC_GRID_12,20546.4
GRID_CBE_10281,FC_GRID_12,20869.76
GRID_CBE_10282,FC_GRID_12,21235.33
GRID_CBE_10283,FC_GRID_12,21640.97
GRID_CBE_10284,FC_GRID_12,22084.48
GRID_CBE_10285,FC_GRID_12,22563.61
GRID_CBE_10286,FC_GRID_12,23076.15
GRID_CBE_10287,FC_GRID_12,23619.93
GRID_CBE_10288,FC_GRID_12,24192.84
GRID_CBE_10289,FC_GRID_12,24792.86
GRID_CBE_10290,FC_GRID_12,25418.07
GRID_CBE_10291,FC_GRID_12,26066.66
GRID_CBE_10292,FC_GRID_12,26736.93
GRID_CBE_10293,FC_GRID_12,27427.28
GRID_CBE_10294,FC_GRID_12,28136.24
GRID_CBE_10295,FC_GRID_12,28862.44
GRID_CBE_10296,FC_GRID_12,29604.61
GRID_CBE_10297,FC_GRID_10,23645.82
GRID_CBE_10298,FC_GRID_10,23192.62
GRID_CBE_10299,FC_GRID_10,22774.34
GRID_CBE_10300,FC_GRID_10,22392.93
GRID_CBE_10301,FC_GRID_10,22050.32
GRID_CBE_10302,FC_GRID_10,21748.32
GRID_CBE_10303,FC_GRID_10,21488.65
GRID_CBE_10304,FC_GRID_10,21272.87
GRID_CBE_10305,FC_GRID_10,21102.32
GRID_CBE_10306,FC_GRID_10,20978.1
GRID_CBE_10307,FC_GRID_10,20901.05
GRID_CBE_10308,FC_GRID_10,20871.67
GRID_CBE_10309,FC_GRID_10,20890.18
GRID_CBE_10310,FC_GRID_10,20956.44
GRID_CBE_10311,FC_GRID_10,21070.01
GRID_CBE_10312,FC_GRID_10,21230.12
GRID_CBE_10313,FC_GRID_10,21435.74
GRID_CBE_10314,FC_GRID_10,21685.57
GRID_CBE_10315,FC_GRID_10,21978.1
GRID_CBE_10316,FC_GRID_10,22311.65
GRID_CBE_10317,FC_GRID_10,22684.41
GRID_CBE_10318,FC_GRID_10,23094.49
GRID_CBE_10319,FC_GRID_11,23454.9
GRID_CBE_10320,FC_GRID_11,23004.73
GRID_CBE_10321,FC_GRID_11,22589.88
GRID_CBE_10322,FC_GRID_11,22212.33
GRID_CBE_10323,FC_GRID_11,21874.01
GRID_CBE_10324,FC_GRID_11,21576.78
GRID_CBE_10325,FC_GRID_11,21322.34
GRID_CBE_10326,FC_GRID_11,21112.26
GRID_CBE_10327,FC_GRID_11,20947.85
GRID_CBE_10328,FC_GRID_11,20830.2
GRID_CBE_10329,FC_GRID_11,20760.11
GRID_CBE_10330,FC_GRID_11,20738.06
GRID_CBE_10331,FC_GRID_11,20764.21
GRID_CBE_10332,FC_GRID_11,20838.36
GRID_CBE_10333,FC_GRID_11,20960.01
GRID_CBE_10334,FC_GRID_11,21128.35
GRID_CBE_10335,FC_GRID_11,21342.26
GRID_CBE_10336,FC_GRID_11,21600.4
GRID_CBE_10337,FC_GRID_11,21901.19
GRID_CBE_10338,FC_GRID_11,22242.91
GRID_CBE_10339,FC_GRID_11,22623.71
GRID_CBE_10340,FC_GRID_11,23041.64
GRID_CBE_10341,FC_GRID_12,23252.18
GRID_CBE_10342,FC_GRID_12,22804.74
GRID_CBE_10343,FC_GRID_12,22393.05
GRID_CBE_10344,FC_GRID_12,22019.1
GRID_CBE_10345,FC_GRID_12,21684.86
GRID_CBE_10346,FC_GRID_12,21392.19
GRID_CBE_10347,FC_GRID_12,21142.8
GRID_CBE_10348,FC_GRID_12,20938.25
GRID_CBE_10349,FC_GRID_12,20779.87
GRID_CBE_10350,FC_GRID_12,20668.7
GRID_CBE_10351,FC_GRID_12,20605.52
GRID_CBE_10352,FC_GRID_12,20590.77
GRID_CBE_10353,FC_GRID_12,20624.56
GRID_CBE_10354,FC_GRID_12,20706.64
GRID_CBE_10355,FC_GRID_12,20836.44
GRID_CBE_10356,FC_GRID_12,21013.08
GRID_CBE_10357,FC_GRID_12,21235.39
GRID_CBE_10358,FC_GRID_12,21501.96
GRID_CBE_10359,FC_GRID_12,21811.16
GRID_CBE_10360,FC_GRID_12,22161.21
GRID_CBE_10361,FC_GRID_12,22550.2
GRID_CBE_10362,FC_GRID_12,22976.16
GRID_CBE_10363,FC_GRID_12,23437.07
GRID_CBE_10364,FC_GRID_12,23930.91
GRID_CBE_10365,FC_GRID_12,24455.69
GRID_CBE_10366,FC_GRID_12,25009.46
GRID_CBE_10367,FC_GRID_12,25590.34
GRID_CBE_10368,FC_GRID_12,26196.53
GRID_CBE_10369,FC_GRID_12,26826.3
GRID_CBE_10370,FC_GRID_12,27478.04
GRID_CBE_10371,FC_GRID_12,28150.23
GRID_CBE_10372,FC_GRID_12,28841.42
GRID_CBE_10373,FC_GRID_12,29550.3
GRID_CBE_10374,FC_GRID_12,30275.61
GRID_CBE_10375,FC_GRID_10,24532.99
GRID_CBE_10376,FC_GRID_10,24096.48
GRID_CBE_10377,FC_GRID_10,23694.16
GRID_CBE_10378,FC_GRID_10,23327.8
GRID_CBE_10379,FC_GRID_10,22999.11
GRID_CBE_10380,FC_GRID_10,22709.73
GRID_CBE_10381,FC_GRID_10,22461.19
GRID_CBE_10382,FC_GRID_10,22254.84
GRID_CBE_10383,FC_GRID_10,22091.87
GRID_CBE_10384,FC_GRID_10,21973.25
GRID_CBE_10385,FC_GRID_10,21899.69
GRID_CBE_10386,FC_GRID_10,21871.65
GRID_CBE_10387,FC_GRID_10,21889.32
GRID_CBE_10388,FC_GRID_10,21952.56
GRID_CBE_10389,FC_GRID_10,22061.0
GRID_CBE_10390,FC_GRID_10,22213.98
GRID_CBE_10391,FC_GRID_10,22410.57
GRID_CBE_10392,FC_GRID_10,22649.65
GRID_CBE_10393,FC_GRID_10,22929.88
GRID_CBE_10394,FC_GRID_10,23249.78
GRID_CBE_10395,FC_GRID_10,23607.74
GRID_CBE_10396,FC_GRID_10,24002.04
GRID_CBE_10397,FC_GRID_11,24343.55
GRID_CBE_10398,FC_GRID_11,23910.11
GRID_CBE_10399,FC_GRID_11,23511.24
GRID_CBE_10400,FC_GRID_11,23148.73
GRID_CBE_10401,FC_GRID_11,22824.3
GRID_CBE_10402,FC_GRID_11,22539.6
GRID_CBE_10403,FC_GRID_11,22296.15
GRID_CBE_10404,FC_GRID_11,22095.33
GRID_CBE_10405,FC_GRID_11,21938.29
GRID_CBE_10406,FC_GRID_11,21825.98
GRID_CBE_10407,FC_GRID_11,21759.1
GRID_CBE_10408,FC_GRID_11,21738.06
GRID_CBE_10409,FC_GRID_11,21763.0
GRID_CBE_10410,FC_GRID_11,21833.76
GRID_CBE_10411,FC_GRID_11,21949.9
GRID_CBE_10412,FC_GRID_11,22110.7
GRID_CBE_10413,FC_GRID_11,22315.2
GRID_CBE_10414,FC_GRID_11,22562.21
GRID_CBE_10415,FC_GRID_11,22850.34
GRID_CBE_10416,FC_GRID_11,23178.07
GRID_CBE_10417,FC_GRID_11,23543.75
GRID_CBE_10418,FC_GRID_11,23945.63
GRID_CBE_10419,FC_GRID_12,24142.15
GRID_CBE_10420,FC_GRID_12,23711.51
GRID_CBE_10421,FC_GRID_12,23315.84
GRID_CBE_10422,FC_GRID_12,22956.93
GRID_CBE_10423,FC_GRID_12,22636.54
GRID_CBE_10424,FC_GRID_12,22356.33
GRID_CBE_10425,FC_GRID_12,22117.82
GRID_CBE_10426,FC_GRID_12,21922.37
GRID_CBE_10427,FC_GRID_12,21771.14
GRID_CBE_10428,FC_GRID_12,21665.06
GRID_CBE_10429,FC_GRID_12,21604.8
GRID_CBE_10430,FC_GRID_12,21590.73
GRID_CBE_10431,FC_GRID_12,21622.95
GRID_CBE_10432,FC_GRID_12,21701.25
GRID_CBE_10433,FC_GRID_12,21825.14
GRID_CBE_10434,FC_GRID_12,21993.84
GRID_CBE_10435,FC_GRID_12,22206.34
GRID_CBE_10436,FC_GRID_12,22461.39
GRID_CBE_10437,FC_GRID_12,22757.56
GRID_CBE_10438,FC_GRID_12,23093.26
GRID_CBE_10439,FC_GRID_12,23466.81
GRID_CBE_10440,FC_GRID_12,23876.42
GRID_CBE_10441,FC_GRID_12,24320.28
GRID_CBE_10442,FC_GRID_12,24796.54
GRID_CBE_10443,FC_GRID_12,25303.37
GRID_CBE_10444,FC_GRID_12,25838.98
GRID_CBE_10445,FC_GRID_12,26401.62
GRID_CBE_10446,FC_GRID_12,26989.59
GRID_CBE_10447,FC_GRID_12,27601.27
GRID_CBE_10448,FC_GRID_12,28235.13
GRID_CBE_10449,FC_GRID_12,28889.7
GRID_CBE_10450,FC_GRID_12,29563.61
GRID_CBE_10451,FC_GRID_12,30255.57
GRID_CBE_10452,FC_GRID_12,30964.37
GRID_CBE_10453,FC_GRID_10,25428.53
GRID_CBE_10454,FC_GRID_10,25007.66
GRID_CBE_10455,FC_GRID_10,24620.24
GRID_CBE_10456,FC_GRID_10,24267.86
GRID_CBE_10457,FC_GRID_10,23952.07
GRID_CBE_10458,FC_GRID_10,23674.35
GRID_CBE_10459,FC_GRID_10,23436.03
GRID_CBE_10460,FC_GRID_10,23238.34
GRID_CBE_10461,FC_GRID_10,23082.32
GRID_CBE_10462,FC_GRID_10,22968.81
GRID_CBE_10463,FC_GRID_10,22898.45
GRID_CBE_10464,FC_GRID_10,22871.64
GRID_CBE_10465,FC_GRID_10,22888.53
GRID_CBE_10466,FC_GRID_10,22949.03
GRID_CBE_10467,FC_GRID_10,23052.78
GRID_CBE_10468,FC_GRID_10,23199.21
GRID_CBE_10469,FC_GRID_10,23387.53
GRID_CBE_10470,FC_GRID_10,23616.72
GRID_CBE_10471,FC_GRID_10,23885.61
GRID_CBE_10472,FC_GRID_10,24192.87
GRID_CBE_10473,FC_GRID_10,24537.07
GRID_CBE_10474,FC_GRID_10,24916.68
GRID_CBE_10475,FC_GRID_11,25240.53
GRID_CBE_10476,FC_GRID_11,24822.76
GRID_CBE_10477,FC_GRID_11,24438.79
GRID_CBE_10478,FC_GRID_11,24090.24
GRID_CBE_10479,FC_GRID_11,23778.66
GRID_CBE_10480,FC_GRID_11,23505.52
GRID_CBE_10481,FC_GRID_11,23272.18
GRID_CBE_10482,FC_GRID_11,23079.85
GRID_CBE_10483,FC_GRID_11,22929.55
GRID_CBE_10484,FC_GRID_11,22822.13
GRID_CBE_10485,FC_GRID_11,22758.17
GRID_CBE_10486,FC_GRID_11,22738.06
GRID_CBE_10487,FC_GRID_11,22761.91
GRID_CBE_10488,FC_GRID_11,22829.57
GRID_CBE_10489,FC_GRID_11,22940.67
GRID_CBE_10490,FC_GRID_11,23094.57
GRID_CBE_10491,FC_GRID_11,23290.43
GRID_CBE_10492,FC_GRID_11,23527.2
GRID_CBE_10493,FC_GRID_11,23803.66
GRID_CBE_10494,FC_GRID_11,24118.44
GRID_CBE_10495,FC_GRID_11,24470.07
GRID_CBE_10496,FC_GRID_11,24856.97
GRID_CBE_10497,FC_GRID_12,25040.43
GRID_CBE_10498,FC_GRID_12,24625.51
GRID_CBE_10499,FC_GRID_12,24244.75
GRID_CBE_10500,FC_GRID_12,23899.8
GRID_CBE_10501,FC_GRID_12,23592.22
GRID_CBE_10502,FC_GRID_12,23323.49
GRID_CBE_10503,FC_GRID_12,23094.97
GRID_CBE_10504,FC_GRID_12,22907.86
GRID_CBE_10505,FC_GRID_12,22763.18
GRID_CBE_10506,FC_GRID_12,22661.74
GRID_CBE_10507,FC_GRID_12,22604.14
GRID_CBE_10508,FC_GRID_12,22590.69
GRID_CBE_10509,FC_GRID_12,22621.49
GRID_CBE_10510,FC_GRID_12,22696.35
GRID_CBE_10511,FC_GRID_12,22814.83
GRID_CBE_10512,FC_GRID_12,22976.27
GRID_CBE_10513,FC_GRID_12,23179.76
GRID_CBE_10514,FC_GRID_12,23424.21
GRID_CBE_10515,FC_GRID_12,23708.35
GRID_CBE_10516,FC_GRID_12,24030.78
GRID_CBE_10517,FC_GRID_12,24389.97
GRID_CBE_10518,FC_GRID_12,24784.33
GRID_CBE_10519,FC_GRID_12,25212.21
GRID_CBE_10520,FC_GRID_12,25671.93
GRID_CBE_10521,FC_GRID_12,26161.81
GRID_CBE_10522,FC_GRID_12,26680.19
GRID_CBE_10523,FC_GRID_12,27225.45
GRID_CBE_10524,FC_GRID_12,27796.0
GRID_CBE_10525,FC_GRID_12,28390.31
GRID_CBE_10526,FC_GRID_12,29006.93
GRID_CBE_10527,FC_GRID_12,29644.47
GRID_CBE_10528,FC_GRID_12,30301.6
GRID_CBE_10529,FC_GRID_12,30977.08
GRID_CBE_10530,FC_GRID_12,31669.73
