grid_id,distance_to_nearest_water
GRID_CBE_00001,50353.32
GRID_CBE_00002,49562.04
GRID_CBE_00003,48778.42
GRID_CBE_00004,48002.85
GRID_CBE_00005,47235.71
GRID_CBE_00006,46477.42
GRID_CBE_00007,45728.43
GRID_CBE_00008,44989.2
GRID_CBE_00009,44260.21
GRID_CBE_00010,43541.99
GRID_CBE_00011,42835.08
GRID_CBE_00012,42140.03
GRID_CBE_00013,41457.46
GRID_CBE_00014,40787.99
GRID_CBE_00015,40132.26
GRID_CBE_00016,39490.97
GRID_CBE_00017,38864.84
GRID_CBE_00018,38254.6
GRID_CBE_00019,37661.03
GRID_CBE_00020,37084.92
GRID_CBE_00021,36527.12
GRID_CBE_00022,35988.46
GRID_CBE_00023,35469.81
GRID_CBE_00024,34972.08
GRID_CBE_00025,34496.16
GRID_CBE_00026,34042.97
GRID_CBE_00027,33613.42
GRID_CBE_00028,33208.44
GRID_CBE_00029,32828.94
GRID_CBE_00030,32475.81
GRID_CBE_00031,32149.91
GRID_CBE_00032,31852.09
GRID_CBE_00033,31583.13
GRID_CBE_00034,31343.78
GRID_CBE_00035,31134.73
GRID_CBE_00036,30956.58
GRID_CBE_00037,30809.88
GRID_CBE_00038,30695.07
GRID_CBE_00039,30612.51
GRID_CBE_00040,30415.27
GRID_CBE_00041,30071.4
GRID_CBE_00042,29757.17
GRID_CBE_00043,29473.54
GRID_CBE_00044,29221.4
GRID_CBE_00045,29001.56
GRID_CBE_00046,28814.77
GRID_CBE_00047,28661.67
GRID_CBE_00048,28542.8
GRID_CBE_00049,28458.6
GRID_CBE_00050,28409.37
GRID_CBE_00051,28395.29
GRID_CBE_00052,28401.67
GRID_CBE_00053,28420.02
GRID_CBE_00054,28472.93
GRID_CBE_00055,28560.78
GRID_CBE_00056,28683.24
GRID_CBE_00057,28839.88
GRID_CBE_00058,29030.13
GRID_CBE_00059,29253.36
GRID_CBE_00060,29508.8
GRID_CBE_00061,29795.62
GRID_CBE_00062,30112.94
GRID_CBE_00063,30459.8
GRID_CBE_00064,30835.2
GRID_CBE_00065,31238.12
GRID_CBE_00066,31667.5
GRID_CBE_00067,32122.27
GRID_CBE_00068,32601.39
GRID_CBE_00069,33103.79
GRID_CBE_00070,33628.43
GRID_CBE_00071,34174.28
GRID_CBE_00072,34740.34
GRID_CBE_00073,35325.65
GRID_CBE_00074,35929.26
GRID_CBE_00075,36550.27
GRID_CBE_00076,37187.8
GRID_CBE_00077,37841.02
GRID_CBE_00078,38509.13
GRID_CBE_00079,49753.06
GRID_CBE_00080,48952.08
GRID_CBE_00081,48158.53
GRID_CBE_00082,47372.81
GRID_CBE_00083,46595.3
GRID_CBE_00084,45826.42
GRID_CBE_00085,45066.61
GRID_CBE_00086,44316.34
GRID_CBE_00087,43576.1
GRID_CBE_00088,42846.41
GRID_CBE_00089,42127.82
GRID_CBE_00090,41420.92
GRID_CBE_00091,40726.29
GRID_CBE_00092,40044.59
GRID_CBE_00093,39376.49
GRID_CBE_00094,38722.69
GRID_CBE_00095,38083.93
GRID_CBE_00096,37460.97
GRID_CBE_00097,36854.62
GRID_CBE_00098,36265.71
GRID_CBE_00099,35695.1
GRID_CBE_00100,35143.69
GRID_CBE_00101,34612.39
GRID_CBE_00102,34102.14
GRID_CBE_00103,33613.91
GRID_CBE_00104,33148.65
GRID_CBE_00105,32707.37
GRID_CBE_00106,32291.03
GRID_CBE_00107,31900.62
GRID_CBE_00108,31537.09
GRID_CBE_00109,31201.39
GRID_CBE_00110,30894.42
GRID_CBE_00111,30617.05
GRID_CBE_00112,30370.09
GRID_CBE_00113,30154.29
GRID_CBE_00114,29970.32
GRID_CBE_00115,29818.76
GRID_CBE_00116,29700.12
GRID_CBE_00117,29614.79
GRID_CBE_00118,29483.87
GRID_CBE_00119,29129.0
GRID_CBE_00120,28804.5
GRID_CBE_00121,28511.39
GRID_CBE_00122,28250.66
GRID_CBE_00123,28023.21
GRID_CBE_00124,27829.85
GRID_CBE_00125,27671.3
GRID_CBE_00126,27548.16
GRID_CBE_00127,27460.91
GRID_CBE_00128,27409.89
GRID_CBE_00129,27395.3
GRID_CBE_00130,27401.69
GRID_CBE_00131,27420.67
GRID_CBE_00132,27475.5
GRID_CBE_00133,27566.53
GRID_CBE_00134,27693.39
GRID_CBE_00135,27855.59
GRID_CBE_00136,28052.52
GRID_CBE_00137,28283.46
GRID_CBE_00138,28547.58
GRID_CBE_00139,28843.97
GRID_CBE_00140,29171.65
GRID_CBE_00141,29529.56
GRID_CBE_00142,29916.64
GRID_CBE_00143,30331.76
GRID_CBE_00144,30773.78
GRID_CBE_00145,31241.57
GRID_CBE_00146,31733.99
GRID_CBE_00147,32249.91
GRID_CBE_00148,32788.21
GRID_CBE_00149,33347.82
GRID_CBE_00150,33927.67
GRID_CBE_00151,34526.76
GRID_CBE_00152,35144.1
GRID_CBE_00153,35778.73
GRID_CBE_00154,36429.77
GRID_CBE_00155,37096.34
GRID_CBE_00156,37777.62
GRID_CBE_00157,49165.81
GRID_CBE_00158,48355.1
GRID_CBE_00159,47551.6
GRID_CBE_00160,46755.67
GRID_CBE_00161,45967.72
GRID_CBE_00162,45188.16
GRID_CBE_00163,44417.44
GRID_CBE_00164,43656.01
GRID_CBE_00165,42904.38
GRID_CBE_00166,42163.07
GRID_CBE_00167,41432.64
GRID_CBE_00168,40713.66
GRID_CBE_00169,40006.76
GRID_CBE_00170,39312.59
GRID_CBE_00171,38631.83
GRID_CBE_00172,37965.2
GRID_CBE_00173,37313.47
GRID_CBE_00174,36677.43
GRID_CBE_00175,36057.91
GRID_CBE_00176,35455.76
GRID_CBE_00177,34871.91
GRID_CBE_00178,34307.27
GRID_CBE_00179,33762.81
GRID_CBE_00180,33239.52
GRID_CBE_00181,32738.43
GRID_CBE_00182,32260.55
GRID_CBE_00183,31806.95
GRID_CBE_00184,31378.66
GRID_CBE_00185,30976.75
GRID_CBE_00186,30602.25
GRID_CBE_00187,30256.18
GRID_CBE_00188,29939.52
GRID_CBE_00189,29653.22
GRID_CBE_00190,29398.17
GRID_CBE_00191,29175.18
GRID_CBE_00192,28984.99
GRID_CBE_00193,28828.25
GRID_CBE_00194,28705.52
GRID_CBE_00195,28617.23
GRID_CBE_00196,28557.1
GRID_CBE_00197,28190.58
GRID_CBE_00198,27855.14
GRID_CBE_00199,27551.94
GRID_CBE_00200,27282.04
GRID_CBE_00201,27046.44
GRID_CBE_00202,26846.05
GRID_CBE_00203,26681.65
GRID_CBE_00204,26553.93
GRID_CBE_00205,26463.4
GRID_CBE_00206,26410.45
GRID_CBE_00207,26395.31
GRID_CBE_00208,26401.72
GRID_CBE_00209,26421.37
GRID_CBE_00210,26478.27
GRID_CBE_00211,26572.71
GRID_CBE_00212,26704.29
GRID_CBE_00213,26872.47
GRID_CBE_00214,27076.55
GRID_CBE_00215,27315.74
GRID_CBE_00216,27589.13
GRID_CBE_00217,27895.7
GRID_CBE_00218,28234.38
GRID_CBE_00219,28604.03
GRID_CBE_00220,29003.46
GRID_CBE_00221,29431.46
GRID_CBE_00222,29886.81
GRID_CBE_00223,30368.26
GRID_CBE_00224,30874.61
GRID_CBE_00225,31404.65
GRID_CBE_00226,31957.19
GRID_CBE_00227,32531.1
GRID_CBE_00228,33125.26
GRID_CBE_00229,33738.59
GRID_CBE_00230,34370.09
GRID_CBE_00231,35018.75
GRID_CBE_00232,35683.66
GRID_CBE_00233,36363.91
GRID_CBE_00234,37058.65
GRID_CBE_00235,48592.04
GRID_CBE_00236,47771.6
GRID_CBE_00237,46958.11
GRID_CBE_00238,46151.95
GRID_CBE_00239,45353.52
GRID_CBE_00240,44563.21
GRID_CBE_00241,43781.49
GRID_CBE_00242,43008.81
GRID_CBE_00243,42245.66
GRID_CBE_00244,41492.59
GRID_CBE_00245,40750.13
GRID_CBE_00246,40018.89
GRID_CBE_00247,39299.5
GRID_CBE_00248,38592.61
GRID_CBE_00249,37898.92
GRID_CBE_00250,37219.17
GRID_CBE_00251,36554.14
GRID_CBE_00252,35904.65
GRID_CBE_00253,35271.55
GRID_CBE_00254,34655.75
GRID_CBE_00255,34058.18
GRID_CBE_00256,33479.82
GRID_CBE_00257,32921.68
GRID_CBE_00258,32384.81
GRID_CBE_00259,31870.27
GRID_CBE_00260,31379.18
GRID_CBE_00261,30912.65
GRID_CBE_00262,30471.79
GRID_CBE_00263,30057.76
GRID_CBE_00264,29671.66
GRID_CBE_00265,29314.61
GRID_CBE_00266,28987.67
GRID_CBE_00267,28691.87
GRID_CBE_00268,28428.19
GRID_CBE_00269,28197.53
GRID_CBE_00270,28000.7
GRID_CBE_00271,27838.43
GRID_CBE_00272,27711.31
GRID_CBE_00273,27619.84
GRID_CBE_00274,27564.36
GRID_CBE_00275,27256.53
GRID_CBE_00276,26909.45
GRID_CBE_00277,26595.47
GRID_CBE_00278,26315.76
GRID_CBE_00279,26071.44
GRID_CBE_00280,25863.49
GRID_CBE_00281,25692.81
GRID_CBE_00282,25560.14
GRID_CBE_00283,25466.08
GRID_CBE_00284,25411.05
GRID_CBE_00285,25395.31
GRID_CBE_00286,25401.74
GRID_CBE_00287,25422.12
GRID_CBE_00288,25481.25
GRID_CBE_00289,25579.38
GRID_CBE_00290,25716.04
GRID_CBE_00291,25890.63
GRID_CBE_00292,26102.4
GRID_CBE_00293,26350.43
GRID_CBE_00294,26633.73
GRID_CBE_00295,26951.17
GRID_CBE_00296,27301.58
GRID_CBE_00297,27683.68
GRID_CBE_00298,28096.2
GRID_CBE_00299,28537.81
GRID_CBE_00300,29007.19
GRID_CBE_00301,29503.0
GRID_CBE_00302,30023.94
GRID_CBE_00303,30568.73
GRID_CBE_00304,31136.11
GRID_CBE_00305,31724.88
GRID_CBE_00306,32333.85
GRID_CBE_00307,32961.92
GRID_CBE_00308,33608.01
GRID_CBE_00309,34271.11
GRID_CBE_00310,34950.23
GRID_CBE_00311,35644.48
GRID_CBE_00312,36352.98
GRID_CBE_00313,48032.25
GRID_CBE_00314,47202.07
GRID_CBE_00315,46378.59
GRID_CBE_00316,45562.18
GRID_CBE_00317,44753.23
GRID_CBE_00318,43952.13
GRID_CBE_00319,43159.34
GRID_CBE_00320,42375.31
GRID_CBE_00321,41600.55
GRID_CBE_00322,40835.58
GRID_CBE_00323,40080.96
GRID_CBE_00324,39337.28
GRID_CBE_00325,38605.19
GRID_CBE_00326,37885.34
GRID_CBE_00327,37178.46
GRID_CBE_00328,36485.29
GRID_CBE_00329,35806.63
GRID_CBE_00330,35143.33
GRID_CBE_00331,34496.26
GRID_CBE_00332,33866.37
GRID_CBE_00333,33254.62
GRID_CBE_00334,32662.03
GRID_CBE_00335,32089.67
GRID_CBE_00336,31538.64
GRID_CBE_00337,31010.07
GRID_CBE_00338,30505.13
GRID_CBE_00339,30025.01
GRID_CBE_00340,29570.93
GRID_CBE_00341,29144.1
GRID_CBE_00342,28745.74
GRID_CBE_00343,28377.03
GRID_CBE_00344,28039.16
GRID_CBE_00345,27733.25
GRID_CBE_00346,27460.37
GRID_CBE_00347,27221.51
GRID_CBE_00348,27017.57
GRID_CBE_00349,26849.36
GRID_CBE_00350,26717.53
GRID_CBE_00351,26622.65
GRID_CBE_00352,26565.09
GRID_CBE_00353,26327.33
GRID_CBE_00354,25967.83
GRID_CBE_00355,25642.32
GRID_CBE_00356,25352.1
GRID_CBE_00357,25098.4
GRID_CBE_00358,24882.32
GRID_CBE_00359,24704.86
GRID_CBE_00360,24566.86
GRID_CBE_00361,24468.98
GRID_CBE_00362,24411.7
GRID_CBE_00363,24395.32
GRID_CBE_00364,24401.76
GRID_CBE_00365,24422.93
GRID_CBE_00366,24484.48
GRID_CBE_00367,24586.58
GRID_CBE_00368,24728.73
GRID_CBE_00369,24910.25
GRID_CBE_00370,25130.27
GRID_CBE_00371,25387.81
GRID_CBE_00372,25681.73
GRID_CBE_00373,26010.79
GRID_CBE_00374,26373.69
GRID_CBE_00375,26769.04
GRID_CBE_00376,27195.44
GRID_CBE_00377,27651.44
GRID_CBE_00378,28135.61
GRID_CBE_00379,28646.51
GRID_CBE_00380,29182.75
GRID_CBE_00381,29742.95
GRID_CBE_00382,30325.78
GRID_CBE_00383,30929.98
GRID_CBE_00384,31554.3
GRID_CBE_00385,32197.57
GRID_CBE_00386,32858.7
GRID_CBE_00387,33536.61
GRID_CBE_00388,34230.31
GRID_CBE_00389,34938.87
GRID_CBE_00390,35661.39
GRID_CBE_00391,47486.91
GRID_CBE_00392,46647.03
GRID_CBE_00393,45813.58
GRID_CBE_00394,44986.91
GRID_CBE_00395,44167.42
GRID_CBE_00396,43355.5
GRID_CBE_00397,42551.6
GRID_CBE_00398,41756.16
GRID_CBE_00399,40969.69
GRID_CBE_00400,40192.71
GRID_CBE_00401,39425.79
GRID_CBE_00402,38669.52
GRID_CBE_00403,37924.53
GRID_CBE_00404,37191.52
GRID_CBE_00405,36471.19
GRID_CBE_00406,35764.31
GRID_CBE_00407,35071.71
GRID_CBE_00408,34394.24
GRID_CBE_00409,33732.8
GRID_CBE_00410,33088.38
GRID_CBE_00411,32461.97
GRID_CBE_00412,31854.64
GRID_CBE_00413,31267.5
GRID_CBE_00414,30701.72
GRID_CBE_00415,30158.48
GRID_CBE_00416,29639.04
GRID_CBE_00417,29144.66
GRID_CBE_00418,28676.64
GRID_CBE_00419,28236.3
GRID_CBE_00420,27824.94
GRID_CBE_00421,27443.87
GRID_CBE_00422,27094.36
GRID_CBE_00423,26777.66
GRID_CBE_00424,26494.94
GRID_CBE_00425,26247.29
GRID_CBE_00426,26035.73
GRID_CBE_00427,25861.12
GRID_CBE_00428,25724.24
GRID_CBE_00429,25625.67
GRID_CBE_00430,25565.87
GRID_CBE_00431,25403.5
GRID_CBE_00432,25030.75
GRID_CBE_00433,24692.89
GRID_CBE_00434,24391.37
GRID_CBE_00435,24127.56
GRID_CBE_00436,23902.71
GRID_CBE_00437,23717.93
GRID_CBE_00438,23574.15
GRID_CBE_00439,23472.13
GRID_CBE_00440,23412.41
GRID_CBE_00441,23395.33
GRID_CBE_00442,23401.78
GRID_CBE_00443,23423.82
GRID_CBE_00444,23487.98
GRID_CBE_00445,23594.4
GRID_CBE_00446,23742.49
GRID_CBE_00447,23931.49
GRID_CBE_00448,24160.43
GRID_CBE_00449,24428.19
GRID_CBE_00450,24733.51
GRID_CBE_00451,25075.02
GRID_CBE_00452,25451.27
GRID_CBE_00453,25860.73
GRID_CBE_00454,26301.85
GRID_CBE_00455,26773.08
GRID_CBE_00456,27272.84
GRID_CBE_00457,27799.61
GRID_CBE_00458,28351.87
GRID_CBE_00459,28928.16
GRID_CBE_00460,29527.08
GRID_CBE_00461,30147.29
GRID_CBE_00462,30787.48
GRID_CBE_00463,31446.45
GRID_CBE_00464,32123.04
GRID_CBE_00465,32816.15
GRID_CBE_00466,33524.77
GRID_CBE_00467,34247.92
GRID_CBE_00468,34984.72
GRID_CBE_00469,46956.54
GRID_CBE_00470,46106.99
GRID_CBE_00471,45263.6
GRID_CBE_00472,44426.71
GRID_CBE_00473,43596.68
GRID_CBE_00474,42773.93
GRID_CBE_00475,41958.89
GRID_CBE_00476,41152.0
GRID_CBE_00477,40353.75
GRID_CBE_00478,39564.68
GRID_CBE_00479,38785.34
GRID_CBE_00480,38016.33
GRID_CBE_00481,37258.29
GRID_CBE_00482,36511.9
GRID_CBE_00483,35777.89
GRID_CBE_00484,35057.04
GRID_CBE_00485,34350.18
GRID_CBE_00486,33658.18
GRID_CBE_00487,32981.99
GRID_CBE_00488,32322.6
GRID_CBE_00489,31681.05
GRID_CBE_00490,31058.46
GRID_CBE_00491,30455.98
GRID_CBE_00492,29874.83
GRID_CBE_00493,29316.27
GRID_CBE_00494,28781.63
GRID_CBE_00495,28272.27
GRID_CBE_00496,27789.56
GRID_CBE_00497,27334.93
GRID_CBE_00498,26909.79
GRID_CBE_00499,26515.57
GRID_CBE_00500,26153.67
GRID_CBE_00501,25825.43
GRID_CBE_00502,25532.17
GRID_CBE_00503,25275.09
GRID_CBE_00504,25055.32
GRID_CBE_00505,24873.83
GRID_CBE_00506,24731.48
GRID_CBE_00507,24628.94
GRID_CBE_00508,24566.72
GRID_CBE_00509,24485.66
GRID_CBE_00510,24098.71
GRID_CBE_00511,23747.6
GRID_CBE_00512,23433.92
GRID_CBE_00513,23159.21
GRID_CBE_00514,22924.86
GRID_CBE_00515,22732.13
GRID_CBE_00516,22582.08
GRID_CBE_00517,22475.55
GRID_CBE_00518,22413.18
GRID_CBE_00519,22395.34
GRID_CBE_00520,22401.8
GRID_CBE_00521,22424.78
GRID_CBE_00522,22491.8
GRID_CBE_00523,22602.9
GRID_CBE_00524,22757.45
GRID_CBE_00525,22954.55
GRID_CBE_00526,23193.14
GRID_CBE_00527,23471.94
GRID_CBE_00528,23789.54
GRID_CBE_00529,24144.41
GRID_CBE_00530,24534.93
GRID_CBE_00531,24959.42
GRID_CBE_00532,25416.19
GRID_CBE_00533,25903.54
GRID_CBE_00534,26419.75
GRID_CBE_00535,26963.19
GRID_CBE_00536,27532.23
GRID_CBE_00537,28125.33
GRID_CBE_00538,28740.98
GRID_CBE_00539,29377.79
GRID_CBE_00540,30034.39
GRID_CBE_00541,30709.52
GRID_CBE_00542,31401.99
GRID_CBE_00543,32110.67
GRID_CBE_00544,32834.52
GRID_CBE_00545,33572.54
GRID_CBE_00546,34323.84
GRID_CBE_00547,46441.64
GRID_CBE_00548,45582.5
GRID_CBE_00549,44729.22
GRID_CBE_00550,43882.14
GRID_CBE_00551,43041.62
GRID_CBE_00552,42208.05
GRID_CBE_00553,41381.86
GRID_CBE_00554,40563.49
GRID_CBE_00555,39753.43
GRID_CBE_00556,38952.2
GRID_CBE_00557,38160.35
GRID_CBE_00558,37378.49
GRID_CBE_00559,36607.24
GRID_CBE_00560,35847.29
GRID_CBE_00561,35099.39
GRID_CBE_00562,34364.31
GRID_CBE_00563,33642.9
GRID_CBE_00564,32936.05
GRID_CBE_00565,32244.72
GRID_CBE_00566,31569.93
GRID_CBE_00567,30912.77
GRID_CBE_00568,30274.37
GRID_CBE_00569,29655.97
GRID_CBE_00570,29058.82
GRID_CBE_00571,28484.27
GRID_CBE_00572,27933.71
GRID_CBE_00573,27408.59
GRID_CBE_00574,26910.4
GRID_CBE_00575,26440.66
GRID_CBE_00576,26000.9
GRID_CBE_00577,25592.69
GRID_CBE_00578,25217.54
GRID_CBE_00579,24876.95
GRID_CBE_00580,24572.37
GRID_CBE_00581,24305.15
GRID_CBE_00582,24076.52
GRID_CBE_00583,23887.6
GRID_CBE_00584,23739.34
GRID_CBE_00585,23632.49
GRID_CBE_00586,23567.63
GRID_CBE_00587,23545.11
GRID_CBE_00588,23172.35
GRID_CBE_00589,22806.98
GRID_CBE_00590,22480.18
GRID_CBE_00591,22193.67
GRID_CBE_00592,21949.01
GRID_CBE_00593,21747.63
GRID_CBE_00594,21590.74
GRID_CBE_00595,21479.3
GRID_CBE_00596,21414.03
GRID_CBE_00597,21395.35
GRID_CBE_00598,21401.82
GRID_CBE_00599,21425.83
GRID_CBE_00600,21495.96
GRID_CBE_00601,21612.19
GRID_CBE_00602,21773.76
GRID_CBE_00603,21979.7
GRID_CBE_00604,22228.75
GRID_CBE_00605,22519.49
GRID_CBE_00606,22850.33
GRID_CBE_00607,23219.56
GRID_CBE_00608,23625.37
GRID_CBE_00609,24065.92
GRID_CBE_00610,24539.33
GRID_CBE_00611,25043.74
GRID_CBE_00612,25577.31
GRID_CBE_00613,26138.27
GRID_CBE_00614,26724.88
GRID_CBE_00615,27335.5
GRID_CBE_00616,27968.55
GRID_CBE_00617,28622.54
GRID_CBE_00618,29296.08
GRID_CBE_00619,29987.84
GRID_CBE_00620,30696.59
GRID_CBE_00621,31421.18
GRID_CBE_00622,32160.55
GRID_CBE_00623,32913.69
GRID_CBE_00624,33679.69
GRID_CBE_00625,45942.75
GRID_CBE_00626,45074.1
GRID_CBE_00627,44211.01
GRID_CBE_00628,43353.8
GRID_CBE_00629,42502.83
GRID_CBE_00630,41658.48
GRID_CBE_00631,40821.17
GRID_CBE_00632,39991.33
GRID_CBE_00633,39169.44
GRID_CBE_00634,38356.01
GRID_CBE_00635,37551.6
GRID_CBE_00636,36756.78
GRID_CBE_00637,35972.21
GRID_CBE_00638,35198.56
GRID_CBE_00639,34436.56
GRID_CBE_00640,33687.02
GRID_CBE_00641,32950.79
GRID_CBE_00642,32228.76
GRID_CBE_00643,31521.92
GRID_CBE_00644,30831.32
GRID_CBE_00645,30158.07
GRID_CBE_00646,29503.35
GRID_CBE_00647,28868.43
GRID_CBE_00648,28254.64
GRID_CBE_00649,27663.4
GRID_CBE_00650,27096.16
GRID_CBE_00651,26554.49
GRID_CBE_00652,26039.96
GRID_CBE_00653,25554.22
GRID_CBE_00654,25098.94
GRID_CBE_00655,24675.81
GRID_CBE_00656,24286.5
GRID_CBE_00657,23932.67
GRID_CBE_00658,23615.91
GRID_CBE_00659,23337.74
GRID_CBE_00660,23099.54
GRID_CBE_00661,22902.56
GRID_CBE_00662,22747.88
GRID_CBE_00663,22636.35
GRID_CBE_00664,22568.63
GRID_CBE_00665,22545.11
GRID_CBE_00666,22252.36
GRID_CBE_00667,21871.62
GRID_CBE_00668,21530.64
GRID_CBE_00669,21231.31
GRID_CBE_00670,20975.44
GRID_CBE_00671,20764.62
GRID_CBE_00672,20600.23
GRID_CBE_00673,20483.41
GRID_CBE_00674,20414.96
GRID_CBE_00675,20395.36
GRID_CBE_00676,20401.84
GRID_CBE_00677,20426.98
GRID_CBE_00678,20500.53
GRID_CBE_00679,20622.37
GRID_CBE_00680,20791.64
GRID_CBE_00681,21007.2
GRID_CBE_00682,21267.65
GRID_CBE_00683,21571.35
GRID_CBE_00684,21916.5
GRID_CBE_00685,22301.2
GRID_CBE_00686,22723.41
GRID_CBE_00687,23181.11
GRID_CBE_00688,23672.22
GRID_CBE_00689,24194.71
GRID_CBE_00690,24746.6
GRID_CBE_00691,25325.97
GRID_CBE_00692,25930.96
GRID_CBE_00693,26559.84
GRID_CBE_00694,27210.94
GRID_CBE_00695,27882.71
GRID_CBE_00696,28573.69
GRID_CBE_00697,29282.52
GRID_CBE_00698,30007.93
GRID_CBE_00699,30748.76
GRID_CBE_00700,31503.91
GRID_CBE_00701,32272.38
GRID_CBE_00702,33053.24
GRID_CBE_00703,45460.38
GRID_CBE_00704,44582.33
GRID_CBE_00705,43709.53
GRID_CBE_00706,42842.29
GRID_CBE_00707,41980.95
GRID_CBE_00708,41125.89
GRID_CBE_00709,40277.51
GRID_CBE_00710,39436.23
GRID_CBE_00711,38602.53
GRID_CBE_00712,37776.89
GRID_CBE_00713,36959.87
GRID_CBE_00714,36152.05
GRID_CBE_00715,35354.06
GRID_CBE_00716,34566.58
GRID_CBE_00717,33790.34
GRID_CBE_00718,33026.13
GRID_CBE_00719,32274.82
GRID_CBE_00720,31537.32
GRID_CBE_00721,30814.63
GRID_CBE_00722,30107.81
GRID_CBE_00723,29418.0
GRID_CBE_00724,28746.43
GRID_CBE_00725,28094.41
GRID_CBE_00726,27463.33
GRID_CBE_00727,26854.67
GRID_CBE_00728,26269.98
GRID_CBE_00729,25710.9
GRID_CBE_00730,25179.14
GRID_CBE_00731,24676.46
GRID_CBE_00732,24204.68
GRID_CBE_00733,23765.63
GRID_CBE_00734,23361.16
GRID_CBE_00735,22993.1
GRID_CBE_00736,22663.21
GRID_CBE_00737,22373.19
GRID_CBE_00738,22124.61
GRID_CBE_00739,21918.87
GRID_CBE_00740,21757.2
GRID_CBE_00741,21640.57
GRID_CBE_00742,21569.72
GRID_CBE_00743,21545.11
GRID_CBE_00744,21339.57
GRID_CBE_00745,20942.25
GRID_CBE_00746,20585.87
GRID_CBE_00747,20272.6
GRID_CBE_00748,20004.47
GRID_CBE_00749,19783.3
GRID_CBE_00750,19610.7
GRID_CBE_00751,19487.94
GRID_CBE_00752,19415.98
GRID_CBE_00753,19395.37
GRID_CBE_00754,19401.86
GRID_CBE_00755,19428.26
GRID_CBE_00756,19505.57
GRID_CBE_00757,19633.58
GRID_CBE_00758,19811.31
GRID_CBE_00759,20037.42
GRID_CBE_00760,20310.3
GRID_CBE_00761,20628.1
GRID_CBE_00762,20988.78
GRID_CBE_00763,21390.16
GRID_CBE_00764,21830.0
GRID_CBE_00765,22306.04
GRID_CBE_00766,22815.99
GRID_CBE_00767,23357.65
GRID_CBE_00768,23928.85
GRID_CBE_00769,24527.54
GRID_CBE_00770,25151.75
GRID_CBE_00771,25799.62
GRID_CBE_00772,26469.43
GRID_CBE_00773,27159.55
GRID_CBE_00774,27868.46
GRID_CBE_00775,28594.78
GRID_CBE_00776,29337.2
GRID_CBE_00777,30094.55
GRID_CBE_00778,30865.71
GRID_CBE_00779,31649.68
GRID_CBE_00780,32445.53
GRID_CBE_00781,44995.06
GRID_CBE_00782,44107.76
GRID_CBE_00783,43225.37
GRID_CBE_00784,42348.22
GRID_CBE_00785,41476.62
GRID_CBE_00786,40610.94
GRID_CBE_00787,39751.57
GRID_CBE_00788,38898.92
GRID_CBE_00789,38053.45
GRID_CBE_00790,37215.63
GRID_CBE_00791,36386.01
GRID_CBE_00792,35565.16
GRID_CBE_00793,34753.7
GRID_CBE_00794,33952.29
GRID_CBE_00795,33161.67
GRID_CBE_00796,32382.64
GRID_CBE_00797,31616.04
GRID_CBE_00798,30862.8
GRID_CBE_00799,30123.93
GRID_CBE_00800,29400.51
GRID_CBE_00801,28693.7
GRID_CBE_00802,28004.77
GRID_CBE_00803,27335.07
GRID_CBE_00804,26686.04
GRID_CBE_00805,26059.22
GRID_CBE_00806,25456.27
GRID_CBE_00807,24878.92
GRID_CBE_00808,24328.98
GRID_CBE_00809,23808.35
GRID_CBE_00810,23319.01
GRID_CBE_00811,22862.96
GRID_CBE_00812,22442.23
GRID_CBE_00813,22058.84
GRID_CBE_00814,21714.76
GRID_CBE_00815,21411.9
GRID_CBE_00816,21152.03
GRID_CBE_00817,20936.74
GRID_CBE_00818,20767.42
GRID_CBE_00819,20645.2
GRID_CBE_00820,20570.92
GRID_CBE_00821,20545.11
GRID_CBE_00822,20434.95
GRID_CBE_00823,20019.68
GRID_CBE_00824,19646.57
GRID_CBE_00825,19318.08
GRID_CBE_00826,19036.5
GRID_CBE_00827,18803.96
GRID_CBE_00828,18622.28
GRID_CBE_00829,18492.96
GRID_CBE_00830,18417.11
GRID_CBE_00831,18395.39
GRID_CBE_00832,18401.89
GRID_CBE_00833,18429.67
GRID_CBE_00834,18511.16
GRID_CBE_00835,18646.0
GRID_CBE_00836,18833.04
GRID_CBE_00837,19070.75
GRID_CBE_00838,19357.27
GRID_CBE_00839,19690.45
GRID_CBE_00840,20067.99
GRID_CBE_00841,20487.42
GRID_CBE_00842,20946.23
GRID_CBE_00843,21441.89
GRID_CBE_00844,21971.91
GRID_CBE_00845,22533.87
GRID_CBE_00846,23125.43
GRID_CBE_00847,23744.38
GRID_CBE_00848,24388.64
GRID_CBE_00849,25056.26
GRID_CBE_00850,25745.41
GRID_CBE_00851,26454.42
GRID_CBE_00852,27181.73
GRID_CBE_00853,27925.92
GRID_CBE_00854,28685.66
GRID_CBE_00855,29459.76
GRID_CBE_00856,30247.11
GRID_CBE_00857,31046.7
GRID_CBE_00858,31857.62
GRID_CBE_00859,44547.34
GRID_CBE_00860,43650.93
GRID_CBE_00861,42759.12
GRID_CBE_00862,41872.2
GRID_CBE_00863,40990.49
GRID_CBE_00864,40114.32
GRID_CBE_00865,39244.07
GRID_CBE_00866,38380.15
GRID_CBE_00867,37522.99
GRID_CBE_00868,36673.06
GRID_CBE_00869,35830.88
GRID_CBE_00870,34997.01
GRID_CBE_00871,34172.05
GRID_CBE_00872,33356.68
GRID_CBE_00873,32551.6
GRID_CBE_00874,31757.6
GRID_CBE_00875,30975.54
GRID_CBE_00876,30206.33
GRID_CBE_00877,29450.99
GRID_CBE_00878,28710.62
GRID_CBE_00879,27986.4
GRID_CBE_00880,27279.61
GRID_CBE_00881,26591.65
GRID_CBE_00882,25924.01
GRID_CBE_00883,25278.31
GRID_CBE_00884,24656.27
GRID_CBE_00885,24059.72
GRID_CBE_00886,23490.61
GRID_CBE_00887,22950.98
GRID_CBE_00888,22442.95
GRID_CBE_00889,21968.72
GRID_CBE_00890,21530.52
GRID_CBE_00891,21130.6
GRID_CBE_00892,20771.15
GRID_CBE_00893,20454.33
GRID_CBE_00894,20182.12
GRID_CBE_00895,19956.37
GRID_CBE_00896,19778.66
GRID_CBE_00897,19650.29
GRID_CBE_00898,19572.24
GRID_CBE_00899,19545.11
GRID_CBE_00900,19539.62
GRID_CBE_00901,19104.9
GRID_CBE_00902,18713.57
GRID_CBE_00903,18368.39
GRID_CBE_00904,18072.03
GRID_CBE_00905,17826.91
GRID_CBE_00906,17635.16
GRID_CBE_00907,17498.55
GRID_CBE_00908,17418.37
GRID_CBE_00909,17395.4
GRID_CBE_00910,17401.91
GRID_CBE_00911,17431.24
GRID_CBE_00912,17517.38
GRID_CBE_00913,17659.8
GRID_CBE_00914,17857.18
GRID_CBE_00915,18107.71
GRID_CBE_00916,18409.22
GRID_CBE_00917,18759.25
GRID_CBE_00918,19155.15
GRID_CBE_00919,19594.13
GRID_CBE_00920,20073.37
GRID_CBE_00921,20590.05
GRID_CBE_00922,21141.44
GRID_CBE_00923,21724.89
GRID_CBE_00924,22337.88
GRID_CBE_00925,22978.06
GRID_CBE_00926,23643.21
GRID_CBE_00927,24331.29
GRID_CBE_00928,25040.4
GRID_CBE_00929,25768.82
GRID_CBE_00930,26514.94
GRID_CBE_00931,27277.32
GRID_CBE_00932,28054.64
GRID_CBE_00933,28845.67
GRID_CBE_00934,29649.33
GRID_CBE_00935,30464.62
GRID_CBE_00936,31290.63
GRID_CBE_00937,44117.74
GRID_CBE_00938,43212.43
GRID_CBE_00939,42311.38
GRID_CBE_00940,41414.87
GRID_CBE_00941,40523.2
GRID_CBE_00942,39636.71
GRID_CBE_00943,38755.74
GRID_CBE_00944,37880.68
GRID_CBE_00945,37011.95
GRID_CBE_00946,36150.01
GRID_CBE_00947,35295.35
GRID_CBE_00948,34448.52
GRID_CBE_00949,33610.1
GRID_CBE_00950,32780.75
GRID_CBE_00951,31961.17
GRID_CBE_00952,31152.13
GRID_CBE_00953,30354.47
GRID_CBE_00954,29569.11
GRID_CBE_00955,28797.06
GRID_CBE_00956,28039.43
GRID_CBE_00957,27297.4
GRID_CBE_00958,26572.29
GRID_CBE_00959,25865.53
GRID_CBE_00960,25178.64
GRID_CBE_00961,24513.32
GRID_CBE_00962,23871.35
GRID_CBE_00963,23254.68
GRID_CBE_00964,22665.36
GRID_CBE_00965,22105.6
GRID_CBE_00966,21577.67
GRID_CBE_00967,21083.99
GRID_CBE_00968,20627.0
GRID_CBE_00969,20209.21
GRID_CBE_00970,19833.07
GRID_CBE_00971,19501.01
GRID_CBE_00972,19215.3
GRID_CBE_00973,18978.05
GRID_CBE_00974,18791.09
GRID_CBE_00975,18655.93
GRID_CBE_00976,18573.7
GRID_CBE_00977,18545.11
GRID_CBE_00978,18550.8
GRID_CBE_00979,18199.09
GRID_CBE_00980,17787.84
GRID_CBE_00981,17424.34
GRID_CBE_00982,17111.63
GRID_CBE_00983,16852.55
GRID_CBE_00984,16649.59
GRID_CBE_00985,16504.82
GRID_CBE_00986,16419.79
GRID_CBE_00987,16395.42
GRID_CBE_00988,16401.93
GRID_CBE_00989,16433.01
GRID_CBE_00990,16524.35
GRID_CBE_00991,16675.26
GRID_CBE_00992,16884.15
GRID_CBE_00993,17148.9
GRID_CBE_00994,17466.96
GRID_CBE_00995,17835.5
GRID_CBE_00996,18251.44
GRID_CBE_00997,18711.64
GRID_CBE_00998,19212.9
GRID_CBE_00999,19752.11
GRID_CBE_01000,20326.24
GRID_CBE_01001,20932.42
GRID_CBE_01002,21567.95
GRID_CBE_01003,22230.31
GRID_CBE_01004,22917.17
GRID_CBE_01005,23626.41
GRID_CBE_01006,24356.05
GRID_CBE_01007,25104.33
GRID_CBE_01008,25869.63
GRID_CBE_01009,26650.48
GRID_CBE_01010,27445.55
GRID_CBE_01011,28253.64
GRID_CBE_01012,29073.67
GRID_CBE_01013,29904.66
GRID_CBE_01014,30742.81
GRID_CBE_01015,43706.81
GRID_CBE_01016,42792.8
GRID_CBE_01017,41882.72
GRID_CBE_01018,40976.84
GRID_CBE_01019,40075.42
GRID_CBE_01020,39178.8
GRID_CBE_01021,38287.29
GRID_CBE_01022,37401.28
GRID_CBE_01023,36521.15
GRID_CBE_01024,35647.34
GRID_CBE_01025,34780.33
GRID_CBE_01026,33920.65
GRID_CBE_01027,33068.85
GRID_CBE_01028,32225.57
GRID_CBE_01029,31391.5
GRID_CBE_01030,30567.38
GRID_CBE_01031,29754.05
GRID_CBE_01032,28952.41
GRID_CBE_01033,28163.46
GRID_CBE_01034,27388.31
GRID_CBE_01035,26628.14
GRID_CBE_01036,25884.29
GRID_CBE_01037,25158.21
GRID_CBE_01038,24451.46
GRID_CBE_01039,23765.79
GRID_CBE_01040,23103.06
GRID_CBE_01041,22465.3
GRID_CBE_01042,21854.71
GRID_CBE_01043,21273.63
GRID_CBE_01044,20724.52
GRID_CBE_01045,20210.01
GRID_CBE_01046,19732.79
GRID_CBE_01047,19295.64
GRID_CBE_01048,18901.33
GRID_CBE_01049,18552.6
GRID_CBE_01050,18252.06
GRID_CBE_01051,18002.12
GRID_CBE_01052,17804.92
GRID_CBE_01053,17662.21
GRID_CBE_01054,17575.33
GRID_CBE_01055,17545.11
GRID_CBE_01056,17550.82
GRID_CBE_01057,17303.66
GRID_CBE_01058,16870.6
GRID_CBE_01059,16486.89
GRID_CBE_01060,16156.05
GRID_CBE_01061,15881.38
GRID_CBE_01062,15665.84
GRID_CBE_01063,15511.9
GRID_CBE_01064,15421.39
GRID_CBE_01065,15395.44
GRID_CBE_01066,15401.95
GRID_CBE_01067,15435.0
GRID_CBE_01068,15532.21
GRID_CBE_01069,15692.66
GRID_CBE_01070,15914.46
GRID_CBE_01071,16195.06
GRID_CBE_01072,16531.5
GRID_CBE_01073,16920.42
GRID_CBE_01074,17358.3
GRID_CBE_01075,17841.55
GRID_CBE_01076,18366.58
GRID_CBE_01077,18929.91
GRID_CBE_01078,19528.22
GRID_CBE_01079,20158.42
GRID_CBE_01080,20817.59
GRID_CBE_01081,21503.07
GRID_CBE_01082,22212.44
GRID_CBE_01083,22943.47
GRID_CBE_01084,23694.15
GRID_CBE_01085,24462.69
GRID_CBE_01086,25247.44
GRID_CBE_01087,26046.95
GRID_CBE_01088,26859.89
GRID_CBE_01089,27685.08
GRID_CBE_01090,28520.96
GRID_CBE_01091,29359.36
GRID_CBE_01092,30197.76
GRID_CBE_01093,43315.07
GRID_CBE_01094,42392.61
GRID_CBE_01095,41473.75
GRID_CBE_01096,40558.73
GRID_CBE_01097,39647.82
GRID_CBE_01098,38741.3
GRID_CBE_01099,37839.49
GRID_CBE_01100,36942.73
GRID_CBE_01101,36051.41
GRID_CBE_01102,35165.93
GRID_CBE_01103,34286.75
GRID_CBE_01104,33414.37
GRID_CBE_01105,32549.33
GRID_CBE_01106,31692.23
GRID_CBE_01107,30843.73
GRID_CBE_01108,30004.58
GRID_CBE_01109,29175.56
GRID_CBE_01110,28357.57
GRID_CBE_01111,27551.6
GRID_CBE_01112,26758.72
GRID_CBE_01113,25980.14
GRID_CBE_01114,25217.19
GRID_CBE_01115,24471.31
GRID_CBE_01116,23744.13
GRID_CBE_01117,23037.41
GRID_CBE_01118,22353.1
GRID_CBE_01119,21693.31
GRID_CBE_01120,21060.35
GRID_CBE_01121,20456.71
GRID_CBE_01122,19885.06
GRID_CBE_01123,19348.24
GRID_CBE_01124,18849.22
GRID_CBE_01125,18391.07
GRID_CBE_01126,17976.94
GRID_CBE_01127,17609.91
GRID_CBE_01128,17292.99
GRID_CBE_01129,17028.98
GRID_CBE_01130,16820.37
GRID_CBE_01131,16669.24
GRID_CBE_01132,16577.16
GRID_CBE_01133,16545.11
GRID_CBE_01134,16550.84
GRID_CBE_01135,16420.31
GRID_CBE_01136,15963.3
GRID_CBE_01137,15557.22
GRID_CBE_01138,15206.17
GRID_CBE_01139,14914.02
GRID_CBE_01140,14684.29
GRID_CBE_01141,14519.94
GRID_CBE_01142,14423.21
GRID_CBE_01143,14395.46
GRID_CBE_01144,14401.97
GRID_CBE_01145,14437.27
GRID_CBE_01146,14541.15
GRID_CBE_01147,14712.42
GRID_CBE_01148,14948.76
GRID_CBE_01149,15247.15
GRID_CBE_01150,15604.03
GRID_CBE_01151,16015.49
GRID_CBE_01152,16477.45
GRID_CBE_01153,16985.77
GRID_CBE_01154,17536.44
GRID_CBE_01155,18125.59
GRID_CBE_01156,18749.59
GRID_CBE_01157,19405.08
GRID_CBE_01158,20088.99
GRID_CBE_01159,20798.5
GRID_CBE_01160,21531.09
GRID_CBE_01161,22284.48
GRID_CBE_01162,23056.63
GRID_CBE_01163,23845.72
GRID_CBE_01164,24650.13
GRID_CBE_01165,25468.39
GRID_CBE_01166,26299.22
GRID_CBE_01167,27137.5
GRID_CBE_01168,27975.91
GRID_CBE_01169,28814.31
GRID_CBE_01170,29652.72
GRID_CBE_01171,42943.04
GRID_CBE_01172,42012.42
GRID_CBE_01173,41085.06
GRID_CBE_01174,40161.18
GRID_CBE_01175,39241.04
GRID_CBE_01176,38324.9
GRID_CBE_01177,37413.05
GRID_CBE_01178,36505.83
GRID_CBE_01179,35603.57
GRID_CBE_01180,34706.66
GRID_CBE_01181,33815.55
GRID_CBE_01182,32930.68
GRID_CBE_01183,32052.59
GRID_CBE_01184,31181.84
GRID_CBE_01185,30319.07
GRID_CBE_01186,29464.97
GRID_CBE_01187,28620.33
GRID_CBE_01188,27786.0
GRID_CBE_01189,26962.94
GRID_CBE_01190,26152.23
GRID_CBE_01191,25355.03
GRID_CBE_01192,24572.67
GRID_CBE_01193,23806.62
GRID_CBE_01194,23058.48
GRID_CBE_01195,22330.08
GRID_CBE_01196,21623.39
GRID_CBE_01197,20940.62
GRID_CBE_01198,20284.19
GRID_CBE_01199,19656.73
GRID_CBE_01200,19061.1
GRID_CBE_01201,18500.38
GRID_CBE_01202,17977.84
GRID_CBE_01203,17496.9
GRID_CBE_01204,17061.07
GRID_CBE_01205,16673.89
GRID_CBE_01206,16338.83
GRID_CBE_01207,16059.14
GRID_CBE_01208,15837.76
GRID_CBE_01209,15677.16
GRID_CBE_01210,15579.22
GRID_CBE_01211,15545.12
GRID_CBE_01212,15550.85
GRID_CBE_01213,15551.09
GRID_CBE_01214,15067.73
GRID_CBE_01215,14636.84
GRID_CBE_01216,14263.15
GRID_CBE_01217,13951.26
GRID_CBE_01218,13705.4
GRID_CBE_01219,13529.17
GRID_CBE_01220,13425.3
GRID_CBE_01221,13395.48
GRID_CBE_01222,13401.99
GRID_CBE_01223,13439.88
GRID_CBE_01224,13551.4
GRID_CBE_01225,13735.02
GRID_CBE_01226,13987.89
GRID_CBE_01227,14306.33
GRID_CBE_01228,14686.09
GRID_CBE_01229,15122.55
GRID_CBE_01230,15610.95
GRID_CBE_01231,16146.58
GRID_CBE_01232,16724.9
GRID_CBE_01233,17341.64
GRID_CBE_01234,17992.85
GRID_CBE_01235,18674.92
GRID_CBE_01236,19384.61
GRID_CBE_01237,20118.98
GRID_CBE_01238,20875.43
GRID_CBE_01239,21651.64
GRID_CBE_01240,22445.58
GRID_CBE_01241,23255.41
GRID_CBE_01242,24079.54
GRID_CBE_01243,24915.65
GRID_CBE_01244,25754.05
GRID_CBE_01245,26592.45
GRID_CBE_01246,27430.86
GRID_CBE_01247,28269.26
GRID_CBE_01248,29107.67
GRID_CBE_01249,42591.25
GRID_CBE_01250,41652.77
GRID_CBE_01251,40717.22
GRID_CBE_01252,39784.8
GRID_CBE_01253,38855.75
GRID_CBE_01254,37930.3
GRID_CBE_01255,37008.73
GRID_CBE_01256,36091.34
GRID_CBE_01257,35178.46
GRID_CBE_01258,34270.43
GRID_CBE_01259,33367.66
GRID_CBE_01260,32470.6
GRID_CBE_01261,31579.71
GRID_CBE_01262,30695.55
GRID_CBE_01263,29818.71
GRID_CBE_01264,28949.86
GRID_CBE_01265,28089.73
GRID_CBE_01266,27239.16
GRID_CBE_01267,26399.06
GRID_CBE_01268,25570.47
GRID_CBE_01269,24754.55
GRID_CBE_01270,23952.58
GRID_CBE_01271,23166.03
GRID_CBE_01272,22396.51
GRID_CBE_01273,21645.83
GRID_CBE_01274,20916.04
GRID_CBE_01275,20209.39
GRID_CBE_01276,19528.39
GRID_CBE_01277,18875.82
GRID_CBE_01278,18254.73
GRID_CBE_01279,17668.45
GRID_CBE_01280,17120.53
GRID_CBE_01281,16614.79
GRID_CBE_01282,16155.18
GRID_CBE_01283,15745.75
GRID_CBE_01284,15390.49
GRID_CBE_01285,15093.24
GRID_CBE_01286,14857.47
GRID_CBE_01287,14686.16
GRID_CBE_01288,14581.56
GRID_CBE_01289,14545.12
GRID_CBE_01290,14550.87
GRID_CBE_01291,14557.14
GRID_CBE_01292,14186.13
GRID_CBE_01293,13727.59
GRID_CBE_01294,13328.43
GRID_CBE_01295,12994.13
GRID_CBE_01296,12729.8
GRID_CBE_01297,12539.86
GRID_CBE_01298,12427.73
GRID_CBE_01299,12395.5
GRID_CBE_01300,12402.01
GRID_CBE_01301,12442.9
GRID_CBE_01302,12563.28
GRID_CBE_01303,12761.12
GRID_CBE_01304,13032.9
GRID_CBE_01305,13374.1
GRID_CBE_01306,13779.58
GRID_CBE_01307,14243.84
GRID_CBE_01308,14761.34
GRID_CBE_01309,15326.69
GRID_CBE_01310,15934.8
GRID_CBE_01311,16580.95
GRID_CBE_01312,17260.88
GRID_CBE_01313,17970.76
GRID_CBE_01314,18707.18
GRID_CBE_01315,19467.12
GRID_CBE_01316,20247.94
GRID_CBE_01317,21047.31
GRID_CBE_01318,21863.2
GRID_CBE_01319,22693.82
GRID_CBE_01320,23532.19
GRID_CBE_01321,24370.6
GRID_CBE_01322,25209.0
GRID_CBE_01323,26047.4
GRID_CBE_01324,26885.81
GRID_CBE_01325,27724.21
GRID_CBE_01326,28562.62
GRID_CBE_01327,42260.2
GRID_CBE_01328,41314.2
GRID_CBE_01329,40370.8
GRID_CBE_01330,39430.2
GRID_CBE_01331,38492.58
GRID_CBE_01332,37558.19
GRID_CBE_01333,36627.26
GRID_CBE_01334,35700.07
GRID_CBE_01335,34776.91
GRID_CBE_01336,33858.12
GRID_CBE_01337,32944.06
GRID_CBE_01338,32035.13
GRID_CBE_01339,31131.79
GRID_CBE_01340,30234.53
GRID_CBE_01341,29343.92
GRID_CBE_01342,28460.57
GRID_CBE_01343,27585.19
GRID_CBE_01344,26718.56
GRID_CBE_01345,25861.56
GRID_CBE_01346,25015.17
GRID_CBE_01347,24180.52
GRID_CBE_01348,23358.85
GRID_CBE_01349,22551.6
GRID_CBE_01350,21760.36
GRID_CBE_01351,20986.95
GRID_CBE_01352,20233.4
GRID_CBE_01353,19502.03
GRID_CBE_01354,18795.42
GRID_CBE_01355,18116.47
GRID_CBE_01356,17468.4
GRID_CBE_01357,16854.79
GRID_CBE_01358,16279.51
GRID_CBE_01359,15746.78
GRID_CBE_01360,15261.05
GRID_CBE_01361,14826.95
GRID_CBE_01362,14449.12
GRID_CBE_01363,14132.08
GRID_CBE_01364,13880.0
GRID_CBE_01365,13696.46
GRID_CBE_01366,13584.24
GRID_CBE_01367,13545.12
GRID_CBE_01368,13550.89
GRID_CBE_01369,13557.16
GRID_CBE_01370,13321.27
GRID_CBE_01371,12831.86
GRID_CBE_01372,12403.91
GRID_CBE_01373,12043.97
GRID_CBE_01374,11758.3
GRID_CBE_01375,11552.4
GRID_CBE_01376,11430.59
GRID_CBE_01377,11395.53
GRID_CBE_01378,11402.03
GRID_CBE_01379,11446.46
GRID_CBE_01380,11577.2
GRID_CBE_01381,11791.6
GRID_CBE_01382,12085.2
GRID_CBE_01383,12452.4
GRID_CBE_01384,12886.91
GRID_CBE_01385,13382.17
GRID_CBE_01386,13931.72
GRID_CBE_01387,14529.38
GRID_CBE_01388,15169.48
GRID_CBE_01389,15846.87
GRID_CBE_01390,16556.98
GRID_CBE_01391,17295.78
GRID_CBE_01392,18059.74
GRID_CBE_01393,18845.8
GRID_CBE_01394,19651.32
GRID_CBE_01395,20474.0
GRID_CBE_01396,21310.33
GRID_CBE_01397,22148.74
GRID_CBE_01398,22987.14
GRID_CBE_01399,23825.55
GRID_CBE_01400,24663.95
GRID_CBE_01401,25502.36
GRID_CBE_01402,26340.76
GRID_CBE_01403,27179.16
GRID_CBE_01404,28017.57
GRID_CBE_01405,41950.38
GRID_CBE_01406,40997.23
GRID_CBE_01407,40046.37
GRID_CBE_01408,39097.96
GRID_CBE_01409,38152.18
GRID_CBE_01410,37209.24
GRID_CBE_01411,36269.35
GRID_CBE_01412,35332.77
GRID_CBE_01413,34399.76
GRID_CBE_01414,33470.61
GRID_CBE_01415,32545.67
GRID_CBE_01416,31625.3
GRID_CBE_01417,30709.9
GRID_CBE_01418,29799.94
GRID_CBE_01419,28895.94
GRID_CBE_01420,27998.46
GRID_CBE_01421,27108.16
GRID_CBE_01422,26225.77
GRID_CBE_01423,25352.12
GRID_CBE_01424,24488.13
GRID_CBE_01425,23634.87
GRID_CBE_01426,22793.55
GRID_CBE_01427,21965.53
GRID_CBE_01428,21152.38
GRID_CBE_01429,20355.88
GRID_CBE_01430,19578.06
GRID_CBE_01431,18821.24
GRID_CBE_01432,18088.05
GRID_CBE_01433,17381.49
GRID_CBE_01434,16704.94
GRID_CBE_01435,16062.18
GRID_CBE_01436,15457.43
GRID_CBE_01437,14895.33
GRID_CBE_01438,14380.88
GRID_CBE_01439,13919.35
GRID_CBE_01440,13516.17
GRID_CBE_01441,13176.7
GRID_CBE_01442,12905.97
GRID_CBE_01443,12708.38
GRID_CBE_01444,12587.35
GRID_CBE_01445,12545.12
GRID_CBE_01446,12550.91
GRID_CBE_01447,12557.18
GRID_CBE_01448,12476.62
GRID_CBE_01449,11952.67
GRID_CBE_01450,11492.03
GRID_CBE_01451,11102.57
GRID_CBE_01452,10792.01
GRID_CBE_01453,10567.3
GRID_CBE_01454,10433.99
GRID_CBE_01455,10395.55
GRID_CBE_01456,10402.06
GRID_CBE_01457,10450.69
GRID_CBE_01458,10593.73
GRID_CBE_01459,10827.62
GRID_CBE_01460,11146.64
GRID_CBE_01461,11543.73
GRID_CBE_01462,12011.16
GRID_CBE_01463,12541.06
GRID_CBE_01464,13125.86
GRID_CBE_01465,13758.58
GRID_CBE_01466,14432.9
GRID_CBE_01467,15143.28
GRID_CBE_01468,15884.87
GRID_CBE_01469,16653.51
GRID_CBE_01470,17445.62
GRID_CBE_01471,18258.14
GRID_CBE_01472,19088.48
GRID_CBE_01473,19926.88
GRID_CBE_01474,20765.29
GRID_CBE_01475,21603.69
GRID_CBE_01476,22442.09
GRID_CBE_01477,23280.5
GRID_CBE_01478,24118.9
GRID_CBE_01479,24957.31
GRID_CBE_01480,25795.71
GRID_CBE_01481,26634.11
GRID_CBE_01482,27472.52
GRID_CBE_01483,41662.26
GRID_CBE_01484,40702.37
GRID_CBE_01485,39744.45
GRID_CBE_01486,38788.66
GRID_CBE_01487,37835.15
GRID_CBE_01488,36884.11
GRID_CBE_01489,35935.72
GRID_CBE_01490,34990.21
GRID_CBE_01491,34047.81
GRID_CBE_01492,33108.79
GRID_CBE_01493,32173.44
GRID_CBE_01494,31242.11
GRID_CBE_01495,30315.14
GRID_CBE_01496,29392.97
GRID_CBE_01497,28476.04
GRID_CBE_01498,27564.9
GRID_CBE_01499,26660.13
GRID_CBE_01500,25762.4
GRID_CBE_01501,24872.47
GRID_CBE_01502,23991.21
GRID_CBE_01503,23119.62
GRID_CBE_01504,22258.83
GRID_CBE_01505,21410.14
GRID_CBE_01506,20575.06
GRID_CBE_01507,19755.29
GRID_CBE_01508,18952.84
GRID_CBE_01509,18170.0
GRID_CBE_01510,17409.41
GRID_CBE_01511,16674.12
GRID_CBE_01512,15967.62
GRID_CBE_01513,15293.9
GRID_CBE_01514,14657.49
GRID_CBE_01515,14063.46
GRID_CBE_01516,13517.37
GRID_CBE_01517,13025.29
GRID_CBE_01518,12593.52
GRID_CBE_01519,12228.47
GRID_CBE_01520,11936.25
GRID_CBE_01521,11722.31
GRID_CBE_01522,11591.0
GRID_CBE_01523,11545.13
GRID_CBE_01524,11550.93
GRID_CBE_01525,11557.2
GRID_CBE_01526,11563.47
GRID_CBE_01527,11093.97
GRID_CBE_01528,10596.06
GRID_CBE_01529,10172.35
GRID_CBE_01530,9832.45
GRID_CBE_01531,9585.28
GRID_CBE_01532,9438.11
GRID_CBE_01533,9395.57
GRID_CBE_01534,9402.08
GRID_CBE_01535,9455.81
GRID_CBE_01536,9613.67
GRID_CBE_01537,9870.81
GRID_CBE_01538,10219.74
GRID_CBE_01539,10651.44
GRID_CBE_01540,11156.32
GRID_CBE_01541,11724.91
GRID_CBE_01542,12348.43
GRID_CBE_01543,13018.99
GRID_CBE_01544,13729.69
GRID_CBE_01545,14474.61
GRID_CBE_01546,15248.76
GRID_CBE_01547,16047.89
GRID_CBE_01548,16868.46
GRID_CBE_01549,17705.02
GRID_CBE_01550,18543.43
GRID_CBE_01551,19381.83
GRID_CBE_01552,20220.24
GRID_CBE_01553,21058.64
GRID_CBE_01554,21897.04
GRID_CBE_01555,22735.45
GRID_CBE_01556,23573.85
GRID_CBE_01557,24412.26
GRID_CBE_01558,25250.66
GRID_CBE_01559,26089.07
GRID_CBE_01560,26927.47
GRID_CBE_01561,41396.3
GRID_CBE_01562,40430.09
GRID_CBE_01563,39465.57
GRID_CBE_01564,38502.85
GRID_CBE_01565,37542.09
GRID_CBE_01566,36583.43
GRID_CBE_01567,35627.04
GRID_CBE_01568,34673.11
GRID_CBE_01569,33721.85
GRID_CBE_01570,32773.49
GRID_CBE_01571,31828.29
GRID_CBE_01572,30886.55
GRID_CBE_01573,29948.58
GRID_CBE_01574,29014.76
GRID_CBE_01575,28085.49
GRID_CBE_01576,27161.25
GRID_CBE_01577,26242.57
GRID_CBE_01578,25330.04
GRID_CBE_01579,24424.36
GRID_CBE_01580,23526.33
GRID_CBE_01581,22636.85
GRID_CBE_01582,21756.96
GRID_CBE_01583,20887.89
GRID_CBE_01584,20031.05
GRID_CBE_01585,19188.05
GRID_CBE_01586,18360.83
GRID_CBE_01587,17551.6
GRID_CBE_01588,16762.98
GRID_CBE_01589,15998.0
GRID_CBE_01590,15260.23
GRID_CBE_01591,14553.81
GRID_CBE_01592,13883.51
GRID_CBE_01593,13254.83
GRID_CBE_01594,12673.96
GRID_CBE_01595,12147.75
GRID_CBE_01596,11683.6
GRID_CBE_01597,11289.16
GRID_CBE_01598,10971.96
GRID_CBE_01599,10738.83
GRID_CBE_01600,10595.34
GRID_CBE_01601,10545.13
GRID_CBE_01602,10550.95
GRID_CBE_01603,10557.22
GRID_CBE_01604,10563.49
GRID_CBE_01605,10260.89
GRID_CBE_01606,9720.4
GRID_CBE_01607,9256.7
GRID_CBE_01608,8881.83
GRID_CBE_01609,8607.4
GRID_CBE_01610,8443.2
GRID_CBE_01611,8395.59
GRID_CBE_01612,8402.1
GRID_CBE_01613,8462.15
GRID_CBE_01614,8638.18
GRID_CBE_01615,8923.47
GRID_CBE_01616,9307.98
GRID_CBE_01617,9780.02
GRID_CBE_01618,10327.58
GRID_CBE_01619,10939.34
GRID_CBE_01620,11605.14
GRID_CBE_01621,12316.23
GRID_CBE_01622,13065.21
GRID_CBE_01623,13845.94
GRID_CBE_01624,14653.33
GRID_CBE_01625,15483.17
GRID_CBE_01626,16321.57
GRID_CBE_01627,17159.98
GRID_CBE_01628,17998.38
GRID_CBE_01629,18836.78
GRID_CBE_01630,19675.19
GRID_CBE_01631,20513.59
GRID_CBE_01632,21352.0
GRID_CBE_01633,22190.4
GRID_CBE_01634,23028.8
GRID_CBE_01635,23867.21
GRID_CBE_01636,24705.61
GRID_CBE_01637,25544.02
GRID_CBE_01638,26382.42
GRID_CBE_01639,41152.93
GRID_CBE_01640,40180.87
GRID_CBE_01641,39210.22
GRID_CBE_01642,38241.07
GRID_CBE_01643,37273.56
GRID_CBE_01644,36307.81
GRID_CBE_01645,35343.96
GRID_CBE_01646,34382.18
GRID_CBE_01647,33422.64
GRID_CBE_01648,32465.54
GRID_CBE_01649,31511.11
GRID_CBE_01650,30559.59
GRID_CBE_01651,29611.27
GRID_CBE_01652,28666.46
GRID_CBE_01653,27725.53
GRID_CBE_01654,26788.87
GRID_CBE_01655,25856.95
GRID_CBE_01656,24930.32
GRID_CBE_01657,24009.57
GRID_CBE_01658,23095.41
GRID_CBE_01659,22188.66
GRID_CBE_01660,21290.26
GRID_CBE_01661,20401.32
GRID_CBE_01662,19523.13
GRID_CBE_01663,18657.2
GRID_CBE_01664,17805.33
GRID_CBE_01665,16969.64
GRID_CBE_01666,16152.62
GRID_CBE_01667,15357.27
GRID_CBE_01668,14587.13
GRID_CBE_01669,13846.41
GRID_CBE_01670,13140.08
GRID_CBE_01671,12473.99
GRID_CBE_01672,11854.92
GRID_CBE_01673,11290.6
GRID_CBE_01674,10789.64
GRID_CBE_01675,10361.23
GRID_CBE_01676,10014.67
GRID_CBE_01677,9758.7
GRID_CBE_01678,9600.57
GRID_CBE_01679,9545.14
GRID_CBE_01680,9550.97
GRID_CBE_01681,9557.24
GRID_CBE_01682,9563.51
GRID_CBE_01683,9460.21
GRID_CBE_01684,8871.07
GRID_CBE_01685,8360.4
GRID_CBE_01686,7943.34
GRID_CBE_01687,7635.25
GRID_CBE_01688,7449.66
GRID_CBE_01689,7395.61
GRID_CBE_01690,7402.12
GRID_CBE_01691,7470.17
GRID_CBE_01692,7669.0
GRID_CBE_01693,7988.98
GRID_CBE_01694,8416.3
GRID_CBE_01695,8935.56
GRID_CBE_01696,9531.76
GRID_CBE_01697,10191.4
GRID_CBE_01698,10902.98
GRID_CBE_01699,11656.98
GRID_CBE_01700,12445.69
GRID_CBE_01701,13262.94
GRID_CBE_01702,14099.71
GRID_CBE_01703,14938.12
GRID_CBE_01704,15776.52
GRID_CBE_01705,16614.93
GRID_CBE_01706,17453.33
GRID_CBE_01707,18291.73
GRID_CBE_01708,19130.14
GRID_CBE_01709,19968.54
GRID_CBE_01710,20806.95
GRID_CBE_01711,21645.35
GRID_CBE_01712,22483.75
GRID_CBE_01713,23322.16
GRID_CBE_01714,24160.56
GRID_CBE_01715,24998.97
GRID_CBE_01716,25837.37
GRID_CBE_01717,40932.55
GRID_CBE_01718,39955.13
GRID_CBE_01719,38978.85
GRID_CBE_01720,38003.81
GRID_CBE_01721,37030.1
GRID_CBE_01722,36057.83
GRID_CBE_01723,35087.11
GRID_CBE_01724,34118.09
GRID_CBE_01725,33150.91
GRID_CBE_01726,32185.73
GRID_CBE_01727,31222.75
GRID_CBE_01728,30262.17
GRID_CBE_01729,29304.22
GRID_CBE_01730,28349.18
GRID_CBE_01731,27397.35
GRID_CBE_01732,26449.07
GRID_CBE_01733,25504.74
GRID_CBE_01734,24564.82
GRID_CBE_01735,23629.84
GRID_CBE_01736,22700.39
GRID_CBE_01737,21777.2
GRID_CBE_01738,20861.09
GRID_CBE_01739,19953.04
GRID_CBE_01740,19054.2
GRID_CBE_01741,18165.93
GRID_CBE_01742,17289.87
GRID_CBE_01743,16427.98
GRID_CBE_01744,15582.59
GRID_CBE_01745,14756.55
GRID_CBE_01746,13953.29
GRID_CBE_01747,13176.99
GRID_CBE_01748,12432.68
GRID_CBE_01749,11726.48
GRID_CBE_01750,11065.66
GRID_CBE_01751,10458.85
GRID_CBE_01752,9915.96
GRID_CBE_01753,9448.01
GRID_CBE_01754,9066.61
GRID_CBE_01755,8783.06
GRID_CBE_01756,8607.02
GRID_CBE_01757,8545.14
GRID_CBE_01758,8550.99
GRID_CBE_01759,8557.26
GRID_CBE_01760,8563.53
GRID_CBE_01761,8592.97
GRID_CBE_01762,8056.41
GRID_CBE_01763,7490.4
GRID_CBE_01764,7021.86
GRID_CBE_01765,6671.34
GRID_CBE_01766,6458.11
GRID_CBE_01767,6395.63
GRID_CBE_01768,6402.14
GRID_CBE_01769,6480.66
GRID_CBE_01770,6708.89
GRID_CBE_01771,7072.44
GRID_CBE_01772,7551.79
GRID_CBE_01773,8126.49
GRID_CBE_01774,8777.81
GRID_CBE_01775,9490.0
GRID_CBE_01776,10250.38
GRID_CBE_01777,11049.01
GRID_CBE_01778,11877.86
GRID_CBE_01779,12716.26
GRID_CBE_01780,13554.66
GRID_CBE_01781,14393.07
GRID_CBE_01782,15231.47
GRID_CBE_01783,16069.88
GRID_CBE_01784,16908.28
GRID_CBE_01785,17746.69
GRID_CBE_01786,18585.09
GRID_CBE_01787,19423.49
GRID_CBE_01788,20261.9
GRID_CBE_01789,21100.3
GRID_CBE_01790,21938.71
GRID_CBE_01791,22777.11
GRID_CBE_01792,23615.51
GRID_CBE_01793,24453.92
GRID_CBE_01794,25292.32
GRID_CBE_01795,40735.53
GRID_CBE_01796,39753.26
GRID_CBE_01797,38771.91
GRID_CBE_01798,37791.52
GRID_CBE_01799,36812.2
GRID_CBE_01800,35834.01
GRID_CBE_01801,34857.07
GRID_CBE_01802,33881.47
GRID_CBE_01803,32907.33
GRID_CBE_01804,31934.8
GRID_CBE_01805,30964.01
GRID_CBE_01806,29995.14
GRID_CBE_01807,29028.38
GRID_CBE_01808,28063.96
GRID_CBE_01809,27102.11
GRID_CBE_01810,26143.13
GRID_CBE_01811,25187.33
GRID_CBE_01812,24235.11
GRID_CBE_01813,23286.88
GRID_CBE_01814,22343.18
GRID_CBE_01815,21404.59
GRID_CBE_01816,20471.81
GRID_CBE_01817,19545.68
GRID_CBE_01818,18627.19
GRID_CBE_01819,17717.53
GRID_CBE_01820,16818.13
GRID_CBE_01821,15930.73
GRID_CBE_01822,15057.45
GRID_CBE_01823,14200.9
GRID_CBE_01824,13364.29
GRID_CBE_01825,12551.6
GRID_CBE_01826,11767.81
GRID_CBE_01827,11019.08
GRID_CBE_01828,10313.04
GRID_CBE_01829,9659.06
GRID_CBE_01830,9068.41
GRID_CBE_01831,8554.22
GRID_CBE_01832,8131.01
GRID_CBE_01833,7813.58
GRID_CBE_01834,7615.16
GRID_CBE_01835,7545.15
GRID_CBE_01836,7551.01
GRID_CBE_01837,7557.28
GRID_CBE_01838,7563.54
GRID_CBE_01839,7596.57
GRID_CBE_01840,7288.04
GRID_CBE_01841,6657.02
GRID_CBE_01842,6125.05
GRID_CBE_01843,5719.84
GRID_CBE_01844,5469.64
GRID_CBE_01845,5395.65
GRID_CBE_01846,5402.16
GRID_CBE_01847,5494.95
GRID_CBE_01848,5762.35
GRID_CBE_01849,6181.82
GRID_CBE_01850,6724.96
GRID_CBE_01851,7364.46
GRID_CBE_01852,8077.47
GRID_CBE_01853,8846.22
GRID_CBE_01854,9657.43
GRID_CBE_01855,10494.4
GRID_CBE_01856,11332.81
GRID_CBE_01857,12171.21
GRID_CBE_01858,13009.62
GRID_CBE_01859,13848.02
GRID_CBE_01860,14686.42
GRID_CBE_01861,15524.83
GRID_CBE_01862,16363.23
GRID_CBE_01863,17201.64
GRID_CBE_01864,18040.04
GRID_CBE_01865,18878.44
GRID_CBE_01866,19716.85
GRID_CBE_01867,20555.25
GRID_CBE_01868,21393.66
GRID_CBE_01869,22232.06
GRID_CBE_01870,23070.46
GRID_CBE_01871,23908.87
GRID_CBE_01872,24747.27
GRID_CBE_01873,40562.21
GRID_CBE_01874,39575.65
GRID_CBE_01875,38589.77
GRID_CBE_01876,37604.64
GRID_CBE_01877,36620.32
GRID_CBE_01878,35636.87
GRID_CBE_01879,34654.37
GRID_CBE_01880,33672.89
GRID_CBE_01881,32692.54
GRID_CBE_01882,31713.42
GRID_CBE_01883,30735.64
GRID_CBE_01884,29759.34
GRID_CBE_01885,28784.67
GRID_CBE_01886,27811.79
GRID_CBE_01887,26840.91
GRID_CBE_01888,25872.24
GRID_CBE_01889,24906.05
GRID_CBE_01890,23942.64
GRID_CBE_01891,22982.36
GRID_CBE_01892,22025.61
GRID_CBE_01893,21072.88
GRID_CBE_01894,20124.73
GRID_CBE_01895,19181.85
GRID_CBE_01896,18245.06
GRID_CBE_01897,17315.33
GRID_CBE_01898,16393.88
GRID_CBE_01899,15482.18
GRID_CBE_01900,14582.07
GRID_CBE_01901,13695.81
GRID_CBE_01902,12826.3
GRID_CBE_01903,11977.17
GRID_CBE_01904,11153.08
GRID_CBE_01905,10360.01
GRID_CBE_01906,9605.65
GRID_CBE_01907,8899.84
GRID_CBE_01908,8255.05
GRID_CBE_01909,7686.64
GRID_CBE_01910,7212.71
GRID_CBE_01911,6852.87
GRID_CBE_01912,6625.74
GRID_CBE_01913,6545.16
GRID_CBE_01914,6551.03
GRID_CBE_01915,6557.3
GRID_CBE_01916,6563.56
GRID_CBE_01917,6601.25
GRID_CBE_01918,6582.19
GRID_CBE_01919,5875.85
GRID_CBE_01920,5265.55
GRID_CBE_01921,4788.15
GRID_CBE_01922,4486.28
GRID_CBE_01923,4395.67
GRID_CBE_01924,4402.18
GRID_CBE_01925,4515.53
GRID_CBE_01926,4837.37
GRID_CBE_01927,5330.14
GRID_CBE_01928,5951.52
GRID_CBE_01929,6665.64
GRID_CBE_01930,7445.87
GRID_CBE_01931,8272.55
GRID_CBE_01932,9110.95
GRID_CBE_01933,9949.35
GRID_CBE_01934,10787.76
GRID_CBE_01935,11626.16
GRID_CBE_01936,12464.57
GRID_CBE_01937,13302.97
GRID_CBE_01938,14141.37
GRID_CBE_01939,14979.78
GRID_CBE_01940,15818.18
GRID_CBE_01941,16656.59
GRID_CBE_01942,17494.99
GRID_CBE_01943,18333.4
GRID_CBE_01944,19171.8
GRID_CBE_01945,20010.2
GRID_CBE_01946,20848.61
GRID_CBE_01947,21687.01
GRID_CBE_01948,22525.42
GRID_CBE_01949,23363.82
GRID_CBE_01950,24202.22
GRID_CBE_01951,40412.91
GRID_CBE_01952,39422.6
GRID_CBE_01953,38432.8
GRID_CBE_01954,37443.54
GRID_CBE_01955,36454.87
GRID_CBE_01956,35466.83
GRID_CBE_01957,34479.49
GRID_CBE_01958,33492.89
GRID_CBE_01959,32507.11
GRID_CBE_01960,31522.23
GRID_CBE_01961,30538.33
GRID_CBE_01962,29555.51
GRID_CBE_01963,28573.88
GRID_CBE_01964,27593.58
GRID_CBE_01965,26614.73
GRID_CBE_01966,25637.53
GRID_CBE_01967,24662.14
GRID_CBE_01968,23688.82
GRID_CBE_01969,22717.81
GRID_CBE_01970,21749.42
GRID_CBE_01971,20784.03
GRID_CBE_01972,19822.07
GRID_CBE_01973,18864.07
GRID_CBE_01974,17910.66
GRID_CBE_01975,16962.62
GRID_CBE_01976,16020.9
GRID_CBE_01977,15086.68
GRID_CBE_01978,14161.44
GRID_CBE_01979,13247.08
GRID_CBE_01980,12346.0
GRID_CBE_01981,11461.35
GRID_CBE_01982,10597.22
GRID_CBE_01983,9759.08
GRID_CBE_01984,8954.24
GRID_CBE_01985,8192.5
GRID_CBE_01986,7487.03
GRID_CBE_01987,6855.24
GRID_CBE_01988,6319.25
GRID_CBE_01989,5905.22
GRID_CBE_01990,5640.06
GRID_CBE_01991,5545.17
GRID_CBE_01992,5551.05
GRID_CBE_01993,5557.32
GRID_CBE_01994,5563.58
GRID_CBE_01995,5607.6
GRID_CBE_01996,5814.99
GRID_CBE_01997,5170.63
GRID_CBE_01998,4464.95
GRID_CBE_01999,3890.52
GRID_CBE_02000,3512.33
GRID_CBE_02001,3395.7
GRID_CBE_02002,3402.2
GRID_CBE_02003,3547.6
GRID_CBE_02004,3949.14
GRID_CBE_02005,4539.37
GRID_CBE_02006,5255.1
GRID_CBE_02007,6051.97
GRID_CBE_02008,6889.09
GRID_CBE_02009,7727.5
GRID_CBE_02010,8565.9
GRID_CBE_02011,9404.3
GRID_CBE_02012,10242.71
GRID_CBE_02013,11081.11
GRID_CBE_02014,11919.52
GRID_CBE_02015,12757.92
GRID_CBE_02016,13596.33
GRID_CBE_02017,14434.73
GRID_CBE_02018,15273.13
GRID_CBE_02019,16111.54
GRID_CBE_02020,16949.94
GRID_CBE_02021,17788.35
GRID_CBE_02022,18626.75
GRID_CBE_02023,19465.15
GRID_CBE_02024,20303.56
GRID_CBE_02025,21141.96
GRID_CBE_02026,21980.37
GRID_CBE_02027,22818.77
GRID_CBE_02028,23657.17
GRID_CBE_02029,40287.87
GRID_CBE_02030,39294.42
GRID_CBE_02031,38301.31
GRID_CBE_02032,37308.56
GRID_CBE_02033,36316.21
GRID_CBE_02034,35324.3
GRID_CBE_02035,34332.85
GRID_CBE_02036,33341.92
GRID_CBE_02037,32351.54
GRID_CBE_02038,31361.77
GRID_CBE_02039,30372.67
GRID_CBE_02040,29384.31
GRID_CBE_02041,28396.77
GRID_CBE_02042,27410.13
GRID_CBE_02043,26424.49
GRID_CBE_02044,25439.98
GRID_CBE_02045,24456.72
GRID_CBE_02046,23474.88
GRID_CBE_02047,22494.63
GRID_CBE_02048,21516.21
GRID_CBE_02049,20539.86
GRID_CBE_02050,19565.9
GRID_CBE_02051,18594.71
GRID_CBE_02052,17626.73
GRID_CBE_02053,16662.54
GRID_CBE_02054,15702.84
GRID_CBE_02055,14748.48
GRID_CBE_02056,13800.59
GRID_CBE_02057,12860.6
GRID_CBE_02058,11930.37
GRID_CBE_02059,11012.37
GRID_CBE_02060,10109.94
GRID_CBE_02061,9227.65
GRID_CBE_02062,8371.87
GRID_CBE_02063,7551.61
GRID_CBE_02064,6779.79
GRID_CBE_02065,6074.88
GRID_CBE_02066,5462.86
GRID_CBE_02067,4978.1
GRID_CBE_02068,4660.48
GRID_CBE_02069,4545.19
GRID_CBE_02070,4551.07
GRID_CBE_02071,4557.34
GRID_CBE_02072,4563.6
GRID_CBE_02073,4616.69
GRID_CBE_02074,4866.49
GRID_CBE_02075,4576.59
GRID_CBE_02076,3761.06
GRID_CBE_02077,3057.11
GRID_CBE_02078,2558.56
GRID_CBE_02079,2395.72
GRID_CBE_02080,2402.22
GRID_CBE_02081,2604.04
GRID_CBE_02082,3129.09
GRID_CBE_02083,3847.26
GRID_CBE_02084,4667.24
GRID_CBE_02085,5505.64
GRID_CBE_02086,6344.04
GRID_CBE_02087,7182.45
GRID_CBE_02088,8020.85
GRID_CBE_02089,8859.26
GRID_CBE_02090,9697.66
GRID_CBE_02091,10536.06
GRID_CBE_02092,11374.47
GRID_CBE_02093,12212.87
GRID_CBE_02094,13051.28
GRID_CBE_02095,13889.68
GRID_CBE_02096,14728.08
GRID_CBE_02097,15566.49
GRID_CBE_02098,16404.89
GRID_CBE_02099,17243.3
GRID_CBE_02100,18081.7
GRID_CBE_02101,18920.11
GRID_CBE_02102,19758.51
GRID_CBE_02103,20596.91
GRID_CBE_02104,21435.32
GRID_CBE_02105,22273.72
GRID_CBE_02106,23112.13
GRID_CBE_02107,40187.34
GRID_CBE_02108,39191.34
GRID_CBE_02109,38195.55
GRID_CBE_02110,37199.98
GRID_CBE_02111,36204.66
GRID_CBE_02112,35209.6
GRID_CBE_02113,34214.83
GRID_CBE_02114,33220.37
GRID_CBE_02115,32226.26
GRID_CBE_02116,31232.52
GRID_CBE_02117,30239.2
GRID_CBE_02118,29246.33
GRID_CBE_02119,28253.96
GRID_CBE_02120,27262.15
GRID_CBE_02121,26270.97
GRID_CBE_02122,25280.47
GRID_CBE_02123,24290.76
GRID_CBE_02124,23301.92
GRID_CBE_02125,22314.08
GRID_CBE_02126,21327.38
GRID_CBE_02127,20341.97
GRID_CBE_02128,19358.05
GRID_CBE_02129,18375.88
GRID_CBE_02130,17395.73
GRID_CBE_02131,16417.98
GRID_CBE_02132,15443.08
GRID_CBE_02133,14471.61
GRID_CBE_02134,13504.3
GRID_CBE_02135,12542.12
GRID_CBE_02136,11586.35
GRID_CBE_02137,10638.71
GRID_CBE_02138,9701.58
GRID_CBE_02139,8778.35
GRID_CBE_02140,7873.88
GRID_CBE_02141,6995.48
GRID_CBE_02142,6154.29
GRID_CBE_02143,5367.87
GRID_CBE_02144,4663.97
GRID_CBE_02145,4085.5
GRID_CBE_02146,3691.87
GRID_CBE_02147,3545.22
GRID_CBE_02148,3551.09
GRID_CBE_02149,3557.36
GRID_CBE_02150,3563.62
GRID_CBE_02151,3630.77
GRID_CBE_02152,3943.53
GRID_CBE_02153,4141.85
GRID_CBE_02154,3217.97
GRID_CBE_02155,2357.05
GRID_CBE_02156,1660.13
GRID_CBE_02157,1395.74
GRID_CBE_02158,1402.25
GRID_CBE_02159,1725.26
GRID_CBE_02160,2446.78
GRID_CBE_02161,3283.78
GRID_CBE_02162,4122.19
GRID_CBE_02163,4960.59
GRID_CBE_02164,5798.99
GRID_CBE_02165,6637.4
GRID_CBE_02166,7475.8
GRID_CBE_02167,8314.21
GRID_CBE_02168,9152.61
GRID_CBE_02169,9991.01
GRID_CBE_02170,10829.42
GRID_CBE_02171,11667.82
GRID_CBE_02172,12506.23
GRID_CBE_02173,13344.63
GRID_CBE_02174,14183.04
GRID_CBE_02175,15021.44
GRID_CBE_02176,15859.84
GRID_CBE_02177,16698.25
GRID_CBE_02178,17536.65
GRID_CBE_02179,18375.06
GRID_CBE_02180,19213.46
GRID_CBE_02181,20051.86
GRID_CBE_02182,20890.27
GRID_CBE_02183,21728.67
GRID_CBE_02184,22567.08
GRID_CBE_02185,40111.5
GRID_CBE_02186,39113.57
GRID_CBE_02187,38115.74
GRID_CBE_02188,37118.03
GRID_CBE_02189,36120.45
GRID_CBE_02190,35123.01
GRID_CBE_02191,34125.71
GRID_CBE_02192,33128.58
GRID_CBE_02193,32131.63
GRID_CBE_02194,31134.87
GRID_CBE_02195,30138.33
GRID_CBE_02196,29142.02
GRID_CBE_02197,28145.98
GRID_CBE_02198,27150.23
GRID_CBE_02199,26154.8
GRID_CBE_02200,25159.73
GRID_CBE_02201,24165.08
GRID_CBE_02202,23170.88
GRID_CBE_02203,22177.2
GRID_CBE_02204,21184.12
GRID_CBE_02205,20191.72
GRID_CBE_02206,19200.11
GRID_CBE_02207,18209.41
GRID_CBE_02208,17219.8
GRID_CBE_02209,16231.45
GRID_CBE_02210,15244.63
GRID_CBE_02211,14259.64
GRID_CBE_02212,13276.9
GRID_CBE_02213,12296.94
GRID_CBE_02214,11320.48
GRID_CBE_02215,10348.52
GRID_CBE_02216,9382.46
GRID_CBE_02217,8424.32
GRID_CBE_02218,7477.16
GRID_CBE_02219,6545.73
GRID_CBE_02220,5637.83
GRID_CBE_02221,4766.95
GRID_CBE_02222,3957.58
GRID_CBE_02223,3255.93
GRID_CBE_02224,2745.86
GRID_CBE_02225,2545.27
GRID_CBE_02226,2551.11
GRID_CBE_02227,2557.38
GRID_CBE_02228,2563.64
GRID_CBE_02229,2655.4
GRID_CBE_02230,3069.21
GRID_CBE_02231,3713.35
GRID_CBE_02232,2926.61
GRID_CBE_02233,1940.47
GRID_CBE_02234,982.75
GRID_CBE_02235,395.76
GRID_CBE_02236,402.27
GRID_CBE_02237,1061.92
GRID_CBE_02238,1900.33
GRID_CBE_02239,2738.73
GRID_CBE_02240,3577.14
GRID_CBE_02241,4415.54
GRID_CBE_02242,5253.95
GRID_CBE_02243,6092.35
GRID_CBE_02244,6930.75
GRID_CBE_02245,7769.16
GRID_CBE_02246,8607.56
GRID_CBE_02247,9445.97
GRID_CBE_02248,10284.37
GRID_CBE_02249,11122.77
GRID_CBE_02250,11961.18
GRID_CBE_02251,12799.58
GRID_CBE_02252,13637.99
GRID_CBE_02253,14476.39
GRID_CBE_02254,15314.79
GRID_CBE_02255,16153.2
GRID_CBE_02256,16991.6
GRID_CBE_02257,17830.01
GRID_CBE_02258,18668.41
GRID_CBE_02259,19506.82
GRID_CBE_02260,20345.22
GRID_CBE_02261,21183.62
GRID_CBE_02262,22022.03
GRID_CBE_02263,40060.48
GRID_CBE_02264,39061.25
GRID_CBE_02265,38062.05
GRID_CBE_02266,37062.9
GRID_CBE_02267,36063.79
GRID_CBE_02268,35064.73
GRID_CBE_02269,34065.73
GRID_CBE_02270,33066.79
GRID_CBE_02271,32067.92
GRID_CBE_02272,31069.12
GRID_CBE_02273,30070.4
GRID_CBE_02274,29071.76
GRID_CBE_02275,28073.23
GRID_CBE_02276,27074.8
GRID_CBE_02277,26076.49
GRID_CBE_02278,25078.32
GRID_CBE_02279,24080.3
GRID_CBE_02280,23082.45
GRID_CBE_02281,22084.79
GRID_CBE_02282,21087.36
GRID_CBE_02283,20090.18
GRID_CBE_02284,19093.3
GRID_CBE_02285,18096.76
GRID_CBE_02286,17100.62
GRID_CBE_02287,16104.96
GRID_CBE_02288,15109.88
GRID_CBE_02289,14115.49
GRID_CBE_02290,13121.96
GRID_CBE_02291,12129.49
GRID_CBE_02292,11138.36
GRID_CBE_02293,10148.98
GRID_CBE_02294,9161.9
GRID_CBE_02295,8177.96
GRID_CBE_02296,7198.45
GRID_CBE_02297,6225.46
GRID_CBE_02298,5262.6
GRID_CBE_02299,4316.67
GRID_CBE_02300,3401.81
GRID_CBE_02301,2551.65
GRID_CBE_02302,1857.31
GRID_CBE_02303,1545.39
GRID_CBE_02304,1551.13
GRID_CBE_02305,1557.4
GRID_CBE_02306,1563.66
GRID_CBE_02307,1708.74
GRID_CBE_02308,2299.72
GRID_CBE_02309,3107.67
GRID_CBE_02310,2962.24
GRID_CBE_02311,1993.79
GRID_CBE_02312,1084.11
GRID_CBE_02313,245.72
GRID_CBE_02314,0.0
GRID_CBE_02315,516.88
GRID_CBE_02316,1355.28
GRID_CBE_02317,2193.68
GRID_CBE_02318,3032.09
GRID_CBE_02319,3870.49
GRID_CBE_02320,4708.9
GRID_CBE_02321,5547.3
GRID_CBE_02322,6385.7
GRID_CBE_02323,7224.11
GRID_CBE_02324,8062.51
GRID_CBE_02325,8900.92
GRID_CBE_02326,9739.32
GRID_CBE_02327,10577.72
GRID_CBE_02328,11416.13
GRID_CBE_02329,12254.53
GRID_CBE_02330,13092.94
GRID_CBE_02331,13931.34
GRID_CBE_02332,14769.75
GRID_CBE_02333,15608.15
GRID_CBE_02334,16446.55
GRID_CBE_02335,17284.96
GRID_CBE_02336,18123.36
GRID_CBE_02337,18961.77
GRID_CBE_02338,19800.17
GRID_CBE_02339,20638.57
GRID_CBE_02340,21476.98
GRID_CBE_02341,40034.39
GRID_CBE_02342,39034.48
GRID_CBE_02343,38034.58
GRID_CBE_02344,37034.69
GRID_CBE_02345,36034.8
GRID_CBE_02346,35034.92
GRID_CBE_02347,34035.04
GRID_CBE_02348,33035.17
GRID_CBE_02349,32035.31
GRID_CBE_02350,31035.46
GRID_CBE_02351,30035.62
GRID_CBE_02352,29035.79
GRID_CBE_02353,28035.98
GRID_CBE_02354,27036.17
GRID_CBE_02355,26036.38
GRID_CBE_02356,25036.61
GRID_CBE_02357,24036.86
GRID_CBE_02358,23037.13
GRID_CBE_02359,22037.42
GRID_CBE_02360,21037.74
GRID_CBE_02361,20038.09
GRID_CBE_02362,19038.48
GRID_CBE_02363,18038.91
GRID_CBE_02364,17039.4
GRID_CBE_02365,16039.94
GRID_CBE_02366,15040.56
GRID_CBE_02367,14041.26
GRID_CBE_02368,13042.07
GRID_CBE_02369,12043.02
GRID_CBE_02370,11044.14
GRID_CBE_02371,10045.48
GRID_CBE_02372,9047.11
GRID_CBE_02373,8049.15
GRID_CBE_02374,7051.77
GRID_CBE_02375,6055.26
GRID_CBE_02376,5060.12
GRID_CBE_02377,4067.37
GRID_CBE_02378,3079.3
GRID_CBE_02379,2102.56
GRID_CBE_02380,1165.94
GRID_CBE_02381,545.95
GRID_CBE_02382,551.15
GRID_CBE_02383,557.42
GRID_CBE_02384,563.68
GRID_CBE_02385,887.96
GRID_CBE_02386,1776.9
GRID_CBE_02387,2743.41
GRID_CBE_02388,3314.3
GRID_CBE_02389,2467.57
GRID_CBE_02390,1629.18
GRID_CBE_02391,790.79
GRID_CBE_02392,0.0
GRID_CBE_02393,0.0
GRID_CBE_02394,810.23
GRID_CBE_02395,1648.63
GRID_CBE_02396,2487.04
GRID_CBE_02397,3325.44
GRID_CBE_02398,4163.85
GRID_CBE_02399,5002.25
GRID_CBE_02400,5840.66
GRID_CBE_02401,6679.06
GRID_CBE_02402,7517.46
GRID_CBE_02403,8355.87
GRID_CBE_02404,9194.27
GRID_CBE_02405,10032.68
GRID_CBE_02406,10871.08
GRID_CBE_02407,11709.48
GRID_CBE_02408,12547.89
GRID_CBE_02409,13386.29
GRID_CBE_02410,14224.7
GRID_CBE_02411,15063.1
GRID_CBE_02412,15901.5
GRID_CBE_02413,16739.91
GRID_CBE_02414,17578.31
GRID_CBE_02415,18416.72
GRID_CBE_02416,19255.12
GRID_CBE_02417,20093.53
GRID_CBE_02418,20931.93
GRID_CBE_02419,40027.07
GRID_CBE_02420,39027.09
GRID_CBE_02421,38027.11
GRID_CBE_02422,37027.13
GRID_CBE_02423,36027.14
GRID_CBE_02424,35027.16
GRID_CBE_02425,34027.18
GRID_CBE_02426,33027.2
GRID_CBE_02427,32027.22
GRID_CBE_02428,31027.24
GRID_CBE_02429,30027.26
GRID_CBE_02430,29027.28
GRID_CBE_02431,28027.3
GRID_CBE_02432,27027.32
GRID_CBE_02433,26027.34
GRID_CBE_02434,25027.36
GRID_CBE_02435,24027.38
GRID_CBE_02436,23027.4
GRID_CBE_02437,22027.42
GRID_CBE_02438,21027.44
GRID_CBE_02439,20027.45
GRID_CBE_02440,19027.47
GRID_CBE_02441,18027.49
GRID_CBE_02442,17027.51
GRID_CBE_02443,16027.53
GRID_CBE_02444,15027.55
GRID_CBE_02445,14027.57
GRID_CBE_02446,13027.59
GRID_CBE_02447,12027.61
GRID_CBE_02448,11027.63
GRID_CBE_02449,10027.65
GRID_CBE_02450,9027.67
GRID_CBE_02451,8027.69
GRID_CBE_02452,7027.71
GRID_CBE_02453,6027.73
GRID_CBE_02454,5027.75
GRID_CBE_02455,4027.76
GRID_CBE_02456,3027.78
GRID_CBE_02457,2027.8
GRID_CBE_02458,1027.82
GRID_CBE_02459,27.84
GRID_CBE_02460,0.0
GRID_CBE_02461,0.0
GRID_CBE_02462,0.0
GRID_CBE_02463,687.19
GRID_CBE_02464,1687.17
GRID_CBE_02465,2687.15
GRID_CBE_02466,3687.13
GRID_CBE_02467,3012.64
GRID_CBE_02468,2174.26
GRID_CBE_02469,1335.87
GRID_CBE_02470,497.48
GRID_CBE_02471,0.0
GRID_CBE_02472,265.18
GRID_CBE_02473,1103.59
GRID_CBE_02474,1941.99
GRID_CBE_02475,2780.39
GRID_CBE_02476,3618.8
GRID_CBE_02477,4457.2
GRID_CBE_02478,5295.61
GRID_CBE_02479,6134.01
GRID_CBE_02480,6972.41
GRID_CBE_02481,7810.82
GRID_CBE_02482,8649.22
GRID_CBE_02483,9487.63
GRID_CBE_02484,10326.03
GRID_CBE_02485,11164.43
GRID_CBE_02486,12002.84
GRID_CBE_02487,12841.24
GRID_CBE_02488,13679.65
GRID_CBE_02489,14518.05
GRID_CBE_02490,15356.46
GRID_CBE_02491,16194.86
GRID_CBE_02492,17033.26
GRID_CBE_02493,17871.67
GRID_CBE_02494,18710.07
GRID_CBE_02495,19548.48
GRID_CBE_02496,20386.88
GRID_CBE_02497,40020.84
GRID_CBE_02498,39020.86
GRID_CBE_02499,38020.88
GRID_CBE_02500,37020.9
GRID_CBE_02501,36020.92
GRID_CBE_02502,35020.94
GRID_CBE_02503,34020.96
GRID_CBE_02504,33020.98
GRID_CBE_02505,32020.99
GRID_CBE_02506,31021.01
GRID_CBE_02507,30021.03
GRID_CBE_02508,29021.05
GRID_CBE_02509,28021.07
GRID_CBE_02510,27021.09
GRID_CBE_02511,26021.11
GRID_CBE_02512,25021.13
GRID_CBE_02513,24021.15
GRID_CBE_02514,23021.17
GRID_CBE_02515,22021.19
GRID_CBE_02516,21021.21
GRID_CBE_02517,20021.23
GRID_CBE_02518,19021.25
GRID_CBE_02519,18021.27
GRID_CBE_02520,17021.29
GRID_CBE_02521,16021.3
GRID_CBE_02522,15021.32
GRID_CBE_02523,14021.34
GRID_CBE_02524,13021.36
GRID_CBE_02525,12021.38
GRID_CBE_02526,11021.4
GRID_CBE_02527,10021.42
GRID_CBE_02528,9021.44
GRID_CBE_02529,8021.46
GRID_CBE_02530,7021.48
GRID_CBE_02531,6021.5
GRID_CBE_02532,5021.52
GRID_CBE_02533,4021.54
GRID_CBE_02534,3021.56
GRID_CBE_02535,2021.58
GRID_CBE_02536,1021.6
GRID_CBE_02537,21.61
GRID_CBE_02538,0.0
GRID_CBE_02539,0.0
GRID_CBE_02540,0.0
GRID_CBE_02541,693.51
GRID_CBE_02542,1693.49
GRID_CBE_02543,2693.47
GRID_CBE_02544,3693.45
GRID_CBE_02545,3557.72
GRID_CBE_02546,2719.33
GRID_CBE_02547,1880.95
GRID_CBE_02548,1042.56
GRID_CBE_02549,204.17
GRID_CBE_02550,0.0
GRID_CBE_02551,558.54
GRID_CBE_02552,1396.94
GRID_CBE_02553,2235.34
GRID_CBE_02554,3073.75
GRID_CBE_02555,3912.15
GRID_CBE_02556,4750.56
GRID_CBE_02557,5588.96
GRID_CBE_02558,6427.37
GRID_CBE_02559,7265.77
GRID_CBE_02560,8104.17
GRID_CBE_02561,8942.58
GRID_CBE_02562,9780.98
GRID_CBE_02563,10619.39
GRID_CBE_02564,11457.79
GRID_CBE_02565,12296.19
GRID_CBE_02566,13134.6
GRID_CBE_02567,13973.0
GRID_CBE_02568,14811.41
GRID_CBE_02569,15649.81
GRID_CBE_02570,16488.21
GRID_CBE_02571,17326.62
GRID_CBE_02572,18165.02
GRID_CBE_02573,19003.43
GRID_CBE_02574,19841.83
GRID_CBE_02575,40014.61
GRID_CBE_02576,39014.63
GRID_CBE_02577,38014.65
GRID_CBE_02578,37014.67
GRID_CBE_02579,36014.69
GRID_CBE_02580,35014.71
GRID_CBE_02581,34014.73
GRID_CBE_02582,33014.75
GRID_CBE_02583,32014.77
GRID_CBE_02584,31014.79
GRID_CBE_02585,30014.81
GRID_CBE_02586,29014.83
GRID_CBE_02587,28014.84
GRID_CBE_02588,27014.86
GRID_CBE_02589,26014.88
GRID_CBE_02590,25014.9
GRID_CBE_02591,24014.92
GRID_CBE_02592,23014.94
GRID_CBE_02593,22014.96
GRID_CBE_02594,21014.98
GRID_CBE_02595,20015.0
GRID_CBE_02596,19015.02
GRID_CBE_02597,18015.04
GRID_CBE_02598,17015.06
GRID_CBE_02599,16015.08
GRID_CBE_02600,15015.1
GRID_CBE_02601,14015.12
GRID_CBE_02602,13015.14
GRID_CBE_02603,12015.15
GRID_CBE_02604,11015.17
GRID_CBE_02605,10015.19
GRID_CBE_02606,9015.21
GRID_CBE_02607,8015.23
GRID_CBE_02608,7015.25
GRID_CBE_02609,6015.27
GRID_CBE_02610,5015.29
GRID_CBE_02611,4015.31
GRID_CBE_02612,3015.33
GRID_CBE_02613,2015.35
GRID_CBE_02614,1015.37
GRID_CBE_02615,15.39
GRID_CBE_02616,0.0
GRID_CBE_02617,0.0
GRID_CBE_02618,0.0
GRID_CBE_02619,699.84
GRID_CBE_02620,1699.82
GRID_CBE_02621,2699.8
GRID_CBE_02622,3699.78
GRID_CBE_02623,4102.8
GRID_CBE_02624,3264.41
GRID_CBE_02625,2426.02
GRID_CBE_02626,1587.64
GRID_CBE_02627,749.25
GRID_CBE_02628,0.0
GRID_CBE_02629,13.49
GRID_CBE_02630,851.89
GRID_CBE_02631,1690.3
GRID_CBE_02632,2528.7
GRID_CBE_02633,3367.1
GRID_CBE_02634,4205.51
GRID_CBE_02635,5043.91
GRID_CBE_02636,5882.32
GRID_CBE_02637,6720.72
GRID_CBE_02638,7559.12
GRID_CBE_02639,8397.53
GRID_CBE_02640,9235.93
GRID_CBE_02641,10074.34
GRID_CBE_02642,10912.74
GRID_CBE_02643,11751.14
GRID_CBE_02644,12589.55
GRID_CBE_02645,13427.95
GRID_CBE_02646,14266.36
GRID_CBE_02647,15104.76
GRID_CBE_02648,15943.17
GRID_CBE_02649,16781.57
GRID_CBE_02650,17619.97
GRID_CBE_02651,18458.38
GRID_CBE_02652,19296.78
GRID_CBE_02653,40010.24
GRID_CBE_02654,39010.24
GRID_CBE_02655,38010.25
GRID_CBE_02656,37010.26
GRID_CBE_02657,36010.26
GRID_CBE_02658,35010.27
GRID_CBE_02659,34010.28
GRID_CBE_02660,33010.29
GRID_CBE_02661,32010.3
GRID_CBE_02662,31010.31
GRID_CBE_02663,30010.32
GRID_CBE_02664,29010.33
GRID_CBE_02665,28010.34
GRID_CBE_02666,27010.35
GRID_CBE_02667,26010.36
GRID_CBE_02668,25010.38
GRID_CBE_02669,24010.39
GRID_CBE_02670,23010.41
GRID_CBE_02671,22010.43
GRID_CBE_02672,21010.45
GRID_CBE_02673,20010.47
GRID_CBE_02674,19010.49
GRID_CBE_02675,18010.52
GRID_CBE_02676,17010.55
GRID_CBE_02677,16010.59
GRID_CBE_02678,15010.62
GRID_CBE_02679,14010.67
GRID_CBE_02680,13010.72
GRID_CBE_02681,12010.78
GRID_CBE_02682,11010.85
GRID_CBE_02683,10010.93
GRID_CBE_02684,9011.04
GRID_CBE_02685,8011.16
GRID_CBE_02686,7011.33
GRID_CBE_02687,6011.55
GRID_CBE_02688,5011.86
GRID_CBE_02689,4012.32
GRID_CBE_02690,3013.08
GRID_CBE_02691,2014.61
GRID_CBE_02692,1019.13
GRID_CBE_02693,136.45
GRID_CBE_02694,129.86
GRID_CBE_02695,123.58
GRID_CBE_02696,117.29
GRID_CBE_02697,714.83
GRID_CBE_02698,1709.35
GRID_CBE_02699,2707.91
GRID_CBE_02700,3707.24
GRID_CBE_02701,4647.87
GRID_CBE_02702,3809.49
GRID_CBE_02703,2971.1
GRID_CBE_02704,2132.71
GRID_CBE_02705,1294.33
GRID_CBE_02706,455.94
GRID_CBE_02707,0.0
GRID_CBE_02708,306.84
GRID_CBE_02709,1145.25
GRID_CBE_02710,1983.65
GRID_CBE_02711,2822.05
GRID_CBE_02712,3660.46
GRID_CBE_02713,4498.86
GRID_CBE_02714,5337.27
GRID_CBE_02715,6175.67
GRID_CBE_02716,7014.08
GRID_CBE_02717,7852.48
GRID_CBE_02718,8690.88
GRID_CBE_02719,9529.29
GRID_CBE_02720,10367.69
GRID_CBE_02721,11206.1
GRID_CBE_02722,12044.5
GRID_CBE_02723,12882.9
GRID_CBE_02724,13721.31
GRID_CBE_02725,14559.71
GRID_CBE_02726,15398.12
GRID_CBE_02727,16236.52
GRID_CBE_02728,17074.92
GRID_CBE_02729,17913.33
GRID_CBE_02730,18751.73
GRID_CBE_02731,40026.13
GRID_CBE_02732,39026.55
GRID_CBE_02733,38026.98
GRID_CBE_02734,37027.44
GRID_CBE_02735,36027.92
GRID_CBE_02736,35028.44
GRID_CBE_02737,34028.98
GRID_CBE_02738,33029.55
GRID_CBE_02739,32030.16
GRID_CBE_02740,31030.81
GRID_CBE_02741,30031.5
GRID_CBE_02742,29032.24
GRID_CBE_02743,28033.04
GRID_CBE_02744,27033.89
GRID_CBE_02745,26034.81
GRID_CBE_02746,25035.8
GRID_CBE_02747,24036.87
GRID_CBE_02748,23038.04
GRID_CBE_02749,22039.31
GRID_CBE_02750,21040.7
GRID_CBE_02751,20042.23
GRID_CBE_02752,19043.92
GRID_CBE_02753,18045.8
GRID_CBE_02754,17047.9
GRID_CBE_02755,16050.27
GRID_CBE_02756,15052.94
GRID_CBE_02757,14056.0
GRID_CBE_02758,13059.52
GRID_CBE_02759,12063.62
GRID_CBE_02760,11068.47
GRID_CBE_02761,10074.27
GRID_CBE_02762,9081.35
GRID_CBE_02763,8090.17
GRID_CBE_02764,7101.47
GRID_CBE_02765,6116.44
GRID_CBE_02766,5137.2
GRID_CBE_02767,4167.83
GRID_CBE_02768,3217.27
GRID_CBE_02769,2308.86
GRID_CBE_02770,1520.13
GRID_CBE_02771,1136.13
GRID_CBE_02772,1129.84
GRID_CBE_02773,1123.56
GRID_CBE_02774,1117.27
GRID_CBE_02775,1319.8
GRID_CBE_02776,2037.83
GRID_CBE_02777,2926.37
GRID_CBE_02778,3869.69
GRID_CBE_02779,4835.85
GRID_CBE_02780,4354.56
GRID_CBE_02781,3516.17
GRID_CBE_02782,2677.79
GRID_CBE_02783,1839.4
GRID_CBE_02784,1001.01
GRID_CBE_02785,162.63
GRID_CBE_02786,0.0
GRID_CBE_02787,600.2
GRID_CBE_02788,1438.6
GRID_CBE_02789,2277.01
GRID_CBE_02790,3115.41
GRID_CBE_02791,3953.81
GRID_CBE_02792,4792.22
GRID_CBE_02793,5630.62
GRID_CBE_02794,6469.03
GRID_CBE_02795,7307.43
GRID_CBE_02796,8145.83
GRID_CBE_02797,8984.24
GRID_CBE_02798,9822.64
GRID_CBE_02799,10661.05
GRID_CBE_02800,11499.45
GRID_CBE_02801,12337.85
GRID_CBE_02802,13176.26
GRID_CBE_02803,14014.66
GRID_CBE_02804,14853.07
GRID_CBE_02805,15691.47
GRID_CBE_02806,16529.88
GRID_CBE_02807,17368.28
GRID_CBE_02808,18206.68
GRID_CBE_02809,40066.99
GRID_CBE_02810,39068.45
GRID_CBE_02811,38069.98
GRID_CBE_02812,37071.6
GRID_CBE_02813,36073.31
GRID_CBE_02814,35075.11
GRID_CBE_02815,34077.02
GRID_CBE_02816,33079.05
GRID_CBE_02817,32081.2
GRID_CBE_02818,31083.49
GRID_CBE_02819,30085.93
GRID_CBE_02820,29088.54
GRID_CBE_02821,28091.34
GRID_CBE_02822,27094.34
GRID_CBE_02823,26097.57
GRID_CBE_02824,25101.06
GRID_CBE_02825,24104.84
GRID_CBE_02826,23108.94
GRID_CBE_02827,22113.42
GRID_CBE_02828,21118.32
GRID_CBE_02829,20123.7
GRID_CBE_02830,19129.64
GRID_CBE_02831,18136.24
GRID_CBE_02832,17143.61
GRID_CBE_02833,16151.88
GRID_CBE_02834,15161.24
GRID_CBE_02835,14171.91
GRID_CBE_02836,13184.2
GRID_CBE_02837,12198.49
GRID_CBE_02838,11215.31
GRID_CBE_02839,10235.39
GRID_CBE_02840,9259.76
GRID_CBE_02841,8289.94
GRID_CBE_02842,7328.24
GRID_CBE_02843,6378.33
GRID_CBE_02844,5446.38
GRID_CBE_02845,4543.46
GRID_CBE_02846,3690.94
GRID_CBE_02847,2933.08
GRID_CBE_02848,2362.83
GRID_CBE_02849,2136.11
GRID_CBE_02850,2129.82
GRID_CBE_02851,2123.54
GRID_CBE_02852,2117.25
GRID_CBE_02853,2229.97
GRID_CBE_02854,2717.29
GRID_CBE_02855,3434.32
GRID_CBE_02856,4266.78
GRID_CBE_02857,5159.1
GRID_CBE_02858,4899.64
GRID_CBE_02859,4061.25
GRID_CBE_02860,3222.86
GRID_CBE_02861,2384.48
GRID_CBE_02862,1546.09
GRID_CBE_02863,707.7
GRID_CBE_02864,0.0
GRID_CBE_02865,55.15
GRID_CBE_02866,893.55
GRID_CBE_02867,1731.96
GRID_CBE_02868,2570.36
GRID_CBE_02869,3408.76
GRID_CBE_02870,4247.17
GRID_CBE_02871,5085.57
GRID_CBE_02872,5923.98
GRID_CBE_02873,6762.38
GRID_CBE_02874,7600.79
GRID_CBE_02875,8439.19
GRID_CBE_02876,9277.59
GRID_CBE_02877,10116.0
GRID_CBE_02878,10954.4
GRID_CBE_02879,11792.81
GRID_CBE_02880,12631.21
GRID_CBE_02881,13469.61
GRID_CBE_02882,14308.02
GRID_CBE_02883,15146.42
GRID_CBE_02884,15984.83
GRID_CBE_02885,16823.64
GRID_CBE_02886,17668.45
GRID_CBE_02887,40132.73
GRID_CBE_02888,39135.86
GRID_CBE_02889,38139.16
GRID_CBE_02890,37142.64
GRID_CBE_02891,36146.31
GRID_CBE_02892,35150.19
GRID_CBE_02893,34154.29
GRID_CBE_02894,33158.64
GRID_CBE_02895,32163.26
GRID_CBE_02896,31168.18
GRID_CBE_02897,30173.43
GRID_CBE_02898,29179.03
GRID_CBE_02899,28185.02
GRID_CBE_02900,27191.46
GRID_CBE_02901,26198.39
GRID_CBE_02902,25205.86
GRID_CBE_02903,24213.95
GRID_CBE_02904,23222.74
GRID_CBE_02905,22232.31
GRID_CBE_02906,21242.77
GRID_CBE_02907,20254.27
GRID_CBE_02908,19266.95
GRID_CBE_02909,18281.01
GRID_CBE_02910,17296.69
GRID_CBE_02911,16314.27
GRID_CBE_02912,15334.12
GRID_CBE_02913,14356.72
GRID_CBE_02914,13382.65
GRID_CBE_02915,12412.71
GRID_CBE_02916,11447.94
GRID_CBE_02917,10489.77
GRID_CBE_02918,9540.19
GRID_CBE_02919,8602.05
GRID_CBE_02920,7679.53
GRID_CBE_02921,6779.03
GRID_CBE_02922,5910.6
GRID_CBE_02923,5090.7
GRID_CBE_02924,4346.86
GRID_CBE_02925,3724.94
GRID_CBE_02926,3294.71
GRID_CBE_02927,3136.09
GRID_CBE_02928,3129.8
GRID_CBE_02929,3123.52
GRID_CBE_02930,3117.23
GRID_CBE_02931,3194.31
GRID_CBE_02932,3551.69
GRID_CBE_02933,4126.19
GRID_CBE_02934,4841.11
GRID_CBE_02935,5643.33
GRID_CBE_02936,5444.71
GRID_CBE_02937,4606.33
GRID_CBE_02938,3767.94
GRID_CBE_02939,2929.55
GRID_CBE_02940,2091.17
GRID_CBE_02941,1252.78
GRID_CBE_02942,414.39
GRID_CBE_02943,0.0
GRID_CBE_02944,348.5
GRID_CBE_02945,1186.91
GRID_CBE_02946,2025.31
GRID_CBE_02947,2863.72
GRID_CBE_02948,3702.12
GRID_CBE_02949,4540.52
GRID_CBE_02950,5378.93
GRID_CBE_02951,6217.33
GRID_CBE_02952,7055.74
GRID_CBE_02953,7894.14
GRID_CBE_02954,8732.54
GRID_CBE_02955,9570.95
GRID_CBE_02956,10409.35
GRID_CBE_02957,11247.76
GRID_CBE_02958,12086.16
GRID_CBE_02959,12924.56
GRID_CBE_02960,13762.97
GRID_CBE_02961,14601.37
GRID_CBE_02962,15443.66
GRID_CBE_02963,16288.72
GRID_CBE_02964,17133.78
GRID_CBE_02965,40223.23
GRID_CBE_02966,39228.66
GRID_CBE_02967,38234.38
GRID_CBE_02968,37240.41
GRID_CBE_02969,36246.76
GRID_CBE_02970,35253.48
GRID_CBE_02971,34260.59
GRID_CBE_02972,33268.12
GRID_CBE_02973,32276.12
GRID_CBE_02974,31284.62
GRID_CBE_02975,30293.69
GRID_CBE_02976,29303.37
GRID_CBE_02977,28313.74
GRID_CBE_02978,27324.86
GRID_CBE_02979,26336.81
GRID_CBE_02980,25349.71
GRID_CBE_02981,24363.65
GRID_CBE_02982,23378.79
GRID_CBE_02983,22395.26
GRID_CBE_02984,21413.26
GRID_CBE_02985,20433.0
GRID_CBE_02986,19454.76
GRID_CBE_02987,18478.84
GRID_CBE_02988,17505.64
GRID_CBE_02989,16535.64
GRID_CBE_02990,15569.44
GRID_CBE_02991,14607.79
GRID_CBE_02992,13651.65
GRID_CBE_02993,12702.26
GRID_CBE_02994,11761.27
GRID_CBE_02995,10830.86
GRID_CBE_02996,9914.0
GRID_CBE_02997,9014.84
GRID_CBE_02998,8139.25
GRID_CBE_02999,7295.71
GRID_CBE_03000,6496.72
GRID_CBE_03001,5760.85
GRID_CBE_03002,5115.4
GRID_CBE_03003,4598.62
GRID_CBE_03004,4257.62
GRID_CBE_03005,4136.07
GRID_CBE_03006,4129.78
GRID_CBE_03007,4123.5
GRID_CBE_03008,4117.21
GRID_CBE_03009,4175.47
GRID_CBE_03010,4454.82
GRID_CBE_03011,4925.07
GRID_CBE_03012,5537.8
GRID_CBE_03013,6251.25
GRID_CBE_03014,5989.79
GRID_CBE_03015,5151.4
GRID_CBE_03016,4313.02
GRID_CBE_03017,3474.63
GRID_CBE_03018,2636.24
GRID_CBE_03019,1797.86
GRID_CBE_03020,959.47
GRID_CBE_03021,121.08
GRID_CBE_03022,0.0
GRID_CBE_03023,641.86
GRID_CBE_03024,1480.26
GRID_CBE_03025,2318.67
GRID_CBE_03026,3157.07
GRID_CBE_03027,3995.47
GRID_CBE_03028,4833.88
GRID_CBE_03029,5672.28
GRID_CBE_03030,6510.69
GRID_CBE_03031,7349.09
GRID_CBE_03032,8187.5
GRID_CBE_03033,9025.9
GRID_CBE_03034,9864.3
GRID_CBE_03035,10702.71
GRID_CBE_03036,11541.11
GRID_CBE_03037,12379.52
GRID_CBE_03038,13218.87
GRID_CBE_03039,14063.93
GRID_CBE_03040,14908.99
GRID_CBE_03041,15754.05
GRID_CBE_03042,16599.1
GRID_CBE_03043,40338.32
GRID_CBE_03044,39346.67
GRID_CBE_03045,38355.44
GRID_CBE_03046,37364.69
GRID_CBE_03047,36374.44
GRID_CBE_03048,35384.74
GRID_CBE_03049,34395.64
GRID_CBE_03050,33407.18
GRID_CBE_03051,32419.44
GRID_CBE_03052,31432.47
GRID_CBE_03053,30446.34
GRID_CBE_03054,29461.16
GRID_CBE_03055,28477.01
GRID_CBE_03056,27494.0
GRID_CBE_03057,26512.26
GRID_CBE_03058,25531.94
GRID_CBE_03059,24553.2
GRID_CBE_03060,23576.26
GRID_CBE_03061,22601.32
GRID_CBE_03062,21628.68
GRID_CBE_03063,20658.65
GRID_CBE_03064,19691.62
GRID_CBE_03065,18728.05
GRID_CBE_03066,17768.5
GRID_CBE_03067,16813.68
GRID_CBE_03068,15864.42
GRID_CBE_03069,14921.79
GRID_CBE_03070,13987.12
GRID_CBE_03071,13062.15
GRID_CBE_03072,12149.06
GRID_CBE_03073,11250.76
GRID_CBE_03074,10371.09
GRID_CBE_03075,9515.23
GRID_CBE_03076,8690.2
GRID_CBE_03077,7905.67
GRID_CBE_03078,7174.92
GRID_CBE_03079,6516.1
GRID_CBE_03080,5953.11
GRID_CBE_03081,5515.39
GRID_CBE_03082,5234.45
GRID_CBE_03083,5136.05
GRID_CBE_03084,5129.76
GRID_CBE_03085,5123.48
GRID_CBE_03086,5117.19
GRID_CBE_03087,5163.86
GRID_CBE_03088,5392.24
GRID_CBE_03089,5786.81
GRID_CBE_03090,6316.49
GRID_CBE_03091,6950.47
GRID_CBE_03092,6534.86
GRID_CBE_03093,5696.48
GRID_CBE_03094,4858.09
GRID_CBE_03095,4019.7
GRID_CBE_03096,3181.32
GRID_CBE_03097,2342.93
GRID_CBE_03098,1504.54
GRID_CBE_03099,666.16
GRID_CBE_03100,0.0
GRID_CBE_03101,96.81
GRID_CBE_03102,935.21
GRID_CBE_03103,1773.62
GRID_CBE_03104,2612.02
GRID_CBE_03105,3450.43
GRID_CBE_03106,4288.83
GRID_CBE_03107,5127.23
GRID_CBE_03108,5965.64
GRID_CBE_03109,6804.04
GRID_CBE_03110,7642.45
GRID_CBE_03111,8480.85
GRID_CBE_03112,9319.25
GRID_CBE_03113,10157.66
GRID_CBE_03114,10996.06
GRID_CBE_03115,11839.14
GRID_CBE_03116,12684.2
GRID_CBE_03117,13529.25
GRID_CBE_03118,14374.31
GRID_CBE_03119,15219.37
GRID_CBE_03120,16064.43
GRID_CBE_03121,40477.8
GRID_CBE_03122,39489.65
GRID_CBE_03123,38502.11
GRID_CBE_03124,37515.23
GRID_CBE_03125,36529.06
GRID_CBE_03126,35543.67
GRID_CBE_03127,34559.11
GRID_CBE_03128,33575.47
GRID_CBE_03129,32592.82
GRID_CBE_03130,31611.27
GRID_CBE_03131,30630.9
GRID_CBE_03132,29651.85
GRID_CBE_03133,28674.24
GRID_CBE_03134,27698.23
GRID_CBE_03135,26724.0
GRID_CBE_03136,25751.74
GRID_CBE_03137,24781.69
GRID_CBE_03138,23814.11
GRID_CBE_03139,22849.33
GRID_CBE_03140,21887.71
GRID_CBE_03141,20929.69
GRID_CBE_03142,19975.78
GRID_CBE_03143,19026.61
GRID_CBE_03144,18082.92
GRID_CBE_03145,17145.61
GRID_CBE_03146,16215.79
GRID_CBE_03147,15294.83
GRID_CBE_03148,14384.43
GRID_CBE_03149,13486.73
GRID_CBE_03150,12604.44
GRID_CBE_03151,11741.03
GRID_CBE_03152,10901.0
GRID_CBE_03153,10090.18
GRID_CBE_03154,9316.21
GRID_CBE_03155,8589.05
GRID_CBE_03156,7921.6
GRID_CBE_03157,7330.19
GRID_CBE_03158,6834.59
GRID_CBE_03159,6456.91
GRID_CBE_03160,6218.65
GRID_CBE_03161,6136.03
GRID_CBE_03162,6129.74
GRID_CBE_03163,6123.46
GRID_CBE_03164,6117.17
GRID_CBE_03165,6156.0
GRID_CBE_03166,6348.79
GRID_CBE_03167,6687.16
GRID_CBE_03168,7150.45
GRID_CBE_03169,7716.21
GRID_CBE_03170,7079.94
GRID_CBE_03171,6241.55
GRID_CBE_03172,5403.17
GRID_CBE_03173,4564.78
GRID_CBE_03174,3726.39
GRID_CBE_03175,2888.01
GRID_CBE_03176,2049.62
GRID_CBE_03177,1211.23
GRID_CBE_03178,372.85
GRID_CBE_03179,0.0
GRID_CBE_03180,390.16
GRID_CBE_03181,1228.57
GRID_CBE_03182,2066.97
GRID_CBE_03183,2905.38
GRID_CBE_03184,3743.78
GRID_CBE_03185,4582.18
GRID_CBE_03186,5420.59
GRID_CBE_03187,6258.99
GRID_CBE_03188,7097.4
GRID_CBE_03189,7935.8
GRID_CBE_03190,8774.21
GRID_CBE_03191,9614.35
GRID_CBE_03192,10459.4
GRID_CBE_03193,11304.46
GRID_CBE_03194,12149.52
GRID_CBE_03195,12994.58
GRID_CBE_03196,13839.64
GRID_CBE_03197,14684.7
GRID_CBE_03198,15529.76
GRID_CBE_03199,40641.41
GRID_CBE_03200,39657.34
GRID_CBE_03201,38674.08
GRID_CBE_03202,37691.7
GRID_CBE_03203,36710.28
GRID_CBE_03204,35729.88
GRID_CBE_03205,34750.6
GRID_CBE_03206,33772.54
GRID_CBE_03207,32795.8
GRID_CBE_03208,31820.5
GRID_CBE_03209,30846.79
GRID_CBE_03210,29874.81
GRID_CBE_03211,28904.74
GRID_CBE_03212,27936.79
GRID_CBE_03213,26971.17
GRID_CBE_03214,26008.16
GRID_CBE_03215,25048.04
GRID_CBE_03216,24091.16
GRID_CBE_03217,23137.94
GRID_CBE_03218,22188.83
GRID_CBE_03219,21244.39
GRID_CBE_03220,20305.27
GRID_CBE_03221,19372.25
GRID_CBE_03222,18446.25
GRID_CBE_03223,17528.38
GRID_CBE_03224,16619.99
GRID_CBE_03225,15722.72
GRID_CBE_03226,14838.6
GRID_CBE_03227,13970.11
GRID_CBE_03228,13120.36
GRID_CBE_03229,12293.25
GRID_CBE_03230,11493.65
GRID_CBE_03231,10727.72
GRID_CBE_03232,10003.19
GRID_CBE_03233,9329.73
GRID_CBE_03234,8719.17
GRID_CBE_03235,8185.59
GRID_CBE_03236,7744.92
GRID_CBE_03237,7413.76
GRID_CBE_03238,7207.21
GRID_CBE_03239,7136.01
GRID_CBE_03240,7129.72
GRID_CBE_03241,7123.44
GRID_CBE_03242,7117.15
GRID_CBE_03243,7150.33
GRID_CBE_03244,7316.97
GRID_CBE_03245,7612.42
GRID_CBE_03246,8022.46
GRID_CBE_03247,8463.4
GRID_CBE_03248,7625.02
GRID_CBE_03249,6786.63
GRID_CBE_03250,5948.24
GRID_CBE_03251,5109.86
GRID_CBE_03252,4271.47
GRID_CBE_03253,3433.08
GRID_CBE_03254,2594.7
GRID_CBE_03255,1756.31
GRID_CBE_03256,917.92
GRID_CBE_03257,79.54
GRID_CBE_03258,0.0
GRID_CBE_03259,683.52
GRID_CBE_03260,1521.92
GRID_CBE_03261,2360.33
GRID_CBE_03262,3198.73
GRID_CBE_03263,4037.14
GRID_CBE_03264,4875.54
GRID_CBE_03265,5713.94
GRID_CBE_03266,6552.35
GRID_CBE_03267,7390.75
GRID_CBE_03268,8234.61
GRID_CBE_03269,9079.67
GRID_CBE_03270,9924.73
GRID_CBE_03271,10769.79
GRID_CBE_03272,11614.85
GRID_CBE_03273,12459.91
GRID_CBE_03274,13304.97
GRID_CBE_03275,14150.03
GRID_CBE_03276,14995.08
GRID_CBE_03277,40828.87
GRID_CBE_03278,39849.42
GRID_CBE_03279,38871.02
GRID_CBE_03280,37893.75
GRID_CBE_03281,36917.7
GRID_CBE_03282,35942.96
GRID_CBE_03283,34969.65
GRID_CBE_03284,33997.89
GRID_CBE_03285,33027.81
GRID_CBE_03286,32059.58
GRID_CBE_03287,31093.35
GRID_CBE_03288,30129.33
GRID_CBE_03289,29167.73
GRID_CBE_03290,28208.8
GRID_CBE_03291,27252.82
GRID_CBE_03292,26300.12
GRID_CBE_03293,25351.06
GRID_CBE_03294,24406.07
GRID_CBE_03295,23465.64
GRID_CBE_03296,22530.34
GRID_CBE_03297,21600.84
GRID_CBE_03298,20677.92
GRID_CBE_03299,19762.5
GRID_CBE_03300,18855.67
GRID_CBE_03301,17958.74
GRID_CBE_03302,17073.26
GRID_CBE_03303,16201.12
GRID_CBE_03304,15344.58
GRID_CBE_03305,14506.42
GRID_CBE_03306,13690.0
GRID_CBE_03307,12899.46
GRID_CBE_03308,12139.86
GRID_CBE_03309,11417.36
GRID_CBE_03310,10739.46
GRID_CBE_03311,10115.14
GRID_CBE_03312,9554.9
GRID_CBE_03313,9070.61
GRID_CBE_03314,8675.02
GRID_CBE_03315,8380.69
GRID_CBE_03316,8198.54
GRID_CBE_03317,8135.99
GRID_CBE_03318,8129.7
GRID_CBE_03319,8123.42
GRID_CBE_03320,8117.13
GRID_CBE_03321,8146.05
GRID_CBE_03322,8292.71
GRID_CBE_03323,8554.52
GRID_CBE_03324,8921.36
GRID_CBE_03325,9008.48
GRID_CBE_03326,8170.09
GRID_CBE_03327,7331.71
GRID_CBE_03328,6493.32
GRID_CBE_03329,5654.93
GRID_CBE_03330,4816.55
GRID_CBE_03331,3978.16
GRID_CBE_03332,3139.77
GRID_CBE_03333,2301.39
GRID_CBE_03334,1463.0
GRID_CBE_03335,624.61
GRID_CBE_03336,0.0
GRID_CBE_03337,138.47
GRID_CBE_03338,976.87
GRID_CBE_03339,1815.28
GRID_CBE_03340,2653.68
GRID_CBE_03341,3492.09
GRID_CBE_03342,4330.49
GRID_CBE_03343,5168.89
GRID_CBE_03344,6009.82
GRID_CBE_03345,6854.88
GRID_CBE_03346,7699.94
GRID_CBE_03347,8545.0
GRID_CBE_03348,9390.06
GRID_CBE_03349,10235.12
GRID_CBE_03350,11080.18
GRID_CBE_03351,11925.23
GRID_CBE_03352,12770.29
GRID_CBE_03353,13615.35
GRID_CBE_03354,14460.41
GRID_CBE_03355,41039.84
GRID_CBE_03356,40065.56
GRID_CBE_03357,39092.57
GRID_CBE_03358,38120.97
GRID_CBE_03359,37150.89
GRID_CBE_03360,36182.44
GRID_CBE_03361,35215.74
GRID_CBE_03362,34250.97
GRID_CBE_03363,33288.27
GRID_CBE_03364,32327.83
GRID_CBE_03365,31369.87
GRID_CBE_03366,30414.61
GRID_CBE_03367,29462.32
GRID_CBE_03368,28513.3
GRID_CBE_03369,27567.89
GRID_CBE_03370,26626.46
GRID_CBE_03371,25689.46
GRID_CBE_03372,24757.39
GRID_CBE_03373,23830.83
GRID_CBE_03374,22910.44
GRID_CBE_03375,21997.01
GRID_CBE_03376,21091.43
GRID_CBE_03377,20194.76
GRID_CBE_03378,19308.25
GRID_CBE_03379,18433.35
GRID_CBE_03380,17571.81
GRID_CBE_03381,16725.68
GRID_CBE_03382,15897.43
GRID_CBE_03383,15090.01
GRID_CBE_03384,14306.93
GRID_CBE_03385,13552.43
GRID_CBE_03386,12831.53
GRID_CBE_03387,12150.24
GRID_CBE_03388,11515.57
GRID_CBE_03389,10935.64
GRID_CBE_03390,10419.61
GRID_CBE_03391,9977.38
GRID_CBE_03392,9619.16
GRID_CBE_03393,9354.58
GRID_CBE_03394,9191.74
GRID_CBE_03395,9135.97
GRID_CBE_03396,9129.68
GRID_CBE_03397,9123.4
GRID_CBE_03398,9117.11
GRID_CBE_03399,9142.7
GRID_CBE_03400,9273.61
GRID_CBE_03401,9508.46
GRID_CBE_03402,9839.8
GRID_CBE_03403,9553.55
GRID_CBE_03404,8715.17
GRID_CBE_03405,7876.78
GRID_CBE_03406,7038.39
GRID_CBE_03407,6200.01
GRID_CBE_03408,5361.62
GRID_CBE_03409,4523.23
GRID_CBE_03410,3684.85
GRID_CBE_03411,2846.46
GRID_CBE_03412,2008.07
GRID_CBE_03413,1169.69
GRID_CBE_03414,331.3
GRID_CBE_03415,0.0
GRID_CBE_03416,431.82
GRID_CBE_03417,1270.23
GRID_CBE_03418,2108.63
GRID_CBE_03419,2947.04
GRID_CBE_03420,3785.44
GRID_CBE_03421,4630.09
GRID_CBE_03422,5475.15
GRID_CBE_03423,6320.21
GRID_CBE_03424,7165.27
GRID_CBE_03425,8010.33
GRID_CBE_03426,8855.38
GRID_CBE_03427,9700.44
GRID_CBE_03428,10545.5
GRID_CBE_03429,11390.56
GRID_CBE_03430,12235.62
GRID_CBE_03431,13080.68
GRID_CBE_03432,13925.74
GRID_CBE_03433,41273.97
GRID_CBE_03434,40305.35
GRID_CBE_03435,39338.29
GRID_CBE_03436,38372.92
GRID_CBE_03437,37409.37
GRID_CBE_03438,36447.78
GRID_CBE_03439,35488.32
GRID_CBE_03440,34531.16
GRID_CBE_03441,33576.49
GRID_CBE_03442,32624.54
GRID_CBE_03443,31675.55
GRID_CBE_03444,30729.8
GRID_CBE_03445,29787.59
GRID_CBE_03446,28849.28
GRID_CBE_03447,27915.24
GRID_CBE_03448,26985.93
GRID_CBE_03449,26061.86
GRID_CBE_03450,25143.6
GRID_CBE_03451,24231.81
GRID_CBE_03452,23327.25
GRID_CBE_03453,22430.8
GRID_CBE_03454,21543.46
GRID_CBE_03455,20666.41
GRID_CBE_03456,19801.02
GRID_CBE_03457,18948.89
GRID_CBE_03458,18111.89
GRID_CBE_03459,17292.21
GRID_CBE_03460,16492.44
GRID_CBE_03461,15715.61
GRID_CBE_03462,14965.31
GRID_CBE_03463,14245.72
GRID_CBE_03464,13561.73
GRID_CBE_03465,12918.99
GRID_CBE_03466,12323.98
GRID_CBE_03467,11783.9
GRID_CBE_03468,11306.65
GRID_CBE_03469,10900.48
GRID_CBE_03470,10573.57
GRID_CBE_03471,10333.46
GRID_CBE_03472,10186.28
GRID_CBE_03473,10135.95
GRID_CBE_03474,10129.66
GRID_CBE_03475,10123.38
GRID_CBE_03476,10117.09
GRID_CBE_03477,10140.01
GRID_CBE_03478,10258.2
GRID_CBE_03479,10470.99
GRID_CBE_03480,10772.77
GRID_CBE_03481,10098.63
GRID_CBE_03482,9260.24
GRID_CBE_03483,8421.86
GRID_CBE_03484,7583.47
GRID_CBE_03485,6745.08
GRID_CBE_03486,5906.7
GRID_CBE_03487,5068.31
GRID_CBE_03488,4229.92
GRID_CBE_03489,3391.54
GRID_CBE_03490,2553.15
GRID_CBE_03491,1714.76
GRID_CBE_03492,876.38
GRID_CBE_03493,37.99
GRID_CBE_03494,0.0
GRID_CBE_03495,725.18
GRID_CBE_03496,1563.58
GRID_CBE_03497,2405.3
GRID_CBE_03498,3250.36
GRID_CBE_03499,4095.42
GRID_CBE_03500,4940.48
GRID_CBE_03501,5785.53
GRID_CBE_03502,6630.59
GRID_CBE_03503,7475.65
GRID_CBE_03504,8320.71
GRID_CBE_03505,9165.77
GRID_CBE_03506,10010.83
GRID_CBE_03507,10855.89
GRID_CBE_03508,11700.95
GRID_CBE_03509,12546.01
GRID_CBE_03510,13391.07
GRID_CBE_03511,40360.31
GRID_CBE_03512,40174.4
GRID_CBE_03513,39607.74
GRID_CBE_03514,38649.1
GRID_CBE_03515,37692.61
GRID_CBE_03516,36738.44
GRID_CBE_03517,35786.77
GRID_CBE_03518,34837.81
GRID_CBE_03519,33891.78
GRID_CBE_03520,32948.94
GRID_CBE_03521,32009.58
GRID_CBE_03522,31073.99
GRID_CBE_03523,30142.54
GRID_CBE_03524,29215.63
GRID_CBE_03525,28293.69
GRID_CBE_03526,27377.23
GRID_CBE_03527,26466.83
GRID_CBE_03528,25563.11
GRID_CBE_03529,24666.84
GRID_CBE_03530,23778.83
GRID_CBE_03531,22900.06
GRID_CBE_03532,22031.63
GRID_CBE_03533,21174.81
GRID_CBE_03534,20331.08
GRID_CBE_03535,19502.12
GRID_CBE_03536,18689.91
GRID_CBE_03537,17896.72
GRID_CBE_03538,17125.21
GRID_CBE_03539,16378.42
GRID_CBE_03540,15659.91
GRID_CBE_03541,14973.73
GRID_CBE_03542,14324.55
GRID_CBE_03543,13717.6
GRID_CBE_03544,13158.75
GRID_CBE_03545,12654.35
GRID_CBE_03546,12211.17
GRID_CBE_03547,11836.07
GRID_CBE_03548,11535.71
GRID_CBE_03549,11316.03
GRID_CBE_03550,11181.79
GRID_CBE_03551,11135.93
GRID_CBE_03552,11129.64
GRID_CBE_03553,11123.36
GRID_CBE_03554,11117.08
GRID_CBE_03555,11137.81
GRID_CBE_03556,11245.52
GRID_CBE_03557,11439.95
GRID_CBE_03558,11482.09
GRID_CBE_03559,10643.71
GRID_CBE_03560,9805.32
GRID_CBE_03561,8966.93
GRID_CBE_03562,8128.55
GRID_CBE_03563,7290.16
GRID_CBE_03564,6451.77
GRID_CBE_03565,5613.39
GRID_CBE_03566,4775.0
GRID_CBE_03567,3936.61
GRID_CBE_03568,3098.23
GRID_CBE_03569,2259.84
GRID_CBE_03570,1421.45
GRID_CBE_03571,583.07
GRID_CBE_03572,0.0
GRID_CBE_03573,180.51
GRID_CBE_03574,1025.57
GRID_CBE_03575,1870.63
GRID_CBE_03576,2715.69
GRID_CBE_03577,3560.74
GRID_CBE_03578,4405.8
GRID_CBE_03579,5250.86
GRID_CBE_03580,6095.92
GRID_CBE_03581,6940.98
GRID_CBE_03582,7786.04
GRID_CBE_03583,8631.1
GRID_CBE_03584,9476.16
GRID_CBE_03585,10321.22
GRID_CBE_03586,11166.27
GRID_CBE_03587,12011.33
GRID_CBE_03588,12856.39
GRID_CBE_03589,39380.58
GRID_CBE_03590,39190.02
GRID_CBE_03591,39024.17
GRID_CBE_03592,38883.34
GRID_CBE_03593,38000.07
GRID_CBE_03594,37053.81
GRID_CBE_03595,36110.46
GRID_CBE_03596,35170.23
GRID_CBE_03597,34233.39
GRID_CBE_03598,33300.23
GRID_CBE_03599,32371.05
GRID_CBE_03600,31446.23
GRID_CBE_03601,30526.14
GRID_CBE_03602,29611.23
GRID_CBE_03603,28702.0
GRID_CBE_03604,27799.01
GRID_CBE_03605,26902.88
GRID_CBE_03606,26014.32
GRID_CBE_03607,25134.14
GRID_CBE_03608,24263.24
GRID_CBE_03609,23402.67
GRID_CBE_03610,22553.6
GRID_CBE_03611,21717.39
GRID_CBE_03612,20895.57
GRID_CBE_03613,20089.92
GRID_CBE_03614,19302.46
GRID_CBE_03615,18535.5
GRID_CBE_03616,17791.71
GRID_CBE_03617,17074.1
GRID_CBE_03618,16386.12
GRID_CBE_03619,15731.65
GRID_CBE_03620,15115.05
GRID_CBE_03621,14541.14
GRID_CBE_03622,14015.16
GRID_CBE_03623,13542.7
GRID_CBE_03624,13129.54
GRID_CBE_03625,12781.42
GRID_CBE_03626,12503.79
GRID_CBE_03627,12301.41
GRID_CBE_03628,12178.04
GRID_CBE_03629,12135.91
GRID_CBE_03630,12129.62
GRID_CBE_03631,12123.34
GRID_CBE_03632,12117.06
GRID_CBE_03633,12135.96
GRID_CBE_03634,12234.89
GRID_CBE_03635,12413.84
GRID_CBE_03636,12027.17
GRID_CBE_03637,11188.78
GRID_CBE_03638,10350.4
GRID_CBE_03639,9512.01
GRID_CBE_03640,8673.62
GRID_CBE_03641,7835.24
GRID_CBE_03642,6996.85
GRID_CBE_03643,6158.46
GRID_CBE_03644,5320.08
GRID_CBE_03645,4481.69
GRID_CBE_03646,3643.3
GRID_CBE_03647,2804.92
GRID_CBE_03648,1966.53
GRID_CBE_03649,1123.34
GRID_CBE_03650,278.29
GRID_CBE_03651,0.0
GRID_CBE_03652,490.89
GRID_CBE_03653,1335.95
GRID_CBE_03654,2181.01
GRID_CBE_03655,3026.07
GRID_CBE_03656,3871.13
GRID_CBE_03657,4716.19
GRID_CBE_03658,5561.25
GRID_CBE_03659,6406.31
GRID_CBE_03660,7251.37
GRID_CBE_03661,8096.42
GRID_CBE_03662,8941.48
GRID_CBE_03663,9786.54
GRID_CBE_03664,10631.6
GRID_CBE_03665,11476.66
GRID_CBE_03666,12321.72
GRID_CBE_03667,38401.89
GRID_CBE_03668,38206.45
GRID_CBE_03669,38036.32
GRID_CBE_03670,37891.81
GRID_CBE_03671,37773.24
GRID_CBE_03672,37393.28
GRID_CBE_03673,36458.71
GRID_CBE_03674,35527.7
GRID_CBE_03675,34600.54
GRID_CBE_03676,33677.55
GRID_CBE_03677,32759.08
GRID_CBE_03678,31845.52
GRID_CBE_03679,30937.31
GRID_CBE_03680,30034.93
GRID_CBE_03681,29138.93
GRID_CBE_03682,28249.91
GRID_CBE_03683,27368.54
GRID_CBE_03684,26495.61
GRID_CBE_03685,25631.96
GRID_CBE_03686,24778.56
GRID_CBE_03687,23936.52
GRID_CBE_03688,23107.08
GRID_CBE_03689,22291.64
GRID_CBE_03690,21491.79
GRID_CBE_03691,20709.35
GRID_CBE_03692,19946.35
GRID_CBE_03693,19205.13
GRID_CBE_03694,18488.29
GRID_CBE_03695,17798.79
GRID_CBE_03696,17139.92
GRID_CBE_03697,16515.36
GRID_CBE_03698,15929.12
GRID_CBE_03699,15385.61
GRID_CBE_03700,14889.49
GRID_CBE_03701,14445.65
GRID_CBE_03702,14059.05
GRID_CBE_03703,13734.51
GRID_CBE_03704,13476.53
GRID_CBE_03705,13288.97
GRID_CBE_03706,13174.86
GRID_CBE_03707,13135.89
GRID_CBE_03708,13129.6
GRID_CBE_03709,13123.32
GRID_CBE_03710,13117.04
GRID_CBE_03711,13134.4
GRID_CBE_03712,13225.86
GRID_CBE_03713,13391.58
GRID_CBE_03714,12572.25
GRID_CBE_03715,11733.86
GRID_CBE_03716,10895.47
GRID_CBE_03717,10057.08
GRID_CBE_03718,9218.7
GRID_CBE_03719,8380.31
GRID_CBE_03720,7541.92
GRID_CBE_03721,6703.54
GRID_CBE_03722,5865.15
GRID_CBE_03723,5026.76
GRID_CBE_03724,4188.38
GRID_CBE_03725,3348.12
GRID_CBE_03726,2503.08
GRID_CBE_03727,1658.04
GRID_CBE_03728,812.99
GRID_CBE_03729,0.0
GRID_CBE_03730,0.0
GRID_CBE_03731,801.28
GRID_CBE_03732,1646.34
GRID_CBE_03733,2491.4
GRID_CBE_03734,3336.46
GRID_CBE_03735,4181.52
GRID_CBE_03736,5026.57
GRID_CBE_03737,5871.63
GRID_CBE_03738,6716.69
GRID_CBE_03739,7561.75
GRID_CBE_03740,8406.81
GRID_CBE_03741,9251.87
GRID_CBE_03742,10096.93
GRID_CBE_03743,10941.99
GRID_CBE_03744,11787.05
GRID_CBE_03745,37424.33
GRID_CBE_03746,37223.76
GRID_CBE_03747,37049.11
GRID_CBE_03748,36900.74
GRID_CBE_03749,36778.98
GRID_CBE_03750,36684.07
GRID_CBE_03751,36616.25
GRID_CBE_03752,35909.46
GRID_CBE_03753,34992.42
GRID_CBE_03754,34080.04
GRID_CBE_03755,33172.72
GRID_CBE_03756,32270.88
GRID_CBE_03757,31374.98
GRID_CBE_03758,30485.56
GRID_CBE_03759,29603.2
GRID_CBE_03760,28728.55
GRID_CBE_03761,27862.33
GRID_CBE_03762,27005.36
GRID_CBE_03763,26158.54
GRID_CBE_03764,25322.9
GRID_CBE_03765,24499.58
GRID_CBE_03766,23689.86
GRID_CBE_03767,22895.18
GRID_CBE_03768,22117.17
GRID_CBE_03769,21357.65
GRID_CBE_03770,20618.66
GRID_CBE_03771,19902.49
GRID_CBE_03772,19211.69
GRID_CBE_03773,18549.1
GRID_CBE_03774,17917.84
GRID_CBE_03775,17321.35
GRID_CBE_03776,16763.33
GRID_CBE_03777,16247.74
GRID_CBE_03778,15778.75
GRID_CBE_03779,15360.63
GRID_CBE_03780,14997.64
GRID_CBE_03781,14693.84
GRID_CBE_03782,14452.99
GRID_CBE_03783,14278.27
GRID_CBE_03784,14172.12
GRID_CBE_03785,14135.87
GRID_CBE_03786,14129.58
GRID_CBE_03787,14123.3
GRID_CBE_03788,14117.02
GRID_CBE_03789,14133.06
GRID_CBE_03790,14218.1
GRID_CBE_03791,13955.71
GRID_CBE_03792,13117.32
GRID_CBE_03793,12278.93
GRID_CBE_03794,11440.55
GRID_CBE_03795,10602.16
GRID_CBE_03796,9763.77
GRID_CBE_03797,8925.39
GRID_CBE_03798,8087.0
GRID_CBE_03799,7248.61
GRID_CBE_03800,6410.23
GRID_CBE_03801,5571.84
GRID_CBE_03802,4727.86
GRID_CBE_03803,3882.82
GRID_CBE_03804,3037.78
GRID_CBE_03805,2192.74
GRID_CBE_03806,1347.7
GRID_CBE_03807,502.65
GRID_CBE_03808,0.0
GRID_CBE_03809,266.61
GRID_CBE_03810,1111.67
GRID_CBE_03811,1956.72
GRID_CBE_03812,2801.78
GRID_CBE_03813,3646.84
GRID_CBE_03814,4491.9
GRID_CBE_03815,5336.96
GRID_CBE_03816,6182.02
GRID_CBE_03817,7027.08
GRID_CBE_03818,7872.14
GRID_CBE_03819,8717.2
GRID_CBE_03820,9562.25
GRID_CBE_03821,10407.31
GRID_CBE_03822,11252.37
GRID_CBE_03823,36447.98
GRID_CBE_03824,36242.02
GRID_CBE_03825,36062.61
GRID_CBE_03826,35910.17
GRID_CBE_03827,35785.03
GRID_CBE_03828,35687.48
GRID_CBE_03829,35617.76
GRID_CBE_03830,35576.02
GRID_CBE_03831,35408.21
GRID_CBE_03832,34506.83
GRID_CBE_03833,33611.03
GRID_CBE_03834,32721.27
GRID_CBE_03835,31838.05
GRID_CBE_03836,30961.94
GRID_CBE_03837,30093.55
GRID_CBE_03838,29233.57
GRID_CBE_03839,28382.77
GRID_CBE_03840,27542.0
GRID_CBE_03841,26712.2
GRID_CBE_03842,25894.43
GRID_CBE_03843,25089.87
GRID_CBE_03844,24299.82
GRID_CBE_03845,23525.76
GRID_CBE_03846,22769.31
GRID_CBE_03847,22032.28
GRID_CBE_03848,21316.69
GRID_CBE_03849,20624.78
GRID_CBE_03850,19958.99
GRID_CBE_03851,19322.04
GRID_CBE_03852,18716.87
GRID_CBE_03853,18146.66
GRID_CBE_03854,17614.8
GRID_CBE_03855,17124.87
GRID_CBE_03856,16680.57
GRID_CBE_03857,16285.61
GRID_CBE_03858,15943.69
GRID_CBE_03859,15658.26
GRID_CBE_03860,15432.47
GRID_CBE_03861,15268.96
GRID_CBE_03862,15169.75
GRID_CBE_03863,15135.85
GRID_CBE_03864,15129.56
GRID_CBE_03865,15123.28
GRID_CBE_03866,15117.0
GRID_CBE_03867,15131.9
GRID_CBE_03868,15211.35
GRID_CBE_03869,14500.78
GRID_CBE_03870,13662.4
GRID_CBE_03871,12824.01
GRID_CBE_03872,11985.62
GRID_CBE_03873,11147.24
GRID_CBE_03874,10308.85
GRID_CBE_03875,9470.46
GRID_CBE_03876,8632.08
GRID_CBE_03877,7793.69
GRID_CBE_03878,6952.65
GRID_CBE_03879,6107.6
GRID_CBE_03880,5262.56
GRID_CBE_03881,4417.52
GRID_CBE_03882,3572.48
GRID_CBE_03883,2727.44
GRID_CBE_03884,1882.4
GRID_CBE_03885,1037.35
GRID_CBE_03886,192.31
GRID_CBE_03887,0.0
GRID_CBE_03888,576.99
GRID_CBE_03889,1422.05
GRID_CBE_03890,2267.11
GRID_CBE_03891,3112.17
GRID_CBE_03892,3957.23
GRID_CBE_03893,4802.29
GRID_CBE_03894,5647.35
GRID_CBE_03895,6492.4
GRID_CBE_03896,7337.46
GRID_CBE_03897,8182.52
GRID_CBE_03898,9027.58
GRID_CBE_03899,9872.64
GRID_CBE_03900,10717.7
GRID_CBE_03901,35472.96
GRID_CBE_03902,35261.3
GRID_CBE_03903,35076.88
GRID_CBE_03904,34920.13
GRID_CBE_03905,34791.43
GRID_CBE_03906,34691.09
GRID_CBE_03907,34619.36
GRID_CBE_03908,34576.41
GRID_CBE_03909,34562.36
GRID_CBE_03910,34567.48
GRID_CBE_03911,34073.07
GRID_CBE_03912,33195.69
GRID_CBE_03913,32325.43
GRID_CBE_03914,31462.89
GRID_CBE_03915,30608.72
GRID_CBE_03916,29763.63
GRID_CBE_03917,28928.42
GRID_CBE_03918,28103.98
GRID_CBE_03919,27291.27
GRID_CBE_03920,26491.39
GRID_CBE_03921,25705.52
GRID_CBE_03922,24934.99
GRID_CBE_03923,24181.27
GRID_CBE_03924,23445.97
GRID_CBE_03925,22730.89
GRID_CBE_03926,22038.0
GRID_CBE_03927,21369.45
GRID_CBE_03928,20727.6
GRID_CBE_03929,20115.01
GRID_CBE_03930,19534.42
GRID_CBE_03931,18988.77
GRID_CBE_03932,18481.16
GRID_CBE_03933,18014.81
GRID_CBE_03934,17592.99
GRID_CBE_03935,17218.98
GRID_CBE_03936,16895.96
GRID_CBE_03937,16626.89
GRID_CBE_03938,16414.43
GRID_CBE_03939,16260.79
GRID_CBE_03940,16167.66
GRID_CBE_03941,16135.83
GRID_CBE_03942,16129.54
GRID_CBE_03943,16123.26
GRID_CBE_03944,16116.98
GRID_CBE_03945,16130.88
GRID_CBE_03946,15884.25
GRID_CBE_03947,15045.86
GRID_CBE_03948,14207.47
GRID_CBE_03949,13369.09
GRID_CBE_03950,12530.7
GRID_CBE_03951,11692.31
GRID_CBE_03952,10853.93
GRID_CBE_03953,10015.54
GRID_CBE_03954,9177.15
GRID_CBE_03955,8332.39
GRID_CBE_03956,7487.35
GRID_CBE_03957,6642.3
GRID_CBE_03958,5797.26
GRID_CBE_03959,4952.22
GRID_CBE_03960,4107.18
GRID_CBE_03961,3262.14
GRID_CBE_03962,2417.1
GRID_CBE_03963,1572.06
GRID_CBE_03964,727.01
GRID_CBE_03965,0.0
GRID_CBE_03966,42.32
GRID_CBE_03967,887.38
GRID_CBE_03968,1732.44
GRID_CBE_03969,2577.5
GRID_CBE_03970,3422.55
GRID_CBE_03971,4267.61
GRID_CBE_03972,5112.67
GRID_CBE_03973,5957.73
GRID_CBE_03974,6802.79
GRID_CBE_03975,7647.85
GRID_CBE_03976,8492.91
GRID_CBE_03977,9337.97
GRID_CBE_03978,10183.03
GRID_CBE_03979,34499.36
GRID_CBE_03980,34281.69
GRID_CBE_03981,34091.97
GRID_CBE_03982,33930.68
GRID_CBE_03983,33798.21
GRID_CBE_03984,33694.91
GRID_CBE_03985,33621.05
GRID_CBE_03986,33576.83
GRID_CBE_03987,33562.36
GRID_CBE_03988,33567.5
GRID_CBE_03989,33573.09
GRID_CBE_03990,33578.69
GRID_CBE_03991,32836.05
GRID_CBE_03992,31987.28
GRID_CBE_03993,31147.49
GRID_CBE_03994,30317.42
GRID_CBE_03995,29497.9
GRID_CBE_03996,28689.82
GRID_CBE_03997,27894.19
GRID_CBE_03998,27112.1
GRID_CBE_03999,26344.75
GRID_CBE_04000,25593.47
GRID_CBE_04001,24859.72
GRID_CBE_04002,24145.1
GRID_CBE_04003,23451.35
GRID_CBE_04004,22780.38
GRID_CBE_04005,22134.27
GRID_CBE_04006,21515.24
GRID_CBE_04007,20925.72
GRID_CBE_04008,20368.25
GRID_CBE_04009,19845.54
GRID_CBE_04010,19360.41
GRID_CBE_04011,18915.75
GRID_CBE_04012,18514.47
GRID_CBE_04013,18159.45
GRID_CBE_04014,17853.45
GRID_CBE_04015,17599.02
GRID_CBE_04016,17398.43
GRID_CBE_04017,17253.57
GRID_CBE_04018,17165.82
GRID_CBE_04019,17135.81
GRID_CBE_04020,17129.52
GRID_CBE_04021,17123.24
GRID_CBE_04022,17116.96
GRID_CBE_04023,17129.98
GRID_CBE_04024,16429.32
GRID_CBE_04025,15590.94
GRID_CBE_04026,14752.55
GRID_CBE_04027,13914.16
GRID_CBE_04028,13075.78
GRID_CBE_04029,12237.39
GRID_CBE_04030,11399.0
GRID_CBE_04031,10557.17
GRID_CBE_04032,9712.13
GRID_CBE_04033,8867.09
GRID_CBE_04034,8022.05
GRID_CBE_04035,7177.01
GRID_CBE_04036,6331.96
GRID_CBE_04037,5486.92
GRID_CBE_04038,4641.88
GRID_CBE_04039,3796.84
GRID_CBE_04040,2951.8
GRID_CBE_04041,2106.76
GRID_CBE_04042,1261.71
GRID_CBE_04043,416.67
GRID_CBE_04044,0.0
GRID_CBE_04045,352.7
GRID_CBE_04046,1197.76
GRID_CBE_04047,2042.82
GRID_CBE_04048,2887.88
GRID_CBE_04049,3732.94
GRID_CBE_04050,4578.0
GRID_CBE_04051,5423.06
GRID_CBE_04052,6268.12
GRID_CBE_04053,7113.18
GRID_CBE_04054,7958.23
GRID_CBE_04055,8803.29
GRID_CBE_04056,9648.35
GRID_CBE_04057,33527.32
GRID_CBE_04058,33303.3
GRID_CBE_04059,33107.97
GRID_CBE_04060,32941.86
GRID_CBE_04061,32805.4
GRID_CBE_04062,32698.97
GRID_CBE_04063,32622.85
GRID_CBE_04064,32577.27
GRID_CBE_04065,32562.36
GRID_CBE_04066,32567.52
GRID_CBE_04067,32573.11
GRID_CBE_04068,32578.7
GRID_CBE_04069,32588.98
GRID_CBE_04070,32533.95
GRID_CBE_04071,31708.64
GRID_CBE_04072,30893.66
GRID_CBE_04073,30089.83
GRID_CBE_04074,29298.09
GRID_CBE_04075,28519.43
GRID_CBE_04076,27754.96
GRID_CBE_04077,27005.89
GRID_CBE_04078,26273.52
GRID_CBE_04079,25559.3
GRID_CBE_04080,24864.79
GRID_CBE_04081,24191.69
GRID_CBE_04082,23541.83
GRID_CBE_04083,22917.2
GRID_CBE_04084,22319.9
GRID_CBE_04085,21752.19
GRID_CBE_04086,21216.45
GRID_CBE_04087,20715.16
GRID_CBE_04088,20250.87
GRID_CBE_04089,19826.19
GRID_CBE_04090,19443.71
GRID_CBE_04091,19105.96
GRID_CBE_04092,18815.36
GRID_CBE_04093,18574.11
GRID_CBE_04094,18384.17
GRID_CBE_04095,18247.13
GRID_CBE_04096,18164.19
GRID_CBE_04097,18135.79
GRID_CBE_04098,18129.51
GRID_CBE_04099,18123.22
GRID_CBE_04100,18116.94
GRID_CBE_04101,17812.78
GRID_CBE_04102,16974.4
GRID_CBE_04103,16136.01
GRID_CBE_04104,15297.62
GRID_CBE_04105,14459.24
GRID_CBE_04106,13620.85
GRID_CBE_04107,12781.95
GRID_CBE_04108,11936.91
GRID_CBE_04109,11091.87
GRID_CBE_04110,10246.83
GRID_CBE_04111,9401.79
GRID_CBE_04112,8556.75
GRID_CBE_04113,7711.71
GRID_CBE_04114,6866.66
GRID_CBE_04115,6021.62
GRID_CBE_04116,5176.58
GRID_CBE_04117,4331.54
GRID_CBE_04118,3486.5
GRID_CBE_04119,2641.46
GRID_CBE_04120,1796.41
GRID_CBE_04121,951.37
GRID_CBE_04122,106.33
GRID_CBE_04123,0.0
GRID_CBE_04124,663.09
GRID_CBE_04125,1508.15
GRID_CBE_04126,2353.21
GRID_CBE_04127,3198.27
GRID_CBE_04128,4043.33
GRID_CBE_04129,4888.38
GRID_CBE_04130,5733.44
GRID_CBE_04131,6578.5
GRID_CBE_04132,7423.56
GRID_CBE_04133,8268.62
GRID_CBE_04134,9113.68
GRID_CBE_04135,32556.98
GRID_CBE_04136,32326.23
GRID_CBE_04137,32124.96
GRID_CBE_04138,31953.74
GRID_CBE_04139,31813.04
GRID_CBE_04140,31703.28
GRID_CBE_04141,31624.77
GRID_CBE_04142,31577.75
GRID_CBE_04143,31562.36
GRID_CBE_04144,31567.53
GRID_CBE_04145,31573.12
GRID_CBE_04146,31578.72
GRID_CBE_04147,31589.24
GRID_CBE_04148,31628.32
GRID_CBE_04149,31698.9
GRID_CBE_04150,31491.11
GRID_CBE_04151,30702.93
GRID_CBE_04152,29927.42
GRID_CBE_04153,29165.56
GRID_CBE_04154,28418.48
GRID_CBE_04155,27687.36
GRID_CBE_04156,26973.51
GRID_CBE_04157,26278.32
GRID_CBE_04158,25603.32
GRID_CBE_04159,24950.15
GRID_CBE_04160,24320.57
GRID_CBE_04161,23716.45
GRID_CBE_04162,23139.79
GRID_CBE_04163,22592.7
GRID_CBE_04164,22077.36
GRID_CBE_04165,21596.06
GRID_CBE_04166,21151.12
GRID_CBE_04167,20744.88
GRID_CBE_04168,20379.65
GRID_CBE_04169,20057.66
GRID_CBE_04170,19781.05
GRID_CBE_04171,19551.72
GRID_CBE_04172,19371.37
GRID_CBE_04173,19241.36
GRID_CBE_04174,19162.72
GRID_CBE_04175,19135.77
GRID_CBE_04176,19129.49
GRID_CBE_04177,19123.2
GRID_CBE_04178,19116.92
GRID_CBE_04179,18357.86
GRID_CBE_04180,17519.47
GRID_CBE_04181,16681.09
GRID_CBE_04182,15842.7
GRID_CBE_04183,15004.31
GRID_CBE_04184,14161.7
GRID_CBE_04185,13316.66
GRID_CBE_04186,12471.61
GRID_CBE_04187,11626.57
GRID_CBE_04188,10781.53
GRID_CBE_04189,9936.49
GRID_CBE_04190,9091.45
GRID_CBE_04191,8246.41
GRID_CBE_04192,7401.36
GRID_CBE_04193,6556.32
GRID_CBE_04194,5711.28
GRID_CBE_04195,4866.24
GRID_CBE_04196,4021.2
GRID_CBE_04197,3176.16
GRID_CBE_04198,2331.12
GRID_CBE_04199,1486.07
GRID_CBE_04200,641.03
GRID_CBE_04201,0.0
GRID_CBE_04202,128.42
GRID_CBE_04203,973.48
GRID_CBE_04204,1818.53
GRID_CBE_04205,2663.59
GRID_CBE_04206,3508.65
GRID_CBE_04207,4353.71
GRID_CBE_04208,5198.77
GRID_CBE_04209,6043.83
GRID_CBE_04210,6888.89
GRID_CBE_04211,7733.95
GRID_CBE_04212,8579.01
GRID_CBE_04213,31588.48
GRID_CBE_04214,31350.6
GRID_CBE_04215,31143.03
GRID_CBE_04216,30966.38
GRID_CBE_04217,30821.18
GRID_CBE_04218,30707.87
GRID_CBE_04219,30626.81
GRID_CBE_04220,30578.25
GRID_CBE_04221,30562.36
GRID_CBE_04222,30567.55
GRID_CBE_04223,30573.14
GRID_CBE_04224,30578.73
GRID_CBE_04225,30589.52
GRID_CBE_04226,30629.87
GRID_CBE_04227,30702.75
GRID_CBE_04228,30807.94
GRID_CBE_04229,30945.1
GRID_CBE_04230,30576.5
GRID_CBE_04231,29831.23
GRID_CBE_04232,29101.24
GRID_CBE_04233,28387.71
GRID_CBE_04234,27691.92
GRID_CBE_04235,27015.22
GRID_CBE_04236,26359.1
GRID_CBE_04237,25725.13
GRID_CBE_04238,25114.98
GRID_CBE_04239,24530.43
GRID_CBE_04240,23973.36
GRID_CBE_04241,23445.73
GRID_CBE_04242,22949.56
GRID_CBE_04243,22486.93
GRID_CBE_04244,22059.97
GRID_CBE_04245,21670.77
GRID_CBE_04246,21321.4
GRID_CBE_04247,21013.85
GRID_CBE_04248,20749.99
GRID_CBE_04249,20531.49
GRID_CBE_04250,20359.81
GRID_CBE_04251,20236.16
GRID_CBE_04252,20161.4
GRID_CBE_04253,20135.75
GRID_CBE_04254,20129.47
GRID_CBE_04255,20123.18
GRID_CBE_04256,19741.32
GRID_CBE_04257,18902.94
GRID_CBE_04258,18064.55
GRID_CBE_04259,17226.16
GRID_CBE_04260,16386.48
GRID_CBE_04261,15541.44
GRID_CBE_04262,14696.4
GRID_CBE_04263,13851.36
GRID_CBE_04264,13006.31
GRID_CBE_04265,12161.27
GRID_CBE_04266,11316.23
GRID_CBE_04267,10471.19
GRID_CBE_04268,9626.15
GRID_CBE_04269,8781.11
GRID_CBE_04270,7936.07
GRID_CBE_04271,7091.02
GRID_CBE_04272,6245.98
GRID_CBE_04273,5400.94
GRID_CBE_04274,4555.9
GRID_CBE_04275,3710.86
GRID_CBE_04276,2865.82
GRID_CBE_04277,2020.77
GRID_CBE_04278,1175.73
GRID_CBE_04279,330.69
GRID_CBE_04280,0.0
GRID_CBE_04281,438.8
GRID_CBE_04282,1283.86
GRID_CBE_04283,2128.92
GRID_CBE_04284,2973.98
GRID_CBE_04285,3819.04
GRID_CBE_04286,4664.1
GRID_CBE_04287,5509.16
GRID_CBE_04288,6354.21
GRID_CBE_04289,7199.27
GRID_CBE_04290,8044.33
GRID_CBE_04291,30622.01
GRID_CBE_04292,30376.56
GRID_CBE_04293,30162.29
GRID_CBE_04294,29979.86
GRID_CBE_04295,29829.85
GRID_CBE_04296,29712.76
GRID_CBE_04297,29628.98
GRID_CBE_04298,29578.79
GRID_CBE_04299,29562.36
GRID_CBE_04300,29567.56
GRID_CBE_04301,29573.15
GRID_CBE_04302,29578.75
GRID_CBE_04303,29589.82
GRID_CBE_04304,29631.53
GRID_CBE_04305,29706.86
GRID_CBE_04306,29815.56
GRID_CBE_04307,29957.27
GRID_CBE_04308,30131.51
GRID_CBE_04309,30337.73
GRID_CBE_04310,29801.92
GRID_CBE_04311,29105.57
GRID_CBE_04312,28427.35
GRID_CBE_04313,27768.59
GRID_CBE_04314,27130.69
GRID_CBE_04315,26515.17
GRID_CBE_04316,25923.63
GRID_CBE_04317,25357.73
GRID_CBE_04318,24819.23
GRID_CBE_04319,24309.96
GRID_CBE_04320,23831.79
GRID_CBE_04321,23386.63
GRID_CBE_04322,22976.39
GRID_CBE_04323,22602.97
GRID_CBE_04324,22268.23
GRID_CBE_04325,21973.94
GRID_CBE_04326,21721.75
GRID_CBE_04327,21513.12
GRID_CBE_04328,21349.34
GRID_CBE_04329,21231.44
GRID_CBE_04330,21160.2
GRID_CBE_04331,21135.73
GRID_CBE_04332,21129.45
GRID_CBE_04333,21123.16
GRID_CBE_04334,20286.4
GRID_CBE_04335,19448.01
GRID_CBE_04336,18609.63
GRID_CBE_04337,17766.22
GRID_CBE_04338,16921.18
GRID_CBE_04339,16076.14
GRID_CBE_04340,15231.1
GRID_CBE_04341,14386.06
GRID_CBE_04342,13541.02
GRID_CBE_04343,12695.97
GRID_CBE_04344,11850.93
GRID_CBE_04345,11005.89
GRID_CBE_04346,10160.85
GRID_CBE_04347,9315.81
GRID_CBE_04348,8470.77
GRID_CBE_04349,7625.72
GRID_CBE_04350,6780.68
GRID_CBE_04351,5935.64
GRID_CBE_04352,5090.6
GRID_CBE_04353,4245.56
GRID_CBE_04354,3400.52
GRID_CBE_04355,2555.48
GRID_CBE_04356,1710.43
GRID_CBE_04357,865.39
GRID_CBE_04358,20.35
GRID_CBE_04359,0.0
GRID_CBE_04360,749.19
GRID_CBE_04361,1594.25
GRID_CBE_04362,2439.31
GRID_CBE_04363,3284.36
GRID_CBE_04364,4129.42
GRID_CBE_04365,4974.48
GRID_CBE_04366,5819.54
GRID_CBE_04367,6664.6
GRID_CBE_04368,7509.66
GRID_CBE_04369,29657.76
GRID_CBE_04370,29404.27
GRID_CBE_04371,29182.86
GRID_CBE_04372,28994.26
GRID_CBE_04373,28839.13
GRID_CBE_04374,28718.0
GRID_CBE_04375,28631.31
GRID_CBE_04376,28579.36
GRID_CBE_04377,28562.36
GRID_CBE_04378,28567.58
GRID_CBE_04379,28573.17
GRID_CBE_04380,28578.76
GRID_CBE_04381,28590.14
GRID_CBE_04382,28633.31
GRID_CBE_04383,28711.26
GRID_CBE_04384,28823.71
GRID_CBE_04385,28970.27
GRID_CBE_04386,29150.41
GRID_CBE_04387,29363.52
GRID_CBE_04388,29608.89
GRID_CBE_04389,29839.68
GRID_CBE_04390,29178.53
GRID_CBE_04391,28537.11
GRID_CBE_04392,27916.78
GRID_CBE_04393,27318.98
GRID_CBE_04394,26745.22
GRID_CBE_04395,26197.07
GRID_CBE_04396,25676.19
GRID_CBE_04397,25184.25
GRID_CBE_04398,24723.0
GRID_CBE_04399,24294.17
GRID_CBE_04400,23899.51
GRID_CBE_04401,23540.74
GRID_CBE_04402,23219.53
GRID_CBE_04403,22937.45
GRID_CBE_04404,22695.96
GRID_CBE_04405,22496.36
GRID_CBE_04406,22339.79
GRID_CBE_04407,22227.15
GRID_CBE_04408,22159.11
GRID_CBE_04409,22135.71
GRID_CBE_04410,22129.43
GRID_CBE_04411,21669.86
GRID_CBE_04412,20831.47
GRID_CBE_04413,19991.01
GRID_CBE_04414,19145.97
GRID_CBE_04415,18300.92
GRID_CBE_04416,17455.88
GRID_CBE_04417,16610.84
GRID_CBE_04418,15765.8
GRID_CBE_04419,14920.76
GRID_CBE_04420,14075.72
GRID_CBE_04421,13230.67
GRID_CBE_04422,12385.63
GRID_CBE_04423,11540.59
GRID_CBE_04424,10695.55
GRID_CBE_04425,9850.51
GRID_CBE_04426,9005.47
GRID_CBE_04427,8160.43
GRID_CBE_04428,7315.38
GRID_CBE_04429,6470.34
GRID_CBE_04430,5625.3
GRID_CBE_04431,4780.26
GRID_CBE_04432,3935.22
GRID_CBE_04433,3090.18
GRID_CBE_04434,2245.13
GRID_CBE_04435,1400.09
GRID_CBE_04436,555.05
GRID_CBE_04437,0.0
GRID_CBE_04438,214.52
GRID_CBE_04439,1059.57
GRID_CBE_04440,1904.63
GRID_CBE_04441,2749.69
GRID_CBE_04442,3594.75
GRID_CBE_04443,4439.81
GRID_CBE_04444,5284.87
GRID_CBE_04445,6129.93
GRID_CBE_04446,6974.99
GRID_CBE_04447,28695.96
GRID_CBE_04448,28433.89
GRID_CBE_04449,28204.86
GRID_CBE_04450,28009.69
GRID_CBE_04451,27849.07
GRID_CBE_04452,27723.62
GRID_CBE_04453,27633.8
GRID_CBE_04454,27579.98
GRID_CBE_04455,27562.36
GRID_CBE_04456,27567.59
GRID_CBE_04457,27573.19
GRID_CBE_04458,27578.78
GRID_CBE_04459,27590.48
GRID_CBE_04460,27635.21
GRID_CBE_04461,27715.97
GRID_CBE_04462,27832.44
GRID_CBE_04463,27984.19
GRID_CBE_04464,28170.64
GRID_CBE_04465,28391.11
GRID_CBE_04466,28644.81
GRID_CBE_04467,28857.69
GRID_CBE_04468,28914.37
GRID_CBE_04469,28971.05
GRID_CBE_04470,28716.18
GRID_CBE_04471,28135.36
GRID_CBE_04472,27578.59
GRID_CBE_04473,27047.34
GRID_CBE_04474,26543.15
GRID_CBE_04475,26067.58
GRID_CBE_04476,25622.23
GRID_CBE_04477,25208.7
GRID_CBE_04478,24828.59
GRID_CBE_04479,24483.44
GRID_CBE_04480,24174.75
GRID_CBE_04481,23903.95
GRID_CBE_04482,23672.32
GRID_CBE_04483,23481.03
GRID_CBE_04484,23331.06
GRID_CBE_04485,23223.23
GRID_CBE_04486,23158.12
GRID_CBE_04487,23135.69
GRID_CBE_04488,23053.32
GRID_CBE_04489,22214.94
GRID_CBE_04490,21370.75
GRID_CBE_04491,20525.71
GRID_CBE_04492,19680.67
GRID_CBE_04493,18835.62
GRID_CBE_04494,17990.58
GRID_CBE_04495,17145.54
GRID_CBE_04496,16300.5
GRID_CBE_04497,15455.46
GRID_CBE_04498,14610.42
GRID_CBE_04499,13765.38
GRID_CBE_04500,12920.33
GRID_CBE_04501,12075.29
GRID_CBE_04502,11230.25
GRID_CBE_04503,10385.21
GRID_CBE_04504,9540.17
GRID_CBE_04505,8695.13
GRID_CBE_04506,7850.08
GRID_CBE_04507,7005.04
GRID_CBE_04508,6160.0
GRID_CBE_04509,5314.96
GRID_CBE_04510,4469.92
GRID_CBE_04511,3624.88
GRID_CBE_04512,2779.84
GRID_CBE_04513,1934.79
GRID_CBE_04514,1089.75
GRID_CBE_04515,244.71
GRID_CBE_04516,0.0
GRID_CBE_04517,524.9
GRID_CBE_04518,1369.96
GRID_CBE_04519,2215.02
GRID_CBE_04520,3060.08
GRID_CBE_04521,3905.14
GRID_CBE_04522,4750.2
GRID_CBE_04523,5595.25
GRID_CBE_04524,6440.31
GRID_CBE_04525,27736.86
GRID_CBE_04526,27465.64
GRID_CBE_04527,27228.47
GRID_CBE_04528,27026.24
GRID_CBE_04529,26859.75
GRID_CBE_04530,26729.65
GRID_CBE_04531,26636.49
GRID_CBE_04532,26580.64
GRID_CBE_04533,26562.36
GRID_CBE_04534,26567.61
GRID_CBE_04535,26573.2
GRID_CBE_04536,26578.79
GRID_CBE_04537,26590.85
GRID_CBE_04538,26637.26
GRID_CBE_04539,26721.03
GRID_CBE_04540,26841.82
GRID_CBE_04541,26999.14
GRID_CBE_04542,27192.34
GRID_CBE_04543,27420.68
GRID_CBE_04544,27683.27
GRID_CBE_04545,27859.3
GRID_CBE_04546,27915.98
GRID_CBE_04547,27972.66
GRID_CBE_04548,28029.34
GRID_CBE_04549,28086.02
GRID_CBE_04550,28142.7
GRID_CBE_04551,27907.54
GRID_CBE_04552,27419.17
GRID_CBE_04553,26959.06
GRID_CBE_04554,26528.68
GRID_CBE_04555,26129.5
GRID_CBE_04556,25762.97
GRID_CBE_04557,25430.51
GRID_CBE_04558,25133.46
GRID_CBE_04559,24873.09
GRID_CBE_04560,24650.57
GRID_CBE_04561,24466.93
GRID_CBE_04562,24323.05
GRID_CBE_04563,24219.63
GRID_CBE_04564,24157.21
GRID_CBE_04565,24135.67
GRID_CBE_04566,23595.53
GRID_CBE_04567,22750.49
GRID_CBE_04568,21905.45
GRID_CBE_04569,21060.41
GRID_CBE_04570,20215.37
GRID_CBE_04571,19370.33
GRID_CBE_04572,18525.28
GRID_CBE_04573,17680.24
GRID_CBE_04574,16835.2
GRID_CBE_04575,15990.16
GRID_CBE_04576,15145.12
GRID_CBE_04577,14300.08
GRID_CBE_04578,13455.03
GRID_CBE_04579,12609.99
GRID_CBE_04580,11764.95
GRID_CBE_04581,10919.91
GRID_CBE_04582,10074.87
GRID_CBE_04583,9229.83
GRID_CBE_04584,8384.79
GRID_CBE_04585,7539.74
GRID_CBE_04586,6694.7
GRID_CBE_04587,5849.66
GRID_CBE_04588,5004.62
GRID_CBE_04589,4159.58
GRID_CBE_04590,3314.54
GRID_CBE_04591,2469.49
GRID_CBE_04592,1624.45
GRID_CBE_04593,779.41
GRID_CBE_04594,0.0
GRID_CBE_04595,0.0
GRID_CBE_04596,835.29
GRID_CBE_04597,1680.35
GRID_CBE_04598,2525.4
GRID_CBE_04599,3370.46
GRID_CBE_04600,4215.52
GRID_CBE_04601,5060.58
GRID_CBE_04602,5905.64
GRID_CBE_04603,26780.75
GRID_CBE_04604,26499.75
GRID_CBE_04605,26253.86
GRID_CBE_04606,26044.06
GRID_CBE_04607,25871.24
GRID_CBE_04608,25736.15
GRID_CBE_04609,25639.38
GRID_CBE_04610,25581.36
GRID_CBE_04611,25562.36
GRID_CBE_04612,25567.62
GRID_CBE_04613,25573.22
GRID_CBE_04614,25578.81
GRID_CBE_04615,25591.25
GRID_CBE_04616,25639.46
GRID_CBE_04617,25726.49
GRID_CBE_04618,25851.93
GRID_CBE_04619,26015.23
GRID_CBE_04620,26215.69
GRID_CBE_04621,26452.45
GRID_CBE_04622,26724.56
GRID_CBE_04623,26860.91
GRID_CBE_04624,26917.59
GRID_CBE_04625,26974.27
GRID_CBE_04626,27030.95
GRID_CBE_04627,27087.62
GRID_CBE_04628,27144.3
GRID_CBE_04629,27200.98
GRID_CBE_04630,27257.66
GRID_CBE_04631,27314.34
GRID_CBE_04632,27371.02
GRID_CBE_04633,27055.92
GRID_CBE_04634,26702.12
GRID_CBE_04635,26381.49
GRID_CBE_04636,26095.27
GRID_CBE_04637,25844.59
GRID_CBE_04638,25630.51
GRID_CBE_04639,25453.94
GRID_CBE_04640,25315.66
GRID_CBE_04641,25216.32
GRID_CBE_04642,25156.37
GRID_CBE_04643,24975.27
GRID_CBE_04644,24130.23
GRID_CBE_04645,23285.19
GRID_CBE_04646,22440.15
GRID_CBE_04647,21595.11
GRID_CBE_04648,20750.07
GRID_CBE_04649,19905.03
GRID_CBE_04650,19059.98
GRID_CBE_04651,18214.94
GRID_CBE_04652,17369.9
GRID_CBE_04653,16524.86
GRID_CBE_04654,15679.82
GRID_CBE_04655,14834.78
GRID_CBE_04656,13989.73
GRID_CBE_04657,13144.69
GRID_CBE_04658,12299.65
GRID_CBE_04659,11454.61
GRID_CBE_04660,10609.57
GRID_CBE_04661,9764.53
GRID_CBE_04662,8919.49
GRID_CBE_04663,8074.44
GRID_CBE_04664,7229.4
GRID_CBE_04665,6384.36
GRID_CBE_04666,5539.32
GRID_CBE_04667,4694.28
GRID_CBE_04668,3849.24
GRID_CBE_04669,3004.19
GRID_CBE_04670,2159.15
GRID_CBE_04671,1314.11
GRID_CBE_04672,469.07
GRID_CBE_04673,0.0
GRID_CBE_04674,300.61
GRID_CBE_04675,1145.67
GRID_CBE_04676,1990.73
GRID_CBE_04677,2835.79
GRID_CBE_04678,3680.85
GRID_CBE_04679,4525.91
GRID_CBE_04680,5370.97
GRID_CBE_04681,25827.97
GRID_CBE_04682,25536.48
GRID_CBE_04683,25281.22
GRID_CBE_04684,25063.29
GRID_CBE_04685,24883.66
GRID_CBE_04686,24743.18
GRID_CBE_04687,24642.5
GRID_CBE_04688,24582.13
GRID_CBE_04689,24562.36
GRID_CBE_04690,24567.64
GRID_CBE_04691,24573.23
GRID_CBE_04692,24578.83
GRID_CBE_04693,24591.68
GRID_CBE_04694,24641.85
GRID_CBE_04695,24732.38
GRID_CBE_04696,24862.84
GRID_CBE_04697,25032.6
GRID_CBE_04698,25240.86
GRID_CBE_04699,25486.68
GRID_CBE_04700,25768.99
GRID_CBE_04701,25862.52
GRID_CBE_04702,25919.2
GRID_CBE_04703,25975.87
GRID_CBE_04704,26032.55
GRID_CBE_04705,26089.23
GRID_CBE_04706,26145.91
GRID_CBE_04707,26202.59
GRID_CBE_04708,26259.27
GRID_CBE_04709,26315.95
GRID_CBE_04710,26372.62
GRID_CBE_04711,26429.3
GRID_CBE_04712,26485.98
GRID_CBE_04713,26542.66
GRID_CBE_04714,26599.34
GRID_CBE_04715,26656.02
GRID_CBE_04716,26611.94
GRID_CBE_04717,26441.92
GRID_CBE_04718,26308.84
GRID_CBE_04719,26213.26
GRID_CBE_04720,26155.59
GRID_CBE_04721,25509.98
GRID_CBE_04722,24664.93
GRID_CBE_04723,23819.89
GRID_CBE_04724,22974.85
GRID_CBE_04725,22129.81
GRID_CBE_04726,21284.77
GRID_CBE_04727,20439.73
GRID_CBE_04728,19594.68
GRID_CBE_04729,18749.64
GRID_CBE_04730,17904.6
GRID_CBE_04731,17059.56
GRID_CBE_04732,16214.52
GRID_CBE_04733,15369.48
GRID_CBE_04734,14524.44
GRID_CBE_04735,13679.39
GRID_CBE_04736,12834.35
GRID_CBE_04737,11989.31
GRID_CBE_04738,11144.27
GRID_CBE_04739,10299.23
GRID_CBE_04740,9454.19
GRID_CBE_04741,8609.14
GRID_CBE_04742,7764.1
GRID_CBE_04743,6919.06
GRID_CBE_04744,6074.02
GRID_CBE_04745,5228.98
GRID_CBE_04746,4383.94
GRID_CBE_04747,3538.9
GRID_CBE_04748,2693.85
GRID_CBE_04749,1848.81
GRID_CBE_04750,1003.77
GRID_CBE_04751,158.73
GRID_CBE_04752,0.0
GRID_CBE_04753,611.0
GRID_CBE_04754,1456.06
GRID_CBE_04755,2301.12
GRID_CBE_04756,3146.18
GRID_CBE_04757,3991.23
GRID_CBE_04758,4836.29
GRID_CBE_04759,24878.89
GRID_CBE_04760,24576.15
GRID_CBE_04761,24310.81
GRID_CBE_04762,24084.1
GRID_CBE_04763,23897.11
GRID_CBE_04764,23750.79
GRID_CBE_04765,23645.89
GRID_CBE_04766,23582.97
GRID_CBE_04767,23562.36
GRID_CBE_04768,23567.66
GRID_CBE_04769,23573.25
GRID_CBE_04770,23578.84
GRID_CBE_04771,23592.15
GRID_CBE_04772,23644.44
GRID_CBE_04773,23738.77
GRID_CBE_04774,23874.66
GRID_CBE_04775,24051.39
GRID_CBE_04776,24268.08
GRID_CBE_04777,24523.65
GRID_CBE_04778,24807.45
GRID_CBE_04779,24864.12
GRID_CBE_04780,24920.8
GRID_CBE_04781,24977.48
GRID_CBE_04782,25034.16
GRID_CBE_04783,25090.84
GRID_CBE_04784,25147.52
GRID_CBE_04785,25204.2
GRID_CBE_04786,25260.88
GRID_CBE_04787,25317.55
GRID_CBE_04788,25374.23
GRID_CBE_04789,25430.91
GRID_CBE_04790,25487.59
GRID_CBE_04791,25544.27
GRID_CBE_04792,25600.95
GRID_CBE_04793,25657.63
GRID_CBE_04794,25714.3
GRID_CBE_04795,25770.98
GRID_CBE_04796,25827.66
GRID_CBE_04797,25884.34
GRID_CBE_04798,25941.02
GRID_CBE_04799,25993.98
GRID_CBE_04800,25199.63
GRID_CBE_04801,24354.59
GRID_CBE_04802,23509.55
GRID_CBE_04803,22664.51
GRID_CBE_04804,21819.47
GRID_CBE_04805,20974.43
GRID_CBE_04806,20129.39
GRID_CBE_04807,19284.34
GRID_CBE_04808,18439.3
GRID_CBE_04809,17594.26
GRID_CBE_04810,16749.22
GRID_CBE_04811,15904.18
GRID_CBE_04812,15059.14
GRID_CBE_04813,14214.09
GRID_CBE_04814,13369.05
GRID_CBE_04815,12524.01
GRID_CBE_04816,11678.97
GRID_CBE_04817,10833.93
GRID_CBE_04818,9988.89
GRID_CBE_04819,9143.85
GRID_CBE_04820,8298.8
GRID_CBE_04821,7453.76
GRID_CBE_04822,6608.72
GRID_CBE_04823,5763.68
GRID_CBE_04824,4918.64
GRID_CBE_04825,4073.6
GRID_CBE_04826,3228.55
GRID_CBE_04827,2383.51
GRID_CBE_04828,1538.47
GRID_CBE_04829,693.43
GRID_CBE_04830,0.0
GRID_CBE_04831,76.33
GRID_CBE_04832,921.38
GRID_CBE_04833,1766.44
GRID_CBE_04834,2611.5
GRID_CBE_04835,3456.56
GRID_CBE_04836,4301.62
GRID_CBE_04837,23933.96
GRID_CBE_04838,23619.12
GRID_CBE_04839,23342.9
GRID_CBE_04840,23106.69
GRID_CBE_04841,22911.73
GRID_CBE_04842,22759.07
GRID_CBE_04843,22649.58
GRID_CBE_04844,22583.88
GRID_CBE_04845,22562.36
GRID_CBE_04846,22567.67
GRID_CBE_04847,22573.26
GRID_CBE_04848,22578.86
GRID_CBE_04849,22592.65
GRID_CBE_04850,22647.25
GRID_CBE_04851,22745.72
GRID_CBE_04852,22887.51
GRID_CBE_04853,23071.8
GRID_CBE_04854,23297.6
GRID_CBE_04855,23563.7
GRID_CBE_04856,23809.05
GRID_CBE_04857,23865.73
GRID_CBE_04858,23922.41
GRID_CBE_04859,23979.09
GRID_CBE_04860,24035.77
GRID_CBE_04861,24092.45
GRID_CBE_04862,24149.13
GRID_CBE_04863,24205.8
GRID_CBE_04864,24262.48
GRID_CBE_04865,24319.16
GRID_CBE_04866,24375.84
GRID_CBE_04867,24432.52
GRID_CBE_04868,24489.2
GRID_CBE_04869,24545.88
GRID_CBE_04870,24602.55
GRID_CBE_04871,24659.23
GRID_CBE_04872,24715.91
GRID_CBE_04873,24772.59
GRID_CBE_04874,24829.27
GRID_CBE_04875,24885.95
GRID_CBE_04876,24942.63
GRID_CBE_04877,24994.69
GRID_CBE_04878,25032.38
GRID_CBE_04879,24889.29
GRID_CBE_04880,24044.25
GRID_CBE_04881,23199.21
GRID_CBE_04882,22354.17
GRID_CBE_04883,21509.13
GRID_CBE_04884,20664.09
GRID_CBE_04885,19819.04
GRID_CBE_04886,18974.0
GRID_CBE_04887,18128.96
GRID_CBE_04888,17283.92
GRID_CBE_04889,16438.88
GRID_CBE_04890,15593.84
GRID_CBE_04891,14748.8
GRID_CBE_04892,13903.75
GRID_CBE_04893,13058.71
GRID_CBE_04894,12213.67
GRID_CBE_04895,11368.63
GRID_CBE_04896,10523.59
GRID_CBE_04897,9678.55
GRID_CBE_04898,8833.5
GRID_CBE_04899,7988.46
GRID_CBE_04900,7143.42
GRID_CBE_04901,6298.38
GRID_CBE_04902,5453.34
GRID_CBE_04903,4608.3
GRID_CBE_04904,3763.26
GRID_CBE_04905,2918.21
GRID_CBE_04906,2073.17
GRID_CBE_04907,1228.13
GRID_CBE_04908,383.09
GRID_CBE_04909,0.0
GRID_CBE_04910,386.71
GRID_CBE_04911,1231.77
GRID_CBE_04912,2076.83
GRID_CBE_04913,2921.89
GRID_CBE_04914,3766.95
GRID_CBE_04915,22993.69
GRID_CBE_04916,22665.79
GRID_CBE_04917,22377.8
GRID_CBE_04918,22131.3
GRID_CBE_04919,21927.66
GRID_CBE_04920,21768.11
GRID_CBE_04921,21653.61
GRID_CBE_04922,21584.88
GRID_CBE_04923,21562.36
GRID_CBE_04924,21567.69
GRID_CBE_04925,21573.28
GRID_CBE_04926,21578.87
GRID_CBE_04927,21593.21
GRID_CBE_04928,21650.32
GRID_CBE_04929,21753.31
GRID_CBE_04930,21901.52
GRID_CBE_04931,22094.04
GRID_CBE_04932,22329.73
GRID_CBE_04933,22607.23
GRID_CBE_04934,22810.66
GRID_CBE_04935,22867.34
GRID_CBE_04936,22924.02
GRID_CBE_04937,22980.7
GRID_CBE_04938,23037.38
GRID_CBE_04939,23094.05
GRID_CBE_04940,23150.73
GRID_CBE_04941,23207.41
GRID_CBE_04942,23264.09
GRID_CBE_04943,23320.77
GRID_CBE_04944,23377.45
GRID_CBE_04945,23434.13
GRID_CBE_04946,23490.8
GRID_CBE_04947,23547.48
GRID_CBE_04948,23604.16
GRID_CBE_04949,23660.84
GRID_CBE_04950,23717.52
GRID_CBE_04951,23774.2
GRID_CBE_04952,23830.88
GRID_CBE_04953,23887.56
GRID_CBE_04954,23944.23
GRID_CBE_04955,23995.41
GRID_CBE_04956,24033.09
GRID_CBE_04957,24070.78
GRID_CBE_04958,24108.47
GRID_CBE_04959,23733.91
GRID_CBE_04960,22888.87
GRID_CBE_04961,22043.83
GRID_CBE_04962,21198.79
GRID_CBE_04963,20353.75
GRID_CBE_04964,19508.7
GRID_CBE_04965,18663.66
GRID_CBE_04966,17818.62
GRID_CBE_04967,16973.58
GRID_CBE_04968,16128.54
GRID_CBE_04969,15283.5
GRID_CBE_04970,14438.45
GRID_CBE_04971,13593.41
GRID_CBE_04972,12748.37
GRID_CBE_04973,11903.33
GRID_CBE_04974,11058.29
GRID_CBE_04975,10213.25
GRID_CBE_04976,9368.21
GRID_CBE_04977,8523.16
GRID_CBE_04978,7678.12
GRID_CBE_04979,6833.08
GRID_CBE_04980,5988.04
GRID_CBE_04981,5143.0
GRID_CBE_04982,4297.96
GRID_CBE_04983,3452.91
GRID_CBE_04984,2607.87
GRID_CBE_04985,1762.83
GRID_CBE_04986,917.79
GRID_CBE_04987,72.75
GRID_CBE_04988,0.0
GRID_CBE_04989,697.1
GRID_CBE_04990,1542.16
GRID_CBE_04991,2387.21
GRID_CBE_04992,3232.27
GRID_CBE_04993,22058.67
GRID_CBE_04994,21716.66
GRID_CBE_04995,21415.91
GRID_CBE_04996,21158.2
GRID_CBE_04997,20945.11
GRID_CBE_04998,20778.02
GRID_CBE_04999,20658.03
GRID_CBE_05000,20585.97
GRID_CBE_05001,20562.36
GRID_CBE_05002,20567.7
GRID_CBE_05003,20573.3
GRID_CBE_05004,20578.89
GRID_CBE_05005,20593.81
GRID_CBE_05006,20653.7
GRID_CBE_05007,20761.63
GRID_CBE_05008,20916.87
GRID_CBE_05009,21118.36
GRID_CBE_05010,21364.81
GRID_CBE_05011,21654.68
GRID_CBE_05012,21812.27
GRID_CBE_05013,21868.95
GRID_CBE_05014,21925.63
GRID_CBE_05015,21982.3
GRID_CBE_05016,22038.98
GRID_CBE_05017,22095.66
GRID_CBE_05018,22152.34
GRID_CBE_05019,22209.02
GRID_CBE_05020,22265.7
GRID_CBE_05021,22322.38
GRID_CBE_05022,22379.06
GRID_CBE_05023,22435.73
GRID_CBE_05024,22492.41
GRID_CBE_05025,22549.09
GRID_CBE_05026,22605.77
GRID_CBE_05027,22662.45
GRID_CBE_05028,22719.13
GRID_CBE_05029,22775.81
GRID_CBE_05030,22832.48
GRID_CBE_05031,22889.16
GRID_CBE_05032,22945.84
GRID_CBE_05033,22996.12
GRID_CBE_05034,23033.8
GRID_CBE_05035,23071.49
GRID_CBE_05036,23109.18
GRID_CBE_05037,23146.87
GRID_CBE_05038,23184.56
GRID_CBE_05039,22578.53
GRID_CBE_05040,21733.49
GRID_CBE_05041,20888.45
GRID_CBE_05042,20043.4
GRID_CBE_05043,19198.36
GRID_CBE_05044,18353.32
GRID_CBE_05045,17508.28
GRID_CBE_05046,16663.24
GRID_CBE_05047,15818.2
GRID_CBE_05048,14973.16
GRID_CBE_05049,14128.11
GRID_CBE_05050,13283.07
GRID_CBE_05051,12438.03
GRID_CBE_05052,11592.99
GRID_CBE_05053,10747.95
GRID_CBE_05054,9902.91
GRID_CBE_05055,9057.86
GRID_CBE_05056,8212.82
GRID_CBE_05057,7367.78
GRID_CBE_05058,6522.74
GRID_CBE_05059,5677.7
GRID_CBE_05060,4832.66
GRID_CBE_05061,3987.62
GRID_CBE_05062,3142.57
GRID_CBE_05063,2297.53
GRID_CBE_05064,1452.49
GRID_CBE_05065,607.45
GRID_CBE_05066,0.0
GRID_CBE_05067,162.42
GRID_CBE_05068,1007.48
GRID_CBE_05069,1852.54
GRID_CBE_05070,2697.6
GRID_CBE_05071,21129.61
GRID_CBE_05072,20772.3
GRID_CBE_05073,20457.68
GRID_CBE_05074,20187.74
GRID_CBE_05075,19964.29
GRID_CBE_05076,19788.92
GRID_CBE_05077,19662.9
GRID_CBE_05078,19587.18
GRID_CBE_05079,19562.36
GRID_CBE_05080,19567.72
GRID_CBE_05081,19573.31
GRID_CBE_05082,19578.9
GRID_CBE_05083,19594.48
GRID_CBE_05084,19657.41
GRID_CBE_05085,19770.78
GRID_CBE_05086,19933.74
GRID_CBE_05087,20145.07
GRID_CBE_05088,20403.28
GRID_CBE_05089,20706.62
GRID_CBE_05090,20813.88
GRID_CBE_05091,20870.56
GRID_CBE_05092,20927.23
GRID_CBE_05093,20983.91
GRID_CBE_05094,21040.59
GRID_CBE_05095,21097.27
GRID_CBE_05096,21153.95
GRID_CBE_05097,21210.63
GRID_CBE_05098,21267.31
GRID_CBE_05099,21323.98
GRID_CBE_05100,21380.66
GRID_CBE_05101,21437.34
GRID_CBE_05102,21494.02
GRID_CBE_05103,21550.7
GRID_CBE_05104,21607.38
GRID_CBE_05105,21664.06
GRID_CBE_05106,21720.73
GRID_CBE_05107,21777.41
GRID_CBE_05108,21834.09
GRID_CBE_05109,21890.77
GRID_CBE_05110,21947.45
GRID_CBE_05111,21996.83
GRID_CBE_05112,22034.51
GRID_CBE_05113,22072.2
GRID_CBE_05114,22109.89
GRID_CBE_05115,22147.58
GRID_CBE_05116,22185.27
GRID_CBE_05117,22222.96
GRID_CBE_05118,22260.64
GRID_CBE_05119,21423.15
GRID_CBE_05120,20578.11
GRID_CBE_05121,19733.06
GRID_CBE_05122,18888.02
GRID_CBE_05123,18042.98
GRID_CBE_05124,17197.94
GRID_CBE_05125,16352.9
GRID_CBE_05126,15507.86
GRID_CBE_05127,14662.81
GRID_CBE_05128,13817.77
GRID_CBE_05129,12972.73
GRID_CBE_05130,12127.69
GRID_CBE_05131,11282.65
GRID_CBE_05132,10437.61
GRID_CBE_05133,9592.56
GRID_CBE_05134,8747.52
GRID_CBE_05135,7902.48
GRID_CBE_05136,7057.44
GRID_CBE_05137,6212.4
GRID_CBE_05138,5367.36
GRID_CBE_05139,4522.32
GRID_CBE_05140,3677.27
GRID_CBE_05141,2832.23
GRID_CBE_05142,1987.19
GRID_CBE_05143,1142.15
GRID_CBE_05144,297.11
GRID_CBE_05145,0.0
GRID_CBE_05146,472.81
GRID_CBE_05147,1317.87
GRID_CBE_05148,2162.93
GRID_CBE_05149,20207.32
GRID_CBE_05150,19833.4
GRID_CBE_05151,19503.64
GRID_CBE_05152,19220.31
GRID_CBE_05153,18985.48
GRID_CBE_05154,18800.97
GRID_CBE_05155,18668.28
GRID_CBE_05156,18588.52
GRID_CBE_05157,18562.36
GRID_CBE_05158,18567.73
GRID_CBE_05159,18573.33
GRID_CBE_05160,18578.92
GRID_CBE_05161,18595.22
GRID_CBE_05162,18661.52
GRID_CBE_05163,18780.91
GRID_CBE_05164,18952.37
GRID_CBE_05165,19174.53
GRID_CBE_05166,19445.63
GRID_CBE_05167,19758.81
GRID_CBE_05168,19815.48
GRID_CBE_05169,19872.16
GRID_CBE_05170,19928.84
GRID_CBE_05171,19985.52
GRID_CBE_05172,20042.2
GRID_CBE_05173,20098.88
GRID_CBE_05174,20155.56
GRID_CBE_05175,20212.23
GRID_CBE_05176,20268.91
GRID_CBE_05177,20325.59
GRID_CBE_05178,20382.27
GRID_CBE_05179,20438.95
GRID_CBE_05180,20495.63
GRID_CBE_05181,20552.31
GRID_CBE_05182,20608.98
GRID_CBE_05183,20665.66
GRID_CBE_05184,20722.34
GRID_CBE_05185,20779.02
GRID_CBE_05186,20835.7
GRID_CBE_05187,20892.38
GRID_CBE_05188,20949.06
GRID_CBE_05189,20997.54
GRID_CBE_05190,21035.22
GRID_CBE_05191,21072.91
GRID_CBE_05192,21110.6
GRID_CBE_05193,21148.29
GRID_CBE_05194,21185.98
GRID_CBE_05195,21223.67
GRID_CBE_05196,21261.35
GRID_CBE_05197,21299.04
GRID_CBE_05198,21112.81
GRID_CBE_05199,20267.76
GRID_CBE_05200,19422.72
GRID_CBE_05201,18577.68
GRID_CBE_05202,17732.64
GRID_CBE_05203,16887.6
GRID_CBE_05204,16042.56
GRID_CBE_05205,15197.51
GRID_CBE_05206,14352.47
GRID_CBE_05207,13507.43
GRID_CBE_05208,12662.39
GRID_CBE_05209,11817.35
GRID_CBE_05210,10972.31
GRID_CBE_05211,10127.27
GRID_CBE_05212,9282.22
GRID_CBE_05213,8437.18
GRID_CBE_05214,7592.14
GRID_CBE_05215,6747.1
GRID_CBE_05216,5902.06
GRID_CBE_05217,5057.02
GRID_CBE_05218,4211.97
GRID_CBE_05219,3366.93
GRID_CBE_05220,2521.89
GRID_CBE_05221,1676.85
GRID_CBE_05222,831.81
GRID_CBE_05223,0.0
GRID_CBE_05224,0.0
GRID_CBE_05225,783.2
GRID_CBE_05226,1628.25
GRID_CBE_05227,19292.77
GRID_CBE_05228,18900.77
GRID_CBE_05229,18554.44
GRID_CBE_05230,18256.38
GRID_CBE_05231,18008.99
GRID_CBE_05232,17814.37
GRID_CBE_05233,17674.28
GRID_CBE_05234,17590.0
GRID_CBE_05235,17562.36
GRID_CBE_05236,17567.75
GRID_CBE_05237,17573.34
GRID_CBE_05238,17578.94
GRID_CBE_05239,17596.05
GRID_CBE_05240,17666.1
GRID_CBE_05241,17792.16
GRID_CBE_05242,17973.07
GRID_CBE_05243,18207.17
GRID_CBE_05244,18492.46
GRID_CBE_05245,18760.41
GRID_CBE_05246,18817.09
GRID_CBE_05247,18873.77
GRID_CBE_05248,18930.45
GRID_CBE_05249,18987.13
GRID_CBE_05250,19043.81
GRID_CBE_05251,19100.48
GRID_CBE_05252,19157.16
GRID_CBE_05253,19213.84
GRID_CBE_05254,19270.52
GRID_CBE_05255,19327.2
GRID_CBE_05256,19383.88
GRID_CBE_05257,19440.56
GRID_CBE_05258,19497.23
GRID_CBE_05259,19553.91
GRID_CBE_05260,19610.59
GRID_CBE_05261,19667.27
GRID_CBE_05262,19723.95
GRID_CBE_05263,19780.63
GRID_CBE_05264,19837.31
GRID_CBE_05265,19893.99
GRID_CBE_05266,19950.66
GRID_CBE_05267,19998.25
GRID_CBE_05268,20035.94
GRID_CBE_05269,20073.62
GRID_CBE_05270,20111.31
GRID_CBE_05271,20149.0
GRID_CBE_05272,20186.69
GRID_CBE_05273,20224.38
GRID_CBE_05274,20262.06
GRID_CBE_05275,20299.75
GRID_CBE_05276,20337.44
GRID_CBE_05277,20375.13
GRID_CBE_05278,19957.42
GRID_CBE_05279,19112.38
GRID_CBE_05280,18267.34
GRID_CBE_05281,17422.3
GRID_CBE_05282,16577.26
GRID_CBE_05283,15732.22
GRID_CBE_05284,14887.17
GRID_CBE_05285,14042.13
GRID_CBE_05286,13197.09
GRID_CBE_05287,12352.05
GRID_CBE_05288,11507.01
GRID_CBE_05289,10661.97
GRID_CBE_05290,9816.92
GRID_CBE_05291,8971.88
GRID_CBE_05292,8126.84
GRID_CBE_05293,7281.8
GRID_CBE_05294,6436.76
GRID_CBE_05295,5591.72
GRID_CBE_05296,4746.68
GRID_CBE_05297,3901.63
GRID_CBE_05298,3056.59
GRID_CBE_05299,2211.55
GRID_CBE_05300,1366.51
GRID_CBE_05301,521.47
GRID_CBE_05302,0.0
GRID_CBE_05303,248.52
GRID_CBE_05304,1143.09
GRID_CBE_05305,18387.12
GRID_CBE_05306,17975.38
GRID_CBE_05307,17610.87
GRID_CBE_05308,17296.55
GRID_CBE_05309,17035.23
GRID_CBE_05310,16829.35
GRID_CBE_05311,16680.99
GRID_CBE_05312,16591.67
GRID_CBE_05313,16562.36
GRID_CBE_05314,16567.77
GRID_CBE_05315,16573.36
GRID_CBE_05316,16578.95
GRID_CBE_05317,16596.98
GRID_CBE_05318,16671.22
GRID_CBE_05319,16804.75
GRID_CBE_05320,16996.17
GRID_CBE_05321,17243.54
GRID_CBE_05322,17544.51
GRID_CBE_05323,17762.02
GRID_CBE_05324,17818.7
GRID_CBE_05325,17875.38
GRID_CBE_05326,17932.06
GRID_CBE_05327,17988.73
GRID_CBE_05328,18045.41
GRID_CBE_05329,18102.09
GRID_CBE_05330,18158.77
GRID_CBE_05331,18215.45
GRID_CBE_05332,18272.13
GRID_CBE_05333,18328.81
GRID_CBE_05334,18385.49
GRID_CBE_05335,18442.16
GRID_CBE_05336,18498.84
GRID_CBE_05337,18555.52
GRID_CBE_05338,18612.2
GRID_CBE_05339,18668.88
GRID_CBE_05340,18725.56
GRID_CBE_05341,18782.24
GRID_CBE_05342,18838.91
GRID_CBE_05343,18895.59
GRID_CBE_05344,18952.27
GRID_CBE_05345,18998.96
GRID_CBE_05346,19036.65
GRID_CBE_05347,19074.33
GRID_CBE_05348,19112.02
GRID_CBE_05349,19149.71
GRID_CBE_05350,19187.4
GRID_CBE_05351,19225.09
GRID_CBE_05352,19262.77
GRID_CBE_05353,19300.46
GRID_CBE_05354,19338.15
GRID_CBE_05355,19375.84
GRID_CBE_05356,19413.53
GRID_CBE_05357,19451.22
GRID_CBE_05358,18802.04
GRID_CBE_05359,17957.0
GRID_CBE_05360,17111.96
GRID_CBE_05361,16266.92
GRID_CBE_05362,15421.87
GRID_CBE_05363,14576.83
GRID_CBE_05364,13731.79
GRID_CBE_05365,12886.75
GRID_CBE_05366,12041.71
GRID_CBE_05367,11196.67
GRID_CBE_05368,10351.63
GRID_CBE_05369,9506.58
GRID_CBE_05370,8661.54
GRID_CBE_05371,7816.5
GRID_CBE_05372,6971.46
GRID_CBE_05373,6126.42
GRID_CBE_05374,5281.38
GRID_CBE_05375,4436.33
GRID_CBE_05376,3591.29
GRID_CBE_05377,2746.25
GRID_CBE_05378,1901.21
GRID_CBE_05379,1069.07
GRID_CBE_05380,703.19
GRID_CBE_05381,703.93
GRID_CBE_05382,1303.7
GRID_CBE_05383,17491.75
GRID_CBE_05384,17058.42
GRID_CBE_05385,16673.87
GRID_CBE_05386,16341.54
GRID_CBE_05387,16064.69
GRID_CBE_05388,15846.21
GRID_CBE_05389,15688.55
GRID_CBE_05390,15593.55
GRID_CBE_05391,15562.36
GRID_CBE_05392,15567.78
GRID_CBE_05393,15573.37
GRID_CBE_05394,15578.97
GRID_CBE_05395,15598.02
GRID_CBE_05396,15677.0
GRID_CBE_05397,15818.92
GRID_CBE_05398,16022.12
GRID_CBE_05399,16284.3
GRID_CBE_05400,16602.66
GRID_CBE_05401,16763.63
GRID_CBE_05402,16820.31
GRID_CBE_05403,16876.99
GRID_CBE_05404,16933.66
GRID_CBE_05405,16990.34
GRID_CBE_05406,17047.02
GRID_CBE_05407,17103.7
GRID_CBE_05408,17160.38
GRID_CBE_05409,17217.06
GRID_CBE_05410,17273.74
GRID_CBE_05411,17330.41
GRID_CBE_05412,17387.09
GRID_CBE_05413,17443.77
GRID_CBE_05414,17500.45
GRID_CBE_05415,17557.13
GRID_CBE_05416,17613.81
GRID_CBE_05417,17670.49
GRID_CBE_05418,17727.16
GRID_CBE_05419,17783.84
GRID_CBE_05420,17840.52
GRID_CBE_05421,17897.2
GRID_CBE_05422,17953.88
GRID_CBE_05423,17999.67
GRID_CBE_05424,18037.36
GRID_CBE_05425,18075.04
GRID_CBE_05426,18112.73
GRID_CBE_05427,18150.42
GRID_CBE_05428,18188.11
GRID_CBE_05429,18225.8
GRID_CBE_05430,18263.49
GRID_CBE_05431,18301.17
GRID_CBE_05432,18338.86
GRID_CBE_05433,18376.55
GRID_CBE_05434,18414.24
GRID_CBE_05435,18451.93
GRID_CBE_05436,18489.61
GRID_CBE_05437,18491.7
GRID_CBE_05438,17646.66
GRID_CBE_05439,16801.62
GRID_CBE_05440,15956.58
GRID_CBE_05441,15111.53
GRID_CBE_05442,14266.49
GRID_CBE_05443,13421.45
GRID_CBE_05444,12576.41
GRID_CBE_05445,11731.37
GRID_CBE_05446,10886.33
GRID_CBE_05447,10041.28
GRID_CBE_05448,9196.24
GRID_CBE_05449,8351.2
GRID_CBE_05450,7506.16
GRID_CBE_05451,6661.12
GRID_CBE_05452,5816.08
GRID_CBE_05453,4971.04
GRID_CBE_05454,4125.99
GRID_CBE_05455,3280.95
GRID_CBE_05456,2481.97
GRID_CBE_05457,1884.75
GRID_CBE_05458,1703.16
GRID_CBE_05459,1699.56
GRID_CBE_05460,2023.03
GRID_CBE_05461,16608.33
GRID_CBE_05462,16151.31
GRID_CBE_05463,15744.62
GRID_CBE_05464,15392.25
GRID_CBE_05465,15098.0
GRID_CBE_05466,14865.32
GRID_CBE_05467,14697.14
GRID_CBE_05468,14595.69
GRID_CBE_05469,14562.36
GRID_CBE_05470,14567.8
GRID_CBE_05471,14573.39
GRID_CBE_05472,14578.98
GRID_CBE_05473,14599.21
GRID_CBE_05474,14683.56
GRID_CBE_05475,14834.99
GRID_CBE_05476,15051.48
GRID_CBE_05477,15330.26
GRID_CBE_05478,15668.02
GRID_CBE_05479,15765.24
GRID_CBE_05480,15821.91
GRID_CBE_05481,15878.59
GRID_CBE_05482,15935.27
GRID_CBE_05483,15991.95
GRID_CBE_05484,16048.63
GRID_CBE_05485,16105.31
GRID_CBE_05486,16161.99
GRID_CBE_05487,16218.66
GRID_CBE_05488,16275.34
GRID_CBE_05489,16332.02
GRID_CBE_05490,16388.7
GRID_CBE_05491,16445.38
GRID_CBE_05492,16502.06
GRID_CBE_05493,16558.74
GRID_CBE_05494,16615.41
GRID_CBE_05495,16672.09
GRID_CBE_05496,16728.77
GRID_CBE_05497,16785.45
GRID_CBE_05498,16842.13
GRID_CBE_05499,16898.81
GRID_CBE_05500,16955.49
GRID_CBE_05501,17000.38
GRID_CBE_05502,17038.07
GRID_CBE_05503,17075.75
GRID_CBE_05504,17113.44
GRID_CBE_05505,17151.13
GRID_CBE_05506,17188.82
GRID_CBE_05507,17226.51
GRID_CBE_05508,17264.2
GRID_CBE_05509,17301.88
GRID_CBE_05510,17339.57
GRID_CBE_05511,17377.26
GRID_CBE_05512,17414.95
GRID_CBE_05513,17452.64
GRID_CBE_05514,17490.32
GRID_CBE_05515,17528.01
GRID_CBE_05516,17565.7
GRID_CBE_05517,17336.32
GRID_CBE_05518,16491.28
GRID_CBE_05519,15646.23
GRID_CBE_05520,14801.19
GRID_CBE_05521,13956.15
GRID_CBE_05522,13111.11
GRID_CBE_05523,12266.07
GRID_CBE_05524,11421.03
GRID_CBE_05525,10575.99
GRID_CBE_05526,9730.94
GRID_CBE_05527,8885.9
GRID_CBE_05528,8040.86
GRID_CBE_05529,7195.82
GRID_CBE_05530,6350.78
GRID_CBE_05531,5505.74
GRID_CBE_05532,4667.48
GRID_CBE_05533,3895.82
GRID_CBE_05534,3251.08
GRID_CBE_05535,2821.63
GRID_CBE_05536,2703.13
GRID_CBE_05537,2698.43
GRID_CBE_05538,2913.01
GRID_CBE_05539,15738.87
GRID_CBE_05540,15255.83
GRID_CBE_05541,14824.59
GRID_CBE_05542,14449.8
GRID_CBE_05543,14135.94
GRID_CBE_05544,13887.15
GRID_CBE_05545,13706.98
GRID_CBE_05546,13598.14
GRID_CBE_05547,13562.36
GRID_CBE_05548,13567.81
GRID_CBE_05549,13573.41
GRID_CBE_05550,13579.0
GRID_CBE_05551,13600.57
GRID_CBE_05552,13691.07
GRID_CBE_05553,13853.36
GRID_CBE_05554,14084.94
GRID_CBE_05555,14382.47
GRID_CBE_05556,14720.76
GRID_CBE_05557,14766.84
GRID_CBE_05558,14823.52
GRID_CBE_05559,14880.2
GRID_CBE_05560,14936.88
GRID_CBE_05561,14993.56
GRID_CBE_05562,15050.24
GRID_CBE_05563,15106.91
GRID_CBE_05564,15163.59
GRID_CBE_05565,15220.27
GRID_CBE_05566,15276.95
GRID_CBE_05567,15333.63
GRID_CBE_05568,15390.31
GRID_CBE_05569,15446.99
GRID_CBE_05570,15503.66
GRID_CBE_05571,15560.34
GRID_CBE_05572,15617.02
GRID_CBE_05573,15673.7
GRID_CBE_05574,15730.38
GRID_CBE_05575,15787.06
GRID_CBE_05576,15843.74
GRID_CBE_05577,15900.42
GRID_CBE_05578,15957.09
GRID_CBE_05579,16001.09
GRID_CBE_05580,16038.78
GRID_CBE_05581,16076.47
GRID_CBE_05582,16114.15
GRID_CBE_05583,16151.84
GRID_CBE_05584,16189.53
GRID_CBE_05585,16227.22
GRID_CBE_05586,16264.91
GRID_CBE_05587,16302.59
GRID_CBE_05588,16340.28
GRID_CBE_05589,16377.97
GRID_CBE_05590,16415.66
GRID_CBE_05591,16453.35
GRID_CBE_05592,16491.03
GRID_CBE_05593,16528.72
GRID_CBE_05594,16566.41
GRID_CBE_05595,16604.1
GRID_CBE_05596,16641.79
GRID_CBE_05597,16180.94
GRID_CBE_05598,15335.89
GRID_CBE_05599,14490.85
GRID_CBE_05600,13645.81
GRID_CBE_05601,12800.77
GRID_CBE_05602,11955.73
GRID_CBE_05603,11110.69
GRID_CBE_05604,10265.64
GRID_CBE_05605,9420.6
GRID_CBE_05606,8575.56
GRID_CBE_05607,7730.52
GRID_CBE_05608,6885.53
GRID_CBE_05609,6066.52
GRID_CBE_05610,5309.87
GRID_CBE_05611,4646.16
GRID_CBE_05612,4120.54
GRID_CBE_05613,3790.91
GRID_CBE_05614,3703.11
GRID_CBE_05615,3697.9
GRID_CBE_05616,3857.28
GRID_CBE_05617,14885.81
GRID_CBE_05618,14374.13
GRID_CBE_05619,13915.59
GRID_CBE_05620,13515.62
GRID_CBE_05621,13179.53
GRID_CBE_05622,12912.33
GRID_CBE_05623,12718.35
GRID_CBE_05624,12600.98
GRID_CBE_05625,12562.36
GRID_CBE_05626,12567.83
GRID_CBE_05627,12573.42
GRID_CBE_05628,12579.01
GRID_CBE_05629,12602.15
GRID_CBE_05630,12699.77
GRID_CBE_05631,12874.55
GRID_CBE_05632,13123.42
GRID_CBE_05633,13442.25
GRID_CBE_05634,13720.95
GRID_CBE_05635,13768.45
GRID_CBE_05636,13825.13
GRID_CBE_05637,13881.81
GRID_CBE_05638,13938.49
GRID_CBE_05639,13995.16
GRID_CBE_05640,14051.84
GRID_CBE_05641,14108.52
GRID_CBE_05642,14165.2
GRID_CBE_05643,14221.88
GRID_CBE_05644,14278.56
GRID_CBE_05645,14335.24
GRID_CBE_05646,14391.92
GRID_CBE_05647,14448.59
GRID_CBE_05648,14505.27
GRID_CBE_05649,14561.95
GRID_CBE_05650,14618.63
GRID_CBE_05651,14675.31
GRID_CBE_05652,14731.99
GRID_CBE_05653,14788.67
GRID_CBE_05654,14845.34
GRID_CBE_05655,14902.02
GRID_CBE_05656,14958.7
GRID_CBE_05657,15001.8
GRID_CBE_05658,15039.49
GRID_CBE_05659,15077.18
GRID_CBE_05660,15114.86
GRID_CBE_05661,15152.55
GRID_CBE_05662,15190.24
GRID_CBE_05663,15227.93
GRID_CBE_05664,15265.62
GRID_CBE_05665,15303.3
GRID_CBE_05666,15340.99
GRID_CBE_05667,15378.68
GRID_CBE_05668,15416.37
GRID_CBE_05669,15454.06
GRID_CBE_05670,15491.75
GRID_CBE_05671,15529.43
GRID_CBE_05672,15567.12
GRID_CBE_05673,15604.81
GRID_CBE_05674,15642.5
GRID_CBE_05675,15680.19
GRID_CBE_05676,15717.87
GRID_CBE_05677,15025.55
GRID_CBE_05678,14180.51
GRID_CBE_05679,13335.47
GRID_CBE_05680,12490.43
GRID_CBE_05681,11645.39
GRID_CBE_05682,10800.34
GRID_CBE_05683,9955.3
GRID_CBE_05684,9110.26
GRID_CBE_05685,8272.11
GRID_CBE_05686,7471.27
GRID_CBE_05687,6723.99
GRID_CBE_05688,6050.13
GRID_CBE_05689,5476.87
GRID_CBE_05690,5038.67
GRID_CBE_05691,4772.87
GRID_CBE_05692,4703.08
GRID_CBE_05693,4697.61
GRID_CBE_05694,4824.07
GRID_CBE_05695,14052.14
GRID_CBE_05696,13508.92
GRID_CBE_05697,13019.95
GRID_CBE_05698,12591.55
GRID_CBE_05699,12230.1
GRID_CBE_05700,11941.68
GRID_CBE_05701,11731.66
GRID_CBE_05702,11604.31
GRID_CBE_05703,11562.36
GRID_CBE_05704,11567.84
GRID_CBE_05705,11573.44
GRID_CBE_05706,11579.03
GRID_CBE_05707,11603.99
GRID_CBE_05708,11709.94
GRID_CBE_05709,11899.28
GRID_CBE_05710,12168.11
GRID_CBE_05711,12511.31
GRID_CBE_05712,12721.17
GRID_CBE_05713,12770.06
GRID_CBE_05714,12826.74
GRID_CBE_05715,12883.42
GRID_CBE_05716,12940.09
GRID_CBE_05717,12996.77
GRID_CBE_05718,13053.45
GRID_CBE_05719,13110.13
GRID_CBE_05720,13166.81
GRID_CBE_05721,13223.49
GRID_CBE_05722,13280.17
GRID_CBE_05723,13336.84
GRID_CBE_05724,13393.52
GRID_CBE_05725,13450.2
GRID_CBE_05726,13506.88
GRID_CBE_05727,13563.56
GRID_CBE_05728,13620.24
GRID_CBE_05729,13676.92
GRID_CBE_05730,13733.59
GRID_CBE_05731,13790.27
GRID_CBE_05732,13846.95
GRID_CBE_05733,13903.63
GRID_CBE_05734,13960.31
GRID_CBE_05735,14002.51
GRID_CBE_05736,14040.2
GRID_CBE_05737,14077.89
GRID_CBE_05738,14115.57
GRID_CBE_05739,14153.26
GRID_CBE_05740,14190.95
GRID_CBE_05741,14228.64
GRID_CBE_05742,14266.33
GRID_CBE_05743,14304.02
GRID_CBE_05744,14341.7
GRID_CBE_05745,14379.39
GRID_CBE_05746,14417.08
GRID_CBE_05747,14454.77
GRID_CBE_05748,14492.46
GRID_CBE_05749,14530.14
GRID_CBE_05750,14567.83
GRID_CBE_05751,14605.52
GRID_CBE_05752,14643.21
GRID_CBE_05753,14680.9
GRID_CBE_05754,14718.58
GRID_CBE_05755,14756.27
GRID_CBE_05756,14715.21
GRID_CBE_05757,13870.17
GRID_CBE_05758,13025.13
GRID_CBE_05759,12180.09
GRID_CBE_05760,11335.05
GRID_CBE_05761,10490.61
GRID_CBE_05762,9666.7
GRID_CBE_05763,8879.03
GRID_CBE_05764,8138.14
GRID_CBE_05765,7457.97
GRID_CBE_05766,6856.63
GRID_CBE_05767,6356.53
GRID_CBE_05768,5983.11
GRID_CBE_05769,5761.05
GRID_CBE_05770,5703.05
GRID_CBE_05771,5697.41
GRID_CBE_05772,5802.12
GRID_CBE_05773,13241.52
GRID_CBE_05774,12663.58
GRID_CBE_05775,12140.61
GRID_CBE_05776,11680.01
GRID_CBE_05777,11289.41
GRID_CBE_05778,10976.29
GRID_CBE_05779,10747.42
GRID_CBE_05780,10608.27
GRID_CBE_05781,10562.36
GRID_CBE_05782,10567.86
GRID_CBE_05783,10573.45
GRID_CBE_05784,10579.05
GRID_CBE_05785,10606.19
GRID_CBE_05786,10722.0
GRID_CBE_05787,10928.47
GRID_CBE_05788,11220.58
GRID_CBE_05789,11591.87
GRID_CBE_05790,11721.42
GRID_CBE_05791,11771.67
GRID_CBE_05792,11828.34
GRID_CBE_05793,11885.02
GRID_CBE_05794,11941.7
GRID_CBE_05795,11998.38
GRID_CBE_05796,12055.06
GRID_CBE_05797,12111.74
GRID_CBE_05798,12168.42
GRID_CBE_05799,12225.09
GRID_CBE_05800,12281.77
GRID_CBE_05801,12338.45
GRID_CBE_05802,12395.13
GRID_CBE_05803,12451.81
GRID_CBE_05804,12508.49
GRID_CBE_05805,12565.17
GRID_CBE_05806,12621.84
GRID_CBE_05807,12678.52
GRID_CBE_05808,12735.2
GRID_CBE_05809,12791.88
GRID_CBE_05810,12848.56
GRID_CBE_05811,12905.24
GRID_CBE_05812,12961.92
GRID_CBE_05813,13003.22
GRID_CBE_05814,13040.91
GRID_CBE_05815,13078.6
GRID_CBE_05816,13116.28
GRID_CBE_05817,13153.97
GRID_CBE_05818,13191.66
GRID_CBE_05819,13229.35
GRID_CBE_05820,13267.04
GRID_CBE_05821,13304.73
GRID_CBE_05822,13342.41
GRID_CBE_05823,13380.1
GRID_CBE_05824,13417.79
GRID_CBE_05825,13455.48
GRID_CBE_05826,13493.17
GRID_CBE_05827,13530.85
GRID_CBE_05828,13568.54
GRID_CBE_05829,13606.23
GRID_CBE_05830,13643.92
GRID_CBE_05831,13681.61
GRID_CBE_05832,13719.3
GRID_CBE_05833,13756.98
GRID_CBE_05834,13794.67
GRID_CBE_05835,13832.36
GRID_CBE_05836,13559.83
GRID_CBE_05837,12714.79
GRID_CBE_05838,11877.3
GRID_CBE_05839,11066.27
GRID_CBE_05840,10288.56
GRID_CBE_05841,9552.3
GRID_CBE_05842,8867.84
GRID_CBE_05843,8248.07
GRID_CBE_05844,7708.62
GRID_CBE_05845,7267.38
GRID_CBE_05846,6943.12
GRID_CBE_05847,6752.71
GRID_CBE_05848,6703.02
GRID_CBE_05849,6697.27
GRID_CBE_05850,6786.57
GRID_CBE_05851,12458.46
GRID_CBE_05852,11842.36
GRID_CBE_05853,11281.38
GRID_CBE_05854,10784.15
GRID_CBE_05855,10359.83
GRID_CBE_05856,10017.69
GRID_CBE_05857,9766.39
GRID_CBE_05858,9613.04
GRID_CBE_05859,9562.36
GRID_CBE_05860,9567.87
GRID_CBE_05861,9573.47
GRID_CBE_05862,9579.06
GRID_CBE_05863,9608.85
GRID_CBE_05864,9736.53
GRID_CBE_05865,9963.43
GRID_CBE_05866,10283.0
GRID_CBE_05867,10686.91
GRID_CBE_05868,10721.73
GRID_CBE_05869,10773.27
GRID_CBE_05870,10829.95
GRID_CBE_05871,10886.63
GRID_CBE_05872,10943.31
GRID_CBE_05873,10999.99
GRID_CBE_05874,11056.67
GRID_CBE_05875,11113.34
GRID_CBE_05876,11170.02
GRID_CBE_05877,11226.7
GRID_CBE_05878,11283.38
GRID_CBE_05879,11340.06
GRID_CBE_05880,11396.74
GRID_CBE_05881,11453.42
GRID_CBE_05882,11510.1
GRID_CBE_05883,11566.77
GRID_CBE_05884,11623.45
GRID_CBE_05885,11680.13
GRID_CBE_05886,11736.81
GRID_CBE_05887,11793.49
GRID_CBE_05888,11850.17
GRID_CBE_05889,11906.85
GRID_CBE_05890,11963.52
GRID_CBE_05891,12003.93
GRID_CBE_05892,12041.62
GRID_CBE_05893,12079.31
GRID_CBE_05894,12117.0
GRID_CBE_05895,12154.68
GRID_CBE_05896,12192.37
GRID_CBE_05897,12230.06
GRID_CBE_05898,12267.75
GRID_CBE_05899,12305.44
GRID_CBE_05900,12343.12
GRID_CBE_05901,12380.81
GRID_CBE_05902,12418.5
GRID_CBE_05903,12456.19
GRID_CBE_05904,12493.88
GRID_CBE_05905,12531.56
GRID_CBE_05906,12569.25
GRID_CBE_05907,12606.94
GRID_CBE_05908,12644.63
GRID_CBE_05909,12682.32
GRID_CBE_05910,12720.01
GRID_CBE_05911,12757.69
GRID_CBE_05912,12795.38
GRID_CBE_05913,12833.07
GRID_CBE_05914,12870.76
GRID_CBE_05915,12908.45
GRID_CBE_05916,12469.15
GRID_CBE_05917,11699.22
GRID_CBE_05918,10966.48
GRID_CBE_05919,10278.9
GRID_CBE_05920,9646.14
GRID_CBE_05921,9079.65
GRID_CBE_05922,8592.56
GRID_CBE_05923,8199.04
GRID_CBE_05924,7913.05
GRID_CBE_05925,7746.51
GRID_CBE_05926,7702.99
GRID_CBE_05927,7697.17
GRID_CBE_05928,7775.0
GRID_CBE_05929,11708.48
GRID_CBE_05930,11050.64
GRID_CBE_05931,10447.24
GRID_CBE_05932,9908.23
GRID_CBE_05933,9444.64
GRID_CBE_05934,9068.05
GRID_CBE_05935,8789.64
GRID_CBE_05936,8618.93
GRID_CBE_05937,8562.36
GRID_CBE_05938,8567.89
GRID_CBE_05939,8573.48
GRID_CBE_05940,8579.08
GRID_CBE_05941,8612.12
GRID_CBE_05942,8754.35
GRID_CBE_05943,9006.03
GRID_CBE_05944,9358.35
GRID_CBE_05945,9745.09
GRID_CBE_05946,9722.09
GRID_CBE_05947,9774.88
GRID_CBE_05948,9831.56
GRID_CBE_05949,9888.24
GRID_CBE_05950,9944.92
GRID_CBE_05951,10001.6
GRID_CBE_05952,10058.27
GRID_CBE_05953,10114.95
GRID_CBE_05954,10171.63
GRID_CBE_05955,10228.31
GRID_CBE_05956,10284.99
GRID_CBE_05957,10341.67
GRID_CBE_05958,10398.35
GRID_CBE_05959,10455.02
GRID_CBE_05960,10511.7
GRID_CBE_05961,10568.38
GRID_CBE_05962,10625.06
GRID_CBE_05963,10681.74
GRID_CBE_05964,10738.42
GRID_CBE_05965,10795.1
GRID_CBE_05966,10851.77
GRID_CBE_05967,10908.45
GRID_CBE_05968,10965.13
GRID_CBE_05969,11004.64
GRID_CBE_05970,11042.33
GRID_CBE_05971,11080.02
GRID_CBE_05972,11117.71
GRID_CBE_05973,11155.39
GRID_CBE_05974,11193.08
GRID_CBE_05975,11230.77
GRID_CBE_05976,11268.46
GRID_CBE_05977,11306.15
GRID_CBE_05978,11343.83
GRID_CBE_05979,11381.52
GRID_CBE_05980,11419.21
GRID_CBE_05981,11456.9
GRID_CBE_05982,11494.59
GRID_CBE_05983,11532.28
GRID_CBE_05984,11569.96
GRID_CBE_05985,11607.65
GRID_CBE_05986,11645.34
GRID_CBE_05987,11683.03
GRID_CBE_05988,11720.72
GRID_CBE_05989,11758.4
GRID_CBE_05990,11796.09
GRID_CBE_05991,11833.78
GRID_CBE_05992,11871.47
GRID_CBE_05993,11909.16
GRID_CBE_05994,11946.84
GRID_CBE_05995,11984.53
GRID_CBE_05996,11690.73
GRID_CBE_05997,11048.31
GRID_CBE_05998,10462.18
GRID_CBE_05999,9942.3
GRID_CBE_06000,9499.55
GRID_CBE_06001,9145.14
GRID_CBE_06002,8889.64
GRID_CBE_06003,8741.72
GRID_CBE_06004,8702.97
GRID_CBE_06005,8697.1
GRID_CBE_06006,8766.05
GRID_CBE_06007,10998.36
GRID_CBE_06008,10295.24
GRID_CBE_06009,9644.7
GRID_CBE_06010,9058.06
GRID_CBE_06011,8548.49
GRID_CBE_06012,8130.49
GRID_CBE_06013,7818.76
GRID_CBE_06014,7626.35
GRID_CBE_06015,7562.37
GRID_CBE_06016,7567.91
GRID_CBE_06017,7573.5
GRID_CBE_06018,7579.09
GRID_CBE_06019,7616.24
GRID_CBE_06020,7776.71
GRID_CBE_06021,8058.98
GRID_CBE_06022,8450.87
GRID_CBE_06023,8748.16
GRID_CBE_06024,8722.54
GRID_CBE_06025,8776.49
GRID_CBE_06026,8833.17
GRID_CBE_06027,8889.85
GRID_CBE_06028,8946.52
GRID_CBE_06029,9003.2
GRID_CBE_06030,9059.88
GRID_CBE_06031,9116.56
GRID_CBE_06032,9173.24
GRID_CBE_06033,9229.92
GRID_CBE_06034,9286.6
GRID_CBE_06035,9343.27
GRID_CBE_06036,9399.95
GRID_CBE_06037,9456.63
GRID_CBE_06038,9513.31
GRID_CBE_06039,9569.99
GRID_CBE_06040,9626.67
GRID_CBE_06041,9683.35
GRID_CBE_06042,9740.02
GRID_CBE_06043,9796.7
GRID_CBE_06044,9853.38
GRID_CBE_06045,9910.06
GRID_CBE_06046,9966.74
GRID_CBE_06047,10005.35
GRID_CBE_06048,10043.04
GRID_CBE_06049,10080.73
GRID_CBE_06050,10118.42
GRID_CBE_06051,10156.1
GRID_CBE_06052,10193.79
GRID_CBE_06053,10231.48
GRID_CBE_06054,10269.17
GRID_CBE_06055,10306.86
GRID_CBE_06056,10344.55
GRID_CBE_06057,10382.23
GRID_CBE_06058,10419.92
GRID_CBE_06059,10457.61
GRID_CBE_06060,10495.3
GRID_CBE_06061,10532.99
GRID_CBE_06062,10570.67
GRID_CBE_06063,10608.36
GRID_CBE_06064,10646.05
GRID_CBE_06065,10683.74
GRID_CBE_06066,10721.43
GRID_CBE_06067,10759.11
GRID_CBE_06068,10796.8
GRID_CBE_06069,10834.49
GRID_CBE_06070,10872.18
GRID_CBE_06071,10909.87
GRID_CBE_06072,10947.56
GRID_CBE_06073,10985.24
GRID_CBE_06074,11022.93
GRID_CBE_06075,11060.62
GRID_CBE_06076,11098.31
GRID_CBE_06077,10828.61
GRID_CBE_06078,10423.57
GRID_CBE_06079,10101.63
GRID_CBE_06080,9870.92
GRID_CBE_06081,9737.92
GRID_CBE_06082,9702.94
GRID_CBE_06083,9697.03
GRID_CBE_06084,9758.92
GRID_CBE_06085,10336.3
GRID_CBE_06086,9584.74
GRID_CBE_06087,8882.31
GRID_CBE_06088,8241.58
GRID_CBE_06089,7678.01
GRID_CBE_06090,7209.72
GRID_CBE_06091,6856.26
GRID_CBE_06092,6636.0
GRID_CBE_06093,6562.37
GRID_CBE_06094,6567.92
GRID_CBE_06095,6573.51
GRID_CBE_06096,6579.11
GRID_CBE_06097,6621.61
GRID_CBE_06098,6805.57
GRID_CBE_06099,7126.42
GRID_CBE_06100,7566.76
GRID_CBE_06101,7752.03
GRID_CBE_06102,7723.11
GRID_CBE_06103,7778.1
GRID_CBE_06104,7834.77
GRID_CBE_06105,7891.45
GRID_CBE_06106,7948.13
GRID_CBE_06107,8004.81
GRID_CBE_06108,8061.49
GRID_CBE_06109,8118.17
GRID_CBE_06110,8174.85
GRID_CBE_06111,8231.52
GRID_CBE_06112,8288.2
GRID_CBE_06113,8344.88
GRID_CBE_06114,8401.56
GRID_CBE_06115,8458.24
GRID_CBE_06116,8514.92
GRID_CBE_06117,8571.6
GRID_CBE_06118,8628.27
GRID_CBE_06119,8684.95
GRID_CBE_06120,8741.63
GRID_CBE_06121,8798.31
GRID_CBE_06122,8854.99
GRID_CBE_06123,8911.67
GRID_CBE_06124,8968.35
GRID_CBE_06125,9006.06
GRID_CBE_06126,9043.75
GRID_CBE_06127,9081.44
GRID_CBE_06128,9119.13
GRID_CBE_06129,9156.81
GRID_CBE_06130,9194.5
GRID_CBE_06131,9232.19
GRID_CBE_06132,9269.88
GRID_CBE_06133,9307.57
GRID_CBE_06134,9345.26
GRID_CBE_06135,9382.94
GRID_CBE_06136,9420.63
GRID_CBE_06137,9458.32
GRID_CBE_06138,9496.01
GRID_CBE_06139,9533.7
GRID_CBE_06140,9571.38
GRID_CBE_06141,9609.07
GRID_CBE_06142,9646.76
GRID_CBE_06143,9684.45
GRID_CBE_06144,9722.14
GRID_CBE_06145,9759.83
GRID_CBE_06146,9797.51
GRID_CBE_06147,9835.2
GRID_CBE_06148,9872.89
GRID_CBE_06149,9910.58
GRID_CBE_06150,9948.27
GRID_CBE_06151,9985.95
GRID_CBE_06152,10023.64
GRID_CBE_06153,10061.33
GRID_CBE_06154,10099.02
GRID_CBE_06155,10136.71
GRID_CBE_06156,10174.39
GRID_CBE_06157,10212.08
GRID_CBE_06158,10249.77
GRID_CBE_06159,10287.46
GRID_CBE_06160,10325.15
GRID_CBE_06161,10407.61
GRID_CBE_06162,10584.28
GRID_CBE_06163,9732.13
GRID_CBE_06164,8929.87
GRID_CBE_06165,8171.34
GRID_CBE_06166,7469.87
GRID_CBE_06167,6843.04
GRID_CBE_06168,6313.11
GRID_CBE_06169,5906.23
GRID_CBE_06170,5649.05
GRID_CBE_06171,5562.37
GRID_CBE_06172,5567.94
GRID_CBE_06173,5573.53
GRID_CBE_06174,5579.12
GRID_CBE_06175,5628.89
GRID_CBE_06176,5844.18
GRID_CBE_06177,6214.86
GRID_CBE_06178,6715.24
GRID_CBE_06179,6757.05
GRID_CBE_06180,6723.84
GRID_CBE_06181,6779.7
GRID_CBE_06182,6836.38
GRID_CBE_06183,6893.06
GRID_CBE_06184,6949.74
GRID_CBE_06185,7006.42
GRID_CBE_06186,7063.1
GRID_CBE_06187,7119.77
GRID_CBE_06188,7176.45
GRID_CBE_06189,7233.13
GRID_CBE_06190,7289.81
GRID_CBE_06191,7346.49
GRID_CBE_06192,7403.17
GRID_CBE_06193,7459.85
GRID_CBE_06194,7516.53
GRID_CBE_06195,7573.2
GRID_CBE_06196,7629.88
GRID_CBE_06197,7686.56
GRID_CBE_06198,7743.24
GRID_CBE_06199,7799.92
GRID_CBE_06200,7856.6
GRID_CBE_06201,7913.28
GRID_CBE_06202,7969.08
GRID_CBE_06203,8006.77
GRID_CBE_06204,8044.46
GRID_CBE_06205,8082.15
GRID_CBE_06206,8119.84
GRID_CBE_06207,8157.53
GRID_CBE_06208,8195.21
GRID_CBE_06209,8232.9
GRID_CBE_06210,8270.59
GRID_CBE_06211,8308.28
GRID_CBE_06212,8345.97
GRID_CBE_06213,8383.65
GRID_CBE_06214,8421.34
GRID_CBE_06215,8459.03
GRID_CBE_06216,8496.72
GRID_CBE_06217,8534.41
GRID_CBE_06218,8572.09
GRID_CBE_06219,8609.78
GRID_CBE_06220,8647.47
GRID_CBE_06221,8685.16
GRID_CBE_06222,8722.85
GRID_CBE_06223,8760.54
GRID_CBE_06224,8798.22
GRID_CBE_06225,8835.91
GRID_CBE_06226,8873.6
GRID_CBE_06227,8911.29
GRID_CBE_06228,8948.98
GRID_CBE_06229,8986.66
GRID_CBE_06230,9024.35
GRID_CBE_06231,9062.04
GRID_CBE_06232,9099.73
GRID_CBE_06233,9137.42
GRID_CBE_06234,9175.11
GRID_CBE_06235,9212.79
GRID_CBE_06236,9250.48
GRID_CBE_06237,9288.17
GRID_CBE_06238,9325.86
GRID_CBE_06239,9417.01
GRID_CBE_06240,9611.9
GRID_CBE_06241,9197.27
GRID_CBE_06242,8343.73
GRID_CBE_06243,7526.36
GRID_CBE_06244,6758.28
GRID_CBE_06245,6058.26
GRID_CBE_06246,5452.58
GRID_CBE_06247,4975.83
GRID_CBE_06248,4667.66
GRID_CBE_06249,4562.37
GRID_CBE_06250,4567.95
GRID_CBE_06251,4573.55
GRID_CBE_06252,4579.14
GRID_CBE_06253,4639.29
GRID_CBE_06254,4898.27
GRID_CBE_06255,5335.08
GRID_CBE_06256,5910.42
GRID_CBE_06257,5763.8
GRID_CBE_06258,5724.84
GRID_CBE_06259,5781.31
GRID_CBE_06260,5837.99
GRID_CBE_06261,5894.67
GRID_CBE_06262,5951.35
GRID_CBE_06263,6008.03
GRID_CBE_06264,6064.7
GRID_CBE_06265,6121.38
GRID_CBE_06266,6178.06
GRID_CBE_06267,6234.74
GRID_CBE_06268,6291.42
GRID_CBE_06269,6348.1
GRID_CBE_06270,6404.78
GRID_CBE_06271,6461.45
GRID_CBE_06272,6518.13
GRID_CBE_06273,6574.81
GRID_CBE_06274,6631.49
GRID_CBE_06275,6688.17
GRID_CBE_06276,6744.85
GRID_CBE_06277,6801.53
GRID_CBE_06278,6858.2
GRID_CBE_06279,6914.88
GRID_CBE_06280,6969.79
GRID_CBE_06281,7007.48
GRID_CBE_06282,7045.17
GRID_CBE_06283,7082.86
GRID_CBE_06284,7120.55
GRID_CBE_06285,7158.24
GRID_CBE_06286,7195.92
GRID_CBE_06287,7233.61
GRID_CBE_06288,7271.3
GRID_CBE_06289,7308.99
GRID_CBE_06290,7346.68
GRID_CBE_06291,7384.36
GRID_CBE_06292,7422.05
GRID_CBE_06293,7459.74
GRID_CBE_06294,7497.43
GRID_CBE_06295,7535.12
GRID_CBE_06296,7572.81
GRID_CBE_06297,7610.49
GRID_CBE_06298,7648.18
GRID_CBE_06299,7685.87
GRID_CBE_06300,7723.56
GRID_CBE_06301,7761.25
GRID_CBE_06302,7798.93
GRID_CBE_06303,7836.62
GRID_CBE_06304,7874.31
GRID_CBE_06305,7912.0
GRID_CBE_06306,7949.69
GRID_CBE_06307,7987.37
GRID_CBE_06308,8025.06
GRID_CBE_06309,8062.75
GRID_CBE_06310,8100.44
GRID_CBE_06311,8138.13
GRID_CBE_06312,8175.82
GRID_CBE_06313,8213.5
GRID_CBE_06314,8251.19
GRID_CBE_06315,8288.88
GRID_CBE_06316,8326.67
GRID_CBE_06317,8428.63
GRID_CBE_06318,8645.83
GRID_CBE_06319,8744.43
GRID_CBE_06320,7841.76
GRID_CBE_06321,6965.73
GRID_CBE_06322,6127.77
GRID_CBE_06323,5345.82
GRID_CBE_06324,4648.22
GRID_CBE_06325,4078.5
GRID_CBE_06326,3696.26
GRID_CBE_06327,3562.38
GRID_CBE_06328,3567.97
GRID_CBE_06329,3573.56
GRID_CBE_06330,3579.15
GRID_CBE_06331,3655.35
GRID_CBE_06332,3978.9
GRID_CBE_06333,4505.74
GRID_CBE_06334,5023.21
GRID_CBE_06335,4773.36
GRID_CBE_06336,4726.24
GRID_CBE_06337,4782.92
GRID_CBE_06338,4839.6
GRID_CBE_06339,4896.28
GRID_CBE_06340,4952.95
GRID_CBE_06341,5009.63
GRID_CBE_06342,5066.31
GRID_CBE_06343,5122.99
GRID_CBE_06344,5179.67
GRID_CBE_06345,5236.35
GRID_CBE_06346,5293.03
GRID_CBE_06347,5349.7
GRID_CBE_06348,5406.38
GRID_CBE_06349,5463.06
GRID_CBE_06350,5519.74
GRID_CBE_06351,5576.42
GRID_CBE_06352,5633.1
GRID_CBE_06353,5689.78
GRID_CBE_06354,5746.45
GRID_CBE_06355,5803.13
GRID_CBE_06356,5859.81
GRID_CBE_06357,5916.49
GRID_CBE_06358,5970.51
GRID_CBE_06359,6008.19
GRID_CBE_06360,6045.88
GRID_CBE_06361,6083.57
GRID_CBE_06362,6121.26
GRID_CBE_06363,6158.95
GRID_CBE_06364,6196.63
GRID_CBE_06365,6234.32
GRID_CBE_06366,6272.01
GRID_CBE_06367,6309.7
GRID_CBE_06368,6347.39
GRID_CBE_06369,6385.07
GRID_CBE_06370,6422.76
GRID_CBE_06371,6460.45
GRID_CBE_06372,6498.14
GRID_CBE_06373,6535.83
GRID_CBE_06374,6573.52
GRID_CBE_06375,6611.2
GRID_CBE_06376,6648.89
GRID_CBE_06377,6686.58
GRID_CBE_06378,6724.27
GRID_CBE_06379,6761.96
GRID_CBE_06380,6799.64
GRID_CBE_06381,6837.33
GRID_CBE_06382,6875.02
GRID_CBE_06383,6912.71
GRID_CBE_06384,6950.4
GRID_CBE_06385,6988.09
GRID_CBE_06386,7025.77
GRID_CBE_06387,7063.46
GRID_CBE_06388,7101.15
GRID_CBE_06389,7138.84
GRID_CBE_06390,7176.53
GRID_CBE_06391,7214.21
GRID_CBE_06392,7251.9
GRID_CBE_06393,7289.59
GRID_CBE_06394,7327.7
GRID_CBE_06395,7443.36
GRID_CBE_06396,7688.44
GRID_CBE_06397,8386.91
GRID_CBE_06398,7441.0
GRID_CBE_06399,6511.27
GRID_CBE_06400,5605.79
GRID_CBE_06401,4738.47
GRID_CBE_06402,3934.62
GRID_CBE_06403,3241.83
GRID_CBE_06404,2745.48
GRID_CBE_06405,2562.39
GRID_CBE_06406,2567.98
GRID_CBE_06407,2573.58
GRID_CBE_06408,2579.17
GRID_CBE_06409,2683.32
GRID_CBE_06410,3109.7
GRID_CBE_06411,3760.36
GRID_CBE_06412,4098.32
GRID_CBE_06413,3787.96
GRID_CBE_06414,3727.85
GRID_CBE_06415,3784.53
GRID_CBE_06416,3841.2
GRID_CBE_06417,3897.88
GRID_CBE_06418,3954.56
GRID_CBE_06419,4011.24
GRID_CBE_06420,4067.92
GRID_CBE_06421,4124.6
GRID_CBE_06422,4181.28
GRID_CBE_06423,4237.95
GRID_CBE_06424,4294.63
GRID_CBE_06425,4351.31
GRID_CBE_06426,4407.99
GRID_CBE_06427,4464.67
GRID_CBE_06428,4521.35
GRID_CBE_06429,4578.03
GRID_CBE_06430,4634.7
GRID_CBE_06431,4691.38
GRID_CBE_06432,4748.06
GRID_CBE_06433,4804.74
GRID_CBE_06434,4861.42
GRID_CBE_06435,4918.1
GRID_CBE_06436,4971.22
GRID_CBE_06437,5008.9
GRID_CBE_06438,5046.59
GRID_CBE_06439,5084.28
GRID_CBE_06440,5121.97
GRID_CBE_06441,5159.66
GRID_CBE_06442,5197.34
GRID_CBE_06443,5235.03
GRID_CBE_06444,5272.72
GRID_CBE_06445,5310.41
GRID_CBE_06446,5348.1
GRID_CBE_06447,5385.79
GRID_CBE_06448,5423.47
GRID_CBE_06449,5461.16
GRID_CBE_06450,5498.85
GRID_CBE_06451,5536.54
GRID_CBE_06452,5574.23
GRID_CBE_06453,5611.91
GRID_CBE_06454,5649.6
GRID_CBE_06455,5687.29
GRID_CBE_06456,5724.98
GRID_CBE_06457,5762.67
GRID_CBE_06458,5800.35
GRID_CBE_06459,5838.04
GRID_CBE_06460,5875.73
GRID_CBE_06461,5913.42
GRID_CBE_06462,5951.11
GRID_CBE_06463,5988.8
GRID_CBE_06464,6026.48
GRID_CBE_06465,6064.17
GRID_CBE_06466,6101.86
GRID_CBE_06467,6139.55
GRID_CBE_06468,6177.24
GRID_CBE_06469,6214.92
GRID_CBE_06470,6252.61
GRID_CBE_06471,6290.3
GRID_CBE_06472,6329.05
GRID_CBE_06473,6462.61
GRID_CBE_06474,6743.43
GRID_CBE_06475,8137.3
GRID_CBE_06476,7158.48
GRID_CBE_06477,6186.44
GRID_CBE_06478,5224.96
GRID_CBE_06479,4281.16
GRID_CBE_06480,3369.95
GRID_CBE_06481,2526.81
GRID_CBE_06482,1847.42
GRID_CBE_06483,1562.41
GRID_CBE_06484,1568.0
GRID_CBE_06485,1573.59
GRID_CBE_06486,1579.19
GRID_CBE_06487,1743.23
GRID_CBE_06488,2347.1
GRID_CBE_06489,3158.94
GRID_CBE_06490,3218.68
GRID_CBE_06491,2812.89
GRID_CBE_06492,2729.45
GRID_CBE_06493,2786.13
GRID_CBE_06494,2842.81
GRID_CBE_06495,2899.49
GRID_CBE_06496,2956.17
GRID_CBE_06497,3012.85
GRID_CBE_06498,3069.53
GRID_CBE_06499,3126.2
GRID_CBE_06500,3182.88
GRID_CBE_06501,3239.56
GRID_CBE_06502,3296.24
GRID_CBE_06503,3352.92
GRID_CBE_06504,3409.6
GRID_CBE_06505,3466.28
GRID_CBE_06506,3522.96
GRID_CBE_06507,3579.63
GRID_CBE_06508,3636.31
GRID_CBE_06509,3692.99
GRID_CBE_06510,3749.67
GRID_CBE_06511,3806.35
GRID_CBE_06512,3863.03
GRID_CBE_06513,3919.71
GRID_CBE_06514,3971.93
GRID_CBE_06515,4009.61
GRID_CBE_06516,4047.3
GRID_CBE_06517,4084.99
GRID_CBE_06518,4122.68
GRID_CBE_06519,4160.37
GRID_CBE_06520,4198.06
GRID_CBE_06521,4235.74
GRID_CBE_06522,4273.43
GRID_CBE_06523,4311.12
GRID_CBE_06524,4348.81
GRID_CBE_06525,4386.5
GRID_CBE_06526,4424.18
GRID_CBE_06527,4461.87
GRID_CBE_06528,4499.56
GRID_CBE_06529,4537.25
GRID_CBE_06530,4574.94
GRID_CBE_06531,4612.62
GRID_CBE_06532,4650.31
GRID_CBE_06533,4688.0
GRID_CBE_06534,4725.69
GRID_CBE_06535,4763.38
GRID_CBE_06536,4801.07
GRID_CBE_06537,4838.75
GRID_CBE_06538,4876.44
GRID_CBE_06539,4914.13
GRID_CBE_06540,4951.82
GRID_CBE_06541,4989.51
GRID_CBE_06542,5027.19
GRID_CBE_06543,5064.88
GRID_CBE_06544,5102.57
GRID_CBE_06545,5140.26
GRID_CBE_06546,5177.95
GRID_CBE_06547,5215.64
GRID_CBE_06548,5253.32
GRID_CBE_06549,5291.01
GRID_CBE_06550,5330.91
GRID_CBE_06551,5488.82
GRID_CBE_06552,5816.84
GRID_CBE_06553,8005.68
GRID_CBE_06554,7008.5
GRID_CBE_06555,6012.26
GRID_CBE_06556,5017.52
GRID_CBE_06557,4025.38
GRID_CBE_06558,3038.4
GRID_CBE_06559,2063.99
GRID_CBE_06560,1135.01
GRID_CBE_06561,562.42
GRID_CBE_06562,568.02
GRID_CBE_06563,573.61
GRID_CBE_06564,579.2
GRID_CBE_06565,936.72
GRID_CBE_06566,1829.61
GRID_CBE_06567,2795.98
GRID_CBE_06568,2433.84
GRID_CBE_06569,1864.4
GRID_CBE_06570,1731.06
GRID_CBE_06571,1787.74
GRID_CBE_06572,1844.42
GRID_CBE_06573,1901.1
GRID_CBE_06574,1957.78
GRID_CBE_06575,2014.46
GRID_CBE_06576,2071.13
GRID_CBE_06577,2127.81
GRID_CBE_06578,2184.49
GRID_CBE_06579,2241.17
GRID_CBE_06580,2297.85
GRID_CBE_06581,2354.53
GRID_CBE_06582,2411.21
GRID_CBE_06583,2467.88
GRID_CBE_06584,2524.56
GRID_CBE_06585,2581.24
GRID_CBE_06586,2637.92
GRID_CBE_06587,2694.6
GRID_CBE_06588,2751.28
GRID_CBE_06589,2807.96
GRID_CBE_06590,2864.63
GRID_CBE_06591,2921.31
GRID_CBE_06592,2972.64
GRID_CBE_06593,3010.32
GRID_CBE_06594,3048.01
GRID_CBE_06595,3085.7
GRID_CBE_06596,3123.39
GRID_CBE_06597,3161.08
GRID_CBE_06598,3198.77
GRID_CBE_06599,3236.45
GRID_CBE_06600,3274.14
GRID_CBE_06601,3311.83
GRID_CBE_06602,3349.52
GRID_CBE_06603,3387.21
GRID_CBE_06604,3424.89
GRID_CBE_06605,3462.58
GRID_CBE_06606,3500.27
GRID_CBE_06607,3537.96
GRID_CBE_06608,3575.65
GRID_CBE_06609,3613.34
GRID_CBE_06610,3651.02
GRID_CBE_06611,3688.71
GRID_CBE_06612,3726.4
GRID_CBE_06613,3764.09
GRID_CBE_06614,3801.78
GRID_CBE_06615,3839.46
GRID_CBE_06616,3877.15
GRID_CBE_06617,3914.84
GRID_CBE_06618,3952.53
GRID_CBE_06619,3990.22
GRID_CBE_06620,4027.9
GRID_CBE_06621,4065.59
GRID_CBE_06622,4103.28
GRID_CBE_06623,4140.97
GRID_CBE_06624,4178.66
GRID_CBE_06625,4216.35
GRID_CBE_06626,4254.03
GRID_CBE_06627,4291.72
GRID_CBE_06628,4333.63
GRID_CBE_06629,4526.46
GRID_CBE_06630,4919.08
GRID_CBE_06631,7983.35
GRID_CBE_06632,6983.37
GRID_CBE_06633,5983.38
GRID_CBE_06634,4983.4
GRID_CBE_06635,3983.41
GRID_CBE_06636,2983.43
GRID_CBE_06637,1983.44
GRID_CBE_06638,983.46
GRID_CBE_06639,0.0
GRID_CBE_06640,0.0
GRID_CBE_06641,0.0
GRID_CBE_06642,0.0
GRID_CBE_06643,737.37
GRID_CBE_06644,1737.36
GRID_CBE_06645,2737.34
GRID_CBE_06646,1867.42
GRID_CBE_06647,1019.63
GRID_CBE_06648,732.67
GRID_CBE_06649,789.35
GRID_CBE_06650,846.03
GRID_CBE_06651,902.71
GRID_CBE_06652,959.38
GRID_CBE_06653,1016.06
GRID_CBE_06654,1072.74
GRID_CBE_06655,1129.42
GRID_CBE_06656,1186.1
GRID_CBE_06657,1242.78
GRID_CBE_06658,1299.46
GRID_CBE_06659,1356.13
GRID_CBE_06660,1412.81
GRID_CBE_06661,1469.49
GRID_CBE_06662,1526.17
GRID_CBE_06663,1582.85
GRID_CBE_06664,1639.53
GRID_CBE_06665,1696.21
GRID_CBE_06666,1752.88
GRID_CBE_06667,1809.56
GRID_CBE_06668,1866.24
GRID_CBE_06669,1922.92
GRID_CBE_06670,1973.35
GRID_CBE_06671,2011.04
GRID_CBE_06672,2048.72
GRID_CBE_06673,2086.41
GRID_CBE_06674,2124.1
GRID_CBE_06675,2161.79
GRID_CBE_06676,2199.48
GRID_CBE_06677,2237.16
GRID_CBE_06678,2274.85
GRID_CBE_06679,2312.54
GRID_CBE_06680,2350.23
GRID_CBE_06681,2387.92
GRID_CBE_06682,2425.6
GRID_CBE_06683,2463.29
GRID_CBE_06684,2500.98
GRID_CBE_06685,2538.67
GRID_CBE_06686,2576.36
GRID_CBE_06687,2614.05
GRID_CBE_06688,2651.73
GRID_CBE_06689,2689.42
GRID_CBE_06690,2727.11
GRID_CBE_06691,2764.8
GRID_CBE_06692,2802.49
GRID_CBE_06693,2840.17
GRID_CBE_06694,2877.86
GRID_CBE_06695,2915.55
GRID_CBE_06696,2953.24
GRID_CBE_06697,2990.93
GRID_CBE_06698,3028.62
GRID_CBE_06699,3066.3
GRID_CBE_06700,3103.99
GRID_CBE_06701,3141.68
GRID_CBE_06702,3179.37
GRID_CBE_06703,3217.06
GRID_CBE_06704,3254.74
GRID_CBE_06705,3292.43
GRID_CBE_06706,3337.98
GRID_CBE_06707,3584.77
GRID_CBE_06708,4069.29
GRID_CBE_06709,7977.8
GRID_CBE_06710,6977.82
GRID_CBE_06711,5977.83
GRID_CBE_06712,4977.85
GRID_CBE_06713,3977.86
GRID_CBE_06714,2977.88
GRID_CBE_06715,1977.89
GRID_CBE_06716,977.91
GRID_CBE_06717,0.0
GRID_CBE_06718,0.0
GRID_CBE_06719,0.0
GRID_CBE_06720,0.0
GRID_CBE_06721,743.02
GRID_CBE_06722,1743.01
GRID_CBE_06723,2722.11
GRID_CBE_06724,1722.13
GRID_CBE_06725,722.14
GRID_CBE_06726,0.0
GRID_CBE_06727,0.0
GRID_CBE_06728,0.0
GRID_CBE_06729,0.0
GRID_CBE_06730,0.0
GRID_CBE_06731,17.67
GRID_CBE_06732,74.35
GRID_CBE_06733,131.03
GRID_CBE_06734,187.71
GRID_CBE_06735,244.38
GRID_CBE_06736,301.06
GRID_CBE_06737,357.74
GRID_CBE_06738,414.42
GRID_CBE_06739,471.1
GRID_CBE_06740,527.78
GRID_CBE_06741,584.46
GRID_CBE_06742,641.14
GRID_CBE_06743,697.81
GRID_CBE_06744,754.49
GRID_CBE_06745,811.17
GRID_CBE_06746,867.85
GRID_CBE_06747,924.53
GRID_CBE_06748,974.06
GRID_CBE_06749,1011.75
GRID_CBE_06750,1049.43
GRID_CBE_06751,1087.12
GRID_CBE_06752,1124.81
GRID_CBE_06753,1162.5
GRID_CBE_06754,1200.19
GRID_CBE_06755,1237.87
GRID_CBE_06756,1275.56
GRID_CBE_06757,1313.25
GRID_CBE_06758,1350.94
GRID_CBE_06759,1388.63
GRID_CBE_06760,1426.32
GRID_CBE_06761,1464.0
GRID_CBE_06762,1501.69
GRID_CBE_06763,1539.38
GRID_CBE_06764,1577.07
GRID_CBE_06765,1614.76
GRID_CBE_06766,1652.44
GRID_CBE_06767,1690.13
GRID_CBE_06768,1727.82
GRID_CBE_06769,1765.51
GRID_CBE_06770,1803.2
GRID_CBE_06771,1840.88
GRID_CBE_06772,1878.57
GRID_CBE_06773,1916.26
GRID_CBE_06774,1953.95
GRID_CBE_06775,1991.64
GRID_CBE_06776,2029.33
GRID_CBE_06777,2067.01
GRID_CBE_06778,2104.7
GRID_CBE_06779,2142.39
GRID_CBE_06780,2180.08
GRID_CBE_06781,2217.77
GRID_CBE_06782,2255.45
GRID_CBE_06783,2293.14
GRID_CBE_06784,2346.03
GRID_CBE_06785,2685.58
GRID_CBE_06786,3304.67
GRID_CBE_06787,7972.25
GRID_CBE_06788,6972.27
GRID_CBE_06789,5972.28
GRID_CBE_06790,4972.3
GRID_CBE_06791,3972.31
GRID_CBE_06792,2972.33
GRID_CBE_06793,1972.34
GRID_CBE_06794,972.36
GRID_CBE_06795,0.0
GRID_CBE_06796,0.0
GRID_CBE_06797,0.0
GRID_CBE_06798,0.0
GRID_CBE_06799,748.67
GRID_CBE_06800,1748.66
GRID_CBE_06801,2723.03
GRID_CBE_06802,1726.32
GRID_CBE_06803,738.55
GRID_CBE_06804,159.34
GRID_CBE_06805,102.66
GRID_CBE_06806,45.97
GRID_CBE_06807,0.0
GRID_CBE_06808,0.0
GRID_CBE_06809,0.0
GRID_CBE_06810,0.0
GRID_CBE_06811,0.0
GRID_CBE_06812,0.0
GRID_CBE_06813,0.0
GRID_CBE_06814,0.0
GRID_CBE_06815,0.0
GRID_CBE_06816,0.0
GRID_CBE_06817,0.0
GRID_CBE_06818,0.0
GRID_CBE_06819,0.0
GRID_CBE_06820,0.0
GRID_CBE_06821,0.0
GRID_CBE_06822,0.0
GRID_CBE_06823,0.0
GRID_CBE_06824,0.0
GRID_CBE_06825,0.0
GRID_CBE_06826,0.0
GRID_CBE_06827,12.46
GRID_CBE_06828,50.14
GRID_CBE_06829,87.83
GRID_CBE_06830,125.52
GRID_CBE_06831,163.21
GRID_CBE_06832,200.9
GRID_CBE_06833,238.59
GRID_CBE_06834,276.27
GRID_CBE_06835,313.96
GRID_CBE_06836,351.65
GRID_CBE_06837,389.34
GRID_CBE_06838,427.03
GRID_CBE_06839,464.71
GRID_CBE_06840,502.4
GRID_CBE_06841,540.09
GRID_CBE_06842,577.78
GRID_CBE_06843,615.47
GRID_CBE_06844,653.15
GRID_CBE_06845,690.84
GRID_CBE_06846,728.53
GRID_CBE_06847,766.22
GRID_CBE_06848,803.91
GRID_CBE_06849,841.6
GRID_CBE_06850,879.28
GRID_CBE_06851,916.97
GRID_CBE_06852,954.66
GRID_CBE_06853,992.35
GRID_CBE_06854,1030.04
GRID_CBE_06855,1067.72
GRID_CBE_06856,1105.41
GRID_CBE_06857,1143.1
GRID_CBE_06858,1180.79
GRID_CBE_06859,1218.48
GRID_CBE_06860,1256.16
GRID_CBE_06861,1293.85
GRID_CBE_06862,1365.87
GRID_CBE_06863,1890.53
GRID_CBE_06864,2698.63
GRID_CBE_06865,7968.38
GRID_CBE_06866,6968.5
GRID_CBE_06867,5968.68
GRID_CBE_06868,4968.91
GRID_CBE_06869,3969.28
GRID_CBE_06870,2969.88
GRID_CBE_06871,1971.09
GRID_CBE_06872,974.8
GRID_CBE_06873,119.04
GRID_CBE_06874,113.43
GRID_CBE_06875,107.82
GRID_CBE_06876,102.21
GRID_CBE_06877,760.48
GRID_CBE_06878,1756.66
GRID_CBE_06879,2755.61
GRID_CBE_06880,2081.22
GRID_CBE_06881,1377.23
GRID_CBE_06882,1157.73
GRID_CBE_06883,1101.05
GRID_CBE_06884,1044.36
GRID_CBE_06885,987.68
GRID_CBE_06886,930.99
GRID_CBE_06887,874.3
GRID_CBE_06888,817.62
GRID_CBE_06889,760.93
GRID_CBE_06890,704.25
GRID_CBE_06891,647.56
GRID_CBE_06892,590.88
GRID_CBE_06893,534.19
GRID_CBE_06894,477.5
GRID_CBE_06895,420.82
GRID_CBE_06896,364.13
GRID_CBE_06897,307.45
GRID_CBE_06898,250.76
GRID_CBE_06899,194.07
GRID_CBE_06900,137.39
GRID_CBE_06901,80.7
GRID_CBE_06902,24.02
GRID_CBE_06903,0.0
GRID_CBE_06904,0.0
GRID_CBE_06905,0.0
GRID_CBE_06906,0.0
GRID_CBE_06907,0.0
GRID_CBE_06908,0.0
GRID_CBE_06909,0.0
GRID_CBE_06910,0.0
GRID_CBE_06911,0.0
GRID_CBE_06912,0.0
GRID_CBE_06913,0.0
GRID_CBE_06914,0.0
GRID_CBE_06915,0.0
GRID_CBE_06916,0.0
GRID_CBE_06917,0.0
GRID_CBE_06918,0.0
GRID_CBE_06919,0.0
GRID_CBE_06920,0.0
GRID_CBE_06921,0.0
GRID_CBE_06922,0.0
GRID_CBE_06923,0.0
GRID_CBE_06924,0.0
GRID_CBE_06925,0.0
GRID_CBE_06926,0.0
GRID_CBE_06927,0.0
GRID_CBE_06928,0.0
GRID_CBE_06929,0.0
GRID_CBE_06930,0.0
GRID_CBE_06931,0.0
GRID_CBE_06932,30.75
GRID_CBE_06933,68.43
GRID_CBE_06934,106.12
GRID_CBE_06935,143.81
GRID_CBE_06936,181.5
GRID_CBE_06937,219.19
GRID_CBE_06938,256.88
GRID_CBE_06939,294.56
GRID_CBE_06940,476.8
GRID_CBE_06941,1391.35
GRID_CBE_06942,2375.79
GRID_CBE_06943,8045.71
GRID_CBE_06944,7056.8
GRID_CBE_06945,6071.53
GRID_CBE_06946,5092.01
GRID_CBE_06947,4122.33
GRID_CBE_06948,3171.53
GRID_CBE_06949,2263.55
GRID_CBE_06950,1479.42
GRID_CBE_06951,1119.02
GRID_CBE_06952,1113.41
GRID_CBE_06953,1107.81
GRID_CBE_06954,1102.2
GRID_CBE_06955,1334.17
GRID_CBE_06956,2070.64
GRID_CBE_06957,2965.65
GRID_CBE_06958,2771.78
GRID_CBE_06959,2290.86
GRID_CBE_06960,2156.13
GRID_CBE_06961,2099.44
GRID_CBE_06962,2042.75
GRID_CBE_06963,1986.07
GRID_CBE_06964,1929.38
GRID_CBE_06965,1872.7
GRID_CBE_06966,1816.01
GRID_CBE_06967,1759.33
GRID_CBE_06968,1702.64
GRID_CBE_06969,1645.95
GRID_CBE_06970,1589.27
GRID_CBE_06971,1532.58
GRID_CBE_06972,1475.9
GRID_CBE_06973,1419.21
GRID_CBE_06974,1362.52
GRID_CBE_06975,1305.84
GRID_CBE_06976,1249.15
GRID_CBE_06977,1192.47
GRID_CBE_06978,1135.78
GRID_CBE_06979,1079.09
GRID_CBE_06980,1022.41
GRID_CBE_06981,965.72
GRID_CBE_06982,918.02
GRID_CBE_06983,880.33
GRID_CBE_06984,842.63
GRID_CBE_06985,804.93
GRID_CBE_06986,767.24
GRID_CBE_06987,729.54
GRID_CBE_06988,123.61
GRID_CBE_06989,0.0
GRID_CBE_06990,0.0
GRID_CBE_06991,578.76
GRID_CBE_06992,541.07
GRID_CBE_06993,503.37
GRID_CBE_06994,465.68
GRID_CBE_06995,427.98
GRID_CBE_06996,390.28
GRID_CBE_06997,352.59
GRID_CBE_06998,314.89
GRID_CBE_06999,277.2
GRID_CBE_07000,239.5
GRID_CBE_07001,201.81
GRID_CBE_07002,164.11
GRID_CBE_07003,126.42
GRID_CBE_07004,88.72
GRID_CBE_07005,51.02
GRID_CBE_07006,13.33
GRID_CBE_07007,0.0
GRID_CBE_07008,0.0
GRID_CBE_07009,0.0
GRID_CBE_07010,0.0
GRID_CBE_07011,0.0
GRID_CBE_07012,0.0
GRID_CBE_07013,0.0
GRID_CBE_07014,0.0
GRID_CBE_07015,0.0
GRID_CBE_07016,0.0
GRID_CBE_07017,0.0
GRID_CBE_07018,359.41
GRID_CBE_07019,1359.39
GRID_CBE_07020,2359.36
GRID_CBE_07021,8244.51
GRID_CBE_07022,7282.65
GRID_CBE_07023,6332.61
GRID_CBE_07024,5400.65
GRID_CBE_07025,4498.0
GRID_CBE_07026,3646.51
GRID_CBE_07027,2891.73
GRID_CBE_07028,2329.62
GRID_CBE_07029,2119.01
GRID_CBE_07030,2113.4
GRID_CBE_07031,2107.79
GRID_CBE_07032,2102.18
GRID_CBE_07033,2231.97
GRID_CBE_07034,2736.64
GRID_CBE_07035,3463.63
GRID_CBE_07036,3610.27
GRID_CBE_07037,3255.66
GRID_CBE_07038,3154.52
GRID_CBE_07039,3097.83
GRID_CBE_07040,3041.15
GRID_CBE_07041,2984.46
GRID_CBE_07042,2927.77
GRID_CBE_07043,2871.09
GRID_CBE_07044,2814.4
GRID_CBE_07045,2757.72
GRID_CBE_07046,2701.03
GRID_CBE_07047,2644.35
GRID_CBE_07048,2587.66
GRID_CBE_07049,2530.97
GRID_CBE_07050,2474.29
GRID_CBE_07051,2417.6
GRID_CBE_07052,2360.92
GRID_CBE_07053,2304.23
GRID_CBE_07054,2247.54
GRID_CBE_07055,2190.86
GRID_CBE_07056,2134.17
GRID_CBE_07057,2077.49
GRID_CBE_07058,2020.8
GRID_CBE_07059,1964.12
GRID_CBE_07060,1917.31
GRID_CBE_07061,1879.62
GRID_CBE_07062,1841.92
GRID_CBE_07063,1804.22
GRID_CBE_07064,1766.53
GRID_CBE_07065,1116.89
GRID_CBE_07066,116.91
GRID_CBE_07067,0.0
GRID_CBE_07068,0.0
GRID_CBE_07069,696.88
GRID_CBE_07070,1540.36
GRID_CBE_07071,1502.66
GRID_CBE_07072,1464.96
GRID_CBE_07073,1427.27
GRID_CBE_07074,1389.57
GRID_CBE_07075,1351.88
GRID_CBE_07076,1117.91
GRID_CBE_07077,398.73
GRID_CBE_07078,402.88
GRID_CBE_07079,409.95
GRID_CBE_07080,871.72
GRID_CBE_07081,1125.7
GRID_CBE_07082,1088.01
GRID_CBE_07083,1050.31
GRID_CBE_07084,1012.62
GRID_CBE_07085,974.92
GRID_CBE_07086,937.23
GRID_CBE_07087,899.53
GRID_CBE_07088,861.84
GRID_CBE_07089,824.14
GRID_CBE_07090,786.45
GRID_CBE_07091,748.75
GRID_CBE_07092,711.05
GRID_CBE_07093,673.36
GRID_CBE_07094,635.66
GRID_CBE_07095,597.97
GRID_CBE_07096,679.26
GRID_CBE_07097,1478.75
GRID_CBE_07098,2431.47
GRID_CBE_07099,8556.3
GRID_CBE_07100,7633.83
GRID_CBE_07101,6733.53
GRID_CBE_07102,5865.62
GRID_CBE_07103,5046.83
GRID_CBE_07104,4305.29
GRID_CBE_07105,3687.89
GRID_CBE_07106,3265.82
GRID_CBE_07107,3118.99
GRID_CBE_07108,3113.38
GRID_CBE_07109,3107.78
GRID_CBE_07110,3102.17
GRID_CBE_07111,3191.13
GRID_CBE_07112,3562.43
GRID_CBE_07113,4147.1
GRID_CBE_07114,4515.01
GRID_CBE_07115,4236.82
GRID_CBE_07116,4152.91
GRID_CBE_07117,4096.22
GRID_CBE_07118,4039.54
GRID_CBE_07119,3982.85
GRID_CBE_07120,3926.17
GRID_CBE_07121,3869.48
GRID_CBE_07122,3812.8
GRID_CBE_07123,3756.11
GRID_CBE_07124,3699.42
GRID_CBE_07125,3642.74
GRID_CBE_07126,3586.05
GRID_CBE_07127,3529.37
GRID_CBE_07128,3472.68
GRID_CBE_07129,3415.99
GRID_CBE_07130,3359.31
GRID_CBE_07131,3302.62
GRID_CBE_07132,3245.94
GRID_CBE_07133,3189.25
GRID_CBE_07134,3132.56
GRID_CBE_07135,3075.88
GRID_CBE_07136,3019.19
GRID_CBE_07137,2962.51
GRID_CBE_07138,2916.6
GRID_CBE_07139,2878.9
GRID_CBE_07140,2841.21
GRID_CBE_07141,2803.51
GRID_CBE_07142,2221.08
GRID_CBE_07143,1305.25
GRID_CBE_07144,688.58
GRID_CBE_07145,672.97
GRID_CBE_07146,666.24
GRID_CBE_07147,964.38
GRID_CBE_07148,1824.38
GRID_CBE_07149,2501.95
GRID_CBE_07150,2464.25
GRID_CBE_07151,2426.56
GRID_CBE_07152,2388.86
GRID_CBE_07153,2041.07
GRID_CBE_07154,1041.09
GRID_CBE_07155,41.12
GRID_CBE_07156,0.0
GRID_CBE_07157,0.0
GRID_CBE_07158,772.59
GRID_CBE_07159,1772.57
GRID_CBE_07160,2087.3
GRID_CBE_07161,2049.6
GRID_CBE_07162,2011.91
GRID_CBE_07163,1974.21
GRID_CBE_07164,1936.52
GRID_CBE_07165,1898.82
GRID_CBE_07166,1861.13
GRID_CBE_07167,1823.43
GRID_CBE_07168,1785.73
GRID_CBE_07169,1748.04
GRID_CBE_07170,1710.34
GRID_CBE_07171,1672.65
GRID_CBE_07172,1634.95
GRID_CBE_07173,1597.26
GRID_CBE_07174,1615.58
GRID_CBE_07175,2082.17
GRID_CBE_07176,2839.14
GRID_CBE_07177,8969.33
GRID_CBE_07178,8094.06
GRID_CBE_07179,7251.13
GRID_CBE_07180,6453.21
GRID_CBE_07181,5719.17
GRID_CBE_07182,5076.81
GRID_CBE_07183,4564.97
GRID_CBE_07184,4231.31
GRID_CBE_07185,4118.98
GRID_CBE_07186,4113.37
GRID_CBE_07187,4107.76
GRID_CBE_07188,4102.15
GRID_CBE_07189,4169.53
GRID_CBE_07190,4460.11
GRID_CBE_07191,4939.64
GRID_CBE_07192,5453.13
GRID_CBE_07193,5225.12
GRID_CBE_07194,5151.3
GRID_CBE_07195,5094.62
GRID_CBE_07196,5037.93
GRID_CBE_07197,4981.24
GRID_CBE_07198,4924.56
GRID_CBE_07199,4867.87
GRID_CBE_07200,4811.19
GRID_CBE_07201,4754.5
GRID_CBE_07202,4697.82
GRID_CBE_07203,4641.13
GRID_CBE_07204,4584.44
GRID_CBE_07205,4527.76
GRID_CBE_07206,4471.07
GRID_CBE_07207,4414.39
GRID_CBE_07208,4357.7
GRID_CBE_07209,4301.01
GRID_CBE_07210,4244.33
GRID_CBE_07211,4187.64
GRID_CBE_07212,4130.96
GRID_CBE_07213,4074.27
GRID_CBE_07214,4017.59
GRID_CBE_07215,3960.9
GRID_CBE_07216,3915.89
GRID_CBE_07217,3878.19
GRID_CBE_07218,3840.5
GRID_CBE_07219,3538.45
GRID_CBE_07220,2700.2
GRID_CBE_07221,2015.33
GRID_CBE_07222,1682.87
GRID_CBE_07223,1672.95
GRID_CBE_07224,1666.21
GRID_CBE_07225,1805.12
GRID_CBE_07226,2378.4
GRID_CBE_07227,3170.98
GRID_CBE_07228,3463.54
GRID_CBE_07229,3425.85
GRID_CBE_07230,3034.0
GRID_CBE_07231,2034.03
GRID_CBE_07232,1034.05
GRID_CBE_07233,34.08
GRID_CBE_07234,0.0
GRID_CBE_07235,0.0
GRID_CBE_07236,779.7
GRID_CBE_07237,1779.67
GRID_CBE_07238,2779.65
GRID_CBE_07239,3048.89
GRID_CBE_07240,3011.2
GRID_CBE_07241,2973.5
GRID_CBE_07242,2935.81
GRID_CBE_07243,2898.11
GRID_CBE_07244,2860.41
GRID_CBE_07245,2822.72
GRID_CBE_07246,2785.02
GRID_CBE_07247,2747.33
GRID_CBE_07248,2709.63
GRID_CBE_07249,2671.94
GRID_CBE_07250,2634.24
GRID_CBE_07251,2596.55
GRID_CBE_07252,2599.77
GRID_CBE_07253,2912.75
GRID_CBE_07254,3494.2
GRID_CBE_07255,9470.33
GRID_CBE_07256,8645.94
GRID_CBE_07257,7862.4
GRID_CBE_07258,7133.19
GRID_CBE_07259,6476.68
GRID_CBE_07260,5917.13
GRID_CBE_07261,5484.29
GRID_CBE_07262,5209.84
GRID_CBE_07263,5118.96
GRID_CBE_07264,5113.35
GRID_CBE_07265,5107.74
GRID_CBE_07266,5102.14
GRID_CBE_07267,5156.23
GRID_CBE_07268,5393.91
GRID_CBE_07269,5796.7
GRID_CBE_07270,6333.19
GRID_CBE_07271,6217.17
GRID_CBE_07272,6149.69
GRID_CBE_07273,6093.01
GRID_CBE_07274,6036.32
GRID_CBE_07275,5979.64
GRID_CBE_07276,5922.95
GRID_CBE_07277,5866.27
GRID_CBE_07278,5809.58
GRID_CBE_07279,5752.89
GRID_CBE_07280,5696.21
GRID_CBE_07281,5639.52
GRID_CBE_07282,5582.84
GRID_CBE_07283,5526.15
GRID_CBE_07284,5469.46
GRID_CBE_07285,5412.78
GRID_CBE_07286,5356.09
GRID_CBE_07287,5299.41
GRID_CBE_07288,5242.72
GRID_CBE_07289,5186.03
GRID_CBE_07290,5129.35
GRID_CBE_07291,5072.66
GRID_CBE_07292,5015.98
GRID_CBE_07293,4959.29
GRID_CBE_07294,4915.18
GRID_CBE_07295,4877.48
GRID_CBE_07296,4839.79
GRID_CBE_07297,4108.35
GRID_CBE_07298,3413.06
GRID_CBE_07299,2901.63
GRID_CBE_07300,2681.41
GRID_CBE_07301,2672.93
GRID_CBE_07302,2666.19
GRID_CBE_07303,2754.44
GRID_CBE_07304,3159.95
GRID_CBE_07305,3792.57
GRID_CBE_07306,4462.83
GRID_CBE_07307,4048.72
GRID_CBE_07308,3054.92
GRID_CBE_07309,2067.12
GRID_CBE_07310,1101.54
GRID_CBE_07311,392.18
GRID_CBE_07312,384.17
GRID_CBE_07313,377.09
GRID_CBE_07314,869.46
GRID_CBE_07315,1823.26
GRID_CBE_07316,2809.38
GRID_CBE_07317,3802.75
GRID_CBE_07318,4010.49
GRID_CBE_07319,3972.79
GRID_CBE_07320,3935.09
GRID_CBE_07321,3897.4
GRID_CBE_07322,3859.7
GRID_CBE_07323,3822.01
GRID_CBE_07324,3784.31
GRID_CBE_07325,3746.62
GRID_CBE_07326,3708.92
GRID_CBE_07327,3671.23
GRID_CBE_07328,3633.53
GRID_CBE_07329,3595.84
GRID_CBE_07330,3592.7
GRID_CBE_07331,3825.29
GRID_CBE_07332,4284.64
GRID_CBE_07333,10046.18
GRID_CBE_07334,9273.12
GRID_CBE_07335,8547.27
GRID_CBE_07336,7881.67
GRID_CBE_07337,7292.86
GRID_CBE_07338,6800.8
GRID_CBE_07339,6427.74
GRID_CBE_07340,6195.23
GRID_CBE_07341,6118.94
GRID_CBE_07342,6113.34
GRID_CBE_07343,6107.73
GRID_CBE_07344,6102.12
GRID_CBE_07345,6147.22
GRID_CBE_07346,6347.9
GRID_CBE_07347,6693.54
GRID_CBE_07348,7163.17
GRID_CBE_07349,7211.41
GRID_CBE_07350,7148.09
GRID_CBE_07351,7091.4
GRID_CBE_07352,7034.71
GRID_CBE_07353,6978.03
GRID_CBE_07354,6921.34
GRID_CBE_07355,6864.66
GRID_CBE_07356,6807.97
GRID_CBE_07357,6751.29
GRID_CBE_07358,6694.6
GRID_CBE_07359,6637.91
GRID_CBE_07360,6581.23
GRID_CBE_07361,6524.54
GRID_CBE_07362,6467.86
GRID_CBE_07363,6411.17
GRID_CBE_07364,6354.48
GRID_CBE_07365,6297.8
GRID_CBE_07366,6241.11
GRID_CBE_07367,6184.43
GRID_CBE_07368,6127.74
GRID_CBE_07369,6071.06
GRID_CBE_07370,6014.37
GRID_CBE_07371,5957.68
GRID_CBE_07372,5914.47
GRID_CBE_07373,5876.77
GRID_CBE_07374,5519.6
GRID_CBE_07375,4820.42
GRID_CBE_07376,4243.45
GRID_CBE_07377,3844.13
GRID_CBE_07378,3680.74
GRID_CBE_07379,3672.9
GRID_CBE_07380,3666.17
GRID_CBE_07381,3730.33
GRID_CBE_07382,4039.02
GRID_CBE_07383,4551.05
GRID_CBE_07384,5206.76
GRID_CBE_07385,4263.12
GRID_CBE_07386,3333.86
GRID_CBE_07387,2460.7
GRID_CBE_07388,1730.75
GRID_CBE_07389,1391.37
GRID_CBE_07390,1384.14
GRID_CBE_07391,1377.06
GRID_CBE_07392,1583.38
GRID_CBE_07393,2252.87
GRID_CBE_07394,3105.43
GRID_CBE_07395,4026.42
GRID_CBE_07396,4977.99
GRID_CBE_07397,4972.08
GRID_CBE_07398,4934.38
GRID_CBE_07399,4896.69
GRID_CBE_07400,4858.99
GRID_CBE_07401,4821.3
GRID_CBE_07402,4783.6
GRID_CBE_07403,4745.91
GRID_CBE_07404,4708.21
GRID_CBE_07405,4670.52
GRID_CBE_07406,4632.82
GRID_CBE_07407,4595.12
GRID_CBE_07408,4588.7
GRID_CBE_07409,4773.0
GRID_CBE_07410,5148.48
GRID_CBE_07411,10684.76
GRID_CBE_07412,9961.38
GRID_CBE_07413,9289.47
GRID_CBE_07414,8680.97
GRID_CBE_07415,8150.11
GRID_CBE_07416,7712.93
GRID_CBE_07417,7386.09
GRID_CBE_07418,7184.66
GRID_CBE_07419,7118.93
GRID_CBE_07420,7113.32
GRID_CBE_07421,7107.71
GRID_CBE_07422,7102.1
GRID_CBE_07423,7140.73
GRID_CBE_07424,7314.2
GRID_CBE_07425,7616.11
GRID_CBE_07426,8031.97
GRID_CBE_07427,8207.06
GRID_CBE_07428,8146.48
GRID_CBE_07429,8089.79
GRID_CBE_07430,8033.11
GRID_CBE_07431,7976.42
GRID_CBE_07432,7919.74
GRID_CBE_07433,7863.05
GRID_CBE_07434,7806.36
GRID_CBE_07435,7749.68
GRID_CBE_07436,7692.99
GRID_CBE_07437,7636.31
GRID_CBE_07438,7579.62
GRID_CBE_07439,7522.93
GRID_CBE_07440,7466.25
GRID_CBE_07441,7409.56
GRID_CBE_07442,7352.88
GRID_CBE_07443,7296.19
GRID_CBE_07444,7239.5
GRID_CBE_07445,7182.82
GRID_CBE_07446,7126.13
GRID_CBE_07447,7069.45
GRID_CBE_07448,7012.76
GRID_CBE_07449,6956.08
GRID_CBE_07450,6913.76
GRID_CBE_07451,6876.06
GRID_CBE_07452,6230.88
GRID_CBE_07453,5620.88
GRID_CBE_07454,5134.67
GRID_CBE_07455,4809.91
GRID_CBE_07456,4680.36
GRID_CBE_07457,4672.88
GRID_CBE_07458,4666.14
GRID_CBE_07459,4716.34
GRID_CBE_07460,4964.09
GRID_CBE_07461,5388.92
GRID_CBE_07462,5569.19
GRID_CBE_07463,4685.76
GRID_CBE_07464,3859.63
GRID_CBE_07465,3136.43
GRID_CBE_07466,2603.38
GRID_CBE_07467,2391.24
GRID_CBE_07468,2384.12
GRID_CBE_07469,2377.04
GRID_CBE_07470,2501.64
GRID_CBE_07471,2970.95
GRID_CBE_07472,3659.9
GRID_CBE_07473,4468.02
GRID_CBE_07474,5341.49
GRID_CBE_07475,5971.37
GRID_CBE_07476,5933.67
GRID_CBE_07477,5895.98
GRID_CBE_07478,5858.28
GRID_CBE_07479,5820.59
GRID_CBE_07480,5782.89
GRID_CBE_07481,5745.2
GRID_CBE_07482,5707.5
GRID_CBE_07483,5669.8
GRID_CBE_07484,5632.11
GRID_CBE_07485,5594.41
GRID_CBE_07486,5586.14
GRID_CBE_07487,5738.49
GRID_CBE_07488,6054.38
GRID_CBE_07489,11375.53
GRID_CBE_07490,10698.95
GRID_CBE_07491,10076.34
GRID_CBE_07492,9518.28
GRID_CBE_07493,9036.74
GRID_CBE_07494,8644.52
GRID_CBE_07495,8354.21
GRID_CBE_07496,8176.66
GRID_CBE_07497,8118.91
GRID_CBE_07498,8113.3
GRID_CBE_07499,8107.7
GRID_CBE_07500,8102.09
GRID_CBE_07501,8135.83
GRID_CBE_07502,8288.5
GRID_CBE_07503,8556.09
GRID_CBE_07504,8928.29
GRID_CBE_07505,9203.65
GRID_CBE_07506,9144.87
GRID_CBE_07507,9088.18
GRID_CBE_07508,9031.5
GRID_CBE_07509,8974.81
GRID_CBE_07510,8918.13
GRID_CBE_07511,8861.44
GRID_CBE_07512,8804.76
GRID_CBE_07513,8748.07
GRID_CBE_07514,8691.38
GRID_CBE_07515,8634.7
GRID_CBE_07516,8578.01
GRID_CBE_07517,8521.33
GRID_CBE_07518,8464.64
GRID_CBE_07519,8407.95
GRID_CBE_07520,8351.27
GRID_CBE_07521,8294.58
GRID_CBE_07522,8237.9
GRID_CBE_07523,8181.21
GRID_CBE_07524,8124.53
GRID_CBE_07525,8067.84
GRID_CBE_07526,8011.15
GRID_CBE_07527,7954.47
GRID_CBE_07528,7913.05
GRID_CBE_07529,7642.73
GRID_CBE_07530,7012.97
GRID_CBE_07531,6477.05
GRID_CBE_07532,6059.93
GRID_CBE_07533,5787.33
GRID_CBE_07534,5680.11
GRID_CBE_07535,5672.86
GRID_CBE_07536,5666.12
GRID_CBE_07537,5707.21
GRID_CBE_07538,5913.59
GRID_CBE_07539,6274.47
GRID_CBE_07540,6066.14
GRID_CBE_07541,5266.73
GRID_CBE_07542,4547.4
GRID_CBE_07543,3952.12
GRID_CBE_07544,3543.96
GRID_CBE_07545,3391.18
GRID_CBE_07546,3384.09
GRID_CBE_07547,3377.01
GRID_CBE_07548,3465.45
GRID_CBE_07549,3818.07
GRID_CBE_07550,4375.61
GRID_CBE_07551,5070.93
GRID_CBE_07552,5855.14
GRID_CBE_07553,6697.08
GRID_CBE_07554,6932.96
GRID_CBE_07555,6895.27
GRID_CBE_07556,6857.57
GRID_CBE_07557,6819.88
GRID_CBE_07558,6782.18
GRID_CBE_07559,6744.49
GRID_CBE_07560,6706.79
GRID_CBE_07561,6669.09
GRID_CBE_07562,6631.4
GRID_CBE_07563,6593.7
GRID_CBE_07564,6584.35
GRID_CBE_07565,6714.08
GRID_CBE_07566,6986.0
GRID_CBE_07567,12109.54
GRID_CBE_07568,11476.33
GRID_CBE_07569,10898.21
GRID_CBE_07570,10384.42
GRID_CBE_07571,9944.91
GRID_CBE_07572,9589.9
GRID_CBE_07573,9329.05
GRID_CBE_07574,9170.4
GRID_CBE_07575,9118.9
GRID_CBE_07576,9113.29
GRID_CBE_07577,9107.68
GRID_CBE_07578,9102.07
GRID_CBE_07579,9132.0
GRID_CBE_07580,9268.27
GRID_CBE_07581,9508.33
GRID_CBE_07582,9844.59
GRID_CBE_07583,10200.9
GRID_CBE_07584,10143.26
GRID_CBE_07585,10086.58
GRID_CBE_07586,10029.89
GRID_CBE_07587,9973.21
GRID_CBE_07588,9916.52
GRID_CBE_07589,9859.83
GRID_CBE_07590,9803.15
GRID_CBE_07591,9746.46
GRID_CBE_07592,9689.78
GRID_CBE_07593,9633.09
GRID_CBE_07594,9576.4
GRID_CBE_07595,9519.72
GRID_CBE_07596,9463.03
GRID_CBE_07597,9406.35
GRID_CBE_07598,9349.66
GRID_CBE_07599,9292.97
GRID_CBE_07600,9236.29
GRID_CBE_07601,9179.6
GRID_CBE_07602,9122.92
GRID_CBE_07603,9066.23
GRID_CBE_07604,9009.55
GRID_CBE_07605,8952.86
GRID_CBE_07606,8912.34
GRID_CBE_07607,8412.44
GRID_CBE_07608,7844.72
GRID_CBE_07609,7369.54
GRID_CBE_07610,7005.75
GRID_CBE_07611,6771.34
GRID_CBE_07612,6679.94
GRID_CBE_07613,6672.84
GRID_CBE_07614,6666.1
GRID_CBE_07615,6700.8
GRID_CBE_07616,6877.43
GRID_CBE_07617,7190.09
GRID_CBE_07618,6676.83
GRID_CBE_07619,5959.91
GRID_CBE_07620,5334.88
GRID_CBE_07621,4837.5
GRID_CBE_07622,4510.19
GRID_CBE_07623,4391.15
GRID_CBE_07624,4384.07
GRID_CBE_07625,4376.99
GRID_CBE_07626,4445.28
GRID_CBE_07627,4725.34
GRID_CBE_07628,5186.24
GRID_CBE_07629,5784.93
GRID_CBE_07630,6483.35
GRID_CBE_07631,7252.73
GRID_CBE_07632,7932.25
GRID_CBE_07633,7894.56
GRID_CBE_07634,7856.86
GRID_CBE_07635,7819.17
GRID_CBE_07636,7781.47
GRID_CBE_07637,7743.77
GRID_CBE_07638,7706.08
GRID_CBE_07639,7668.38
GRID_CBE_07640,7630.69
GRID_CBE_07641,7592.99
GRID_CBE_07642,7583.03
GRID_CBE_07643,7695.95
GRID_CBE_07644,7934.29
GRID_CBE_07645,12879.42
GRID_CBE_07646,12285.95
GRID_CBE_07647,11747.75
GRID_CBE_07648,11272.74
GRID_CBE_07649,10869.2
GRID_CBE_07650,10545.36
GRID_CBE_07651,10308.72
GRID_CBE_07652,10165.37
GRID_CBE_07653,10118.88
GRID_CBE_07654,10113.27
GRID_CBE_07655,10107.67
GRID_CBE_07656,10102.06
GRID_CBE_07657,10128.92
GRID_CBE_07658,10251.95
GRID_CBE_07659,10469.48
GRID_CBE_07660,10775.79
GRID_CBE_07661,11163.56
GRID_CBE_07662,11141.65
GRID_CBE_07663,11084.97
GRID_CBE_07664,11028.28
GRID_CBE_07665,10971.6
GRID_CBE_07666,10914.91
GRID_CBE_07667,10858.23
GRID_CBE_07668,10801.54
GRID_CBE_07669,10744.85
GRID_CBE_07670,10688.17
GRID_CBE_07671,10631.48
GRID_CBE_07672,10574.8
GRID_CBE_07673,10518.11
GRID_CBE_07674,10461.42
GRID_CBE_07675,10404.74
GRID_CBE_07676,10348.05
GRID_CBE_07677,10291.37
GRID_CBE_07678,10234.68
GRID_CBE_07679,10178.0
GRID_CBE_07680,10121.31
GRID_CBE_07681,10064.62
GRID_CBE_07682,10007.94
GRID_CBE_07683,9951.25
GRID_CBE_07684,9816.14
GRID_CBE_07685,9226.43
GRID_CBE_07686,8711.92
GRID_CBE_07687,8286.62
GRID_CBE_07688,7964.83
GRID_CBE_07689,7759.44
GRID_CBE_07690,7679.81
GRID_CBE_07691,7672.81
GRID_CBE_07692,7666.08
GRID_CBE_07693,7696.05
GRID_CBE_07694,7850.32
GRID_CBE_07695,8088.37
GRID_CBE_07696,7373.07
GRID_CBE_07697,6730.72
GRID_CBE_07698,6184.1
GRID_CBE_07699,5760.51
GRID_CBE_07700,5488.52
GRID_CBE_07701,5391.13
GRID_CBE_07702,5384.04
GRID_CBE_07703,5376.96
GRID_CBE_07704,5432.46
GRID_CBE_07705,5663.92
GRID_CBE_07706,6053.78
GRID_CBE_07707,6573.93
GRID_CBE_07708,7196.17
GRID_CBE_07709,7896.41
GRID_CBE_07710,8655.72
GRID_CBE_07711,8893.85
GRID_CBE_07712,8856.15
GRID_CBE_07713,8818.45
GRID_CBE_07714,8780.76
GRID_CBE_07715,8743.06
GRID_CBE_07716,8705.37
GRID_CBE_07717,8667.67
GRID_CBE_07718,8629.98
GRID_CBE_07719,8592.28
GRID_CBE_07720,8582.02
GRID_CBE_07721,8681.95
GRID_CBE_07722,8893.91
GRID_CBE_07723,13679.1
GRID_CBE_07724,13121.85
GRID_CBE_07725,12619.35
GRID_CBE_07726,12178.38
GRID_CBE_07727,11805.85
GRID_CBE_07728,11508.39
GRID_CBE_07729,11291.95
GRID_CBE_07730,11161.23
GRID_CBE_07731,11118.87
GRID_CBE_07732,11113.26
GRID_CBE_07733,11107.65
GRID_CBE_07734,11102.04
GRID_CBE_07735,11126.4
GRID_CBE_07736,11238.52
GRID_CBE_07737,11437.3
GRID_CBE_07738,11718.33
GRID_CBE_07739,12075.88
GRID_CBE_07740,12140.05
GRID_CBE_07741,12083.36
GRID_CBE_07742,12026.68
GRID_CBE_07743,11969.99
GRID_CBE_07744,11913.3
GRID_CBE_07745,11856.62
GRID_CBE_07746,11799.93
GRID_CBE_07747,11743.25
GRID_CBE_07748,11686.56
GRID_CBE_07749,11629.87
GRID_CBE_07750,11573.19
GRID_CBE_07751,11516.5
GRID_CBE_07752,11459.82
GRID_CBE_07753,11403.13
GRID_CBE_07754,11346.44
GRID_CBE_07755,11289.76
GRID_CBE_07756,11233.07
GRID_CBE_07757,11176.39
GRID_CBE_07758,11119.7
GRID_CBE_07759,11063.02
GRID_CBE_07760,11006.33
GRID_CBE_07761,10949.76
GRID_CBE_07762,10616.71
GRID_CBE_07763,10073.97
GRID_CBE_07764,9604.97
GRID_CBE_07765,9220.95
GRID_CBE_07766,8932.88
GRID_CBE_07767,8750.25
GRID_CBE_07768,8679.71
GRID_CBE_07769,8672.79
GRID_CBE_07770,8666.05
GRID_CBE_07771,8692.39
GRID_CBE_07772,8829.27
GRID_CBE_07773,8786.57
GRID_CBE_07774,8132.91
GRID_CBE_07775,7555.44
GRID_CBE_07776,7072.85
GRID_CBE_07777,6705.64
GRID_CBE_07778,6473.48
GRID_CBE_07779,6391.1
GRID_CBE_07780,6384.02
GRID_CBE_07781,6376.94
GRID_CBE_07782,6423.61
GRID_CBE_07783,6620.5
GRID_CBE_07784,6956.97
GRID_CBE_07785,7414.02
GRID_CBE_07786,7970.95
GRID_CBE_07787,8608.39
GRID_CBE_07788,9309.82
GRID_CBE_07789,9893.14
GRID_CBE_07790,9855.44
GRID_CBE_07791,9817.74
GRID_CBE_07792,9780.05
GRID_CBE_07793,9742.35
GRID_CBE_07794,9704.66
GRID_CBE_07795,9666.96
GRID_CBE_07796,9629.27
GRID_CBE_07797,9591.57
GRID_CBE_07798,9581.22
GRID_CBE_07799,9670.83
GRID_CBE_07800,9861.56
GRID_CBE_07801,14503.67
GRID_CBE_07802,13979.32
GRID_CBE_07803,13508.75
GRID_CBE_07804,13097.77
GRID_CBE_07805,12752.12
GRID_CBE_07806,12477.24
GRID_CBE_07807,12277.89
GRID_CBE_07808,12157.78
GRID_CBE_07809,12118.85
GRID_CBE_07810,12113.24
GRID_CBE_07811,12107.63
GRID_CBE_07812,12102.03
GRID_CBE_07813,12124.29
GRID_CBE_07814,12227.26
GRID_CBE_07815,12410.22
GRID_CBE_07816,12669.69
GRID_CBE_07817,13001.1
GRID_CBE_07818,13138.44
GRID_CBE_07819,13081.75
GRID_CBE_07820,13025.07
GRID_CBE_07821,12968.38
GRID_CBE_07822,12911.7
GRID_CBE_07823,12855.01
GRID_CBE_07824,12798.32
GRID_CBE_07825,12741.64
GRID_CBE_07826,12684.95
GRID_CBE_07827,12628.27
GRID_CBE_07828,12571.58
GRID_CBE_07829,12514.89
GRID_CBE_07830,12458.21
GRID_CBE_07831,12401.52
GRID_CBE_07832,12344.84
GRID_CBE_07833,12288.15
GRID_CBE_07834,12231.47
GRID_CBE_07835,12174.78
GRID_CBE_07836,12118.09
GRID_CBE_07837,12061.41
GRID_CBE_07838,12004.72
GRID_CBE_07839,11948.51
GRID_CBE_07840,11448.69
GRID_CBE_07841,10947.28
GRID_CBE_07842,10517.29
GRID_CBE_07843,10167.78
GRID_CBE_07844,9907.28
GRID_CBE_07845,9742.93
GRID_CBE_07846,9679.63
GRID_CBE_07847,9672.77
GRID_CBE_07848,9666.03
GRID_CBE_07849,9689.48
GRID_CBE_07850,9812.46
GRID_CBE_07851,9538.66
GRID_CBE_07852,8940.16
GRID_CBE_07853,8418.24
GRID_CBE_07854,7987.94
GRID_CBE_07855,7664.7
GRID_CBE_07856,7462.44
GRID_CBE_07857,7391.08
GRID_CBE_07858,7383.99
GRID_CBE_07859,7376.91
GRID_CBE_07860,7417.14
GRID_CBE_07861,7588.29
GRID_CBE_07862,7883.56
GRID_CBE_07863,8289.68
GRID_CBE_07864,8791.31
GRID_CBE_07865,9373.13
GRID_CBE_07866,10021.17
GRID_CBE_07867,10723.44
GRID_CBE_07868,10854.73
GRID_CBE_07869,10817.03
GRID_CBE_07870,10779.34
GRID_CBE_07871,10741.64
GRID_CBE_07872,10703.95
GRID_CBE_07873,10666.25
GRID_CBE_07874,10628.56
GRID_CBE_07875,10590.86
GRID_CBE_07876,10580.57
GRID_CBE_07877,10661.79
GRID_CBE_07878,10835.08
GRID_CBE_07879,15349.1
GRID_CBE_07880,14854.62
GRID_CBE_07881,14412.66
GRID_CBE_07882,14028.18
GRID_CBE_07883,13706.02
GRID_CBE_07884,13450.65
GRID_CBE_07885,13265.93
GRID_CBE_07886,13154.85
GRID_CBE_07887,13118.83
GRID_CBE_07888,13113.23
GRID_CBE_07889,13107.62
GRID_CBE_07890,13102.01
GRID_CBE_07891,13122.5
GRID_CBE_07892,13217.7
GRID_CBE_07893,13387.12
GRID_CBE_07894,13628.01
GRID_CBE_07895,13936.65
GRID_CBE_07896,14136.83
GRID_CBE_07897,14080.15
GRID_CBE_07898,14023.46
GRID_CBE_07899,13966.77
GRID_CBE_07900,13910.09
GRID_CBE_07901,13853.4
GRID_CBE_07902,13796.72
GRID_CBE_07903,13740.03
GRID_CBE_07904,13683.34
GRID_CBE_07905,13626.66
GRID_CBE_07906,13569.97
GRID_CBE_07907,13513.29
GRID_CBE_07908,13456.6
GRID_CBE_07909,13399.91
GRID_CBE_07910,13343.23
GRID_CBE_07911,13286.54
GRID_CBE_07912,13229.86
GRID_CBE_07913,13173.17
GRID_CBE_07914,13116.49
GRID_CBE_07915,13059.8
GRID_CBE_07916,13003.11
GRID_CBE_07917,12831.98
GRID_CBE_07918,12305.7
GRID_CBE_07919,11840.64
GRID_CBE_07920,11444.27
GRID_CBE_07921,11123.93
GRID_CBE_07922,10886.33
GRID_CBE_07923,10736.98
GRID_CBE_07924,10679.57
GRID_CBE_07925,10672.74
GRID_CBE_07926,10666.01
GRID_CBE_07927,10687.12
GRID_CBE_07928,10798.74
GRID_CBE_07929,10332.86
GRID_CBE_07930,9783.07
GRID_CBE_07931,9308.54
GRID_CBE_07932,8921.29
GRID_CBE_07933,8633.06
GRID_CBE_07934,8454.0
GRID_CBE_07935,8391.05
GRID_CBE_07936,8383.97
GRID_CBE_07937,8376.89
GRID_CBE_07938,8412.2
GRID_CBE_07939,8563.49
GRID_CBE_07940,8826.19
GRID_CBE_07941,9190.76
GRID_CBE_07942,9645.64
GRID_CBE_07943,10178.73
GRID_CBE_07944,10778.45
GRID_CBE_07945,11434.3
GRID_CBE_07946,11854.02
GRID_CBE_07947,11816.32
GRID_CBE_07948,11778.63
GRID_CBE_07949,11740.93
GRID_CBE_07950,11703.24
GRID_CBE_07951,11665.54
GRID_CBE_07952,11627.85
GRID_CBE_07953,11590.15
GRID_CBE_07954,11580.03
GRID_CBE_07955,11654.29
GRID_CBE_07956,11813.03
GRID_CBE_07957,16212.13
GRID_CBE_07958,15744.79
GRID_CBE_07959,15328.51
GRID_CBE_07960,14967.58
GRID_CBE_07961,14666.06
GRID_CBE_07962,14427.7
GRID_CBE_07963,14255.65
GRID_CBE_07964,14152.33
GRID_CBE_07965,14118.82
GRID_CBE_07966,14113.21
GRID_CBE_07967,14107.6
GRID_CBE_07968,14101.99
GRID_CBE_07969,14120.97
GRID_CBE_07970,14209.48
GRID_CBE_07971,14367.21
GRID_CBE_07972,14591.93
GRID_CBE_07973,14880.59
GRID_CBE_07974,15135.22
GRID_CBE_07975,15078.54
GRID_CBE_07976,15021.85
GRID_CBE_07977,14965.17
GRID_CBE_07978,14908.48
GRID_CBE_07979,14851.79
GRID_CBE_07980,14795.11
GRID_CBE_07981,14738.42
GRID_CBE_07982,14681.74
GRID_CBE_07983,14625.05
GRID_CBE_07984,14568.36
GRID_CBE_07985,14511.68
GRID_CBE_07986,14454.99
GRID_CBE_07987,14398.31
GRID_CBE_07988,14341.62
GRID_CBE_07989,14284.93
GRID_CBE_07990,14228.25
GRID_CBE_07991,14171.56
GRID_CBE_07992,14114.88
GRID_CBE_07993,14058.19
GRID_CBE_07994,14001.51
GRID_CBE_07995,13675.44
GRID_CBE_07996,13182.88
GRID_CBE_07997,12749.85
GRID_CBE_07998,12382.61
GRID_CBE_07999,12087.17
GRID_CBE_08000,11868.87
GRID_CBE_08001,11732.03
GRID_CBE_08002,11679.51
GRID_CBE_08003,11672.72
GRID_CBE_08004,11665.99
GRID_CBE_08005,11685.16
GRID_CBE_08006,11730.72
GRID_CBE_08007,11160.2
GRID_CBE_08008,10653.2
GRID_CBE_08009,10219.15
GRID_CBE_08010,9867.7
GRID_CBE_08011,9607.91
GRID_CBE_08012,9447.34
GRID_CBE_08013,9391.02
GRID_CBE_08014,9383.94
GRID_CBE_08015,9376.86
GRID_CBE_08016,9408.3
GRID_CBE_08017,9543.82
GRID_CBE_08018,9780.22
GRID_CBE_08019,10110.45
GRID_CBE_08020,10525.66
GRID_CBE_08021,11016.25
GRID_CBE_08022,11572.64
GRID_CBE_08023,12185.83
GRID_CBE_08024,12847.67
GRID_CBE_08025,12815.61
GRID_CBE_08026,12777.92
GRID_CBE_08027,12740.22
GRID_CBE_08028,12702.53
GRID_CBE_08029,12664.83
GRID_CBE_08030,12627.13
GRID_CBE_08031,12589.44
GRID_CBE_08032,12579.58
GRID_CBE_08033,12647.97
GRID_CBE_08034,12794.39
GRID_CBE_08035,17090.11
GRID_CBE_08036,16647.42
GRID_CBE_08037,16254.28
GRID_CBE_08038,15914.36
GRID_CBE_08039,15631.12
GRID_CBE_08040,15407.69
GRID_CBE_08041,15246.7
GRID_CBE_08042,15150.15
GRID_CBE_08043,15118.8
GRID_CBE_08044,15113.19
GRID_CBE_08045,15107.59
GRID_CBE_08046,15101.98
GRID_CBE_08047,15119.64
GRID_CBE_08048,15202.33
GRID_CBE_08049,15349.87
GRID_CBE_08050,15560.4
GRID_CBE_08051,15831.41
GRID_CBE_08052,16133.62
GRID_CBE_08053,16076.93
GRID_CBE_08054,16020.24
GRID_CBE_08055,15963.56
GRID_CBE_08056,15906.87
GRID_CBE_08057,15850.19
GRID_CBE_08058,15793.5
GRID_CBE_08059,15736.81
GRID_CBE_08060,15680.13
GRID_CBE_08061,15623.44
GRID_CBE_08062,15566.76
GRID_CBE_08063,15510.07
GRID_CBE_08064,15453.38
GRID_CBE_08065,15396.7
GRID_CBE_08066,15340.01
GRID_CBE_08067,15283.33
GRID_CBE_08068,15226.64
GRID_CBE_08069,15169.96
GRID_CBE_08070,15113.27
GRID_CBE_08071,15056.58
GRID_CBE_08072,14999.9
GRID_CBE_08073,14538.76
GRID_CBE_08074,14076.44
GRID_CBE_08075,13671.74
GRID_CBE_08076,13329.93
GRID_CBE_08077,13055.94
GRID_CBE_08078,12854.1
GRID_CBE_08079,12727.86
GRID_CBE_08080,12679.47
GRID_CBE_08081,12672.7
GRID_CBE_08082,12665.96
GRID_CBE_08083,12683.51
GRID_CBE_08084,12545.59
GRID_CBE_08085,12013.84
GRID_CBE_08086,11544.38
GRID_CBE_08087,11145.09
GRID_CBE_08088,10823.75
GRID_CBE_08089,10587.44
GRID_CBE_08090,10441.95
GRID_CBE_08091,10391.0
GRID_CBE_08092,10383.92
GRID_CBE_08093,10376.84
GRID_CBE_08094,10405.16
GRID_CBE_08095,10527.85
GRID_CBE_08096,10742.62
GRID_CBE_08097,11044.1
GRID_CBE_08098,11425.44
GRID_CBE_08099,11878.93
GRID_CBE_08100,12396.66
GRID_CBE_08101,12970.95
GRID_CBE_08102,13594.63
GRID_CBE_08103,13814.9
GRID_CBE_08104,13777.21
GRID_CBE_08105,13739.51
GRID_CBE_08106,13701.81
GRID_CBE_08107,13664.12
GRID_CBE_08108,13626.42
GRID_CBE_08109,13588.73
GRID_CBE_08110,13579.19
GRID_CBE_08111,13642.57
GRID_CBE_08112,13778.43
GRID_CBE_08113,17980.83
GRID_CBE_08114,17560.61
GRID_CBE_08115,17188.37
GRID_CBE_08116,16867.28
GRID_CBE_08117,16600.31
GRID_CBE_08118,16390.1
GRID_CBE_08119,16238.85
GRID_CBE_08120,16148.23
GRID_CBE_08121,16118.79
GRID_CBE_08122,16113.18
GRID_CBE_08123,16107.57
GRID_CBE_08124,16101.96
GRID_CBE_08125,16118.47
GRID_CBE_08126,16196.07
GRID_CBE_08127,16334.63
GRID_CBE_08128,16532.62
GRID_CBE_08129,16787.95
GRID_CBE_08130,17098.03
GRID_CBE_08131,17075.32
GRID_CBE_08132,17018.64
GRID_CBE_08133,16961.95
GRID_CBE_08134,16905.26
GRID_CBE_08135,16848.58
GRID_CBE_08136,16791.89
GRID_CBE_08137,16735.21
GRID_CBE_08138,16678.52
GRID_CBE_08139,16621.83
GRID_CBE_08140,16565.15
GRID_CBE_08141,16508.46
GRID_CBE_08142,16451.78
GRID_CBE_08143,16395.09
GRID_CBE_08144,16338.4
GRID_CBE_08145,16281.72
GRID_CBE_08146,16225.03
GRID_CBE_08147,16168.35
GRID_CBE_08148,16111.66
GRID_CBE_08149,16054.98
GRID_CBE_08150,15904.81
GRID_CBE_08151,15418.61
GRID_CBE_08152,14983.46
GRID_CBE_08153,14603.92
GRID_CBE_08154,14284.43
GRID_CBE_08155,14029.09
GRID_CBE_08156,13841.46
GRID_CBE_08157,13724.3
GRID_CBE_08158,13679.43
GRID_CBE_08159,13672.68
GRID_CBE_08160,13665.94
GRID_CBE_08161,13682.1
GRID_CBE_08162,13385.59
GRID_CBE_08163,12888.54
GRID_CBE_08164,12452.1
GRID_CBE_08165,12082.85
GRID_CBE_08166,11787.1
GRID_CBE_08167,11570.48
GRID_CBE_08168,11437.5
GRID_CBE_08169,11390.97
GRID_CBE_08170,11383.89
GRID_CBE_08171,11376.81
GRID_CBE_08172,11402.56
GRID_CBE_08173,11514.63
GRID_CBE_08174,11711.32
GRID_CBE_08175,11988.47
GRID_CBE_08176,12340.65
GRID_CBE_08177,12761.66
GRID_CBE_08178,13244.94
GRID_CBE_08179,13783.93
GRID_CBE_08180,14372.37
GRID_CBE_08181,14814.19
GRID_CBE_08182,14776.49
GRID_CBE_08183,14738.8
GRID_CBE_08184,14701.1
GRID_CBE_08185,14663.41
GRID_CBE_08186,14625.71
GRID_CBE_08187,14588.02
GRID_CBE_08188,14578.86
GRID_CBE_08189,14637.91
GRID_CBE_08190,14764.61
GRID_CBE_08191,18882.49
GRID_CBE_08192,18482.79
GRID_CBE_08193,18129.5
GRID_CBE_08194,17825.37
GRID_CBE_08195,17572.95
GRID_CBE_08196,17374.51
GRID_CBE_08197,17231.91
GRID_CBE_08198,17146.54
GRID_CBE_08199,17118.77
GRID_CBE_08200,17113.16
GRID_CBE_08201,17107.56
GRID_CBE_08202,17101.95
GRID_CBE_08203,17117.44
GRID_CBE_08204,17190.53
GRID_CBE_08205,17321.14
GRID_CBE_08206,17507.98
GRID_CBE_08207,17749.28
GRID_CBE_08208,18042.85
GRID_CBE_08209,18073.71
GRID_CBE_08210,18017.03
GRID_CBE_08211,17960.34
GRID_CBE_08212,17903.66
GRID_CBE_08213,17846.97
GRID_CBE_08214,17790.28
GRID_CBE_08215,17733.6
GRID_CBE_08216,17676.91
GRID_CBE_08217,17620.23
GRID_CBE_08218,17563.54
GRID_CBE_08219,17506.85
GRID_CBE_08220,17450.17
GRID_CBE_08221,17393.48
GRID_CBE_08222,17336.8
GRID_CBE_08223,17280.11
GRID_CBE_08224,17223.43
GRID_CBE_08225,17166.74
GRID_CBE_08226,17110.05
GRID_CBE_08227,17053.37
GRID_CBE_08228,16772.62
GRID_CBE_08229,16312.31
GRID_CBE_08230,15901.63
GRID_CBE_08231,15544.53
GRID_CBE_08232,15244.76
GRID_CBE_08233,15005.78
GRID_CBE_08234,14830.5
GRID_CBE_08235,14721.22
GRID_CBE_08236,14679.4
GRID_CBE_08237,14672.65
GRID_CBE_08238,14665.92
GRID_CBE_08239,14680.88
GRID_CBE_08240,14246.26
GRID_CBE_08241,13780.29
GRID_CBE_08242,13372.99
GRID_CBE_08243,13029.86
GRID_CBE_08244,12756.09
GRID_CBE_08245,12556.2
GRID_CBE_08246,12433.77
GRID_CBE_08247,12390.95
GRID_CBE_08248,12383.87
GRID_CBE_08249,12376.79
GRID_CBE_08250,12400.39
GRID_CBE_08251,12503.51
GRID_CBE_08252,12684.88
GRID_CBE_08253,12941.19
GRID_CBE_08254,13268.11
GRID_CBE_08255,13660.57
GRID_CBE_08256,14113.1
GRID_CBE_08257,14620.12
GRID_CBE_08258,15176.17
GRID_CBE_08259,15776.07
GRID_CBE_08260,15775.78
GRID_CBE_08261,15738.09
GRID_CBE_08262,15700.39
GRID_CBE_08263,15662.7
GRID_CBE_08264,15625.0
GRID_CBE_08265,15587.31
GRID_CBE_08266,15578.57
GRID_CBE_08267,15633.85
GRID_CBE_08268,15752.54
GRID_CBE_08269,19793.61
GRID_CBE_08270,19412.68
GRID_CBE_08271,19076.61
GRID_CBE_08272,18787.82
GRID_CBE_08273,18548.51
GRID_CBE_08274,18360.62
GRID_CBE_08275,18225.73
GRID_CBE_08276,18145.03
GRID_CBE_08277,18118.76
GRID_CBE_08278,18113.15
GRID_CBE_08279,18107.54
GRID_CBE_08280,18101.93
GRID_CBE_08281,18116.52
GRID_CBE_08282,18185.6
GRID_CBE_08283,18309.11
GRID_CBE_08284,18485.97
GRID_CBE_08285,18714.66
GRID_CBE_08286,18993.32
GRID_CBE_08287,19072.11
GRID_CBE_08288,19015.42
GRID_CBE_08289,18958.73
GRID_CBE_08290,18902.05
GRID_CBE_08291,18845.36
GRID_CBE_08292,18788.68
GRID_CBE_08293,18731.99
GRID_CBE_08294,18675.3
GRID_CBE_08295,18618.62
GRID_CBE_08296,18561.93
GRID_CBE_08297,18505.25
GRID_CBE_08298,18448.56
GRID_CBE_08299,18391.87
GRID_CBE_08300,18335.19
GRID_CBE_08301,18278.5
GRID_CBE_08302,18221.82
GRID_CBE_08303,18165.13
GRID_CBE_08304,18108.45
GRID_CBE_08305,18051.76
GRID_CBE_08306,17654.43
GRID_CBE_08307,17217.7
GRID_CBE_08308,16829.14
GRID_CBE_08309,16492.13
GRID_CBE_08310,16209.9
GRID_CBE_08311,15985.34
GRID_CBE_08312,15820.93
GRID_CBE_08313,15718.53
GRID_CBE_08314,15679.37
GRID_CBE_08315,15672.63
GRID_CBE_08316,15665.9
GRID_CBE_08317,15614.02
GRID_CBE_08318,15124.09
GRID_CBE_08319,14686.0
GRID_CBE_08320,14304.51
GRID_CBE_08321,13984.26
GRID_CBE_08322,13729.52
GRID_CBE_08323,13544.01
GRID_CBE_08324,13430.59
GRID_CBE_08325,13390.92
GRID_CBE_08326,13383.84
GRID_CBE_08327,13376.76
GRID_CBE_08328,13398.53
GRID_CBE_08329,13494.04
GRID_CBE_08330,13662.26
GRID_CBE_08331,13900.56
GRID_CBE_08332,14205.42
GRID_CBE_08333,14572.66
GRID_CBE_08334,14997.69
GRID_CBE_08335,15475.75
GRID_CBE_08336,16002.1
GRID_CBE_08337,16572.13
GRID_CBE_08338,16775.07
GRID_CBE_08339,16737.38
GRID_CBE_08340,16699.68
GRID_CBE_08341,16661.99
GRID_CBE_08342,16624.29
GRID_CBE_08343,16586.6
GRID_CBE_08344,16578.32
GRID_CBE_08345,16630.27
GRID_CBE_08346,16741.9
GRID_CBE_08347,20712.93
GRID_CBE_08348,20349.21
GRID_CBE_08349,20028.87
GRID_CBE_08350,19754.0
GRID_CBE_08351,19526.54
GRID_CBE_08352,19348.14
GRID_CBE_08353,19220.19
GRID_CBE_08354,19143.69
GRID_CBE_08355,19118.74
GRID_CBE_08356,19113.13
GRID_CBE_08357,19107.52
GRID_CBE_08358,19101.92
GRID_CBE_08359,19115.7
GRID_CBE_08360,19181.18
GRID_CBE_08361,19298.32
GRID_CBE_08362,19466.19
GRID_CBE_08363,19683.5
GRID_CBE_08364,19948.63
GRID_CBE_08365,20070.5
GRID_CBE_08366,19899.11
GRID_CBE_08367,19776.1
GRID_CBE_08368,19703.14
GRID_CBE_08369,19680.79
GRID_CBE_08370,19709.22
GRID_CBE_08371,19730.38
GRID_CBE_08372,19673.7
GRID_CBE_08373,19617.01
GRID_CBE_08374,19560.32
GRID_CBE_08375,19503.64
GRID_CBE_08376,19446.95
GRID_CBE_08377,19390.27
GRID_CBE_08378,19333.58
GRID_CBE_08379,19276.9
GRID_CBE_08380,19220.21
GRID_CBE_08381,19163.52
GRID_CBE_08382,19106.84
GRID_CBE_08383,19007.01
GRID_CBE_08384,18548.23
GRID_CBE_08385,18133.04
GRID_CBE_08386,17764.51
GRID_CBE_08387,17445.58
GRID_CBE_08388,17179.02
GRID_CBE_08389,16967.3
GRID_CBE_08390,16812.48
GRID_CBE_08391,16716.16
GRID_CBE_08392,16679.34
GRID_CBE_08393,16672.61
GRID_CBE_08394,16665.87
GRID_CBE_08395,16479.68
GRID_CBE_08396,16016.25
GRID_CBE_08397,15603.23
GRID_CBE_08398,15244.71
GRID_CBE_08399,14944.61
GRID_CBE_08400,14706.53
GRID_CBE_08401,14533.49
GRID_CBE_08402,14427.85
GRID_CBE_08403,14390.9
GRID_CBE_08404,14383.82
GRID_CBE_08405,14376.74
GRID_CBE_08406,14396.94
GRID_CBE_08407,14485.86
GRID_CBE_08408,14642.69
GRID_CBE_08409,14865.29
GRID_CBE_08410,15150.75
GRID_CBE_08411,15495.59
GRID_CBE_08412,15895.97
GRID_CBE_08413,16347.78
GRID_CBE_08414,16846.91
GRID_CBE_08415,17389.27
GRID_CBE_08416,17774.36
GRID_CBE_08417,17736.67
GRID_CBE_08418,17698.97
GRID_CBE_08419,17661.28
GRID_CBE_08420,17623.58
GRID_CBE_08421,17585.9
GRID_CBE_08422,17578.09
GRID_CBE_08423,17627.1
GRID_CBE_08424,17732.45
GRID_CBE_08425,21639.41
GRID_CBE_08426,21291.52
GRID_CBE_08427,20985.57
GRID_CBE_08428,20723.39
GRID_CBE_08429,20506.68
GRID_CBE_08430,20336.89
GRID_CBE_08431,20215.2
GRID_CBE_08432,20142.47
GRID_CBE_08433,20118.72
GRID_CBE_08434,20113.12
GRID_CBE_08435,20107.51
GRID_CBE_08436,20101.9
GRID_CBE_08437,20114.96
GRID_CBE_08438,20177.2
GRID_CBE_08439,20288.59
GRID_CBE_08440,19928.23
GRID_CBE_08441,19602.39
GRID_CBE_08442,19322.88
GRID_CBE_08443,19091.71
GRID_CBE_08444,18910.66
GRID_CBE_08445,18781.18
GRID_CBE_08446,18704.34
GRID_CBE_08447,18680.8
GRID_CBE_08448,18710.74
GRID_CBE_08449,18767.86
GRID_CBE_08450,18824.98
GRID_CBE_08451,18882.1
GRID_CBE_08452,18939.22
GRID_CBE_08453,18996.34
GRID_CBE_08454,19053.46
GRID_CBE_08455,19110.58
GRID_CBE_08456,19167.7
GRID_CBE_08457,19224.82
GRID_CBE_08458,19281.94
GRID_CBE_08459,19339.06
GRID_CBE_08460,19396.18
GRID_CBE_08461,19453.3
GRID_CBE_08462,19452.37
GRID_CBE_08463,19056.89
GRID_CBE_08464,18706.57
GRID_CBE_08465,18403.97
GRID_CBE_08466,18151.49
GRID_CBE_08467,17951.24
GRID_CBE_08468,17804.98
GRID_CBE_08469,17714.06
GRID_CBE_08470,17679.32
GRID_CBE_08471,17672.59
GRID_CBE_08472,17665.85
GRID_CBE_08473,17359.78
GRID_CBE_08474,16920.47
GRID_CBE_08475,16530.06
GRID_CBE_08476,16192.07
GRID_CBE_08477,15909.86
GRID_CBE_08478,15686.43
GRID_CBE_08479,15524.32
GRID_CBE_08480,15425.46
GRID_CBE_08481,15390.87
GRID_CBE_08482,15383.79
GRID_CBE_08483,15376.71
GRID_CBE_08484,15395.55
GRID_CBE_08485,15478.74
GRID_CBE_08486,15625.61
GRID_CBE_08487,15834.39
GRID_CBE_08488,16102.68
GRID_CBE_08489,16427.55
GRID_CBE_08490,16805.74
GRID_CBE_08491,17233.72
GRID_CBE_08492,17707.89
GRID_CBE_08493,18224.65
GRID_CBE_08494,18773.65
GRID_CBE_08495,18735.96
GRID_CBE_08496,18698.26
GRID_CBE_08497,18660.57
GRID_CBE_08498,18622.87
GRID_CBE_08499,18585.28
GRID_CBE_08500,18577.89
GRID_CBE_08501,18624.27
GRID_CBE_08502,18724.01
GRID_CBE_08503,22572.16
GRID_CBE_08504,22238.87
GRID_CBE_08505,21946.13
GRID_CBE_08506,21695.56
GRID_CBE_08507,21488.66
GRID_CBE_08508,21326.69
GRID_CBE_08509,21210.67
GRID_CBE_08510,21141.37
GRID_CBE_08511,21118.71
GRID_CBE_08512,21113.1
GRID_CBE_08513,21107.49
GRID_CBE_08514,20791.68
GRID_CBE_08515,20283.33
GRID_CBE_08516,19812.45
GRID_CBE_08517,19381.77
GRID_CBE_08518,18994.02
GRID_CBE_08519,18651.88
GRID_CBE_08520,18357.89
GRID_CBE_08521,18114.41
GRID_CBE_08522,17923.49
GRID_CBE_08523,17786.83
GRID_CBE_08524,17705.68
GRID_CBE_08525,17680.8
GRID_CBE_08526,17712.37
GRID_CBE_08527,17769.49
GRID_CBE_08528,17826.61
GRID_CBE_08529,17883.73
GRID_CBE_08530,17940.85
GRID_CBE_08531,17997.97
GRID_CBE_08532,18055.09
GRID_CBE_08533,18112.21
GRID_CBE_08534,18169.33
GRID_CBE_08535,18226.45
GRID_CBE_08536,18283.57
GRID_CBE_08537,18340.69
GRID_CBE_08538,18397.81
GRID_CBE_08539,18454.93
GRID_CBE_08540,18512.05
GRID_CBE_08541,18569.17
GRID_CBE_08542,18626.29
GRID_CBE_08543,18683.41
GRID_CBE_08544,18740.53
GRID_CBE_08545,18797.65
GRID_CBE_08546,18798.28
GRID_CBE_08547,18712.18
GRID_CBE_08548,18679.3
GRID_CBE_08549,18672.56
GRID_CBE_08550,18665.83
GRID_CBE_08551,18252.23
GRID_CBE_08552,17834.92
GRID_CBE_08553,17464.96
GRID_CBE_08554,17145.42
GRID_CBE_08555,16879.15
GRID_CBE_08556,16668.72
GRID_CBE_08557,16516.25
GRID_CBE_08558,16423.37
GRID_CBE_08559,16390.85
GRID_CBE_08560,16383.77
GRID_CBE_08561,16376.68
GRID_CBE_08562,16394.33
GRID_CBE_08563,16472.47
GRID_CBE_08564,16610.56
GRID_CBE_08565,16807.11
GRID_CBE_08566,17060.11
GRID_CBE_08567,17367.09
GRID_CBE_08568,17725.24
GRID_CBE_08569,18131.53
GRID_CBE_08570,18582.81
GRID_CBE_08571,19075.87
GRID_CBE_08572,19607.58
GRID_CBE_08573,19735.25
GRID_CBE_08574,19697.55
GRID_CBE_08575,19659.85
GRID_CBE_08576,19622.16
GRID_CBE_08577,19584.72
GRID_CBE_08578,19577.71
GRID_CBE_08579,19621.72
GRID_CBE_08580,19716.42
GRID_CBE_08581,23510.44
GRID_CBE_08582,23190.64
GRID_CBE_08583,22910.06
GRID_CBE_08584,22670.15
GRID_CBE_08585,22472.23
GRID_CBE_08586,22317.39
GRID_CBE_08587,22206.55
GRID_CBE_08588,22140.37
GRID_CBE_08589,21738.75
GRID_CBE_08590,21111.44
GRID_CBE_08591,20513.72
GRID_CBE_08592,19948.24
GRID_CBE_08593,19417.83
GRID_CBE_08594,18925.43
GRID_CBE_08595,18474.08
GRID_CBE_08596,18066.86
GRID_CBE_08597,17706.81
GRID_CBE_08598,17396.86
GRID_CBE_08599,17139.74
GRID_CBE_08600,16937.83
GRID_CBE_08601,16793.15
GRID_CBE_08602,16707.18
GRID_CBE_08603,16680.81
GRID_CBE_08604,16714.01
GRID_CBE_08605,16771.13
GRID_CBE_08606,16828.25
GRID_CBE_08607,16885.37
GRID_CBE_08608,16942.49
GRID_CBE_08609,16999.61
GRID_CBE_08610,17056.72
GRID_CBE_08611,17113.84
GRID_CBE_08612,17170.96
GRID_CBE_08613,17228.08
GRID_CBE_08614,17285.2
GRID_CBE_08615,17342.32
GRID_CBE_08616,17399.44
GRID_CBE_08617,17456.56
GRID_CBE_08618,17513.68
GRID_CBE_08619,17570.8
GRID_CBE_08620,17627.92
GRID_CBE_08621,17685.04
GRID_CBE_08622,17742.16
GRID_CBE_08623,17799.28
GRID_CBE_08624,17856.4
GRID_CBE_08625,17913.52
GRID_CBE_08626,17967.93
GRID_CBE_08627,18015.73
GRID_CBE_08628,18063.53
GRID_CBE_08629,18111.33
GRID_CBE_08630,18159.13
GRID_CBE_08631,18206.93
GRID_CBE_08632,18103.79
GRID_CBE_08633,17851.83
GRID_CBE_08634,17652.99
GRID_CBE_08635,17509.1
GRID_CBE_08636,17421.51
GRID_CBE_08637,17390.82
GRID_CBE_08638,17383.74
GRID_CBE_08639,17376.66
GRID_CBE_08640,17393.25
GRID_CBE_08641,17466.93
GRID_CBE_08642,17597.21
GRID_CBE_08643,17782.86
GRID_CBE_08644,18022.17
GRID_CBE_08645,18313.02
GRID_CBE_08646,18653.02
GRID_CBE_08647,18971.75
GRID_CBE_08648,19019.55
GRID_CBE_08649,19067.35
GRID_CBE_08650,19115.15
GRID_CBE_08651,19162.95
GRID_CBE_08652,19210.76
GRID_CBE_08653,19258.57
GRID_CBE_08654,19333.5
GRID_CBE_08655,19459.6
GRID_CBE_08656,19635.88
GRID_CBE_08657,19861.0
GRID_CBE_08658,20133.33
GRID_CBE_08659,24453.61
GRID_CBE_08660,24146.31
GRID_CBE_08661,23876.96
GRID_CBE_08662,23646.87
GRID_CBE_08663,23457.18
GRID_CBE_08664,23083.6
GRID_CBE_08665,22360.06
GRID_CBE_08666,21658.54
GRID_CBE_08667,20981.23
GRID_CBE_08668,20330.56
GRID_CBE_08669,19709.17
GRID_CBE_08670,19119.91
GRID_CBE_08671,18565.85
GRID_CBE_08672,18050.22
GRID_CBE_08673,17576.41
GRID_CBE_08674,17147.88
GRID_CBE_08675,16768.11
GRID_CBE_08676,16440.48
GRID_CBE_08677,16168.15
GRID_CBE_08678,15953.96
GRID_CBE_08679,15800.27
GRID_CBE_08680,15708.86
GRID_CBE_08681,15680.82
GRID_CBE_08682,15715.64
GRID_CBE_08683,15772.76
GRID_CBE_08684,15829.88
GRID_CBE_08685,15887.0
GRID_CBE_08686,15944.12
GRID_CBE_08687,16001.24
GRID_CBE_08688,16058.36
GRID_CBE_08689,16115.48
GRID_CBE_08690,16172.6
GRID_CBE_08691,16229.72
GRID_CBE_08692,16286.84
GRID_CBE_08693,16343.96
GRID_CBE_08694,16401.07
GRID_CBE_08695,16458.19
GRID_CBE_08696,16515.31
GRID_CBE_08697,16572.43
GRID_CBE_08698,16629.55
GRID_CBE_08699,16686.67
GRID_CBE_08700,16743.79
GRID_CBE_08701,16800.91
GRID_CBE_08702,16858.03
GRID_CBE_08703,16915.15
GRID_CBE_08704,16969.07
GRID_CBE_08705,17016.87
GRID_CBE_08706,17064.67
GRID_CBE_08707,17112.47
GRID_CBE_08708,17160.27
GRID_CBE_08709,17208.07
GRID_CBE_08710,17255.88
GRID_CBE_08711,17303.68
GRID_CBE_08712,17351.48
GRID_CBE_08713,17399.28
GRID_CBE_08714,17447.08
GRID_CBE_08715,17494.88
GRID_CBE_08716,17542.68
GRID_CBE_08717,17590.48
GRID_CBE_08718,17638.28
GRID_CBE_08719,17686.09
GRID_CBE_08720,17733.89
GRID_CBE_08721,17781.69
GRID_CBE_08722,17829.49
GRID_CBE_08723,17877.29
GRID_CBE_08724,17925.09
GRID_CBE_08725,17972.89
GRID_CBE_08726,18020.69
GRID_CBE_08727,18068.5
GRID_CBE_08728,18116.3
GRID_CBE_08729,18164.1
GRID_CBE_08730,18211.9
GRID_CBE_08731,18259.85
GRID_CBE_08732,18338.86
GRID_CBE_08733,18471.74
GRID_CBE_08734,18657.36
GRID_CBE_08735,18894.14
GRID_CBE_08736,19180.2
GRID_CBE_08737,25401.14
GRID_CBE_08738,25105.43
GRID_CBE_08739,24761.5
GRID_CBE_08740,23963.55
GRID_CBE_08741,23181.28
GRID_CBE_08742,22416.32
GRID_CBE_08743,21670.51
GRID_CBE_08744,20945.9
GRID_CBE_08745,20244.76
GRID_CBE_08746,19569.62
GRID_CBE_08747,18923.26
GRID_CBE_08748,18308.73
GRID_CBE_08749,17729.34
GRID_CBE_08750,17188.63
GRID_CBE_08751,16690.38
GRID_CBE_08752,16238.49
GRID_CBE_08753,15836.93
GRID_CBE_08754,15489.61
GRID_CBE_08755,15200.25
GRID_CBE_08756,14972.22
GRID_CBE_08757,14808.35
GRID_CBE_08758,14710.77
GRID_CBE_08759,14680.82
GRID_CBE_08760,14717.27
GRID_CBE_08761,14774.39
GRID_CBE_08762,14831.51
GRID_CBE_08763,14888.63
GRID_CBE_08764,14945.75
GRID_CBE_08765,15002.87
GRID_CBE_08766,15059.99
GRID_CBE_08767,15117.11
GRID_CBE_08768,15174.23
GRID_CBE_08769,15231.35
GRID_CBE_08770,15288.47
GRID_CBE_08771,15345.59
GRID_CBE_08772,15402.71
GRID_CBE_08773,15459.83
GRID_CBE_08774,15516.95
GRID_CBE_08775,15574.07
GRID_CBE_08776,15631.19
GRID_CBE_08777,15688.31
GRID_CBE_08778,15745.42
GRID_CBE_08779,15802.54
GRID_CBE_08780,15859.66
GRID_CBE_08781,15916.78
GRID_CBE_08782,15970.21
GRID_CBE_08783,16018.01
GRID_CBE_08784,16065.81
GRID_CBE_08785,16113.62
GRID_CBE_08786,16161.42
GRID_CBE_08787,16209.22
GRID_CBE_08788,16257.02
GRID_CBE_08789,16304.82
GRID_CBE_08790,16352.62
GRID_CBE_08791,16400.42
GRID_CBE_08792,16448.22
GRID_CBE_08793,16496.02
GRID_CBE_08794,16543.83
GRID_CBE_08795,16591.63
GRID_CBE_08796,16639.43
GRID_CBE_08797,16687.23
GRID_CBE_08798,16735.03
GRID_CBE_08799,16782.83
GRID_CBE_08800,16830.63
GRID_CBE_08801,16878.43
GRID_CBE_08802,16926.23
GRID_CBE_08803,16974.04
GRID_CBE_08804,17021.84
GRID_CBE_08805,17069.64
GRID_CBE_08806,17117.44
GRID_CBE_08807,17165.24
GRID_CBE_08808,17213.04
GRID_CBE_08809,17261.27
GRID_CBE_08810,17344.83
GRID_CBE_08811,17485.27
GRID_CBE_08812,17681.24
GRID_CBE_08813,17930.92
GRID_CBE_08814,18232.1
GRID_CBE_08815,25855.97
GRID_CBE_08816,25013.02
GRID_CBE_08817,24182.03
GRID_CBE_08818,23364.3
GRID_CBE_08819,22561.25
GRID_CBE_08820,21774.52
GRID_CBE_08821,21005.94
GRID_CBE_08822,20257.57
GRID_CBE_08823,19531.75
GRID_CBE_08824,18831.06
GRID_CBE_08825,18158.43
GRID_CBE_08826,17517.08
GRID_CBE_08827,16910.59
GRID_CBE_08828,16342.82
GRID_CBE_08829,15817.95
GRID_CBE_08830,15340.38
GRID_CBE_08831,14914.65
GRID_CBE_08832,14545.33
GRID_CBE_08833,14236.79
GRID_CBE_08834,13993.07
GRID_CBE_08835,13817.59
GRID_CBE_08836,13712.97
GRID_CBE_08837,13680.83
GRID_CBE_08838,13718.91
GRID_CBE_08839,13776.03
GRID_CBE_08840,13833.14
GRID_CBE_08841,13890.26
GRID_CBE_08842,13947.38
GRID_CBE_08843,14004.5
GRID_CBE_08844,14061.62
GRID_CBE_08845,14118.74
GRID_CBE_08846,14175.86
GRID_CBE_08847,14232.98
GRID_CBE_08848,14290.1
GRID_CBE_08849,14347.22
GRID_CBE_08850,14404.34
GRID_CBE_08851,14461.46
GRID_CBE_08852,14518.58
GRID_CBE_08853,14575.7
GRID_CBE_08854,14632.82
GRID_CBE_08855,14689.94
GRID_CBE_08856,14747.06
GRID_CBE_08857,14804.18
GRID_CBE_08858,14861.3
GRID_CBE_08859,14918.42
GRID_CBE_08860,14971.35
GRID_CBE_08861,15019.16
GRID_CBE_08862,15066.96
GRID_CBE_08863,15114.76
GRID_CBE_08864,15162.56
GRID_CBE_08865,15210.36
GRID_CBE_08866,15258.16
GRID_CBE_08867,15305.96
GRID_CBE_08868,15353.76
GRID_CBE_08869,15401.57
GRID_CBE_08870,15449.37
GRID_CBE_08871,15497.17
GRID_CBE_08872,15544.97
GRID_CBE_08873,15592.77
GRID_CBE_08874,15640.57
GRID_CBE_08875,15688.37
GRID_CBE_08876,15736.17
GRID_CBE_08877,15783.97
GRID_CBE_08878,15831.78
GRID_CBE_08879,15879.58
GRID_CBE_08880,15927.38
GRID_CBE_08881,15975.18
GRID_CBE_08882,16022.98
GRID_CBE_08883,16070.78
GRID_CBE_08884,16118.58
GRID_CBE_08885,16166.38
GRID_CBE_08886,16214.18
GRID_CBE_08887,16262.86
GRID_CBE_08888,16351.52
GRID_CBE_08889,16500.42
GRID_CBE_08890,16707.95
GRID_CBE_08891,16971.95
GRID_CBE_08892,17289.85
GRID_CBE_08893,25341.07
GRID_CBE_08894,24480.39
GRID_CBE_08895,23630.69
GRID_CBE_08896,22793.18
GRID_CBE_08897,21969.27
GRID_CBE_08898,21160.54
GRID_CBE_08899,20368.8
GRID_CBE_08900,19596.12
GRID_CBE_08901,18844.83
GRID_CBE_08902,18117.6
GRID_CBE_08903,17417.44
GRID_CBE_08904,16747.74
GRID_CBE_08905,16112.31
GRID_CBE_08906,15515.36
GRID_CBE_08907,14961.48
GRID_CBE_08908,14455.65
GRID_CBE_08909,14003.05
GRID_CBE_08910,13609.01
GRID_CBE_08911,13278.74
GRID_CBE_08912,13017.09
GRID_CBE_08913,12828.26
GRID_CBE_08914,12715.51
GRID_CBE_08915,12680.84
GRID_CBE_08916,12720.54
GRID_CBE_08917,12777.66
GRID_CBE_08918,12834.78
GRID_CBE_08919,12891.9
GRID_CBE_08920,12949.02
GRID_CBE_08921,13006.14
GRID_CBE_08922,13063.26
GRID_CBE_08923,13120.38
GRID_CBE_08924,13177.49
GRID_CBE_08925,13234.61
GRID_CBE_08926,13291.73
GRID_CBE_08927,13348.85
GRID_CBE_08928,13405.97
GRID_CBE_08929,13463.09
GRID_CBE_08930,13520.21
GRID_CBE_08931,13577.33
GRID_CBE_08932,13634.45
GRID_CBE_08933,13691.57
GRID_CBE_08934,13748.69
GRID_CBE_08935,13805.81
GRID_CBE_08936,13862.93
GRID_CBE_08937,13920.05
GRID_CBE_08938,13972.5
GRID_CBE_08939,14020.3
GRID_CBE_08940,14068.1
GRID_CBE_08941,14115.9
GRID_CBE_08942,14163.7
GRID_CBE_08943,14211.5
GRID_CBE_08944,14259.3
GRID_CBE_08945,14307.11
GRID_CBE_08946,14354.91
GRID_CBE_08947,14402.71
GRID_CBE_08948,14450.51
GRID_CBE_08949,14498.31
GRID_CBE_08950,14546.11
GRID_CBE_08951,14593.91
GRID_CBE_08952,14641.71
GRID_CBE_08953,14689.52
GRID_CBE_08954,14737.32
GRID_CBE_08955,14785.12
GRID_CBE_08956,14832.92
GRID_CBE_08957,14880.72
GRID_CBE_08958,14928.52
GRID_CBE_08959,14976.32
GRID_CBE_08960,15024.12
GRID_CBE_08961,15071.92
GRID_CBE_08962,15119.73
GRID_CBE_08963,15167.53
GRID_CBE_08964,15215.33
GRID_CBE_08965,15264.66
GRID_CBE_08966,15359.09
GRID_CBE_08967,15517.52
GRID_CBE_08968,15738.01
GRID_CBE_08969,16018.01
GRID_CBE_08970,16354.46
GRID_CBE_08971,24855.75
GRID_CBE_08972,23977.66
GRID_CBE_08973,23109.48
GRID_CBE_08974,22252.36
GRID_CBE_08975,21407.65
GRID_CBE_08976,20576.86
GRID_CBE_08977,19761.75
GRID_CBE_08978,18964.35
GRID_CBE_08979,18186.98
GRID_CBE_08980,17432.33
GRID_CBE_08981,16703.46
GRID_CBE_08982,16003.92
GRID_CBE_08983,15337.7
GRID_CBE_08984,14709.35
GRID_CBE_08985,14123.9
GRID_CBE_08986,13586.92
GRID_CBE_08987,13104.35
GRID_CBE_08988,12682.42
GRID_CBE_08989,12327.35
GRID_CBE_08990,12045.05
GRID_CBE_08991,11840.73
GRID_CBE_08992,11718.48
GRID_CBE_08993,11680.86
GRID_CBE_08994,11722.17
GRID_CBE_08995,11779.29
GRID_CBE_08996,11836.41
GRID_CBE_08997,11893.53
GRID_CBE_08998,11950.65
GRID_CBE_08999,12007.77
GRID_CBE_09000,12064.89
GRID_CBE_09001,12122.01
GRID_CBE_09002,12179.13
GRID_CBE_09003,12236.25
GRID_CBE_09004,12293.37
GRID_CBE_09005,12350.49
GRID_CBE_09006,12407.61
GRID_CBE_09007,12464.72
GRID_CBE_09008,12521.84
GRID_CBE_09009,12578.96
GRID_CBE_09010,12636.08
GRID_CBE_09011,12693.2
GRID_CBE_09012,12750.32
GRID_CBE_09013,12807.44
GRID_CBE_09014,12864.56
GRID_CBE_09015,12921.68
GRID_CBE_09016,12973.64
GRID_CBE_09017,13021.44
GRID_CBE_09018,13069.24
GRID_CBE_09019,13117.04
GRID_CBE_09020,13164.85
GRID_CBE_09021,13212.65
GRID_CBE_09022,13260.45
GRID_CBE_09023,13308.25
GRID_CBE_09024,13356.05
GRID_CBE_09025,13403.85
GRID_CBE_09026,13451.65
GRID_CBE_09027,13499.45
GRID_CBE_09028,13547.25
GRID_CBE_09029,13595.06
GRID_CBE_09030,13642.86
GRID_CBE_09031,13690.66
GRID_CBE_09032,13738.46
GRID_CBE_09033,13786.26
GRID_CBE_09034,13834.06
GRID_CBE_09035,13881.86
GRID_CBE_09036,13929.66
GRID_CBE_09037,13977.47
GRID_CBE_09038,14025.27
GRID_CBE_09039,14073.07
GRID_CBE_09040,14120.87
GRID_CBE_09041,14168.67
GRID_CBE_09042,14216.47
GRID_CBE_09043,14266.72
GRID_CBE_09044,14367.71
GRID_CBE_09045,14536.94
GRID_CBE_09046,14772.08
GRID_CBE_09047,15070.03
GRID_CBE_09048,15427.17
GRID_CBE_09049,24401.78
GRID_CBE_09050,23506.74
GRID_CBE_09051,22620.49
GRID_CBE_09052,21744.11
GRID_CBE_09053,20878.84
GRID_CBE_09054,20026.12
GRID_CBE_09055,19187.64
GRID_CBE_09056,18365.32
GRID_CBE_09057,17561.46
GRID_CBE_09058,16778.69
GRID_CBE_09059,16020.12
GRID_CBE_09060,15289.34
GRID_CBE_09061,14590.54
GRID_CBE_09062,13928.51
GRID_CBE_09063,13308.76
GRID_CBE_09064,12737.46
GRID_CBE_09065,12221.4
GRID_CBE_09066,11767.85
GRID_CBE_09067,11384.29
GRID_CBE_09068,11077.99
GRID_CBE_09069,10855.48
GRID_CBE_09070,10722.0
GRID_CBE_09071,10680.87
GRID_CBE_09072,10723.8
GRID_CBE_09073,10780.92
GRID_CBE_09074,10838.04
GRID_CBE_09075,10895.16
GRID_CBE_09076,10952.28
GRID_CBE_09077,11009.4
GRID_CBE_09078,11066.52
GRID_CBE_09079,11123.64
GRID_CBE_09080,11180.76
GRID_CBE_09081,11237.88
GRID_CBE_09082,11295.0
GRID_CBE_09083,11352.12
GRID_CBE_09084,11409.24
GRID_CBE_09085,11466.36
GRID_CBE_09086,11523.48
GRID_CBE_09087,11580.6
GRID_CBE_09088,11637.72
GRID_CBE_09089,11694.84
GRID_CBE_09090,11751.96
GRID_CBE_09091,11809.07
GRID_CBE_09092,11866.19
GRID_CBE_09093,11923.31
GRID_CBE_09094,11974.78
GRID_CBE_09095,12022.59
GRID_CBE_09096,12070.39
GRID_CBE_09097,12118.19
GRID_CBE_09098,12165.99
GRID_CBE_09099,12213.79
GRID_CBE_09100,12261.59
GRID_CBE_09101,12309.39
GRID_CBE_09102,12357.19
GRID_CBE_09103,12404.99
GRID_CBE_09104,12452.8
GRID_CBE_09105,12500.6
GRID_CBE_09106,12548.4
GRID_CBE_09107,12596.2
GRID_CBE_09108,12644.0
GRID_CBE_09109,12691.8
GRID_CBE_09110,12739.6
GRID_CBE_09111,12787.4
GRID_CBE_09112,12835.2
GRID_CBE_09113,12883.01
GRID_CBE_09114,12930.81
GRID_CBE_09115,12978.61
GRID_CBE_09116,13026.41
GRID_CBE_09117,13074.21
GRID_CBE_09118,13122.01
GRID_CBE_09119,13169.81
GRID_CBE_09120,13217.61
GRID_CBE_09121,13269.09
GRID_CBE_09122,13377.6
GRID_CBE_09123,13559.2
GRID_CBE_09124,13811.0
GRID_CBE_09125,14129.23
GRID_CBE_09126,14509.55
GRID_CBE_09127,23980.94
GRID_CBE_09128,23069.58
GRID_CBE_09129,22165.85
GRID_CBE_09130,21270.75
GRID_CBE_09131,20385.4
GRID_CBE_09132,19511.13
GRID_CBE_09133,18649.5
GRID_CBE_09134,17802.35
GRID_CBE_09135,16971.84
GRID_CBE_09136,16160.54
GRID_CBE_09137,15371.5
GRID_CBE_09138,14608.31
GRID_CBE_09139,13875.24
GRID_CBE_09140,13177.33
GRID_CBE_09141,12520.45
GRID_CBE_09142,11911.4
GRID_CBE_09143,11357.87
GRID_CBE_09144,10868.35
GRID_CBE_09145,10451.83
GRID_CBE_09146,10117.33
GRID_CBE_09147,9873.2
GRID_CBE_09148,9726.25
GRID_CBE_09149,9680.89
GRID_CBE_09150,9725.44
GRID_CBE_09151,9782.56
GRID_CBE_09152,9839.68
GRID_CBE_09153,9896.79
GRID_CBE_09154,9953.91
GRID_CBE_09155,10011.03
GRID_CBE_09156,10068.15
GRID_CBE_09157,10125.27
GRID_CBE_09158,10182.39
GRID_CBE_09159,10239.51
GRID_CBE_09160,10296.63
GRID_CBE_09161,10353.75
GRID_CBE_09162,10410.87
GRID_CBE_09163,10467.99
GRID_CBE_09164,10525.11
GRID_CBE_09165,10582.23
GRID_CBE_09166,10639.35
GRID_CBE_09167,10696.47
GRID_CBE_09168,10753.59
GRID_CBE_09169,10810.71
GRID_CBE_09170,10867.83
GRID_CBE_09171,10924.95
GRID_CBE_09172,10975.93
GRID_CBE_09173,11023.73
GRID_CBE_09174,11071.53
GRID_CBE_09175,11119.33
GRID_CBE_09176,11167.13
GRID_CBE_09177,11214.93
GRID_CBE_09178,11262.73
GRID_CBE_09179,11310.54
GRID_CBE_09180,11358.34
GRID_CBE_09181,11406.14
GRID_CBE_09182,11453.94
GRID_CBE_09183,11501.74
GRID_CBE_09184,11549.54
GRID_CBE_09185,11597.34
GRID_CBE_09186,11645.14
GRID_CBE_09187,11692.94
GRID_CBE_09188,11740.75
GRID_CBE_09189,11788.55
GRID_CBE_09190,11836.35
GRID_CBE_09191,11884.15
GRID_CBE_09192,11931.95
GRID_CBE_09193,11979.75
GRID_CBE_09194,12027.55
GRID_CBE_09195,12075.35
GRID_CBE_09196,12123.16
GRID_CBE_09197,12170.96
GRID_CBE_09198,12218.76
GRID_CBE_09199,12271.84
GRID_CBE_09200,12389.09
GRID_CBE_09201,12584.96
GRID_CBE_09202,12855.85
GRID_CBE_09203,13197.14
GRID_CBE_09204,13603.54
GRID_CBE_09205,23595.0
GRID_CBE_09206,22668.13
GRID_CBE_09207,21747.73
GRID_CBE_09208,20834.67
GRID_CBE_09209,19929.96
GRID_CBE_09210,19034.78
GRID_CBE_09211,18150.55
GRID_CBE_09212,17278.96
GRID_CBE_09213,16422.0
GRID_CBE_09214,15582.1
GRID_CBE_09215,14762.16
GRID_CBE_09216,13965.72
GRID_CBE_09217,13197.0
GRID_CBE_09218,12461.17
GRID_CBE_09219,11764.37
GRID_CBE_09220,11113.96
GRID_CBE_09221,10518.55
GRID_CBE_09222,9987.97
GRID_CBE_09223,9533.06
GRID_CBE_09224,9165.1
GRID_CBE_09225,8894.87
GRID_CBE_09226,8731.46
GRID_CBE_09227,8680.91
GRID_CBE_09228,8727.07
GRID_CBE_09229,8784.19
GRID_CBE_09230,8841.31
GRID_CBE_09231,8898.43
GRID_CBE_09232,8955.55
GRID_CBE_09233,9012.67
GRID_CBE_09234,9069.79
GRID_CBE_09235,9126.91
GRID_CBE_09236,9184.03
GRID_CBE_09237,9241.14
GRID_CBE_09238,9298.26
GRID_CBE_09239,9355.38
GRID_CBE_09240,9412.5
GRID_CBE_09241,9469.62
GRID_CBE_09242,9526.74
GRID_CBE_09243,9583.86
GRID_CBE_09244,9640.98
GRID_CBE_09245,9698.1
GRID_CBE_09246,9755.22
GRID_CBE_09247,9812.34
GRID_CBE_09248,9869.46
GRID_CBE_09249,9926.58
GRID_CBE_09250,9977.07
GRID_CBE_09251,10024.87
GRID_CBE_09252,10072.67
GRID_CBE_09253,10120.47
GRID_CBE_09254,10168.28
GRID_CBE_09255,10216.08
GRID_CBE_09256,10263.88
GRID_CBE_09257,10311.68
GRID_CBE_09258,10359.48
GRID_CBE_09259,10407.28
GRID_CBE_09260,10455.08
GRID_CBE_09261,10502.88
GRID_CBE_09262,10550.68
GRID_CBE_09263,10598.49
GRID_CBE_09264,10646.29
GRID_CBE_09265,10694.09
GRID_CBE_09266,10741.89
GRID_CBE_09267,10789.69
GRID_CBE_09268,10837.49
GRID_CBE_09269,10885.29
GRID_CBE_09270,10933.09
GRID_CBE_09271,10980.89
GRID_CBE_09272,11028.7
GRID_CBE_09273,11076.5
GRID_CBE_09274,11124.3
GRID_CBE_09275,11172.1
GRID_CBE_09276,11219.9
GRID_CBE_09277,11275.07
GRID_CBE_09278,11402.59
GRID_CBE_09279,11615.1
GRID_CBE_09280,11908.08
GRID_CBE_09281,12275.75
GRID_CBE_09282,12711.63
GRID_CBE_09283,23245.71
GRID_CBE_09284,22304.32
GRID_CBE_09285,21368.25
GRID_CBE_09286,20438.25
GRID_CBE_09287,19515.17
GRID_CBE_09288,18600.04
GRID_CBE_09289,17694.1
GRID_CBE_09290,16798.84
GRID_CBE_09291,15916.05
GRID_CBE_09292,15047.94
GRID_CBE_09293,14197.19
GRID_CBE_09294,13367.12
GRID_CBE_09295,12561.83
GRID_CBE_09296,11786.4
GRID_CBE_09297,11047.13
GRID_CBE_09298,10351.75
GRID_CBE_09299,9709.71
GRID_CBE_09300,9132.26
GRID_CBE_09301,8632.37
GRID_CBE_09302,8224.21
GRID_CBE_09303,7921.95
GRID_CBE_09304,7738.03
GRID_CBE_09305,7680.94
GRID_CBE_09306,7728.7
GRID_CBE_09307,7785.82
GRID_CBE_09308,7842.94
GRID_CBE_09309,7900.06
GRID_CBE_09310,7957.18
GRID_CBE_09311,8014.3
GRID_CBE_09312,8071.42
GRID_CBE_09313,8128.54
GRID_CBE_09314,8185.66
GRID_CBE_09315,8242.78
GRID_CBE_09316,8299.9
GRID_CBE_09317,8357.02
GRID_CBE_09318,8414.14
GRID_CBE_09319,8471.26
GRID_CBE_09320,8528.38
GRID_CBE_09321,8585.49
GRID_CBE_09322,8642.61
GRID_CBE_09323,8699.73
GRID_CBE_09324,8756.85
GRID_CBE_09325,8813.97
GRID_CBE_09326,8871.09
GRID_CBE_09327,8928.21
GRID_CBE_09328,8978.21
GRID_CBE_09329,9026.01
GRID_CBE_09330,9073.82
GRID_CBE_09331,9121.62
GRID_CBE_09332,9169.42
GRID_CBE_09333,9217.22
GRID_CBE_09334,9265.02
GRID_CBE_09335,9312.82
GRID_CBE_09336,9360.62
GRID_CBE_09337,9408.42
GRID_CBE_09338,9456.23
GRID_CBE_09339,9504.03
GRID_CBE_09340,9551.83
GRID_CBE_09341,9599.63
GRID_CBE_09342,9647.43
GRID_CBE_09343,9695.23
GRID_CBE_09344,9743.03
GRID_CBE_09345,9790.83
GRID_CBE_09346,9838.63
GRID_CBE_09347,9886.44
GRID_CBE_09348,9934.24
GRID_CBE_09349,9982.04
GRID_CBE_09350,10029.84
GRID_CBE_09351,10077.64
GRID_CBE_09352,10125.44
GRID_CBE_09353,10173.24
GRID_CBE_09354,10221.04
GRID_CBE_09355,10278.94
GRID_CBE_09356,10418.65
GRID_CBE_09357,10650.82
GRID_CBE_09358,10969.58
GRID_CBE_09359,11367.64
GRID_CBE_09360,11837.01
GRID_CBE_09361,22934.72
GRID_CBE_09362,21980.02
GRID_CBE_09363,21029.52
GRID_CBE_09364,20083.84
GRID_CBE_09365,19143.68
GRID_CBE_09366,18209.89
GRID_CBE_09367,17283.51
GRID_CBE_09368,16365.8
GRID_CBE_09369,15458.31
GRID_CBE_09370,14562.93
GRID_CBE_09371,13682.06
GRID_CBE_09372,12818.67
GRID_CBE_09373,11976.57
GRID_CBE_09374,11160.55
GRID_CBE_09375,10376.78
GRID_CBE_09376,9633.14
GRID_CBE_09377,8939.63
GRID_CBE_09378,8308.84
GRID_CBE_09379,7756.06
GRID_CBE_09380,7299.05
GRID_CBE_09381,6956.72
GRID_CBE_09382,6746.53
GRID_CBE_09383,6680.97
GRID_CBE_09384,6730.33
GRID_CBE_09385,6787.45
GRID_CBE_09386,6844.57
GRID_CBE_09387,6901.69
GRID_CBE_09388,6958.81
GRID_CBE_09389,7015.93
GRID_CBE_09390,7073.05
GRID_CBE_09391,7130.17
GRID_CBE_09392,7187.29
GRID_CBE_09393,7244.41
GRID_CBE_09394,7301.53
GRID_CBE_09395,7358.65
GRID_CBE_09396,7415.77
GRID_CBE_09397,7472.89
GRID_CBE_09398,7530.01
GRID_CBE_09399,7587.13
GRID_CBE_09400,7644.25
GRID_CBE_09401,7701.37
GRID_CBE_09402,7758.49
GRID_CBE_09403,7815.61
GRID_CBE_09404,7872.73
GRID_CBE_09405,7929.84
GRID_CBE_09406,7979.36
GRID_CBE_09407,8027.16
GRID_CBE_09408,8074.96
GRID_CBE_09409,8122.76
GRID_CBE_09410,8170.56
GRID_CBE_09411,8218.36
GRID_CBE_09412,8266.16
GRID_CBE_09413,8313.96
GRID_CBE_09414,8361.77
GRID_CBE_09415,8409.57
GRID_CBE_09416,8457.37
GRID_CBE_09417,8505.17
GRID_CBE_09418,8552.97
GRID_CBE_09419,8600.77
GRID_CBE_09420,8648.57
GRID_CBE_09421,8696.37
GRID_CBE_09422,8744.18
GRID_CBE_09423,8791.98
GRID_CBE_09424,8839.78
GRID_CBE_09425,8887.58
GRID_CBE_09426,8935.38
GRID_CBE_09427,8983.18
GRID_CBE_09428,9030.98
GRID_CBE_09429,9078.78
GRID_CBE_09430,9126.58
GRID_CBE_09431,9174.39
GRID_CBE_09432,9222.19
GRID_CBE_09433,9283.64
GRID_CBE_09434,9438.09
GRID_CBE_09435,9693.78
GRID_CBE_09436,10042.95
GRID_CBE_09437,10476.29
GRID_CBE_09438,10983.82
GRID_CBE_09439,22663.63
GRID_CBE_09440,21697.0
GRID_CBE_09441,20733.54
GRID_CBE_09442,19773.7
GRID_CBE_09443,18818.05
GRID_CBE_09444,17867.25
GRID_CBE_09445,16922.13
GRID_CBE_09446,15983.68
GRID_CBE_09447,15053.17
GRID_CBE_09448,14132.15
GRID_CBE_09449,13222.6
GRID_CBE_09450,12327.08
GRID_CBE_09451,11448.87
GRID_CBE_09452,10592.28
GRID_CBE_09453,9763.0
GRID_CBE_09454,8968.61
GRID_CBE_09455,8219.22
GRID_CBE_09456,7528.3
GRID_CBE_09457,6913.4
GRID_CBE_09458,6396.47
GRID_CBE_09459,6002.88
GRID_CBE_09460,5757.97
GRID_CBE_09461,5681.02
GRID_CBE_09462,5731.97
GRID_CBE_09463,5789.09
GRID_CBE_09464,5846.21
GRID_CBE_09465,5903.33
GRID_CBE_09466,5960.44
GRID_CBE_09467,6017.56
GRID_CBE_09468,6074.68
GRID_CBE_09469,6131.8
GRID_CBE_09470,6188.92
GRID_CBE_09471,6246.04
GRID_CBE_09472,6303.16
GRID_CBE_09473,6360.28
GRID_CBE_09474,6417.4
GRID_CBE_09475,6474.52
GRID_CBE_09476,6531.64
GRID_CBE_09477,6588.76
GRID_CBE_09478,6645.88
GRID_CBE_09479,6703.0
GRID_CBE_09480,6760.12
GRID_CBE_09481,6817.24
GRID_CBE_09482,6874.36
GRID_CBE_09483,6931.48
GRID_CBE_09484,6980.5
GRID_CBE_09485,7028.3
GRID_CBE_09486,7076.1
GRID_CBE_09487,7123.9
GRID_CBE_09488,7171.7
GRID_CBE_09489,7219.51
GRID_CBE_09490,7267.31
GRID_CBE_09491,7315.11
GRID_CBE_09492,7362.91
GRID_CBE_09493,7410.71
GRID_CBE_09494,7458.51
GRID_CBE_09495,7506.31
GRID_CBE_09496,7554.11
GRID_CBE_09497,7601.91
GRID_CBE_09498,7649.72
GRID_CBE_09499,7697.52
GRID_CBE_09500,7745.32
GRID_CBE_09501,7793.12
GRID_CBE_09502,7840.92
GRID_CBE_09503,7888.72
GRID_CBE_09504,7936.52
GRID_CBE_09505,7984.32
GRID_CBE_09506,8032.13
GRID_CBE_09507,8079.93
GRID_CBE_09508,8127.73
GRID_CBE_09509,8175.53
GRID_CBE_09510,8223.33
GRID_CBE_09511,8289.47
GRID_CBE_09512,8462.09
GRID_CBE_09513,8746.35
GRID_CBE_09514,9131.83
GRID_CBE_09515,9606.35
GRID_CBE_09516,10157.44
GRID_CBE_09517,22433.87
GRID_CBE_09518,21456.9
GRID_CBE_09519,20482.14
GRID_CBE_09520,19509.94
GRID_CBE_09521,18540.7
GRID_CBE_09522,17574.9
GRID_CBE_09523,16613.16
GRID_CBE_09524,15656.2
GRID_CBE_09525,14704.98
GRID_CBE_09526,13760.67
GRID_CBE_09527,12824.81
GRID_CBE_09528,11899.39
GRID_CBE_09529,10987.05
GRID_CBE_09530,10091.33
GRID_CBE_09531,9217.09
GRID_CBE_09532,8371.05
GRID_CBE_09533,7562.69
GRID_CBE_09534,6805.43
GRID_CBE_09535,6118.31
GRID_CBE_09536,5527.51
GRID_CBE_09537,5066.86
GRID_CBE_09538,4774.18
GRID_CBE_09539,4681.09
GRID_CBE_09540,4733.6
GRID_CBE_09541,4790.72
GRID_CBE_09542,4847.84
GRID_CBE_09543,4904.96
GRID_CBE_09544,4962.08
GRID_CBE_09545,5019.2
GRID_CBE_09546,5076.32
GRID_CBE_09547,5133.44
GRID_CBE_09548,5190.56
GRID_CBE_09549,5247.68
GRID_CBE_09550,5304.79
GRID_CBE_09551,5361.91
GRID_CBE_09552,5419.03
GRID_CBE_09553,5476.15
GRID_CBE_09554,5533.27
GRID_CBE_09555,5590.39
GRID_CBE_09556,5647.51
GRID_CBE_09557,5704.63
GRID_CBE_09558,5761.75
GRID_CBE_09559,5818.87
GRID_CBE_09560,5875.99
GRID_CBE_09561,5933.11
GRID_CBE_09562,5981.64
GRID_CBE_09563,6029.44
GRID_CBE_09564,6077.25
GRID_CBE_09565,6125.05
GRID_CBE_09566,6172.85
GRID_CBE_09567,6220.65
GRID_CBE_09568,6268.45
GRID_CBE_09569,6316.25
GRID_CBE_09570,6364.05
GRID_CBE_09571,6411.85
GRID_CBE_09572,6459.65
GRID_CBE_09573,6507.46
GRID_CBE_09574,6555.26
GRID_CBE_09575,6603.06
GRID_CBE_09576,6650.86
GRID_CBE_09577,6698.66
GRID_CBE_09578,6746.46
GRID_CBE_09579,6794.26
GRID_CBE_09580,6842.06
GRID_CBE_09581,6889.86
GRID_CBE_09582,6937.67
GRID_CBE_09583,6985.47
GRID_CBE_09584,7033.27
GRID_CBE_09585,7081.07
GRID_CBE_09586,7128.87
GRID_CBE_09587,7176.67
GRID_CBE_09588,7224.47
GRID_CBE_09589,7296.89
GRID_CBE_09590,7492.42
GRID_CBE_09591,7812.04
GRID_CBE_09592,8241.33
GRID_CBE_09593,8764.2
GRID_CBE_09594,9364.98
GRID_CBE_09595,22246.73
GRID_CBE_09596,21261.16
GRID_CBE_09597,20277.0
GRID_CBE_09598,19294.47
GRID_CBE_09599,18313.82
GRID_CBE_09600,17335.39
GRID_CBE_09601,16359.57
GRID_CBE_09602,15386.85
GRID_CBE_09603,14417.87
GRID_CBE_09604,13453.43
GRID_CBE_09605,12494.58
GRID_CBE_09606,11542.71
GRID_CBE_09607,10599.71
GRID_CBE_09608,9668.18
GRID_CBE_09609,8751.76
GRID_CBE_09610,7855.77
GRID_CBE_09611,6988.05
GRID_CBE_09612,6160.56
GRID_CBE_09613,5391.87
GRID_CBE_09614,4710.84
GRID_CBE_09615,4160.73
GRID_CBE_09616,3798.87
GRID_CBE_09617,3681.19
GRID_CBE_09618,3735.23
GRID_CBE_09619,3792.35
GRID_CBE_09620,3849.47
GRID_CBE_09621,3906.59
GRID_CBE_09622,3963.71
GRID_CBE_09623,4020.83
GRID_CBE_09624,4077.95
GRID_CBE_09625,4135.07
GRID_CBE_09626,4192.19
GRID_CBE_09627,4249.31
GRID_CBE_09628,4306.43
GRID_CBE_09629,4363.55
GRID_CBE_09630,4420.67
GRID_CBE_09631,4477.79
GRID_CBE_09632,4534.91
GRID_CBE_09633,4592.03
GRID_CBE_09634,4649.14
GRID_CBE_09635,4706.26
GRID_CBE_09636,4763.38
GRID_CBE_09637,4820.5
GRID_CBE_09638,4877.62
GRID_CBE_09639,4934.74
GRID_CBE_09640,4982.79
GRID_CBE_09641,5030.59
GRID_CBE_09642,5078.39
GRID_CBE_09643,5126.19
GRID_CBE_09644,5173.99
GRID_CBE_09645,5221.79
GRID_CBE_09646,5269.59
GRID_CBE_09647,5317.39
GRID_CBE_09648,5365.2
GRID_CBE_09649,5413.0
GRID_CBE_09650,5460.8
GRID_CBE_09651,5508.6
GRID_CBE_09652,5556.4
GRID_CBE_09653,5604.2
GRID_CBE_09654,5652.0
GRID_CBE_09655,5699.8
GRID_CBE_09656,5747.6
GRID_CBE_09657,5795.41
GRID_CBE_09658,5843.21
GRID_CBE_09659,5891.01
GRID_CBE_09660,5938.81
GRID_CBE_09661,5986.61
GRID_CBE_09662,6034.41
GRID_CBE_09663,6082.21
GRID_CBE_09664,6130.01
GRID_CBE_09665,6177.81
GRID_CBE_09666,6225.62
GRID_CBE_09667,6306.66
GRID_CBE_09668,6531.89
GRID_CBE_09669,6896.18
GRID_CBE_09670,7378.95
GRID_CBE_09671,7958.68
GRID_CBE_09672,8615.81
GRID_CBE_09673,22103.3
GRID_CBE_09674,21111.03
GRID_CBE_09675,20119.52
GRID_CBE_09676,19128.9
GRID_CBE_09677,18139.31
GRID_CBE_09678,17150.93
GRID_CBE_09679,16163.98
GRID_CBE_09680,15178.73
GRID_CBE_09681,14195.55
GRID_CBE_09682,13214.89
GRID_CBE_09683,12237.36
GRID_CBE_09684,11263.78
GRID_CBE_09685,10295.27
GRID_CBE_09686,9333.39
GRID_CBE_09687,8380.45
GRID_CBE_09688,7439.87
GRID_CBE_09689,6517.01
GRID_CBE_09690,5620.6
GRID_CBE_09691,4765.59
GRID_CBE_09692,3978.77
GRID_CBE_09693,3309.12
GRID_CBE_09694,2840.78
GRID_CBE_09695,2681.37
GRID_CBE_09696,2736.86
GRID_CBE_09697,2793.98
GRID_CBE_09698,2851.1
GRID_CBE_09699,2908.22
GRID_CBE_09700,2965.34
GRID_CBE_09701,3022.46
GRID_CBE_09702,3079.58
GRID_CBE_09703,3136.7
GRID_CBE_09704,3193.82
GRID_CBE_09705,3250.94
GRID_CBE_09706,3308.06
GRID_CBE_09707,3365.18
GRID_CBE_09708,3422.3
GRID_CBE_09709,3479.42
GRID_CBE_09710,3536.54
GRID_CBE_09711,3593.66
GRID_CBE_09712,3650.78
GRID_CBE_09713,3707.9
GRID_CBE_09714,3765.02
GRID_CBE_09715,3822.14
GRID_CBE_09716,3879.26
GRID_CBE_09717,3936.13
GRID_CBE_09718,3983.93
GRID_CBE_09719,4031.73
GRID_CBE_09720,4079.53
GRID_CBE_09721,4127.33
GRID_CBE_09722,4175.13
GRID_CBE_09723,4222.94
GRID_CBE_09724,4270.74
GRID_CBE_09725,4318.54
GRID_CBE_09726,4366.34
GRID_CBE_09727,4414.14
GRID_CBE_09728,4461.94
GRID_CBE_09729,4509.74
GRID_CBE_09730,4557.54
GRID_CBE_09731,4605.34
GRID_CBE_09732,4653.15
GRID_CBE_09733,4700.95
GRID_CBE_09734,4748.75
GRID_CBE_09735,4796.55
GRID_CBE_09736,4844.35
GRID_CBE_09737,4892.15
GRID_CBE_09738,4939.95
GRID_CBE_09739,4987.75
GRID_CBE_09740,5035.55
GRID_CBE_09741,5083.36
GRID_CBE_09742,5131.16
GRID_CBE_09743,5178.96
GRID_CBE_09744,5226.76
GRID_CBE_09745,5320.09
GRID_CBE_09746,5585.24
GRID_CBE_09747,6007.21
GRID_CBE_09748,6555.78
GRID_CBE_09749,7202.08
GRID_CBE_09750,7922.22
GRID_CBE_09751,22004.42
GRID_CBE_09752,21007.48
GRID_CBE_09753,20010.84
GRID_CBE_09754,19014.56
GRID_CBE_09755,18018.69
GRID_CBE_09756,17023.31
GRID_CBE_09757,16028.5
GRID_CBE_09758,15034.38
GRID_CBE_09759,14041.09
GRID_CBE_09760,13048.83
GRID_CBE_09761,12057.85
GRID_CBE_09762,11068.49
GRID_CBE_09763,10081.23
GRID_CBE_09764,9096.75
GRID_CBE_09765,8116.07
GRID_CBE_09766,7140.75
GRID_CBE_09767,6173.33
GRID_CBE_09768,5218.21
GRID_CBE_09769,4283.63
GRID_CBE_09770,3386.62
GRID_CBE_09771,2566.88
GRID_CBE_09772,1925.78
GRID_CBE_09773,1681.77
GRID_CBE_09774,1738.5
GRID_CBE_09775,1795.62
GRID_CBE_09776,1852.74
GRID_CBE_09777,1909.86
GRID_CBE_09778,1966.98
GRID_CBE_09779,2024.1
GRID_CBE_09780,2081.21
GRID_CBE_09781,2138.33
GRID_CBE_09782,2195.45
GRID_CBE_09783,2252.57
GRID_CBE_09784,2309.69
GRID_CBE_09785,2366.81
GRID_CBE_09786,2423.93
GRID_CBE_09787,2481.05
GRID_CBE_09788,2538.17
GRID_CBE_09789,2595.29
GRID_CBE_09790,2652.41
GRID_CBE_09791,2709.53
GRID_CBE_09792,2766.65
GRID_CBE_09793,2823.77
GRID_CBE_09794,2880.89
GRID_CBE_09795,2937.27
GRID_CBE_09796,2985.07
GRID_CBE_09797,3032.87
GRID_CBE_09798,3080.67
GRID_CBE_09799,3128.48
GRID_CBE_09800,3176.28
GRID_CBE_09801,3224.08
GRID_CBE_09802,3271.88
GRID_CBE_09803,3319.68
GRID_CBE_09804,3367.48
GRID_CBE_09805,3415.28
GRID_CBE_09806,3463.08
GRID_CBE_09807,3510.89
GRID_CBE_09808,3558.69
GRID_CBE_09809,3606.49
GRID_CBE_09810,3654.29
GRID_CBE_09811,3702.09
GRID_CBE_09812,3749.89
GRID_CBE_09813,3797.69
GRID_CBE_09814,3845.49
GRID_CBE_09815,3893.29
GRID_CBE_09816,3941.1
GRID_CBE_09817,3988.9
GRID_CBE_09818,4036.7
GRID_CBE_09819,4084.5
GRID_CBE_09820,4132.3
GRID_CBE_09821,4180.1
GRID_CBE_09822,4227.9
GRID_CBE_09823,4339.66
GRID_CBE_09824,4660.93
GRID_CBE_09825,5159.06
GRID_CBE_09826,5788.57
GRID_CBE_09827,6511.47
GRID_CBE_09828,7300.06
GRID_CBE_09829,21950.69
GRID_CBE_09830,20951.2
GRID_CBE_09831,19951.75
GRID_CBE_09832,18952.37
GRID_CBE_09833,17953.05
GRID_CBE_09834,16953.81
GRID_CBE_09835,15954.67
GRID_CBE_09836,14955.64
GRID_CBE_09837,13956.75
GRID_CBE_09838,12958.03
GRID_CBE_09839,11959.53
GRID_CBE_09840,10961.29
GRID_CBE_09841,9963.42
GRID_CBE_09842,8966.01
GRID_CBE_09843,7969.26
GRID_CBE_09844,6973.44
GRID_CBE_09845,5979.01
GRID_CBE_09846,4986.81
GRID_CBE_09847,3998.5
GRID_CBE_09848,3017.91
GRID_CBE_09849,2056.09
GRID_CBE_09850,1160.7
GRID_CBE_09851,683.01
GRID_CBE_09852,740.13
GRID_CBE_09853,797.25
GRID_CBE_09854,854.37
GRID_CBE_09855,911.49
GRID_CBE_09856,968.61
GRID_CBE_09857,1025.73
GRID_CBE_09858,1082.85
GRID_CBE_09859,1139.97
GRID_CBE_09860,1197.09
GRID_CBE_09861,1254.21
GRID_CBE_09862,1311.33
GRID_CBE_09863,1368.45
GRID_CBE_09864,1425.56
GRID_CBE_09865,1482.68
GRID_CBE_09866,1539.8
GRID_CBE_09867,1596.92
GRID_CBE_09868,1654.04
GRID_CBE_09869,1711.16
GRID_CBE_09870,1768.28
GRID_CBE_09871,1825.4
GRID_CBE_09872,1882.52
GRID_CBE_09873,1938.41
GRID_CBE_09874,1986.22
GRID_CBE_09875,2034.02
GRID_CBE_09876,2081.82
GRID_CBE_09877,2129.62
GRID_CBE_09878,2177.42
GRID_CBE_09879,2225.22
GRID_CBE_09880,2273.02
GRID_CBE_09881,2320.82
GRID_CBE_09882,2368.62
GRID_CBE_09883,2416.43
GRID_CBE_09884,2464.23
GRID_CBE_09885,2512.03
GRID_CBE_09886,2559.83
GRID_CBE_09887,2607.63
GRID_CBE_09888,2655.43
GRID_CBE_09889,2703.23
GRID_CBE_09890,2751.03
GRID_CBE_09891,2798.84
GRID_CBE_09892,2846.64
GRID_CBE_09893,2894.44
GRID_CBE_09894,2942.24
GRID_CBE_09895,2990.04
GRID_CBE_09896,3037.84
GRID_CBE_09897,3085.64
GRID_CBE_09898,3133.44
GRID_CBE_09899,3181.24
GRID_CBE_09900,3229.05
GRID_CBE_09901,3370.75
GRID_CBE_09902,3775.4
GRID_CBE_09903,4375.53
GRID_CBE_09904,5102.64
GRID_CBE_09905,5910.04
GRID_CBE_09906,6769.06
GRID_CBE_09907,21937.74
GRID_CBE_09908,20937.76
GRID_CBE_09909,19937.78
GRID_CBE_09910,18937.8
GRID_CBE_09911,17937.82
GRID_CBE_09912,16937.84
GRID_CBE_09913,15937.86
GRID_CBE_09914,14937.88
GRID_CBE_09915,13937.9
GRID_CBE_09916,12937.92
GRID_CBE_09917,11937.94
GRID_CBE_09918,10937.95
GRID_CBE_09919,9937.97
GRID_CBE_09920,8937.99
GRID_CBE_09921,7938.01
GRID_CBE_09922,6938.03
GRID_CBE_09923,5938.05
GRID_CBE_09924,4938.07
GRID_CBE_09925,3938.09
GRID_CBE_09926,2938.11
GRID_CBE_09927,1938.13
GRID_CBE_09928,938.15
GRID_CBE_09929,0.0
GRID_CBE_09930,0.0
GRID_CBE_09931,0.0
GRID_CBE_09932,0.0
GRID_CBE_09933,0.0
GRID_CBE_09934,0.0
GRID_CBE_09935,27.36
GRID_CBE_09936,84.48
GRID_CBE_09937,141.6
GRID_CBE_09938,198.72
GRID_CBE_09939,255.84
GRID_CBE_09940,312.96
GRID_CBE_09941,370.08
GRID_CBE_09942,427.2
GRID_CBE_09943,484.32
GRID_CBE_09944,541.44
GRID_CBE_09945,598.56
GRID_CBE_09946,655.68
GRID_CBE_09947,712.8
GRID_CBE_09948,769.91
GRID_CBE_09949,827.03
GRID_CBE_09950,884.15
GRID_CBE_09951,939.56
GRID_CBE_09952,987.36
GRID_CBE_09953,1035.16
GRID_CBE_09954,1082.96
GRID_CBE_09955,1130.76
GRID_CBE_09956,1178.56
GRID_CBE_09957,1226.36
GRID_CBE_09958,1274.17
GRID_CBE_09959,1321.97
GRID_CBE_09960,1369.77
GRID_CBE_09961,1417.57
GRID_CBE_09962,1465.37
GRID_CBE_09963,1513.17
GRID_CBE_09964,1560.97
GRID_CBE_09965,1608.77
GRID_CBE_09966,1656.57
GRID_CBE_09967,1704.38
GRID_CBE_09968,1752.18
GRID_CBE_09969,1799.98
GRID_CBE_09970,1847.78
GRID_CBE_09971,1895.58
GRID_CBE_09972,1943.38
GRID_CBE_09973,1991.18
GRID_CBE_09974,2038.98
GRID_CBE_09975,2086.79
GRID_CBE_09976,2134.59
GRID_CBE_09977,2182.39
GRID_CBE_09978,2230.19
GRID_CBE_09979,2427.2
GRID_CBE_09980,2963.61
GRID_CBE_09981,3697.92
GRID_CBE_09982,4535.0
GRID_CBE_09983,5427.52
GRID_CBE_09984,6352.13
GRID_CBE_09985,21934.33
GRID_CBE_09986,20934.38
GRID_CBE_09987,19934.44
GRID_CBE_09988,18934.5
GRID_CBE_09989,17934.56
GRID_CBE_09990,16934.64
GRID_CBE_09991,15934.72
GRID_CBE_09992,14934.82
GRID_CBE_09993,13934.93
GRID_CBE_09994,12935.05
GRID_CBE_09995,11935.2
GRID_CBE_09996,10935.37
GRID_CBE_09997,9935.58
GRID_CBE_09998,8935.84
GRID_CBE_09999,7936.16
GRID_CBE_10000,6936.57
GRID_CBE_10001,5937.12
GRID_CBE_10002,4937.9
GRID_CBE_10003,3939.07
GRID_CBE_10004,2941.03
GRID_CBE_10005,1945.0
GRID_CBE_10006,957.31
GRID_CBE_10007,208.9
GRID_CBE_10008,151.77
GRID_CBE_10009,94.65
GRID_CBE_10010,37.52
GRID_CBE_10011,0.0
GRID_CBE_10012,0.0
GRID_CBE_10013,0.0
GRID_CBE_10014,0.0
GRID_CBE_10015,0.0
GRID_CBE_10016,0.0
GRID_CBE_10017,0.0
GRID_CBE_10018,0.0
GRID_CBE_10019,0.0
GRID_CBE_10020,0.0
GRID_CBE_10021,0.0
GRID_CBE_10022,0.0
GRID_CBE_10023,0.0
GRID_CBE_10024,0.0
GRID_CBE_10025,0.0
GRID_CBE_10026,0.0
GRID_CBE_10027,0.0
GRID_CBE_10028,0.0
GRID_CBE_10029,0.0
GRID_CBE_10030,0.0
GRID_CBE_10031,36.3
GRID_CBE_10032,84.1
GRID_CBE_10033,131.91
GRID_CBE_10034,179.71
GRID_CBE_10035,227.51
GRID_CBE_10036,275.31
GRID_CBE_10037,323.11
GRID_CBE_10038,370.91
GRID_CBE_10039,418.71
GRID_CBE_10040,466.51
GRID_CBE_10041,514.31
GRID_CBE_10042,562.12
GRID_CBE_10043,609.92
GRID_CBE_10044,657.72
GRID_CBE_10045,705.52
GRID_CBE_10046,753.32
GRID_CBE_10047,801.12
GRID_CBE_10048,848.92
GRID_CBE_10049,896.72
GRID_CBE_10050,944.52
GRID_CBE_10051,992.33
GRID_CBE_10052,1040.13
GRID_CBE_10053,1087.93
GRID_CBE_10054,1135.73
GRID_CBE_10055,1183.53
GRID_CBE_10056,1231.33
GRID_CBE_10057,1555.84
GRID_CBE_10058,2304.84
GRID_CBE_10059,3194.36
GRID_CBE_10060,4134.68
GRID_CBE_10061,5097.77
GRID_CBE_10062,6072.8
GRID_CBE_10063,21966.82
GRID_CBE_10064,20968.42
GRID_CBE_10065,19970.18
GRID_CBE_10066,18972.12
GRID_CBE_10067,17974.28
GRID_CBE_10068,16976.69
GRID_CBE_10069,15979.41
GRID_CBE_10070,14982.49
GRID_CBE_10071,13986.0
GRID_CBE_10072,12990.06
GRID_CBE_10073,11994.8
GRID_CBE_10074,11000.39
GRID_CBE_10075,10007.09
GRID_CBE_10076,9015.28
GRID_CBE_10077,8025.51
GRID_CBE_10078,7038.62
GRID_CBE_10079,6056.03
GRID_CBE_10080,5080.25
GRID_CBE_10081,4116.11
GRID_CBE_10082,3174.23
GRID_CBE_10083,2282.36
GRID_CBE_10084,1530.54
GRID_CBE_10085,1207.27
GRID_CBE_10086,1150.14
GRID_CBE_10087,1093.01
GRID_CBE_10088,1035.89
GRID_CBE_10089,978.76
GRID_CBE_10090,921.63
GRID_CBE_10091,864.51
GRID_CBE_10092,807.38
GRID_CBE_10093,750.25
GRID_CBE_10094,693.13
GRID_CBE_10095,636.0
GRID_CBE_10096,578.87
GRID_CBE_10097,521.74
GRID_CBE_10098,464.62
GRID_CBE_10099,407.49
GRID_CBE_10100,350.36
GRID_CBE_10101,293.24
GRID_CBE_10102,236.11
GRID_CBE_10103,178.98
GRID_CBE_10104,121.86
GRID_CBE_10105,64.73
GRID_CBE_10106,7.6
GRID_CBE_10107,0.0
GRID_CBE_10108,0.0
GRID_CBE_10109,0.0
GRID_CBE_10110,0.0
GRID_CBE_10111,0.0
GRID_CBE_10112,0.0
GRID_CBE_10113,0.0
GRID_CBE_10114,0.0
GRID_CBE_10115,0.0
GRID_CBE_10116,0.0
GRID_CBE_10117,0.0
GRID_CBE_10118,0.0
GRID_CBE_10119,0.0
GRID_CBE_10120,0.0
GRID_CBE_10121,0.0
GRID_CBE_10122,0.0
GRID_CBE_10123,0.0
GRID_CBE_10124,0.0
GRID_CBE_10125,0.0
GRID_CBE_10126,0.0
GRID_CBE_10127,0.0
GRID_CBE_10128,0.0
GRID_CBE_10129,0.0
GRID_CBE_10130,41.27
GRID_CBE_10131,89.07
GRID_CBE_10132,136.87
GRID_CBE_10133,184.67
GRID_CBE_10134,232.47
GRID_CBE_10135,974.66
GRID_CBE_10136,1960.01
GRID_CBE_10137,2955.21
GRID_CBE_10138,3952.84
GRID_CBE_10139,4951.42
GRID_CBE_10140,5950.48
GRID_CBE_10141,22044.66
GRID_CBE_10142,21049.96
GRID_CBE_10143,20055.77
GRID_CBE_10144,19062.2
GRID_CBE_10145,18069.33
GRID_CBE_10146,17077.3
GRID_CBE_10147,16086.26
GRID_CBE_10148,15096.39
GRID_CBE_10149,14107.96
GRID_CBE_10150,13121.27
GRID_CBE_10151,12136.77
GRID_CBE_10152,11155.03
GRID_CBE_10153,10176.84
GRID_CBE_10154,9203.34
GRID_CBE_10155,8236.19
GRID_CBE_10156,7277.93
GRID_CBE_10157,6332.59
GRID_CBE_10158,5406.95
GRID_CBE_10159,4513.14
GRID_CBE_10160,3674.49
GRID_CBE_10161,2938.58
GRID_CBE_10162,2401.81
GRID_CBE_10163,2205.64
GRID_CBE_10164,2148.51
GRID_CBE_10165,2091.38
GRID_CBE_10166,2034.25
GRID_CBE_10167,1977.13
GRID_CBE_10168,1920.0
GRID_CBE_10169,1862.87
GRID_CBE_10170,1805.75
GRID_CBE_10171,1748.62
GRID_CBE_10172,1691.49
GRID_CBE_10173,1634.37
GRID_CBE_10174,1577.24
GRID_CBE_10175,1520.11
GRID_CBE_10176,1462.98
GRID_CBE_10177,1405.86
GRID_CBE_10178,1348.73
GRID_CBE_10179,1291.6
GRID_CBE_10180,1234.48
GRID_CBE_10181,1177.35
GRID_CBE_10182,1120.22
GRID_CBE_10183,1063.1
GRID_CBE_10184,1005.97
GRID_CBE_10185,951.56
GRID_CBE_10186,903.75
GRID_CBE_10187,855.94
GRID_CBE_10188,808.13
GRID_CBE_10189,760.32
GRID_CBE_10190,712.51
GRID_CBE_10191,664.7
GRID_CBE_10192,616.89
GRID_CBE_10193,569.08
GRID_CBE_10194,521.27
GRID_CBE_10195,473.47
GRID_CBE_10196,425.66
GRID_CBE_10197,377.85
GRID_CBE_10198,330.04
GRID_CBE_10199,282.23
GRID_CBE_10200,234.42
GRID_CBE_10201,186.61
GRID_CBE_10202,138.8
GRID_CBE_10203,90.99
GRID_CBE_10204,43.19
GRID_CBE_10205,0.0
GRID_CBE_10206,0.0
GRID_CBE_10207,0.0
GRID_CBE_10208,0.0
GRID_CBE_10209,0.0
GRID_CBE_10210,0.0
GRID_CBE_10211,0.0
GRID_CBE_10212,0.0
GRID_CBE_10213,951.72
GRID_CBE_10214,1951.69
GRID_CBE_10215,2951.66
GRID_CBE_10216,3951.63
GRID_CBE_10217,4951.6
GRID_CBE_10218,5951.57
GRID_CBE_10219,22167.39
GRID_CBE_10220,21178.45
GRID_CBE_10221,20190.6
GRID_CBE_10222,19204.0
GRID_CBE_10223,18218.86
GRID_CBE_10224,17235.44
GRID_CBE_10225,16254.04
GRID_CBE_10226,15275.05
GRID_CBE_10227,14298.97
GRID_CBE_10228,13326.44
GRID_CBE_10229,12358.29
GRID_CBE_10230,11395.65
GRID_CBE_10231,10440.03
GRID_CBE_10232,9493.55
GRID_CBE_10233,8559.26
GRID_CBE_10234,7641.62
GRID_CBE_10235,6747.43
GRID_CBE_10236,5887.38
GRID_CBE_10237,5078.84
GRID_CBE_10238,4350.63
GRID_CBE_10239,3749.85
GRID_CBE_10240,3345.86
GRID_CBE_10241,3204.0
GRID_CBE_10242,3146.88
GRID_CBE_10243,3089.75
GRID_CBE_10244,3032.62
GRID_CBE_10245,2975.49
GRID_CBE_10246,2918.37
GRID_CBE_10247,2861.24
GRID_CBE_10248,2804.11
GRID_CBE_10249,2746.99
GRID_CBE_10250,2689.86
GRID_CBE_10251,2632.73
GRID_CBE_10252,2575.61
GRID_CBE_10253,2518.48
GRID_CBE_10254,2461.35
GRID_CBE_10255,2404.22
GRID_CBE_10256,2347.1
GRID_CBE_10257,2289.97
GRID_CBE_10258,2232.84
GRID_CBE_10259,2175.72
GRID_CBE_10260,2118.59
GRID_CBE_10261,2061.46
GRID_CBE_10262,2004.34
GRID_CBE_10263,1950.41
GRID_CBE_10264,1902.6
GRID_CBE_10265,1854.79
GRID_CBE_10266,1806.98
GRID_CBE_10267,1759.18
GRID_CBE_10268,1711.37
GRID_CBE_10269,1663.56
GRID_CBE_10270,1615.75
GRID_CBE_10271,1567.94
GRID_CBE_10272,1520.13
GRID_CBE_10273,1472.32
GRID_CBE_10274,1424.51
GRID_CBE_10275,1376.7
GRID_CBE_10276,1328.9
GRID_CBE_10277,1281.09
GRID_CBE_10278,1233.28
GRID_CBE_10279,1185.47
GRID_CBE_10280,1137.66
GRID_CBE_10281,1089.85
GRID_CBE_10282,1042.04
GRID_CBE_10283,994.23
GRID_CBE_10284,946.42
GRID_CBE_10285,898.62
GRID_CBE_10286,850.81
GRID_CBE_10287,803.0
GRID_CBE_10288,755.19
GRID_CBE_10289,707.38
GRID_CBE_10290,659.57
GRID_CBE_10291,1159.32
GRID_CBE_10292,2062.23
GRID_CBE_10293,3026.81
GRID_CBE_10294,4008.79
GRID_CBE_10295,4997.92
GRID_CBE_10296,5990.66
GRID_CBE_10297,22334.27
GRID_CBE_10298,21353.05
GRID_CBE_10299,20373.67
GRID_CBE_10300,19396.38
GRID_CBE_10301,18421.54
GRID_CBE_10302,17449.54
GRID_CBE_10303,16480.89
GRID_CBE_10304,15516.23
GRID_CBE_10305,14556.33
GRID_CBE_10306,13602.21
GRID_CBE_10307,12655.18
GRID_CBE_10308,11716.95
GRID_CBE_10309,10789.82
GRID_CBE_10310,9876.93
GRID_CBE_10311,8982.6
GRID_CBE_10312,8112.98
GRID_CBE_10313,7276.94
GRID_CBE_10314,6487.47
GRID_CBE_10315,5763.74
GRID_CBE_10316,5133.63
GRID_CBE_10317,4635.46
GRID_CBE_10318,4315.2
GRID_CBE_10319,4202.37
GRID_CBE_10320,4145.24
GRID_CBE_10321,4088.12
GRID_CBE_10322,4030.99
GRID_CBE_10323,3973.86
GRID_CBE_10324,3916.73
GRID_CBE_10325,3859.61
GRID_CBE_10326,3802.48
GRID_CBE_10327,3745.35
GRID_CBE_10328,3688.23
GRID_CBE_10329,3631.1
GRID_CBE_10330,3573.97
GRID_CBE_10331,3516.85
GRID_CBE_10332,3459.72
GRID_CBE_10333,3402.59
GRID_CBE_10334,3345.46
GRID_CBE_10335,3288.34
GRID_CBE_10336,3231.21
GRID_CBE_10337,3174.08
GRID_CBE_10338,3116.96
GRID_CBE_10339,3059.83
GRID_CBE_10340,3002.7
GRID_CBE_10341,2949.27
GRID_CBE_10342,2901.46
GRID_CBE_10343,2853.65
GRID_CBE_10344,2805.84
GRID_CBE_10345,2758.03
GRID_CBE_10346,2710.22
GRID_CBE_10347,2662.41
GRID_CBE_10348,2614.61
GRID_CBE_10349,2566.8
GRID_CBE_10350,2518.99
GRID_CBE_10351,2471.18
GRID_CBE_10352,2423.37
GRID_CBE_10353,2375.56
GRID_CBE_10354,2327.75
GRID_CBE_10355,2279.94
GRID_CBE_10356,2232.13
GRID_CBE_10357,2184.33
GRID_CBE_10358,2136.52
GRID_CBE_10359,2088.71
GRID_CBE_10360,2040.9
GRID_CBE_10361,1993.09
GRID_CBE_10362,1945.28
GRID_CBE_10363,1897.47
GRID_CBE_10364,1849.66
GRID_CBE_10365,1801.85
GRID_CBE_10366,1754.04
GRID_CBE_10367,1706.24
GRID_CBE_10368,1658.77
GRID_CBE_10369,1913.19
GRID_CBE_10370,2563.02
GRID_CBE_10371,3387.9
GRID_CBE_10372,4287.97
GRID_CBE_10373,5224.51
GRID_CBE_10374,6180.96
GRID_CBE_10375,22544.3
GRID_CBE_10376,21572.64
GRID_CBE_10377,20603.7
GRID_CBE_10378,19637.87
GRID_CBE_10379,18675.63
GRID_CBE_10380,17717.58
GRID_CBE_10381,16764.43
GRID_CBE_10382,15817.06
GRID_CBE_10383,14876.59
GRID_CBE_10384,13944.4
GRID_CBE_10385,13022.27
GRID_CBE_10386,12112.52
GRID_CBE_10387,11218.13
GRID_CBE_10388,10343.11
GRID_CBE_10389,9492.8
GRID_CBE_10390,8674.48
GRID_CBE_10391,7898.1
GRID_CBE_10392,7177.29
GRID_CBE_10393,6530.45
GRID_CBE_10394,5981.66
GRID_CBE_10395,5560.0
GRID_CBE_10396,5295.95
GRID_CBE_10397,5200.74
GRID_CBE_10398,5143.61
GRID_CBE_10399,5086.48
GRID_CBE_10400,5029.36
GRID_CBE_10401,4972.23
GRID_CBE_10402,4915.1
GRID_CBE_10403,4857.97
GRID_CBE_10404,4800.85
GRID_CBE_10405,4743.72
GRID_CBE_10406,4686.59
GRID_CBE_10407,4629.47
GRID_CBE_10408,4572.34
GRID_CBE_10409,4515.21
GRID_CBE_10410,4458.09
GRID_CBE_10411,4400.96
GRID_CBE_10412,4343.83
GRID_CBE_10413,4286.7
GRID_CBE_10414,4229.58
GRID_CBE_10415,4172.45
GRID_CBE_10416,4115.32
GRID_CBE_10417,4058.2
GRID_CBE_10418,4001.07
GRID_CBE_10419,3948.12
GRID_CBE_10420,3900.32
GRID_CBE_10421,3852.51
GRID_CBE_10422,3804.7
GRID_CBE_10423,3756.89
GRID_CBE_10424,3709.08
GRID_CBE_10425,3661.27
GRID_CBE_10426,3613.46
GRID_CBE_10427,3565.65
GRID_CBE_10428,3517.84
GRID_CBE_10429,3470.04
GRID_CBE_10430,3422.23
GRID_CBE_10431,3374.42
GRID_CBE_10432,3326.61
GRID_CBE_10433,3278.8
GRID_CBE_10434,3230.99
GRID_CBE_10435,3183.18
GRID_CBE_10436,3135.37
GRID_CBE_10437,3087.56
GRID_CBE_10438,3039.76
GRID_CBE_10439,2991.95
GRID_CBE_10440,2944.14
GRID_CBE_10441,2896.33
GRID_CBE_10442,2848.52
GRID_CBE_10443,2800.71
GRID_CBE_10444,2752.9
GRID_CBE_10445,2705.09
GRID_CBE_10446,2658.53
GRID_CBE_10447,2824.29
GRID_CBE_10448,3299.3
GRID_CBE_10449,3974.19
GRID_CBE_10450,4764.76
GRID_CBE_10451,5622.43
GRID_CBE_10452,6520.78
GRID_CBE_10453,22796.31
GRID_CBE_10454,21835.87
GRID_CBE_10455,20879.14
GRID_CBE_10456,19926.66
GRID_CBE_10457,18979.08
GRID_CBE_10458,18037.15
GRID_CBE_10459,17101.82
GRID_CBE_10460,16174.22
GRID_CBE_10461,15255.78
GRID_CBE_10462,14348.25
GRID_CBE_10463,13453.84
GRID_CBE_10464,12575.34
GRID_CBE_10465,11716.34
GRID_CBE_10466,10881.45
GRID_CBE_10467,10076.67
GRID_CBE_10468,9309.82
GRID_CBE_10469,8591.05
GRID_CBE_10470,7933.45
GRID_CBE_10471,7353.43
GRID_CBE_10472,6870.69
GRID_CBE_10473,6506.9
GRID_CBE_10474,6282.77
GRID_CBE_10475,6199.1
GRID_CBE_10476,6141.98
GRID_CBE_10477,6084.85
GRID_CBE_10478,6027.72
GRID_CBE_10479,5970.6
GRID_CBE_10480,5913.47
GRID_CBE_10481,5856.34
GRID_CBE_10482,5799.21
GRID_CBE_10483,5742.09
GRID_CBE_10484,5684.96
GRID_CBE_10485,5627.83
GRID_CBE_10486,5570.71
GRID_CBE_10487,5513.58
GRID_CBE_10488,5456.45
GRID_CBE_10489,5399.33
GRID_CBE_10490,5342.2
GRID_CBE_10491,5285.07
GRID_CBE_10492,5227.94
GRID_CBE_10493,5170.82
GRID_CBE_10494,5113.69
GRID_CBE_10495,5056.56
GRID_CBE_10496,4999.44
GRID_CBE_10497,4946.98
GRID_CBE_10498,4899.17
GRID_CBE_10499,4851.36
GRID_CBE_10500,4803.55
GRID_CBE_10501,4755.75
GRID_CBE_10502,4707.94
GRID_CBE_10503,4660.13
GRID_CBE_10504,4612.32
GRID_CBE_10505,4564.51
GRID_CBE_10506,4516.7
GRID_CBE_10507,4468.89
GRID_CBE_10508,4421.08
GRID_CBE_10509,4373.27
GRID_CBE_10510,4325.47
GRID_CBE_10511,4277.66
GRID_CBE_10512,4229.85
GRID_CBE_10513,4182.04
GRID_CBE_10514,4134.23
GRID_CBE_10515,4086.42
GRID_CBE_10516,4038.61
GRID_CBE_10517,3990.8
GRID_CBE_10518,3942.99
GRID_CBE_10519,3895.18
GRID_CBE_10520,3847.38
GRID_CBE_10521,3799.57
GRID_CBE_10522,3751.76
GRID_CBE_10523,3703.95
GRID_CBE_10524,3658.43
GRID_CBE_10525,3780.59
GRID_CBE_10526,4147.49
GRID_CBE_10527,4702.18
GRID_CBE_10528,5386.95
GRID_CBE_10529,6158.57
GRID_CBE_10530,6988.33
