grid_id,dominant_landcover_class,landcover_fraction_tree,landcover_fraction_shrub,landcover_fraction_grass,landcover_fraction_cropland,landcover_fraction_builtup,landcover_fraction_water,nodata_fraction
GRID_CBE_00001,Tree cover,1.0,0.0,0.0,0.0,0.0,0.0,0.0
GRID_CBE_00002,Tree cover,1.0,0.0,0.0,0.0,0.0,0.0,0.0
GRID_CBE_00003,Tree cover,1.0,0.0,0.0,0.0,0.0,0.0,0.0
GRID_CBE_00004,Tree cover,1.0,0.0,0.0,0.0,0.0,0.0,0.0
GRID_CBE_00005,Tree cover,1.0,0.0,0.0,0.0,0.0,0.0,0.0
GRID_CBE_00006,Tree cover,1.0,0.0,0.0,0.0,0.0,0.0,0.0
GRID_CBE_00007,Tree cover,1.0,0.0,0.0,0.0,0.0,0.0,0.0
GRID_CBE_00008,Tree cover,1.0,0.0,0.0,0.0,0.0,0.0,0.0
GRID_CBE_00009,Tree cover,1.0,0.0,0.0,0.0,0.0,0.0,0.0
GRID_CBE_00010,Tree cover,1.0,0.0,0.0,0.0,0.0,0.0,0.0
GRID_CBE_00011,Tree cover,1.0,0.0,0.0,0.0,0.0,0.0,0.0
GRID_CBE_00012,Tree cover,1.0,0.0,0.0,0.0,0.0,0.0,0.0
GRID_CBE_00013,Tree cover,1.0,0.0,0.0,0.0,0.0,0.0,0.0
GRID_CBE_00014,Tree cover,1.0,0.0,0.0,0.0,0.0,0.0,0.0
GRID_CBE_00015,Tree cover,1.0,0.0,0.0,0.0,0.0,0.0,0.0
GRID_CBE_00016,Tree cover,1.0,0.0,0.0,0.0,0.0,0.0,0.0
GRID_CBE_00017,Tree cover,1.0,0.0,0.0,0.0,0.0,0.0,0.0
GRID_CBE_00018,Tree cover,1.0,0.0,0.0,0.0,0.0,0.0,0.0
GRID_CBE_00019,Tree cover,1.0,0.0,0.0,0.0,0.0,0.0,0.0
GRID_CBE_00020,Tree cover,1.0,0.0,0.0,0.0,0.0,0.0,0.0
GRID_CBE_00021,Tree cover,1.0,0.0,0.0,0.0,0.0,0.0,0.0
GRID_CBE_00022,Tree cover,1.0,0.0,0.0,0.0,0.0,0.0,0.0
GRID_CBE_00023,Tree cover,0.7273,0.0,0.0,0.2727,0.0,0.0,0.0
GRID_CBE_00024,Cropland,0.4545,0.0,0.0,0.5455,0.0,0.0,0.0
GRID_CBE_00025,Cropland,0.0909,0.0,0.0,0.9091,0.0,0.0,0.0
GRID_CBE_00026,Cropland,0.0,0.0,0.0,1.0,0.0,0.0,0.0
GRID_CBE_00027,Cropland,0.0,0.0,0.0,1.0,0.0,0.0,0.0
GRID_CBE_00028,Cropland,0.0,0.0,0.0,1.0,0.0,0.0,0.0
GRID_CBE_00029,Cropland,0.0,0.0,0.0,1.0,0.0,0.0,0.0
GRID_CBE_00030,Cropland,0.0,0.0,0.0,1.0,0.0,0.0,0.0
GRID_CBE_00031,Cropland,0.0,0.0,0.0,1.0,0.0,0.0,0.0
GRID_CBE_00032,Cropland,0.0,0.0,0.0,1.0,0.0,0.0,0.0
GRID_CBE_00033,Cropland,0.0,0.0,0.0,1.0,0.0,0.0,0.0
GRID_CBE_00034,Cropland,0.0,0.0,0.0,1.0,0.0,0.0,0.0
GRID_CBE_00035,Cropland,0.0,0.0,0.0,1.0,0.0,0.0,0.0
GRID_CBE_00036,Cropland,0.0,0.0,0.0,1.0,0.0,0.0,0.0
GRID_CBE_00037,Cropland,0.0,0.0,0.0,1.0,0.0,0.0,0.0
GRID_CBE_00038,Cropland,0.0,0.0,0.0,1.0,0.0,0.0,0.0
GRID_CBE_00039,Cropland,0.0,0.0,0.0,1.0,0.0,0.0,0.0
GRID_CBE_00040,Cropland,0.0,0.0,0.0,1.0,0.0,0.0,0.0
GRID_CBE_00041,Cropland,0.0,0.0,0.0,1.0,0.0,0.0,0.0
GRID_CBE_00042,Cropland,0.0,0.0,0.0,1.0,0.0,0.0,0.0
GRID_CBE_00043,Cropland,0.0,0.0,0.0,1.0,0.0,0.0,0.0
GRID_CBE_00044,Cropland,0.0,0.0,0.0,1.0,0.0,0.0,0.0
GRID_CBE_00045,Cropland,0.0,0.0,0.0,1.0,0.0,0.0,0.0
GRID_CBE_00046,Cropland,0.0,0.0,0.0,1.0,0.0,0.0,0.0
GRID_CBE_00047,Cropland,0.0,0.0,0.0,1.0,0.0,0.0,0.0
GRID_CBE_00048,Cropland,0.0,0.0,0.0,1.0,0.0,0.0,0.0
GRID_CBE_00049,Cropland,0.0,0.0,0.0,1.0,0.0,0.0,0.0
GRID_CBE_00050,Cropland,0.0,0.0,0.0,1.0,0.0,0.0,0.0
GRID_CBE_00051,Cropland,0.0,0.0,0.0,1.0,0.0,0.0,0.0
GRID_CBE_00052,Cropland,0.0,0.0,0.0,1.0,0.0,0.0,0.0
GRID_CBE_00053,Cropland,0.0,0.0,0.0,1.0,0.0,0.0,0.0
GRID_CBE_00054,Cropland,0.0,0.0,0.0,1.0,0.0,0.0,0.0
GRID_CBE_00055,Cropland,0.0,0.0,0.0,1.0,0.0,0.0,0.0
GRID_CBE_00056,Cropland,0.0,0.0,0.0,1.0,0.0,0.0,0.0
GRID_CBE_00057,Cropland,0.0,0.0,0.0,1.0,0.0,0.0,0.0
GRID_CBE_00058,Cropland,0.0,0.0,0.0,1.0,0.0,0.0,0.0
GRID_CBE_00059,Cropland,0.0,0.0,0.0,1.0,0.0,0.0,0.0
GRID_CBE_00060,Cropland,0.0,0.0,0.0,1.0,0.0,0.0,0.0
GRID_CBE_00061,Cropland,0.0,0.0,0.0,1.0,0.0,0.0,0.0
GRID_CBE_00062,Cropland,0.0,0.0,0.0,1.0,0.0,0.0,0.0
GRID_CBE_00063,Cropland,0.0,0.0,0.0,1.0,0.0,0.0,0.0
GRID_CBE_00064,Cropland,0.0,0.0,0.0,1.0,0.0,0.0,0.0
GRID_CBE_00065,Cropland,0.0,0.0,0.0,1.0,0.0,0.0,0.0
GRID_CBE_00066,Cropland,0.0,0.0,0.0,1.0,0.0,0.0,0.0
GRID_CBE_00067,Cropland,0.0,0.0,0.0,1.0,0.0,0.0,0.0
GRID_CBE_00068,Cropland,0.0,0.0,0.0,1.0,0.0,0.0,0.0
GRID_CBE_00069,Cropland,0.0,0.0,0.0,1.0,0.0,0.0,0.0
GRID_CBE_00070,Cropland,0.0,0.0,0.0,1.0,0.0,0.0,0.0
GRID_CBE_00071,Cropland,0.0,0.0,0.0,1.0,0.0,0.0,0.0
GRID_CBE_00072,Cropland,0.0,0.0,0.0,1.0,0.0,0.0,0.0
GRID_CBE_00073,Cropland,0.0,0.0,0.0,1.0,0.0,0.0,0.0
GRID_CBE_00074,Cropland,0.0,0.0,0.0,1.0,0.0,0.0,0.0
GRID_CBE_00075,Cropland,0.0,0.0,0.0,1.0,0.0,0.0,0.0
GRID_CBE_00076,Cropland,0.0,0.0,0.0,1.0,0.0,0.0,0.0
GRID_CBE_00077,Cropland,0.0,0.0,0.0,1.0,0.0,0.0,0.0
GRID_CBE_00078,Cropland,0.0,0.0,0.0,1.0,0.0,0.0,0.0
GRID_CBE_00079,Tree cover,1.0,0.0,0.0,0.0,0.0,0.0,0.0
GRID_CBE_00080,Tree cover,1.0,0.0,0.0,0.0,0.0,0.0,0.0
GRID_CBE_00081,Tree cover,1.0,0.0,0.0,0.0,0.0,0.0,0.0
GRID_CBE_00082,Tree cover,1.0,0.0,0.0,0.0,0.0,0.0,0.0
GRID_CBE_00083,Tree cover,1.0,0.0,0.0,0.0,0.0,0.0,0.0
GRID_CBE_00084,Tree cover,1.0,0.0,0.0,0.0,0.0,0.0,0.0
GRID_CBE_00085,Tree cover,1.0,0.0,0.0,0.0,0.0,0.0,0.0
GRID_CBE_00086,Tree cover,1.0,0.0,0.0,0.0,0.0,0.0,0.0
GRID_CBE_00087,Tree cover,1.0,0.0,0.0,0.0,0.0,0.0,0.0
GRID_CBE_00088,Tree cover,1.0,0.0,0.0,0.0,0.0,0.0,0.0
GRID_CBE_00089,Tree cover,1.0,0.0,0.0,0.0,0.0,0.0,0.0
GRID_CBE_00090,Tree cover,1.0,0.0,0.0,0.0,0.0,0.0,0.0
GRID_CBE_00091,Tree cover,1.0,0.0,0.0,0.0,0.0,0.0,0.0
GRID_CBE_00092,Tree cover,1.0,0.0,0.0,0.0,0.0,0.0,0.0
GRID_CBE_00093,Tree cover,1.0,0.0,0.0,0.0,0.0,0.0,0.0
GRID_CBE_00094,Tree cover,1.0,0.0,0.0,0.0,0.0,0.0,0.0
GRID_CBE_00095,Tree cover,1.0,0.0,0.0,0.0,0.0,0.0,0.0
GRID_CBE_00096,Tree cover,1.0,0.0,0.0,0.0,0.0,0.0,0.0
GRID_CBE_00097,Tree cover,1.0,0.0,0.0,0.0,0.0,0.0,0.0
GRID_CBE_00098,Tree cover,1.0,0.0,0.0,0.0,0.0,0.0,0.0
GRID_CBE_00099,Tree cover,1.0,0.0,0.0,0.0,0.0,0.0,0.0
GRID_CBE_00100,Tree cover,1.0,0.0,0.0,0.0,0.0,0.0,0.0
GRID_CBE_00101,Tree cover,0.7273,0.0,0.0,0.2727,0.0,0.0,0.0
GRID_CBE_00102,Cropland,0.4545,0.0,0.0,0.5455,0.0,0.0,0.0
GRID_CBE_00103,Cropland,0.0909,0.0,0.0,0.9091,0.0,0.0,0.0
GRID_CBE_00104,Cropland,0.0,0.0,0.0,1.0,0.0,0.0,0.0
GRID_CBE_00105,Cropland,0.0,0.0,0.0,1.0,0.0,0.0,0.0
GRID_CBE_00106,Cropland,0.0,0.0,0.0,1.0,0.0,0.0,0.0
GRID_CBE_00107,Cropland,0.0,0.0,0.0,1.0,0.0,0.0,0.0
GRID_CBE_00108,Cropland,0.0,0.0,0.0,1.0,0.0,0.0,0.0
GRID_CBE_00109,Cropland,0.0,0.0,0.0,1.0,0.0,0.0,0.0
GRID_CBE_00110,Cropland,0.0,0.0,0.0,1.0,0.0,0.0,0.0
GRID_CBE_00111,Cropland,0.0,0.0,0.0,1.0,0.0,0.0,0.0
GRID_CBE_00112,Cropland,0.0,0.0,0.0,1.0,0.0,0.0,0.0
GRID_CBE_00113,Cropland,0.0,0.0,0.0,1.0,0.0,0.0,0.0
GRID_CBE_00114,Cropland,0.0,0.0,0.0,1.0,0.0,0.0,0.0
GRID_CBE_00115,Cropland,0.0,0.0,0.0,1.0,0.0,0.0,0.0
GRID_CBE_00116,Cropland,0.0,0.0,0.0,1.0,0.0,0.0,0.0
GRID_CBE_00117,Cropland,0.0,0.0,0.0,1.0,0.0,0.0,0.0
GRID_CBE_00118,Cropland,0.0,0.0,0.0,1.0,0.0,0.0,0.0
GRID_CBE_00119,Cropland,0.0,0.0,0.0,1.0,0.0,0.0,0.0
GRID_CBE_00120,Cropland,0.0,0.0,0.0,1.0,0.0,0.0,0.0
GRID_CBE_00121,Cropland,0.0,0.0,0.0,1.0,0.0,0.0,0.0
GRID_CBE_00122,Cropland,0.0,0.0,0.0,1.0,0.0,0.0,0.0
GRID_CBE_00123,Cropland,0.0,0.0,0.0,1.0,0.0,0.0,0.0
GRID_CBE_00124,Cropland,0.0,0.0,0.0,1.0,0.0,0.0,0.0
GRID_CBE_00125,Cropland,0.0,0.0,0.0,1.0,0.0,0.0,0.0
GRID_CBE_00126,Cropland,0.0,0.0,0.0,1.0,0.0,0.0,0.0
GRID_CBE_00127,Cropland,0.0,0.0,0.0,1.0,0.0,0.0,0.0
GRID_CBE_00128,Cropland,0.0,0.0,0.0,1.0,0.0,0.0,0.0
GRID_CBE_00129,Cropland,0.0,0.0,0.0,1.0,0.0,0.0,0.0
GRID_CBE_00130,Cropland,0.0,0.0,0.0,1.0,0.0,0.0,0.0
GRID_CBE_00131,Cropland,0.0,0.0,0.0,1.0,0.0,0.0,0.0
GRID_CBE_00132,Cropland,0.0,0.0,0.0,1.0,0.0,0.0,0.0
GRID_CBE_00133,Cropland,0.0,0.0,0.0,1.0,0.0,0.0,0.0
GRID_CBE_00134,Cropland,0.0,0.0,0.0,1.0,0.0,0.0,0.0
GRID_CBE_00135,Cropland,0.0,0.0,0.0,1.0,0.0,0.0,0.0
GRID_CBE_00136,Cropland,0.0,0.0,0.0,1.0,0.0,0.0,0.0
GRID_CBE_00137,Cropland,0.0,0.0,0.0,1.0,0.0,0.0,0.0
GRID_CBE_00138,Cropland,0.0,0.0,0.0,1.0,0.0,0.0,0.0
GRID_CBE_00139,Cropland,0.0,0.0,0.0,1.0,0.0,0.0,0.0
GRID_CBE_00140,Cropland,0.0,0.0,0.0,1.0,0.0,0.0,0.0
GRID_CBE_00141,Cropland,0.0,0.0,0.0,1.0,0.0,0.0,0.0
GRID_CBE_00142,Cropland,0.0,0.0,0.0,1.0,0.0,0.0,0.0
GRID_CBE_00143,Cropland,0.0,0.0,0.0,1.0,0.0,0.0,0.0
GRID_CBE_00144,Cropland,0.0,0.0,0.0,1.0,0.0,0.0,0.0
GRID_CBE_00145,Cropland,0.0,0.0,0.0,1.0,0.0,0.0,0.0
GRID_CBE_00146,Cropland,0.0,0.0,0.0,1.0,0.0,0.0,0.0
GRID_CBE_00147,Cropland,0.0,0.0,0.0,1.0,0.0,0.0,0.0
GRID_CBE_00148,Cropland,0.0,0.0,0.0,1.0,0.0,0.0,0.0
GRID_CBE_00149,Cropland,0.0,0.0,0.0,1.0,0.0,0.0,0.0
GRID_CBE_00150,Cropland,0.0,0.0,0.0,1.0,0.0,0.0,0.0
GRID_CBE_00151,Cropland,0.0,0.0,0.0,1.0,0.0,0.0,0.0
GRID_CBE_00152,Cropland,0.0,0.0,0.0,1.0,0.0,0.0,0.0
GRID_CBE_00153,Cropland,0.0,0.0,0.0,1.0,0.0,0.0,0.0
GRID_CBE_00154,Cropland,0.0,0.0,0.0,1.0,0.0,0.0,0.0
GRID_CBE_00155,Cropland,0.0,0.0,0.0,1.0,0.0,0.0,0.0
GRID_CBE_00156,Cropland,0.0,0.0,0.0,1.0,0.0,0.0,0.0
GRID_CBE_00157,Tree cover,1.0,0.0,0.0,0.0,0.0,0.0,0.0
GRID_CBE_00158,Tree cover,1.0,0.0,0.0,0.0,0.0,0.0,0.0
GRID_CBE_00159,Tree cover,1.0,0.0,0.0,0.0,0.0,0.0,0.0
GRID_CBE_00160,Tree cover,1.0,0.0,0.0,0.0,0.0,0.0,0.0
GRID_CBE_00161,Tree cover,1.0,0.0,0.0,0.0,0.0,0.0,0.0
GRID_CBE_00162,Tree cover,1.0,0.0,0.0,0.0,0.0,0.0,0.0
GRID_CBE_00163,Tree cover,1.0,0.0,0.0,0.0,0.0,0.0,0.0
GRID_CBE_00164,Tree cover,1.0,0.0,0.0,0.0,0.0,0.0,0.0
GRID_CBE_00165,Tree cover,1.0,0.0,0.0,0.0,0.0,0.0,0.0
GRID_CBE_00166,Tree cover,1.0,0.0,0.0,0.0,0.0,0.0,0.0
GRID_CBE_00167,Tree cover,1.0,0.0,0.0,0.0,0.0,0.0,0.0
GRID_CBE_00168,Tree cover,1.0,0.0,0.0,0.0,0.0,0.0,0.0
GRID_CBE_00169,Tree cover,1.0,0.0,0.0,0.0,0.0,0.0,0.0
GRID_CBE_00170,Tree cover,1.0,0.0,0.0,0.0,0.0,0.0,0.0
GRID_CBE_00171,Tree cover,1.0,0.0,0.0,0.0,0.0,0.0,0.0
GRID_CBE_00172,Tree cover,1.0,0.0,0.0,0.0,0.0,0.0,0.0
GRID_CBE_00173,Tree cover,1.0,0.0,0.0,0.0,0.0,0.0,0.0
GRID_CBE_00174,Tree cover,1.0,0.0,0.0,0.0,0.0,0.0,0.0
GRID_CBE_00175,Tree cover,1.0,0.0,0.0,0.0,0.0,0.0,0.0
GRID_CBE_00176,Tree cover,1.0,0.0,0.0,0.0,0.0,0.0,0.0
GRID_CBE_00177,Tree cover,1.0,0.0,0.0,0.0,0.0,0.0,0.0
GRID_CBE_00178,Tree cover,1.0,0.0,0.0,0.0,0.0,0.0,0.0
GRID_CBE_00179,Tree cover,0.7273,0.0,0.0,0.2727,0.0,0.0,0.0
GRID_CBE_00180,Cropland,0.4545,0.0,0.0,0.5455,0.0,0.0,0.0
GRID_CBE_00181,Cropland,0.0909,0.0,0.0,0.9091,0.0,0.0,0.0
GRID_CBE_00182,Cropland,0.0,0.0,0.0,1.0,0.0,0.0,0.0
GRID_CBE_00183,Cropland,0.0,0.0,0.0,1.0,0.0,0.0,0.0
GRID_CBE_00184,Cropland,0.0,0.0,0.0,1.0,0.0,0.0,0.0
GRID_CBE_00185,Cropland,0.0,0.0,0.0,1.0,0.0,0.0,0.0
GRID_CBE_00186,Cropland,0.0,0.0,0.0,1.0,0.0,0.0,0.0
GRID_CBE_00187,Cropland,0.0,0.0,0.0,1.0,0.0,0.0,0.0
GRID_CBE_00188,Cropland,0.0,0.0,0.0,1.0,0.0,0.0,0.0
GRID_CBE_00189,Cropland,0.0,0.0,0.0,1.0,0.0,0.0,0.0
GRID_CBE_00190,Cropland,0.0,0.0,0.0,1.0,0.0,0.0,0.0
GRID_CBE_00191,Cropland,0.0,0.0,0.0,1.0,0.0,0.0,0.0
GRID_CBE_00192,Cropland,0.0,0.0,0.0,1.0,0.0,0.0,0.0
GRID_CBE_00193,Cropland,0.0,0.0,0.0,1.0,0.0,0.0,0.0
GRID_CBE_00194,Cropland,0.0,0.0,0.0,1.0,0.0,0.0,0.0
GRID_CBE_00195,Cropland,0.0,0.0,0.0,1.0,0.0,0.0,0.0
GRID_CBE_00196,Cropland,0.0,0.0,0.0,1.0,0.0,0.0,0.0
GRID_CBE_00197,Cropland,0.0,0.0,0.0,1.0,0.0,0.0,0.0
GRID_CBE_00198,Cropland,0.0,0.0,0.0,1.0,0.0,0.0,0.0
GRID_CBE_00199,Cropland,0.0,0.0,0.0,1.0,0.0,0.0,0.0
GRID_CBE_00200,Cropland,0.0,0.0,0.0,1.0,0.0,0.0,0.0
GRID_CBE_00201,Cropland,0.0,0.0,0.0,1.0,0.0,0.0,0.0
GRID_CBE_00202,Cropland,0.0,0.0,0.0,1.0,0.0,0.0,0.0
GRID_CBE_00203,Cropland,0.0,0.0,0.0,1.0,0.0,0.0,0.0
GRID_CBE_00204,Cropland,0.0,0.0,0.0,1.0,0.0,0.0,0.0
GRID_CBE_00205,Cropland,0.0,0.0,0.0,1.0,0.0,0.0,0.0
GRID_CBE_00206,Cropland,0.0,0.0,0.0,1.0,0.0,0.0,0.0
GRID_CBE_00207,Cropland,0.0,0.0,0.0,1.0,0.0,0.0,0.0
GRID_CBE_00208,Cropland,0.0,0.0,0.0,1.0,0.0,0.0,0.0
GRID_CBE_00209,Cropland,0.0,0.0,0.0,1.0,0.0,0.0,0.0
GRID_CBE_00210,Cropland,0.0,0.0,0.0,1.0,0.0,0.0,0.0
GRID_CBE_00211,Cropland,0.0,0.0,0.0,1.0,0.0,0.0,0.0
GRID_CBE_00212,Cropland,0.0,0.0,0.0,1.0,0.0,0.0,0.0
GRID_CBE_00213,Cropland,0.0,0.0,0.0,1.0,0.0,0.0,0.0
GRID_CBE_00214,Cropland,0.0,0.0,0.0,1.0,0.0,0.0,0.0
GRID_CBE_00215,Cropland,0.0,0.0,0.0,1.0,0.0,0.0,0.0
GRID_CBE_00216,Cropland,0.0,0.0,0.0,1.0,0.0,0.0,0.0
GRID_CBE_00217,Cropland,0.0,0.0,0.0,1.0,0.0,0.0,0.0
GRID_CBE_00218,Cropland,0.0,0.0,0.0,1.0,0.0,0.0,0.0
GRID_CBE_00219,Cropland,0.0,0.0,0.0,1.0,0.0,0.0,0.0
GRID_CBE_00220,Cropland,0.0,0.0,0.0,1.0,0.0,0.0,0.0
GRID_CBE_00221,Cropland,0.0,0.0,0.0,1.0,0.0,0.0,0.0
GRID_CBE_00222,Cropland,0.0,0.0,0.0,1.0,0.0,0.0,0.0
GRID_CBE_00223,Cropland,0.0,0.0,0.0,1.0,0.0,0.0,0.0
GRID_CBE_00224,Cropland,0.0,0.0,0.0,1.0,0.0,0.0,0.0
GRID_CBE_00225,Cropland,0.0,0.0,0.0,1.0,0.0,0.0,0.0
GRID_CBE_00226,Cropland,0.0,0.0,0.0,1.0,0.0,0.0,0.0
GRID_CBE_00227,Cropland,0.0,0.0,0.0,1.0,0.0,0.0,0.0
GRID_CBE_00228,Cropland,0.0,0.0,0.0,1.0,0.0,0.0,0.0
GRID_CBE_00229,Cropland,0.0,0.0,0.0,1.0,0.0,0.0,0.0
GRID_CBE_00230,Cropland,0.0,0.0,0.0,1.0,0.0,0.0,0.0
GRID_CBE_00231,Cropland,0.0,0.0,0.0,1.0,0.0,0.0,0.0
GRID_CBE_00232,Cropland,0.0,0.0,0.0,1.0,0.0,0.0,0.0
GRID_CBE_00233,Cropland,0.0,0.0,0.0,1.0,0.0,0.0,0.0
GRID_CBE_00234,Cropland,0.0,0.0,0.0,1.0,0.0,0.0,0.0
GRID_CBE_00235,Tree cover,1.0,0.0,0.0,0.0,0.0,0.0,0.0
GRID_CBE_00236,Tree cover,1.0,0.0,0.0,0.0,0.0,0.0,0.0
GRID_CBE_00237,Tree cover,1.0,0.0,0.0,0.0,0.0,0.0,0.0
GRID_CBE_00238,Tree cover,1.0,0.0,0.0,0.0,0.0,0.0,0.0
GRID_CBE_00239,Tree cover,1.0,0.0,0.0,0.0,0.0,0.0,0.0
GRID_CBE_00240,Tree cover,1.0,0.0,0.0,0.0,0.0,0.0,0.0
GRID_CBE_00241,Tree cover,1.0,0.0,0.0,0.0,0.0,0.0,0.0
GRID_CBE_00242,Tree cover,1.0,0.0,0.0,0.0,0.0,0.0,0.0
GRID_CBE_00243,Tree cover,1.0,0.0,0.0,0.0,0.0,0.0,0.0
GRID_CBE_00244,Tree cover,1.0,0.0,0.0,0.0,0.0,0.0,0.0
GRID_CBE_00245,Tree cover,1.0,0.0,0.0,0.0,0.0,0.0,0.0
GRID_CBE_00246,Tree cover,1.0,0.0,0.0,0.0,0.0,0.0,0.0
GRID_CBE_00247,Tree cover,1.0,0.0,0.0,0.0,0.0,0.0,0.0
GRID_CBE_00248,Tree cover,1.0,0.0,0.0,0.0,0.0,0.0,0.0
GRID_CBE_00249,Tree cover,1.0,0.0,0.0,0.0,0.0,0.0,0.0
GRID_CBE_00250,Tree cover,1.0,0.0,0.0,0.0,0.0,0.0,0.0
GRID_CBE_00251,Tree cover,1.0,0.0,0.0,0.0,0.0,0.0,0.0
GRID_CBE_00252,Tree cover,1.0,0.0,0.0,0.0,0.0,0.0,0.0
GRID_CBE_00253,Tree cover,1.0,0.0,0.0,0.0,0.0,0.0,0.0
GRID_CBE_00254,Tree cover,1.0,0.0,0.0,0.0,0.0,0.0,0.0
GRID_CBE_00255,Tree cover,1.0,0.0,0.0,0.0,0.0,0.0,0.0
GRID_CBE_00256,Tree cover,1.0,0.0,0.0,0.0,0.0,0.0,0.0
GRID_CBE_00257,Tree cover,0.7273,0.0,0.0,0.2727,0.0,0.0,0.0
GRID_CBE_00258,Cropland,0.3636,0.0,0.0,0.6364,0.0,0.0,0.0
GRID_CBE_00259,Cropland,0.0909,0.0,0.0,0.9091,0.0,0.0,0.0
GRID_CBE_00260,Cropland,0.0,0.0,0.0,1.0,0.0,0.0,0.0
GRID_CBE_00261,Cropland,0.0,0.0,0.0,1.0,0.0,0.0,0.0
GRID_CBE_00262,Cropland,0.0,0.0,0.0,1.0,0.0,0.0,0.0
GRID_CBE_00263,Cropland,0.0,0.0,0.0,1.0,0.0,0.0,0.0
GRID_CBE_00264,Cropland,0.0,0.0,0.0,1.0,0.0,0.0,0.0
GRID_CBE_00265,Cropland,0.0,0.0,0.0,1.0,0.0,0.0,0.0
GRID_CBE_00266,Cropland,0.0,0.0,0.0,1.0,0.0,0.0,0.0
GRID_CBE_00267,Cropland,0.0,0.0,0.0,1.0,0.0,0.0,0.0
GRID_CBE_00268,Cropland,0.0,0.0,0.0,1.0,0.0,0.0,0.0
GRID_CBE_00269,Cropland,0.0,0.0,0.0,1.0,0.0,0.0,0.0
GRID_CBE_00270,Cropland,0.0,0.0,0.0,1.0,0.0,0.0,0.0
GRID_CBE_00271,Cropland,0.0,0.0,0.0,1.0,0.0,0.0,0.0
GRID_CBE_00272,Cropland,0.0,0.0,0.0,1.0,0.0,0.0,0.0
GRID_CBE_00273,Cropland,0.0,0.0,0.0,1.0,0.0,0.0,0.0
GRID_CBE_00274,Cropland,0.0,0.0,0.0,1.0,0.0,0.0,0.0
GRID_CBE_00275,Cropland,0.0,0.0,0.0,1.0,0.0,0.0,0.0
GRID_CBE_00276,Cropland,0.0,0.0,0.0,1.0,0.0,0.0,0.0
GRID_CBE_00277,Cropland,0.0,0.0,0.0,1.0,0.0,0.0,0.0
GRID_CBE_00278,Cropland,0.0,0.0,0.0,1.0,0.0,0.0,0.0
GRID_CBE_00279,Cropland,0.0,0.0,0.0,1.0,0.0,0.0,0.0
GRID_CBE_00280,Cropland,0.0,0.0,0.0,1.0,0.0,0.0,0.0
GRID_CBE_00281,Cropland,0.0,0.0,0.0,1.0,0.0,0.0,0.0
GRID_CBE_00282,Cropland,0.0,0.0,0.0,1.0,0.0,0.0,0.0
GRID_CBE_00283,Cropland,0.0,0.0,0.0,1.0,0.0,0.0,0.0
GRID_CBE_00284,Cropland,0.0,0.0,0.0,1.0,0.0,0.0,0.0
GRID_CBE_00285,Cropland,0.0,0.0,0.0,1.0,0.0,0.0,0.0
GRID_CBE_00286,Cropland,0.0,0.0,0.0,1.0,0.0,0.0,0.0
GRID_CBE_00287,Cropland,0.0,0.0,0.0,1.0,0.0,0.0,0.0
GRID_CBE_00288,Cropland,0.0,0.0,0.0,1.0,0.0,0.0,0.0
GRID_CBE_00289,Cropland,0.0,0.0,0.0,1.0,0.0,0.0,0.0
GRID_CBE_00290,Cropland,0.0,0.0,0.0,1.0,0.0,0.0,0.0
GRID_CBE_00291,Cropland,0.0,0.0,0.0,1.0,0.0,0.0,0.0
GRID_CBE_00292,Cropland,0.0,0.0,0.0,1.0,0.0,0.0,0.0
GRID_CBE_00293,Cropland,0.0,0.0,0.0,1.0,0.0,0.0,0.0
GRID_CBE_00294,Cropland,0.0,0.0,0.0,1.0,0.0,0.0,0.0
GRID_CBE_00295,Cropland,0.0,0.0,0.0,1.0,0.0,0.0,0.0
GRID_CBE_00296,Cropland,0.0,0.0,0.0,1.0,0.0,0.0,0.0
GRID_CBE_00297,Cropland,0.0,0.0,0.0,1.0,0.0,0.0,0.0
GRID_CBE_00298,Cropland,0.0,0.0,0.0,1.0,0.0,0.0,0.0
GRID_CBE_00299,Cropland,0.0,0.0,0.0,1.0,0.0,0.0,0.0
GRID_CBE_00300,Cropland,0.0,0.0,0.0,1.0,0.0,0.0,0.0
GRID_CBE_00301,Cropland,0.0,0.0,0.0,1.0,0.0,0.0,0.0
GRID_CBE_00302,Cropland,0.0,0.0,0.0,1.0,0.0,0.0,0.0
GRID_CBE_00303,Cropland,0.0,0.0,0.0,1.0,0.0,0.0,0.0
GRID_CBE_00304,Cropland,0.0,0.0,0.0,1.0,0.0,0.0,0.0
GRID_CBE_00305,Cropland,0.0,0.0,0.0,1.0,0.0,0.0,0.0
GRID_CBE_00306,Cropland,0.0,0.0,0.0,1.0,0.0,0.0,0.0
GRID_CBE_00307,Cropland,0.0,0.0,0.0,1.0,0.0,0.0,0.0
GRID_CBE_00308,Cropland,0.0,0.0,0.0,1.0,0.0,0.0,0.0
GRID_CBE_00309,Cropland,0.0,0.0,0.0,1.0,0.0,0.0,0.0
GRID_CBE_00310,Cropland,0.0,0.0,0.0,1.0,0.0,0.0,0.0
GRID_CBE_00311,Cropland,0.0,0.0,0.0,1.0,0.0,0.0,0.0
GRID_CBE_00312,Cropland,0.0,0.0,0.0,1.0,0.0,0.0,0.0
GRID_CBE_00313,Tree cover,1.0,0.0,0.0,0.0,0.0,0.0,0.0
GRID_CBE_00314,Tree cover,1.0,0.0,0.0,0.0,0.0,0.0,0.0
GRID_CBE_00315,Tree cover,1.0,0.0,0.0,0.0,0.0,0.0,0.0
GRID_CBE_00316,Tree cover,1.0,0.0,0.0,0.0,0.0,0.0,0.0
GRID_CBE_00317,Tree cover,1.0,0.0,0.0,0.0,0.0,0.0,0.0
GRID_CBE_00318,Tree cover,1.0,0.0,0.0,0.0,0.0,0.0,0.0
GRID_CBE_00319,Tree cover,1.0,0.0,0.0,0.0,0.0,0.0,0.0
GRID_CBE_00320,Tree cover,1.0,0.0,0.0,0.0,0.0,0.0,0.0
GRID_CBE_00321,Tree cover,1.0,0.0,0.0,0.0,0.0,0.0,0.0
GRID_CBE_00322,Tree cover,1.0,0.0,0.0,0.0,0.0,0.0,0.0
GRID_CBE_00323,Tree cover,1.0,0.0,0.0,0.0,0.0,0.0,0.0
GRID_CBE_00324,Tree cover,1.0,0.0,0.0,0.0,0.0,0.0,0.0
GRID_CBE_00325,Tree cover,1.0,0.0,0.0,0.0,0.0,0.0,0.0
GRID_CBE_00326,Tree cover,1.0,0.0,0.0,0.0,0.0,0.0,0.0
GRID_CBE_00327,Tree cover,1.0,0.0,0.0,0.0,0.0,0.0,0.0
GRID_CBE_00328,Tree cover,1.0,0.0,0.0,0.0,0.0,0.0,0.0
GRID_CBE_00329,Tree cover,1.0,0.0,0.0,0.0,0.0,0.0,0.0
GRID_CBE_00330,Tree cover,1.0,0.0,0.0,0.0,0.0,0.0,0.0
GRID_CBE_00331,Tree cover,1.0,0.0,0.0,0.0,0.0,0.0,0.0
GRID_CBE_00332,Tree cover,1.0,0.0,0.0,0.0,0.0,0.0,0.0
GRID_CBE_00333,Tree cover,1.0,0.0,0.0,0.0,0.0,0.0,0.0
GRID_CBE_00334,Tree cover,1.0,0.0,0.0,0.0,0.0,0.0,0.0
GRID_CBE_00335,Tree cover,0.7273,0.0,0.0,0.2727,0.0,0.0,0.0
GRID_CBE_00336,Cropland,0.3636,0.0,0.0,0.6364,0.0,0.0,0.0
GRID_CBE_00337,Cropland,0.0909,0.0,0.0,0.9091,0.0,0.0,0.0
GRID_CBE_00338,Cropland,0.0,0.0,0.0,1.0,0.0,0.0,0.0
GRID_CBE_00339,Cropland,0.0,0.0,0.0,1.0,0.0,0.0,0.0
GRID_CBE_00340,Cropland,0.0,0.0,0.0,1.0,0.0,0.0,0.0
GRID_CBE_00341,Cropland,0.0,0.0,0.0,1.0,0.0,0.0,0.0
GRID_CBE_00342,Cropland,0.0,0.0,0.0,1.0,0.0,0.0,0.0
GRID_CBE_00343,Cropland,0.0,0.0,0.0,1.0,0.0,0.0,0.0
GRID_CBE_00344,Cropland,0.0,0.0,0.0,1.0,0.0,0.0,0.0
GRID_CBE_00345,Cropland,0.0,0.0,0.0,1.0,0.0,0.0,0.0
GRID_CBE_00346,Cropland,0.0,0.0,0.0,1.0,0.0,0.0,0.0
GRID_CBE_00347,Cropland,0.0,0.0,0.0,1.0,0.0,0.0,0.0
GRID_CBE_00348,Cropland,0.0,0.0,0.0,1.0,0.0,0.0,0.0
GRID_CBE_00349,Cropland,0.0,0.0,0.0,1.0,0.0,0.0,0.0
GRID_CBE_00350,Cropland,0.0,0.0,0.0,1.0,0.0,0.0,0.0
GRID_CBE_00351,Cropland,0.0,0.0,0.0,1.0,0.0,0.0,0.0
GRID_CBE_00352,Cropland,0.0,0.0,0.0,1.0,0.0,0.0,0.0
GRID_CBE_00353,Cropland,0.0,0.0,0.0,1.0,0.0,0.0,0.0
GRID_CBE_00354,Cropland,0.0,0.0,0.0,1.0,0.0,0.0,0.0
GRID_CBE_00355,Cropland,0.0,0.0,0.0,1.0,0.0,0.0,0.0
GRID_CBE_00356,Cropland,0.0,0.0,0.0,1.0,0.0,0.0,0.0
GRID_CBE_00357,Cropland,0.0,0.0,0.0,1.0,0.0,0.0,0.0
GRID_CBE_00358,Cropland,0.0,0.0,0.0,1.0,0.0,0.0,0.0
GRID_CBE_00359,Cropland,0.0,0.0,0.0,1.0,0.0,0.0,0.0
GRID_CBE_00360,Cropland,0.0,0.0,0.0,1.0,0.0,0.0,0.0
GRID_CBE_00361,Cropland,0.0,0.0,0.0,1.0,0.0,0.0,0.0
GRID_CBE_00362,Cropland,0.0,0.0,0.0,1.0,0.0,0.0,0.0
GRID_CBE_00363,Cropland,0.0,0.0,0.0,1.0,0.0,0.0,0.0
GRID_CBE_00364,Cropland,0.0,0.0,0.0,1.0,0.0,0.0,0.0
GRID_CBE_00365,Cropland,0.0,0.0,0.0,1.0,0.0,0.0,0.0
GRID_CBE_00366,Cropland,0.0,0.0,0.0,1.0,0.0,0.0,0.0
GRID_CBE_00367,Cropland,0.0,0.0,0.0,1.0,0.0,0.0,0.0
GRID_CBE_00368,Cropland,0.0,0.0,0.0,1.0,0.0,0.0,0.0
GRID_CBE_00369,Cropland,0.0,0.0,0.0,1.0,0.0,0.0,0.0
GRID_CBE_00370,Cropland,0.0,0.0,0.0,1.0,0.0,0.0,0.0
GRID_CBE_00371,Cropland,0.0,0.0,0.0,1.0,0.0,0.0,0.0
GRID_CBE_00372,Cropland,0.0,0.0,0.0,1.0,0.0,0.0,0.0
GRID_CBE_00373,Cropland,0.0,0.0,0.0,1.0,0.0,0.0,0.0
GRID_CBE_00374,Cropland,0.0,0.0,0.0,1.0,0.0,0.0,0.0
GRID_CBE_00375,Cropland,0.0,0.0,0.0,1.0,0.0,0.0,0.0
GRID_CBE_00376,Cropland,0.0,0.0,0.0,1.0,0.0,0.0,0.0
GRID_CBE_00377,Cropland,0.0,0.0,0.0,1.0,0.0,0.0,0.0
GRID_CBE_00378,Cropland,0.0,0.0,0.0,1.0,0.0,0.0,0.0
GRID_CBE_00379,Cropland,0.0,0.0,0.0,1.0,0.0,0.0,0.0
GRID_CBE_00380,Cropland,0.0,0.0,0.0,1.0,0.0,0.0,0.0
GRID_CBE_00381,Cropland,0.0,0.0,0.0,1.0,0.0,0.0,0.0
GRID_CBE_00382,Cropland,0.0,0.0,0.0,1.0,0.0,0.0,0.0
GRID_CBE_00383,Cropland,0.0,0.0,0.0,1.0,0.0,0.0,0.0
GRID_CBE_00384,Cropland,0.0,0.0,0.0,1.0,0.0,0.0,0.0
GRID_CBE_00385,Cropland,0.0,0.0,0.0,1.0,0.0,0.0,0.0
GRID_CBE_00386,Cropland,0.0,0.0,0.0,1.0,0.0,0.0,0.0
GRID_CBE_00387,Cropland,0.0,0.0,0.0,1.0,0.0,0.0,0.0
GRID_CBE_00388,Cropland,0.0,0.0,0.0,1.0,0.0,0.0,0.0
GRID_CBE_00389,Cropland,0.0,0.0,0.0,1.0,0.0,0.0,0.0
GRID_CBE_00390,Cropland,0.0,0.0,0.0,1.0,0.0,0.0,0.0
GRID_CBE_00391,Tree cover,1.0,0.0,0.0,0.0,0.0,0.0,0.0
GRID_CBE_00392,Tree cover,1.0,0.0,0.0,0.0,0.0,0.0,0.0
GRID_CBE_00393,Tree cover,1.0,0.0,0.0,0.0,0.0,0.0,0.0
GRID_CBE_00394,Tree cover,1.0,0.0,0.0,0.0,0.0,0.0,0.0
GRID_CBE_00395,Tree cover,1.0,0.0,0.0,0.0,0.0,0.0,0.0
GRID_CBE_00396,Tree cover,1.0,0.0,0.0,0.0,0.0,0.0,0.0
GRID_CBE_00397,Tree cover,1.0,0.0,0.0,0.0,0.0,0.0,0.0
GRID_CBE_00398,Tree cover,1.0,0.0,0.0,0.0,0.0,0.0,0.0
GRID_CBE_00399,Tree cover,1.0,0.0,0.0,0.0,0.0,0.0,0.0
GRID_CBE_00400,Tree cover,1.0,0.0,0.0,0.0,0.0,0.0,0.0
GRID_CBE_00401,Tree cover,1.0,0.0,0.0,0.0,0.0,0.0,0.0
GRID_CBE_00402,Tree cover,1.0,0.0,0.0,0.0,0.0,0.0,0.0
GRID_CBE_00403,Tree cover,1.0,0.0,0.0,0.0,0.0,0.0,0.0
GRID_CBE_00404,Tree cover,1.0,0.0,0.0,0.0,0.0,0.0,0.0
GRID_CBE_00405,Tree cover,1.0,0.0,0.0,0.0,0.0,0.0,0.0
GRID_CBE_00406,Tree cover,1.0,0.0,0.0,0.0,0.0,0.0,0.0
GRID_CBE_00407,Tree cover,1.0,0.0,0.0,0.0,0.0,0.0,0.0
GRID_CBE_00408,Tree cover,1.0,0.0,0.0,0.0,0.0,0.0,0.0
GRID_CBE_00409,Tree cover,1.0,0.0,0.0,0.0,0.0,0.0,0.0
GRID_CBE_00410,Tree cover,1.0,0.0,0.0,0.0,0.0,0.0,0.0
GRID_CBE_00411,Tree cover,1.0,0.0,0.0,0.0,0.0,0.0,0.0
GRID_CBE_00412,Tree cover,1.0,0.0,0.0,0.0,0.0,0.0,0.0
GRID_CBE_00413,Tree cover,0.7273,0.0,0.0,0.2727,0.0,0.0,0.0
GRID_CBE_00414,Cropland,0.3636,0.0,0.0,0.6364,0.0,0.0,0.0
GRID_CBE_00415,Cropland,0.0909,0.0,0.0,0.9091,0.0,0.0,0.0
GRID_CBE_00416,Cropland,0.0,0.0,0.0,1.0,0.0,0.0,0.0
GRID_CBE_00417,Cropland,0.0,0.0,0.0,1.0,0.0,0.0,0.0
GRID_CBE_00418,Cropland,0.0,0.0,0.0,1.0,0.0,0.0,0.0
GRID_CBE_00419,Cropland,0.0,0.0,0.0,1.0,0.0,0.0,0.0
GRID_CBE_00420,Cropland,0.0,0.0,0.0,1.0,0.0,0.0,0.0
GRID_CBE_00421,Cropland,0.0,0.0,0.0,1.0,0.0,0.0,0.0
GRID_CBE_00422,Cropland,0.0,0.0,0.0,1.0,0.0,0.0,0.0
GRID_CBE_00423,Cropland,0.0,0.0,0.0,1.0,0.0,0.0,0.0
GRID_CBE_00424,Cropland,0.0,0.0,0.0,1.0,0.0,0.0,0.0
GRID_CBE_00425,Cropland,0.0,0.0,0.0,1.0,0.0,0.0,0.0
GRID_CBE_00426,Cropland,0.0,0.0,0.0,1.0,0.0,0.0,0.0
GRID_CBE_00427,Cropland,0.0,0.0,0.0,1.0,0.0,0.0,0.0
GRID_CBE_00428,Cropland,0.0,0.0,0.0,1.0,0.0,0.0,0.0
GRID_CBE_00429,Cropland,0.0,0.0,0.0,1.0,0.0,0.0,0.0
GRID_CBE_00430,Cropland,0.0,0.0,0.0,1.0,0.0,0.0,0.0
GRID_CBE_00431,Cropland,0.0,0.0,0.0,1.0,0.0,0.0,0.0
GRID_CBE_00432,Cropland,0.0,0.0,0.0,1.0,0.0,0.0,0.0
GRID_CBE_00433,Cropland,0.0,0.0,0.0,1.0,0.0,0.0,0.0
GRID_CBE_00434,Cropland,0.0,0.0,0.0,1.0,0.0,0.0,0.0
GRID_CBE_00435,Cropland,0.0,0.0,0.0,1.0,0.0,0.0,0.0
GRID_CBE_00436,Cropland,0.0,0.0,0.0,1.0,0.0,0.0,0.0
GRID_CBE_00437,Cropland,0.0,0.0,0.0,1.0,0.0,0.0,0.0
GRID_CBE_00438,Cropland,0.0,0.0,0.0,1.0,0.0,0.0,0.0
GRID_CBE_00439,Cropland,0.0,0.0,0.0,1.0,0.0,0.0,0.0
GRID_CBE_00440,Cropland,0.0,0.0,0.0,1.0,0.0,0.0,0.0
GRID_CBE_00441,Cropland,0.0,0.0,0.0,1.0,0.0,0.0,0.0
GRID_CBE_00442,Cropland,0.0,0.0,0.0,1.0,0.0,0.0,0.0
GRID_CBE_00443,Cropland,0.0,0.0,0.0,1.0,0.0,0.0,0.0
GRID_CBE_00444,Cropland,0.0,0.0,0.0,1.0,0.0,0.0,0.0
GRID_CBE_00445,Cropland,0.0,0.0,0.0,1.0,0.0,0.0,0.0
GRID_CBE_00446,Cropland,0.0,0.0,0.0,1.0,0.0,0.0,0.0
GRID_CBE_00447,Cropland,0.0,0.0,0.0,1.0,0.0,0.0,0.0
GRID_CBE_00448,Cropland,0.0,0.0,0.0,1.0,0.0,0.0,0.0
GRID_CBE_00449,Cropland,0.0,0.0,0.0,1.0,0.0,0.0,0.0
GRID_CBE_00450,Cropland,0.0,0.0,0.0,1.0,0.0,0.0,0.0
GRID_CBE_00451,Cropland,0.0,0.0,0.0,1.0,0.0,0.0,0.0
GRID_CBE_00452,Cropland,0.0,0.0,0.0,1.0,0.0,0.0,0.0
GRID_CBE_00453,Cropland,0.0,0.0,0.0,1.0,0.0,0.0,0.0
GRID_CBE_00454,Cropland,0.0,0.0,0.0,1.0,0.0,0.0,0.0
GRID_CBE_00455,Cropland,0.0,0.0,0.0,1.0,0.0,0.0,0.0
GRID_CBE_00456,Cropland,0.0,0.0,0.0,1.0,0.0,0.0,0.0
GRID_CBE_00457,Cropland,0.0,0.0,0.0,1.0,0.0,0.0,0.0
GRID_CBE_00458,Cropland,0.0,0.0,0.0,1.0,0.0,0.0,0.0
GRID_CBE_00459,Cropland,0.0,0.0,0.0,1.0,0.0,0.0,0.0
GRID_CBE_00460,Cropland,0.0,0.0,0.0,1.0,0.0,0.0,0.0
GRID_CBE_00461,Cropland,0.0,0.0,0.0,1.0,0.0,0.0,0.0
GRID_CBE_00462,Cropland,0.0,0.0,0.0,1.0,0.0,0.0,0.0
GRID_CBE_00463,Cropland,0.0,0.0,0.0,1.0,0.0,0.0,0.0
GRID_CBE_00464,Cropland,0.0,0.0,0.0,1.0,0.0,0.0,0.0
GRID_CBE_00465,Cropland,0.0,0.0,0.0,1.0,0.0,0.0,0.0
GRID_CBE_00466,Cropland,0.0,0.0,0.0,1.0,0.0,0.0,0.0
GRID_CBE_00467,Cropland,0.0,0.0,0.0,1.0,0.0,0.0,0.0
GRID_CBE_00468,Cropland,0.0,0.0,0.0,1.0,0.0,0.0,0.0
GRID_CBE_00469,Tree cover,1.0,0.0,0.0,0.0,0.0,0.0,0.0
GRID_CBE_00470,Tree cover,1.0,0.0,0.0,0.0,0.0,0.0,0.0
GRID_CBE_00471,Tree cover,1.0,0.0,0.0,0.0,0.0,0.0,0.0
GRID_CBE_00472,Tree cover,1.0,0.0,0.0,0.0,0.0,0.0,0.0
GRID_CBE_00473,Tree cover,1.0,0.0,0.0,0.0,0.0,0.0,0.0
GRID_CBE_00474,Tree cover,1.0,0.0,0.0,0.0,0.0,0.0,0.0
GRID_CBE_00475,Tree cover,1.0,0.0,0.0,0.0,0.0,0.0,0.0
GRID_CBE_00476,Tree cover,1.0,0.0,0.0,0.0,0.0,0.0,0.0
GRID_CBE_00477,Tree cover,1.0,0.0,0.0,0.0,0.0,0.0,0.0
GRID_CBE_00478,Tree cover,1.0,0.0,0.0,0.0,0.0,0.0,0.0
GRID_CBE_00479,Tree cover,1.0,0.0,0.0,0.0,0.0,0.0,0.0
GRID_CBE_00480,Tree cover,1.0,0.0,0.0,0.0,0.0,0.0,0.0
GRID_CBE_00481,Tree cover,1.0,0.0,0.0,0.0,0.0,0.0,0.0
GRID_CBE_00482,Tree cover,1.0,0.0,0.0,0.0,0.0,0.0,0.0
GRID_CBE_00483,Tree cover,1.0,0.0,0.0,0.0,0.0,0.0,0.0
GRID_CBE_00484,Tree cover,1.0,0.0,0.0,0.0,0.0,0.0,0.0
GRID_CBE_00485,Tree cover,1.0,0.0,0.0,0.0,0.0,0.0,0.0
GRID_CBE_00486,Tree cover,1.0,0.0,0.0,0.0,0.0,0.0,0.0
GRID_CBE_00487,Tree cover,1.0,0.0,0.0,0.0,0.0,0.0,0.0
GRID_CBE_00488,Tree cover,1.0,0.0,0.0,0.0,0.0,0.0,0.0
GRID_CBE_00489,Tree cover,1.0,0.0,0.0,0.0,0.0,0.0,0.0
GRID_CBE_00490,Tree cover,1.0,0.0,0.0,0.0,0.0,0.0,0.0
GRID_CBE_00491,Tree cover,0.7273,0.0,0.0,0.2727,0.0,0.0,0.0
GRID_CBE_00492,Cropland,0.3636,0.0,0.0,0.6364,0.0,0.0,0.0
GRID_CBE_00493,Cropland,0.0909,0.0,0.0,0.9091,0.0,0.0,0.0
GRID_CBE_00494,Cropland,0.0,0.0,0.0,1.0,0.0,0.0,0.0
GRID_CBE_00495,Cropland,0.0,0.0,0.0,1.0,0.0,0.0,0.0
GRID_CBE_00496,Cropland,0.0,0.0,0.0,1.0,0.0,0.0,0.0
GRID_CBE_00497,Cropland,0.0,0.0,0.0,1.0,0.0,0.0,0.0
GRID_CBE_00498,Cropland,0.0,0.0,0.0,1.0,0.0,0.0,0.0
GRID_CBE_00499,Cropland,0.0,0.0,0.0,1.0,0.0,0.0,0.0
GRID_CBE_00500,Cropland,0.0,0.0,0.0,1.0,0.0,0.0,0.0
GRID_CBE_00501,Cropland,0.0,0.0,0.0,1.0,0.0,0.0,0.0
GRID_CBE_00502,Cropland,0.0,0.0,0.0,1.0,0.0,0.0,0.0
GRID_CBE_00503,Cropland,0.0,0.0,0.0,1.0,0.0,0.0,0.0
GRID_CBE_00504,Cropland,0.0,0.0,0.0,1.0,0.0,0.0,0.0
GRID_CBE_00505,Cropland,0.0,0.0,0.0,1.0,0.0,0.0,0.0
GRID_CBE_00506,Cropland,0.0,0.0,0.0,1.0,0.0,0.0,0.0
GRID_CBE_00507,Cropland,0.0,0.0,0.0,1.0,0.0,0.0,0.0
GRID_CBE_00508,Cropland,0.0,0.0,0.0,1.0,0.0,0.0,0.0
GRID_CBE_00509,Cropland,0.0,0.0,0.0,1.0,0.0,0.0,0.0
GRID_CBE_00510,Cropland,0.0,0.0,0.0,1.0,0.0,0.0,0.0
GRID_CBE_00511,Cropland,0.0,0.0,0.0,1.0,0.0,0.0,0.0
GRID_CBE_00512,Cropland,0.0,0.0,0.0,1.0,0.0,0.0,0.0
GRID_CBE_00513,Cropland,0.0,0.0,0.0,1.0,0.0,0.0,0.0
GRID_CBE_00514,Cropland,0.0,0.0,0.0,1.0,0.0,0.0,0.0
GRID_CBE_00515,Cropland,0.0,0.0,0.0,1.0,0.0,0.0,0.0
GRID_CBE_00516,Cropland,0.0,0.0,0.0,1.0,0.0,0.0,0.0
GRID_CBE_00517,Cropland,0.0,0.0,0.0,1.0,0.0,0.0,0.0
GRID_CBE_00518,Cropland,0.0,0.0,0.0,1.0,0.0,0.0,0.0
GRID_CBE_00519,Cropland,0.0,0.0,0.0,1.0,0.0,0.0,0.0
GRID_CBE_00520,Cropland,0.0,0.0,0.0,1.0,0.0,0.0,0.0
GRID_CBE_00521,Cropland,0.0,0.0,0.0,1.0,0.0,0.0,0.0
GRID_CBE_00522,Cropland,0.0,0.0,0.0,1.0,0.0,0.0,0.0
GRID_CBE_00523,Cropland,0.0,0.0,0.0,1.0,0.0,0.0,0.0
GRID_CBE_00524,Cropland,0.0,0.0,0.0,1.0,0.0,0.0,0.0
GRID_CBE_00525,Cropland,0.0,0.0,0.0,1.0,0.0,0.0,0.0
GRID_CBE_00526,Cropland,0.0,0.0,0.0,1.0,0.0,0.0,0.0
GRID_CBE_00527,Cropland,0.0,0.0,0.0,1.0,0.0,0.0,0.0
GRID_CBE_00528,Cropland,0.0,0.0,0.0,1.0,0.0,0.0,0.0
GRID_CBE_00529,Cropland,0.0,0.0,0.0,1.0,0.0,0.0,0.0
GRID_CBE_00530,Cropland,0.0,0.0,0.0,1.0,0.0,0.0,0.0
GRID_CBE_00531,Cropland,0.0,0.0,0.0,1.0,0.0,0.0,0.0
GRID_CBE_00532,Cropland,0.0,0.0,0.0,1.0,0.0,0.0,0.0
GRID_CBE_00533,Cropland,0.0,0.0,0.0,1.0,0.0,0.0,0.0
GRID_CBE_00534,Cropland,0.0,0.0,0.0,1.0,0.0,0.0,0.0
GRID_CBE_00535,Cropland,0.0,0.0,0.0,1.0,0.0,0.0,0.0
GRID_CBE_00536,Cropland,0.0,0.0,0.0,1.0,0.0,0.0,0.0
GRID_CBE_00537,Cropland,0.0,0.0,0.0,1.0,0.0,0.0,0.0
GRID_CBE_00538,Cropland,0.0,0.0,0.0,1.0,0.0,0.0,0.0
GRID_CBE_00539,Cropland,0.0,0.0,0.0,1.0,0.0,0.0,0.0
GRID_CBE_00540,Cropland,0.0,0.0,0.0,1.0,0.0,0.0,0.0
GRID_CBE_00541,Cropland,0.0,0.0,0.0,1.0,0.0,0.0,0.0
GRID_CBE_00542,Cropland,0.0,0.0,0.0,1.0,0.0,0.0,0.0
GRID_CBE_00543,Cropland,0.0,0.0,0.0,1.0,0.0,0.0,0.0
GRID_CBE_00544,Cropland,0.0,0.0,0.0,1.0,0.0,0.0,0.0
GRID_CBE_00545,Cropland,0.0,0.0,0.0,1.0,0.0,0.0,0.0
GRID_CBE_00546,Cropland,0.0,0.0,0.0,1.0,0.0,0.0,0.0
GRID_CBE_00547,Tree cover,1.0,0.0,0.0,0.0,0.0,0.0,0.0
GRID_CBE_00548,Tree cover,1.0,0.0,0.0,0.0,0.0,0.0,0.0
GRID_CBE_00549,Tree cover,1.0,0.0,0.0,0.0,0.0,0.0,0.0
GRID_CBE_00550,Tree cover,1.0,0.0,0.0,0.0,0.0,0.0,0.0
GRID_CBE_00551,Tree cover,1.0,0.0,0.0,0.0,0.0,0.0,0.0
GRID_CBE_00552,Tree cover,1.0,0.0,0.0,0.0,0.0,0.0,0.0
GRID_CBE_00553,Tree cover,1.0,0.0,0.0,0.0,0.0,0.0,0.0
GRID_CBE_00554,Tree cover,1.0,0.0,0.0,0.0,0.0,0.0,0.0
GRID_CBE_00555,Tree cover,1.0,0.0,0.0,0.0,0.0,0.0,0.0
GRID_CBE_00556,Tree cover,1.0,0.0,0.0,0.0,0.0,0.0,0.0
GRID_CBE_00557,Tree cover,1.0,0.0,0.0,0.0,0.0,0.0,0.0
GRID_CBE_00558,Tree cover,1.0,0.0,0.0,0.0,0.0,0.0,0.0
GRID_CBE_00559,Tree cover,1.0,0.0,0.0,0.0,0.0,0.0,0.0
GRID_CBE_00560,Tree cover,1.0,0.0,0.0,0.0,0.0,0.0,0.0
GRID_CBE_00561,Tree cover,1.0,0.0,0.0,0.0,0.0,0.0,0.0
GRID_CBE_00562,Tree cover,1.0,0.0,0.0,0.0,0.0,0.0,0.0
GRID_CBE_00563,Tree cover,1.0,0.0,0.0,0.0,0.0,0.0,0.0
GRID_CBE_00564,Tree cover,1.0,0.0,0.0,0.0,0.0,0.0,0.0
GRID_CBE_00565,Tree cover,1.0,0.0,0.0,0.0,0.0,0.0,0.0
GRID_CBE_00566,Tree cover,1.0,0.0,0.0,0.0,0.0,0.0,0.0
GRID_CBE_00567,Tree cover,1.0,0.0,0.0,0.0,0.0,0.0,0.0
GRID_CBE_00568,Tree cover,1.0,0.0,0.0,0.0,0.0,0.0,0.0
GRID_CBE_00569,Tree cover,0.7273,0.0,0.0,0.2727,0.0,0.0,0.0
GRID_CBE_00570,Cropland,0.3636,0.0,0.0,0.6364,0.0,0.0,0.0
GRID_CBE_00571,Cropland,0.0,0.0,0.0,1.0,0.0,0.0,0.0
GRID_CBE_00572,Cropland,0.0,0.0,0.0,1.0,0.0,0.0,0.0
GRID_CBE_00573,Cropland,0.0,0.0,0.0,1.0,0.0,0.0,0.0
GRID_CBE_00574,Cropland,0.0,0.0,0.0,1.0,0.0,0.0,0.0
GRID_CBE_00575,Cropland,0.0,0.0,0.0,1.0,0.0,0.0,0.0
GRID_CBE_00576,Cropland,0.0,0.0,0.0,1.0,0.0,0.0,0.0
GRID_CBE_00577,Cropland,0.0,0.0,0.0,1.0,0.0,0.0,0.0
GRID_CBE_00578,Cropland,0.0,0.0,0.0,1.0,0.0,0.0,0.0
GRID_CBE_00579,Cropland,0.0,0.0,0.0,1.0,0.0,0.0,0.0
GRID_CBE_00580,Cropland,0.0,0.0,0.0,1.0,0.0,0.0,0.0
GRID_CBE_00581,Cropland,0.0,0.0,0.0,1.0,0.0,0.0,0.0
GRID_CBE_00582,Cropland,0.0,0.0,0.0,1.0,0.0,0.0,0.0
GRID_CBE_00583,Cropland,0.0,0.0,0.0,1.0,0.0,0.0,0.0
GRID_CBE_00584,Cropland,0.0,0.0,0.0,1.0,0.0,0.0,0.0
GRID_CBE_00585,Cropland,0.0,0.0,0.0,1.0,0.0,0.0,0.0
GRID_CBE_00586,Cropland,0.0,0.0,0.0,1.0,0.0,0.0,0.0
GRID_CBE_00587,Cropland,0.0,0.0,0.0,1.0,0.0,0.0,0.0
GRID_CBE_00588,Cropland,0.0,0.0,0.0,1.0,0.0,0.0,0.0
GRID_CBE_00589,Cropland,0.0,0.0,0.0,1.0,0.0,0.0,0.0
GRID_CBE_00590,Cropland,0.0,0.0,0.0,1.0,0.0,0.0,0.0
GRID_CBE_00591,Cropland,0.0,0.0,0.0,1.0,0.0,0.0,0.0
GRID_CBE_00592,Cropland,0.0,0.0,0.0,1.0,0.0,0.0,0.0
GRID_CBE_00593,Cropland,0.0,0.0,0.0,1.0,0.0,0.0,0.0
GRID_CBE_00594,Cropland,0.0,0.0,0.0,1.0,0.0,0.0,0.0
GRID_CBE_00595,Cropland,0.0,0.0,0.0,1.0,0.0,0.0,0.0
GRID_CBE_00596,Cropland,0.0,0.0,0.0,1.0,0.0,0.0,0.0
GRID_CBE_00597,Cropland,0.0,0.0,0.0,1.0,0.0,0.0,0.0
GRID_CBE_00598,Cropland,0.0,0.0,0.0,1.0,0.0,0.0,0.0
GRID_CBE_00599,Cropland,0.0,0.0,0.0,1.0,0.0,0.0,0.0
GRID_CBE_00600,Cropland,0.0,0.0,0.0,1.0,0.0,0.0,0.0
GRID_CBE_00601,Cropland,0.0,0.0,0.0,1.0,0.0,0.0,0.0
GRID_CBE_00602,Cropland,0.0,0.0,0.0,1.0,0.0,0.0,0.0
GRID_CBE_00603,Cropland,0.0,0.0,0.0,1.0,0.0,0.0,0.0
GRID_CBE_00604,Cropland,0.0,0.0,0.0,1.0,0.0,0.0,0.0
GRID_CBE_00605,Cropland,0.0,0.0,0.0,1.0,0.0,0.0,0.0
GRID_CBE_00606,Cropland,0.0,0.0,0.0,1.0,0.0,0.0,0.0
GRID_CBE_00607,Cropland,0.0,0.0,0.0,1.0,0.0,0.0,0.0
GRID_CBE_00608,Cropland,0.0,0.0,0.0,1.0,0.0,0.0,0.0
GRID_CBE_00609,Cropland,0.0,0.0,0.0,1.0,0.0,0.0,0.0
GRID_CBE_00610,Cropland,0.0,0.0,0.0,1.0,0.0,0.0,0.0
GRID_CBE_00611,Cropland,0.0,0.0,0.0,1.0,0.0,0.0,0.0
GRID_CBE_00612,Cropland,0.0,0.0,0.0,1.0,0.0,0.0,0.0
GRID_CBE_00613,Cropland,0.0,0.0,0.0,1.0,0.0,0.0,0.0
GRID_CBE_00614,Cropland,0.0,0.0,0.0,1.0,0.0,0.0,0.0
GRID_CBE_00615,Cropland,0.0,0.0,0.0,1.0,0.0,0.0,0.0
GRID_CBE_00616,Cropland,0.0,0.0,0.0,1.0,0.0,0.0,0.0
GRID_CBE_00617,Cropland,0.0,0.0,0.0,1.0,0.0,0.0,0.0
GRID_CBE_00618,Cropland,0.0,0.0,0.0,1.0,0.0,0.0,0.0
GRID_CBE_00619,Cropland,0.0,0.0,0.0,1.0,0.0,0.0,0.0
GRID_CBE_00620,Cropland,0.0,0.0,0.0,1.0,0.0,0.0,0.0
GRID_CBE_00621,Cropland,0.0,0.0,0.0,1.0,0.0,0.0,0.0
GRID_CBE_00622,Cropland,0.0,0.0,0.0,1.0,0.0,0.0,0.0
GRID_CBE_00623,Cropland,0.0,0.0,0.0,1.0,0.0,0.0,0.0
GRID_CBE_00624,Cropland,0.0,0.0,0.0,1.0,0.0,0.0,0.0
GRID_CBE_00625,Tree cover,1.0,0.0,0.0,0.0,0.0,0.0,0.0
GRID_CBE_00626,Tree cover,1.0,0.0,0.0,0.0,0.0,0.0,0.0
GRID_CBE_00627,Tree cover,1.0,0.0,0.0,0.0,0.0,0.0,0.0
GRID_CBE_00628,Tree cover,1.0,0.0,0.0,0.0,0.0,0.0,0.0
GRID_CBE_00629,Tree cover,1.0,0.0,0.0,0.0,0.0,0.0,0.0
GRID_CBE_00630,Tree cover,1.0,0.0,0.0,0.0,0.0,0.0,0.0
GRID_CBE_00631,Tree cover,1.0,0.0,0.0,0.0,0.0,0.0,0.0
GRID_CBE_00632,Tree cover,1.0,0.0,0.0,0.0,0.0,0.0,0.0
GRID_CBE_00633,Tree cover,1.0,0.0,0.0,0.0,0.0,0.0,0.0
GRID_CBE_00634,Tree cover,1.0,0.0,0.0,0.0,0.0,0.0,0.0
GRID_CBE_00635,Tree cover,1.0,0.0,0.0,0.0,0.0,0.0,0.0
GRID_CBE_00636,Tree cover,1.0,0.0,0.0,0.0,0.0,0.0,0.0
GRID_CBE_00637,Tree cover,1.0,0.0,0.0,0.0,0.0,0.0,0.0
GRID_CBE_00638,Tree cover,1.0,0.0,0.0,0.0,0.0,0.0,0.0
GRID_CBE_00639,Tree cover,1.0,0.0,0.0,0.0,0.0,0.0,0.0
GRID_CBE_00640,Tree cover,1.0,0.0,0.0,0.0,0.0,0.0,0.0
GRID_CBE_00641,Tree cover,1.0,0.0,0.0,0.0,0.0,0.0,0.0
GRID_CBE_00642,Tree cover,1.0,0.0,0.0,0.0,0.0,0.0,0.0
GRID_CBE_00643,Tree cover,1.0,0.0,0.0,0.0,0.0,0.0,0.0
GRID_CBE_00644,Tree cover,1.0,0.0,0.0,0.0,0.0,0.0,0.0
GRID_CBE_00645,Tree cover,1.0,0.0,0.0,0.0,0.0,0.0,0.0
GRID_CBE_00646,Tree cover,1.0,0.0,0.0,0.0,0.0,0.0,0.0
GRID_CBE_00647,Tree cover,0.7273,0.0,0.0,0.2727,0.0,0.0,0.0
GRID_CBE_00648,Cropland,0.3636,0.0,0.0,0.6364,0.0,0.0,0.0
GRID_CBE_00649,Cropland,0.0,0.0,0.0,1.0,0.0,0.0,0.0
GRID_CBE_00650,Cropland,0.0,0.0,0.0,1.0,0.0,0.0,0.0
GRID_CBE_00651,Cropland,0.0,0.0,0.0,1.0,0.0,0.0,0.0
GRID_CBE_00652,Cropland,0.0,0.0,0.0,1.0,0.0,0.0,0.0
GRID_CBE_00653,Cropland,0.0,0.0,0.0,1.0,0.0,0.0,0.0
GRID_CBE_00654,Cropland,0.0,0.0,0.0,1.0,0.0,0.0,0.0
GRID_CBE_00655,Cropland,0.0,0.0,0.0,1.0,0.0,0.0,0.0
GRID_CBE_00656,Cropland,0.0,0.0,0.0,1.0,0.0,0.0,0.0
GRID_CBE_00657,Cropland,0.0,0.0,0.0,1.0,0.0,0.0,0.0
GRID_CBE_00658,Cropland,0.0,0.0,0.0,1.0,0.0,0.0,0.0
GRID_CBE_00659,Cropland,0.0,0.0,0.0,1.0,0.0,0.0,0.0
GRID_CBE_00660,Cropland,0.0,0.0,0.0,1.0,0.0,0.0,0.0
GRID_CBE_00661,Cropland,0.0,0.0,0.0,1.0,0.0,0.0,0.0
GRID_CBE_00662,Cropland,0.0,0.0,0.0,1.0,0.0,0.0,0.0
GRID_CBE_00663,Cropland,0.0,0.0,0.0,1.0,0.0,0.0,0.0
GRID_CBE_00664,Cropland,0.0,0.0,0.0,1.0,0.0,0.0,0.0
GRID_CBE_00665,Cropland,0.0,0.0,0.0,1.0,0.0,0.0,0.0
GRID_CBE_00666,Cropland,0.0,0.0,0.0,1.0,0.0,0.0,0.0
GRID_CBE_00667,Cropland,0.0,0.0,0.0,1.0,0.0,0.0,0.0
GRID_CBE_00668,Cropland,0.0,0.0,0.0,1.0,0.0,0.0,0.0
GRID_CBE_00669,Cropland,0.0,0.0,0.0,1.0,0.0,0.0,0.0
GRID_CBE_00670,Cropland,0.0,0.0,0.0,1.0,0.0,0.0,0.0
GRID_CBE_00671,Cropland,0.0,0.0,0.0,1.0,0.0,0.0,0.0
GRID_CBE_00672,Cropland,0.0,0.0,0.0,1.0,0.0,0.0,0.0
GRID_CBE_00673,Cropland,0.0,0.0,0.0,1.0,0.0,0.0,0.0
GRID_CBE_00674,Cropland,0.0,0.0,0.0,1.0,0.0,0.0,0.0
GRID_CBE_00675,Cropland,0.0,0.0,0.0,1.0,0.0,0.0,0.0
GRID_CBE_00676,Cropland,0.0,0.0,0.0,1.0,0.0,0.0,0.0
GRID_CBE_00677,Cropland,0.0,0.0,0.0,1.0,0.0,0.0,0.0
GRID_CBE_00678,Cropland,0.0,0.0,0.0,1.0,0.0,0.0,0.0
GRID_CBE_00679,Cropland,0.0,0.0,0.0,1.0,0.0,0.0,0.0
GRID_CBE_00680,Cropland,0.0,0.0,0.0,1.0,0.0,0.0,0.0
GRID_CBE_00681,Cropland,0.0,0.0,0.0,1.0,0.0,0.0,0.0
GRID_CBE_00682,Cropland,0.0,0.0,0.0,1.0,0.0,0.0,0.0
GRID_CBE_00683,Cropland,0.0,0.0,0.0,1.0,0.0,0.0,0.0
GRID_CBE_00684,Cropland,0.0,0.0,0.0,1.0,0.0,0.0,0.0
GRID_CBE_00685,Cropland,0.0,0.0,0.0,1.0,0.0,0.0,0.0
GRID_CBE_00686,Cropland,0.0,0.0,0.0,1.0,0.0,0.0,0.0
GRID_CBE_00687,Cropland,0.0,0.0,0.0,1.0,0.0,0.0,0.0
GRID_CBE_00688,Cropland,0.0,0.0,0.0,1.0,0.0,0.0,0.0
GRID_CBE_00689,Cropland,0.0,0.0,0.0,1.0,0.0,0.0,0.0
GRID_CBE_00690,Cropland,0.0,0.0,0.0,1.0,0.0,0.0,0.0
GRID_CBE_00691,Cropland,0.0,0.0,0.0,1.0,0.0,0.0,0.0
GRID_CBE_00692,Cropland,0.0,0.0,0.0,1.0,0.0,0.0,0.0
GRID_CBE_00693,Cropland,0.0,0.0,0.0,1.0,0.0,0.0,0.0
GRID_CBE_00694,Cropland,0.0,0.0,0.0,1.0,0.0,0.0,0.0
GRID_CBE_00695,Cropland,0.0,0.0,0.0,1.0,0.0,0.0,0.0
GRID_CBE_00696,Cropland,0.0,0.0,0.0,1.0,0.0,0.0,0.0
GRID_CBE_00697,Cropland,0.0,0.0,0.0,1.0,0.0,0.0,0.0
GRID_CBE_00698,Cropland,0.0,0.0,0.0,1.0,0.0,0.0,0.0
GRID_CBE_00699,Cropland,0.0,0.0,0.0,1.0,0.0,0.0,0.0
GRID_CBE_00700,Cropland,0.0,0.0,0.0,1.0,0.0,0.0,0.0
GRID_CBE_00701,Cropland,0.0,0.0,0.0,1.0,0.0,0.0,0.0
GRID_CBE_00702,Cropland,0.0,0.0,0.0,1.0,0.0,0.0,0.0
GRID_CBE_00703,Tree cover,1.0,0.0,0.0,0.0,0.0,0.0,0.0
GRID_CBE_00704,Tree cover,1.0,0.0,0.0,0.0,0.0,0.0,0.0
GRID_CBE_00705,Tree cover,1.0,0.0,0.0,0.0,0.0,0.0,0.0
GRID_CBE_00706,Tree cover,1.0,0.0,0.0,0.0,0.0,0.0,0.0
GRID_CBE_00707,Tree cover,1.0,0.0,0.0,0.0,0.0,0.0,0.0
GRID_CBE_00708,Tree cover,1.0,0.0,0.0,0.0,0.0,0.0,0.0
GRID_CBE_00709,Tree cover,1.0,0.0,0.0,0.0,0.0,0.0,0.0
GRID_CBE_00710,Tree cover,1.0,0.0,0.0,0.0,0.0,0.0,0.0
GRID_CBE_00711,Tree cover,1.0,0.0,0.0,0.0,0.0,0.0,0.0
GRID_CBE_00712,Tree cover,1.0,0.0,0.0,0.0,0.0,0.0,0.0
GRID_CBE_00713,Tree cover,1.0,0.0,0.0,0.0,0.0,0.0,0.0
GRID_CBE_00714,Tree cover,1.0,0.0,0.0,0.0,0.0,0.0,0.0
GRID_CBE_00715,Tree cover,1.0,0.0,0.0,0.0,0.0,0.0,0.0
GRID_CBE_00716,Tree cover,1.0,0.0,0.0,0.0,0.0,0.0,0.0
GRID_CBE_00717,Tree cover,1.0,0.0,0.0,0.0,0.0,0.0,0.0
GRID_CBE_00718,Tree cover,1.0,0.0,0.0,0.0,0.0,0.0,0.0
GRID_CBE_00719,Tree cover,1.0,0.0,0.0,0.0,0.0,0.0,0.0
GRID_CBE_00720,Tree cover,1.0,0.0,0.0,0.0,0.0,0.0,0.0
GRID_CBE_00721,Tree cover,1.0,0.0,0.0,0.0,0.0,0.0,0.0
GRID_CBE_00722,Tree cover,1.0,0.0,0.0,0.0,0.0,0.0,0.0
GRID_CBE_00723,Tree cover,1.0,0.0,0.0,0.0,0.0,0.0,0.0
GRID_CBE_00724,Tree cover,1.0,0.0,0.0,0.0,0.0,0.0,0.0
GRID_CBE_00725,Tree cover,0.7273,0.0,0.0,0.2727,0.0,0.0,0.0
GRID_CBE_00726,Cropland,0.3636,0.0,0.0,0.6364,0.0,0.0,0.0
GRID_CBE_00727,Cropland,0.0,0.0,0.0,1.0,0.0,0.0,0.0
GRID_CBE_00728,Cropland,0.0,0.0,0.0,1.0,0.0,0.0,0.0
GRID_CBE_00729,Cropland,0.0,0.0,0.0,1.0,0.0,0.0,0.0
GRID_CBE_00730,Cropland,0.0,0.0,0.0,1.0,0.0,0.0,0.0
GRID_CBE_00731,Cropland,0.0,0.0,0.0,1.0,0.0,0.0,0.0
GRID_CBE_00732,Cropland,0.0,0.0,0.0,1.0,0.0,0.0,0.0
GRID_CBE_00733,Cropland,0.0,0.0,0.0,1.0,0.0,0.0,0.0
GRID_CBE_00734,Cropland,0.0,0.0,0.0,1.0,0.0,0.0,0.0
GRID_CBE_00735,Cropland,0.0,0.0,0.0,1.0,0.0,0.0,0.0
GRID_CBE_00736,Cropland,0.0,0.0,0.0,1.0,0.0,0.0,0.0
GRID_CBE_00737,Cropland,0.0,0.0,0.0,1.0,0.0,0.0,0.0
GRID_CBE_00738,Cropland,0.0,0.0,0.0,1.0,0.0,0.0,0.0
GRID_CBE_00739,Cropland,0.0,0.0,0.0,1.0,0.0,0.0,0.0
GRID_CBE_00740,Cropland,0.0,0.0,0.0,1.0,0.0,0.0,0.0
GRID_CBE_00741,Cropland,0.0,0.0,0.0,1.0,0.0,0.0,0.0
GRID_CBE_00742,Cropland,0.0,0.0,0.0,1.0,0.0,0.0,0.0
GRID_CBE_00743,Cropland,0.0,0.0,0.0,1.0,0.0,0.0,0.0
GRID_CBE_00744,Cropland,0.0,0.0,0.0,1.0,0.0,0.0,0.0
GRID_CBE_00745,Cropland,0.0,0.0,0.0,1.0,0.0,0.0,0.0
GRID_CBE_00746,Cropland,0.0,0.0,0.0,1.0,0.0,0.0,0.0
GRID_CBE_00747,Cropland,0.0,0.0,0.0,1.0,0.0,0.0,0.0
GRID_CBE_00748,Cropland,0.0,0.0,0.0,1.0,0.0,0.0,0.0
GRID_CBE_00749,Cropland,0.0,0.0,0.0,1.0,0.0,0.0,0.0
GRID_CBE_00750,Cropland,0.0,0.0,0.0,1.0,0.0,0.0,0.0
GRID_CBE_00751,Cropland,0.0,0.0,0.0,1.0,0.0,0.0,0.0
GRID_CBE_00752,Cropland,0.0,0.0,0.0,1.0,0.0,0.0,0.0
GRID_CBE_00753,Cropland,0.0,0.0,0.0,1.0,0.0,0.0,0.0
GRID_CBE_00754,Cropland,0.0,0.0,0.0,1.0,0.0,0.0,0.0
GRID_CBE_00755,Cropland,0.0,0.0,0.0,1.0,0.0,0.0,0.0
GRID_CBE_00756,Cropland,0.0,0.0,0.0,1.0,0.0,0.0,0.0
GRID_CBE_00757,Cropland,0.0,0.0,0.0,1.0,0.0,0.0,0.0
GRID_CBE_00758,Cropland,0.0,0.0,0.0,1.0,0.0,0.0,0.0
GRID_CBE_00759,Cropland,0.0,0.0,0.0,1.0,0.0,0.0,0.0
GRID_CBE_00760,Cropland,0.0,0.0,0.0,1.0,0.0,0.0,0.0
GRID_CBE_00761,Cropland,0.0,0.0,0.0,1.0,0.0,0.0,0.0
GRID_CBE_00762,Cropland,0.0,0.0,0.0,1.0,0.0,0.0,0.0
GRID_CBE_00763,Cropland,0.0,0.0,0.0,1.0,0.0,0.0,0.0
GRID_CBE_00764,Cropland,0.0,0.0,0.0,1.0,0.0,0.0,0.0
GRID_CBE_00765,Cropland,0.0,0.0,0.0,1.0,0.0,0.0,0.0
GRID_CBE_00766,Cropland,0.0,0.0,0.0,1.0,0.0,0.0,0.0
GRID_CBE_00767,Cropland,0.0,0.0,0.0,1.0,0.0,0.0,0.0
GRID_CBE_00768,Cropland,0.0,0.0,0.0,1.0,0.0,0.0,0.0
GRID_CBE_00769,Cropland,0.0,0.0,0.0,1.0,0.0,0.0,0.0
GRID_CBE_00770,Cropland,0.0,0.0,0.0,1.0,0.0,0.0,0.0
GRID_CBE_00771,Cropland,0.0,0.0,0.0,1.0,0.0,0.0,0.0
GRID_CBE_00772,Cropland,0.0,0.0,0.0,1.0,0.0,0.0,0.0
GRID_CBE_00773,Cropland,0.0,0.0,0.0,1.0,0.0,0.0,0.0
GRID_CBE_00774,Cropland,0.0,0.0,0.0,1.0,0.0,0.0,0.0
GRID_CBE_00775,Cropland,0.0,0.0,0.0,1.0,0.0,0.0,0.0
GRID_CBE_00776,Cropland,0.0,0.0,0.0,1.0,0.0,0.0,0.0
GRID_CBE_00777,Cropland,0.0,0.0,0.0,1.0,0.0,0.0,0.0
GRID_CBE_00778,Cropland,0.0,0.0,0.0,1.0,0.0,0.0,0.0
GRID_CBE_00779,Cropland,0.0,0.0,0.0,1.0,0.0,0.0,0.0
GRID_CBE_00780,Cropland,0.0,0.0,0.0,1.0,0.0,0.0,0.0
GRID_CBE_00781,Tree cover,1.0,0.0,0.0,0.0,0.0,0.0,0.0
GRID_CBE_00782,Tree cover,1.0,0.0,0.0,0.0,0.0,0.0,0.0
GRID_CBE_00783,Tree cover,1.0,0.0,0.0,0.0,0.0,0.0,0.0
GRID_CBE_00784,Tree cover,1.0,0.0,0.0,0.0,0.0,0.0,0.0
GRID_CBE_00785,Tree cover,1.0,0.0,0.0,0.0,0.0,0.0,0.0
GRID_CBE_00786,Tree cover,1.0,0.0,0.0,0.0,0.0,0.0,0.0
GRID_CBE_00787,Tree cover,1.0,0.0,0.0,0.0,0.0,0.0,0.0
GRID_CBE_00788,Tree cover,1.0,0.0,0.0,0.0,0.0,0.0,0.0
GRID_CBE_00789,Tree cover,1.0,0.0,0.0,0.0,0.0,0.0,0.0
GRID_CBE_00790,Tree cover,1.0,0.0,0.0,0.0,0.0,0.0,0.0
GRID_CBE_00791,Tree cover,1.0,0.0,0.0,0.0,0.0,0.0,0.0
GRID_CBE_00792,Tree cover,1.0,0.0,0.0,0.0,0.0,0.0,0.0
GRID_CBE_00793,Tree cover,1.0,0.0,0.0,0.0,0.0,0.0,0.0
GRID_CBE_00794,Tree cover,1.0,0.0,0.0,0.0,0.0,0.0,0.0
GRID_CBE_00795,Tree cover,1.0,0.0,0.0,0.0,0.0,0.0,0.0
GRID_CBE_00796,Tree cover,1.0,0.0,0.0,0.0,0.0,0.0,0.0
GRID_CBE_00797,Tree cover,1.0,0.0,0.0,0.0,0.0,0.0,0.0
GRID_CBE_00798,Tree cover,1.0,0.0,0.0,0.0,0.0,0.0,0.0
GRID_CBE_00799,Tree cover,1.0,0.0,0.0,0.0,0.0,0.0,0.0
GRID_CBE_00800,Tree cover,1.0,0.0,0.0,0.0,0.0,0.0,0.0
GRID_CBE_00801,Tree cover,1.0,0.0,0.0,0.0,0.0,0.0,0.0
GRID_CBE_00802,Tree cover,1.0,0.0,0.0,0.0,0.0,0.0,0.0
GRID_CBE_00803,Tree cover,0.7273,0.0,0.0,0.2727,0.0,0.0,0.0
GRID_CBE_00804,Cropland,0.3636,0.0,0.0,0.6364,0.0,0.0,0.0
GRID_CBE_00805,Cropland,0.0,0.0,0.0,1.0,0.0,0.0,0.0
GRID_CBE_00806,Cropland,0.0,0.0,0.0,1.0,0.0,0.0,0.0
GRID_CBE_00807,Cropland,0.0,0.0,0.0,1.0,0.0,0.0,0.0
GRID_CBE_00808,Cropland,0.0,0.0,0.0,1.0,0.0,0.0,0.0
GRID_CBE_00809,Cropland,0.0,0.0,0.0,1.0,0.0,0.0,0.0
GRID_CBE_00810,Cropland,0.0,0.0,0.0,1.0,0.0,0.0,0.0
GRID_CBE_00811,Cropland,0.0,0.0,0.0,1.0,0.0,0.0,0.0
GRID_CBE_00812,Cropland,0.0,0.0,0.0,1.0,0.0,0.0,0.0
GRID_CBE_00813,Cropland,0.0,0.0,0.0,1.0,0.0,0.0,0.0
GRID_CBE_00814,Cropland,0.0,0.0,0.0,1.0,0.0,0.0,0.0
GRID_CBE_00815,Cropland,0.0,0.0,0.0,1.0,0.0,0.0,0.0
GRID_CBE_00816,Cropland,0.0,0.0,0.0,1.0,0.0,0.0,0.0
GRID_CBE_00817,Cropland,0.0,0.0,0.0,1.0,0.0,0.0,0.0
GRID_CBE_00818,Cropland,0.0,0.0,0.0,1.0,0.0,0.0,0.0
GRID_CBE_00819,Cropland,0.0,0.0,0.0,1.0,0.0,0.0,0.0
GRID_CBE_00820,Cropland,0.0,0.0,0.0,1.0,0.0,0.0,0.0
GRID_CBE_00821,Cropland,0.0,0.0,0.0,1.0,0.0,0.0,0.0
GRID_CBE_00822,Cropland,0.0,0.0,0.0,1.0,0.0,0.0,0.0
GRID_CBE_00823,Cropland,0.0,0.0,0.0,1.0,0.0,0.0,0.0
GRID_CBE_00824,Cropland,0.0,0.0,0.0,1.0,0.0,0.0,0.0
GRID_CBE_00825,Cropland,0.0,0.0,0.0,1.0,0.0,0.0,0.0
GRID_CBE_00826,Cropland,0.0,0.0,0.0,1.0,0.0,0.0,0.0
GRID_CBE_00827,Cropland,0.0,0.0,0.0,1.0,0.0,0.0,0.0
GRID_CBE_00828,Cropland,0.0,0.0,0.0,1.0,0.0,0.0,0.0
GRID_CBE_00829,Cropland,0.0,0.0,0.0,1.0,0.0,0.0,0.0
GRID_CBE_00830,Cropland,0.0,0.0,0.0,1.0,0.0,0.0,0.0
GRID_CBE_00831,Cropland,0.0,0.0,0.0,1.0,0.0,0.0,0.0
GRID_CBE_00832,Cropland,0.0,0.0,0.0,1.0,0.0,0.0,0.0
GRID_CBE_00833,Cropland,0.0,0.0,0.0,1.0,0.0,0.0,0.0
GRID_CBE_00834,Cropland,0.0,0.0,0.0,1.0,0.0,0.0,0.0
GRID_CBE_00835,Cropland,0.0,0.0,0.0,1.0,0.0,0.0,0.0
GRID_CBE_00836,Cropland,0.0,0.0,0.0,1.0,0.0,0.0,0.0
GRID_CBE_00837,Cropland,0.0,0.0,0.0,1.0,0.0,0.0,0.0
GRID_CBE_00838,Cropland,0.0,0.0,0.0,1.0,0.0,0.0,0.0
GRID_CBE_00839,Cropland,0.0,0.0,0.0,1.0,0.0,0.0,0.0
GRID_CBE_00840,Cropland,0.0,0.0,0.0,1.0,0.0,0.0,0.0
GRID_CBE_00841,Cropland,0.0,0.0,0.0,1.0,0.0,0.0,0.0
GRID_CBE_00842,Cropland,0.0,0.0,0.0,1.0,0.0,0.0,0.0
GRID_CBE_00843,Cropland,0.0,0.0,0.0,1.0,0.0,0.0,0.0
GRID_CBE_00844,Cropland,0.0,0.0,0.0,1.0,0.0,0.0,0.0
GRID_CBE_00845,Cropland,0.0,0.0,0.0,1.0,0.0,0.0,0.0
GRID_CBE_00846,Cropland,0.0,0.0,0.0,1.0,0.0,0.0,0.0
GRID_CBE_00847,Cropland,0.0,0.0,0.0,1.0,0.0,0.0,0.0
GRID_CBE_00848,Cropland,0.0,0.0,0.0,1.0,0.0,0.0,0.0
GRID_CBE_00849,Cropland,0.0,0.0,0.0,1.0,0.0,0.0,0.0
GRID_CBE_00850,Cropland,0.0,0.0,0.0,1.0,0.0,0.0,0.0
GRID_CBE_00851,Cropland,0.0,0.0,0.0,1.0,0.0,0.0,0.0
GRID_CBE_00852,Cropland,0.0,0.0,0.0,1.0,0.0,0.0,0.0
GRID_CBE_00853,Cropland,0.0,0.0,0.0,1.0,0.0,0.0,0.0
GRID_CBE_00854,Cropland,0.0,0.0,0.0,1.0,0.0,0.0,0.0
GRID_CBE_00855,Cropland,0.0,0.0,0.0,1.0,0.0,0.0,0.0
GRID_CBE_00856,Cropland,0.0,0.0,0.0,1.0,0.0,0.0,0.0
GRID_CBE_00857,Cropland,0.0,0.0,0.0,1.0,0.0,0.0,0.0
GRID_CBE_00858,Cropland,0.0,0.0,0.0,1.0,0.0,0.0,0.0
GRID_CBE_00859,Tree cover,1.0,0.0,0.0,0.0,0.0,0.0,0.0
GRID_CBE_00860,Tree cover,1.0,0.0,0.0,0.0,0.0,0.0,0.0
GRID_CBE_00861,Tree cover,1.0,0.0,0.0,0.0,0.0,0.0,0.0
GRID_CBE_00862,Tree cover,1.0,0.0,0.0,0.0,0.0,0.0,0.0
GRID_CBE_00863,Tree cover,1.0,0.0,0.0,0.0,0.0,0.0,0.0
GRID_CBE_00864,Tree cover,1.0,0.0,0.0,0.0,0.0,0.0,0.0
GRID_CBE_00865,Tree cover,1.0,0.0,0.0,0.0,0.0,0.0,0.0
GRID_CBE_00866,Tree cover,1.0,0.0,0.0,0.0,0.0,0.0,0.0
GRID_CBE_00867,Tree cover,1.0,0.0,0.0,0.0,0.0,0.0,0.0
GRID_CBE_00868,Tree cover,1.0,0.0,0.0,0.0,0.0,0.0,0.0
GRID_CBE_00869,Tree cover,1.0,0.0,0.0,0.0,0.0,0.0,0.0
GRID_CBE_00870,Tree cover,1.0,0.0,0.0,0.0,0.0,0.0,0.0
GRID_CBE_00871,Tree cover,1.0,0.0,0.0,0.0,0.0,0.0,0.0
GRID_CBE_00872,Tree cover,1.0,0.0,0.0,0.0,0.0,0.0,0.0
GRID_CBE_00873,Tree cover,1.0,0.0,0.0,0.0,0.0,0.0,0.0
GRID_CBE_00874,Tree cover,1.0,0.0,0.0,0.0,0.0,0.0,0.0
GRID_CBE_00875,Tree cover,1.0,0.0,0.0,0.0,0.0,0.0,0.0
GRID_CBE_00876,Tree cover,1.0,0.0,0.0,0.0,0.0,0.0,0.0
GRID_CBE_00877,Tree cover,1.0,0.0,0.0,0.0,0.0,0.0,0.0
GRID_CBE_00878,Tree cover,1.0,0.0,0.0,0.0,0.0,0.0,0.0
GRID_CBE_00879,Tree cover,1.0,0.0,0.0,0.0,0.0,0.0,0.0
GRID_CBE_00880,Tree cover,1.0,0.0,0.0,0.0,0.0,0.0,0.0
GRID_CBE_00881,Tree cover,0.7273,0.0,0.0,0.2727,0.0,0.0,0.0
GRID_CBE_00882,Cropland,0.3636,0.0,0.0,0.6364,0.0,0.0,0.0
GRID_CBE_00883,Cropland,0.0,0.0,0.0,1.0,0.0,0.0,0.0
GRID_CBE_00884,Cropland,0.0,0.0,0.0,1.0,0.0,0.0,0.0
GRID_CBE_00885,Cropland,0.0,0.0,0.0,1.0,0.0,0.0,0.0
GRID_CBE_00886,Cropland,0.0,0.0,0.0,1.0,0.0,0.0,0.0
GRID_CBE_00887,Cropland,0.0,0.0,0.0,1.0,0.0,0.0,0.0
GRID_CBE_00888,Cropland,0.0,0.0,0.0,1.0,0.0,0.0,0.0
GRID_CBE_00889,Cropland,0.0,0.0,0.0,1.0,0.0,0.0,0.0
GRID_CBE_00890,Cropland,0.0,0.0,0.0,1.0,0.0,0.0,0.0
GRID_CBE_00891,Cropland,0.0,0.0,0.0,1.0,0.0,0.0,0.0
GRID_CBE_00892,Cropland,0.0,0.0,0.0,1.0,0.0,0.0,0.0
GRID_CBE_00893,Cropland,0.0,0.0,0.0,1.0,0.0,0.0,0.0
GRID_CBE_00894,Cropland,0.0,0.0,0.0,1.0,0.0,0.0,0.0
GRID_CBE_00895,Cropland,0.0,0.0,0.0,1.0,0.0,0.0,0.0
GRID_CBE_00896,Cropland,0.0,0.0,0.0,1.0,0.0,0.0,0.0
GRID_CBE_00897,Cropland,0.0,0.0,0.0,1.0,0.0,0.0,0.0
GRID_CBE_00898,Cropland,0.0,0.0,0.0,1.0,0.0,0.0,0.0
GRID_CBE_00899,Cropland,0.0,0.0,0.0,1.0,0.0,0.0,0.0
GRID_CBE_00900,Cropland,0.0,0.0,0.0,1.0,0.0,0.0,0.0
GRID_CBE_00901,Cropland,0.0,0.0,0.0,1.0,0.0,0.0,0.0
GRID_CBE_00902,Cropland,0.0,0.0,0.0,1.0,0.0,0.0,0.0
GRID_CBE_00903,Cropland,0.0,0.0,0.0,1.0,0.0,0.0,0.0
GRID_CBE_00904,Cropland,0.0,0.0,0.0,1.0,0.0,0.0,0.0
GRID_CBE_00905,Cropland,0.0,0.0,0.0,1.0,0.0,0.0,0.0
GRID_CBE_00906,Cropland,0.0,0.0,0.0,1.0,0.0,0.0,0.0
GRID_CBE_00907,Cropland,0.0,0.0,0.0,1.0,0.0,0.0,0.0
GRID_CBE_00908,Cropland,0.0,0.0,0.0,1.0,0.0,0.0,0.0
GRID_CBE_00909,Cropland,0.0,0.0,0.0,1.0,0.0,0.0,0.0
GRID_CBE_00910,Cropland,0.0,0.0,0.0,1.0,0.0,0.0,0.0
GRID_CBE_00911,Cropland,0.0,0.0,0.0,1.0,0.0,0.0,0.0
GRID_CBE_00912,Cropland,0.0,0.0,0.0,1.0,0.0,0.0,0.0
GRID_CBE_00913,Cropland,0.0,0.0,0.0,1.0,0.0,0.0,0.0
GRID_CBE_00914,Cropland,0.0,0.0,0.0,1.0,0.0,0.0,0.0
GRID_CBE_00915,Cropland,0.0,0.0,0.0,1.0,0.0,0.0,0.0
GRID_CBE_00916,Cropland,0.0,0.0,0.0,1.0,0.0,0.0,0.0
GRID_CBE_00917,Cropland,0.0,0.0,0.0,1.0,0.0,0.0,0.0
GRID_CBE_00918,Cropland,0.0,0.0,0.0,1.0,0.0,0.0,0.0
GRID_CBE_00919,Cropland,0.0,0.0,0.0,1.0,0.0,0.0,0.0
GRID_CBE_00920,Cropland,0.0,0.0,0.0,1.0,0.0,0.0,0.0
GRID_CBE_00921,Cropland,0.0,0.0,0.0,1.0,0.0,0.0,0.0
GRID_CBE_00922,Cropland,0.0,0.0,0.0,1.0,0.0,0.0,0.0
GRID_CBE_00923,Cropland,0.0,0.0,0.0,1.0,0.0,0.0,0.0
GRID_CBE_00924,Cropland,0.0,0.0,0.0,1.0,0.0,0.0,0.0
GRID_CBE_00925,Cropland,0.0,0.0,0.0,1.0,0.0,0.0,0.0
GRID_CBE_00926,Cropland,0.0,0.0,0.0,1.0,0.0,0.0,0.0
GRID_CBE_00927,Cropland,0.0,0.0,0.0,1.0,0.0,0.0,0.0
GRID_CBE_00928,Cropland,0.0,0.0,0.0,1.0,0.0,0.0,0.0
GRID_CBE_00929,Cropland,0.0,0.0,0.0,1.0,0.0,0.0,0.0
GRID_CBE_00930,Cropland,0.0,0.0,0.0,1.0,0.0,0.0,0.0
GRID_CBE_00931,Cropland,0.0,0.0,0.0,1.0,0.0,0.0,0.0
GRID_CBE_00932,Cropland,0.0,0.0,0.0,1.0,0.0,0.0,0.0
GRID_CBE_00933,Cropland,0.0,0.0,0.0,1.0,0.0,0.0,0.0
GRID_CBE_00934,Cropland,0.0,0.0,0.0,1.0,0.0,0.0,0.0
GRID_CBE_00935,Cropland,0.0,0.0,0.0,1.0,0.0,0.0,0.0
GRID_CBE_00936,Cropland,0.0,0.0,0.0,1.0,0.0,0.0,0.0
GRID_CBE_00937,Tree cover,1.0,0.0,0.0,0.0,0.0,0.0,0.0
GRID_CBE_00938,Tree cover,1.0,0.0,0.0,0.0,0.0,0.0,0.0
GRID_CBE_00939,Tree cover,1.0,0.0,0.0,0.0,0.0,0.0,0.0
GRID_CBE_00940,Tree cover,1.0,0.0,0.0,0.0,0.0,0.0,0.0
GRID_CBE_00941,Tree cover,1.0,0.0,0.0,0.0,0.0,0.0,0.0
GRID_CBE_00942,Tree cover,1.0,0.0,0.0,0.0,0.0,0.0,0.0
GRID_CBE_00943,Tree cover,1.0,0.0,0.0,0.0,0.0,0.0,0.0
GRID_CBE_00944,Tree cover,1.0,0.0,0.0,0.0,0.0,0.0,0.0
GRID_CBE_00945,Tree cover,1.0,0.0,0.0,0.0,0.0,0.0,0.0
GRID_CBE_00946,Tree cover,1.0,0.0,0.0,0.0,0.0,0.0,0.0
GRID_CBE_00947,Tree cover,1.0,0.0,0.0,0.0,0.0,0.0,0.0
GRID_CBE_00948,Tree cover,1.0,0.0,0.0,0.0,0.0,0.0,0.0
GRID_CBE_00949,Tree cover,1.0,0.0,0.0,0.0,0.0,0.0,0.0
GRID_CBE_00950,Tree cover,1.0,0.0,0.0,0.0,0.0,0.0,0.0
GRID_CBE_00951,Tree cover,1.0,0.0,0.0,0.0,0.0,0.0,0.0
GRID_CBE_00952,Tree cover,1.0,0.0,0.0,0.0,0.0,0.0,0.0
GRID_CBE_00953,Tree cover,1.0,0.0,0.0,0.0,0.0,0.0,0.0
GRID_CBE_00954,Tree cover,1.0,0.0,0.0,0.0,0.0,0.0,0.0
GRID_CBE_00955,Tree cover,1.0,0.0,0.0,0.0,0.0,0.0,0.0
GRID_CBE_00956,Tree cover,1.0,0.0,0.0,0.0,0.0,0.0,0.0
GRID_CBE_00957,Tree cover,1.0,0.0,0.0,0.0,0.0,0.0,0.0
GRID_CBE_00958,Tree cover,1.0,0.0,0.0,0.0,0.0,0.0,0.0
GRID_CBE_00959,Tree cover,0.7273,0.0,0.0,0.2727,0.0,0.0,0.0
GRID_CBE_00960,Cropland,0.3636,0.0,0.0,0.6364,0.0,0.0,0.0
GRID_CBE_00961,Cropland,0.0,0.0,0.0,1.0,0.0,0.0,0.0
GRID_CBE_00962,Cropland,0.0,0.0,0.0,1.0,0.0,0.0,0.0
GRID_CBE_00963,Cropland,0.0,0.0,0.0,1.0,0.0,0.0,0.0
GRID_CBE_00964,Cropland,0.0,0.0,0.0,1.0,0.0,0.0,0.0
GRID_CBE_00965,Cropland,0.0,0.0,0.0,1.0,0.0,0.0,0.0
GRID_CBE_00966,Cropland,0.0,0.0,0.0,1.0,0.0,0.0,0.0
GRID_CBE_00967,Cropland,0.0,0.0,0.0,1.0,0.0,0.0,0.0
GRID_CBE_00968,Cropland,0.0,0.0,0.0,1.0,0.0,0.0,0.0
GRID_CBE_00969,Cropland,0.0,0.0,0.0,1.0,0.0,0.0,0.0
GRID_CBE_00970,Cropland,0.0,0.0,0.0,1.0,0.0,0.0,0.0
GRID_CBE_00971,Cropland,0.0,0.0,0.0,1.0,0.0,0.0,0.0
GRID_CBE_00972,Cropland,0.0,0.0,0.0,1.0,0.0,0.0,0.0
GRID_CBE_00973,Cropland,0.0,0.0,0.0,1.0,0.0,0.0,0.0
GRID_CBE_00974,Cropland,0.0,0.0,0.0,1.0,0.0,0.0,0.0
GRID_CBE_00975,Cropland,0.0,0.0,0.0,1.0,0.0,0.0,0.0
GRID_CBE_00976,Cropland,0.0,0.0,0.0,1.0,0.0,0.0,0.0
GRID_CBE_00977,Cropland,0.0,0.0,0.0,1.0,0.0,0.0,0.0
GRID_CBE_00978,Cropland,0.0,0.0,0.0,1.0,0.0,0.0,0.0
GRID_CBE_00979,Cropland,0.0,0.0,0.0,1.0,0.0,0.0,0.0
GRID_CBE_00980,Cropland,0.0,0.0,0.0,1.0,0.0,0.0,0.0
GRID_CBE_00981,Cropland,0.0,0.0,0.0,1.0,0.0,0.0,0.0
GRID_CBE_00982,Cropland,0.0,0.0,0.0,1.0,0.0,0.0,0.0
GRID_CBE_00983,Cropland,0.0,0.0,0.0,1.0,0.0,0.0,0.0
GRID_CBE_00984,Cropland,0.0,0.0,0.0,1.0,0.0,0.0,0.0
GRID_CBE_00985,Cropland,0.0,0.0,0.0,1.0,0.0,0.0,0.0
GRID_CBE_00986,Cropland,0.0,0.0,0.0,1.0,0.0,0.0,0.0
GRID_CBE_00987,Cropland,0.0,0.0,0.0,1.0,0.0,0.0,0.0
GRID_CBE_00988,Cropland,0.0,0.0,0.0,1.0,0.0,0.0,0.0
GRID_CBE_00989,Cropland,0.0,0.0,0.0,1.0,0.0,0.0,0.0
GRID_CBE_00990,Cropland,0.0,0.0,0.0,1.0,0.0,0.0,0.0
GRID_CBE_00991,Cropland,0.0,0.0,0.0,1.0,0.0,0.0,0.0
GRID_CBE_00992,Cropland,0.0,0.0,0.0,1.0,0.0,0.0,0.0
GRID_CBE_00993,Cropland,0.0,0.0,0.0,1.0,0.0,0.0,0.0
GRID_CBE_00994,Cropland,0.0,0.0,0.0,1.0,0.0,0.0,0.0
GRID_CBE_00995,Cropland,0.0,0.0,0.0,1.0,0.0,0.0,0.0
GRID_CBE_00996,Cropland,0.0,0.0,0.0,1.0,0.0,0.0,0.0
GRID_CBE_00997,Cropland,0.0,0.0,0.0,1.0,0.0,0.0,0.0
GRID_CBE_00998,Cropland,0.0,0.0,0.0,1.0,0.0,0.0,0.0
GRID_CBE_00999,Cropland,0.0,0.0,0.0,1.0,0.0,0.0,0.0
GRID_CBE_01000,Cropland,0.0,0.0,0.0,1.0,0.0,0.0,0.0
GRID_CBE_01001,Cropland,0.0,0.0,0.0,1.0,0.0,0.0,0.0
GRID_CBE_01002,Cropland,0.0,0.0,0.0,1.0,0.0,0.0,0.0
GRID_CBE_01003,Cropland,0.0,0.0,0.0,1.0,0.0,0.0,0.0
GRID_CBE_01004,Cropland,0.0,0.0,0.0,1.0,0.0,0.0,0.0
GRID_CBE_01005,Cropland,0.0,0.0,0.0,1.0,0.0,0.0,0.0
GRID_CBE_01006,Cropland,0.0,0.0,0.0,1.0,0.0,0.0,0.0
GRID_CBE_01007,Cropland,0.0,0.0,0.0,1.0,0.0,0.0,0.0
GRID_CBE_01008,Cropland,0.0,0.0,0.0,1.0,0.0,0.0,0.0
GRID_CBE_01009,Cropland,0.0,0.0,0.0,1.0,0.0,0.0,0.0
GRID_CBE_01010,Cropland,0.0,0.0,0.0,1.0,0.0,0.0,0.0
GRID_CBE_01011,Cropland,0.0,0.0,0.0,1.0,0.0,0.0,0.0
GRID_CBE_01012,Cropland,0.0,0.0,0.0,1.0,0.0,0.0,0.0
GRID_CBE_01013,Cropland,0.0,0.0,0.0,1.0,0.0,0.0,0.0
GRID_CBE_01014,Cropland,0.0,0.0,0.0,1.0,0.0,0.0,0.0
GRID_CBE_01015,Tree cover,1.0,0.0,0.0,0.0,0.0,0.0,0.0
GRID_CBE_01016,Tree cover,1.0,0.0,0.0,0.0,0.0,0.0,0.0
GRID_CBE_01017,Tree cover,1.0,0.0,0.0,0.0,0.0,0.0,0.0
GRID_CBE_01018,Tree cover,1.0,0.0,0.0,0.0,0.0,0.0,0.0
GRID_CBE_01019,Tree cover,1.0,0.0,0.0,0.0,0.0,0.0,0.0
GRID_CBE_01020,Tree cover,1.0,0.0,0.0,0.0,0.0,0.0,0.0
GRID_CBE_01021,Tree cover,1.0,0.0,0.0,0.0,0.0,0.0,0.0
GRID_CBE_01022,Tree cover,1.0,0.0,0.0,0.0,0.0,0.0,0.0
GRID_CBE_01023,Tree cover,1.0,0.0,0.0,0.0,0.0,0.0,0.0
GRID_CBE_01024,Tree cover,1.0,0.0,0.0,0.0,0.0,0.0,0.0
GRID_CBE_01025,Tree cover,1.0,0.0,0.0,0.0,0.0,0.0,0.0
GRID_CBE_01026,Tree cover,1.0,0.0,0.0,0.0,0.0,0.0,0.0
GRID_CBE_01027,Tree cover,1.0,0.0,0.0,0.0,0.0,0.0,0.0
GRID_CBE_01028,Tree cover,1.0,0.0,0.0,0.0,0.0,0.0,0.0
GRID_CBE_01029,Tree cover,1.0,0.0,0.0,0.0,0.0,0.0,0.0
GRID_CBE_01030,Tree cover,1.0,0.0,0.0,0.0,0.0,0.0,0.0
GRID_CBE_01031,Tree cover,1.0,0.0,0.0,0.0,0.0,0.0,0.0
GRID_CBE_01032,Tree cover,1.0,0.0,0.0,0.0,0.0,0.0,0.0
GRID_CBE_01033,Tree cover,1.0,0.0,0.0,0.0,0.0,0.0,0.0
GRID_CBE_01034,Tree cover,1.0,0.0,0.0,0.0,0.0,0.0,0.0
GRID_CBE_01035,Tree cover,1.0,0.0,0.0,0.0,0.0,0.0,0.0
GRID_CBE_01036,Tree cover,1.0,0.0,0.0,0.0,0.0,0.0,0.0
GRID_CBE_01037,Tree cover,0.7273,0.0,0.0,0.2727,0.0,0.0,0.0
GRID_CBE_01038,Cropland,0.3636,0.0,0.0,0.6364,0.0,0.0,0.0
GRID_CBE_01039,Cropland,0.0,0.0,0.0,1.0,0.0,0.0,0.0
GRID_CBE_01040,Cropland,0.0,0.0,0.0,1.0,0.0,0.0,0.0
GRID_CBE_01041,Cropland,0.0,0.0,0.0,1.0,0.0,0.0,0.0
GRID_CBE_01042,Cropland,0.0,0.0,0.0,1.0,0.0,0.0,0.0
GRID_CBE_01043,Cropland,0.0,0.0,0.0,1.0,0.0,0.0,0.0
GRID_CBE_01044,Cropland,0.0,0.0,0.0,1.0,0.0,0.0,0.0
GRID_CBE_01045,Cropland,0.0,0.0,0.0,1.0,0.0,0.0,0.0
GRID_CBE_01046,Cropland,0.0,0.0,0.0,1.0,0.0,0.0,0.0
GRID_CBE_01047,Cropland,0.0,0.0,0.0,1.0,0.0,0.0,0.0
GRID_CBE_01048,Cropland,0.0,0.0,0.0,1.0,0.0,0.0,0.0
GRID_CBE_01049,Cropland,0.0,0.0,0.0,1.0,0.0,0.0,0.0
GRID_CBE_01050,Cropland,0.0,0.0,0.0,1.0,0.0,0.0,0.0
GRID_CBE_01051,Cropland,0.0,0.0,0.0,1.0,0.0,0.0,0.0
GRID_CBE_01052,Cropland,0.0,0.0,0.0,1.0,0.0,0.0,0.0
GRID_CBE_01053,Cropland,0.0,0.0,0.0,1.0,0.0,0.0,0.0
GRID_CBE_01054,Cropland,0.0,0.0,0.0,1.0,0.0,0.0,0.0
GRID_CBE_01055,Cropland,0.0,0.0,0.0,1.0,0.0,0.0,0.0
GRID_CBE_01056,Cropland,0.0,0.0,0.0,1.0,0.0,0.0,0.0
GRID_CBE_01057,Cropland,0.0,0.0,0.0,1.0,0.0,0.0,0.0
GRID_CBE_01058,Cropland,0.0,0.0,0.0,1.0,0.0,0.0,0.0
GRID_CBE_01059,Cropland,0.0,0.0,0.0,1.0,0.0,0.0,0.0
GRID_CBE_01060,Cropland,0.0,0.0,0.0,1.0,0.0,0.0,0.0
GRID_CBE_01061,Cropland,0.0,0.0,0.0,1.0,0.0,0.0,0.0
GRID_CBE_01062,Cropland,0.0,0.0,0.0,1.0,0.0,0.0,0.0
GRID_CBE_01063,Cropland,0.0,0.0,0.0,1.0,0.0,0.0,0.0
GRID_CBE_01064,Cropland,0.0,0.0,0.0,1.0,0.0,0.0,0.0
GRID_CBE_01065,Cropland,0.0,0.0,0.0,1.0,0.0,0.0,0.0
GRID_CBE_01066,Cropland,0.0,0.0,0.0,1.0,0.0,0.0,0.0
GRID_CBE_01067,Cropland,0.0,0.0,0.0,1.0,0.0,0.0,0.0
GRID_CBE_01068,Cropland,0.0,0.0,0.0,1.0,0.0,0.0,0.0
GRID_CBE_01069,Cropland,0.0,0.0,0.0,1.0,0.0,0.0,0.0
GRID_CBE_01070,Cropland,0.0,0.0,0.0,1.0,0.0,0.0,0.0
GRID_CBE_01071,Cropland,0.0,0.0,0.0,1.0,0.0,0.0,0.0
GRID_CBE_01072,Cropland,0.0,0.0,0.0,1.0,0.0,0.0,0.0
GRID_CBE_01073,Cropland,0.0,0.0,0.0,1.0,0.0,0.0,0.0
GRID_CBE_01074,Cropland,0.0,0.0,0.0,1.0,0.0,0.0,0.0
GRID_CBE_01075,Cropland,0.0,0.0,0.0,1.0,0.0,0.0,0.0
GRID_CBE_01076,Cropland,0.0,0.0,0.0,1.0,0.0,0.0,0.0
GRID_CBE_01077,Cropland,0.0,0.0,0.0,1.0,0.0,0.0,0.0
GRID_CBE_01078,Cropland,0.0,0.0,0.0,1.0,0.0,0.0,0.0
GRID_CBE_01079,Cropland,0.0,0.0,0.0,1.0,0.0,0.0,0.0
GRID_CBE_01080,Cropland,0.0,0.0,0.0,1.0,0.0,0.0,0.0
GRID_CBE_01081,Cropland,0.0,0.0,0.0,1.0,0.0,0.0,0.0
GRID_CBE_01082,Cropland,0.0,0.0,0.0,1.0,0.0,0.0,0.0
GRID_CBE_01083,Cropland,0.0,0.0,0.0,1.0,0.0,0.0,0.0
GRID_CBE_01084,Cropland,0.0,0.0,0.0,1.0,0.0,0.0,0.0
GRID_CBE_01085,Cropland,0.0,0.0,0.0,1.0,0.0,0.0,0.0
GRID_CBE_01086,Cropland,0.0,0.0,0.0,1.0,0.0,0.0,0.0
GRID_CBE_01087,Cropland,0.0,0.0,0.0,1.0,0.0,0.0,0.0
GRID_CBE_01088,Cropland,0.0,0.0,0.0,1.0,0.0,0.0,0.0
GRID_CBE_01089,Cropland,0.0,0.0,0.0,1.0,0.0,0.0,0.0
GRID_CBE_01090,Cropland,0.0,0.0,0.0,1.0,0.0,0.0,0.0
GRID_CBE_01091,Cropland,0.0,0.0,0.0,1.0,0.0,0.0,0.0
GRID_CBE_01092,Cropland,0.0,0.0,0.0,1.0,0.0,0.0,0.0
GRID_CBE_01093,Tree cover,1.0,0.0,0.0,0.0,0.0,0.0,0.0
GRID_CBE_01094,Tree cover,1.0,0.0,0.0,0.0,0.0,0.0,0.0
GRID_CBE_01095,Tree cover,1.0,0.0,0.0,0.0,0.0,0.0,0.0
GRID_CBE_01096,Tree cover,1.0,0.0,0.0,0.0,0.0,0.0,0.0
GRID_CBE_01097,Tree cover,1.0,0.0,0.0,0.0,0.0,0.0,0.0
GRID_CBE_01098,Tree cover,1.0,0.0,0.0,0.0,0.0,0.0,0.0
GRID_CBE_01099,Tree cover,1.0,0.0,0.0,0.0,0.0,0.0,0.0
GRID_CBE_01100,Tree cover,1.0,0.0,0.0,0.0,0.0,0.0,0.0
GRID_CBE_01101,Tree cover,1.0,0.0,0.0,0.0,0.0,0.0,0.0
GRID_CBE_01102,Tree cover,1.0,0.0,0.0,0.0,0.0,0.0,0.0
GRID_CBE_01103,Tree cover,1.0,0.0,0.0,0.0,0.0,0.0,0.0
GRID_CBE_01104,Tree cover,1.0,0.0,0.0,0.0,0.0,0.0,0.0
GRID_CBE_01105,Tree cover,1.0,0.0,0.0,0.0,0.0,0.0,0.0
GRID_CBE_01106,Tree cover,1.0,0.0,0.0,0.0,0.0,0.0,0.0
GRID_CBE_01107,Tree cover,1.0,0.0,0.0,0.0,0.0,0.0,0.0
GRID_CBE_01108,Tree cover,1.0,0.0,0.0,0.0,0.0,0.0,0.0
GRID_CBE_01109,Tree cover,1.0,0.0,0.0,0.0,0.0,0.0,0.0
GRID_CBE_01110,Tree cover,1.0,0.0,0.0,0.0,0.0,0.0,0.0
GRID_CBE_01111,Tree cover,1.0,0.0,0.0,0.0,0.0,0.0,0.0
GRID_CBE_01112,Tree cover,1.0,0.0,0.0,0.0,0.0,0.0,0.0
GRID_CBE_01113,Tree cover,1.0,0.0,0.0,0.0,0.0,0.0,0.0
GRID_CBE_01114,Tree cover,1.0,0.0,0.0,0.0,0.0,0.0,0.0
GRID_CBE_01115,Tree cover,0.7273,0.0,0.0,0.2727,0.0,0.0,0.0
GRID_CBE_01116,Cropland,0.3636,0.0,0.0,0.6364,0.0,0.0,0.0
GRID_CBE_01117,Cropland,0.0,0.0,0.0,1.0,0.0,0.0,0.0
GRID_CBE_01118,Cropland,0.0,0.0,0.0,1.0,0.0,0.0,0.0
GRID_CBE_01119,Cropland,0.0,0.0,0.0,1.0,0.0,0.0,0.0
GRID_CBE_01120,Cropland,0.0,0.0,0.0,1.0,0.0,0.0,0.0
GRID_CBE_01121,Cropland,0.0,0.0,0.0,1.0,0.0,0.0,0.0
GRID_CBE_01122,Cropland,0.0,0.0,0.0,1.0,0.0,0.0,0.0
GRID_CBE_01123,Cropland,0.0,0.0,0.0,1.0,0.0,0.0,0.0
GRID_CBE_01124,Cropland,0.0,0.0,0.0,1.0,0.0,0.0,0.0
GRID_CBE_01125,Cropland,0.0,0.0,0.0,1.0,0.0,0.0,0.0
GRID_CBE_01126,Cropland,0.0,0.0,0.0,1.0,0.0,0.0,0.0
GRID_CBE_01127,Cropland,0.0,0.0,0.0,1.0,0.0,0.0,0.0
GRID_CBE_01128,Cropland,0.0,0.0,0.0,1.0,0.0,0.0,0.0
GRID_CBE_01129,Cropland,0.0,0.0,0.0,1.0,0.0,0.0,0.0
GRID_CBE_01130,Cropland,0.0,0.0,0.0,1.0,0.0,0.0,0.0
GRID_CBE_01131,Cropland,0.0,0.0,0.0,1.0,0.0,0.0,0.0
GRID_CBE_01132,Cropland,0.0,0.0,0.0,1.0,0.0,0.0,0.0
GRID_CBE_01133,Cropland,0.0,0.0,0.0,1.0,0.0,0.0,0.0
GRID_CBE_01134,Cropland,0.0,0.0,0.0,1.0,0.0,0.0,0.0
GRID_CBE_01135,Cropland,0.0,0.0,0.0,1.0,0.0,0.0,0.0
GRID_CBE_01136,Cropland,0.0,0.0,0.0,1.0,0.0,0.0,0.0
GRID_CBE_01137,Cropland,0.0,0.0,0.0,1.0,0.0,0.0,0.0
GRID_CBE_01138,Cropland,0.0,0.0,0.0,1.0,0.0,0.0,0.0
GRID_CBE_01139,Cropland,0.0,0.0,0.0,1.0,0.0,0.0,0.0
GRID_CBE_01140,Cropland,0.0,0.0,0.0,1.0,0.0,0.0,0.0
GRID_CBE_01141,Cropland,0.0,0.0,0.0,1.0,0.0,0.0,0.0
GRID_CBE_01142,Cropland,0.0,0.0,0.0,1.0,0.0,0.0,0.0
GRID_CBE_01143,Cropland,0.0,0.0,0.0,1.0,0.0,0.0,0.0
GRID_CBE_01144,Cropland,0.0,0.0,0.0,1.0,0.0,0.0,0.0
GRID_CBE_01145,Cropland,0.0,0.0,0.0,1.0,0.0,0.0,0.0
GRID_CBE_01146,Cropland,0.0,0.0,0.0,1.0,0.0,0.0,0.0
GRID_CBE_01147,Cropland,0.0,0.0,0.0,1.0,0.0,0.0,0.0
GRID_CBE_01148,Cropland,0.0,0.0,0.0,1.0,0.0,0.0,0.0
GRID_CBE_01149,Cropland,0.0,0.0,0.0,1.0,0.0,0.0,0.0
GRID_CBE_01150,Cropland,0.0,0.0,0.0,1.0,0.0,0.0,0.0
GRID_CBE_01151,Cropland,0.0,0.0,0.0,1.0,0.0,0.0,0.0
GRID_CBE_01152,Cropland,0.0,0.0,0.0,1.0,0.0,0.0,0.0
GRID_CBE_01153,Cropland,0.0,0.0,0.0,1.0,0.0,0.0,0.0
GRID_CBE_01154,Cropland,0.0,0.0,0.0,1.0,0.0,0.0,0.0
GRID_CBE_01155,Cropland,0.0,0.0,0.0,1.0,0.0,0.0,0.0
GRID_CBE_01156,Cropland,0.0,0.0,0.0,1.0,0.0,0.0,0.0
GRID_CBE_01157,Cropland,0.0,0.0,0.0,1.0,0.0,0.0,0.0
GRID_CBE_01158,Cropland,0.0,0.0,0.0,1.0,0.0,0.0,0.0
GRID_CBE_01159,Cropland,0.0,0.0,0.0,1.0,0.0,0.0,0.0
GRID_CBE_01160,Cropland,0.0,0.0,0.0,1.0,0.0,0.0,0.0
GRID_CBE_01161,Cropland,0.0,0.0,0.0,1.0,0.0,0.0,0.0
GRID_CBE_01162,Cropland,0.0,0.0,0.0,1.0,0.0,0.0,0.0
GRID_CBE_01163,Cropland,0.0,0.0,0.0,1.0,0.0,0.0,0.0
GRID_CBE_01164,Cropland,0.0,0.0,0.0,1.0,0.0,0.0,0.0
GRID_CBE_01165,Cropland,0.0,0.0,0.0,1.0,0.0,0.0,0.0
GRID_CBE_01166,Cropland,0.0,0.0,0.0,1.0,0.0,0.0,0.0
GRID_CBE_01167,Cropland,0.0,0.0,0.0,1.0,0.0,0.0,0.0
GRID_CBE_01168,Cropland,0.0,0.0,0.0,1.0,0.0,0.0,0.0
GRID_CBE_01169,Cropland,0.0,0.0,0.0,1.0,0.0,0.0,0.0
GRID_CBE_01170,Cropland,0.0,0.0,0.0,1.0,0.0,0.0,0.0
GRID_CBE_01171,Tree cover,1.0,0.0,0.0,0.0,0.0,0.0,0.0
GRID_CBE_01172,Tree cover,1.0,0.0,0.0,0.0,0.0,0.0,0.0
GRID_CBE_01173,Tree cover,1.0,0.0,0.0,0.0,0.0,0.0,0.0
GRID_CBE_01174,Tree cover,1.0,0.0,0.0,0.0,0.0,0.0,0.0
GRID_CBE_01175,Tree cover,1.0,0.0,0.0,0.0,0.0,0.0,0.0
GRID_CBE_01176,Tree cover,1.0,0.0,0.0,0.0,0.0,0.0,0.0
GRID_CBE_01177,Tree cover,1.0,0.0,0.0,0.0,0.0,0.0,0.0
GRID_CBE_01178,Tree cover,1.0,0.0,0.0,0.0,0.0,0.0,0.0
GRID_CBE_01179,Tree cover,1.0,0.0,0.0,0.0,0.0,0.0,0.0
GRID_CBE_01180,Tree cover,1.0,0.0,0.0,0.0,0.0,0.0,0.0
GRID_CBE_01181,Tree cover,1.0,0.0,0.0,0.0,0.0,0.0,0.0
GRID_CBE_01182,Tree cover,1.0,0.0,0.0,0.0,0.0,0.0,0.0
GRID_CBE_01183,Tree cover,1.0,0.0,0.0,0.0,0.0,0.0,0.0
GRID_CBE_01184,Tree cover,1.0,0.0,0.0,0.0,0.0,0.0,0.0
GRID_CBE_01185,Tree cover,1.0,0.0,0.0,0.0,0.0,0.0,0.0
GRID_CBE_01186,Tree cover,1.0,0.0,0.0,0.0,0.0,0.0,0.0
GRID_CBE_01187,Tree cover,1.0,0.0,0.0,0.0,0.0,0.0,0.0
GRID_CBE_01188,Tree cover,1.0,0.0,0.0,0.0,0.0,0.0,0.0
GRID_CBE_01189,Tree cover,1.0,0.0,0.0,0.0,0.0,0.0,0.0
GRID_CBE_01190,Tree cover,1.0,0.0,0.0,0.0,0.0,0.0,0.0
GRID_CBE_01191,Tree cover,1.0,0.0,0.0,0.0,0.0,0.0,0.0
GRID_CBE_01192,Tree cover,1.0,0.0,0.0,0.0,0.0,0.0,0.0
GRID_CBE_01193,Tree cover,0.7273,0.0,0.0,0.2727,0.0,0.0,0.0
GRID_CBE_01194,Cropland,0.3636,0.0,0.0,0.6364,0.0,0.0,0.0
GRID_CBE_01195,Cropland,0.0,0.0,0.0,1.0,0.0,0.0,0.0
GRID_CBE_01196,Cropland,0.0,0.0,0.0,1.0,0.0,0.0,0.0
GRID_CBE_01197,Cropland,0.0,0.0,0.0,1.0,0.0,0.0,0.0
GRID_CBE_01198,Cropland,0.0,0.0,0.0,1.0,0.0,0.0,0.0
GRID_CBE_01199,Cropland,0.0,0.0,0.0,1.0,0.0,0.0,0.0
GRID_CBE_01200,Cropland,0.0,0.0,0.0,1.0,0.0,0.0,0.0
GRID_CBE_01201,Cropland,0.0,0.0,0.0,1.0,0.0,0.0,0.0
GRID_CBE_01202,Cropland,0.0,0.0,0.0,1.0,0.0,0.0,0.0
GRID_CBE_01203,Cropland,0.0,0.0,0.0,1.0,0.0,0.0,0.0
GRID_CBE_01204,Cropland,0.0,0.0,0.0,1.0,0.0,0.0,0.0
GRID_CBE_01205,Cropland,0.0,0.0,0.0,1.0,0.0,0.0,0.0
GRID_CBE_01206,Cropland,0.0,0.0,0.0,1.0,0.0,0.0,0.0
GRID_CBE_01207,Cropland,0.0,0.0,0.0,1.0,0.0,0.0,0.0
GRID_CBE_01208,Cropland,0.0,0.0,0.0,1.0,0.0,0.0,0.0
GRID_CBE_01209,Cropland,0.0,0.0,0.0,1.0,0.0,0.0,0.0
GRID_CBE_01210,Cropland,0.0,0.0,0.0,1.0,0.0,0.0,0.0
GRID_CBE_01211,Cropland,0.0,0.0,0.0,1.0,0.0,0.0,0.0
GRID_CBE_01212,Cropland,0.0,0.0,0.0,1.0,0.0,0.0,0.0
GRID_CBE_01213,Cropland,0.0,0.0,0.0,1.0,0.0,0.0,0.0
GRID_CBE_01214,Cropland,0.0,0.0,0.0,1.0,0.0,0.0,0.0
GRID_CBE_01215,Cropland,0.0,0.0,0.0,1.0,0.0,0.0,0.0
GRID_CBE_01216,Cropland,0.0,0.0,0.0,1.0,0.0,0.0,0.0
GRID_CBE_01217,Cropland,0.0,0.0,0.0,1.0,0.0,0.0,0.0
GRID_CBE_01218,Cropland,0.0,0.0,0.0,1.0,0.0,0.0,0.0
GRID_CBE_01219,Cropland,0.0,0.0,0.0,1.0,0.0,0.0,0.0
GRID_CBE_01220,Cropland,0.0,0.0,0.0,1.0,0.0,0.0,0.0
GRID_CBE_01221,Cropland,0.0,0.0,0.0,1.0,0.0,0.0,0.0
GRID_CBE_01222,Cropland,0.0,0.0,0.0,1.0,0.0,0.0,0.0
GRID_CBE_01223,Cropland,0.0,0.0,0.0,1.0,0.0,0.0,0.0
GRID_CBE_01224,Cropland,0.0,0.0,0.0,1.0,0.0,0.0,0.0
GRID_CBE_01225,Cropland,0.0,0.0,0.0,1.0,0.0,0.0,0.0
GRID_CBE_01226,Cropland,0.0,0.0,0.0,1.0,0.0,0.0,0.0
GRID_CBE_01227,Cropland,0.0,0.0,0.0,1.0,0.0,0.0,0.0
GRID_CBE_01228,Cropland,0.0,0.0,0.0,1.0,0.0,0.0,0.0
GRID_CBE_01229,Cropland,0.0,0.0,0.0,1.0,0.0,0.0,0.0
GRID_CBE_01230,Cropland,0.0,0.0,0.0,1.0,0.0,0.0,0.0
GRID_CBE_01231,Cropland,0.0,0.0,0.0,1.0,0.0,0.0,0.0
GRID_CBE_01232,Cropland,0.0,0.0,0.0,1.0,0.0,0.0,0.0
GRID_CBE_01233,Cropland,0.0,0.0,0.0,1.0,0.0,0.0,0.0
GRID_CBE_01234,Cropland,0.0,0.0,0.0,1.0,0.0,0.0,0.0
GRID_CBE_01235,Cropland,0.0,0.0,0.0,1.0,0.0,0.0,0.0
GRID_CBE_01236,Cropland,0.0,0.0,0.0,1.0,0.0,0.0,0.0
GRID_CBE_01237,Cropland,0.0,0.0,0.0,1.0,0.0,0.0,0.0
GRID_CBE_01238,Cropland,0.0,0.0,0.0,1.0,0.0,0.0,0.0
GRID_CBE_01239,Cropland,0.0,0.0,0.0,1.0,0.0,0.0,0.0
GRID_CBE_01240,Cropland,0.0,0.0,0.0,1.0,0.0,0.0,0.0
GRID_CBE_01241,Cropland,0.0,0.0,0.0,1.0,0.0,0.0,0.0
GRID_CBE_01242,Cropland,0.0,0.0,0.0,1.0,0.0,0.0,0.0
GRID_CBE_01243,Cropland,0.0,0.0,0.0,1.0,0.0,0.0,0.0
GRID_CBE_01244,Cropland,0.0,0.0,0.0,1.0,0.0,0.0,0.0
GRID_CBE_01245,Cropland,0.0,0.0,0.0,1.0,0.0,0.0,0.0
GRID_CBE_01246,Cropland,0.0,0.0,0.0,1.0,0.0,0.0,0.0
GRID_CBE_01247,Cropland,0.0,0.0,0.0,1.0,0.0,0.0,0.0
GRID_CBE_01248,Cropland,0.0,0.0,0.0,1.0,0.0,0.0,0.0
GRID_CBE_01249,Tree cover,1.0,0.0,0.0,0.0,0.0,0.0,0.0
GRID_CBE_01250,Tree cover,1.0,0.0,0.0,0.0,0.0,0.0,0.0
GRID_CBE_01251,Tree cover,1.0,0.0,0.0,0.0,0.0,0.0,0.0
GRID_CBE_01252,Tree cover,1.0,0.0,0.0,0.0,0.0,0.0,0.0
GRID_CBE_01253,Tree cover,1.0,0.0,0.0,0.0,0.0,0.0,0.0
GRID_CBE_01254,Tree cover,1.0,0.0,0.0,0.0,0.0,0.0,0.0
GRID_CBE_01255,Tree cover,1.0,0.0,0.0,0.0,0.0,0.0,0.0
GRID_CBE_01256,Tree cover,1.0,0.0,0.0,0.0,0.0,0.0,0.0
GRID_CBE_01257,Tree cover,1.0,0.0,0.0,0.0,0.0,0.0,0.0
GRID_CBE_01258,Tree cover,1.0,0.0,0.0,0.0,0.0,0.0,0.0
GRID_CBE_01259,Tree cover,1.0,0.0,0.0,0.0,0.0,0.0,0.0
GRID_CBE_01260,Tree cover,1.0,0.0,0.0,0.0,0.0,0.0,0.0
GRID_CBE_01261,Tree cover,1.0,0.0,0.0,0.0,0.0,0.0,0.0
GRID_CBE_01262,Tree cover,1.0,0.0,0.0,0.0,0.0,0.0,0.0
GRID_CBE_01263,Tree cover,1.0,0.0,0.0,0.0,0.0,0.0,0.0
GRID_CBE_01264,Tree cover,1.0,0.0,0.0,0.0,0.0,0.0,0.0
GRID_CBE_01265,Tree cover,1.0,0.0,0.0,0.0,0.0,0.0,0.0
GRID_CBE_01266,Tree cover,1.0,0.0,0.0,0.0,0.0,0.0,0.0
GRID_CBE_01267,Tree cover,1.0,0.0,0.0,0.0,0.0,0.0,0.0
GRID_CBE_01268,Tree cover,1.0,0.0,0.0,0.0,0.0,0.0,0.0
GRID_CBE_01269,Tree cover,1.0,0.0,0.0,0.0,0.0,0.0,0.0
GRID_CBE_01270,Tree cover,1.0,0.0,0.0,0.0,0.0,0.0,0.0
GRID_CBE_01271,Tree cover,0.7273,0.0,0.0,0.2727,0.0,0.0,0.0
GRID_CBE_01272,Cropland,0.3636,0.0,0.0,0.6364,0.0,0.0,0.0
GRID_CBE_01273,Cropland,0.0,0.0,0.0,1.0,0.0,0.0,0.0
GRID_CBE_01274,Cropland,0.0,0.0,0.0,1.0,0.0,0.0,0.0
GRID_CBE_01275,Cropland,0.0,0.0,0.0,1.0,0.0,0.0,0.0
GRID_CBE_01276,Cropland,0.0,0.0,0.0,1.0,0.0,0.0,0.0
GRID_CBE_01277,Cropland,0.0,0.0,0.0,1.0,0.0,0.0,0.0
GRID_CBE_01278,Cropland,0.0,0.0,0.0,1.0,0.0,0.0,0.0
GRID_CBE_01279,Cropland,0.0,0.0,0.0,1.0,0.0,0.0,0.0
GRID_CBE_01280,Cropland,0.0,0.0,0.0,1.0,0.0,0.0,0.0
GRID_CBE_01281,Cropland,0.0,0.0,0.0,1.0,0.0,0.0,0.0
GRID_CBE_01282,Cropland,0.0,0.0,0.0,1.0,0.0,0.0,0.0
GRID_CBE_01283,Cropland,0.0,0.0,0.0,1.0,0.0,0.0,0.0
GRID_CBE_01284,Cropland,0.0,0.0,0.0,1.0,0.0,0.0,0.0
GRID_CBE_01285,Cropland,0.0,0.0,0.0,1.0,0.0,0.0,0.0
GRID_CBE_01286,Cropland,0.0,0.0,0.0,1.0,0.0,0.0,0.0
GRID_CBE_01287,Cropland,0.0,0.0,0.0,1.0,0.0,0.0,0.0
GRID_CBE_01288,Cropland,0.0,0.0,0.0,1.0,0.0,0.0,0.0
GRID_CBE_01289,Cropland,0.0,0.0,0.0,1.0,0.0,0.0,0.0
GRID_CBE_01290,Cropland,0.0,0.0,0.0,1.0,0.0,0.0,0.0
GRID_CBE_01291,Cropland,0.0,0.0,0.0,1.0,0.0,0.0,0.0
GRID_CBE_01292,Cropland,0.0,0.0,0.0,1.0,0.0,0.0,0.0
GRID_CBE_01293,Cropland,0.0,0.0,0.0,1.0,0.0,0.0,0.0
GRID_CBE_01294,Cropland,0.0,0.0,0.0,1.0,0.0,0.0,0.0
GRID_CBE_01295,Cropland,0.0,0.0,0.0,1.0,0.0,0.0,0.0
GRID_CBE_01296,Cropland,0.0,0.0,0.0,1.0,0.0,0.0,0.0
GRID_CBE_01297,Cropland,0.0,0.0,0.0,1.0,0.0,0.0,0.0
GRID_CBE_01298,Cropland,0.0,0.0,0.0,1.0,0.0,0.0,0.0
GRID_CBE_01299,Cropland,0.0,0.0,0.0,1.0,0.0,0.0,0.0
GRID_CBE_01300,Cropland,0.0,0.0,0.0,1.0,0.0,0.0,0.0
GRID_CBE_01301,Cropland,0.0,0.0,0.0,1.0,0.0,0.0,0.0
GRID_CBE_01302,Cropland,0.0,0.0,0.0,1.0,0.0,0.0,0.0
GRID_CBE_01303,Cropland,0.0,0.0,0.0,1.0,0.0,0.0,0.0
GRID_CBE_01304,Cropland,0.0,0.0,0.0,1.0,0.0,0.0,0.0
GRID_CBE_01305,Cropland,0.0,0.0,0.0,1.0,0.0,0.0,0.0
GRID_CBE_01306,Cropland,0.0,0.0,0.0,1.0,0.0,0.0,0.0
GRID_CBE_01307,Cropland,0.0,0.0,0.0,1.0,0.0,0.0,0.0
GRID_CBE_01308,Cropland,0.0,0.0,0.0,1.0,0.0,0.0,0.0
GRID_CBE_01309,Cropland,0.0,0.0,0.0,1.0,0.0,0.0,0.0
GRID_CBE_01310,Cropland,0.0,0.0,0.0,1.0,0.0,0.0,0.0
GRID_CBE_01311,Cropland,0.0,0.0,0.0,1.0,0.0,0.0,0.0
GRID_CBE_01312,Cropland,0.0,0.0,0.0,1.0,0.0,0.0,0.0
GRID_CBE_01313,Cropland,0.0,0.0,0.0,1.0,0.0,0.0,0.0
GRID_CBE_01314,Cropland,0.0,0.0,0.0,1.0,0.0,0.0,0.0
GRID_CBE_01315,Cropland,0.0,0.0,0.0,1.0,0.0,0.0,0.0
GRID_CBE_01316,Cropland,0.0,0.0,0.0,1.0,0.0,0.0,0.0
GRID_CBE_01317,Cropland,0.0,0.0,0.0,1.0,0.0,0.0,0.0
GRID_CBE_01318,Cropland,0.0,0.0,0.0,1.0,0.0,0.0,0.0
GRID_CBE_01319,Cropland,0.0,0.0,0.0,1.0,0.0,0.0,0.0
GRID_CBE_01320,Cropland,0.0,0.0,0.0,1.0,0.0,0.0,0.0
GRID_CBE_01321,Cropland,0.0,0.0,0.0,1.0,0.0,0.0,0.0
GRID_CBE_01322,Cropland,0.0,0.0,0.0,1.0,0.0,0.0,0.0
GRID_CBE_01323,Cropland,0.0,0.0,0.0,1.0,0.0,0.0,0.0
GRID_CBE_01324,Cropland,0.0,0.0,0.0,1.0,0.0,0.0,0.0
GRID_CBE_01325,Cropland,0.0,0.0,0.0,1.0,0.0,0.0,0.0
GRID_CBE_01326,Cropland,0.0,0.0,0.0,1.0,0.0,0.0,0.0
GRID_CBE_01327,Tree cover,1.0,0.0,0.0,0.0,0.0,0.0,0.0
GRID_CBE_01328,Tree cover,1.0,0.0,0.0,0.0,0.0,0.0,0.0
GRID_CBE_01329,Tree cover,1.0,0.0,0.0,0.0,0.0,0.0,0.0
GRID_CBE_01330,Tree cover,1.0,0.0,0.0,0.0,0.0,0.0,0.0
GRID_CBE_01331,Tree cover,1.0,0.0,0.0,0.0,0.0,0.0,0.0
GRID_CBE_01332,Tree cover,1.0,0.0,0.0,0.0,0.0,0.0,0.0
GRID_CBE_01333,Tree cover,1.0,0.0,0.0,0.0,0.0,0.0,0.0
GRID_CBE_01334,Tree cover,1.0,0.0,0.0,0.0,0.0,0.0,0.0
GRID_CBE_01335,Tree cover,1.0,0.0,0.0,0.0,0.0,0.0,0.0
GRID_CBE_01336,Tree cover,1.0,0.0,0.0,0.0,0.0,0.0,0.0
GRID_CBE_01337,Tree cover,1.0,0.0,0.0,0.0,0.0,0.0,0.0
GRID_CBE_01338,Tree cover,1.0,0.0,0.0,0.0,0.0,0.0,0.0
GRID_CBE_01339,Tree cover,1.0,0.0,0.0,0.0,0.0,0.0,0.0
GRID_CBE_01340,Tree cover,1.0,0.0,0.0,0.0,0.0,0.0,0.0
GRID_CBE_01341,Tree cover,1.0,0.0,0.0,0.0,0.0,0.0,0.0
GRID_CBE_01342,Tree cover,1.0,0.0,0.0,0.0,0.0,0.0,0.0
GRID_CBE_01343,Tree cover,1.0,0.0,0.0,0.0,0.0,0.0,0.0
GRID_CBE_01344,Tree cover,1.0,0.0,0.0,0.0,0.0,0.0,0.0
GRID_CBE_01345,Tree cover,1.0,0.0,0.0,0.0,0.0,0.0,0.0
GRID_CBE_01346,Tree cover,1.0,0.0,0.0,0.0,0.0,0.0,0.0
GRID_CBE_01347,Tree cover,1.0,0.0,0.0,0.0,0.0,0.0,0.0
GRID_CBE_01348,Tree cover,1.0,0.0,0.0,0.0,0.0,0.0,0.0
GRID_CBE_01349,Tree cover,0.7273,0.0,0.0,0.2727,0.0,0.0,0.0
GRID_CBE_01350,Cropland,0.3636,0.0,0.0,0.6364,0.0,0.0,0.0
GRID_CBE_01351,Cropland,0.0,0.0,0.0,1.0,0.0,0.0,0.0
GRID_CBE_01352,Cropland,0.0,0.0,0.0,1.0,0.0,0.0,0.0
GRID_CBE_01353,Cropland,0.0,0.0,0.0,1.0,0.0,0.0,0.0
GRID_CBE_01354,Cropland,0.0,0.0,0.0,1.0,0.0,0.0,0.0
GRID_CBE_01355,Cropland,0.0,0.0,0.0,1.0,0.0,0.0,0.0
GRID_CBE_01356,Cropland,0.0,0.0,0.0,1.0,0.0,0.0,0.0
GRID_CBE_01357,Cropland,0.0,0.0,0.0,1.0,0.0,0.0,0.0
GRID_CBE_01358,Cropland,0.0,0.0,0.0,1.0,0.0,0.0,0.0
GRID_CBE_01359,Cropland,0.0,0.0,0.0,1.0,0.0,0.0,0.0
GRID_CBE_01360,Cropland,0.0,0.0,0.0,1.0,0.0,0.0,0.0
GRID_CBE_01361,Cropland,0.0,0.0,0.0,1.0,0.0,0.0,0.0
GRID_CBE_01362,Cropland,0.0,0.0,0.0,1.0,0.0,0.0,0.0
GRID_CBE_01363,Cropland,0.0,0.0,0.0,1.0,0.0,0.0,0.0
GRID_CBE_01364,Cropland,0.0,0.0,0.0,1.0,0.0,0.0,0.0
GRID_CBE_01365,Cropland,0.0,0.0,0.0,1.0,0.0,0.0,0.0
GRID_CBE_01366,Cropland,0.0,0.0,0.0,1.0,0.0,0.0,0.0
GRID_CBE_01367,Cropland,0.0,0.0,0.0,1.0,0.0,0.0,0.0
GRID_CBE_01368,Cropland,0.0,0.0,0.0,1.0,0.0,0.0,0.0
GRID_CBE_01369,Cropland,0.0,0.0,0.0,1.0,0.0,0.0,0.0
GRID_CBE_01370,Cropland,0.0,0.0,0.0,1.0,0.0,0.0,0.0
GRID_CBE_01371,Cropland,0.0,0.0,0.0,1.0,0.0,0.0,0.0
GRID_CBE_01372,Cropland,0.0,0.0,0.0,1.0,0.0,0.0,0.0
GRID_CBE_01373,Cropland,0.0,0.0,0.0,1.0,0.0,0.0,0.0
GRID_CBE_01374,Cropland,0.0,0.0,0.0,1.0,0.0,0.0,0.0
GRID_CBE_01375,Cropland,0.0,0.0,0.0,1.0,0.0,0.0,0.0
GRID_CBE_01376,Cropland,0.0,0.0,0.0,1.0,0.0,0.0,0.0
GRID_CBE_01377,Cropland,0.0,0.0,0.0,1.0,0.0,0.0,0.0
GRID_CBE_01378,Cropland,0.0,0.0,0.0,1.0,0.0,0.0,0.0
GRID_CBE_01379,Cropland,0.0,0.0,0.0,1.0,0.0,0.0,0.0
GRID_CBE_01380,Cropland,0.0,0.0,0.0,1.0,0.0,0.0,0.0
GRID_CBE_01381,Cropland,0.0,0.0,0.0,1.0,0.0,0.0,0.0
GRID_CBE_01382,Cropland,0.0,0.0,0.0,1.0,0.0,0.0,0.0
GRID_CBE_01383,Cropland,0.0,0.0,0.0,1.0,0.0,0.0,0.0
GRID_CBE_01384,Cropland,0.0,0.0,0.0,1.0,0.0,0.0,0.0
GRID_CBE_01385,Cropland,0.0,0.0,0.0,1.0,0.0,0.0,0.0
GRID_CBE_01386,Cropland,0.0,0.0,0.0,1.0,0.0,0.0,0.0
GRID_CBE_01387,Cropland,0.0,0.0,0.0,1.0,0.0,0.0,0.0
GRID_CBE_01388,Cropland,0.0,0.0,0.0,1.0,0.0,0.0,0.0
GRID_CBE_01389,Cropland,0.0,0.0,0.0,1.0,0.0,0.0,0.0
GRID_CBE_01390,Cropland,0.0,0.0,0.0,1.0,0.0,0.0,0.0
GRID_CBE_01391,Cropland,0.0,0.0,0.0,1.0,0.0,0.0,0.0
GRID_CBE_01392,Cropland,0.0,0.0,0.0,1.0,0.0,0.0,0.0
GRID_CBE_01393,Cropland,0.0,0.0,0.0,1.0,0.0,0.0,0.0
GRID_CBE_01394,Cropland,0.0,0.0,0.0,1.0,0.0,0.0,0.0
GRID_CBE_01395,Cropland,0.0,0.0,0.0,1.0,0.0,0.0,0.0
GRID_CBE_01396,Cropland,0.0,0.0,0.0,1.0,0.0,0.0,0.0
GRID_CBE_01397,Cropland,0.0,0.0,0.0,1.0,0.0,0.0,0.0
GRID_CBE_01398,Cropland,0.0,0.0,0.0,1.0,0.0,0.0,0.0
GRID_CBE_01399,Cropland,0.0,0.0,0.0,1.0,0.0,0.0,0.0
GRID_CBE_01400,Cropland,0.0,0.0,0.0,1.0,0.0,0.0,0.0
GRID_CBE_01401,Cropland,0.0,0.0,0.0,1.0,0.0,0.0,0.0
GRID_CBE_01402,Cropland,0.0,0.0,0.0,1.0,0.0,0.0,0.0
GRID_CBE_01403,Cropland,0.0,0.0,0.0,1.0,0.0,0.0,0.0
GRID_CBE_01404,Cropland,0.0,0.0,0.0,1.0,0.0,0.0,0.0
GRID_CBE_01405,Tree cover,1.0,0.0,0.0,0.0,0.0,0.0,0.0
GRID_CBE_01406,Tree cover,1.0,0.0,0.0,0.0,0.0,0.0,0.0
GRID_CBE_01407,Tree cover,1.0,0.0,0.0,0.0,0.0,0.0,0.0
GRID_CBE_01408,Tree cover,1.0,0.0,0.0,0.0,0.0,0.0,0.0
GRID_CBE_01409,Tree cover,1.0,0.0,0.0,0.0,0.0,0.0,0.0
GRID_CBE_01410,Tree cover,1.0,0.0,0.0,0.0,0.0,0.0,0.0
GRID_CBE_01411,Tree cover,1.0,0.0,0.0,0.0,0.0,0.0,0.0
GRID_CBE_01412,Tree cover,1.0,0.0,0.0,0.0,0.0,0.0,0.0
GRID_CBE_01413,Tree cover,1.0,0.0,0.0,0.0,0.0,0.0,0.0
GRID_CBE_01414,Tree cover,1.0,0.0,0.0,0.0,0.0,0.0,0.0
GRID_CBE_01415,Tree cover,1.0,0.0,0.0,0.0,0.0,0.0,0.0
GRID_CBE_01416,Tree cover,1.0,0.0,0.0,0.0,0.0,0.0,0.0
GRID_CBE_01417,Tree cover,1.0,0.0,0.0,0.0,0.0,0.0,0.0
GRID_CBE_01418,Tree cover,1.0,0.0,0.0,0.0,0.0,0.0,0.0
GRID_CBE_01419,Tree cover,1.0,0.0,0.0,0.0,0.0,0.0,0.0
GRID_CBE_01420,Tree cover,1.0,0.0,0.0,0.0,0.0,0.0,0.0
GRID_CBE_01421,Tree cover,1.0,0.0,0.0,0.0,0.0,0.0,0.0
GRID_CBE_01422,Tree cover,1.0,0.0,0.0,0.0,0.0,0.0,0.0
GRID_CBE_01423,Tree cover,1.0,0.0,0.0,0.0,0.0,0.0,0.0
GRID_CBE_01424,Tree cover,1.0,0.0,0.0,0.0,0.0,0.0,0.0
GRID_CBE_01425,Tree cover,1.0,0.0,0.0,0.0,0.0,0.0,0.0
GRID_CBE_01426,Tree cover,1.0,0.0,0.0,0.0,0.0,0.0,0.0
GRID_CBE_01427,Tree cover,0.7273,0.0,0.0,0.2727,0.0,0.0,0.0
GRID_CBE_01428,Cropland,0.3636,0.0,0.0,0.6364,0.0,0.0,0.0
GRID_CBE_01429,Cropland,0.0,0.0,0.0,1.0,0.0,0.0,0.0
GRID_CBE_01430,Cropland,0.0,0.0,0.0,1.0,0.0,0.0,0.0
GRID_CBE_01431,Cropland,0.0,0.0,0.0,1.0,0.0,0.0,0.0
GRID_CBE_01432,Cropland,0.0,0.0,0.0,1.0,0.0,0.0,0.0
GRID_CBE_01433,Cropland,0.0,0.0,0.0,1.0,0.0,0.0,0.0
GRID_CBE_01434,Cropland,0.0,0.0,0.0,1.0,0.0,0.0,0.0
GRID_CBE_01435,Cropland,0.0,0.0,0.0,1.0,0.0,0.0,0.0
GRID_CBE_01436,Cropland,0.0,0.0,0.0,1.0,0.0,0.0,0.0
GRID_CBE_01437,Cropland,0.0,0.0,0.0,1.0,0.0,0.0,0.0
GRID_CBE_01438,Cropland,0.0,0.0,0.0,1.0,0.0,0.0,0.0
GRID_CBE_01439,Cropland,0.0,0.0,0.0,1.0,0.0,0.0,0.0
GRID_CBE_01440,Cropland,0.0,0.0,0.0,1.0,0.0,0.0,0.0
GRID_CBE_01441,Cropland,0.0,0.0,0.0,1.0,0.0,0.0,0.0
GRID_CBE_01442,Cropland,0.0,0.0,0.0,1.0,0.0,0.0,0.0
GRID_CBE_01443,Cropland,0.0,0.0,0.0,1.0,0.0,0.0,0.0
GRID_CBE_01444,Cropland,0.0,0.0,0.0,1.0,0.0,0.0,0.0
GRID_CBE_01445,Cropland,0.0,0.0,0.0,1.0,0.0,0.0,0.0
GRID_CBE_01446,Cropland,0.0,0.0,0.0,1.0,0.0,0.0,0.0
GRID_CBE_01447,Cropland,0.0,0.0,0.0,1.0,0.0,0.0,0.0
GRID_CBE_01448,Cropland,0.0,0.0,0.0,1.0,0.0,0.0,0.0
GRID_CBE_01449,Cropland,0.0,0.0,0.0,1.0,0.0,0.0,0.0
GRID_CBE_01450,Cropland,0.0,0.0,0.0,1.0,0.0,0.0,0.0
GRID_CBE_01451,Cropland,0.0,0.0,0.0,1.0,0.0,0.0,0.0
GRID_CBE_01452,Cropland,0.0,0.0,0.0,1.0,0.0,0.0,0.0
GRID_CBE_01453,Cropland,0.0,0.0,0.0,1.0,0.0,0.0,0.0
GRID_CBE_01454,Cropland,0.0,0.0,0.0,1.0,0.0,0.0,0.0
GRID_CBE_01455,Cropland,0.0,0.0,0.0,1.0,0.0,0.0,0.0
GRID_CBE_01456,Cropland,0.0,0.0,0.0,1.0,0.0,0.0,0.0
GRID_CBE_01457,Cropland,0.0,0.0,0.0,1.0,0.0,0.0,0.0
GRID_CBE_01458,Cropland,0.0,0.0,0.0,1.0,0.0,0.0,0.0
GRID_CBE_01459,Cropland,0.0,0.0,0.0,1.0,0.0,0.0,0.0
GRID_CBE_01460,Cropland,0.0,0.0,0.0,1.0,0.0,0.0,0.0
GRID_CBE_01461,Cropland,0.0,0.0,0.0,1.0,0.0,0.0,0.0
GRID_CBE_01462,Cropland,0.0,0.0,0.0,1.0,0.0,0.0,0.0
GRID_CBE_01463,Cropland,0.0,0.0,0.0,1.0,0.0,0.0,0.0
GRID_CBE_01464,Cropland,0.0,0.0,0.0,1.0,0.0,0.0,0.0
GRID_CBE_01465,Cropland,0.0,0.0,0.0,1.0,0.0,0.0,0.0
GRID_CBE_01466,Cropland,0.0,0.0,0.0,1.0,0.0,0.0,0.0
GRID_CBE_01467,Cropland,0.0,0.0,0.0,1.0,0.0,0.0,0.0
GRID_CBE_01468,Cropland,0.0,0.0,0.0,1.0,0.0,0.0,0.0
GRID_CBE_01469,Cropland,0.0,0.0,0.0,1.0,0.0,0.0,0.0
GRID_CBE_01470,Cropland,0.0,0.0,0.0,1.0,0.0,0.0,0.0
GRID_CBE_01471,Cropland,0.0,0.0,0.0,1.0,0.0,0.0,0.0
GRID_CBE_01472,Cropland,0.0,0.0,0.0,1.0,0.0,0.0,0.0
GRID_CBE_01473,Cropland,0.0,0.0,0.0,1.0,0.0,0.0,0.0
GRID_CBE_01474,Cropland,0.0,0.0,0.0,1.0,0.0,0.0,0.0
GRID_CBE_01475,Cropland,0.0,0.0,0.0,1.0,0.0,0.0,0.0
GRID_CBE_01476,Cropland,0.0,0.0,0.0,1.0,0.0,0.0,0.0
GRID_CBE_01477,Cropland,0.0,0.0,0.0,1.0,0.0,0.0,0.0
GRID_CBE_01478,Cropland,0.0,0.0,0.0,1.0,0.0,0.0,0.0
GRID_CBE_01479,Cropland,0.0,0.0,0.0,1.0,0.0,0.0,0.0
GRID_CBE_01480,Cropland,0.0,0.0,0.0,1.0,0.0,0.0,0.0
GRID_CBE_01481,Cropland,0.0,0.0,0.0,1.0,0.0,0.0,0.0
GRID_CBE_01482,Cropland,0.0,0.0,0.0,1.0,0.0,0.0,0.0
GRID_CBE_01483,Tree cover,1.0,0.0,0.0,0.0,0.0,0.0,0.0
GRID_CBE_01484,Tree cover,1.0,0.0,0.0,0.0,0.0,0.0,0.0
GRID_CBE_01485,Tree cover,1.0,0.0,0.0,0.0,0.0,0.0,0.0
GRID_CBE_01486,Tree cover,1.0,0.0,0.0,0.0,0.0,0.0,0.0
GRID_CBE_01487,Tree cover,1.0,0.0,0.0,0.0,0.0,0.0,0.0
GRID_CBE_01488,Tree cover,1.0,0.0,0.0,0.0,0.0,0.0,0.0
GRID_CBE_01489,Tree cover,1.0,0.0,0.0,0.0,0.0,0.0,0.0
GRID_CBE_01490,Tree cover,1.0,0.0,0.0,0.0,0.0,0.0,0.0
GRID_CBE_01491,Tree cover,1.0,0.0,0.0,0.0,0.0,0.0,0.0
GRID_CBE_01492,Tree cover,1.0,0.0,0.0,0.0,0.0,0.0,0.0
GRID_CBE_01493,Tree cover,1.0,0.0,0.0,0.0,0.0,0.0,0.0
GRID_CBE_01494,Tree cover,1.0,0.0,0.0,0.0,0.0,0.0,0.0
GRID_CBE_01495,Tree cover,1.0,0.0,0.0,0.0,0.0,0.0,0.0
GRID_CBE_01496,Tree cover,1.0,0.0,0.0,0.0,0.0,0.0,0.0
GRID_CBE_01497,Tree cover,1.0,0.0,0.0,0.0,0.0,0.0,0.0
GRID_CBE_01498,Tree cover,1.0,0.0,0.0,0.0,0.0,0.0,0.0
GRID_CBE_01499,Tree cover,1.0,0.0,0.0,0.0,0.0,0.0,0.0
GRID_CBE_01500,Tree cover,1.0,0.0,0.0,0.0,0.0,0.0,0.0
GRID_CBE_01501,Tree cover,1.0,0.0,0.0,0.0,0.0,0.0,0.0
GRID_CBE_01502,Tree cover,1.0,0.0,0.0,0.0,0.0,0.0,0.0
GRID_CBE_01503,Tree cover,1.0,0.0,0.0,0.0,0.0,0.0,0.0
GRID_CBE_01504,Tree cover,1.0,0.0,0.0,0.0,0.0,0.0,0.0
GRID_CBE_01505,Tree cover,0.7273,0.0,0.0,0.2727,0.0,0.0,0.0
GRID_CBE_01506,Cropland,0.3636,0.0,0.0,0.6364,0.0,0.0,0.0
GRID_CBE_01507,Cropland,0.0,0.0,0.0,1.0,0.0,0.0,0.0
GRID_CBE_01508,Cropland,0.0,0.0,0.0,1.0,0.0,0.0,0.0
GRID_CBE_01509,Cropland,0.0,0.0,0.0,1.0,0.0,0.0,0.0
GRID_CBE_01510,Cropland,0.0,0.0,0.0,1.0,0.0,0.0,0.0
GRID_CBE_01511,Cropland,0.0,0.0,0.0,1.0,0.0,0.0,0.0
GRID_CBE_01512,Cropland,0.0,0.0,0.0,1.0,0.0,0.0,0.0
GRID_CBE_01513,Cropland,0.0,0.0,0.0,1.0,0.0,0.0,0.0
GRID_CBE_01514,Cropland,0.0,0.0,0.0,1.0,0.0,0.0,0.0
GRID_CBE_01515,Cropland,0.0,0.0,0.0,1.0,0.0,0.0,0.0
GRID_CBE_01516,Cropland,0.0,0.0,0.0,1.0,0.0,0.0,0.0
GRID_CBE_01517,Cropland,0.0,0.0,0.0,1.0,0.0,0.0,0.0
GRID_CBE_01518,Cropland,0.0,0.0,0.0,1.0,0.0,0.0,0.0
GRID_CBE_01519,Cropland,0.0,0.0,0.0,1.0,0.0,0.0,0.0
GRID_CBE_01520,Cropland,0.0,0.0,0.0,1.0,0.0,0.0,0.0
GRID_CBE_01521,Cropland,0.0,0.0,0.0,1.0,0.0,0.0,0.0
GRID_CBE_01522,Cropland,0.0,0.0,0.0,1.0,0.0,0.0,0.0
GRID_CBE_01523,Cropland,0.0,0.0,0.0,1.0,0.0,0.0,0.0
GRID_CBE_01524,Cropland,0.0,0.0,0.0,1.0,0.0,0.0,0.0
GRID_CBE_01525,Cropland,0.0,0.0,0.0,1.0,0.0,0.0,0.0
GRID_CBE_01526,Cropland,0.0,0.0,0.0,1.0,0.0,0.0,0.0
GRID_CBE_01527,Cropland,0.0,0.0,0.0,1.0,0.0,0.0,0.0
GRID_CBE_01528,Cropland,0.0,0.0,0.0,1.0,0.0,0.0,0.0
GRID_CBE_01529,Cropland,0.0,0.0,0.0,1.0,0.0,0.0,0.0
GRID_CBE_01530,Cropland,0.0,0.0,0.0,1.0,0.0,0.0,0.0
GRID_CBE_01531,Cropland,0.0,0.0,0.0,1.0,0.0,0.0,0.0
GRID_CBE_01532,Cropland,0.0,0.0,0.0,1.0,0.0,0.0,0.0
GRID_CBE_01533,Cropland,0.0,0.0,0.0,1.0,0.0,0.0,0.0
GRID_CBE_01534,Cropland,0.0,0.0,0.0,1.0,0.0,0.0,0.0
GRID_CBE_01535,Cropland,0.0,0.0,0.0,1.0,0.0,0.0,0.0
GRID_CBE_01536,Cropland,0.0,0.0,0.0,1.0,0.0,0.0,0.0
GRID_CBE_01537,Cropland,0.0,0.0,0.0,1.0,0.0,0.0,0.0
GRID_CBE_01538,Cropland,0.0,0.0,0.0,1.0,0.0,0.0,0.0
GRID_CBE_01539,Cropland,0.0,0.0,0.0,1.0,0.0,0.0,0.0
GRID_CBE_01540,Cropland,0.0,0.0,0.0,1.0,0.0,0.0,0.0
GRID_CBE_01541,Cropland,0.0,0.0,0.0,1.0,0.0,0.0,0.0
GRID_CBE_01542,Cropland,0.0,0.0,0.0,1.0,0.0,0.0,0.0
GRID_CBE_01543,Cropland,0.0,0.0,0.0,1.0,0.0,0.0,0.0
GRID_CBE_01544,Cropland,0.0,0.0,0.0,1.0,0.0,0.0,0.0
GRID_CBE_01545,Cropland,0.0,0.0,0.0,1.0,0.0,0.0,0.0
GRID_CBE_01546,Cropland,0.0,0.0,0.0,1.0,0.0,0.0,0.0
GRID_CBE_01547,Cropland,0.0,0.0,0.0,1.0,0.0,0.0,0.0
GRID_CBE_01548,Cropland,0.0,0.0,0.0,1.0,0.0,0.0,0.0
GRID_CBE_01549,Cropland,0.0,0.0,0.0,1.0,0.0,0.0,0.0
GRID_CBE_01550,Cropland,0.0,0.0,0.0,1.0,0.0,0.0,0.0
GRID_CBE_01551,Cropland,0.0,0.0,0.0,1.0,0.0,0.0,0.0
GRID_CBE_01552,Cropland,0.0,0.0,0.0,1.0,0.0,0.0,0.0
GRID_CBE_01553,Cropland,0.0,0.0,0.0,1.0,0.0,0.0,0.0
GRID_CBE_01554,Cropland,0.0,0.0,0.0,1.0,0.0,0.0,0.0
GRID_CBE_01555,Cropland,0.0,0.0,0.0,1.0,0.0,0.0,0.0
GRID_CBE_01556,Cropland,0.0,0.0,0.0,1.0,0.0,0.0,0.0
GRID_CBE_01557,Cropland,0.0,0.0,0.0,1.0,0.0,0.0,0.0
GRID_CBE_01558,Cropland,0.0,0.0,0.0,1.0,0.0,0.0,0.0
GRID_CBE_01559,Cropland,0.0,0.0,0.0,1.0,0.0,0.0,0.0
GRID_CBE_01560,Cropland,0.0,0.0,0.0,1.0,0.0,0.0,0.0
GRID_CBE_01561,Tree cover,1.0,0.0,0.0,0.0,0.0,0.0,0.0
GRID_CBE_01562,Tree cover,1.0,0.0,0.0,0.0,0.0,0.0,0.0
GRID_CBE_01563,Tree cover,1.0,0.0,0.0,0.0,0.0,0.0,0.0
GRID_CBE_01564,Tree cover,1.0,0.0,0.0,0.0,0.0,0.0,0.0
GRID_CBE_01565,Tree cover,1.0,0.0,0.0,0.0,0.0,0.0,0.0
GRID_CBE_01566,Tree cover,1.0,0.0,0.0,0.0,0.0,0.0,0.0
GRID_CBE_01567,Tree cover,1.0,0.0,0.0,0.0,0.0,0.0,0.0
GRID_CBE_01568,Tree cover,1.0,0.0,0.0,0.0,0.0,0.0,0.0
GRID_CBE_01569,Tree cover,1.0,0.0,0.0,0.0,0.0,0.0,0.0
GRID_CBE_01570,Tree cover,1.0,0.0,0.0,0.0,0.0,0.0,0.0
GRID_CBE_01571,Tree cover,1.0,0.0,0.0,0.0,0.0,0.0,0.0
GRID_CBE_01572,Tree cover,1.0,0.0,0.0,0.0,0.0,0.0,0.0
GRID_CBE_01573,Tree cover,1.0,0.0,0.0,0.0,0.0,0.0,0.0
GRID_CBE_01574,Tree cover,1.0,0.0,0.0,0.0,0.0,0.0,0.0
GRID_CBE_01575,Tree cover,1.0,0.0,0.0,0.0,0.0,0.0,0.0
GRID_CBE_01576,Tree cover,1.0,0.0,0.0,0.0,0.0,0.0,0.0
GRID_CBE_01577,Tree cover,1.0,0.0,0.0,0.0,0.0,0.0,0.0
GRID_CBE_01578,Tree cover,1.0,0.0,0.0,0.0,0.0,0.0,0.0
GRID_CBE_01579,Tree cover,1.0,0.0,0.0,0.0,0.0,0.0,0.0
GRID_CBE_01580,Tree cover,1.0,0.0,0.0,0.0,0.0,0.0,0.0
GRID_CBE_01581,Tree cover,1.0,0.0,0.0,0.0,0.0,0.0,0.0
GRID_CBE_01582,Tree cover,1.0,0.0,0.0,0.0,0.0,0.0,0.0
GRID_CBE_01583,Tree cover,0.7273,0.0,0.0,0.2727,0.0,0.0,0.0
GRID_CBE_01584,Cropland,0.3636,0.0,0.0,0.6364,0.0,0.0,0.0
GRID_CBE_01585,Cropland,0.0,0.0,0.0,1.0,0.0,0.0,0.0
GRID_CBE_01586,Cropland,0.0,0.0,0.0,1.0,0.0,0.0,0.0
GRID_CBE_01587,Cropland,0.0,0.0,0.0,1.0,0.0,0.0,0.0
GRID_CBE_01588,Cropland,0.0,0.0,0.0,1.0,0.0,0.0,0.0
GRID_CBE_01589,Cropland,0.0,0.0,0.0,1.0,0.0,0.0,0.0
GRID_CBE_01590,Cropland,0.0,0.0,0.0,1.0,0.0,0.0,0.0
GRID_CBE_01591,Cropland,0.0,0.0,0.0,1.0,0.0,0.0,0.0
GRID_CBE_01592,Cropland,0.0,0.0,0.0,1.0,0.0,0.0,0.0
GRID_CBE_01593,Cropland,0.0,0.0,0.0,1.0,0.0,0.0,0.0
GRID_CBE_01594,Cropland,0.0,0.0,0.0,1.0,0.0,0.0,0.0
GRID_CBE_01595,Cropland,0.0,0.0,0.0,1.0,0.0,0.0,0.0
GRID_CBE_01596,Cropland,0.0,0.0,0.0,1.0,0.0,0.0,0.0
GRID_CBE_01597,Cropland,0.0,0.0,0.0,1.0,0.0,0.0,0.0
GRID_CBE_01598,Cropland,0.0,0.0,0.0,1.0,0.0,0.0,0.0
GRID_CBE_01599,Cropland,0.0,0.0,0.0,1.0,0.0,0.0,0.0
GRID_CBE_01600,Cropland,0.0,0.0,0.0,1.0,0.0,0.0,0.0
GRID_CBE_01601,Cropland,0.0,0.0,0.0,1.0,0.0,0.0,0.0
GRID_CBE_01602,Cropland,0.0,0.0,0.0,1.0,0.0,0.0,0.0
GRID_CBE_01603,Cropland,0.0,0.0,0.0,1.0,0.0,0.0,0.0
GRID_CBE_01604,Cropland,0.0,0.0,0.0,1.0,0.0,0.0,0.0
GRID_CBE_01605,Cropland,0.0,0.0,0.0,1.0,0.0,0.0,0.0
GRID_CBE_01606,Cropland,0.0,0.0,0.0,1.0,0.0,0.0,0.0
GRID_CBE_01607,Cropland,0.0,0.0,0.0,1.0,0.0,0.0,0.0
GRID_CBE_01608,Cropland,0.0,0.0,0.0,1.0,0.0,0.0,0.0
GRID_CBE_01609,Cropland,0.0,0.0,0.0,1.0,0.0,0.0,0.0
GRID_CBE_01610,Cropland,0.0,0.0,0.0,1.0,0.0,0.0,0.0
GRID_CBE_01611,Cropland,0.0,0.0,0.0,1.0,0.0,0.0,0.0
GRID_CBE_01612,Cropland,0.0,0.0,0.0,1.0,0.0,0.0,0.0
GRID_CBE_01613,Cropland,0.0,0.0,0.0,1.0,0.0,0.0,0.0
GRID_CBE_01614,Cropland,0.0,0.0,0.0,1.0,0.0,0.0,0.0
GRID_CBE_01615,Cropland,0.0,0.0,0.0,1.0,0.0,0.0,0.0
GRID_CBE_01616,Cropland,0.0,0.0,0.0,1.0,0.0,0.0,0.0
GRID_CBE_01617,Cropland,0.0,0.0,0.0,1.0,0.0,0.0,0.0
GRID_CBE_01618,Cropland,0.0,0.0,0.0,1.0,0.0,0.0,0.0
GRID_CBE_01619,Cropland,0.0,0.0,0.0,1.0,0.0,0.0,0.0
GRID_CBE_01620,Cropland,0.0,0.0,0.0,1.0,0.0,0.0,0.0
GRID_CBE_01621,Cropland,0.0,0.0,0.0,1.0,0.0,0.0,0.0
GRID_CBE_01622,Cropland,0.0,0.0,0.0,1.0,0.0,0.0,0.0
GRID_CBE_01623,Cropland,0.0,0.0,0.0,1.0,0.0,0.0,0.0
GRID_CBE_01624,Cropland,0.0,0.0,0.0,1.0,0.0,0.0,0.0
GRID_CBE_01625,Cropland,0.0,0.0,0.0,1.0,0.0,0.0,0.0
GRID_CBE_01626,Cropland,0.0,0.0,0.0,1.0,0.0,0.0,0.0
GRID_CBE_01627,Cropland,0.0,0.0,0.0,1.0,0.0,0.0,0.0
GRID_CBE_01628,Cropland,0.0,0.0,0.0,1.0,0.0,0.0,0.0
GRID_CBE_01629,Cropland,0.0,0.0,0.0,1.0,0.0,0.0,0.0
GRID_CBE_01630,Cropland,0.0,0.0,0.0,1.0,0.0,0.0,0.0
GRID_CBE_01631,Cropland,0.0,0.0,0.0,1.0,0.0,0.0,0.0
GRID_CBE_01632,Cropland,0.0,0.0,0.0,1.0,0.0,0.0,0.0
GRID_CBE_01633,Cropland,0.0,0.0,0.0,1.0,0.0,0.0,0.0
GRID_CBE_01634,Cropland,0.0,0.0,0.0,1.0,0.0,0.0,0.0
GRID_CBE_01635,Cropland,0.0,0.0,0.0,1.0,0.0,0.0,0.0
GRID_CBE_01636,Cropland,0.0,0.0,0.0,1.0,0.0,0.0,0.0
GRID_CBE_01637,Cropland,0.0,0.0,0.0,1.0,0.0,0.0,0.0
GRID_CBE_01638,Cropland,0.0,0.0,0.0,1.0,0.0,0.0,0.0
GRID_CBE_01639,Tree cover,1.0,0.0,0.0,0.0,0.0,0.0,0.0
GRID_CBE_01640,Tree cover,1.0,0.0,0.0,0.0,0.0,0.0,0.0
GRID_CBE_01641,Tree cover,1.0,0.0,0.0,0.0,0.0,0.0,0.0
GRID_CBE_01642,Tree cover,1.0,0.0,0.0,0.0,0.0,0.0,0.0
GRID_CBE_01643,Tree cover,1.0,0.0,0.0,0.0,0.0,0.0,0.0
GRID_CBE_01644,Tree cover,1.0,0.0,0.0,0.0,0.0,0.0,0.0
GRID_CBE_01645,Tree cover,1.0,0.0,0.0,0.0,0.0,0.0,0.0
GRID_CBE_01646,Tree cover,1.0,0.0,0.0,0.0,0.0,0.0,0.0
GRID_CBE_01647,Tree cover,1.0,0.0,0.0,0.0,0.0,0.0,0.0
GRID_CBE_01648,Tree cover,1.0,0.0,0.0,0.0,0.0,0.0,0.0
GRID_CBE_01649,Tree cover,1.0,0.0,0.0,0.0,0.0,0.0,0.0
GRID_CBE_01650,Tree cover,1.0,0.0,0.0,0.0,0.0,0.0,0.0
GRID_CBE_01651,Tree cover,1.0,0.0,0.0,0.0,0.0,0.0,0.0
GRID_CBE_01652,Tree cover,1.0,0.0,0.0,0.0,0.0,0.0,0.0
GRID_CBE_01653,Tree cover,1.0,0.0,0.0,0.0,0.0,0.0,0.0
GRID_CBE_01654,Tree cover,1.0,0.0,0.0,0.0,0.0,0.0,0.0
GRID_CBE_01655,Tree cover,1.0,0.0,0.0,0.0,0.0,0.0,0.0
GRID_CBE_01656,Tree cover,1.0,0.0,0.0,0.0,0.0,0.0,0.0
GRID_CBE_01657,Tree cover,1.0,0.0,0.0,0.0,0.0,0.0,0.0
GRID_CBE_01658,Tree cover,1.0,0.0,0.0,0.0,0.0,0.0,0.0
GRID_CBE_01659,Tree cover,1.0,0.0,0.0,0.0,0.0,0.0,0.0
GRID_CBE_01660,Tree cover,1.0,0.0,0.0,0.0,0.0,0.0,0.0
GRID_CBE_01661,Tree cover,0.7273,0.0,0.0,0.2727,0.0,0.0,0.0
GRID_CBE_01662,Cropland,0.3636,0.0,0.0,0.6364,0.0,0.0,0.0
GRID_CBE_01663,Cropland,0.0,0.0,0.0,1.0,0.0,0.0,0.0
GRID_CBE_01664,Cropland,0.0,0.0,0.0,1.0,0.0,0.0,0.0
GRID_CBE_01665,Cropland,0.0,0.0,0.0,1.0,0.0,0.0,0.0
GRID_CBE_01666,Cropland,0.0,0.0,0.0,1.0,0.0,0.0,0.0
GRID_CBE_01667,Cropland,0.0,0.0,0.0,1.0,0.0,0.0,0.0
GRID_CBE_01668,Cropland,0.0,0.0,0.0,1.0,0.0,0.0,0.0
GRID_CBE_01669,Cropland,0.0,0.0,0.0,1.0,0.0,0.0,0.0
GRID_CBE_01670,Cropland,0.0,0.0,0.0,1.0,0.0,0.0,0.0
GRID_CBE_01671,Cropland,0.0,0.0,0.0,1.0,0.0,0.0,0.0
GRID_CBE_01672,Cropland,0.0,0.0,0.0,1.0,0.0,0.0,0.0
GRID_CBE_01673,Cropland,0.0,0.0,0.0,1.0,0.0,0.0,0.0
GRID_CBE_01674,Cropland,0.0,0.0,0.0,1.0,0.0,0.0,0.0
GRID_CBE_01675,Cropland,0.0,0.0,0.0,1.0,0.0,0.0,0.0
GRID_CBE_01676,Cropland,0.0,0.0,0.0,1.0,0.0,0.0,0.0
GRID_CBE_01677,Cropland,0.0,0.0,0.0,1.0,0.0,0.0,0.0
GRID_CBE_01678,Cropland,0.0,0.0,0.0,1.0,0.0,0.0,0.0
GRID_CBE_01679,Cropland,0.0,0.0,0.0,1.0,0.0,0.0,0.0
GRID_CBE_01680,Cropland,0.0,0.0,0.0,1.0,0.0,0.0,0.0
GRID_CBE_01681,Cropland,0.0,0.0,0.0,1.0,0.0,0.0,0.0
GRID_CBE_01682,Cropland,0.0,0.0,0.0,1.0,0.0,0.0,0.0
GRID_CBE_01683,Cropland,0.0,0.0,0.0,1.0,0.0,0.0,0.0
GRID_CBE_01684,Cropland,0.0,0.0,0.0,1.0,0.0,0.0,0.0
GRID_CBE_01685,Cropland,0.0,0.0,0.0,1.0,0.0,0.0,0.0
GRID_CBE_01686,Cropland,0.0,0.0,0.0,1.0,0.0,0.0,0.0
GRID_CBE_01687,Cropland,0.0,0.0,0.0,1.0,0.0,0.0,0.0
GRID_CBE_01688,Cropland,0.0,0.0,0.0,1.0,0.0,0.0,0.0
GRID_CBE_01689,Cropland,0.0,0.0,0.0,1.0,0.0,0.0,0.0
GRID_CBE_01690,Cropland,0.0,0.0,0.0,1.0,0.0,0.0,0.0
GRID_CBE_01691,Cropland,0.0,0.0,0.0,1.0,0.0,0.0,0.0
GRID_CBE_01692,Cropland,0.0,0.0,0.0,1.0,0.0,0.0,0.0
GRID_CBE_01693,Cropland,0.0,0.0,0.0,1.0,0.0,0.0,0.0
GRID_CBE_01694,Cropland,0.0,0.0,0.0,1.0,0.0,0.0,0.0
GRID_CBE_01695,Cropland,0.0,0.0,0.0,1.0,0.0,0.0,0.0
GRID_CBE_01696,Cropland,0.0,0.0,0.0,1.0,0.0,0.0,0.0
GRID_CBE_01697,Cropland,0.0,0.0,0.0,1.0,0.0,0.0,0.0
GRID_CBE_01698,Cropland,0.0,0.0,0.0,1.0,0.0,0.0,0.0
GRID_CBE_01699,Cropland,0.0,0.0,0.0,1.0,0.0,0.0,0.0
GRID_CBE_01700,Cropland,0.0,0.0,0.0,1.0,0.0,0.0,0.0
GRID_CBE_01701,Cropland,0.0,0.0,0.0,1.0,0.0,0.0,0.0
GRID_CBE_01702,Cropland,0.0,0.0,0.0,1.0,0.0,0.0,0.0
GRID_CBE_01703,Cropland,0.0,0.0,0.0,1.0,0.0,0.0,0.0
GRID_CBE_01704,Cropland,0.0,0.0,0.0,1.0,0.0,0.0,0.0
GRID_CBE_01705,Cropland,0.0,0.0,0.0,1.0,0.0,0.0,0.0
GRID_CBE_01706,Cropland,0.0,0.0,0.0,1.0,0.0,0.0,0.0
GRID_CBE_01707,Cropland,0.0,0.0,0.0,1.0,0.0,0.0,0.0
GRID_CBE_01708,Cropland,0.0,0.0,0.0,1.0,0.0,0.0,0.0
GRID_CBE_01709,Cropland,0.0,0.0,0.0,1.0,0.0,0.0,0.0
GRID_CBE_01710,Cropland,0.0,0.0,0.0,1.0,0.0,0.0,0.0
GRID_CBE_01711,Cropland,0.0,0.0,0.0,1.0,0.0,0.0,0.0
GRID_CBE_01712,Cropland,0.0,0.0,0.0,1.0,0.0,0.0,0.0
GRID_CBE_01713,Cropland,0.0,0.0,0.0,1.0,0.0,0.0,0.0
GRID_CBE_01714,Cropland,0.0,0.0,0.0,1.0,0.0,0.0,0.0
GRID_CBE_01715,Cropland,0.0,0.0,0.0,1.0,0.0,0.0,0.0
GRID_CBE_01716,Cropland,0.0,0.0,0.0,1.0,0.0,0.0,0.0
GRID_CBE_01717,Tree cover,1.0,0.0,0.0,0.0,0.0,0.0,0.0
GRID_CBE_01718,Tree cover,1.0,0.0,0.0,0.0,0.0,0.0,0.0
GRID_CBE_01719,Tree cover,1.0,0.0,0.0,0.0,0.0,0.0,0.0
GRID_CBE_01720,Tree cover,1.0,0.0,0.0,0.0,0.0,0.0,0.0
GRID_CBE_01721,Tree cover,1.0,0.0,0.0,0.0,0.0,0.0,0.0
GRID_CBE_01722,Tree cover,1.0,0.0,0.0,0.0,0.0,0.0,0.0
GRID_CBE_01723,Tree cover,1.0,0.0,0.0,0.0,0.0,0.0,0.0
GRID_CBE_01724,Tree cover,1.0,0.0,0.0,0.0,0.0,0.0,0.0
GRID_CBE_01725,Tree cover,1.0,0.0,0.0,0.0,0.0,0.0,0.0
GRID_CBE_01726,Tree cover,1.0,0.0,0.0,0.0,0.0,0.0,0.0
GRID_CBE_01727,Tree cover,1.0,0.0,0.0,0.0,0.0,0.0,0.0
GRID_CBE_01728,Tree cover,1.0,0.0,0.0,0.0,0.0,0.0,0.0
GRID_CBE_01729,Tree cover,1.0,0.0,0.0,0.0,0.0,0.0,0.0
GRID_CBE_01730,Tree cover,1.0,0.0,0.0,0.0,0.0,0.0,0.0
GRID_CBE_01731,Tree cover,1.0,0.0,0.0,0.0,0.0,0.0,0.0
GRID_CBE_01732,Tree cover,1.0,0.0,0.0,0.0,0.0,0.0,0.0
GRID_CBE_01733,Tree cover,1.0,0.0,0.0,0.0,0.0,0.0,0.0
GRID_CBE_01734,Tree cover,1.0,0.0,0.0,0.0,0.0,0.0,0.0
GRID_CBE_01735,Tree cover,1.0,0.0,0.0,0.0,0.0,0.0,0.0
GRID_CBE_01736,Tree cover,1.0,0.0,0.0,0.0,0.0,0.0,0.0
GRID_CBE_01737,Tree cover,1.0,0.0,0.0,0.0,0.0,0.0,0.0
GRID_CBE_01738,Tree cover,1.0,0.0,0.0,0.0,0.0,0.0,0.0
GRID_CBE_01739,Tree cover,0.7273,0.0,0.0,0.2727,0.0,0.0,0.0
GRID_CBE_01740,Cropland,0.3636,0.0,0.0,0.6364,0.0,0.0,0.0
GRID_CBE_01741,Cropland,0.0,0.0,0.0,1.0,0.0,0.0,0.0
GRID_CBE_01742,Cropland,0.0,0.0,0.0,1.0,0.0,0.0,0.0
GRID_CBE_01743,Cropland,0.0,0.0,0.0,1.0,0.0,0.0,0.0
GRID_CBE_01744,Cropland,0.0,0.0,0.0,1.0,0.0,0.0,0.0
GRID_CBE_01745,Cropland,0.0,0.0,0.0,1.0,0.0,0.0,0.0
GRID_CBE_01746,Cropland,0.0,0.0,0.0,1.0,0.0,0.0,0.0
GRID_CBE_01747,Cropland,0.0,0.0,0.0,1.0,0.0,0.0,0.0
GRID_CBE_01748,Cropland,0.0,0.0,0.0,1.0,0.0,0.0,0.0
GRID_CBE_01749,Cropland,0.0,0.0,0.0,1.0,0.0,0.0,0.0
GRID_CBE_01750,Cropland,0.0,0.0,0.0,1.0,0.0,0.0,0.0
GRID_CBE_01751,Cropland,0.0,0.0,0.0,1.0,0.0,0.0,0.0
GRID_CBE_01752,Cropland,0.0,0.0,0.0,1.0,0.0,0.0,0.0
GRID_CBE_01753,Cropland,0.0,0.0,0.0,1.0,0.0,0.0,0.0
GRID_CBE_01754,Cropland,0.0,0.0,0.0,1.0,0.0,0.0,0.0
GRID_CBE_01755,Cropland,0.0,0.0,0.0,1.0,0.0,0.0,0.0
GRID_CBE_01756,Cropland,0.0,0.0,0.0,1.0,0.0,0.0,0.0
GRID_CBE_01757,Cropland,0.0,0.0,0.0,1.0,0.0,0.0,0.0
GRID_CBE_01758,Cropland,0.0,0.0,0.0,1.0,0.0,0.0,0.0
GRID_CBE_01759,Cropland,0.0,0.0,0.0,1.0,0.0,0.0,0.0
GRID_CBE_01760,Cropland,0.0,0.0,0.0,1.0,0.0,0.0,0.0
GRID_CBE_01761,Cropland,0.0,0.0,0.0,1.0,0.0,0.0,0.0
GRID_CBE_01762,Cropland,0.0,0.0,0.0,1.0,0.0,0.0,0.0
GRID_CBE_01763,Cropland,0.0,0.0,0.0,1.0,0.0,0.0,0.0
GRID_CBE_01764,Cropland,0.0,0.0,0.0,1.0,0.0,0.0,0.0
GRID_CBE_01765,Cropland,0.0,0.0,0.0,1.0,0.0,0.0,0.0
GRID_CBE_01766,Cropland,0.0,0.0,0.0,1.0,0.0,0.0,0.0
GRID_CBE_01767,Cropland,0.0,0.0,0.0,1.0,0.0,0.0,0.0
GRID_CBE_01768,Cropland,0.0,0.0,0.0,1.0,0.0,0.0,0.0
GRID_CBE_01769,Cropland,0.0,0.0,0.0,1.0,0.0,0.0,0.0
GRID_CBE_01770,Cropland,0.0,0.0,0.0,1.0,0.0,0.0,0.0
GRID_CBE_01771,Cropland,0.0,0.0,0.0,1.0,0.0,0.0,0.0
GRID_CBE_01772,Cropland,0.0,0.0,0.0,1.0,0.0,0.0,0.0
GRID_CBE_01773,Cropland,0.0,0.0,0.0,1.0,0.0,0.0,0.0
GRID_CBE_01774,Cropland,0.0,0.0,0.0,1.0,0.0,0.0,0.0
GRID_CBE_01775,Cropland,0.0,0.0,0.0,1.0,0.0,0.0,0.0
GRID_CBE_01776,Cropland,0.0,0.0,0.0,1.0,0.0,0.0,0.0
GRID_CBE_01777,Cropland,0.0,0.0,0.0,1.0,0.0,0.0,0.0
GRID_CBE_01778,Cropland,0.0,0.0,0.0,1.0,0.0,0.0,0.0
GRID_CBE_01779,Cropland,0.0,0.0,0.0,1.0,0.0,0.0,0.0
GRID_CBE_01780,Cropland,0.0,0.0,0.0,1.0,0.0,0.0,0.0
GRID_CBE_01781,Cropland,0.0,0.0,0.0,1.0,0.0,0.0,0.0
GRID_CBE_01782,Cropland,0.0,0.0,0.0,1.0,0.0,0.0,0.0
GRID_CBE_01783,Cropland,0.0,0.0,0.0,1.0,0.0,0.0,0.0
GRID_CBE_01784,Cropland,0.0,0.0,0.0,1.0,0.0,0.0,0.0
GRID_CBE_01785,Cropland,0.0,0.0,0.0,1.0,0.0,0.0,0.0
GRID_CBE_01786,Cropland,0.0,0.0,0.0,1.0,0.0,0.0,0.0
GRID_CBE_01787,Cropland,0.0,0.0,0.0,1.0,0.0,0.0,0.0
GRID_CBE_01788,Cropland,0.0,0.0,0.0,1.0,0.0,0.0,0.0
GRID_CBE_01789,Cropland,0.0,0.0,0.0,1.0,0.0,0.0,0.0
GRID_CBE_01790,Cropland,0.0,0.0,0.0,1.0,0.0,0.0,0.0
GRID_CBE_01791,Cropland,0.0,0.0,0.0,1.0,0.0,0.0,0.0
GRID_CBE_01792,Cropland,0.0,0.0,0.0,1.0,0.0,0.0,0.0
GRID_CBE_01793,Cropland,0.0,0.0,0.0,1.0,0.0,0.0,0.0
GRID_CBE_01794,Cropland,0.0,0.0,0.0,1.0,0.0,0.0,0.0
GRID_CBE_01795,Tree cover,1.0,0.0,0.0,0.0,0.0,0.0,0.0
GRID_CBE_01796,Tree cover,1.0,0.0,0.0,0.0,0.0,0.0,0.0
GRID_CBE_01797,Tree cover,1.0,0.0,0.0,0.0,0.0,0.0,0.0
GRID_CBE_01798,Tree cover,1.0,0.0,0.0,0.0,0.0,0.0,0.0
GRID_CBE_01799,Tree cover,1.0,0.0,0.0,0.0,0.0,0.0,0.0
GRID_CBE_01800,Tree cover,1.0,0.0,0.0,0.0,0.0,0.0,0.0
GRID_CBE_01801,Tree cover,1.0,0.0,0.0,0.0,0.0,0.0,0.0
GRID_CBE_01802,Tree cover,1.0,0.0,0.0,0.0,0.0,0.0,0.0
GRID_CBE_01803,Tree cover,1.0,0.0,0.0,0.0,0.0,0.0,0.0
GRID_CBE_01804,Tree cover,1.0,0.0,0.0,0.0,0.0,0.0,0.0
GRID_CBE_01805,Tree cover,1.0,0.0,0.0,0.0,0.0,0.0,0.0
GRID_CBE_01806,Tree cover,1.0,0.0,0.0,0.0,0.0,0.0,0.0
GRID_CBE_01807,Tree cover,1.0,0.0,0.0,0.0,0.0,0.0,0.0
GRID_CBE_01808,Tree cover,1.0,0.0,0.0,0.0,0.0,0.0,0.0
GRID_CBE_01809,Tree cover,1.0,0.0,0.0,0.0,0.0,0.0,0.0
GRID_CBE_01810,Tree cover,1.0,0.0,0.0,0.0,0.0,0.0,0.0
GRID_CBE_01811,Tree cover,1.0,0.0,0.0,0.0,0.0,0.0,0.0
GRID_CBE_01812,Tree cover,1.0,0.0,0.0,0.0,0.0,0.0,0.0
GRID_CBE_01813,Tree cover,1.0,0.0,0.0,0.0,0.0,0.0,0.0
GRID_CBE_01814,Tree cover,1.0,0.0,0.0,0.0,0.0,0.0,0.0
GRID_CBE_01815,Tree cover,1.0,0.0,0.0,0.0,0.0,0.0,0.0
GRID_CBE_01816,Tree cover,1.0,0.0,0.0,0.0,0.0,0.0,0.0
GRID_CBE_01817,Tree cover,0.7273,0.0,0.0,0.2727,0.0,0.0,0.0
GRID_CBE_01818,Cropland,0.3636,0.0,0.0,0.6364,0.0,0.0,0.0
GRID_CBE_01819,Cropland,0.0,0.0,0.0,1.0,0.0,0.0,0.0
GRID_CBE_01820,Cropland,0.0,0.0,0.0,1.0,0.0,0.0,0.0
GRID_CBE_01821,Cropland,0.0,0.0,0.0,1.0,0.0,0.0,0.0
GRID_CBE_01822,Cropland,0.0,0.0,0.0,1.0,0.0,0.0,0.0
GRID_CBE_01823,Cropland,0.0,0.0,0.0,1.0,0.0,0.0,0.0
GRID_CBE_01824,Cropland,0.0,0.0,0.0,1.0,0.0,0.0,0.0
GRID_CBE_01825,Cropland,0.0,0.0,0.0,1.0,0.0,0.0,0.0
GRID_CBE_01826,Cropland,0.0,0.0,0.0,1.0,0.0,0.0,0.0
GRID_CBE_01827,Cropland,0.0,0.0,0.0,1.0,0.0,0.0,0.0
GRID_CBE_01828,Cropland,0.0,0.0,0.0,1.0,0.0,0.0,0.0
GRID_CBE_01829,Cropland,0.0,0.0,0.0,1.0,0.0,0.0,0.0
GRID_CBE_01830,Cropland,0.0,0.0,0.0,1.0,0.0,0.0,0.0
GRID_CBE_01831,Cropland,0.0,0.0,0.0,1.0,0.0,0.0,0.0
GRID_CBE_01832,Cropland,0.0,0.0,0.0,1.0,0.0,0.0,0.0
GRID_CBE_01833,Cropland,0.0,0.0,0.0,1.0,0.0,0.0,0.0
GRID_CBE_01834,Cropland,0.0,0.0,0.0,1.0,0.0,0.0,0.0
GRID_CBE_01835,Cropland,0.0,0.0,0.0,1.0,0.0,0.0,0.0
GRID_CBE_01836,Cropland,0.0,0.0,0.0,1.0,0.0,0.0,0.0
GRID_CBE_01837,Cropland,0.0,0.0,0.0,1.0,0.0,0.0,0.0
GRID_CBE_01838,Cropland,0.0,0.0,0.0,1.0,0.0,0.0,0.0
GRID_CBE_01839,Cropland,0.0,0.0,0.0,1.0,0.0,0.0,0.0
GRID_CBE_01840,Cropland,0.0,0.0,0.0,1.0,0.0,0.0,0.0
GRID_CBE_01841,Cropland,0.0,0.0,0.0,1.0,0.0,0.0,0.0
GRID_CBE_01842,Cropland,0.0,0.0,0.0,1.0,0.0,0.0,0.0
GRID_CBE_01843,Cropland,0.0,0.0,0.0,1.0,0.0,0.0,0.0
GRID_CBE_01844,Cropland,0.0,0.0,0.0,1.0,0.0,0.0,0.0
GRID_CBE_01845,Cropland,0.0,0.0,0.0,1.0,0.0,0.0,0.0
GRID_CBE_01846,Cropland,0.0,0.0,0.0,1.0,0.0,0.0,0.0
GRID_CBE_01847,Cropland,0.0,0.0,0.0,1.0,0.0,0.0,0.0
GRID_CBE_01848,Cropland,0.0,0.0,0.0,1.0,0.0,0.0,0.0
GRID_CBE_01849,Cropland,0.0,0.0,0.0,1.0,0.0,0.0,0.0
GRID_CBE_01850,Cropland,0.0,0.0,0.0,1.0,0.0,0.0,0.0
GRID_CBE_01851,Cropland,0.0,0.0,0.0,1.0,0.0,0.0,0.0
GRID_CBE_01852,Cropland,0.0,0.0,0.0,1.0,0.0,0.0,0.0
GRID_CBE_01853,Cropland,0.0,0.0,0.0,1.0,0.0,0.0,0.0
GRID_CBE_01854,Cropland,0.0,0.0,0.0,1.0,0.0,0.0,0.0
GRID_CBE_01855,Cropland,0.0,0.0,0.0,1.0,0.0,0.0,0.0
GRID_CBE_01856,Cropland,0.0,0.0,0.0,1.0,0.0,0.0,0.0
GRID_CBE_01857,Cropland,0.0,0.0,0.0,1.0,0.0,0.0,0.0
GRID_CBE_01858,Cropland,0.0,0.0,0.0,1.0,0.0,0.0,0.0
GRID_CBE_01859,Cropland,0.0,0.0,0.0,1.0,0.0,0.0,0.0
GRID_CBE_01860,Cropland,0.0,0.0,0.0,1.0,0.0,0.0,0.0
GRID_CBE_01861,Cropland,0.0,0.0,0.0,1.0,0.0,0.0,0.0
GRID_CBE_01862,Cropland,0.0,0.0,0.0,1.0,0.0,0.0,0.0
GRID_CBE_01863,Cropland,0.0,0.0,0.0,1.0,0.0,0.0,0.0
GRID_CBE_01864,Cropland,0.0,0.0,0.0,1.0,0.0,0.0,0.0
GRID_CBE_01865,Cropland,0.0,0.0,0.0,1.0,0.0,0.0,0.0
GRID_CBE_01866,Cropland,0.0,0.0,0.0,1.0,0.0,0.0,0.0
GRID_CBE_01867,Cropland,0.0,0.0,0.0,1.0,0.0,0.0,0.0
GRID_CBE_01868,Cropland,0.0,0.0,0.0,1.0,0.0,0.0,0.0
GRID_CBE_01869,Cropland,0.0,0.0,0.0,1.0,0.0,0.0,0.0
GRID_CBE_01870,Cropland,0.0,0.0,0.0,1.0,0.0,0.0,0.0
GRID_CBE_01871,Cropland,0.0,0.0,0.0,1.0,0.0,0.0,0.0
GRID_CBE_01872,Cropland,0.0,0.0,0.0,1.0,0.0,0.0,0.0
GRID_CBE_01873,Tree cover,1.0,0.0,0.0,0.0,0.0,0.0,0.0
GRID_CBE_01874,Tree cover,1.0,0.0,0.0,0.0,0.0,0.0,0.0
GRID_CBE_01875,Tree cover,1.0,0.0,0.0,0.0,0.0,0.0,0.0
GRID_CBE_01876,Tree cover,1.0,0.0,0.0,0.0,0.0,0.0,0.0
GRID_CBE_01877,Tree cover,1.0,0.0,0.0,0.0,0.0,0.0,0.0
GRID_CBE_01878,Tree cover,1.0,0.0,0.0,0.0,0.0,0.0,0.0
GRID_CBE_01879,Tree cover,1.0,0.0,0.0,0.0,0.0,0.0,0.0
GRID_CBE_01880,Tree cover,1.0,0.0,0.0,0.0,0.0,0.0,0.0
GRID_CBE_01881,Tree cover,1.0,0.0,0.0,0.0,0.0,0.0,0.0
GRID_CBE_01882,Tree cover,1.0,0.0,0.0,0.0,0.0,0.0,0.0
GRID_CBE_01883,Tree cover,1.0,0.0,0.0,0.0,0.0,0.0,0.0
GRID_CBE_01884,Tree cover,1.0,0.0,0.0,0.0,0.0,0.0,0.0
GRID_CBE_01885,Tree cover,1.0,0.0,0.0,0.0,0.0,0.0,0.0
GRID_CBE_01886,Tree cover,1.0,0.0,0.0,0.0,0.0,0.0,0.0
GRID_CBE_01887,Tree cover,1.0,0.0,0.0,0.0,0.0,0.0,0.0
GRID_CBE_01888,Tree cover,1.0,0.0,0.0,0.0,0.0,0.0,0.0
GRID_CBE_01889,Tree cover,1.0,0.0,0.0,0.0,0.0,0.0,0.0
GRID_CBE_01890,Tree cover,1.0,0.0,0.0,0.0,0.0,0.0,0.0
GRID_CBE_01891,Tree cover,1.0,0.0,0.0,0.0,0.0,0.0,0.0
GRID_CBE_01892,Tree cover,1.0,0.0,0.0,0.0,0.0,0.0,0.0
GRID_CBE_01893,Tree cover,1.0,0.0,0.0,0.0,0.0,0.0,0.0
GRID_CBE_01894,Tree cover,1.0,0.0,0.0,0.0,0.0,0.0,0.0
GRID_CBE_01895,Tree cover,0.7273,0.0,0.0,0.2727,0.0,0.0,0.0
GRID_CBE_01896,Cropland,0.3636,0.0,0.0,0.6364,0.0,0.0,0.0
GRID_CBE_01897,Cropland,0.0,0.0,0.0,1.0,0.0,0.0,0.0
GRID_CBE_01898,Cropland,0.0,0.0,0.0,1.0,0.0,0.0,0.0
GRID_CBE_01899,Cropland,0.0,0.0,0.0,1.0,0.0,0.0,0.0
GRID_CBE_01900,Cropland,0.0,0.0,0.0,1.0,0.0,0.0,0.0
GRID_CBE_01901,Cropland,0.0,0.0,0.0,1.0,0.0,0.0,0.0
GRID_CBE_01902,Cropland,0.0,0.0,0.0,1.0,0.0,0.0,0.0
GRID_CBE_01903,Cropland,0.0,0.0,0.0,1.0,0.0,0.0,0.0
GRID_CBE_01904,Cropland,0.0,0.0,0.0,1.0,0.0,0.0,0.0
GRID_CBE_01905,Cropland,0.0,0.0,0.0,1.0,0.0,0.0,0.0
GRID_CBE_01906,Cropland,0.0,0.0,0.0,1.0,0.0,0.0,0.0
GRID_CBE_01907,Cropland,0.0,0.0,0.0,1.0,0.0,0.0,0.0
GRID_CBE_01908,Cropland,0.0,0.0,0.0,1.0,0.0,0.0,0.0
GRID_CBE_01909,Cropland,0.0,0.0,0.0,1.0,0.0,0.0,0.0
GRID_CBE_01910,Cropland,0.0,0.0,0.0,1.0,0.0,0.0,0.0
GRID_CBE_01911,Cropland,0.0,0.0,0.0,1.0,0.0,0.0,0.0
GRID_CBE_01912,Cropland,0.0,0.0,0.0,1.0,0.0,0.0,0.0
GRID_CBE_01913,Cropland,0.0,0.0,0.0,1.0,0.0,0.0,0.0
GRID_CBE_01914,Cropland,0.0,0.0,0.0,1.0,0.0,0.0,0.0
GRID_CBE_01915,Cropland,0.0,0.0,0.0,1.0,0.0,0.0,0.0
GRID_CBE_01916,Cropland,0.0,0.0,0.0,1.0,0.0,0.0,0.0
GRID_CBE_01917,Cropland,0.0,0.0,0.0,1.0,0.0,0.0,0.0
GRID_CBE_01918,Cropland,0.0,0.0,0.0,1.0,0.0,0.0,0.0
GRID_CBE_01919,Cropland,0.0,0.0,0.0,1.0,0.0,0.0,0.0
GRID_CBE_01920,Cropland,0.0,0.0,0.0,1.0,0.0,0.0,0.0
GRID_CBE_01921,Cropland,0.0,0.0,0.0,1.0,0.0,0.0,0.0
GRID_CBE_01922,Cropland,0.0,0.0,0.0,1.0,0.0,0.0,0.0
GRID_CBE_01923,Cropland,0.0,0.0,0.0,1.0,0.0,0.0,0.0
GRID_CBE_01924,Cropland,0.0,0.0,0.0,1.0,0.0,0.0,0.0
GRID_CBE_01925,Cropland,0.0,0.0,0.0,1.0,0.0,0.0,0.0
GRID_CBE_01926,Cropland,0.0,0.0,0.0,1.0,0.0,0.0,0.0
GRID_CBE_01927,Cropland,0.0,0.0,0.0,1.0,0.0,0.0,0.0
GRID_CBE_01928,Cropland,0.0,0.0,0.0,1.0,0.0,0.0,0.0
GRID_CBE_01929,Cropland,0.0,0.0,0.0,1.0,0.0,0.0,0.0
GRID_CBE_01930,Cropland,0.0,0.0,0.0,1.0,0.0,0.0,0.0
GRID_CBE_01931,Cropland,0.0,0.0,0.0,1.0,0.0,0.0,0.0
GRID_CBE_01932,Cropland,0.0,0.0,0.0,1.0,0.0,0.0,0.0
GRID_CBE_01933,Cropland,0.0,0.0,0.0,1.0,0.0,0.0,0.0
GRID_CBE_01934,Cropland,0.0,0.0,0.0,1.0,0.0,0.0,0.0
GRID_CBE_01935,Cropland,0.0,0.0,0.0,1.0,0.0,0.0,0.0
GRID_CBE_01936,Cropland,0.0,0.0,0.0,1.0,0.0,0.0,0.0
GRID_CBE_01937,Cropland,0.0,0.0,0.0,1.0,0.0,0.0,0.0
GRID_CBE_01938,Cropland,0.0,0.0,0.0,1.0,0.0,0.0,0.0
GRID_CBE_01939,Cropland,0.0,0.0,0.0,1.0,0.0,0.0,0.0
GRID_CBE_01940,Cropland,0.0,0.0,0.0,1.0,0.0,0.0,0.0
GRID_CBE_01941,Cropland,0.0,0.0,0.0,1.0,0.0,0.0,0.0
GRID_CBE_01942,Cropland,0.0,0.0,0.0,1.0,0.0,0.0,0.0
GRID_CBE_01943,Cropland,0.0,0.0,0.0,1.0,0.0,0.0,0.0
GRID_CBE_01944,Cropland,0.0,0.0,0.0,1.0,0.0,0.0,0.0
GRID_CBE_01945,Cropland,0.0,0.0,0.0,1.0,0.0,0.0,0.0
GRID_CBE_01946,Cropland,0.0,0.0,0.0,1.0,0.0,0.0,0.0
GRID_CBE_01947,Cropland,0.0,0.0,0.0,1.0,0.0,0.0,0.0
GRID_CBE_01948,Cropland,0.0,0.0,0.0,1.0,0.0,0.0,0.0
GRID_CBE_01949,Cropland,0.0,0.0,0.0,1.0,0.0,0.0,0.0
GRID_CBE_01950,Cropland,0.0,0.0,0.0,1.0,0.0,0.0,0.0
GRID_CBE_01951,Tree cover,1.0,0.0,0.0,0.0,0.0,0.0,0.0
GRID_CBE_01952,Tree cover,1.0,0.0,0.0,0.0,0.0,0.0,0.0
GRID_CBE_01953,Tree cover,1.0,0.0,0.0,0.0,0.0,0.0,0.0
GRID_CBE_01954,Tree cover,1.0,0.0,0.0,0.0,0.0,0.0,0.0
GRID_CBE_01955,Tree cover,1.0,0.0,0.0,0.0,0.0,0.0,0.0
GRID_CBE_01956,Tree cover,1.0,0.0,0.0,0.0,0.0,0.0,0.0
GRID_CBE_01957,Tree cover,1.0,0.0,0.0,0.0,0.0,0.0,0.0
GRID_CBE_01958,Tree cover,1.0,0.0,0.0,0.0,0.0,0.0,0.0
GRID_CBE_01959,Tree cover,1.0,0.0,0.0,0.0,0.0,0.0,0.0
GRID_CBE_01960,Tree cover,1.0,0.0,0.0,0.0,0.0,0.0,0.0
GRID_CBE_01961,Tree cover,1.0,0.0,0.0,0.0,0.0,0.0,0.0
GRID_CBE_01962,Tree cover,1.0,0.0,0.0,0.0,0.0,0.0,0.0
GRID_CBE_01963,Tree cover,1.0,0.0,0.0,0.0,0.0,0.0,0.0
GRID_CBE_01964,Tree cover,1.0,0.0,0.0,0.0,0.0,0.0,0.0
GRID_CBE_01965,Tree cover,1.0,0.0,0.0,0.0,0.0,0.0,0.0
GRID_CBE_01966,Tree cover,1.0,0.0,0.0,0.0,0.0,0.0,0.0
GRID_CBE_01967,Tree cover,1.0,0.0,0.0,0.0,0.0,0.0,0.0
GRID_CBE_01968,Tree cover,1.0,0.0,0.0,0.0,0.0,0.0,0.0
GRID_CBE_01969,Tree cover,1.0,0.0,0.0,0.0,0.0,0.0,0.0
GRID_CBE_01970,Tree cover,1.0,0.0,0.0,0.0,0.0,0.0,0.0
GRID_CBE_01971,Tree cover,1.0,0.0,0.0,0.0,0.0,0.0,0.0
GRID_CBE_01972,Tree cover,1.0,0.0,0.0,0.0,0.0,0.0,0.0
GRID_CBE_01973,Tree cover,0.7273,0.0,0.0,0.2727,0.0,0.0,0.0
GRID_CBE_01974,Cropland,0.3636,0.0,0.0,0.6364,0.0,0.0,0.0
GRID_CBE_01975,Cropland,0.0,0.0,0.0,1.0,0.0,0.0,0.0
GRID_CBE_01976,Cropland,0.0,0.0,0.0,1.0,0.0,0.0,0.0
GRID_CBE_01977,Cropland,0.0,0.0,0.0,1.0,0.0,0.0,0.0
GRID_CBE_01978,Cropland,0.0,0.0,0.0,1.0,0.0,0.0,0.0
GRID_CBE_01979,Cropland,0.0,0.0,0.0,1.0,0.0,0.0,0.0
GRID_CBE_01980,Cropland,0.0,0.0,0.0,1.0,0.0,0.0,0.0
GRID_CBE_01981,Cropland,0.0,0.0,0.0,1.0,0.0,0.0,0.0
GRID_CBE_01982,Cropland,0.0,0.0,0.0,1.0,0.0,0.0,0.0
GRID_CBE_01983,Cropland,0.0,0.0,0.0,1.0,0.0,0.0,0.0
GRID_CBE_01984,Cropland,0.0,0.0,0.0,1.0,0.0,0.0,0.0
GRID_CBE_01985,Cropland,0.0,0.0,0.0,1.0,0.0,0.0,0.0
GRID_CBE_01986,Cropland,0.0,0.0,0.0,1.0,0.0,0.0,0.0
GRID_CBE_01987,Cropland,0.0,0.0,0.0,1.0,0.0,0.0,0.0
GRID_CBE_01988,Cropland,0.0,0.0,0.0,1.0,0.0,0.0,0.0
GRID_CBE_01989,Cropland,0.0,0.0,0.0,1.0,0.0,0.0,0.0
GRID_CBE_01990,Cropland,0.0,0.0,0.0,1.0,0.0,0.0,0.0
GRID_CBE_01991,Cropland,0.0,0.0,0.0,1.0,0.0,0.0,0.0
GRID_CBE_01992,Cropland,0.0,0.0,0.0,1.0,0.0,0.0,0.0
GRID_CBE_01993,Cropland,0.0,0.0,0.0,1.0,0.0,0.0,0.0
GRID_CBE_01994,Cropland,0.0,0.0,0.0,1.0,0.0,0.0,0.0
GRID_CBE_01995,Cropland,0.0,0.0,0.0,1.0,0.0,0.0,0.0
GRID_CBE_01996,Cropland,0.0,0.0,0.0,1.0,0.0,0.0,0.0
GRID_CBE_01997,Cropland,0.0,0.0,0.0,1.0,0.0,0.0,0.0
GRID_CBE_01998,Cropland,0.0,0.0,0.0,1.0,0.0,0.0,0.0
GRID_CBE_01999,Cropland,0.0,0.0,0.0,1.0,0.0,0.0,0.0
GRID_CBE_02000,Cropland,0.0,0.0,0.0,1.0,0.0,0.0,0.0
GRID_CBE_02001,Cropland,0.0,0.0,0.0,1.0,0.0,0.0,0.0
GRID_CBE_02002,Cropland,0.0,0.0,0.0,1.0,0.0,0.0,0.0
GRID_CBE_02003,Cropland,0.0,0.0,0.0,1.0,0.0,0.0,0.0
GRID_CBE_02004,Cropland,0.0,0.0,0.0,1.0,0.0,0.0,0.0
GRID_CBE_02005,Cropland,0.0,0.0,0.0,1.0,0.0,0.0,0.0
GRID_CBE_02006,Cropland,0.0,0.0,0.0,1.0,0.0,0.0,0.0
GRID_CBE_02007,Cropland,0.0,0.0,0.0,1.0,0.0,0.0,0.0
GRID_CBE_02008,Cropland,0.0,0.0,0.0,1.0,0.0,0.0,0.0
GRID_CBE_02009,Cropland,0.0,0.0,0.0,1.0,0.0,0.0,0.0
GRID_CBE_02010,Cropland,0.0,0.0,0.0,1.0,0.0,0.0,0.0
GRID_CBE_02011,Cropland,0.0,0.0,0.0,1.0,0.0,0.0,0.0
GRID_CBE_02012,Cropland,0.0,0.0,0.0,1.0,0.0,0.0,0.0
GRID_CBE_02013,Cropland,0.0,0.0,0.0,1.0,0.0,0.0,0.0
GRID_CBE_02014,Cropland,0.0,0.0,0.0,1.0,0.0,0.0,0.0
GRID_CBE_02015,Cropland,0.0,0.0,0.0,1.0,0.0,0.0,0.0
GRID_CBE_02016,Cropland,0.0,0.0,0.0,1.0,0.0,0.0,0.0
GRID_CBE_02017,Cropland,0.0,0.0,0.0,1.0,0.0,0.0,0.0
GRID_CBE_02018,Cropland,0.0,0.0,0.0,1.0,0.0,0.0,0.0
GRID_CBE_02019,Cropland,0.0,0.0,0.0,1.0,0.0,0.0,0.0
GRID_CBE_02020,Cropland,0.0,0.0,0.0,1.0,0.0,0.0,0.0
GRID_CBE_02021,Cropland,0.0,0.0,0.0,1.0,0.0,0.0,0.0
GRID_CBE_02022,Cropland,0.0,0.0,0.0,1.0,0.0,0.0,0.0
GRID_CBE_02023,Cropland,0.0,0.0,0.0,1.0,0.0,0.0,0.0
GRID_CBE_02024,Cropland,0.0,0.0,0.0,1.0,0.0,0.0,0.0
GRID_CBE_02025,Cropland,0.0,0.0,0.0,1.0,0.0,0.0,0.0
GRID_CBE_02026,Cropland,0.0,0.0,0.0,1.0,0.0,0.0,0.0
GRID_CBE_02027,Cropland,0.0,0.0,0.0,1.0,0.0,0.0,0.0
GRID_CBE_02028,Cropland,0.0,0.0,0.0,1.0,0.0,0.0,0.0
GRID_CBE_02029,Tree cover,1.0,0.0,0.0,0.0,0.0,0.0,0.0
GRID_CBE_02030,Tree cover,1.0,0.0,0.0,0.0,0.0,0.0,0.0
GRID_CBE_02031,Tree cover,1.0,0.0,0.0,0.0,0.0,0.0,0.0
GRID_CBE_02032,Tree cover,1.0,0.0,0.0,0.0,0.0,0.0,0.0
GRID_CBE_02033,Tree cover,1.0,0.0,0.0,0.0,0.0,0.0,0.0
GRID_CBE_02034,Tree cover,1.0,0.0,0.0,0.0,0.0,0.0,0.0
GRID_CBE_02035,Tree cover,1.0,0.0,0.0,0.0,0.0,0.0,0.0
GRID_CBE_02036,Tree cover,1.0,0.0,0.0,0.0,0.0,0.0,0.0
GRID_CBE_02037,Tree cover,1.0,0.0,0.0,0.0,0.0,0.0,0.0
GRID_CBE_02038,Tree cover,1.0,0.0,0.0,0.0,0.0,0.0,0.0
GRID_CBE_02039,Tree cover,1.0,0.0,0.0,0.0,0.0,0.0,0.0
GRID_CBE_02040,Tree cover,1.0,0.0,0.0,0.0,0.0,0.0,0.0
GRID_CBE_02041,Tree cover,1.0,0.0,0.0,0.0,0.0,0.0,0.0
GRID_CBE_02042,Tree cover,1.0,0.0,0.0,0.0,0.0,0.0,0.0
GRID_CBE_02043,Tree cover,1.0,0.0,0.0,0.0,0.0,0.0,0.0
GRID_CBE_02044,Tree cover,1.0,0.0,0.0,0.0,0.0,0.0,0.0
GRID_CBE_02045,Tree cover,1.0,0.0,0.0,0.0,0.0,0.0,0.0
GRID_CBE_02046,Tree cover,1.0,0.0,0.0,0.0,0.0,0.0,0.0
GRID_CBE_02047,Tree cover,1.0,0.0,0.0,0.0,0.0,0.0,0.0
GRID_CBE_02048,Tree cover,1.0,0.0,0.0,0.0,0.0,0.0,0.0
GRID_CBE_02049,Tree cover,1.0,0.0,0.0,0.0,0.0,0.0,0.0
GRID_CBE_02050,Tree cover,1.0,0.0,0.0,0.0,0.0,0.0,0.0
GRID_CBE_02051,Tree cover,0.7273,0.0,0.0,0.2727,0.0,0.0,0.0
GRID_CBE_02052,Cropland,0.3636,0.0,0.0,0.6364,0.0,0.0,0.0
GRID_CBE_02053,Cropland,0.0,0.0,0.0,1.0,0.0,0.0,0.0
GRID_CBE_02054,Cropland,0.0,0.0,0.0,1.0,0.0,0.0,0.0
GRID_CBE_02055,Cropland,0.0,0.0,0.0,1.0,0.0,0.0,0.0
GRID_CBE_02056,Cropland,0.0,0.0,0.0,1.0,0.0,0.0,0.0
GRID_CBE_02057,Cropland,0.0,0.0,0.0,1.0,0.0,0.0,0.0
GRID_CBE_02058,Cropland,0.0,0.0,0.0,1.0,0.0,0.0,0.0
GRID_CBE_02059,Cropland,0.0,0.0,0.0,1.0,0.0,0.0,0.0
GRID_CBE_02060,Cropland,0.0,0.0,0.0,1.0,0.0,0.0,0.0
GRID_CBE_02061,Cropland,0.0,0.0,0.0,1.0,0.0,0.0,0.0
GRID_CBE_02062,Cropland,0.0,0.0,0.0,1.0,0.0,0.0,0.0
GRID_CBE_02063,Cropland,0.0,0.0,0.0,1.0,0.0,0.0,0.0
GRID_CBE_02064,Cropland,0.0,0.0,0.0,1.0,0.0,0.0,0.0
GRID_CBE_02065,Cropland,0.0,0.0,0.0,1.0,0.0,0.0,0.0
GRID_CBE_02066,Cropland,0.0,0.0,0.0,1.0,0.0,0.0,0.0
GRID_CBE_02067,Cropland,0.0,0.0,0.0,1.0,0.0,0.0,0.0
GRID_CBE_02068,Cropland,0.0,0.0,0.0,1.0,0.0,0.0,0.0
GRID_CBE_02069,Cropland,0.0,0.0,0.0,1.0,0.0,0.0,0.0
GRID_CBE_02070,Cropland,0.0,0.0,0.0,1.0,0.0,0.0,0.0
GRID_CBE_02071,Cropland,0.0,0.0,0.0,1.0,0.0,0.0,0.0
GRID_CBE_02072,Cropland,0.0,0.0,0.0,1.0,0.0,0.0,0.0
GRID_CBE_02073,Cropland,0.0,0.0,0.0,1.0,0.0,0.0,0.0
GRID_CBE_02074,Cropland,0.0,0.0,0.0,1.0,0.0,0.0,0.0
GRID_CBE_02075,Cropland,0.0,0.0,0.0,1.0,0.0,0.0,0.0
GRID_CBE_02076,Cropland,0.0,0.0,0.0,1.0,0.0,0.0,0.0
GRID_CBE_02077,Cropland,0.0,0.0,0.0,1.0,0.0,0.0,0.0
GRID_CBE_02078,Cropland,0.0,0.0,0.0,1.0,0.0,0.0,0.0
GRID_CBE_02079,Cropland,0.0,0.0,0.0,1.0,0.0,0.0,0.0
GRID_CBE_02080,Cropland,0.0,0.0,0.0,1.0,0.0,0.0,0.0
GRID_CBE_02081,Cropland,0.0,0.0,0.0,1.0,0.0,0.0,0.0
GRID_CBE_02082,Cropland,0.0,0.0,0.0,1.0,0.0,0.0,0.0
GRID_CBE_02083,Cropland,0.0,0.0,0.0,1.0,0.0,0.0,0.0
GRID_CBE_02084,Cropland,0.0,0.0,0.0,1.0,0.0,0.0,0.0
GRID_CBE_02085,Cropland,0.0,0.0,0.0,1.0,0.0,0.0,0.0
GRID_CBE_02086,Cropland,0.0,0.0,0.0,1.0,0.0,0.0,0.0
GRID_CBE_02087,Cropland,0.0,0.0,0.0,1.0,0.0,0.0,0.0
GRID_CBE_02088,Cropland,0.0,0.0,0.0,1.0,0.0,0.0,0.0
GRID_CBE_02089,Cropland,0.0,0.0,0.0,1.0,0.0,0.0,0.0
GRID_CBE_02090,Cropland,0.0,0.0,0.0,1.0,0.0,0.0,0.0
GRID_CBE_02091,Cropland,0.0,0.0,0.0,1.0,0.0,0.0,0.0
GRID_CBE_02092,Cropland,0.0,0.0,0.0,1.0,0.0,0.0,0.0
GRID_CBE_02093,Cropland,0.0,0.0,0.0,1.0,0.0,0.0,0.0
GRID_CBE_02094,Cropland,0.0,0.0,0.0,1.0,0.0,0.0,0.0
GRID_CBE_02095,Cropland,0.0,0.0,0.0,1.0,0.0,0.0,0.0
GRID_CBE_02096,Cropland,0.0,0.0,0.0,1.0,0.0,0.0,0.0
GRID_CBE_02097,Cropland,0.0,0.0,0.0,1.0,0.0,0.0,0.0
GRID_CBE_02098,Cropland,0.0,0.0,0.0,1.0,0.0,0.0,0.0
GRID_CBE_02099,Cropland,0.0,0.0,0.0,1.0,0.0,0.0,0.0
GRID_CBE_02100,Cropland,0.0,0.0,0.0,1.0,0.0,0.0,0.0
GRID_CBE_02101,Cropland,0.0,0.0,0.0,1.0,0.0,0.0,0.0
GRID_CBE_02102,Cropland,0.0,0.0,0.0,1.0,0.0,0.0,0.0
GRID_CBE_02103,Cropland,0.0,0.0,0.0,1.0,0.0,0.0,0.0
GRID_CBE_02104,Cropland,0.0,0.0,0.0,1.0,0.0,0.0,0.0
GRID_CBE_02105,Cropland,0.0,0.0,0.0,1.0,0.0,0.0,0.0
GRID_CBE_02106,Cropland,0.0,0.0,0.0,1.0,0.0,0.0,0.0
GRID_CBE_02107,Tree cover,1.0,0.0,0.0,0.0,0.0,0.0,0.0
GRID_CBE_02108,Tree cover,1.0,0.0,0.0,0.0,0.0,0.0,0.0
GRID_CBE_02109,Tree cover,1.0,0.0,0.0,0.0,0.0,0.0,0.0
GRID_CBE_02110,Tree cover,1.0,0.0,0.0,0.0,0.0,0.0,0.0
GRID_CBE_02111,Tree cover,1.0,0.0,0.0,0.0,0.0,0.0,0.0
GRID_CBE_02112,Tree cover,1.0,0.0,0.0,0.0,0.0,0.0,0.0
GRID_CBE_02113,Tree cover,1.0,0.0,0.0,0.0,0.0,0.0,0.0
GRID_CBE_02114,Tree cover,1.0,0.0,0.0,0.0,0.0,0.0,0.0
GRID_CBE_02115,Tree cover,1.0,0.0,0.0,0.0,0.0,0.0,0.0
GRID_CBE_02116,Tree cover,1.0,0.0,0.0,0.0,0.0,0.0,0.0
GRID_CBE_02117,Tree cover,1.0,0.0,0.0,0.0,0.0,0.0,0.0
GRID_CBE_02118,Tree cover,1.0,0.0,0.0,0.0,0.0,0.0,0.0
GRID_CBE_02119,Tree cover,1.0,0.0,0.0,0.0,0.0,0.0,0.0
GRID_CBE_02120,Tree cover,1.0,0.0,0.0,0.0,0.0,0.0,0.0
GRID_CBE_02121,Tree cover,1.0,0.0,0.0,0.0,0.0,0.0,0.0
GRID_CBE_02122,Tree cover,1.0,0.0,0.0,0.0,0.0,0.0,0.0
GRID_CBE_02123,Tree cover,1.0,0.0,0.0,0.0,0.0,0.0,0.0
GRID_CBE_02124,Tree cover,1.0,0.0,0.0,0.0,0.0,0.0,0.0
GRID_CBE_02125,Tree cover,1.0,0.0,0.0,0.0,0.0,0.0,0.0
GRID_CBE_02126,Tree cover,1.0,0.0,0.0,0.0,0.0,0.0,0.0
GRID_CBE_02127,Tree cover,1.0,0.0,0.0,0.0,0.0,0.0,0.0
GRID_CBE_02128,Tree cover,1.0,0.0,0.0,0.0,0.0,0.0,0.0
GRID_CBE_02129,Tree cover,0.7273,0.0,0.0,0.2727,0.0,0.0,0.0
GRID_CBE_02130,Cropland,0.3636,0.0,0.0,0.6364,0.0,0.0,0.0
GRID_CBE_02131,Cropland,0.0,0.0,0.0,1.0,0.0,0.0,0.0
GRID_CBE_02132,Cropland,0.0,0.0,0.0,1.0,0.0,0.0,0.0
GRID_CBE_02133,Cropland,0.0,0.0,0.0,1.0,0.0,0.0,0.0
GRID_CBE_02134,Cropland,0.0,0.0,0.0,1.0,0.0,0.0,0.0
GRID_CBE_02135,Cropland,0.0,0.0,0.0,1.0,0.0,0.0,0.0
GRID_CBE_02136,Cropland,0.0,0.0,0.0,1.0,0.0,0.0,0.0
GRID_CBE_02137,Cropland,0.0,0.0,0.0,1.0,0.0,0.0,0.0
GRID_CBE_02138,Cropland,0.0,0.0,0.0,1.0,0.0,0.0,0.0
GRID_CBE_02139,Cropland,0.0,0.0,0.0,1.0,0.0,0.0,0.0
GRID_CBE_02140,Cropland,0.0,0.0,0.0,1.0,0.0,0.0,0.0
GRID_CBE_02141,Cropland,0.0,0.0,0.0,1.0,0.0,0.0,0.0
GRID_CBE_02142,Cropland,0.0,0.0,0.0,1.0,0.0,0.0,0.0
GRID_CBE_02143,Cropland,0.0,0.0,0.0,1.0,0.0,0.0,0.0
GRID_CBE_02144,Cropland,0.0,0.0,0.0,1.0,0.0,0.0,0.0
GRID_CBE_02145,Cropland,0.0,0.0,0.0,1.0,0.0,0.0,0.0
GRID_CBE_02146,Cropland,0.0,0.0,0.0,1.0,0.0,0.0,0.0
GRID_CBE_02147,Cropland,0.0,0.0,0.0,1.0,0.0,0.0,0.0
GRID_CBE_02148,Cropland,0.0,0.0,0.0,1.0,0.0,0.0,0.0
GRID_CBE_02149,Cropland,0.0,0.0,0.0,1.0,0.0,0.0,0.0
GRID_CBE_02150,Cropland,0.0,0.0,0.0,1.0,0.0,0.0,0.0
GRID_CBE_02151,Cropland,0.0,0.0,0.0,1.0,0.0,0.0,0.0
GRID_CBE_02152,Cropland,0.0,0.0,0.0,1.0,0.0,0.0,0.0
GRID_CBE_02153,Cropland,0.0,0.0,0.0,1.0,0.0,0.0,0.0
GRID_CBE_02154,Cropland,0.0,0.0,0.0,1.0,0.0,0.0,0.0
GRID_CBE_02155,Cropland,0.0,0.0,0.0,1.0,0.0,0.0,0.0
GRID_CBE_02156,Cropland,0.0,0.0,0.0,1.0,0.0,0.0,0.0
GRID_CBE_02157,Cropland,0.0,0.0,0.0,1.0,0.0,0.0,0.0
GRID_CBE_02158,Cropland,0.0,0.0,0.0,1.0,0.0,0.0,0.0
GRID_CBE_02159,Cropland,0.0,0.0,0.0,1.0,0.0,0.0,0.0
GRID_CBE_02160,Cropland,0.0,0.0,0.0,1.0,0.0,0.0,0.0
GRID_CBE_02161,Cropland,0.0,0.0,0.0,1.0,0.0,0.0,0.0
GRID_CBE_02162,Cropland,0.0,0.0,0.0,1.0,0.0,0.0,0.0
GRID_CBE_02163,Cropland,0.0,0.0,0.0,1.0,0.0,0.0,0.0
GRID_CBE_02164,Cropland,0.0,0.0,0.0,1.0,0.0,0.0,0.0
GRID_CBE_02165,Cropland,0.0,0.0,0.0,1.0,0.0,0.0,0.0
GRID_CBE_02166,Cropland,0.0,0.0,0.0,1.0,0.0,0.0,0.0
GRID_CBE_02167,Cropland,0.0,0.0,0.0,1.0,0.0,0.0,0.0
GRID_CBE_02168,Cropland,0.0,0.0,0.0,1.0,0.0,0.0,0.0
GRID_CBE_02169,Cropland,0.0,0.0,0.0,1.0,0.0,0.0,0.0
GRID_CBE_02170,Cropland,0.0,0.0,0.0,1.0,0.0,0.0,0.0
GRID_CBE_02171,Cropland,0.0,0.0,0.0,1.0,0.0,0.0,0.0
GRID_CBE_02172,Cropland,0.0,0.0,0.0,1.0,0.0,0.0,0.0
GRID_CBE_02173,Cropland,0.0,0.0,0.0,1.0,0.0,0.0,0.0
GRID_CBE_02174,Cropland,0.0,0.0,0.0,1.0,0.0,0.0,0.0
GRID_CBE_02175,Cropland,0.0,0.0,0.0,1.0,0.0,0.0,0.0
GRID_CBE_02176,Cropland,0.0,0.0,0.0,1.0,0.0,0.0,0.0
GRID_CBE_02177,Cropland,0.0,0.0,0.0,1.0,0.0,0.0,0.0
GRID_CBE_02178,Cropland,0.0,0.0,0.0,1.0,0.0,0.0,0.0
GRID_CBE_02179,Cropland,0.0,0.0,0.0,1.0,0.0,0.0,0.0
GRID_CBE_02180,Cropland,0.0,0.0,0.0,1.0,0.0,0.0,0.0
GRID_CBE_02181,Cropland,0.0,0.0,0.0,1.0,0.0,0.0,0.0
GRID_CBE_02182,Cropland,0.0,0.0,0.0,1.0,0.0,0.0,0.0
GRID_CBE_02183,Cropland,0.0,0.0,0.0,1.0,0.0,0.0,0.0
GRID_CBE_02184,Cropland,0.0,0.0,0.0,1.0,0.0,0.0,0.0
GRID_CBE_02185,Tree cover,1.0,0.0,0.0,0.0,0.0,0.0,0.0
GRID_CBE_02186,Tree cover,1.0,0.0,0.0,0.0,0.0,0.0,0.0
GRID_CBE_02187,Tree cover,1.0,0.0,0.0,0.0,0.0,0.0,0.0
GRID_CBE_02188,Tree cover,1.0,0.0,0.0,0.0,0.0,0.0,0.0
GRID_CBE_02189,Tree cover,1.0,0.0,0.0,0.0,0.0,0.0,0.0
GRID_CBE_02190,Tree cover,1.0,0.0,0.0,0.0,0.0,0.0,0.0
GRID_CBE_02191,Tree cover,1.0,0.0,0.0,0.0,0.0,0.0,0.0
GRID_CBE_02192,Tree cover,1.0,0.0,0.0,0.0,0.0,0.0,0.0
GRID_CBE_02193,Tree cover,1.0,0.0,0.0,0.0,0.0,0.0,0.0
GRID_CBE_02194,Tree cover,1.0,0.0,0.0,0.0,0.0,0.0,0.0
GRID_CBE_02195,Tree cover,1.0,0.0,0.0,0.0,0.0,0.0,0.0
GRID_CBE_02196,Tree cover,1.0,0.0,0.0,0.0,0.0,0.0,0.0
GRID_CBE_02197,Tree cover,1.0,0.0,0.0,0.0,0.0,0.0,0.0
GRID_CBE_02198,Tree cover,1.0,0.0,0.0,0.0,0.0,0.0,0.0
GRID_CBE_02199,Tree cover,1.0,0.0,0.0,0.0,0.0,0.0,0.0
GRID_CBE_02200,Tree cover,1.0,0.0,0.0,0.0,0.0,0.0,0.0
GRID_CBE_02201,Tree cover,1.0,0.0,0.0,0.0,0.0,0.0,0.0
GRID_CBE_02202,Tree cover,1.0,0.0,0.0,0.0,0.0,0.0,0.0
GRID_CBE_02203,Tree cover,1.0,0.0,0.0,0.0,0.0,0.0,0.0
GRID_CBE_02204,Tree cover,1.0,0.0,0.0,0.0,0.0,0.0,0.0
GRID_CBE_02205,Tree cover,1.0,0.0,0.0,0.0,0.0,0.0,0.0
GRID_CBE_02206,Tree cover,1.0,0.0,0.0,0.0,0.0,0.0,0.0
GRID_CBE_02207,Tree cover,0.7273,0.0,0.0,0.2727,0.0,0.0,0.0
GRID_CBE_02208,Cropland,0.3636,0.0,0.0,0.6364,0.0,0.0,0.0
GRID_CBE_02209,Cropland,0.0,0.0,0.0,1.0,0.0,0.0,0.0
GRID_CBE_02210,Cropland,0.0,0.0,0.0,1.0,0.0,0.0,0.0
GRID_CBE_02211,Cropland,0.0,0.0,0.0,1.0,0.0,0.0,0.0
GRID_CBE_02212,Cropland,0.0,0.0,0.0,1.0,0.0,0.0,0.0
GRID_CBE_02213,Cropland,0.0,0.0,0.0,1.0,0.0,0.0,0.0
GRID_CBE_02214,Cropland,0.0,0.0,0.0,1.0,0.0,0.0,0.0
GRID_CBE_02215,Cropland,0.0,0.0,0.0,1.0,0.0,0.0,0.0
GRID_CBE_02216,Cropland,0.0,0.0,0.0,1.0,0.0,0.0,0.0
GRID_CBE_02217,Cropland,0.0,0.0,0.0,1.0,0.0,0.0,0.0
GRID_CBE_02218,Cropland,0.0,0.0,0.0,1.0,0.0,0.0,0.0
GRID_CBE_02219,Cropland,0.0,0.0,0.0,1.0,0.0,0.0,0.0
GRID_CBE_02220,Cropland,0.0,0.0,0.0,1.0,0.0,0.0,0.0
GRID_CBE_02221,Cropland,0.0,0.0,0.0,1.0,0.0,0.0,0.0
GRID_CBE_02222,Cropland,0.0,0.0,0.0,1.0,0.0,0.0,0.0
GRID_CBE_02223,Cropland,0.0,0.0,0.0,1.0,0.0,0.0,0.0
GRID_CBE_02224,Cropland,0.0,0.0,0.0,1.0,0.0,0.0,0.0
GRID_CBE_02225,Cropland,0.0,0.0,0.0,1.0,0.0,0.0,0.0
GRID_CBE_02226,Cropland,0.0,0.0,0.0,1.0,0.0,0.0,0.0
GRID_CBE_02227,Cropland,0.0,0.0,0.0,1.0,0.0,0.0,0.0
GRID_CBE_02228,Cropland,0.0,0.0,0.0,1.0,0.0,0.0,0.0
GRID_CBE_02229,Cropland,0.0,0.0,0.0,1.0,0.0,0.0,0.0
GRID_CBE_02230,Cropland,0.0,0.0,0.0,1.0,0.0,0.0,0.0
GRID_CBE_02231,Cropland,0.0,0.0,0.0,1.0,0.0,0.0,0.0
GRID_CBE_02232,Cropland,0.0,0.0,0.0,1.0,0.0,0.0,0.0
GRID_CBE_02233,Cropland,0.0,0.0,0.0,1.0,0.0,0.0,0.0
GRID_CBE_02234,Cropland,0.0,0.0,0.0,1.0,0.0,0.0,0.0
GRID_CBE_02235,Cropland,0.0,0.0,0.0,1.0,0.0,0.0,0.0
GRID_CBE_02236,Cropland,0.0,0.0,0.0,1.0,0.0,0.0,0.0
GRID_CBE_02237,Cropland,0.0,0.0,0.0,1.0,0.0,0.0,0.0
GRID_CBE_02238,Cropland,0.0,0.0,0.0,1.0,0.0,0.0,0.0
GRID_CBE_02239,Cropland,0.0,0.0,0.0,1.0,0.0,0.0,0.0
GRID_CBE_02240,Cropland,0.0,0.0,0.0,1.0,0.0,0.0,0.0
GRID_CBE_02241,Cropland,0.0,0.0,0.0,1.0,0.0,0.0,0.0
GRID_CBE_02242,Cropland,0.0,0.0,0.0,1.0,0.0,0.0,0.0
GRID_CBE_02243,Cropland,0.0,0.0,0.0,1.0,0.0,0.0,0.0
GRID_CBE_02244,Cropland,0.0,0.0,0.0,1.0,0.0,0.0,0.0
GRID_CBE_02245,Cropland,0.0,0.0,0.0,1.0,0.0,0.0,0.0
GRID_CBE_02246,Cropland,0.0,0.0,0.0,1.0,0.0,0.0,0.0
GRID_CBE_02247,Cropland,0.0,0.0,0.0,1.0,0.0,0.0,0.0
GRID_CBE_02248,Cropland,0.0,0.0,0.0,1.0,0.0,0.0,0.0
GRID_CBE_02249,Cropland,0.0,0.0,0.0,1.0,0.0,0.0,0.0
GRID_CBE_02250,Cropland,0.0,0.0,0.0,1.0,0.0,0.0,0.0
GRID_CBE_02251,Cropland,0.0,0.0,0.0,1.0,0.0,0.0,0.0
GRID_CBE_02252,Cropland,0.0,0.0,0.0,1.0,0.0,0.0,0.0
GRID_CBE_02253,Cropland,0.0,0.0,0.0,1.0,0.0,0.0,0.0
GRID_CBE_02254,Cropland,0.0,0.0,0.0,1.0,0.0,0.0,0.0
GRID_CBE_02255,Cropland,0.0,0.0,0.0,1.0,0.0,0.0,0.0
GRID_CBE_02256,Cropland,0.0,0.0,0.0,1.0,0.0,0.0,0.0
GRID_CBE_02257,Cropland,0.0,0.0,0.0,1.0,0.0,0.0,0.0
GRID_CBE_02258,Cropland,0.0,0.0,0.0,1.0,0.0,0.0,0.0
GRID_CBE_02259,Cropland,0.0,0.0,0.0,1.0,0.0,0.0,0.0
GRID_CBE_02260,Cropland,0.0,0.0,0.0,1.0,0.0,0.0,0.0
GRID_CBE_02261,Cropland,0.0,0.0,0.0,1.0,0.0,0.0,0.0
GRID_CBE_02262,Cropland,0.0,0.0,0.0,1.0,0.0,0.0,0.0
GRID_CBE_02263,Tree cover,1.0,0.0,0.0,0.0,0.0,0.0,0.0
GRID_CBE_02264,Tree cover,1.0,0.0,0.0,0.0,0.0,0.0,0.0
GRID_CBE_02265,Tree cover,1.0,0.0,0.0,0.0,0.0,0.0,0.0
GRID_CBE_02266,Tree cover,1.0,0.0,0.0,0.0,0.0,0.0,0.0
GRID_CBE_02267,Tree cover,1.0,0.0,0.0,0.0,0.0,0.0,0.0
GRID_CBE_02268,Tree cover,1.0,0.0,0.0,0.0,0.0,0.0,0.0
GRID_CBE_02269,Tree cover,1.0,0.0,0.0,0.0,0.0,0.0,0.0
GRID_CBE_02270,Tree cover,1.0,0.0,0.0,0.0,0.0,0.0,0.0
GRID_CBE_02271,Tree cover,1.0,0.0,0.0,0.0,0.0,0.0,0.0
GRID_CBE_02272,Tree cover,1.0,0.0,0.0,0.0,0.0,0.0,0.0
GRID_CBE_02273,Tree cover,1.0,0.0,0.0,0.0,0.0,0.0,0.0
GRID_CBE_02274,Tree cover,1.0,0.0,0.0,0.0,0.0,0.0,0.0
GRID_CBE_02275,Tree cover,1.0,0.0,0.0,0.0,0.0,0.0,0.0
GRID_CBE_02276,Tree cover,1.0,0.0,0.0,0.0,0.0,0.0,0.0
GRID_CBE_02277,Tree cover,1.0,0.0,0.0,0.0,0.0,0.0,0.0
GRID_CBE_02278,Tree cover,1.0,0.0,0.0,0.0,0.0,0.0,0.0
GRID_CBE_02279,Tree cover,1.0,0.0,0.0,0.0,0.0,0.0,0.0
GRID_CBE_02280,Tree cover,1.0,0.0,0.0,0.0,0.0,0.0,0.0
GRID_CBE_02281,Tree cover,1.0,0.0,0.0,0.0,0.0,0.0,0.0
GRID_CBE_02282,Tree cover,1.0,0.0,0.0,0.0,0.0,0.0,0.0
GRID_CBE_02283,Tree cover,1.0,0.0,0.0,0.0,0.0,0.0,0.0
GRID_CBE_02284,Tree cover,1.0,0.0,0.0,0.0,0.0,0.0,0.0
GRID_CBE_02285,Tree cover,0.7273,0.0,0.0,0.2727,0.0,0.0,0.0
GRID_CBE_02286,Cropland,0.3636,0.0,0.0,0.6364,0.0,0.0,0.0
GRID_CBE_02287,Cropland,0.0,0.0,0.0,1.0,0.0,0.0,0.0
GRID_CBE_02288,Cropland,0.0,0.0,0.0,1.0,0.0,0.0,0.0
GRID_CBE_02289,Cropland,0.0,0.0,0.0,1.0,0.0,0.0,0.0
GRID_CBE_02290,Cropland,0.0,0.0,0.0,1.0,0.0,0.0,0.0
GRID_CBE_02291,Cropland,0.0,0.0,0.0,1.0,0.0,0.0,0.0
GRID_CBE_02292,Cropland,0.0,0.0,0.0,1.0,0.0,0.0,0.0
GRID_CBE_02293,Cropland,0.0,0.0,0.0,1.0,0.0,0.0,0.0
GRID_CBE_02294,Cropland,0.0,0.0,0.0,1.0,0.0,0.0,0.0
GRID_CBE_02295,Cropland,0.0,0.0,0.0,1.0,0.0,0.0,0.0
GRID_CBE_02296,Cropland,0.0,0.0,0.0,1.0,0.0,0.0,0.0
GRID_CBE_02297,Cropland,0.0,0.0,0.0,1.0,0.0,0.0,0.0
GRID_CBE_02298,Cropland,0.0,0.0,0.0,1.0,0.0,0.0,0.0
GRID_CBE_02299,Cropland,0.0,0.0,0.0,1.0,0.0,0.0,0.0
GRID_CBE_02300,Cropland,0.0,0.0,0.0,1.0,0.0,0.0,0.0
GRID_CBE_02301,Cropland,0.0,0.0,0.0,1.0,0.0,0.0,0.0
GRID_CBE_02302,Cropland,0.0,0.0,0.0,1.0,0.0,0.0,0.0
GRID_CBE_02303,Cropland,0.0,0.0,0.0,1.0,0.0,0.0,0.0
GRID_CBE_02304,Cropland,0.0,0.0,0.0,1.0,0.0,0.0,0.0
GRID_CBE_02305,Cropland,0.0,0.0,0.0,1.0,0.0,0.0,0.0
GRID_CBE_02306,Cropland,0.0,0.0,0.0,1.0,0.0,0.0,0.0
GRID_CBE_02307,Cropland,0.0,0.0,0.0,1.0,0.0,0.0,0.0
GRID_CBE_02308,Cropland,0.0,0.0,0.0,1.0,0.0,0.0,0.0
GRID_CBE_02309,Cropland,0.0,0.0,0.0,1.0,0.0,0.0,0.0
GRID_CBE_02310,Cropland,0.0,0.0,0.0,1.0,0.0,0.0,0.0
GRID_CBE_02311,Cropland,0.0,0.0,0.0,1.0,0.0,0.0,0.0
GRID_CBE_02312,Cropland,0.0,0.0,0.0,1.0,0.0,0.0,0.0
GRID_CBE_02313,Cropland,0.0,0.0,0.0,1.0,0.0,0.0,0.0
GRID_CBE_02314,Cropland,0.0,0.0,0.0,1.0,0.0,0.0,0.0
GRID_CBE_02315,Cropland,0.0,0.0,0.0,1.0,0.0,0.0,0.0
GRID_CBE_02316,Cropland,0.0,0.0,0.0,1.0,0.0,0.0,0.0
GRID_CBE_02317,Cropland,0.0,0.0,0.0,1.0,0.0,0.0,0.0
GRID_CBE_02318,Cropland,0.0,0.0,0.0,1.0,0.0,0.0,0.0
GRID_CBE_02319,Cropland,0.0,0.0,0.0,1.0,0.0,0.0,0.0
GRID_CBE_02320,Cropland,0.0,0.0,0.0,1.0,0.0,0.0,0.0
GRID_CBE_02321,Cropland,0.0,0.0,0.0,1.0,0.0,0.0,0.0
GRID_CBE_02322,Cropland,0.0,0.0,0.0,1.0,0.0,0.0,0.0
GRID_CBE_02323,Cropland,0.0,0.0,0.0,1.0,0.0,0.0,0.0
GRID_CBE_02324,Cropland,0.0,0.0,0.0,1.0,0.0,0.0,0.0
GRID_CBE_02325,Cropland,0.0,0.0,0.0,1.0,0.0,0.0,0.0
GRID_CBE_02326,Cropland,0.0,0.0,0.0,1.0,0.0,0.0,0.0
GRID_CBE_02327,Cropland,0.0,0.0,0.0,1.0,0.0,0.0,0.0
GRID_CBE_02328,Cropland,0.0,0.0,0.0,1.0,0.0,0.0,0.0
GRID_CBE_02329,Cropland,0.0,0.0,0.0,1.0,0.0,0.0,0.0
GRID_CBE_02330,Cropland,0.0,0.0,0.0,1.0,0.0,0.0,0.0
GRID_CBE_02331,Cropland,0.0,0.0,0.0,1.0,0.0,0.0,0.0
GRID_CBE_02332,Cropland,0.0,0.0,0.0,1.0,0.0,0.0,0.0
GRID_CBE_02333,Cropland,0.0,0.0,0.0,1.0,0.0,0.0,0.0
GRID_CBE_02334,Cropland,0.0,0.0,0.0,1.0,0.0,0.0,0.0
GRID_CBE_02335,Cropland,0.0,0.0,0.0,1.0,0.0,0.0,0.0
GRID_CBE_02336,Cropland,0.0,0.0,0.0,1.0,0.0,0.0,0.0
GRID_CBE_02337,Cropland,0.0,0.0,0.0,1.0,0.0,0.0,0.0
GRID_CBE_02338,Cropland,0.0,0.0,0.0,1.0,0.0,0.0,0.0
GRID_CBE_02339,Cropland,0.0,0.0,0.0,1.0,0.0,0.0,0.0
GRID_CBE_02340,Cropland,0.0,0.0,0.0,1.0,0.0,0.0,0.0
GRID_CBE_02341,Tree cover,1.0,0.0,0.0,0.0,0.0,0.0,0.0
GRID_CBE_02342,Tree cover,1.0,0.0,0.0,0.0,0.0,0.0,0.0
GRID_CBE_02343,Tree cover,1.0,0.0,0.0,0.0,0.0,0.0,0.0
GRID_CBE_02344,Tree cover,1.0,0.0,0.0,0.0,0.0,0.0,0.0
GRID_CBE_02345,Tree cover,1.0,0.0,0.0,0.0,0.0,0.0,0.0
GRID_CBE_02346,Tree cover,1.0,0.0,0.0,0.0,0.0,0.0,0.0
GRID_CBE_02347,Tree cover,1.0,0.0,0.0,0.0,0.0,0.0,0.0
GRID_CBE_02348,Tree cover,1.0,0.0,0.0,0.0,0.0,0.0,0.0
GRID_CBE_02349,Tree cover,1.0,0.0,0.0,0.0,0.0,0.0,0.0
GRID_CBE_02350,Tree cover,1.0,0.0,0.0,0.0,0.0,0.0,0.0
GRID_CBE_02351,Tree cover,1.0,0.0,0.0,0.0,0.0,0.0,0.0
GRID_CBE_02352,Tree cover,1.0,0.0,0.0,0.0,0.0,0.0,0.0
GRID_CBE_02353,Tree cover,1.0,0.0,0.0,0.0,0.0,0.0,0.0
GRID_CBE_02354,Tree cover,1.0,0.0,0.0,0.0,0.0,0.0,0.0
GRID_CBE_02355,Tree cover,1.0,0.0,0.0,0.0,0.0,0.0,0.0
GRID_CBE_02356,Tree cover,1.0,0.0,0.0,0.0,0.0,0.0,0.0
GRID_CBE_02357,Tree cover,1.0,0.0,0.0,0.0,0.0,0.0,0.0
GRID_CBE_02358,Tree cover,1.0,0.0,0.0,0.0,0.0,0.0,0.0
GRID_CBE_02359,Tree cover,1.0,0.0,0.0,0.0,0.0,0.0,0.0
GRID_CBE_02360,Tree cover,1.0,0.0,0.0,0.0,0.0,0.0,0.0
GRID_CBE_02361,Tree cover,1.0,0.0,0.0,0.0,0.0,0.0,0.0
GRID_CBE_02362,Tree cover,1.0,0.0,0.0,0.0,0.0,0.0,0.0
GRID_CBE_02363,Tree cover,0.7273,0.0,0.0,0.2727,0.0,0.0,0.0
GRID_CBE_02364,Cropland,0.3636,0.0,0.0,0.6364,0.0,0.0,0.0
GRID_CBE_02365,Cropland,0.0,0.0,0.0,1.0,0.0,0.0,0.0
GRID_CBE_02366,Cropland,0.0,0.0,0.0,1.0,0.0,0.0,0.0
GRID_CBE_02367,Cropland,0.0,0.0,0.0,1.0,0.0,0.0,0.0
GRID_CBE_02368,Cropland,0.0,0.0,0.0,1.0,0.0,0.0,0.0
GRID_CBE_02369,Cropland,0.0,0.0,0.0,1.0,0.0,0.0,0.0
GRID_CBE_02370,Cropland,0.0,0.0,0.0,1.0,0.0,0.0,0.0
GRID_CBE_02371,Cropland,0.0,0.0,0.0,1.0,0.0,0.0,0.0
GRID_CBE_02372,Cropland,0.0,0.0,0.0,1.0,0.0,0.0,0.0
GRID_CBE_02373,Cropland,0.0,0.0,0.0,1.0,0.0,0.0,0.0
GRID_CBE_02374,Cropland,0.0,0.0,0.0,1.0,0.0,0.0,0.0
GRID_CBE_02375,Cropland,0.0,0.0,0.0,1.0,0.0,0.0,0.0
GRID_CBE_02376,Cropland,0.0,0.0,0.0,1.0,0.0,0.0,0.0
GRID_CBE_02377,Cropland,0.0,0.0,0.0,1.0,0.0,0.0,0.0
GRID_CBE_02378,Cropland,0.0,0.0,0.0,1.0,0.0,0.0,0.0
GRID_CBE_02379,Cropland,0.0,0.0,0.0,1.0,0.0,0.0,0.0
GRID_CBE_02380,Cropland,0.0,0.0,0.0,1.0,0.0,0.0,0.0
GRID_CBE_02381,Cropland,0.0,0.0,0.0,1.0,0.0,0.0,0.0
GRID_CBE_02382,Cropland,0.0,0.0,0.0,1.0,0.0,0.0,0.0
GRID_CBE_02383,Cropland,0.0,0.0,0.0,1.0,0.0,0.0,0.0
GRID_CBE_02384,Cropland,0.0,0.0,0.0,1.0,0.0,0.0,0.0
GRID_CBE_02385,Cropland,0.0,0.0,0.0,1.0,0.0,0.0,0.0
GRID_CBE_02386,Cropland,0.0,0.0,0.0,1.0,0.0,0.0,0.0
GRID_CBE_02387,Cropland,0.0,0.0,0.0,1.0,0.0,0.0,0.0
GRID_CBE_02388,Cropland,0.0,0.0,0.0,1.0,0.0,0.0,0.0
GRID_CBE_02389,Cropland,0.0,0.0,0.0,1.0,0.0,0.0,0.0
GRID_CBE_02390,Cropland,0.0,0.0,0.0,1.0,0.0,0.0,0.0
GRID_CBE_02391,Cropland,0.0,0.0,0.0,1.0,0.0,0.0,0.0
GRID_CBE_02392,Cropland,0.0,0.0,0.0,1.0,0.0,0.0,0.0
GRID_CBE_02393,Cropland,0.0,0.0,0.0,1.0,0.0,0.0,0.0
GRID_CBE_02394,Cropland,0.0,0.0,0.0,1.0,0.0,0.0,0.0
GRID_CBE_02395,Cropland,0.0,0.0,0.0,1.0,0.0,0.0,0.0
GRID_CBE_02396,Cropland,0.0,0.0,0.0,1.0,0.0,0.0,0.0
GRID_CBE_02397,Cropland,0.0,0.0,0.0,1.0,0.0,0.0,0.0
GRID_CBE_02398,Cropland,0.0,0.0,0.0,1.0,0.0,0.0,0.0
GRID_CBE_02399,Cropland,0.0,0.0,0.0,1.0,0.0,0.0,0.0
GRID_CBE_02400,Cropland,0.0,0.0,0.0,1.0,0.0,0.0,0.0
GRID_CBE_02401,Cropland,0.0,0.0,0.0,1.0,0.0,0.0,0.0
GRID_CBE_02402,Cropland,0.0,0.0,0.0,1.0,0.0,0.0,0.0
GRID_CBE_02403,Cropland,0.0,0.0,0.0,1.0,0.0,0.0,0.0
GRID_CBE_02404,Cropland,0.0,0.0,0.0,1.0,0.0,0.0,0.0
GRID_CBE_02405,Cropland,0.0,0.0,0.0,1.0,0.0,0.0,0.0
GRID_CBE_02406,Cropland,0.0,0.0,0.0,1.0,0.0,0.0,0.0
GRID_CBE_02407,Cropland,0.0,0.0,0.0,1.0,0.0,0.0,0.0
GRID_CBE_02408,Cropland,0.0,0.0,0.0,1.0,0.0,0.0,0.0
GRID_CBE_02409,Cropland,0.0,0.0,0.0,1.0,0.0,0.0,0.0
GRID_CBE_02410,Cropland,0.0,0.0,0.0,1.0,0.0,0.0,0.0
GRID_CBE_02411,Cropland,0.0,0.0,0.0,1.0,0.0,0.0,0.0
GRID_CBE_02412,Cropland,0.0,0.0,0.0,1.0,0.0,0.0,0.0
GRID_CBE_02413,Cropland,0.0,0.0,0.0,1.0,0.0,0.0,0.0
GRID_CBE_02414,Cropland,0.0,0.0,0.0,1.0,0.0,0.0,0.0
GRID_CBE_02415,Cropland,0.0,0.0,0.0,1.0,0.0,0.0,0.0
GRID_CBE_02416,Cropland,0.0,0.0,0.0,1.0,0.0,0.0,0.0
GRID_CBE_02417,Cropland,0.0,0.0,0.0,1.0,0.0,0.0,0.0
GRID_CBE_02418,Cropland,0.0,0.0,0.0,1.0,0.0,0.0,0.0
GRID_CBE_02419,Tree cover,1.0,0.0,0.0,0.0,0.0,0.0,0.0
GRID_CBE_02420,Tree cover,1.0,0.0,0.0,0.0,0.0,0.0,0.0
GRID_CBE_02421,Tree cover,1.0,0.0,0.0,0.0,0.0,0.0,0.0
GRID_CBE_02422,Tree cover,1.0,0.0,0.0,0.0,0.0,0.0,0.0
GRID_CBE_02423,Tree cover,1.0,0.0,0.0,0.0,0.0,0.0,0.0
GRID_CBE_02424,Tree cover,1.0,0.0,0.0,0.0,0.0,0.0,0.0
GRID_CBE_02425,Tree cover,1.0,0.0,0.0,0.0,0.0,0.0,0.0
GRID_CBE_02426,Tree cover,1.0,0.0,0.0,0.0,0.0,0.0,0.0
GRID_CBE_02427,Tree cover,1.0,0.0,0.0,0.0,0.0,0.0,0.0
GRID_CBE_02428,Tree cover,1.0,0.0,0.0,0.0,0.0,0.0,0.0
GRID_CBE_02429,Tree cover,1.0,0.0,0.0,0.0,0.0,0.0,0.0
GRID_CBE_02430,Tree cover,1.0,0.0,0.0,0.0,0.0,0.0,0.0
GRID_CBE_02431,Tree cover,1.0,0.0,0.0,0.0,0.0,0.0,0.0
GRID_CBE_02432,Tree cover,1.0,0.0,0.0,0.0,0.0,0.0,0.0
GRID_CBE_02433,Tree cover,1.0,0.0,0.0,0.0,0.0,0.0,0.0
GRID_CBE_02434,Tree cover,1.0,0.0,0.0,0.0,0.0,0.0,0.0
GRID_CBE_02435,Tree cover,1.0,0.0,0.0,0.0,0.0,0.0,0.0
GRID_CBE_02436,Tree cover,1.0,0.0,0.0,0.0,0.0,0.0,0.0
GRID_CBE_02437,Tree cover,1.0,0.0,0.0,0.0,0.0,0.0,0.0
GRID_CBE_02438,Tree cover,1.0,0.0,0.0,0.0,0.0,0.0,0.0
GRID_CBE_02439,Tree cover,1.0,0.0,0.0,0.0,0.0,0.0,0.0
GRID_CBE_02440,Tree cover,1.0,0.0,0.0,0.0,0.0,0.0,0.0
GRID_CBE_02441,Tree cover,0.7273,0.0,0.0,0.2727,0.0,0.0,0.0
GRID_CBE_02442,Cropland,0.3636,0.0,0.0,0.6364,0.0,0.0,0.0
GRID_CBE_02443,Cropland,0.0,0.0,0.0,1.0,0.0,0.0,0.0
GRID_CBE_02444,Cropland,0.0,0.0,0.0,1.0,0.0,0.0,0.0
GRID_CBE_02445,Cropland,0.0,0.0,0.0,1.0,0.0,0.0,0.0
GRID_CBE_02446,Cropland,0.0,0.0,0.0,1.0,0.0,0.0,0.0
GRID_CBE_02447,Cropland,0.0,0.0,0.0,1.0,0.0,0.0,0.0
GRID_CBE_02448,Cropland,0.0,0.0,0.0,1.0,0.0,0.0,0.0
GRID_CBE_02449,Cropland,0.0,0.0,0.0,1.0,0.0,0.0,0.0
GRID_CBE_02450,Cropland,0.0,0.0,0.0,1.0,0.0,0.0,0.0
GRID_CBE_02451,Cropland,0.0,0.0,0.0,1.0,0.0,0.0,0.0
GRID_CBE_02452,Cropland,0.0,0.0,0.0,1.0,0.0,0.0,0.0
GRID_CBE_02453,Cropland,0.0,0.0,0.0,1.0,0.0,0.0,0.0
GRID_CBE_02454,Cropland,0.0,0.0,0.0,1.0,0.0,0.0,0.0
GRID_CBE_02455,Cropland,0.0,0.0,0.0,1.0,0.0,0.0,0.0
GRID_CBE_02456,Cropland,0.0,0.0,0.0,1.0,0.0,0.0,0.0
GRID_CBE_02457,Cropland,0.0,0.0,0.0,1.0,0.0,0.0,0.0
GRID_CBE_02458,Cropland,0.0,0.0,0.0,1.0,0.0,0.0,0.0
GRID_CBE_02459,Cropland,0.0,0.0,0.0,1.0,0.0,0.0,0.0
GRID_CBE_02460,Cropland,0.0,0.0,0.0,1.0,0.0,0.0,0.0
GRID_CBE_02461,Cropland,0.0,0.0,0.0,1.0,0.0,0.0,0.0
GRID_CBE_02462,Cropland,0.0,0.0,0.0,1.0,0.0,0.0,0.0
GRID_CBE_02463,Cropland,0.0,0.0,0.0,1.0,0.0,0.0,0.0
GRID_CBE_02464,Cropland,0.0,0.0,0.0,1.0,0.0,0.0,0.0
GRID_CBE_02465,Cropland,0.0,0.0,0.0,1.0,0.0,0.0,0.0
GRID_CBE_02466,Cropland,0.0,0.0,0.0,1.0,0.0,0.0,0.0
GRID_CBE_02467,Cropland,0.0,0.0,0.0,1.0,0.0,0.0,0.0
GRID_CBE_02468,Cropland,0.0,0.0,0.0,1.0,0.0,0.0,0.0
GRID_CBE_02469,Cropland,0.0,0.0,0.0,1.0,0.0,0.0,0.0
GRID_CBE_02470,Cropland,0.0,0.0,0.0,1.0,0.0,0.0,0.0
GRID_CBE_02471,Cropland,0.0,0.0,0.0,1.0,0.0,0.0,0.0
GRID_CBE_02472,Cropland,0.0,0.0,0.0,1.0,0.0,0.0,0.0
GRID_CBE_02473,Cropland,0.0,0.0,0.0,1.0,0.0,0.0,0.0
GRID_CBE_02474,Cropland,0.0,0.0,0.0,1.0,0.0,0.0,0.0
GRID_CBE_02475,Cropland,0.0,0.0,0.0,1.0,0.0,0.0,0.0
GRID_CBE_02476,Cropland,0.0,0.0,0.0,1.0,0.0,0.0,0.0
GRID_CBE_02477,Cropland,0.0,0.0,0.0,1.0,0.0,0.0,0.0
GRID_CBE_02478,Cropland,0.0,0.0,0.0,1.0,0.0,0.0,0.0
GRID_CBE_02479,Cropland,0.0,0.0,0.0,1.0,0.0,0.0,0.0
GRID_CBE_02480,Cropland,0.0,0.0,0.0,1.0,0.0,0.0,0.0
GRID_CBE_02481,Cropland,0.0,0.0,0.0,1.0,0.0,0.0,0.0
GRID_CBE_02482,Cropland,0.0,0.0,0.0,1.0,0.0,0.0,0.0
GRID_CBE_02483,Cropland,0.0,0.0,0.0,1.0,0.0,0.0,0.0
GRID_CBE_02484,Cropland,0.0,0.0,0.0,1.0,0.0,0.0,0.0
GRID_CBE_02485,Cropland,0.0,0.0,0.0,1.0,0.0,0.0,0.0
GRID_CBE_02486,Cropland,0.0,0.0,0.0,1.0,0.0,0.0,0.0
GRID_CBE_02487,Cropland,0.0,0.0,0.0,1.0,0.0,0.0,0.0
GRID_CBE_02488,Cropland,0.0,0.0,0.0,1.0,0.0,0.0,0.0
GRID_CBE_02489,Cropland,0.0,0.0,0.0,1.0,0.0,0.0,0.0
GRID_CBE_02490,Cropland,0.0,0.0,0.0,1.0,0.0,0.0,0.0
GRID_CBE_02491,Cropland,0.0,0.0,0.0,1.0,0.0,0.0,0.0
GRID_CBE_02492,Cropland,0.0,0.0,0.0,1.0,0.0,0.0,0.0
GRID_CBE_02493,Cropland,0.0,0.0,0.0,1.0,0.0,0.0,0.0
GRID_CBE_02494,Cropland,0.0,0.0,0.0,1.0,0.0,0.0,0.0
GRID_CBE_02495,Cropland,0.0,0.0,0.0,1.0,0.0,0.0,0.0
GRID_CBE_02496,Cropland,0.0,0.0,0.0,1.0,0.0,0.0,0.0
GRID_CBE_02497,Tree cover,1.0,0.0,0.0,0.0,0.0,0.0,0.0
GRID_CBE_02498,Tree cover,1.0,0.0,0.0,0.0,0.0,0.0,0.0
GRID_CBE_02499,Tree cover,1.0,0.0,0.0,0.0,0.0,0.0,0.0
GRID_CBE_02500,Tree cover,1.0,0.0,0.0,0.0,0.0,0.0,0.0
GRID_CBE_02501,Tree cover,1.0,0.0,0.0,0.0,0.0,0.0,0.0
GRID_CBE_02502,Tree cover,1.0,0.0,0.0,0.0,0.0,0.0,0.0
GRID_CBE_02503,Tree cover,1.0,0.0,0.0,0.0,0.0,0.0,0.0
GRID_CBE_02504,Tree cover,1.0,0.0,0.0,0.0,0.0,0.0,0.0
GRID_CBE_02505,Tree cover,1.0,0.0,0.0,0.0,0.0,0.0,0.0
GRID_CBE_02506,Tree cover,1.0,0.0,0.0,0.0,0.0,0.0,0.0
GRID_CBE_02507,Tree cover,1.0,0.0,0.0,0.0,0.0,0.0,0.0
GRID_CBE_02508,Tree cover,1.0,0.0,0.0,0.0,0.0,0.0,0.0
GRID_CBE_02509,Tree cover,1.0,0.0,0.0,0.0,0.0,0.0,0.0
GRID_CBE_02510,Tree cover,1.0,0.0,0.0,0.0,0.0,0.0,0.0
GRID_CBE_02511,Tree cover,1.0,0.0,0.0,0.0,0.0,0.0,0.0
GRID_CBE_02512,Tree cover,1.0,0.0,0.0,0.0,0.0,0.0,0.0
GRID_CBE_02513,Tree cover,1.0,0.0,0.0,0.0,0.0,0.0,0.0
GRID_CBE_02514,Tree cover,1.0,0.0,0.0,0.0,0.0,0.0,0.0
GRID_CBE_02515,Tree cover,1.0,0.0,0.0,0.0,0.0,0.0,0.0
GRID_CBE_02516,Tree cover,1.0,0.0,0.0,0.0,0.0,0.0,0.0
GRID_CBE_02517,Tree cover,1.0,0.0,0.0,0.0,0.0,0.0,0.0
GRID_CBE_02518,Tree cover,1.0,0.0,0.0,0.0,0.0,0.0,0.0
GRID_CBE_02519,Tree cover,0.7273,0.0,0.0,0.2727,0.0,0.0,0.0
GRID_CBE_02520,Cropland,0.3636,0.0,0.0,0.6364,0.0,0.0,0.0
GRID_CBE_02521,Cropland,0.0,0.0,0.0,1.0,0.0,0.0,0.0
GRID_CBE_02522,Cropland,0.0,0.0,0.0,1.0,0.0,0.0,0.0
GRID_CBE_02523,Cropland,0.0,0.0,0.0,1.0,0.0,0.0,0.0
GRID_CBE_02524,Cropland,0.0,0.0,0.0,1.0,0.0,0.0,0.0
GRID_CBE_02525,Cropland,0.0,0.0,0.0,1.0,0.0,0.0,0.0
GRID_CBE_02526,Cropland,0.0,0.0,0.0,1.0,0.0,0.0,0.0
GRID_CBE_02527,Cropland,0.0,0.0,0.0,1.0,0.0,0.0,0.0
GRID_CBE_02528,Cropland,0.0,0.0,0.0,1.0,0.0,0.0,0.0
GRID_CBE_02529,Cropland,0.0,0.0,0.0,1.0,0.0,0.0,0.0
GRID_CBE_02530,Cropland,0.0,0.0,0.0,1.0,0.0,0.0,0.0
GRID_CBE_02531,Cropland,0.0,0.0,0.0,1.0,0.0,0.0,0.0
GRID_CBE_02532,Cropland,0.0,0.0,0.0,1.0,0.0,0.0,0.0
GRID_CBE_02533,Cropland,0.0,0.0,0.0,1.0,0.0,0.0,0.0
GRID_CBE_02534,Cropland,0.0,0.0,0.0,1.0,0.0,0.0,0.0
GRID_CBE_02535,Cropland,0.0,0.0,0.0,1.0,0.0,0.0,0.0
GRID_CBE_02536,Cropland,0.0,0.0,0.0,1.0,0.0,0.0,0.0
GRID_CBE_02537,Cropland,0.0,0.0,0.0,1.0,0.0,0.0,0.0
GRID_CBE_02538,Cropland,0.0,0.0,0.0,1.0,0.0,0.0,0.0
GRID_CBE_02539,Cropland,0.0,0.0,0.0,1.0,0.0,0.0,0.0
GRID_CBE_02540,Cropland,0.0,0.0,0.0,1.0,0.0,0.0,0.0
GRID_CBE_02541,Cropland,0.0,0.0,0.0,1.0,0.0,0.0,0.0
GRID_CBE_02542,Cropland,0.0,0.0,0.0,1.0,0.0,0.0,0.0
GRID_CBE_02543,Cropland,0.0,0.0,0.0,1.0,0.0,0.0,0.0
GRID_CBE_02544,Cropland,0.0,0.0,0.0,1.0,0.0,0.0,0.0
GRID_CBE_02545,Cropland,0.0,0.0,0.0,1.0,0.0,0.0,0.0
GRID_CBE_02546,Cropland,0.0,0.0,0.0,1.0,0.0,0.0,0.0
GRID_CBE_02547,Cropland,0.0,0.0,0.0,1.0,0.0,0.0,0.0
GRID_CBE_02548,Cropland,0.0,0.0,0.0,1.0,0.0,0.0,0.0
GRID_CBE_02549,Cropland,0.0,0.0,0.0,1.0,0.0,0.0,0.0
GRID_CBE_02550,Cropland,0.0,0.0,0.0,1.0,0.0,0.0,0.0
GRID_CBE_02551,Cropland,0.0,0.0,0.0,1.0,0.0,0.0,0.0
GRID_CBE_02552,Cropland,0.0,0.0,0.0,1.0,0.0,0.0,0.0
GRID_CBE_02553,Cropland,0.0,0.0,0.0,1.0,0.0,0.0,0.0
GRID_CBE_02554,Cropland,0.0,0.0,0.0,1.0,0.0,0.0,0.0
GRID_CBE_02555,Cropland,0.0,0.0,0.0,1.0,0.0,0.0,0.0
GRID_CBE_02556,Cropland,0.0,0.0,0.0,1.0,0.0,0.0,0.0
GRID_CBE_02557,Cropland,0.0,0.0,0.0,1.0,0.0,0.0,0.0
GRID_CBE_02558,Cropland,0.0,0.0,0.0,1.0,0.0,0.0,0.0
GRID_CBE_02559,Cropland,0.0,0.0,0.0,1.0,0.0,0.0,0.0
GRID_CBE_02560,Cropland,0.0,0.0,0.0,1.0,0.0,0.0,0.0
GRID_CBE_02561,Cropland,0.0,0.0,0.0,1.0,0.0,0.0,0.0
GRID_CBE_02562,Cropland,0.0,0.0,0.0,1.0,0.0,0.0,0.0
GRID_CBE_02563,Cropland,0.0,0.0,0.0,1.0,0.0,0.0,0.0
GRID_CBE_02564,Cropland,0.0,0.0,0.0,1.0,0.0,0.0,0.0
GRID_CBE_02565,Cropland,0.0,0.0,0.0,1.0,0.0,0.0,0.0
GRID_CBE_02566,Cropland,0.0,0.0,0.0,1.0,0.0,0.0,0.0
GRID_CBE_02567,Cropland,0.0,0.0,0.0,1.0,0.0,0.0,0.0
GRID_CBE_02568,Cropland,0.0,0.0,0.0,1.0,0.0,0.0,0.0
GRID_CBE_02569,Cropland,0.0,0.0,0.0,1.0,0.0,0.0,0.0
GRID_CBE_02570,Cropland,0.0,0.0,0.0,1.0,0.0,0.0,0.0
GRID_CBE_02571,Cropland,0.0,0.0,0.0,1.0,0.0,0.0,0.0
GRID_CBE_02572,Cropland,0.0,0.0,0.0,1.0,0.0,0.0,0.0
GRID_CBE_02573,Cropland,0.0,0.0,0.0,1.0,0.0,0.0,0.0
GRID_CBE_02574,Cropland,0.0,0.0,0.0,1.0,0.0,0.0,0.0
GRID_CBE_02575,Tree cover,1.0,0.0,0.0,0.0,0.0,0.0,0.0
GRID_CBE_02576,Tree cover,1.0,0.0,0.0,0.0,0.0,0.0,0.0
GRID_CBE_02577,Tree cover,1.0,0.0,0.0,0.0,0.0,0.0,0.0
GRID_CBE_02578,Tree cover,1.0,0.0,0.0,0.0,0.0,0.0,0.0
GRID_CBE_02579,Tree cover,1.0,0.0,0.0,0.0,0.0,0.0,0.0
GRID_CBE_02580,Tree cover,1.0,0.0,0.0,0.0,0.0,0.0,0.0
GRID_CBE_02581,Tree cover,1.0,0.0,0.0,0.0,0.0,0.0,0.0
GRID_CBE_02582,Tree cover,1.0,0.0,0.0,0.0,0.0,0.0,0.0
GRID_CBE_02583,Tree cover,1.0,0.0,0.0,0.0,0.0,0.0,0.0
GRID_CBE_02584,Tree cover,1.0,0.0,0.0,0.0,0.0,0.0,0.0
GRID_CBE_02585,Tree cover,1.0,0.0,0.0,0.0,0.0,0.0,0.0
GRID_CBE_02586,Tree cover,1.0,0.0,0.0,0.0,0.0,0.0,0.0
GRID_CBE_02587,Tree cover,1.0,0.0,0.0,0.0,0.0,0.0,0.0
GRID_CBE_02588,Tree cover,1.0,0.0,0.0,0.0,0.0,0.0,0.0
GRID_CBE_02589,Tree cover,1.0,0.0,0.0,0.0,0.0,0.0,0.0
GRID_CBE_02590,Tree cover,1.0,0.0,0.0,0.0,0.0,0.0,0.0
GRID_CBE_02591,Tree cover,1.0,0.0,0.0,0.0,0.0,0.0,0.0
GRID_CBE_02592,Tree cover,1.0,0.0,0.0,0.0,0.0,0.0,0.0
GRID_CBE_02593,Tree cover,1.0,0.0,0.0,0.0,0.0,0.0,0.0
GRID_CBE_02594,Tree cover,1.0,0.0,0.0,0.0,0.0,0.0,0.0
GRID_CBE_02595,Tree cover,1.0,0.0,0.0,0.0,0.0,0.0,0.0
GRID_CBE_02596,Tree cover,1.0,0.0,0.0,0.0,0.0,0.0,0.0
GRID_CBE_02597,Tree cover,0.7273,0.0,0.0,0.2727,0.0,0.0,0.0
GRID_CBE_02598,Cropland,0.3636,0.0,0.0,0.6364,0.0,0.0,0.0
GRID_CBE_02599,Cropland,0.0,0.0,0.0,1.0,0.0,0.0,0.0
GRID_CBE_02600,Cropland,0.0,0.0,0.0,1.0,0.0,0.0,0.0
GRID_CBE_02601,Cropland,0.0,0.0,0.0,1.0,0.0,0.0,0.0
GRID_CBE_02602,Cropland,0.0,0.0,0.0,1.0,0.0,0.0,0.0
GRID_CBE_02603,Cropland,0.0,0.0,0.0,1.0,0.0,0.0,0.0
GRID_CBE_02604,Cropland,0.0,0.0,0.0,1.0,0.0,0.0,0.0
GRID_CBE_02605,Cropland,0.0,0.0,0.0,1.0,0.0,0.0,0.0
GRID_CBE_02606,Cropland,0.0,0.0,0.0,1.0,0.0,0.0,0.0
GRID_CBE_02607,Cropland,0.0,0.0,0.0,1.0,0.0,0.0,0.0
GRID_CBE_02608,Cropland,0.0,0.0,0.0,1.0,0.0,0.0,0.0
GRID_CBE_02609,Cropland,0.0,0.0,0.0,1.0,0.0,0.0,0.0
GRID_CBE_02610,Cropland,0.0,0.0,0.0,1.0,0.0,0.0,0.0
GRID_CBE_02611,Cropland,0.0,0.0,0.0,1.0,0.0,0.0,0.0
GRID_CBE_02612,Cropland,0.0,0.0,0.0,1.0,0.0,0.0,0.0
GRID_CBE_02613,Cropland,0.0,0.0,0.0,1.0,0.0,0.0,0.0
GRID_CBE_02614,Cropland,0.0,0.0,0.0,1.0,0.0,0.0,0.0
GRID_CBE_02615,Cropland,0.0,0.0,0.0,1.0,0.0,0.0,0.0
GRID_CBE_02616,Cropland,0.0,0.0,0.0,1.0,0.0,0.0,0.0
GRID_CBE_02617,Cropland,0.0,0.0,0.0,1.0,0.0,0.0,0.0
GRID_CBE_02618,Cropland,0.0,0.0,0.0,1.0,0.0,0.0,0.0
GRID_CBE_02619,Cropland,0.0,0.0,0.0,1.0,0.0,0.0,0.0
GRID_CBE_02620,Cropland,0.0,0.0,0.0,1.0,0.0,0.0,0.0
GRID_CBE_02621,Cropland,0.0,0.0,0.0,1.0,0.0,0.0,0.0
GRID_CBE_02622,Cropland,0.0,0.0,0.0,1.0,0.0,0.0,0.0
GRID_CBE_02623,Cropland,0.0,0.0,0.0,1.0,0.0,0.0,0.0
GRID_CBE_02624,Cropland,0.0,0.0,0.0,1.0,0.0,0.0,0.0
GRID_CBE_02625,Cropland,0.0,0.0,0.0,1.0,0.0,0.0,0.0
GRID_CBE_02626,Cropland,0.0,0.0,0.0,1.0,0.0,0.0,0.0
GRID_CBE_02627,Cropland,0.0,0.0,0.0,1.0,0.0,0.0,0.0
GRID_CBE_02628,Cropland,0.0,0.0,0.0,1.0,0.0,0.0,0.0
GRID_CBE_02629,Cropland,0.0,0.0,0.0,1.0,0.0,0.0,0.0
GRID_CBE_02630,Cropland,0.0,0.0,0.0,1.0,0.0,0.0,0.0
GRID_CBE_02631,Cropland,0.0,0.0,0.0,1.0,0.0,0.0,0.0
GRID_CBE_02632,Cropland,0.0,0.0,0.0,1.0,0.0,0.0,0.0
GRID_CBE_02633,Cropland,0.0,0.0,0.0,1.0,0.0,0.0,0.0
GRID_CBE_02634,Cropland,0.0,0.0,0.0,1.0,0.0,0.0,0.0
GRID_CBE_02635,Cropland,0.0,0.0,0.0,1.0,0.0,0.0,0.0
GRID_CBE_02636,Cropland,0.0,0.0,0.0,1.0,0.0,0.0,0.0
GRID_CBE_02637,Cropland,0.0,0.0,0.0,1.0,0.0,0.0,0.0
GRID_CBE_02638,Cropland,0.0,0.0,0.0,1.0,0.0,0.0,0.0
GRID_CBE_02639,Cropland,0.0,0.0,0.0,1.0,0.0,0.0,0.0
GRID_CBE_02640,Cropland,0.0,0.0,0.0,1.0,0.0,0.0,0.0
GRID_CBE_02641,Cropland,0.0,0.0,0.0,1.0,0.0,0.0,0.0
GRID_CBE_02642,Cropland,0.0,0.0,0.0,1.0,0.0,0.0,0.0
GRID_CBE_02643,Cropland,0.0,0.0,0.0,1.0,0.0,0.0,0.0
GRID_CBE_02644,Cropland,0.0,0.0,0.0,1.0,0.0,0.0,0.0
GRID_CBE_02645,Cropland,0.0,0.0,0.0,1.0,0.0,0.0,0.0
GRID_CBE_02646,Cropland,0.0,0.0,0.0,1.0,0.0,0.0,0.0
GRID_CBE_02647,Cropland,0.0,0.0,0.0,1.0,0.0,0.0,0.0
GRID_CBE_02648,Cropland,0.0,0.0,0.0,1.0,0.0,0.0,0.0
GRID_CBE_02649,Cropland,0.0,0.0,0.0,1.0,0.0,0.0,0.0
GRID_CBE_02650,Cropland,0.0,0.0,0.0,1.0,0.0,0.0,0.0
GRID_CBE_02651,Cropland,0.0,0.0,0.0,1.0,0.0,0.0,0.0
GRID_CBE_02652,Cropland,0.0,0.0,0.0,1.0,0.0,0.0,0.0
GRID_CBE_02653,Tree cover,1.0,0.0,0.0,0.0,0.0,0.0,0.0
GRID_CBE_02654,Tree cover,1.0,0.0,0.0,0.0,0.0,0.0,0.0
GRID_CBE_02655,Tree cover,1.0,0.0,0.0,0.0,0.0,0.0,0.0
GRID_CBE_02656,Tree cover,1.0,0.0,0.0,0.0,0.0,0.0,0.0
GRID_CBE_02657,Tree cover,1.0,0.0,0.0,0.0,0.0,0.0,0.0
GRID_CBE_02658,Tree cover,1.0,0.0,0.0,0.0,0.0,0.0,0.0
GRID_CBE_02659,Tree cover,1.0,0.0,0.0,0.0,0.0,0.0,0.0
GRID_CBE_02660,Tree cover,1.0,0.0,0.0,0.0,0.0,0.0,0.0
GRID_CBE_02661,Tree cover,1.0,0.0,0.0,0.0,0.0,0.0,0.0
GRID_CBE_02662,Tree cover,1.0,0.0,0.0,0.0,0.0,0.0,0.0
GRID_CBE_02663,Tree cover,1.0,0.0,0.0,0.0,0.0,0.0,0.0
GRID_CBE_02664,Tree cover,1.0,0.0,0.0,0.0,0.0,0.0,0.0
GRID_CBE_02665,Tree cover,1.0,0.0,0.0,0.0,0.0,0.0,0.0
GRID_CBE_02666,Tree cover,1.0,0.0,0.0,0.0,0.0,0.0,0.0
GRID_CBE_02667,Tree cover,1.0,0.0,0.0,0.0,0.0,0.0,0.0
GRID_CBE_02668,Tree cover,1.0,0.0,0.0,0.0,0.0,0.0,0.0
GRID_CBE_02669,Tree cover,1.0,0.0,0.0,0.0,0.0,0.0,0.0
GRID_CBE_02670,Tree cover,1.0,0.0,0.0,0.0,0.0,0.0,0.0
GRID_CBE_02671,Tree cover,1.0,0.0,0.0,0.0,0.0,0.0,0.0
GRID_CBE_02672,Tree cover,1.0,0.0,0.0,0.0,0.0,0.0,0.0
GRID_CBE_02673,Tree cover,1.0,0.0,0.0,0.0,0.0,0.0,0.0
GRID_CBE_02674,Tree cover,1.0,0.0,0.0,0.0,0.0,0.0,0.0
GRID_CBE_02675,Tree cover,0.7273,0.0,0.0,0.2727,0.0,0.0,0.0
GRID_CBE_02676,Cropland,0.3636,0.0,0.0,0.6364,0.0,0.0,0.0
GRID_CBE_02677,Cropland,0.0,0.0,0.0,1.0,0.0,0.0,0.0
GRID_CBE_02678,Cropland,0.0,0.0,0.0,1.0,0.0,0.0,0.0
GRID_CBE_02679,Cropland,0.0,0.0,0.0,1.0,0.0,0.0,0.0
GRID_CBE_02680,Cropland,0.0,0.0,0.0,1.0,0.0,0.0,0.0
GRID_CBE_02681,Cropland,0.0,0.0,0.0,1.0,0.0,0.0,0.0
GRID_CBE_02682,Cropland,0.0,0.0,0.0,1.0,0.0,0.0,0.0
GRID_CBE_02683,Cropland,0.0,0.0,0.0,1.0,0.0,0.0,0.0
GRID_CBE_02684,Cropland,0.0,0.0,0.0,1.0,0.0,0.0,0.0
GRID_CBE_02685,Cropland,0.0,0.0,0.0,1.0,0.0,0.0,0.0
GRID_CBE_02686,Cropland,0.0,0.0,0.0,1.0,0.0,0.0,0.0
GRID_CBE_02687,Cropland,0.0,0.0,0.0,1.0,0.0,0.0,0.0
GRID_CBE_02688,Cropland,0.0,0.0,0.0,1.0,0.0,0.0,0.0
GRID_CBE_02689,Cropland,0.0,0.0,0.0,1.0,0.0,0.0,0.0
GRID_CBE_02690,Cropland,0.0,0.0,0.0,1.0,0.0,0.0,0.0
GRID_CBE_02691,Cropland,0.0,0.0,0.0,1.0,0.0,0.0,0.0
GRID_CBE_02692,Cropland,0.0,0.0,0.0,1.0,0.0,0.0,0.0
GRID_CBE_02693,Cropland,0.0,0.0,0.0,1.0,0.0,0.0,0.0
GRID_CBE_02694,Cropland,0.0,0.0,0.0,1.0,0.0,0.0,0.0
GRID_CBE_02695,Cropland,0.0,0.0,0.0,1.0,0.0,0.0,0.0
GRID_CBE_02696,Cropland,0.0,0.0,0.0,1.0,0.0,0.0,0.0
GRID_CBE_02697,Cropland,0.0,0.0,0.0,1.0,0.0,0.0,0.0
GRID_CBE_02698,Cropland,0.0,0.0,0.0,1.0,0.0,0.0,0.0
GRID_CBE_02699,Cropland,0.0,0.0,0.0,1.0,0.0,0.0,0.0
GRID_CBE_02700,Cropland,0.0,0.0,0.0,1.0,0.0,0.0,0.0
GRID_CBE_02701,Cropland,0.0,0.0,0.0,1.0,0.0,0.0,0.0
GRID_CBE_02702,Cropland,0.0,0.0,0.0,1.0,0.0,0.0,0.0
GRID_CBE_02703,Cropland,0.0,0.0,0.0,1.0,0.0,0.0,0.0
GRID_CBE_02704,Cropland,0.0,0.0,0.0,1.0,0.0,0.0,0.0
GRID_CBE_02705,Cropland,0.0,0.0,0.0,1.0,0.0,0.0,0.0
GRID_CBE_02706,Cropland,0.0,0.0,0.0,1.0,0.0,0.0,0.0
GRID_CBE_02707,Cropland,0.0,0.0,0.0,1.0,0.0,0.0,0.0
GRID_CBE_02708,Cropland,0.0,0.0,0.0,1.0,0.0,0.0,0.0
GRID_CBE_02709,Cropland,0.0,0.0,0.0,1.0,0.0,0.0,0.0
GRID_CBE_02710,Cropland,0.0,0.0,0.0,1.0,0.0,0.0,0.0
GRID_CBE_02711,Cropland,0.0,0.0,0.0,1.0,0.0,0.0,0.0
GRID_CBE_02712,Cropland,0.0,0.0,0.0,1.0,0.0,0.0,0.0
GRID_CBE_02713,Cropland,0.0,0.0,0.0,1.0,0.0,0.0,0.0
GRID_CBE_02714,Cropland,0.0,0.0,0.0,1.0,0.0,0.0,0.0
GRID_CBE_02715,Cropland,0.0,0.0,0.0,1.0,0.0,0.0,0.0
GRID_CBE_02716,Cropland,0.0,0.0,0.0,1.0,0.0,0.0,0.0
GRID_CBE_02717,Cropland,0.0,0.0,0.0,1.0,0.0,0.0,0.0
GRID_CBE_02718,Cropland,0.0,0.0,0.0,1.0,0.0,0.0,0.0
GRID_CBE_02719,Cropland,0.0,0.0,0.0,1.0,0.0,0.0,0.0
GRID_CBE_02720,Cropland,0.0,0.0,0.0,1.0,0.0,0.0,0.0
GRID_CBE_02721,Cropland,0.0,0.0,0.0,1.0,0.0,0.0,0.0
GRID_CBE_02722,Cropland,0.0,0.0,0.0,1.0,0.0,0.0,0.0
GRID_CBE_02723,Cropland,0.0,0.0,0.0,1.0,0.0,0.0,0.0
GRID_CBE_02724,Cropland,0.0,0.0,0.0,1.0,0.0,0.0,0.0
GRID_CBE_02725,Cropland,0.0,0.0,0.0,1.0,0.0,0.0,0.0
GRID_CBE_02726,Cropland,0.0,0.0,0.0,1.0,0.0,0.0,0.0
GRID_CBE_02727,Cropland,0.0,0.0,0.0,1.0,0.0,0.0,0.0
GRID_CBE_02728,Cropland,0.0,0.0,0.0,1.0,0.0,0.0,0.0
GRID_CBE_02729,Cropland,0.0,0.0,0.0,1.0,0.0,0.0,0.0
GRID_CBE_02730,Cropland,0.0,0.0,0.0,1.0,0.0,0.0,0.0
GRID_CBE_02731,Tree cover,1.0,0.0,0.0,0.0,0.0,0.0,0.0
GRID_CBE_02732,Tree cover,1.0,0.0,0.0,0.0,0.0,0.0,0.0
GRID_CBE_02733,Tree cover,1.0,0.0,0.0,0.0,0.0,0.0,0.0
GRID_CBE_02734,Tree cover,1.0,0.0,0.0,0.0,0.0,0.0,0.0
GRID_CBE_02735,Tree cover,1.0,0.0,0.0,0.0,0.0,0.0,0.0
GRID_CBE_02736,Tree cover,1.0,0.0,0.0,0.0,0.0,0.0,0.0
GRID_CBE_02737,Tree cover,1.0,0.0,0.0,0.0,0.0,0.0,0.0
GRID_CBE_02738,Tree cover,1.0,0.0,0.0,0.0,0.0,0.0,0.0
GRID_CBE_02739,Tree cover,1.0,0.0,0.0,0.0,0.0,0.0,0.0
GRID_CBE_02740,Tree cover,1.0,0.0,0.0,0.0,0.0,0.0,0.0
GRID_CBE_02741,Tree cover,1.0,0.0,0.0,0.0,0.0,0.0,0.0
GRID_CBE_02742,Tree cover,1.0,0.0,0.0,0.0,0.0,0.0,0.0
GRID_CBE_02743,Tree cover,1.0,0.0,0.0,0.0,0.0,0.0,0.0
GRID_CBE_02744,Tree cover,1.0,0.0,0.0,0.0,0.0,0.0,0.0
GRID_CBE_02745,Tree cover,1.0,0.0,0.0,0.0,0.0,0.0,0.0
GRID_CBE_02746,Tree cover,1.0,0.0,0.0,0.0,0.0,0.0,0.0
GRID_CBE_02747,Tree cover,1.0,0.0,0.0,0.0,0.0,0.0,0.0
GRID_CBE_02748,Tree cover,1.0,0.0,0.0,0.0,0.0,0.0,0.0
GRID_CBE_02749,Tree cover,1.0,0.0,0.0,0.0,0.0,0.0,0.0
GRID_CBE_02750,Tree cover,1.0,0.0,0.0,0.0,0.0,0.0,0.0
GRID_CBE_02751,Tree cover,1.0,0.0,0.0,0.0,0.0,0.0,0.0
GRID_CBE_02752,Tree cover,1.0,0.0,0.0,0.0,0.0,0.0,0.0
GRID_CBE_02753,Tree cover,0.7273,0.0,0.0,0.2727,0.0,0.0,0.0
GRID_CBE_02754,Cropland,0.3636,0.0,0.0,0.6364,0.0,0.0,0.0
GRID_CBE_02755,Cropland,0.0,0.0,0.0,1.0,0.0,0.0,0.0
GRID_CBE_02756,Cropland,0.0,0.0,0.0,1.0,0.0,0.0,0.0
GRID_CBE_02757,Cropland,0.0,0.0,0.0,1.0,0.0,0.0,0.0
GRID_CBE_02758,Cropland,0.0,0.0,0.0,1.0,0.0,0.0,0.0
GRID_CBE_02759,Cropland,0.0,0.0,0.0,1.0,0.0,0.0,0.0
GRID_CBE_02760,Cropland,0.0,0.0,0.0,1.0,0.0,0.0,0.0
GRID_CBE_02761,Cropland,0.0,0.0,0.0,1.0,0.0,0.0,0.0
GRID_CBE_02762,Cropland,0.0,0.0,0.0,1.0,0.0,0.0,0.0
GRID_CBE_02763,Cropland,0.0,0.0,0.0,1.0,0.0,0.0,0.0
GRID_CBE_02764,Cropland,0.0,0.0,0.0,1.0,0.0,0.0,0.0
GRID_CBE_02765,Cropland,0.0,0.0,0.0,1.0,0.0,0.0,0.0
GRID_CBE_02766,Cropland,0.0,0.0,0.0,1.0,0.0,0.0,0.0
GRID_CBE_02767,Cropland,0.0,0.0,0.0,1.0,0.0,0.0,0.0
GRID_CBE_02768,Cropland,0.0,0.0,0.0,1.0,0.0,0.0,0.0
GRID_CBE_02769,Cropland,0.0,0.0,0.0,1.0,0.0,0.0,0.0
GRID_CBE_02770,Cropland,0.0,0.0,0.0,1.0,0.0,0.0,0.0
GRID_CBE_02771,Cropland,0.0,0.0,0.0,1.0,0.0,0.0,0.0
GRID_CBE_02772,Cropland,0.0,0.0,0.0,1.0,0.0,0.0,0.0
GRID_CBE_02773,Cropland,0.0,0.0,0.0,1.0,0.0,0.0,0.0
GRID_CBE_02774,Cropland,0.0,0.0,0.0,1.0,0.0,0.0,0.0
GRID_CBE_02775,Cropland,0.0,0.0,0.0,1.0,0.0,0.0,0.0
GRID_CBE_02776,Cropland,0.0,0.0,0.0,1.0,0.0,0.0,0.0
GRID_CBE_02777,Cropland,0.0,0.0,0.0,1.0,0.0,0.0,0.0
GRID_CBE_02778,Cropland,0.0,0.0,0.0,1.0,0.0,0.0,0.0
GRID_CBE_02779,Cropland,0.0,0.0,0.0,1.0,0.0,0.0,0.0
GRID_CBE_02780,Cropland,0.0,0.0,0.0,1.0,0.0,0.0,0.0
GRID_CBE_02781,Cropland,0.0,0.0,0.0,1.0,0.0,0.0,0.0
GRID_CBE_02782,Cropland,0.0,0.0,0.0,1.0,0.0,0.0,0.0
GRID_CBE_02783,Cropland,0.0,0.0,0.0,1.0,0.0,0.0,0.0
GRID_CBE_02784,Cropland,0.0,0.0,0.0,1.0,0.0,0.0,0.0
GRID_CBE_02785,Cropland,0.0,0.0,0.0,1.0,0.0,0.0,0.0
GRID_CBE_02786,Cropland,0.0,0.0,0.0,1.0,0.0,0.0,0.0
GRID_CBE_02787,Cropland,0.0,0.0,0.0,1.0,0.0,0.0,0.0
GRID_CBE_02788,Cropland,0.0,0.0,0.0,1.0,0.0,0.0,0.0
GRID_CBE_02789,Cropland,0.0,0.0,0.0,1.0,0.0,0.0,0.0
GRID_CBE_02790,Cropland,0.0,0.0,0.0,1.0,0.0,0.0,0.0
GRID_CBE_02791,Cropland,0.0,0.0,0.0,1.0,0.0,0.0,0.0
GRID_CBE_02792,Cropland,0.0,0.0,0.0,1.0,0.0,0.0,0.0
GRID_CBE_02793,Cropland,0.0,0.0,0.0,1.0,0.0,0.0,0.0
GRID_CBE_02794,Cropland,0.0,0.0,0.0,1.0,0.0,0.0,0.0
GRID_CBE_02795,Cropland,0.0,0.0,0.0,1.0,0.0,0.0,0.0
GRID_CBE_02796,Cropland,0.0,0.0,0.0,1.0,0.0,0.0,0.0
GRID_CBE_02797,Cropland,0.0,0.0,0.0,1.0,0.0,0.0,0.0
GRID_CBE_02798,Cropland,0.0,0.0,0.0,1.0,0.0,0.0,0.0
GRID_CBE_02799,Cropland,0.0,0.0,0.0,1.0,0.0,0.0,0.0
GRID_CBE_02800,Cropland,0.0,0.0,0.0,1.0,0.0,0.0,0.0
GRID_CBE_02801,Cropland,0.0,0.0,0.0,1.0,0.0,0.0,0.0
GRID_CBE_02802,Cropland,0.0,0.0,0.0,1.0,0.0,0.0,0.0
GRID_CBE_02803,Cropland,0.0,0.0,0.0,1.0,0.0,0.0,0.0
GRID_CBE_02804,Cropland,0.0,0.0,0.0,1.0,0.0,0.0,0.0
GRID_CBE_02805,Cropland,0.0,0.0,0.0,1.0,0.0,0.0,0.0
GRID_CBE_02806,Cropland,0.0,0.0,0.0,1.0,0.0,0.0,0.0
GRID_CBE_02807,Cropland,0.0,0.0,0.0,1.0,0.0,0.0,0.0
GRID_CBE_02808,Cropland,0.0,0.0,0.0,1.0,0.0,0.0,0.0
GRID_CBE_02809,Tree cover,1.0,0.0,0.0,0.0,0.0,0.0,0.0
GRID_CBE_02810,Tree cover,1.0,0.0,0.0,0.0,0.0,0.0,0.0
GRID_CBE_02811,Tree cover,1.0,0.0,0.0,0.0,0.0,0.0,0.0
GRID_CBE_02812,Tree cover,1.0,0.0,0.0,0.0,0.0,0.0,0.0
GRID_CBE_02813,Tree cover,1.0,0.0,0.0,0.0,0.0,0.0,0.0
GRID_CBE_02814,Tree cover,1.0,0.0,0.0,0.0,0.0,0.0,0.0
GRID_CBE_02815,Tree cover,1.0,0.0,0.0,0.0,0.0,0.0,0.0
GRID_CBE_02816,Tree cover,1.0,0.0,0.0,0.0,0.0,0.0,0.0
GRID_CBE_02817,Tree cover,1.0,0.0,0.0,0.0,0.0,0.0,0.0
GRID_CBE_02818,Tree cover,1.0,0.0,0.0,0.0,0.0,0.0,0.0
GRID_CBE_02819,Tree cover,1.0,0.0,0.0,0.0,0.0,0.0,0.0
GRID_CBE_02820,Tree cover,1.0,0.0,0.0,0.0,0.0,0.0,0.0
GRID_CBE_02821,Tree cover,1.0,0.0,0.0,0.0,0.0,0.0,0.0
GRID_CBE_02822,Tree cover,1.0,0.0,0.0,0.0,0.0,0.0,0.0
GRID_CBE_02823,Tree cover,1.0,0.0,0.0,0.0,0.0,0.0,0.0
GRID_CBE_02824,Tree cover,1.0,0.0,0.0,0.0,0.0,0.0,0.0
GRID_CBE_02825,Tree cover,1.0,0.0,0.0,0.0,0.0,0.0,0.0
GRID_CBE_02826,Tree cover,1.0,0.0,0.0,0.0,0.0,0.0,0.0
GRID_CBE_02827,Tree cover,1.0,0.0,0.0,0.0,0.0,0.0,0.0
GRID_CBE_02828,Tree cover,1.0,0.0,0.0,0.0,0.0,0.0,0.0
GRID_CBE_02829,Tree cover,1.0,0.0,0.0,0.0,0.0,0.0,0.0
GRID_CBE_02830,Tree cover,1.0,0.0,0.0,0.0,0.0,0.0,0.0
GRID_CBE_02831,Tree cover,0.7273,0.0,0.0,0.2727,0.0,0.0,0.0
GRID_CBE_02832,Cropland,0.3636,0.0,0.0,0.6364,0.0,0.0,0.0
GRID_CBE_02833,Cropland,0.0,0.0,0.0,1.0,0.0,0.0,0.0
GRID_CBE_02834,Cropland,0.0,0.0,0.0,1.0,0.0,0.0,0.0
GRID_CBE_02835,Cropland,0.0,0.0,0.0,1.0,0.0,0.0,0.0
GRID_CBE_02836,Cropland,0.0,0.0,0.0,1.0,0.0,0.0,0.0
GRID_CBE_02837,Cropland,0.0,0.0,0.0,1.0,0.0,0.0,0.0
GRID_CBE_02838,Cropland,0.0,0.0,0.0,1.0,0.0,0.0,0.0
GRID_CBE_02839,Cropland,0.0,0.0,0.0,1.0,0.0,0.0,0.0
GRID_CBE_02840,Cropland,0.0,0.0,0.0,1.0,0.0,0.0,0.0
GRID_CBE_02841,Cropland,0.0,0.0,0.0,1.0,0.0,0.0,0.0
GRID_CBE_02842,Cropland,0.0,0.0,0.0,1.0,0.0,0.0,0.0
GRID_CBE_02843,Cropland,0.0,0.0,0.0,1.0,0.0,0.0,0.0
GRID_CBE_02844,Cropland,0.0,0.0,0.0,1.0,0.0,0.0,0.0
GRID_CBE_02845,Cropland,0.0,0.0,0.0,1.0,0.0,0.0,0.0
GRID_CBE_02846,Cropland,0.0,0.0,0.0,1.0,0.0,0.0,0.0
GRID_CBE_02847,Cropland,0.0,0.0,0.0,1.0,0.0,0.0,0.0
GRID_CBE_02848,Cropland,0.0,0.0,0.0,1.0,0.0,0.0,0.0
GRID_CBE_02849,Cropland,0.0,0.0,0.0,1.0,0.0,0.0,0.0
GRID_CBE_02850,Cropland,0.0,0.0,0.0,1.0,0.0,0.0,0.0
GRID_CBE_02851,Cropland,0.0,0.0,0.0,1.0,0.0,0.0,0.0
GRID_CBE_02852,Cropland,0.0,0.0,0.0,1.0,0.0,0.0,0.0
GRID_CBE_02853,Cropland,0.0,0.0,0.0,1.0,0.0,0.0,0.0
GRID_CBE_02854,Cropland,0.0,0.0,0.0,1.0,0.0,0.0,0.0
GRID_CBE_02855,Cropland,0.0,0.0,0.0,1.0,0.0,0.0,0.0
GRID_CBE_02856,Cropland,0.0,0.0,0.0,1.0,0.0,0.0,0.0
GRID_CBE_02857,Cropland,0.0,0.0,0.0,1.0,0.0,0.0,0.0
GRID_CBE_02858,Cropland,0.0,0.0,0.0,1.0,0.0,0.0,0.0
GRID_CBE_02859,Cropland,0.0,0.0,0.0,1.0,0.0,0.0,0.0
GRID_CBE_02860,Cropland,0.0,0.0,0.0,1.0,0.0,0.0,0.0
GRID_CBE_02861,Cropland,0.0,0.0,0.0,1.0,0.0,0.0,0.0
GRID_CBE_02862,Cropland,0.0,0.0,0.0,1.0,0.0,0.0,0.0
GRID_CBE_02863,Cropland,0.0,0.0,0.0,1.0,0.0,0.0,0.0
GRID_CBE_02864,Cropland,0.0,0.0,0.0,1.0,0.0,0.0,0.0
GRID_CBE_02865,Cropland,0.0,0.0,0.0,1.0,0.0,0.0,0.0
GRID_CBE_02866,Cropland,0.0,0.0,0.0,1.0,0.0,0.0,0.0
GRID_CBE_02867,Cropland,0.0,0.0,0.0,1.0,0.0,0.0,0.0
GRID_CBE_02868,Cropland,0.0,0.0,0.0,1.0,0.0,0.0,0.0
GRID_CBE_02869,Cropland,0.0,0.0,0.0,1.0,0.0,0.0,0.0
GRID_CBE_02870,Cropland,0.0,0.0,0.0,1.0,0.0,0.0,0.0
GRID_CBE_02871,Cropland,0.0,0.0,0.0,1.0,0.0,0.0,0.0
GRID_CBE_02872,Cropland,0.0,0.0,0.0,1.0,0.0,0.0,0.0
GRID_CBE_02873,Cropland,0.0,0.0,0.0,1.0,0.0,0.0,0.0
GRID_CBE_02874,Cropland,0.0,0.0,0.0,1.0,0.0,0.0,0.0
GRID_CBE_02875,Cropland,0.0,0.0,0.0,1.0,0.0,0.0,0.0
GRID_CBE_02876,Cropland,0.0,0.0,0.0,1.0,0.0,0.0,0.0
GRID_CBE_02877,Cropland,0.0,0.0,0.0,1.0,0.0,0.0,0.0
GRID_CBE_02878,Cropland,0.0,0.0,0.0,1.0,0.0,0.0,0.0
GRID_CBE_02879,Cropland,0.0,0.0,0.0,1.0,0.0,0.0,0.0
GRID_CBE_02880,Cropland,0.0,0.0,0.0,1.0,0.0,0.0,0.0
GRID_CBE_02881,Cropland,0.0,0.0,0.0,1.0,0.0,0.0,0.0
GRID_CBE_02882,Cropland,0.0,0.0,0.0,1.0,0.0,0.0,0.0
GRID_CBE_02883,Cropland,0.0,0.0,0.0,1.0,0.0,0.0,0.0
GRID_CBE_02884,Cropland,0.0,0.0,0.0,1.0,0.0,0.0,0.0
GRID_CBE_02885,Cropland,0.0,0.0,0.0,1.0,0.0,0.0,0.0
GRID_CBE_02886,Cropland,0.0,0.0,0.0,1.0,0.0,0.0,0.0
GRID_CBE_02887,Tree cover,1.0,0.0,0.0,0.0,0.0,0.0,0.0
GRID_CBE_02888,Tree cover,1.0,0.0,0.0,0.0,0.0,0.0,0.0
GRID_CBE_02889,Tree cover,1.0,0.0,0.0,0.0,0.0,0.0,0.0
GRID_CBE_02890,Tree cover,1.0,0.0,0.0,0.0,0.0,0.0,0.0
GRID_CBE_02891,Tree cover,1.0,0.0,0.0,0.0,0.0,0.0,0.0
GRID_CBE_02892,Tree cover,1.0,0.0,0.0,0.0,0.0,0.0,0.0
GRID_CBE_02893,Tree cover,1.0,0.0,0.0,0.0,0.0,0.0,0.0
GRID_CBE_02894,Tree cover,1.0,0.0,0.0,0.0,0.0,0.0,0.0
GRID_CBE_02895,Tree cover,1.0,0.0,0.0,0.0,0.0,0.0,0.0
GRID_CBE_02896,Tree cover,1.0,0.0,0.0,0.0,0.0,0.0,0.0
GRID_CBE_02897,Tree cover,1.0,0.0,0.0,0.0,0.0,0.0,0.0
GRID_CBE_02898,Tree cover,1.0,0.0,0.0,0.0,0.0,0.0,0.0
GRID_CBE_02899,Tree cover,1.0,0.0,0.0,0.0,0.0,0.0,0.0
GRID_CBE_02900,Tree cover,1.0,0.0,0.0,0.0,0.0,0.0,0.0
GRID_CBE_02901,Tree cover,1.0,0.0,0.0,0.0,0.0,0.0,0.0
GRID_CBE_02902,Tree cover,1.0,0.0,0.0,0.0,0.0,0.0,0.0
GRID_CBE_02903,Tree cover,1.0,0.0,0.0,0.0,0.0,0.0,0.0
GRID_CBE_02904,Tree cover,1.0,0.0,0.0,0.0,0.0,0.0,0.0
GRID_CBE_02905,Tree cover,1.0,0.0,0.0,0.0,0.0,0.0,0.0
GRID_CBE_02906,Tree cover,1.0,0.0,0.0,0.0,0.0,0.0,0.0
GRID_CBE_02907,Tree cover,1.0,0.0,0.0,0.0,0.0,0.0,0.0
GRID_CBE_02908,Tree cover,1.0,0.0,0.0,0.0,0.0,0.0,0.0
GRID_CBE_02909,Tree cover,0.7273,0.0,0.0,0.2727,0.0,0.0,0.0
GRID_CBE_02910,Cropland,0.3636,0.0,0.0,0.6364,0.0,0.0,0.0
GRID_CBE_02911,Cropland,0.0,0.0,0.0,1.0,0.0,0.0,0.0
GRID_CBE_02912,Cropland,0.0,0.0,0.0,1.0,0.0,0.0,0.0
GRID_CBE_02913,Cropland,0.0,0.0,0.0,1.0,0.0,0.0,0.0
GRID_CBE_02914,Cropland,0.0,0.0,0.0,1.0,0.0,0.0,0.0
GRID_CBE_02915,Cropland,0.0,0.0,0.0,1.0,0.0,0.0,0.0
GRID_CBE_02916,Cropland,0.0,0.0,0.0,1.0,0.0,0.0,0.0
GRID_CBE_02917,Cropland,0.0,0.0,0.0,1.0,0.0,0.0,0.0
GRID_CBE_02918,Cropland,0.0,0.0,0.0,1.0,0.0,0.0,0.0
GRID_CBE_02919,Cropland,0.0,0.0,0.0,1.0,0.0,0.0,0.0
GRID_CBE_02920,Cropland,0.0,0.0,0.0,1.0,0.0,0.0,0.0
GRID_CBE_02921,Cropland,0.0,0.0,0.0,1.0,0.0,0.0,0.0
GRID_CBE_02922,Cropland,0.0,0.0,0.0,1.0,0.0,0.0,0.0
GRID_CBE_02923,Cropland,0.0,0.0,0.0,1.0,0.0,0.0,0.0
GRID_CBE_02924,Cropland,0.0,0.0,0.0,1.0,0.0,0.0,0.0
GRID_CBE_02925,Cropland,0.0,0.0,0.0,1.0,0.0,0.0,0.0
GRID_CBE_02926,Cropland,0.0,0.0,0.0,1.0,0.0,0.0,0.0
GRID_CBE_02927,Cropland,0.0,0.0,0.0,1.0,0.0,0.0,0.0
GRID_CBE_02928,Cropland,0.0,0.0,0.0,1.0,0.0,0.0,0.0
GRID_CBE_02929,Cropland,0.0,0.0,0.0,1.0,0.0,0.0,0.0
GRID_CBE_02930,Cropland,0.0,0.0,0.0,1.0,0.0,0.0,0.0
GRID_CBE_02931,Cropland,0.0,0.0,0.0,1.0,0.0,0.0,0.0
GRID_CBE_02932,Cropland,0.0,0.0,0.0,1.0,0.0,0.0,0.0
GRID_CBE_02933,Cropland,0.0,0.0,0.0,1.0,0.0,0.0,0.0
GRID_CBE_02934,Cropland,0.0,0.0,0.0,1.0,0.0,0.0,0.0
GRID_CBE_02935,Cropland,0.0,0.0,0.0,1.0,0.0,0.0,0.0
GRID_CBE_02936,Cropland,0.0,0.0,0.0,1.0,0.0,0.0,0.0
GRID_CBE_02937,Cropland,0.0,0.0,0.0,1.0,0.0,0.0,0.0
GRID_CBE_02938,Cropland,0.0,0.0,0.0,1.0,0.0,0.0,0.0
GRID_CBE_02939,Cropland,0.0,0.0,0.0,1.0,0.0,0.0,0.0
GRID_CBE_02940,Cropland,0.0,0.0,0.0,1.0,0.0,0.0,0.0
GRID_CBE_02941,Cropland,0.0,0.0,0.0,1.0,0.0,0.0,0.0
GRID_CBE_02942,Cropland,0.0,0.0,0.0,1.0,0.0,0.0,0.0
GRID_CBE_02943,Cropland,0.0,0.0,0.0,1.0,0.0,0.0,0.0
GRID_CBE_02944,Cropland,0.0,0.0,0.0,1.0,0.0,0.0,0.0
GRID_CBE_02945,Cropland,0.0,0.0,0.0,1.0,0.0,0.0,0.0
GRID_CBE_02946,Cropland,0.0,0.0,0.0,1.0,0.0,0.0,0.0
GRID_CBE_02947,Cropland,0.0,0.0,0.0,1.0,0.0,0.0,0.0
GRID_CBE_02948,Cropland,0.0,0.0,0.0,1.0,0.0,0.0,0.0
GRID_CBE_02949,Cropland,0.0,0.0,0.0,1.0,0.0,0.0,0.0
GRID_CBE_02950,Cropland,0.0,0.0,0.0,1.0,0.0,0.0,0.0
GRID_CBE_02951,Cropland,0.0,0.0,0.0,1.0,0.0,0.0,0.0
GRID_CBE_02952,Cropland,0.0,0.0,0.0,1.0,0.0,0.0,0.0
GRID_CBE_02953,Cropland,0.0,0.0,0.0,1.0,0.0,0.0,0.0
GRID_CBE_02954,Cropland,0.0,0.0,0.0,1.0,0.0,0.0,0.0
GRID_CBE_02955,Cropland,0.0,0.0,0.0,1.0,0.0,0.0,0.0
GRID_CBE_02956,Cropland,0.0,0.0,0.0,1.0,0.0,0.0,0.0
GRID_CBE_02957,Cropland,0.0,0.0,0.0,1.0,0.0,0.0,0.0
GRID_CBE_02958,Cropland,0.0,0.0,0.0,1.0,0.0,0.0,0.0
GRID_CBE_02959,Cropland,0.0,0.0,0.0,1.0,0.0,0.0,0.0
GRID_CBE_02960,Cropland,0.0,0.0,0.0,1.0,0.0,0.0,0.0
GRID_CBE_02961,Cropland,0.0,0.0,0.0,1.0,0.0,0.0,0.0
GRID_CBE_02962,Cropland,0.0,0.0,0.0,1.0,0.0,0.0,0.0
GRID_CBE_02963,Cropland,0.0,0.0,0.0,1.0,0.0,0.0,0.0
GRID_CBE_02964,Cropland,0.0,0.0,0.0,1.0,0.0,0.0,0.0
GRID_CBE_02965,Tree cover,1.0,0.0,0.0,0.0,0.0,0.0,0.0
GRID_CBE_02966,Tree cover,1.0,0.0,0.0,0.0,0.0,0.0,0.0
GRID_CBE_02967,Tree cover,1.0,0.0,0.0,0.0,0.0,0.0,0.0
GRID_CBE_02968,Tree cover,1.0,0.0,0.0,0.0,0.0,0.0,0.0
GRID_CBE_02969,Tree cover,1.0,0.0,0.0,0.0,0.0,0.0,0.0
GRID_CBE_02970,Tree cover,1.0,0.0,0.0,0.0,0.0,0.0,0.0
GRID_CBE_02971,Tree cover,1.0,0.0,0.0,0.0,0.0,0.0,0.0
GRID_CBE_02972,Tree cover,1.0,0.0,0.0,0.0,0.0,0.0,0.0
GRID_CBE_02973,Tree cover,1.0,0.0,0.0,0.0,0.0,0.0,0.0
GRID_CBE_02974,Tree cover,1.0,0.0,0.0,0.0,0.0,0.0,0.0
GRID_CBE_02975,Tree cover,1.0,0.0,0.0,0.0,0.0,0.0,0.0
GRID_CBE_02976,Tree cover,1.0,0.0,0.0,0.0,0.0,0.0,0.0
GRID_CBE_02977,Tree cover,1.0,0.0,0.0,0.0,0.0,0.0,0.0
GRID_CBE_02978,Tree cover,1.0,0.0,0.0,0.0,0.0,0.0,0.0
GRID_CBE_02979,Tree cover,1.0,0.0,0.0,0.0,0.0,0.0,0.0
GRID_CBE_02980,Tree cover,1.0,0.0,0.0,0.0,0.0,0.0,0.0
GRID_CBE_02981,Tree cover,1.0,0.0,0.0,0.0,0.0,0.0,0.0
GRID_CBE_02982,Tree cover,1.0,0.0,0.0,0.0,0.0,0.0,0.0
GRID_CBE_02983,Tree cover,1.0,0.0,0.0,0.0,0.0,0.0,0.0
GRID_CBE_02984,Tree cover,1.0,0.0,0.0,0.0,0.0,0.0,0.0
GRID_CBE_02985,Tree cover,1.0,0.0,0.0,0.0,0.0,0.0,0.0
GRID_CBE_02986,Tree cover,1.0,0.0,0.0,0.0,0.0,0.0,0.0
GRID_CBE_02987,Tree cover,0.7273,0.0,0.0,0.2727,0.0,0.0,0.0
GRID_CBE_02988,Cropland,0.3636,0.0,0.0,0.6364,0.0,0.0,0.0
GRID_CBE_02989,Cropland,0.0,0.0,0.0,1.0,0.0,0.0,0.0
GRID_CBE_02990,Cropland,0.0,0.0,0.0,1.0,0.0,0.0,0.0
GRID_CBE_02991,Cropland,0.0,0.0,0.0,1.0,0.0,0.0,0.0
GRID_CBE_02992,Cropland,0.0,0.0,0.0,1.0,0.0,0.0,0.0
GRID_CBE_02993,Cropland,0.0,0.0,0.0,1.0,0.0,0.0,0.0
GRID_CBE_02994,Cropland,0.0,0.0,0.0,1.0,0.0,0.0,0.0
GRID_CBE_02995,Cropland,0.0,0.0,0.0,1.0,0.0,0.0,0.0
GRID_CBE_02996,Cropland,0.0,0.0,0.0,1.0,0.0,0.0,0.0
GRID_CBE_02997,Cropland,0.0,0.0,0.0,1.0,0.0,0.0,0.0
GRID_CBE_02998,Cropland,0.0,0.0,0.0,1.0,0.0,0.0,0.0
GRID_CBE_02999,Cropland,0.0,0.0,0.0,1.0,0.0,0.0,0.0
GRID_CBE_03000,Cropland,0.0,0.0,0.0,1.0,0.0,0.0,0.0
GRID_CBE_03001,Cropland,0.0,0.0,0.0,1.0,0.0,0.0,0.0
GRID_CBE_03002,Cropland,0.0,0.0,0.0,1.0,0.0,0.0,0.0
GRID_CBE_03003,Cropland,0.0,0.0,0.0,1.0,0.0,0.0,0.0
GRID_CBE_03004,Cropland,0.0,0.0,0.0,1.0,0.0,0.0,0.0
GRID_CBE_03005,Cropland,0.0,0.0,0.0,1.0,0.0,0.0,0.0
GRID_CBE_03006,Cropland,0.0,0.0,0.0,1.0,0.0,0.0,0.0
GRID_CBE_03007,Cropland,0.0,0.0,0.0,1.0,0.0,0.0,0.0
GRID_CBE_03008,Cropland,0.0,0.0,0.0,1.0,0.0,0.0,0.0
GRID_CBE_03009,Cropland,0.0,0.0,0.0,1.0,0.0,0.0,0.0
GRID_CBE_03010,Cropland,0.0,0.0,0.0,1.0,0.0,0.0,0.0
GRID_CBE_03011,Cropland,0.0,0.0,0.0,1.0,0.0,0.0,0.0
GRID_CBE_03012,Cropland,0.0,0.0,0.0,1.0,0.0,0.0,0.0
GRID_CBE_03013,Cropland,0.0,0.0,0.0,1.0,0.0,0.0,0.0
GRID_CBE_03014,Cropland,0.0,0.0,0.0,1.0,0.0,0.0,0.0
GRID_CBE_03015,Cropland,0.0,0.0,0.0,1.0,0.0,0.0,0.0
GRID_CBE_03016,Cropland,0.0,0.0,0.0,1.0,0.0,0.0,0.0
GRID_CBE_03017,Cropland,0.0,0.0,0.0,1.0,0.0,0.0,0.0
GRID_CBE_03018,Cropland,0.0,0.0,0.0,1.0,0.0,0.0,0.0
GRID_CBE_03019,Cropland,0.0,0.0,0.0,1.0,0.0,0.0,0.0
GRID_CBE_03020,Cropland,0.0,0.0,0.0,1.0,0.0,0.0,0.0
GRID_CBE_03021,Cropland,0.0,0.0,0.0,1.0,0.0,0.0,0.0
GRID_CBE_03022,Cropland,0.0,0.0,0.0,1.0,0.0,0.0,0.0
GRID_CBE_03023,Cropland,0.0,0.0,0.0,1.0,0.0,0.0,0.0
GRID_CBE_03024,Cropland,0.0,0.0,0.0,1.0,0.0,0.0,0.0
GRID_CBE_03025,Cropland,0.0,0.0,0.0,1.0,0.0,0.0,0.0
GRID_CBE_03026,Cropland,0.0,0.0,0.0,1.0,0.0,0.0,0.0
GRID_CBE_03027,Cropland,0.0,0.0,0.0,1.0,0.0,0.0,0.0
GRID_CBE_03028,Cropland,0.0,0.0,0.0,1.0,0.0,0.0,0.0
GRID_CBE_03029,Cropland,0.0,0.0,0.0,1.0,0.0,0.0,0.0
GRID_CBE_03030,Cropland,0.0,0.0,0.0,1.0,0.0,0.0,0.0
GRID_CBE_03031,Cropland,0.0,0.0,0.0,1.0,0.0,0.0,0.0
GRID_CBE_03032,Cropland,0.0,0.0,0.0,1.0,0.0,0.0,0.0
GRID_CBE_03033,Cropland,0.0,0.0,0.0,1.0,0.0,0.0,0.0
GRID_CBE_03034,Cropland,0.0,0.0,0.0,1.0,0.0,0.0,0.0
GRID_CBE_03035,Cropland,0.0,0.0,0.0,1.0,0.0,0.0,0.0
GRID_CBE_03036,Cropland,0.0,0.0,0.0,1.0,0.0,0.0,0.0
GRID_CBE_03037,Cropland,0.0,0.0,0.0,1.0,0.0,0.0,0.0
GRID_CBE_03038,Cropland,0.0,0.0,0.0,1.0,0.0,0.0,0.0
GRID_CBE_03039,Cropland,0.0,0.0,0.0,1.0,0.0,0.0,0.0
GRID_CBE_03040,Cropland,0.0,0.0,0.0,1.0,0.0,0.0,0.0
GRID_CBE_03041,Cropland,0.0,0.0,0.0,1.0,0.0,0.0,0.0
GRID_CBE_03042,Cropland,0.0,0.0,0.0,1.0,0.0,0.0,0.0
GRID_CBE_03043,Tree cover,1.0,0.0,0.0,0.0,0.0,0.0,0.0
GRID_CBE_03044,Tree cover,1.0,0.0,0.0,0.0,0.0,0.0,0.0
GRID_CBE_03045,Tree cover,1.0,0.0,0.0,0.0,0.0,0.0,0.0
GRID_CBE_03046,Tree cover,1.0,0.0,0.0,0.0,0.0,0.0,0.0
GRID_CBE_03047,Tree cover,1.0,0.0,0.0,0.0,0.0,0.0,0.0
GRID_CBE_03048,Tree cover,1.0,0.0,0.0,0.0,0.0,0.0,0.0
GRID_CBE_03049,Tree cover,1.0,0.0,0.0,0.0,0.0,0.0,0.0
GRID_CBE_03050,Tree cover,1.0,0.0,0.0,0.0,0.0,0.0,0.0
GRID_CBE_03051,Tree cover,1.0,0.0,0.0,0.0,0.0,0.0,0.0
GRID_CBE_03052,Tree cover,1.0,0.0,0.0,0.0,0.0,0.0,0.0
GRID_CBE_03053,Tree cover,1.0,0.0,0.0,0.0,0.0,0.0,0.0
GRID_CBE_03054,Tree cover,1.0,0.0,0.0,0.0,0.0,0.0,0.0
GRID_CBE_03055,Tree cover,1.0,0.0,0.0,0.0,0.0,0.0,0.0
GRID_CBE_03056,Tree cover,1.0,0.0,0.0,0.0,0.0,0.0,0.0
GRID_CBE_03057,Tree cover,1.0,0.0,0.0,0.0,0.0,0.0,0.0
GRID_CBE_03058,Tree cover,1.0,0.0,0.0,0.0,0.0,0.0,0.0
GRID_CBE_03059,Tree cover,1.0,0.0,0.0,0.0,0.0,0.0,0.0
GRID_CBE_03060,Tree cover,1.0,0.0,0.0,0.0,0.0,0.0,0.0
GRID_CBE_03061,Tree cover,1.0,0.0,0.0,0.0,0.0,0.0,0.0
GRID_CBE_03062,Tree cover,1.0,0.0,0.0,0.0,0.0,0.0,0.0
GRID_CBE_03063,Tree cover,1.0,0.0,0.0,0.0,0.0,0.0,0.0
GRID_CBE_03064,Tree cover,1.0,0.0,0.0,0.0,0.0,0.0,0.0
GRID_CBE_03065,Tree cover,0.7273,0.0,0.0,0.2727,0.0,0.0,0.0
GRID_CBE_03066,Cropland,0.3636,0.0,0.0,0.6364,0.0,0.0,0.0
GRID_CBE_03067,Cropland,0.0,0.0,0.0,1.0,0.0,0.0,0.0
GRID_CBE_03068,Cropland,0.0,0.0,0.0,1.0,0.0,0.0,0.0
GRID_CBE_03069,Cropland,0.0,0.0,0.0,1.0,0.0,0.0,0.0
GRID_CBE_03070,Cropland,0.0,0.0,0.0,1.0,0.0,0.0,0.0
GRID_CBE_03071,Cropland,0.0,0.0,0.0,1.0,0.0,0.0,0.0
GRID_CBE_03072,Cropland,0.0,0.0,0.0,1.0,0.0,0.0,0.0
GRID_CBE_03073,Cropland,0.0,0.0,0.0,1.0,0.0,0.0,0.0
GRID_CBE_03074,Cropland,0.0,0.0,0.0,1.0,0.0,0.0,0.0
GRID_CBE_03075,Cropland,0.0,0.0,0.0,1.0,0.0,0.0,0.0
GRID_CBE_03076,Cropland,0.0,0.0,0.0,1.0,0.0,0.0,0.0
GRID_CBE_03077,Cropland,0.0,0.0,0.0,1.0,0.0,0.0,0.0
GRID_CBE_03078,Cropland,0.0,0.0,0.0,1.0,0.0,0.0,0.0
GRID_CBE_03079,Cropland,0.0,0.0,0.0,1.0,0.0,0.0,0.0
GRID_CBE_03080,Cropland,0.0,0.0,0.0,1.0,0.0,0.0,0.0
GRID_CBE_03081,Cropland,0.0,0.0,0.0,1.0,0.0,0.0,0.0
GRID_CBE_03082,Cropland,0.0,0.0,0.0,1.0,0.0,0.0,0.0
GRID_CBE_03083,Cropland,0.0,0.0,0.0,1.0,0.0,0.0,0.0
GRID_CBE_03084,Cropland,0.0,0.0,0.0,1.0,0.0,0.0,0.0
GRID_CBE_03085,Cropland,0.0,0.0,0.0,1.0,0.0,0.0,0.0
GRID_CBE_03086,Cropland,0.0,0.0,0.0,1.0,0.0,0.0,0.0
GRID_CBE_03087,Cropland,0.0,0.0,0.0,1.0,0.0,0.0,0.0
GRID_CBE_03088,Cropland,0.0,0.0,0.0,1.0,0.0,0.0,0.0
GRID_CBE_03089,Cropland,0.0,0.0,0.0,1.0,0.0,0.0,0.0
GRID_CBE_03090,Cropland,0.0,0.0,0.0,1.0,0.0,0.0,0.0
GRID_CBE_03091,Cropland,0.0,0.0,0.0,1.0,0.0,0.0,0.0
GRID_CBE_03092,Cropland,0.0,0.0,0.0,1.0,0.0,0.0,0.0
GRID_CBE_03093,Cropland,0.0,0.0,0.0,1.0,0.0,0.0,0.0
GRID_CBE_03094,Cropland,0.0,0.0,0.0,1.0,0.0,0.0,0.0
GRID_CBE_03095,Cropland,0.0,0.0,0.0,1.0,0.0,0.0,0.0
GRID_CBE_03096,Cropland,0.0,0.0,0.0,1.0,0.0,0.0,0.0
GRID_CBE_03097,Cropland,0.0,0.0,0.0,1.0,0.0,0.0,0.0
GRID_CBE_03098,Cropland,0.0,0.0,0.0,1.0,0.0,0.0,0.0
GRID_CBE_03099,Cropland,0.0,0.0,0.0,1.0,0.0,0.0,0.0
GRID_CBE_03100,Cropland,0.0,0.0,0.0,1.0,0.0,0.0,0.0
GRID_CBE_03101,Cropland,0.0,0.0,0.0,1.0,0.0,0.0,0.0
GRID_CBE_03102,Cropland,0.0,0.0,0.0,1.0,0.0,0.0,0.0
GRID_CBE_03103,Cropland,0.0,0.0,0.0,1.0,0.0,0.0,0.0
GRID_CBE_03104,Cropland,0.0,0.0,0.0,1.0,0.0,0.0,0.0
GRID_CBE_03105,Cropland,0.0,0.0,0.0,1.0,0.0,0.0,0.0
GRID_CBE_03106,Cropland,0.0,0.0,0.0,1.0,0.0,0.0,0.0
GRID_CBE_03107,Cropland,0.0,0.0,0.0,1.0,0.0,0.0,0.0
GRID_CBE_03108,Cropland,0.0,0.0,0.0,1.0,0.0,0.0,0.0
GRID_CBE_03109,Cropland,0.0,0.0,0.0,1.0,0.0,0.0,0.0
GRID_CBE_03110,Cropland,0.0,0.0,0.0,1.0,0.0,0.0,0.0
GRID_CBE_03111,Cropland,0.0,0.0,0.0,1.0,0.0,0.0,0.0
GRID_CBE_03112,Cropland,0.0,0.0,0.0,1.0,0.0,0.0,0.0
GRID_CBE_03113,Cropland,0.0,0.0,0.0,1.0,0.0,0.0,0.0
GRID_CBE_03114,Cropland,0.0,0.0,0.0,1.0,0.0,0.0,0.0
GRID_CBE_03115,Cropland,0.0,0.0,0.0,1.0,0.0,0.0,0.0
GRID_CBE_03116,Cropland,0.0,0.0,0.0,1.0,0.0,0.0,0.0
GRID_CBE_03117,Cropland,0.0,0.0,0.0,1.0,0.0,0.0,0.0
GRID_CBE_03118,Cropland,0.0,0.0,0.0,1.0,0.0,0.0,0.0
GRID_CBE_03119,Cropland,0.0,0.0,0.0,1.0,0.0,0.0,0.0
GRID_CBE_03120,Cropland,0.0,0.0,0.0,1.0,0.0,0.0,0.0
GRID_CBE_03121,Tree cover,1.0,0.0,0.0,0.0,0.0,0.0,0.0
GRID_CBE_03122,Tree cover,1.0,0.0,0.0,0.0,0.0,0.0,0.0
GRID_CBE_03123,Tree cover,1.0,0.0,0.0,0.0,0.0,0.0,0.0
GRID_CBE_03124,Tree cover,1.0,0.0,0.0,0.0,0.0,0.0,0.0
GRID_CBE_03125,Tree cover,1.0,0.0,0.0,0.0,0.0,0.0,0.0
GRID_CBE_03126,Tree cover,1.0,0.0,0.0,0.0,0.0,0.0,0.0
GRID_CBE_03127,Tree cover,1.0,0.0,0.0,0.0,0.0,0.0,0.0
GRID_CBE_03128,Tree cover,1.0,0.0,0.0,0.0,0.0,0.0,0.0
GRID_CBE_03129,Tree cover,1.0,0.0,0.0,0.0,0.0,0.0,0.0
GRID_CBE_03130,Tree cover,1.0,0.0,0.0,0.0,0.0,0.0,0.0
GRID_CBE_03131,Tree cover,1.0,0.0,0.0,0.0,0.0,0.0,0.0
GRID_CBE_03132,Tree cover,1.0,0.0,0.0,0.0,0.0,0.0,0.0
GRID_CBE_03133,Tree cover,1.0,0.0,0.0,0.0,0.0,0.0,0.0
GRID_CBE_03134,Tree cover,1.0,0.0,0.0,0.0,0.0,0.0,0.0
GRID_CBE_03135,Tree cover,1.0,0.0,0.0,0.0,0.0,0.0,0.0
GRID_CBE_03136,Tree cover,1.0,0.0,0.0,0.0,0.0,0.0,0.0
GRID_CBE_03137,Tree cover,1.0,0.0,0.0,0.0,0.0,0.0,0.0
GRID_CBE_03138,Tree cover,1.0,0.0,0.0,0.0,0.0,0.0,0.0
GRID_CBE_03139,Tree cover,1.0,0.0,0.0,0.0,0.0,0.0,0.0
GRID_CBE_03140,Tree cover,1.0,0.0,0.0,0.0,0.0,0.0,0.0
GRID_CBE_03141,Tree cover,1.0,0.0,0.0,0.0,0.0,0.0,0.0
GRID_CBE_03142,Tree cover,1.0,0.0,0.0,0.0,0.0,0.0,0.0
GRID_CBE_03143,Tree cover,0.7273,0.0,0.0,0.2727,0.0,0.0,0.0
GRID_CBE_03144,Cropland,0.3636,0.0,0.0,0.6364,0.0,0.0,0.0
GRID_CBE_03145,Cropland,0.0,0.0,0.0,1.0,0.0,0.0,0.0
GRID_CBE_03146,Cropland,0.0,0.0,0.0,1.0,0.0,0.0,0.0
GRID_CBE_03147,Cropland,0.0,0.0,0.0,1.0,0.0,0.0,0.0
GRID_CBE_03148,Cropland,0.0,0.0,0.0,1.0,0.0,0.0,0.0
GRID_CBE_03149,Cropland,0.0,0.0,0.0,1.0,0.0,0.0,0.0
GRID_CBE_03150,Cropland,0.0,0.0,0.0,1.0,0.0,0.0,0.0
GRID_CBE_03151,Cropland,0.0,0.0,0.0,1.0,0.0,0.0,0.0
GRID_CBE_03152,Cropland,0.0,0.0,0.0,1.0,0.0,0.0,0.0
GRID_CBE_03153,Cropland,0.0,0.0,0.0,1.0,0.0,0.0,0.0
GRID_CBE_03154,Cropland,0.0,0.0,0.0,1.0,0.0,0.0,0.0
GRID_CBE_03155,Cropland,0.0,0.0,0.0,1.0,0.0,0.0,0.0
GRID_CBE_03156,Cropland,0.0,0.0,0.0,1.0,0.0,0.0,0.0
GRID_CBE_03157,Cropland,0.0,0.0,0.0,1.0,0.0,0.0,0.0
GRID_CBE_03158,Cropland,0.0,0.0,0.0,1.0,0.0,0.0,0.0
GRID_CBE_03159,Cropland,0.0,0.0,0.0,1.0,0.0,0.0,0.0
GRID_CBE_03160,Cropland,0.0,0.0,0.0,1.0,0.0,0.0,0.0
GRID_CBE_03161,Cropland,0.0,0.0,0.0,1.0,0.0,0.0,0.0
GRID_CBE_03162,Cropland,0.0,0.0,0.0,1.0,0.0,0.0,0.0
GRID_CBE_03163,Cropland,0.0,0.0,0.0,1.0,0.0,0.0,0.0
GRID_CBE_03164,Cropland,0.0,0.0,0.0,1.0,0.0,0.0,0.0
GRID_CBE_03165,Cropland,0.0,0.0,0.0,1.0,0.0,0.0,0.0
GRID_CBE_03166,Cropland,0.0,0.0,0.0,1.0,0.0,0.0,0.0
GRID_CBE_03167,Cropland,0.0,0.0,0.0,1.0,0.0,0.0,0.0
GRID_CBE_03168,Cropland,0.0,0.0,0.0,1.0,0.0,0.0,0.0
GRID_CBE_03169,Cropland,0.0,0.0,0.0,1.0,0.0,0.0,0.0
GRID_CBE_03170,Cropland,0.0,0.0,0.0,1.0,0.0,0.0,0.0
GRID_CBE_03171,Cropland,0.0,0.0,0.0,1.0,0.0,0.0,0.0
GRID_CBE_03172,Cropland,0.0,0.0,0.0,1.0,0.0,0.0,0.0
GRID_CBE_03173,Cropland,0.0,0.0,0.0,1.0,0.0,0.0,0.0
GRID_CBE_03174,Cropland,0.0,0.0,0.0,1.0,0.0,0.0,0.0
GRID_CBE_03175,Cropland,0.0,0.0,0.0,1.0,0.0,0.0,0.0
GRID_CBE_03176,Cropland,0.0,0.0,0.0,1.0,0.0,0.0,0.0
GRID_CBE_03177,Cropland,0.0,0.0,0.0,1.0,0.0,0.0,0.0
GRID_CBE_03178,Cropland,0.0,0.0,0.0,1.0,0.0,0.0,0.0
GRID_CBE_03179,Cropland,0.0,0.0,0.0,1.0,0.0,0.0,0.0
GRID_CBE_03180,Cropland,0.0,0.0,0.0,1.0,0.0,0.0,0.0
GRID_CBE_03181,Cropland,0.0,0.0,0.0,1.0,0.0,0.0,0.0
GRID_CBE_03182,Cropland,0.0,0.0,0.0,1.0,0.0,0.0,0.0
GRID_CBE_03183,Cropland,0.0,0.0,0.0,1.0,0.0,0.0,0.0
GRID_CBE_03184,Cropland,0.0,0.0,0.0,1.0,0.0,0.0,0.0
GRID_CBE_03185,Cropland,0.0,0.0,0.0,1.0,0.0,0.0,0.0
GRID_CBE_03186,Cropland,0.0,0.0,0.0,1.0,0.0,0.0,0.0
GRID_CBE_03187,Cropland,0.0,0.0,0.0,1.0,0.0,0.0,0.0
GRID_CBE_03188,Cropland,0.0,0.0,0.0,1.0,0.0,0.0,0.0
GRID_CBE_03189,Cropland,0.0,0.0,0.0,1.0,0.0,0.0,0.0
GRID_CBE_03190,Cropland,0.0,0.0,0.0,1.0,0.0,0.0,0.0
GRID_CBE_03191,Cropland,0.0,0.0,0.0,1.0,0.0,0.0,0.0
GRID_CBE_03192,Cropland,0.0,0.0,0.0,1.0,0.0,0.0,0.0
GRID_CBE_03193,Cropland,0.0,0.0,0.0,1.0,0.0,0.0,0.0
GRID_CBE_03194,Cropland,0.0,0.0,0.0,1.0,0.0,0.0,0.0
GRID_CBE_03195,Cropland,0.0,0.0,0.0,1.0,0.0,0.0,0.0
GRID_CBE_03196,Cropland,0.0,0.0,0.0,1.0,0.0,0.0,0.0
GRID_CBE_03197,Cropland,0.0,0.0,0.0,1.0,0.0,0.0,0.0
GRID_CBE_03198,Cropland,0.0,0.0,0.0,1.0,0.0,0.0,0.0
GRID_CBE_03199,Tree cover,1.0,0.0,0.0,0.0,0.0,0.0,0.0
GRID_CBE_03200,Tree cover,1.0,0.0,0.0,0.0,0.0,0.0,0.0
GRID_CBE_03201,Tree cover,1.0,0.0,0.0,0.0,0.0,0.0,0.0
GRID_CBE_03202,Tree cover,1.0,0.0,0.0,0.0,0.0,0.0,0.0
GRID_CBE_03203,Tree cover,1.0,0.0,0.0,0.0,0.0,0.0,0.0
GRID_CBE_03204,Tree cover,1.0,0.0,0.0,0.0,0.0,0.0,0.0
GRID_CBE_03205,Tree cover,1.0,0.0,0.0,0.0,0.0,0.0,0.0
GRID_CBE_03206,Tree cover,1.0,0.0,0.0,0.0,0.0,0.0,0.0
GRID_CBE_03207,Tree cover,1.0,0.0,0.0,0.0,0.0,0.0,0.0
GRID_CBE_03208,Tree cover,1.0,0.0,0.0,0.0,0.0,0.0,0.0
GRID_CBE_03209,Tree cover,1.0,0.0,0.0,0.0,0.0,0.0,0.0
GRID_CBE_03210,Tree cover,1.0,0.0,0.0,0.0,0.0,0.0,0.0
GRID_CBE_03211,Tree cover,1.0,0.0,0.0,0.0,0.0,0.0,0.0
GRID_CBE_03212,Tree cover,1.0,0.0,0.0,0.0,0.0,0.0,0.0
GRID_CBE_03213,Tree cover,1.0,0.0,0.0,0.0,0.0,0.0,0.0
GRID_CBE_03214,Tree cover,1.0,0.0,0.0,0.0,0.0,0.0,0.0
GRID_CBE_03215,Tree cover,1.0,0.0,0.0,0.0,0.0,0.0,0.0
GRID_CBE_03216,Tree cover,1.0,0.0,0.0,0.0,0.0,0.0,0.0
GRID_CBE_03217,Tree cover,1.0,0.0,0.0,0.0,0.0,0.0,0.0
GRID_CBE_03218,Tree cover,1.0,0.0,0.0,0.0,0.0,0.0,0.0
GRID_CBE_03219,Tree cover,1.0,0.0,0.0,0.0,0.0,0.0,0.0
GRID_CBE_03220,Tree cover,1.0,0.0,0.0,0.0,0.0,0.0,0.0
GRID_CBE_03221,Tree cover,0.7273,0.0,0.0,0.2727,0.0,0.0,0.0
GRID_CBE_03222,Cropland,0.3636,0.0,0.0,0.6364,0.0,0.0,0.0
GRID_CBE_03223,Cropland,0.0,0.0,0.0,1.0,0.0,0.0,0.0
GRID_CBE_03224,Cropland,0.0,0.0,0.0,1.0,0.0,0.0,0.0
GRID_CBE_03225,Cropland,0.0,0.0,0.0,1.0,0.0,0.0,0.0
GRID_CBE_03226,Cropland,0.0,0.0,0.0,1.0,0.0,0.0,0.0
GRID_CBE_03227,Cropland,0.0,0.0,0.0,1.0,0.0,0.0,0.0
GRID_CBE_03228,Cropland,0.0,0.0,0.0,1.0,0.0,0.0,0.0
GRID_CBE_03229,Cropland,0.0,0.0,0.0,1.0,0.0,0.0,0.0
GRID_CBE_03230,Cropland,0.0,0.0,0.0,1.0,0.0,0.0,0.0
GRID_CBE_03231,Cropland,0.0,0.0,0.0,1.0,0.0,0.0,0.0
GRID_CBE_03232,Cropland,0.0,0.0,0.0,1.0,0.0,0.0,0.0
GRID_CBE_03233,Cropland,0.0,0.0,0.0,1.0,0.0,0.0,0.0
GRID_CBE_03234,Cropland,0.0,0.0,0.0,1.0,0.0,0.0,0.0
GRID_CBE_03235,Cropland,0.0,0.0,0.0,1.0,0.0,0.0,0.0
GRID_CBE_03236,Cropland,0.0,0.0,0.0,1.0,0.0,0.0,0.0
GRID_CBE_03237,Cropland,0.0,0.0,0.0,1.0,0.0,0.0,0.0
GRID_CBE_03238,Cropland,0.0,0.0,0.0,1.0,0.0,0.0,0.0
GRID_CBE_03239,Cropland,0.0,0.0,0.0,1.0,0.0,0.0,0.0
GRID_CBE_03240,Cropland,0.0,0.0,0.0,1.0,0.0,0.0,0.0
GRID_CBE_03241,Cropland,0.0,0.0,0.0,1.0,0.0,0.0,0.0
GRID_CBE_03242,Cropland,0.0,0.0,0.0,1.0,0.0,0.0,0.0
GRID_CBE_03243,Cropland,0.0,0.0,0.0,1.0,0.0,0.0,0.0
GRID_CBE_03244,Cropland,0.0,0.0,0.0,1.0,0.0,0.0,0.0
GRID_CBE_03245,Cropland,0.0,0.0,0.0,1.0,0.0,0.0,0.0
GRID_CBE_03246,Cropland,0.0,0.0,0.0,1.0,0.0,0.0,0.0
GRID_CBE_03247,Cropland,0.0,0.0,0.0,1.0,0.0,0.0,0.0
GRID_CBE_03248,Cropland,0.0,0.0,0.0,1.0,0.0,0.0,0.0
GRID_CBE_03249,Cropland,0.0,0.0,0.0,1.0,0.0,0.0,0.0
GRID_CBE_03250,Cropland,0.0,0.0,0.0,1.0,0.0,0.0,0.0
GRID_CBE_03251,Cropland,0.0,0.0,0.0,1.0,0.0,0.0,0.0
GRID_CBE_03252,Cropland,0.0,0.0,0.0,1.0,0.0,0.0,0.0
GRID_CBE_03253,Cropland,0.0,0.0,0.0,1.0,0.0,0.0,0.0
GRID_CBE_03254,Cropland,0.0,0.0,0.0,1.0,0.0,0.0,0.0
GRID_CBE_03255,Cropland,0.0,0.0,0.0,1.0,0.0,0.0,0.0
GRID_CBE_03256,Cropland,0.0,0.0,0.0,1.0,0.0,0.0,0.0
GRID_CBE_03257,Cropland,0.0,0.0,0.0,1.0,0.0,0.0,0.0
GRID_CBE_03258,Cropland,0.0,0.0,0.0,1.0,0.0,0.0,0.0
GRID_CBE_03259,Cropland,0.0,0.0,0.0,1.0,0.0,0.0,0.0
GRID_CBE_03260,Cropland,0.0,0.0,0.0,1.0,0.0,0.0,0.0
GRID_CBE_03261,Cropland,0.0,0.0,0.0,1.0,0.0,0.0,0.0
GRID_CBE_03262,Cropland,0.0,0.0,0.0,1.0,0.0,0.0,0.0
GRID_CBE_03263,Cropland,0.0,0.0,0.0,1.0,0.0,0.0,0.0
GRID_CBE_03264,Cropland,0.0,0.0,0.0,1.0,0.0,0.0,0.0
GRID_CBE_03265,Cropland,0.0,0.0,0.0,1.0,0.0,0.0,0.0
GRID_CBE_03266,Cropland,0.0,0.0,0.0,1.0,0.0,0.0,0.0
GRID_CBE_03267,Cropland,0.0,0.0,0.0,1.0,0.0,0.0,0.0
GRID_CBE_03268,Cropland,0.0,0.0,0.0,1.0,0.0,0.0,0.0
GRID_CBE_03269,Cropland,0.0,0.0,0.0,1.0,0.0,0.0,0.0
GRID_CBE_03270,Cropland,0.0,0.0,0.0,1.0,0.0,0.0,0.0
GRID_CBE_03271,Cropland,0.0,0.0,0.0,1.0,0.0,0.0,0.0
GRID_CBE_03272,Cropland,0.0,0.0,0.0,1.0,0.0,0.0,0.0
GRID_CBE_03273,Cropland,0.0,0.0,0.0,1.0,0.0,0.0,0.0
GRID_CBE_03274,Cropland,0.0,0.0,0.0,1.0,0.0,0.0,0.0
GRID_CBE_03275,Cropland,0.0,0.0,0.0,1.0,0.0,0.0,0.0
GRID_CBE_03276,Cropland,0.0,0.0,0.0,1.0,0.0,0.0,0.0
GRID_CBE_03277,Tree cover,1.0,0.0,0.0,0.0,0.0,0.0,0.0
GRID_CBE_03278,Tree cover,1.0,0.0,0.0,0.0,0.0,0.0,0.0
GRID_CBE_03279,Tree cover,1.0,0.0,0.0,0.0,0.0,0.0,0.0
GRID_CBE_03280,Tree cover,1.0,0.0,0.0,0.0,0.0,0.0,0.0
GRID_CBE_03281,Tree cover,1.0,0.0,0.0,0.0,0.0,0.0,0.0
GRID_CBE_03282,Tree cover,1.0,0.0,0.0,0.0,0.0,0.0,0.0
GRID_CBE_03283,Tree cover,1.0,0.0,0.0,0.0,0.0,0.0,0.0
GRID_CBE_03284,Tree cover,1.0,0.0,0.0,0.0,0.0,0.0,0.0
GRID_CBE_03285,Tree cover,1.0,0.0,0.0,0.0,0.0,0.0,0.0
GRID_CBE_03286,Tree cover,1.0,0.0,0.0,0.0,0.0,0.0,0.0
GRID_CBE_03287,Tree cover,1.0,0.0,0.0,0.0,0.0,0.0,0.0
GRID_CBE_03288,Tree cover,1.0,0.0,0.0,0.0,0.0,0.0,0.0
GRID_CBE_03289,Tree cover,1.0,0.0,0.0,0.0,0.0,0.0,0.0
GRID_CBE_03290,Tree cover,1.0,0.0,0.0,0.0,0.0,0.0,0.0
GRID_CBE_03291,Tree cover,1.0,0.0,0.0,0.0,0.0,0.0,0.0
GRID_CBE_03292,Tree cover,1.0,0.0,0.0,0.0,0.0,0.0,0.0
GRID_CBE_03293,Tree cover,1.0,0.0,0.0,0.0,0.0,0.0,0.0
GRID_CBE_03294,Tree cover,1.0,0.0,0.0,0.0,0.0,0.0,0.0
GRID_CBE_03295,Tree cover,1.0,0.0,0.0,0.0,0.0,0.0,0.0
GRID_CBE_03296,Tree cover,1.0,0.0,0.0,0.0,0.0,0.0,0.0
GRID_CBE_03297,Tree cover,1.0,0.0,0.0,0.0,0.0,0.0,0.0
GRID_CBE_03298,Tree cover,1.0,0.0,0.0,0.0,0.0,0.0,0.0
GRID_CBE_03299,Tree cover,0.7273,0.0,0.0,0.2727,0.0,0.0,0.0
GRID_CBE_03300,Cropland,0.3636,0.0,0.0,0.6364,0.0,0.0,0.0
GRID_CBE_03301,Cropland,0.0,0.0,0.0,1.0,0.0,0.0,0.0
GRID_CBE_03302,Cropland,0.0,0.0,0.0,1.0,0.0,0.0,0.0
GRID_CBE_03303,Cropland,0.0,0.0,0.0,1.0,0.0,0.0,0.0
GRID_CBE_03304,Cropland,0.0,0.0,0.0,1.0,0.0,0.0,0.0
GRID_CBE_03305,Cropland,0.0,0.0,0.0,1.0,0.0,0.0,0.0
GRID_CBE_03306,Cropland,0.0,0.0,0.0,1.0,0.0,0.0,0.0
GRID_CBE_03307,Cropland,0.0,0.0,0.0,1.0,0.0,0.0,0.0
GRID_CBE_03308,Cropland,0.0,0.0,0.0,1.0,0.0,0.0,0.0
GRID_CBE_03309,Cropland,0.0,0.0,0.0,1.0,0.0,0.0,0.0
GRID_CBE_03310,Cropland,0.0,0.0,0.0,1.0,0.0,0.0,0.0
GRID_CBE_03311,Cropland,0.0,0.0,0.0,1.0,0.0,0.0,0.0
GRID_CBE_03312,Cropland,0.0,0.0,0.0,1.0,0.0,0.0,0.0
GRID_CBE_03313,Cropland,0.0,0.0,0.0,1.0,0.0,0.0,0.0
GRID_CBE_03314,Cropland,0.0,0.0,0.0,1.0,0.0,0.0,0.0
GRID_CBE_03315,Cropland,0.0,0.0,0.0,1.0,0.0,0.0,0.0
GRID_CBE_03316,Cropland,0.0,0.0,0.0,1.0,0.0,0.0,0.0
GRID_CBE_03317,Cropland,0.0,0.0,0.0,1.0,0.0,0.0,0.0
GRID_CBE_03318,Cropland,0.0,0.0,0.0,1.0,0.0,0.0,0.0
GRID_CBE_03319,Cropland,0.0,0.0,0.0,1.0,0.0,0.0,0.0
GRID_CBE_03320,Cropland,0.0,0.0,0.0,1.0,0.0,0.0,0.0
GRID_CBE_03321,Cropland,0.0,0.0,0.0,1.0,0.0,0.0,0.0
GRID_CBE_03322,Cropland,0.0,0.0,0.0,1.0,0.0,0.0,0.0
GRID_CBE_03323,Cropland,0.0,0.0,0.0,1.0,0.0,0.0,0.0
GRID_CBE_03324,Cropland,0.0,0.0,0.0,1.0,0.0,0.0,0.0
GRID_CBE_03325,Cropland,0.0,0.0,0.0,1.0,0.0,0.0,0.0
GRID_CBE_03326,Cropland,0.0,0.0,0.0,1.0,0.0,0.0,0.0
GRID_CBE_03327,Cropland,0.0,0.0,0.0,1.0,0.0,0.0,0.0
GRID_CBE_03328,Cropland,0.0,0.0,0.0,1.0,0.0,0.0,0.0
GRID_CBE_03329,Cropland,0.0,0.0,0.0,1.0,0.0,0.0,0.0
GRID_CBE_03330,Cropland,0.0,0.0,0.0,1.0,0.0,0.0,0.0
GRID_CBE_03331,Cropland,0.0,0.0,0.0,1.0,0.0,0.0,0.0
GRID_CBE_03332,Cropland,0.0,0.0,0.0,1.0,0.0,0.0,0.0
GRID_CBE_03333,Cropland,0.0,0.0,0.0,1.0,0.0,0.0,0.0
GRID_CBE_03334,Cropland,0.0,0.0,0.0,1.0,0.0,0.0,0.0
GRID_CBE_03335,Cropland,0.0,0.0,0.0,1.0,0.0,0.0,0.0
GRID_CBE_03336,Cropland,0.0,0.0,0.0,1.0,0.0,0.0,0.0
GRID_CBE_03337,Cropland,0.0,0.0,0.0,1.0,0.0,0.0,0.0
GRID_CBE_03338,Cropland,0.0,0.0,0.0,1.0,0.0,0.0,0.0
GRID_CBE_03339,Cropland,0.0,0.0,0.0,1.0,0.0,0.0,0.0
GRID_CBE_03340,Cropland,0.0,0.0,0.0,1.0,0.0,0.0,0.0
GRID_CBE_03341,Cropland,0.0,0.0,0.0,1.0,0.0,0.0,0.0
GRID_CBE_03342,Cropland,0.0,0.0,0.0,1.0,0.0,0.0,0.0
GRID_CBE_03343,Cropland,0.0,0.0,0.0,1.0,0.0,0.0,0.0
GRID_CBE_03344,Cropland,0.0,0.0,0.0,1.0,0.0,0.0,0.0
GRID_CBE_03345,Cropland,0.0,0.0,0.0,1.0,0.0,0.0,0.0
GRID_CBE_03346,Cropland,0.0,0.0,0.0,1.0,0.0,0.0,0.0
GRID_CBE_03347,Cropland,0.0,0.0,0.0,1.0,0.0,0.0,0.0
GRID_CBE_03348,Cropland,0.0,0.0,0.0,1.0,0.0,0.0,0.0
GRID_CBE_03349,Cropland,0.0,0.0,0.0,1.0,0.0,0.0,0.0
GRID_CBE_03350,Cropland,0.0,0.0,0.0,1.0,0.0,0.0,0.0
GRID_CBE_03351,Cropland,0.0,0.0,0.0,1.0,0.0,0.0,0.0
GRID_CBE_03352,Cropland,0.0,0.0,0.0,1.0,0.0,0.0,0.0
GRID_CBE_03353,Cropland,0.0,0.0,0.0,1.0,0.0,0.0,0.0
GRID_CBE_03354,Cropland,0.0,0.0,0.0,1.0,0.0,0.0,0.0
GRID_CBE_03355,Tree cover,1.0,0.0,0.0,0.0,0.0,0.0,0.0
GRID_CBE_03356,Tree cover,1.0,0.0,0.0,0.0,0.0,0.0,0.0
GRID_CBE_03357,Tree cover,1.0,0.0,0.0,0.0,0.0,0.0,0.0
GRID_CBE_03358,Tree cover,1.0,0.0,0.0,0.0,0.0,0.0,0.0
GRID_CBE_03359,Tree cover,1.0,0.0,0.0,0.0,0.0,0.0,0.0
GRID_CBE_03360,Tree cover,1.0,0.0,0.0,0.0,0.0,0.0,0.0
GRID_CBE_03361,Tree cover,1.0,0.0,0.0,0.0,0.0,0.0,0.0
GRID_CBE_03362,Tree cover,1.0,0.0,0.0,0.0,0.0,0.0,0.0
GRID_CBE_03363,Tree cover,1.0,0.0,0.0,0.0,0.0,0.0,0.0
GRID_CBE_03364,Tree cover,1.0,0.0,0.0,0.0,0.0,0.0,0.0
GRID_CBE_03365,Tree cover,1.0,0.0,0.0,0.0,0.0,0.0,0.0
GRID_CBE_03366,Tree cover,1.0,0.0,0.0,0.0,0.0,0.0,0.0
GRID_CBE_03367,Tree cover,1.0,0.0,0.0,0.0,0.0,0.0,0.0
GRID_CBE_03368,Tree cover,1.0,0.0,0.0,0.0,0.0,0.0,0.0
GRID_CBE_03369,Tree cover,1.0,0.0,0.0,0.0,0.0,0.0,0.0
GRID_CBE_03370,Tree cover,1.0,0.0,0.0,0.0,0.0,0.0,0.0
GRID_CBE_03371,Tree cover,1.0,0.0,0.0,0.0,0.0,0.0,0.0
GRID_CBE_03372,Tree cover,1.0,0.0,0.0,0.0,0.0,0.0,0.0
GRID_CBE_03373,Tree cover,1.0,0.0,0.0,0.0,0.0,0.0,0.0
GRID_CBE_03374,Tree cover,1.0,0.0,0.0,0.0,0.0,0.0,0.0
GRID_CBE_03375,Tree cover,1.0,0.0,0.0,0.0,0.0,0.0,0.0
GRID_CBE_03376,Tree cover,1.0,0.0,0.0,0.0,0.0,0.0,0.0
GRID_CBE_03377,Tree cover,0.7273,0.0,0.0,0.2727,0.0,0.0,0.0
GRID_CBE_03378,Cropland,0.3636,0.0,0.0,0.6364,0.0,0.0,0.0
GRID_CBE_03379,Cropland,0.0,0.0,0.0,1.0,0.0,0.0,0.0
GRID_CBE_03380,Cropland,0.0,0.0,0.0,1.0,0.0,0.0,0.0
GRID_CBE_03381,Cropland,0.0,0.0,0.0,1.0,0.0,0.0,0.0
GRID_CBE_03382,Cropland,0.0,0.0,0.0,1.0,0.0,0.0,0.0
GRID_CBE_03383,Cropland,0.0,0.0,0.0,1.0,0.0,0.0,0.0
GRID_CBE_03384,Cropland,0.0,0.0,0.0,1.0,0.0,0.0,0.0
GRID_CBE_03385,Cropland,0.0,0.0,0.0,1.0,0.0,0.0,0.0
GRID_CBE_03386,Cropland,0.0,0.0,0.0,1.0,0.0,0.0,0.0
GRID_CBE_03387,Cropland,0.0,0.0,0.0,1.0,0.0,0.0,0.0
GRID_CBE_03388,Cropland,0.0,0.0,0.0,1.0,0.0,0.0,0.0
GRID_CBE_03389,Cropland,0.0,0.0,0.0,1.0,0.0,0.0,0.0
GRID_CBE_03390,Cropland,0.0,0.0,0.0,1.0,0.0,0.0,0.0
GRID_CBE_03391,Cropland,0.0,0.0,0.0,1.0,0.0,0.0,0.0
GRID_CBE_03392,Cropland,0.0,0.0,0.0,1.0,0.0,0.0,0.0
GRID_CBE_03393,Cropland,0.0,0.0,0.0,1.0,0.0,0.0,0.0
GRID_CBE_03394,Cropland,0.0,0.0,0.0,1.0,0.0,0.0,0.0
GRID_CBE_03395,Cropland,0.0,0.0,0.0,1.0,0.0,0.0,0.0
GRID_CBE_03396,Cropland,0.0,0.0,0.0,1.0,0.0,0.0,0.0
GRID_CBE_03397,Cropland,0.0,0.0,0.0,1.0,0.0,0.0,0.0
GRID_CBE_03398,Cropland,0.0,0.0,0.0,1.0,0.0,0.0,0.0
GRID_CBE_03399,Cropland,0.0,0.0,0.0,1.0,0.0,0.0,0.0
GRID_CBE_03400,Cropland,0.0,0.0,0.0,1.0,0.0,0.0,0.0
GRID_CBE_03401,Cropland,0.0,0.0,0.0,1.0,0.0,0.0,0.0
GRID_CBE_03402,Cropland,0.0,0.0,0.0,1.0,0.0,0.0,0.0
GRID_CBE_03403,Cropland,0.0,0.0,0.0,1.0,0.0,0.0,0.0
GRID_CBE_03404,Cropland,0.0,0.0,0.0,1.0,0.0,0.0,0.0
GRID_CBE_03405,Cropland,0.0,0.0,0.0,1.0,0.0,0.0,0.0
GRID_CBE_03406,Cropland,0.0,0.0,0.0,1.0,0.0,0.0,0.0
GRID_CBE_03407,Cropland,0.0,0.0,0.0,1.0,0.0,0.0,0.0
GRID_CBE_03408,Cropland,0.0,0.0,0.0,1.0,0.0,0.0,0.0
GRID_CBE_03409,Cropland,0.0,0.0,0.0,1.0,0.0,0.0,0.0
GRID_CBE_03410,Cropland,0.0,0.0,0.0,1.0,0.0,0.0,0.0
GRID_CBE_03411,Cropland,0.0,0.0,0.0,1.0,0.0,0.0,0.0
GRID_CBE_03412,Cropland,0.0,0.0,0.0,1.0,0.0,0.0,0.0
GRID_CBE_03413,Cropland,0.0,0.0,0.0,1.0,0.0,0.0,0.0
GRID_CBE_03414,Cropland,0.0,0.0,0.0,1.0,0.0,0.0,0.0
GRID_CBE_03415,Cropland,0.0,0.0,0.0,1.0,0.0,0.0,0.0
GRID_CBE_03416,Cropland,0.0,0.0,0.0,1.0,0.0,0.0,0.0
GRID_CBE_03417,Cropland,0.0,0.0,0.0,1.0,0.0,0.0,0.0
GRID_CBE_03418,Cropland,0.0,0.0,0.0,1.0,0.0,0.0,0.0
GRID_CBE_03419,Cropland,0.0,0.0,0.0,1.0,0.0,0.0,0.0
GRID_CBE_03420,Cropland,0.0,0.0,0.0,1.0,0.0,0.0,0.0
GRID_CBE_03421,Cropland,0.0,0.0,0.0,1.0,0.0,0.0,0.0
GRID_CBE_03422,Cropland,0.0,0.0,0.0,1.0,0.0,0.0,0.0
GRID_CBE_03423,Cropland,0.0,0.0,0.0,1.0,0.0,0.0,0.0
GRID_CBE_03424,Cropland,0.0,0.0,0.0,1.0,0.0,0.0,0.0
GRID_CBE_03425,Cropland,0.0,0.0,0.0,1.0,0.0,0.0,0.0
GRID_CBE_03426,Cropland,0.0,0.0,0.0,1.0,0.0,0.0,0.0
GRID_CBE_03427,Cropland,0.0,0.0,0.0,1.0,0.0,0.0,0.0
GRID_CBE_03428,Cropland,0.0,0.0,0.0,1.0,0.0,0.0,0.0
GRID_CBE_03429,Cropland,0.0,0.0,0.0,1.0,0.0,0.0,0.0
GRID_CBE_03430,Cropland,0.0,0.0,0.0,1.0,0.0,0.0,0.0
GRID_CBE_03431,Cropland,0.0,0.0,0.0,1.0,0.0,0.0,0.0
GRID_CBE_03432,Cropland,0.0,0.0,0.0,1.0,0.0,0.0,0.0
GRID_CBE_03433,Tree cover,1.0,0.0,0.0,0.0,0.0,0.0,0.0
GRID_CBE_03434,Tree cover,1.0,0.0,0.0,0.0,0.0,0.0,0.0
GRID_CBE_03435,Tree cover,1.0,0.0,0.0,0.0,0.0,0.0,0.0
GRID_CBE_03436,Tree cover,1.0,0.0,0.0,0.0,0.0,0.0,0.0
GRID_CBE_03437,Tree cover,1.0,0.0,0.0,0.0,0.0,0.0,0.0
GRID_CBE_03438,Tree cover,1.0,0.0,0.0,0.0,0.0,0.0,0.0
GRID_CBE_03439,Tree cover,1.0,0.0,0.0,0.0,0.0,0.0,0.0
GRID_CBE_03440,Tree cover,1.0,0.0,0.0,0.0,0.0,0.0,0.0
GRID_CBE_03441,Tree cover,1.0,0.0,0.0,0.0,0.0,0.0,0.0
GRID_CBE_03442,Tree cover,1.0,0.0,0.0,0.0,0.0,0.0,0.0
GRID_CBE_03443,Tree cover,1.0,0.0,0.0,0.0,0.0,0.0,0.0
GRID_CBE_03444,Tree cover,1.0,0.0,0.0,0.0,0.0,0.0,0.0
GRID_CBE_03445,Tree cover,1.0,0.0,0.0,0.0,0.0,0.0,0.0
GRID_CBE_03446,Tree cover,1.0,0.0,0.0,0.0,0.0,0.0,0.0
GRID_CBE_03447,Tree cover,1.0,0.0,0.0,0.0,0.0,0.0,0.0
GRID_CBE_03448,Tree cover,1.0,0.0,0.0,0.0,0.0,0.0,0.0
GRID_CBE_03449,Tree cover,1.0,0.0,0.0,0.0,0.0,0.0,0.0
GRID_CBE_03450,Tree cover,1.0,0.0,0.0,0.0,0.0,0.0,0.0
GRID_CBE_03451,Tree cover,1.0,0.0,0.0,0.0,0.0,0.0,0.0
GRID_CBE_03452,Tree cover,1.0,0.0,0.0,0.0,0.0,0.0,0.0
GRID_CBE_03453,Tree cover,1.0,0.0,0.0,0.0,0.0,0.0,0.0
GRID_CBE_03454,Tree cover,1.0,0.0,0.0,0.0,0.0,0.0,0.0
GRID_CBE_03455,Tree cover,0.6364,0.0,0.0,0.3636,0.0,0.0,0.0
GRID_CBE_03456,Cropland,0.3636,0.0,0.0,0.6364,0.0,0.0,0.0
GRID_CBE_03457,Cropland,0.0,0.0,0.0,1.0,0.0,0.0,0.0
GRID_CBE_03458,Cropland,0.0,0.0,0.0,1.0,0.0,0.0,0.0
GRID_CBE_03459,Cropland,0.0,0.0,0.0,1.0,0.0,0.0,0.0
GRID_CBE_03460,Cropland,0.0,0.0,0.0,1.0,0.0,0.0,0.0
GRID_CBE_03461,Cropland,0.0,0.0,0.0,1.0,0.0,0.0,0.0
GRID_CBE_03462,Cropland,0.0,0.0,0.0,1.0,0.0,0.0,0.0
GRID_CBE_03463,Cropland,0.0,0.0,0.0,1.0,0.0,0.0,0.0
GRID_CBE_03464,Cropland,0.0,0.0,0.0,1.0,0.0,0.0,0.0
GRID_CBE_03465,Cropland,0.0,0.0,0.0,1.0,0.0,0.0,0.0
GRID_CBE_03466,Cropland,0.0,0.0,0.0,1.0,0.0,0.0,0.0
GRID_CBE_03467,Cropland,0.0,0.0,0.0,1.0,0.0,0.0,0.0
GRID_CBE_03468,Cropland,0.0,0.0,0.0,1.0,0.0,0.0,0.0
GRID_CBE_03469,Cropland,0.0,0.0,0.0,1.0,0.0,0.0,0.0
GRID_CBE_03470,Cropland,0.0,0.0,0.0,1.0,0.0,0.0,0.0
GRID_CBE_03471,Cropland,0.0,0.0,0.0,1.0,0.0,0.0,0.0
GRID_CBE_03472,Cropland,0.0,0.0,0.0,1.0,0.0,0.0,0.0
GRID_CBE_03473,Cropland,0.0,0.0,0.0,1.0,0.0,0.0,0.0
GRID_CBE_03474,Cropland,0.0,0.0,0.0,1.0,0.0,0.0,0.0
GRID_CBE_03475,Cropland,0.0,0.0,0.0,1.0,0.0,0.0,0.0
GRID_CBE_03476,Cropland,0.0,0.0,0.0,1.0,0.0,0.0,0.0
GRID_CBE_03477,Cropland,0.0,0.0,0.0,1.0,0.0,0.0,0.0
GRID_CBE_03478,Cropland,0.0,0.0,0.0,1.0,0.0,0.0,0.0
GRID_CBE_03479,Cropland,0.0,0.0,0.0,1.0,0.0,0.0,0.0
GRID_CBE_03480,Cropland,0.0,0.0,0.0,1.0,0.0,0.0,0.0
GRID_CBE_03481,Cropland,0.0,0.0,0.0,1.0,0.0,0.0,0.0
GRID_CBE_03482,Cropland,0.0,0.0,0.0,1.0,0.0,0.0,0.0
GRID_CBE_03483,Cropland,0.0,0.0,0.0,1.0,0.0,0.0,0.0
GRID_CBE_03484,Cropland,0.0,0.0,0.0,1.0,0.0,0.0,0.0
GRID_CBE_03485,Cropland,0.0,0.0,0.0,1.0,0.0,0.0,0.0
GRID_CBE_03486,Cropland,0.0,0.0,0.0,1.0,0.0,0.0,0.0
GRID_CBE_03487,Cropland,0.0,0.0,0.0,1.0,0.0,0.0,0.0
GRID_CBE_03488,Cropland,0.0,0.0,0.0,1.0,0.0,0.0,0.0
GRID_CBE_03489,Cropland,0.0,0.0,0.0,1.0,0.0,0.0,0.0
GRID_CBE_03490,Cropland,0.0,0.0,0.0,1.0,0.0,0.0,0.0
GRID_CBE_03491,Cropland,0.0,0.0,0.0,1.0,0.0,0.0,0.0
GRID_CBE_03492,Cropland,0.0,0.0,0.0,1.0,0.0,0.0,0.0
GRID_CBE_03493,Cropland,0.0,0.0,0.0,1.0,0.0,0.0,0.0
GRID_CBE_03494,Cropland,0.0,0.0,0.0,1.0,0.0,0.0,0.0
GRID_CBE_03495,Cropland,0.0,0.0,0.0,1.0,0.0,0.0,0.0
GRID_CBE_03496,Cropland,0.0,0.0,0.0,1.0,0.0,0.0,0.0
GRID_CBE_03497,Cropland,0.0,0.0,0.0,1.0,0.0,0.0,0.0
GRID_CBE_03498,Cropland,0.0,0.0,0.0,1.0,0.0,0.0,0.0
GRID_CBE_03499,Cropland,0.0,0.0,0.0,1.0,0.0,0.0,0.0
GRID_CBE_03500,Cropland,0.0,0.0,0.0,1.0,0.0,0.0,0.0
GRID_CBE_03501,Cropland,0.0,0.0,0.0,1.0,0.0,0.0,0.0
GRID_CBE_03502,Cropland,0.0,0.0,0.0,1.0,0.0,0.0,0.0
GRID_CBE_03503,Cropland,0.0,0.0,0.0,1.0,0.0,0.0,0.0
GRID_CBE_03504,Cropland,0.0,0.0,0.0,1.0,0.0,0.0,0.0
GRID_CBE_03505,Cropland,0.0,0.0,0.0,1.0,0.0,0.0,0.0
GRID_CBE_03506,Cropland,0.0,0.0,0.0,1.0,0.0,0.0,0.0
GRID_CBE_03507,Cropland,0.0,0.0,0.0,1.0,0.0,0.0,0.0
GRID_CBE_03508,Cropland,0.0,0.0,0.0,1.0,0.0,0.0,0.0
GRID_CBE_03509,Cropland,0.0,0.0,0.0,1.0,0.0,0.0,0.0
GRID_CBE_03510,Cropland,0.0,0.0,0.0,1.0,0.0,0.0,0.0
GRID_CBE_03511,Tree cover,1.0,0.0,0.0,0.0,0.0,0.0,0.0
GRID_CBE_03512,Tree cover,1.0,0.0,0.0,0.0,0.0,0.0,0.0
GRID_CBE_03513,Tree cover,1.0,0.0,0.0,0.0,0.0,0.0,0.0
GRID_CBE_03514,Tree cover,1.0,0.0,0.0,0.0,0.0,0.0,0.0
GRID_CBE_03515,Tree cover,1.0,0.0,0.0,0.0,0.0,0.0,0.0
GRID_CBE_03516,Tree cover,1.0,0.0,0.0,0.0,0.0,0.0,0.0
GRID_CBE_03517,Tree cover,1.0,0.0,0.0,0.0,0.0,0.0,0.0
GRID_CBE_03518,Tree cover,1.0,0.0,0.0,0.0,0.0,0.0,0.0
GRID_CBE_03519,Tree cover,1.0,0.0,0.0,0.0,0.0,0.0,0.0
GRID_CBE_03520,Tree cover,1.0,0.0,0.0,0.0,0.0,0.0,0.0
GRID_CBE_03521,Tree cover,1.0,0.0,0.0,0.0,0.0,0.0,0.0
GRID_CBE_03522,Tree cover,1.0,0.0,0.0,0.0,0.0,0.0,0.0
GRID_CBE_03523,Tree cover,1.0,0.0,0.0,0.0,0.0,0.0,0.0
GRID_CBE_03524,Tree cover,1.0,0.0,0.0,0.0,0.0,0.0,0.0
GRID_CBE_03525,Tree cover,1.0,0.0,0.0,0.0,0.0,0.0,0.0
GRID_CBE_03526,Tree cover,1.0,0.0,0.0,0.0,0.0,0.0,0.0
GRID_CBE_03527,Tree cover,1.0,0.0,0.0,0.0,0.0,0.0,0.0
GRID_CBE_03528,Tree cover,1.0,0.0,0.0,0.0,0.0,0.0,0.0
GRID_CBE_03529,Tree cover,1.0,0.0,0.0,0.0,0.0,0.0,0.0
GRID_CBE_03530,Tree cover,1.0,0.0,0.0,0.0,0.0,0.0,0.0
GRID_CBE_03531,Tree cover,1.0,0.0,0.0,0.0,0.0,0.0,0.0
GRID_CBE_03532,Tree cover,1.0,0.0,0.0,0.0,0.0,0.0,0.0
GRID_CBE_03533,Tree cover,0.6364,0.0,0.0,0.3636,0.0,0.0,0.0
GRID_CBE_03534,Cropland,0.3636,0.0,0.0,0.6364,0.0,0.0,0.0
GRID_CBE_03535,Cropland,0.0,0.0,0.0,1.0,0.0,0.0,0.0
GRID_CBE_03536,Cropland,0.0,0.0,0.0,1.0,0.0,0.0,0.0
GRID_CBE_03537,Cropland,0.0,0.0,0.0,1.0,0.0,0.0,0.0
GRID_CBE_03538,Cropland,0.0,0.0,0.0,1.0,0.0,0.0,0.0
GRID_CBE_03539,Cropland,0.0,0.0,0.0,1.0,0.0,0.0,0.0
GRID_CBE_03540,Cropland,0.0,0.0,0.0,1.0,0.0,0.0,0.0
GRID_CBE_03541,Cropland,0.0,0.0,0.0,1.0,0.0,0.0,0.0
GRID_CBE_03542,Cropland,0.0,0.0,0.0,1.0,0.0,0.0,0.0
GRID_CBE_03543,Cropland,0.0,0.0,0.0,1.0,0.0,0.0,0.0
GRID_CBE_03544,Cropland,0.0,0.0,0.0,1.0,0.0,0.0,0.0
GRID_CBE_03545,Cropland,0.0,0.0,0.0,1.0,0.0,0.0,0.0
GRID_CBE_03546,Cropland,0.0,0.0,0.0,1.0,0.0,0.0,0.0
GRID_CBE_03547,Cropland,0.0,0.0,0.0,1.0,0.0,0.0,0.0
GRID_CBE_03548,Cropland,0.0,0.0,0.0,1.0,0.0,0.0,0.0
GRID_CBE_03549,Cropland,0.0,0.0,0.0,1.0,0.0,0.0,0.0
GRID_CBE_03550,Cropland,0.0,0.0,0.0,1.0,0.0,0.0,0.0
GRID_CBE_03551,Cropland,0.0,0.0,0.0,1.0,0.0,0.0,0.0
GRID_CBE_03552,Cropland,0.0,0.0,0.0,1.0,0.0,0.0,0.0
GRID_CBE_03553,Cropland,0.0,0.0,0.0,1.0,0.0,0.0,0.0
GRID_CBE_03554,Cropland,0.0,0.0,0.0,1.0,0.0,0.0,0.0
GRID_CBE_03555,Cropland,0.0,0.0,0.0,1.0,0.0,0.0,0.0
GRID_CBE_03556,Cropland,0.0,0.0,0.0,1.0,0.0,0.0,0.0
GRID_CBE_03557,Cropland,0.0,0.0,0.0,1.0,0.0,0.0,0.0
GRID_CBE_03558,Cropland,0.0,0.0,0.0,1.0,0.0,0.0,0.0
GRID_CBE_03559,Cropland,0.0,0.0,0.0,1.0,0.0,0.0,0.0
GRID_CBE_03560,Cropland,0.0,0.0,0.0,1.0,0.0,0.0,0.0
GRID_CBE_03561,Cropland,0.0,0.0,0.0,1.0,0.0,0.0,0.0
GRID_CBE_03562,Cropland,0.0,0.0,0.0,1.0,0.0,0.0,0.0
GRID_CBE_03563,Cropland,0.0,0.0,0.0,1.0,0.0,0.0,0.0
GRID_CBE_03564,Cropland,0.0,0.0,0.0,1.0,0.0,0.0,0.0
GRID_CBE_03565,Cropland,0.0,0.0,0.0,1.0,0.0,0.0,0.0
GRID_CBE_03566,Cropland,0.0,0.0,0.0,1.0,0.0,0.0,0.0
GRID_CBE_03567,Cropland,0.0,0.0,0.0,1.0,0.0,0.0,0.0
GRID_CBE_03568,Cropland,0.0,0.0,0.0,1.0,0.0,0.0,0.0
GRID_CBE_03569,Cropland,0.0,0.0,0.0,1.0,0.0,0.0,0.0
GRID_CBE_03570,Cropland,0.0,0.0,0.0,1.0,0.0,0.0,0.0
GRID_CBE_03571,Cropland,0.0,0.0,0.0,1.0,0.0,0.0,0.0
GRID_CBE_03572,Cropland,0.0,0.0,0.0,1.0,0.0,0.0,0.0
GRID_CBE_03573,Cropland,0.0,0.0,0.0,1.0,0.0,0.0,0.0
GRID_CBE_03574,Cropland,0.0,0.0,0.0,1.0,0.0,0.0,0.0
GRID_CBE_03575,Cropland,0.0,0.0,0.0,1.0,0.0,0.0,0.0
GRID_CBE_03576,Cropland,0.0,0.0,0.0,1.0,0.0,0.0,0.0
GRID_CBE_03577,Cropland,0.0,0.0,0.0,1.0,0.0,0.0,0.0
GRID_CBE_03578,Cropland,0.0,0.0,0.0,1.0,0.0,0.0,0.0
GRID_CBE_03579,Cropland,0.0,0.0,0.0,1.0,0.0,0.0,0.0
GRID_CBE_03580,Cropland,0.0,0.0,0.0,1.0,0.0,0.0,0.0
GRID_CBE_03581,Cropland,0.0,0.0,0.0,1.0,0.0,0.0,0.0
GRID_CBE_03582,Cropland,0.0,0.0,0.0,1.0,0.0,0.0,0.0
GRID_CBE_03583,Cropland,0.0,0.0,0.0,1.0,0.0,0.0,0.0
GRID_CBE_03584,Cropland,0.0,0.0,0.0,1.0,0.0,0.0,0.0
GRID_CBE_03585,Cropland,0.0,0.0,0.0,1.0,0.0,0.0,0.0
GRID_CBE_03586,Cropland,0.0,0.0,0.0,1.0,0.0,0.0,0.0
GRID_CBE_03587,Cropland,0.0,0.0,0.0,1.0,0.0,0.0,0.0
GRID_CBE_03588,Cropland,0.0,0.0,0.0,1.0,0.0,0.0,0.0
GRID_CBE_03589,Tree cover,1.0,0.0,0.0,0.0,0.0,0.0,0.0
GRID_CBE_03590,Tree cover,1.0,0.0,0.0,0.0,0.0,0.0,0.0
GRID_CBE_03591,Tree cover,1.0,0.0,0.0,0.0,0.0,0.0,0.0
GRID_CBE_03592,Tree cover,1.0,0.0,0.0,0.0,0.0,0.0,0.0
GRID_CBE_03593,Tree cover,1.0,0.0,0.0,0.0,0.0,0.0,0.0
GRID_CBE_03594,Tree cover,1.0,0.0,0.0,0.0,0.0,0.0,0.0
GRID_CBE_03595,Tree cover,1.0,0.0,0.0,0.0,0.0,0.0,0.0
GRID_CBE_03596,Tree cover,1.0,0.0,0.0,0.0,0.0,0.0,0.0
GRID_CBE_03597,Tree cover,1.0,0.0,0.0,0.0,0.0,0.0,0.0
GRID_CBE_03598,Tree cover,1.0,0.0,0.0,0.0,0.0,0.0,0.0
GRID_CBE_03599,Tree cover,1.0,0.0,0.0,0.0,0.0,0.0,0.0
GRID_CBE_03600,Tree cover,1.0,0.0,0.0,0.0,0.0,0.0,0.0
GRID_CBE_03601,Tree cover,1.0,0.0,0.0,0.0,0.0,0.0,0.0
GRID_CBE_03602,Tree cover,1.0,0.0,0.0,0.0,0.0,0.0,0.0
GRID_CBE_03603,Tree cover,1.0,0.0,0.0,0.0,0.0,0.0,0.0
GRID_CBE_03604,Tree cover,1.0,0.0,0.0,0.0,0.0,0.0,0.0
GRID_CBE_03605,Tree cover,1.0,0.0,0.0,0.0,0.0,0.0,0.0
GRID_CBE_03606,Tree cover,1.0,0.0,0.0,0.0,0.0,0.0,0.0
GRID_CBE_03607,Tree cover,1.0,0.0,0.0,0.0,0.0,0.0,0.0
GRID_CBE_03608,Tree cover,1.0,0.0,0.0,0.0,0.0,0.0,0.0
GRID_CBE_03609,Tree cover,1.0,0.0,0.0,0.0,0.0,0.0,0.0
GRID_CBE_03610,Tree cover,1.0,0.0,0.0,0.0,0.0,0.0,0.0
GRID_CBE_03611,Tree cover,0.6364,0.0,0.0,0.3636,0.0,0.0,0.0
GRID_CBE_03612,Cropland,0.3636,0.0,0.0,0.6364,0.0,0.0,0.0
GRID_CBE_03613,Cropland,0.0,0.0,0.0,1.0,0.0,0.0,0.0
GRID_CBE_03614,Cropland,0.0,0.0,0.0,1.0,0.0,0.0,0.0
GRID_CBE_03615,Cropland,0.0,0.0,0.0,1.0,0.0,0.0,0.0
GRID_CBE_03616,Cropland,0.0,0.0,0.0,1.0,0.0,0.0,0.0
GRID_CBE_03617,Cropland,0.0,0.0,0.0,1.0,0.0,0.0,0.0
GRID_CBE_03618,Cropland,0.0,0.0,0.0,1.0,0.0,0.0,0.0
GRID_CBE_03619,Cropland,0.0,0.0,0.0,1.0,0.0,0.0,0.0
GRID_CBE_03620,Cropland,0.0,0.0,0.0,1.0,0.0,0.0,0.0
GRID_CBE_03621,Cropland,0.0,0.0,0.0,1.0,0.0,0.0,0.0
GRID_CBE_03622,Cropland,0.0,0.0,0.0,1.0,0.0,0.0,0.0
GRID_CBE_03623,Cropland,0.0,0.0,0.0,1.0,0.0,0.0,0.0
GRID_CBE_03624,Cropland,0.0,0.0,0.0,1.0,0.0,0.0,0.0
GRID_CBE_03625,Cropland,0.0,0.0,0.0,1.0,0.0,0.0,0.0
GRID_CBE_03626,Cropland,0.0,0.0,0.0,1.0,0.0,0.0,0.0
GRID_CBE_03627,Cropland,0.0,0.0,0.0,1.0,0.0,0.0,0.0
GRID_CBE_03628,Cropland,0.0,0.0,0.0,1.0,0.0,0.0,0.0
GRID_CBE_03629,Cropland,0.0,0.0,0.0,1.0,0.0,0.0,0.0
GRID_CBE_03630,Cropland,0.0,0.0,0.0,1.0,0.0,0.0,0.0
GRID_CBE_03631,Cropland,0.0,0.0,0.0,1.0,0.0,0.0,0.0
GRID_CBE_03632,Cropland,0.0,0.0,0.0,1.0,0.0,0.0,0.0
GRID_CBE_03633,Cropland,0.0,0.0,0.0,1.0,0.0,0.0,0.0
GRID_CBE_03634,Cropland,0.0,0.0,0.0,1.0,0.0,0.0,0.0
GRID_CBE_03635,Cropland,0.0,0.0,0.0,1.0,0.0,0.0,0.0
GRID_CBE_03636,Cropland,0.0,0.0,0.0,1.0,0.0,0.0,0.0
GRID_CBE_03637,Cropland,0.0,0.0,0.0,1.0,0.0,0.0,0.0
GRID_CBE_03638,Cropland,0.0,0.0,0.0,1.0,0.0,0.0,0.0
GRID_CBE_03639,Cropland,0.0,0.0,0.0,1.0,0.0,0.0,0.0
GRID_CBE_03640,Cropland,0.0,0.0,0.0,1.0,0.0,0.0,0.0
GRID_CBE_03641,Cropland,0.0,0.0,0.0,1.0,0.0,0.0,0.0
GRID_CBE_03642,Cropland,0.0,0.0,0.0,1.0,0.0,0.0,0.0
GRID_CBE_03643,Cropland,0.0,0.0,0.0,1.0,0.0,0.0,0.0
GRID_CBE_03644,Cropland,0.0,0.0,0.0,1.0,0.0,0.0,0.0
GRID_CBE_03645,Cropland,0.0,0.0,0.0,1.0,0.0,0.0,0.0
GRID_CBE_03646,Cropland,0.0,0.0,0.0,1.0,0.0,0.0,0.0
GRID_CBE_03647,Cropland,0.0,0.0,0.0,1.0,0.0,0.0,0.0
GRID_CBE_03648,Cropland,0.0,0.0,0.0,1.0,0.0,0.0,0.0
GRID_CBE_03649,Cropland,0.0,0.0,0.0,1.0,0.0,0.0,0.0
GRID_CBE_03650,Cropland,0.0,0.0,0.0,1.0,0.0,0.0,0.0
GRID_CBE_03651,Cropland,0.0,0.0,0.0,1.0,0.0,0.0,0.0
GRID_CBE_03652,Cropland,0.0,0.0,0.0,1.0,0.0,0.0,0.0
GRID_CBE_03653,Cropland,0.0,0.0,0.0,1.0,0.0,0.0,0.0
GRID_CBE_03654,Cropland,0.0,0.0,0.0,1.0,0.0,0.0,0.0
GRID_CBE_03655,Cropland,0.0,0.0,0.0,1.0,0.0,0.0,0.0
GRID_CBE_03656,Cropland,0.0,0.0,0.0,1.0,0.0,0.0,0.0
GRID_CBE_03657,Cropland,0.0,0.0,0.0,1.0,0.0,0.0,0.0
GRID_CBE_03658,Cropland,0.0,0.0,0.0,1.0,0.0,0.0,0.0
GRID_CBE_03659,Cropland,0.0,0.0,0.0,1.0,0.0,0.0,0.0
GRID_CBE_03660,Cropland,0.0,0.0,0.0,1.0,0.0,0.0,0.0
GRID_CBE_03661,Cropland,0.0,0.0,0.0,1.0,0.0,0.0,0.0
GRID_CBE_03662,Cropland,0.0,0.0,0.0,1.0,0.0,0.0,0.0
GRID_CBE_03663,Cropland,0.0,0.0,0.0,1.0,0.0,0.0,0.0
GRID_CBE_03664,Cropland,0.0,0.0,0.0,1.0,0.0,0.0,0.0
GRID_CBE_03665,Cropland,0.0,0.0,0.0,1.0,0.0,0.0,0.0
GRID_CBE_03666,Cropland,0.0,0.0,0.0,1.0,0.0,0.0,0.0
GRID_CBE_03667,Tree cover,1.0,0.0,0.0,0.0,0.0,0.0,0.0
GRID_CBE_03668,Tree cover,1.0,0.0,0.0,0.0,0.0,0.0,0.0
GRID_CBE_03669,Tree cover,1.0,0.0,0.0,0.0,0.0,0.0,0.0
GRID_CBE_03670,Tree cover,1.0,0.0,0.0,0.0,0.0,0.0,0.0
GRID_CBE_03671,Tree cover,1.0,0.0,0.0,0.0,0.0,0.0,0.0
GRID_CBE_03672,Tree cover,1.0,0.0,0.0,0.0,0.0,0.0,0.0
GRID_CBE_03673,Tree cover,1.0,0.0,0.0,0.0,0.0,0.0,0.0
GRID_CBE_03674,Tree cover,1.0,0.0,0.0,0.0,0.0,0.0,0.0
GRID_CBE_03675,Tree cover,1.0,0.0,0.0,0.0,0.0,0.0,0.0
GRID_CBE_03676,Tree cover,1.0,0.0,0.0,0.0,0.0,0.0,0.0
GRID_CBE_03677,Tree cover,1.0,0.0,0.0,0.0,0.0,0.0,0.0
GRID_CBE_03678,Tree cover,1.0,0.0,0.0,0.0,0.0,0.0,0.0
GRID_CBE_03679,Tree cover,1.0,0.0,0.0,0.0,0.0,0.0,0.0
GRID_CBE_03680,Tree cover,1.0,0.0,0.0,0.0,0.0,0.0,0.0
GRID_CBE_03681,Tree cover,1.0,0.0,0.0,0.0,0.0,0.0,0.0
GRID_CBE_03682,Tree cover,1.0,0.0,0.0,0.0,0.0,0.0,0.0
GRID_CBE_03683,Tree cover,1.0,0.0,0.0,0.0,0.0,0.0,0.0
GRID_CBE_03684,Tree cover,1.0,0.0,0.0,0.0,0.0,0.0,0.0
GRID_CBE_03685,Tree cover,1.0,0.0,0.0,0.0,0.0,0.0,0.0
GRID_CBE_03686,Tree cover,1.0,0.0,0.0,0.0,0.0,0.0,0.0
GRID_CBE_03687,Tree cover,1.0,0.0,0.0,0.0,0.0,0.0,0.0
GRID_CBE_03688,Tree cover,1.0,0.0,0.0,0.0,0.0,0.0,0.0
GRID_CBE_03689,Tree cover,0.6364,0.0,0.0,0.3636,0.0,0.0,0.0
GRID_CBE_03690,Cropland,0.3636,0.0,0.0,0.6364,0.0,0.0,0.0
GRID_CBE_03691,Cropland,0.0,0.0,0.0,1.0,0.0,0.0,0.0
GRID_CBE_03692,Cropland,0.0,0.0,0.0,1.0,0.0,0.0,0.0
GRID_CBE_03693,Cropland,0.0,0.0,0.0,1.0,0.0,0.0,0.0
GRID_CBE_03694,Cropland,0.0,0.0,0.0,1.0,0.0,0.0,0.0
GRID_CBE_03695,Cropland,0.0,0.0,0.0,1.0,0.0,0.0,0.0
GRID_CBE_03696,Cropland,0.0,0.0,0.0,1.0,0.0,0.0,0.0
GRID_CBE_03697,Cropland,0.0,0.0,0.0,1.0,0.0,0.0,0.0
GRID_CBE_03698,Cropland,0.0,0.0,0.0,1.0,0.0,0.0,0.0
GRID_CBE_03699,Cropland,0.0,0.0,0.0,1.0,0.0,0.0,0.0
GRID_CBE_03700,Cropland,0.0,0.0,0.0,1.0,0.0,0.0,0.0
GRID_CBE_03701,Cropland,0.0,0.0,0.0,1.0,0.0,0.0,0.0
GRID_CBE_03702,Cropland,0.0,0.0,0.0,1.0,0.0,0.0,0.0
GRID_CBE_03703,Cropland,0.0,0.0,0.0,1.0,0.0,0.0,0.0
GRID_CBE_03704,Cropland,0.0,0.0,0.0,1.0,0.0,0.0,0.0
GRID_CBE_03705,Cropland,0.0,0.0,0.0,1.0,0.0,0.0,0.0
GRID_CBE_03706,Cropland,0.0,0.0,0.0,1.0,0.0,0.0,0.0
GRID_CBE_03707,Cropland,0.0,0.0,0.0,1.0,0.0,0.0,0.0
GRID_CBE_03708,Cropland,0.0,0.0,0.0,1.0,0.0,0.0,0.0
GRID_CBE_03709,Cropland,0.0,0.0,0.0,1.0,0.0,0.0,0.0
GRID_CBE_03710,Cropland,0.0,0.0,0.0,1.0,0.0,0.0,0.0
GRID_CBE_03711,Cropland,0.0,0.0,0.0,1.0,0.0,0.0,0.0
GRID_CBE_03712,Cropland,0.0,0.0,0.0,1.0,0.0,0.0,0.0
GRID_CBE_03713,Cropland,0.0,0.0,0.0,1.0,0.0,0.0,0.0
GRID_CBE_03714,Cropland,0.0,0.0,0.0,1.0,0.0,0.0,0.0
GRID_CBE_03715,Cropland,0.0,0.0,0.0,1.0,0.0,0.0,0.0
GRID_CBE_03716,Cropland,0.0,0.0,0.0,1.0,0.0,0.0,0.0
GRID_CBE_03717,Cropland,0.0,0.0,0.0,1.0,0.0,0.0,0.0
GRID_CBE_03718,Cropland,0.0,0.0,0.0,1.0,0.0,0.0,0.0
GRID_CBE_03719,Cropland,0.0,0.0,0.0,1.0,0.0,0.0,0.0
GRID_CBE_03720,Cropland,0.0,0.0,0.0,1.0,0.0,0.0,0.0
GRID_CBE_03721,Cropland,0.0,0.0,0.0,1.0,0.0,0.0,0.0
GRID_CBE_03722,Cropland,0.0,0.0,0.0,1.0,0.0,0.0,0.0
GRID_CBE_03723,Cropland,0.0,0.0,0.0,1.0,0.0,0.0,0.0
GRID_CBE_03724,Cropland,0.0,0.0,0.0,1.0,0.0,0.0,0.0
GRID_CBE_03725,Cropland,0.0,0.0,0.0,1.0,0.0,0.0,0.0
GRID_CBE_03726,Cropland,0.0,0.0,0.0,1.0,0.0,0.0,0.0
GRID_CBE_03727,Cropland,0.0,0.0,0.0,1.0,0.0,0.0,0.0
GRID_CBE_03728,Cropland,0.0,0.0,0.0,1.0,0.0,0.0,0.0
GRID_CBE_03729,Cropland,0.0,0.0,0.0,1.0,0.0,0.0,0.0
GRID_CBE_03730,Cropland,0.0,0.0,0.0,1.0,0.0,0.0,0.0
GRID_CBE_03731,Cropland,0.0,0.0,0.0,1.0,0.0,0.0,0.0
GRID_CBE_03732,Cropland,0.0,0.0,0.0,1.0,0.0,0.0,0.0
GRID_CBE_03733,Cropland,0.0,0.0,0.0,1.0,0.0,0.0,0.0
GRID_CBE_03734,Cropland,0.0,0.0,0.0,1.0,0.0,0.0,0.0
GRID_CBE_03735,Cropland,0.0,0.0,0.0,1.0,0.0,0.0,0.0
GRID_CBE_03736,Cropland,0.0,0.0,0.0,1.0,0.0,0.0,0.0
GRID_CBE_03737,Cropland,0.0,0.0,0.0,1.0,0.0,0.0,0.0
GRID_CBE_03738,Cropland,0.0,0.0,0.0,1.0,0.0,0.0,0.0
GRID_CBE_03739,Cropland,0.0,0.0,0.0,1.0,0.0,0.0,0.0
GRID_CBE_03740,Cropland,0.0,0.0,0.0,1.0,0.0,0.0,0.0
GRID_CBE_03741,Cropland,0.0,0.0,0.0,1.0,0.0,0.0,0.0
GRID_CBE_03742,Cropland,0.0,0.0,0.0,1.0,0.0,0.0,0.0
GRID_CBE_03743,Cropland,0.0,0.0,0.0,1.0,0.0,0.0,0.0
GRID_CBE_03744,Cropland,0.0,0.0,0.0,1.0,0.0,0.0,0.0
GRID_CBE_03745,Tree cover,1.0,0.0,0.0,0.0,0.0,0.0,0.0
GRID_CBE_03746,Tree cover,1.0,0.0,0.0,0.0,0.0,0.0,0.0
GRID_CBE_03747,Tree cover,1.0,0.0,0.0,0.0,0.0,0.0,0.0
GRID_CBE_03748,Tree cover,1.0,0.0,0.0,0.0,0.0,0.0,0.0
GRID_CBE_03749,Tree cover,1.0,0.0,0.0,0.0,0.0,0.0,0.0
GRID_CBE_03750,Tree cover,1.0,0.0,0.0,0.0,0.0,0.0,0.0
GRID_CBE_03751,Tree cover,1.0,0.0,0.0,0.0,0.0,0.0,0.0
GRID_CBE_03752,Tree cover,1.0,0.0,0.0,0.0,0.0,0.0,0.0
GRID_CBE_03753,Tree cover,1.0,0.0,0.0,0.0,0.0,0.0,0.0
GRID_CBE_03754,Tree cover,1.0,0.0,0.0,0.0,0.0,0.0,0.0
GRID_CBE_03755,Tree cover,1.0,0.0,0.0,0.0,0.0,0.0,0.0
GRID_CBE_03756,Tree cover,1.0,0.0,0.0,0.0,0.0,0.0,0.0
GRID_CBE_03757,Tree cover,1.0,0.0,0.0,0.0,0.0,0.0,0.0
GRID_CBE_03758,Tree cover,1.0,0.0,0.0,0.0,0.0,0.0,0.0
GRID_CBE_03759,Tree cover,1.0,0.0,0.0,0.0,0.0,0.0,0.0
GRID_CBE_03760,Tree cover,1.0,0.0,0.0,0.0,0.0,0.0,0.0
GRID_CBE_03761,Tree cover,1.0,0.0,0.0,0.0,0.0,0.0,0.0
GRID_CBE_03762,Tree cover,1.0,0.0,0.0,0.0,0.0,0.0,0.0
GRID_CBE_03763,Tree cover,1.0,0.0,0.0,0.0,0.0,0.0,0.0
GRID_CBE_03764,Tree cover,1.0,0.0,0.0,0.0,0.0,0.0,0.0
GRID_CBE_03765,Tree cover,1.0,0.0,0.0,0.0,0.0,0.0,0.0
GRID_CBE_03766,Tree cover,1.0,0.0,0.0,0.0,0.0,0.0,0.0
GRID_CBE_03767,Tree cover,0.6364,0.0,0.0,0.3636,0.0,0.0,0.0
GRID_CBE_03768,Cropland,0.2727,0.0,0.0,0.7273,0.0,0.0,0.0
GRID_CBE_03769,Cropland,0.0,0.0,0.0,1.0,0.0,0.0,0.0
GRID_CBE_03770,Cropland,0.0,0.0,0.0,1.0,0.0,0.0,0.0
GRID_CBE_03771,Cropland,0.0,0.0,0.0,1.0,0.0,0.0,0.0
GRID_CBE_03772,Cropland,0.0,0.0,0.0,1.0,0.0,0.0,0.0
GRID_CBE_03773,Cropland,0.0,0.0,0.0,1.0,0.0,0.0,0.0
GRID_CBE_03774,Cropland,0.0,0.0,0.0,1.0,0.0,0.0,0.0
GRID_CBE_03775,Cropland,0.0,0.0,0.0,1.0,0.0,0.0,0.0
GRID_CBE_03776,Cropland,0.0,0.0,0.0,1.0,0.0,0.0,0.0
GRID_CBE_03777,Cropland,0.0,0.0,0.0,1.0,0.0,0.0,0.0
GRID_CBE_03778,Cropland,0.0,0.0,0.0,1.0,0.0,0.0,0.0
GRID_CBE_03779,Cropland,0.0,0.0,0.0,1.0,0.0,0.0,0.0
GRID_CBE_03780,Cropland,0.0,0.0,0.0,1.0,0.0,0.0,0.0
GRID_CBE_03781,Cropland,0.0,0.0,0.0,1.0,0.0,0.0,0.0
GRID_CBE_03782,Cropland,0.0,0.0,0.0,1.0,0.0,0.0,0.0
GRID_CBE_03783,Cropland,0.0,0.0,0.0,1.0,0.0,0.0,0.0
GRID_CBE_03784,Cropland,0.0,0.0,0.0,1.0,0.0,0.0,0.0
GRID_CBE_03785,Cropland,0.0,0.0,0.0,1.0,0.0,0.0,0.0
GRID_CBE_03786,Cropland,0.0,0.0,0.0,1.0,0.0,0.0,0.0
GRID_CBE_03787,Cropland,0.0,0.0,0.0,1.0,0.0,0.0,0.0
GRID_CBE_03788,Cropland,0.0,0.0,0.0,1.0,0.0,0.0,0.0
GRID_CBE_03789,Cropland,0.0,0.0,0.0,1.0,0.0,0.0,0.0
GRID_CBE_03790,Cropland,0.0,0.0,0.0,1.0,0.0,0.0,0.0
GRID_CBE_03791,Cropland,0.0,0.0,0.0,1.0,0.0,0.0,0.0
GRID_CBE_03792,Cropland,0.0,0.0,0.0,1.0,0.0,0.0,0.0
GRID_CBE_03793,Cropland,0.0,0.0,0.0,1.0,0.0,0.0,0.0
GRID_CBE_03794,Cropland,0.0,0.0,0.0,1.0,0.0,0.0,0.0
GRID_CBE_03795,Cropland,0.0,0.0,0.0,1.0,0.0,0.0,0.0
GRID_CBE_03796,Cropland,0.0,0.0,0.0,1.0,0.0,0.0,0.0
GRID_CBE_03797,Cropland,0.0,0.0,0.0,1.0,0.0,0.0,0.0
GRID_CBE_03798,Cropland,0.0,0.0,0.0,1.0,0.0,0.0,0.0
GRID_CBE_03799,Cropland,0.0,0.0,0.0,1.0,0.0,0.0,0.0
GRID_CBE_03800,Cropland,0.0,0.0,0.0,1.0,0.0,0.0,0.0
GRID_CBE_03801,Cropland,0.0,0.0,0.0,1.0,0.0,0.0,0.0
GRID_CBE_03802,Cropland,0.0,0.0,0.0,1.0,0.0,0.0,0.0
GRID_CBE_03803,Cropland,0.0,0.0,0.0,1.0,0.0,0.0,0.0
GRID_CBE_03804,Cropland,0.0,0.0,0.0,1.0,0.0,0.0,0.0
GRID_CBE_03805,Cropland,0.0,0.0,0.0,1.0,0.0,0.0,0.0
GRID_CBE_03806,Cropland,0.0,0.0,0.0,1.0,0.0,0.0,0.0
GRID_CBE_03807,Cropland,0.0,0.0,0.0,1.0,0.0,0.0,0.0
GRID_CBE_03808,Cropland,0.0,0.0,0.0,1.0,0.0,0.0,0.0
GRID_CBE_03809,Cropland,0.0,0.0,0.0,1.0,0.0,0.0,0.0
GRID_CBE_03810,Cropland,0.0,0.0,0.0,1.0,0.0,0.0,0.0
GRID_CBE_03811,Cropland,0.0,0.0,0.0,1.0,0.0,0.0,0.0
GRID_CBE_03812,Cropland,0.0,0.0,0.0,1.0,0.0,0.0,0.0
GRID_CBE_03813,Cropland,0.0,0.0,0.0,1.0,0.0,0.0,0.0
GRID_CBE_03814,Cropland,0.0,0.0,0.0,1.0,0.0,0.0,0.0
GRID_CBE_03815,Cropland,0.0,0.0,0.0,1.0,0.0,0.0,0.0
GRID_CBE_03816,Cropland,0.0,0.0,0.0,1.0,0.0,0.0,0.0
GRID_CBE_03817,Cropland,0.0,0.0,0.0,1.0,0.0,0.0,0.0
GRID_CBE_03818,Cropland,0.0,0.0,0.0,1.0,0.0,0.0,0.0
GRID_CBE_03819,Cropland,0.0,0.0,0.0,1.0,0.0,0.0,0.0
GRID_CBE_03820,Cropland,0.0,0.0,0.0,1.0,0.0,0.0,0.0
GRID_CBE_03821,Cropland,0.0,0.0,0.0,1.0,0.0,0.0,0.0
GRID_CBE_03822,Cropland,0.0,0.0,0.0,1.0,0.0,0.0,0.0
GRID_CBE_03823,Tree cover,1.0,0.0,0.0,0.0,0.0,0.0,0.0
GRID_CBE_03824,Tree cover,1.0,0.0,0.0,0.0,0.0,0.0,0.0
GRID_CBE_03825,Tree cover,1.0,0.0,0.0,0.0,0.0,0.0,0.0
GRID_CBE_03826,Tree cover,1.0,0.0,0.0,0.0,0.0,0.0,0.0
GRID_CBE_03827,Tree cover,1.0,0.0,0.0,0.0,0.0,0.0,0.0
GRID_CBE_03828,Tree cover,1.0,0.0,0.0,0.0,0.0,0.0,0.0
GRID_CBE_03829,Tree cover,1.0,0.0,0.0,0.0,0.0,0.0,0.0
GRID_CBE_03830,Tree cover,1.0,0.0,0.0,0.0,0.0,0.0,0.0
GRID_CBE_03831,Tree cover,1.0,0.0,0.0,0.0,0.0,0.0,0.0
GRID_CBE_03832,Tree cover,1.0,0.0,0.0,0.0,0.0,0.0,0.0
GRID_CBE_03833,Tree cover,1.0,0.0,0.0,0.0,0.0,0.0,0.0
GRID_CBE_03834,Tree cover,1.0,0.0,0.0,0.0,0.0,0.0,0.0
GRID_CBE_03835,Tree cover,1.0,0.0,0.0,0.0,0.0,0.0,0.0
GRID_CBE_03836,Tree cover,1.0,0.0,0.0,0.0,0.0,0.0,0.0
GRID_CBE_03837,Tree cover,1.0,0.0,0.0,0.0,0.0,0.0,0.0
GRID_CBE_03838,Tree cover,1.0,0.0,0.0,0.0,0.0,0.0,0.0
GRID_CBE_03839,Tree cover,1.0,0.0,0.0,0.0,0.0,0.0,0.0
GRID_CBE_03840,Tree cover,1.0,0.0,0.0,0.0,0.0,0.0,0.0
GRID_CBE_03841,Tree cover,1.0,0.0,0.0,0.0,0.0,0.0,0.0
GRID_CBE_03842,Tree cover,1.0,0.0,0.0,0.0,0.0,0.0,0.0
GRID_CBE_03843,Tree cover,1.0,0.0,0.0,0.0,0.0,0.0,0.0
GRID_CBE_03844,Tree cover,1.0,0.0,0.0,0.0,0.0,0.0,0.0
GRID_CBE_03845,Tree cover,0.6364,0.0,0.0,0.3636,0.0,0.0,0.0
GRID_CBE_03846,Cropland,0.2727,0.0,0.0,0.7273,0.0,0.0,0.0
GRID_CBE_03847,Cropland,0.0,0.0,0.0,1.0,0.0,0.0,0.0
GRID_CBE_03848,Cropland,0.0,0.0,0.0,1.0,0.0,0.0,0.0
GRID_CBE_03849,Cropland,0.0,0.0,0.0,1.0,0.0,0.0,0.0
GRID_CBE_03850,Cropland,0.0,0.0,0.0,1.0,0.0,0.0,0.0
GRID_CBE_03851,Cropland,0.0,0.0,0.0,1.0,0.0,0.0,0.0
GRID_CBE_03852,Cropland,0.0,0.0,0.0,1.0,0.0,0.0,0.0
GRID_CBE_03853,Cropland,0.0,0.0,0.0,1.0,0.0,0.0,0.0
GRID_CBE_03854,Cropland,0.0,0.0,0.0,1.0,0.0,0.0,0.0
GRID_CBE_03855,Cropland,0.0,0.0,0.0,1.0,0.0,0.0,0.0
GRID_CBE_03856,Cropland,0.0,0.0,0.0,1.0,0.0,0.0,0.0
GRID_CBE_03857,Cropland,0.0,0.0,0.0,1.0,0.0,0.0,0.0
GRID_CBE_03858,Cropland,0.0,0.0,0.0,1.0,0.0,0.0,0.0
GRID_CBE_03859,Cropland,0.0,0.0,0.0,1.0,0.0,0.0,0.0
GRID_CBE_03860,Cropland,0.0,0.0,0.0,1.0,0.0,0.0,0.0
GRID_CBE_03861,Cropland,0.0,0.0,0.0,1.0,0.0,0.0,0.0
GRID_CBE_03862,Cropland,0.0,0.0,0.0,1.0,0.0,0.0,0.0
GRID_CBE_03863,Cropland,0.0,0.0,0.0,1.0,0.0,0.0,0.0
GRID_CBE_03864,Cropland,0.0,0.0,0.0,1.0,0.0,0.0,0.0
GRID_CBE_03865,Cropland,0.0,0.0,0.0,1.0,0.0,0.0,0.0
GRID_CBE_03866,Cropland,0.0,0.0,0.0,1.0,0.0,0.0,0.0
GRID_CBE_03867,Cropland,0.0,0.0,0.0,1.0,0.0,0.0,0.0
GRID_CBE_03868,Cropland,0.0,0.0,0.0,1.0,0.0,0.0,0.0
GRID_CBE_03869,Cropland,0.0,0.0,0.0,1.0,0.0,0.0,0.0
GRID_CBE_03870,Cropland,0.0,0.0,0.0,1.0,0.0,0.0,0.0
GRID_CBE_03871,Cropland,0.0,0.0,0.0,1.0,0.0,0.0,0.0
GRID_CBE_03872,Cropland,0.0,0.0,0.0,1.0,0.0,0.0,0.0
GRID_CBE_03873,Cropland,0.0,0.0,0.0,1.0,0.0,0.0,0.0
GRID_CBE_03874,Cropland,0.0,0.0,0.0,1.0,0.0,0.0,0.0
GRID_CBE_03875,Cropland,0.0,0.0,0.0,1.0,0.0,0.0,0.0
GRID_CBE_03876,Cropland,0.0,0.0,0.0,1.0,0.0,0.0,0.0
GRID_CBE_03877,Cropland,0.0,0.0,0.0,1.0,0.0,0.0,0.0
GRID_CBE_03878,Cropland,0.0,0.0,0.0,1.0,0.0,0.0,0.0
GRID_CBE_03879,Cropland,0.0,0.0,0.0,1.0,0.0,0.0,0.0
GRID_CBE_03880,Cropland,0.0,0.0,0.0,1.0,0.0,0.0,0.0
GRID_CBE_03881,Cropland,0.0,0.0,0.0,1.0,0.0,0.0,0.0
GRID_CBE_03882,Cropland,0.0,0.0,0.0,1.0,0.0,0.0,0.0
GRID_CBE_03883,Cropland,0.0,0.0,0.0,1.0,0.0,0.0,0.0
GRID_CBE_03884,Cropland,0.0,0.0,0.0,1.0,0.0,0.0,0.0
GRID_CBE_03885,Cropland,0.0,0.0,0.0,1.0,0.0,0.0,0.0
GRID_CBE_03886,Cropland,0.0,0.0,0.0,1.0,0.0,0.0,0.0
GRID_CBE_03887,Cropland,0.0,0.0,0.0,1.0,0.0,0.0,0.0
GRID_CBE_03888,Cropland,0.0,0.0,0.0,1.0,0.0,0.0,0.0
GRID_CBE_03889,Cropland,0.0,0.0,0.0,1.0,0.0,0.0,0.0
GRID_CBE_03890,Cropland,0.0,0.0,0.0,1.0,0.0,0.0,0.0
GRID_CBE_03891,Cropland,0.0,0.0,0.0,1.0,0.0,0.0,0.0
GRID_CBE_03892,Cropland,0.0,0.0,0.0,1.0,0.0,0.0,0.0
GRID_CBE_03893,Cropland,0.0,0.0,0.0,1.0,0.0,0.0,0.0
GRID_CBE_03894,Cropland,0.0,0.0,0.0,1.0,0.0,0.0,0.0
GRID_CBE_03895,Cropland,0.0,0.0,0.0,1.0,0.0,0.0,0.0
GRID_CBE_03896,Cropland,0.0,0.0,0.0,1.0,0.0,0.0,0.0
GRID_CBE_03897,Cropland,0.0,0.0,0.0,1.0,0.0,0.0,0.0
GRID_CBE_03898,Cropland,0.0,0.0,0.0,1.0,0.0,0.0,0.0
GRID_CBE_03899,Cropland,0.0,0.0,0.0,1.0,0.0,0.0,0.0
GRID_CBE_03900,Cropland,0.0,0.0,0.0,1.0,0.0,0.0,0.0
GRID_CBE_03901,Tree cover,1.0,0.0,0.0,0.0,0.0,0.0,0.0
GRID_CBE_03902,Tree cover,1.0,0.0,0.0,0.0,0.0,0.0,0.0
GRID_CBE_03903,Tree cover,1.0,0.0,0.0,0.0,0.0,0.0,0.0
GRID_CBE_03904,Tree cover,1.0,0.0,0.0,0.0,0.0,0.0,0.0
GRID_CBE_03905,Tree cover,1.0,0.0,0.0,0.0,0.0,0.0,0.0
GRID_CBE_03906,Tree cover,1.0,0.0,0.0,0.0,0.0,0.0,0.0
GRID_CBE_03907,Tree cover,1.0,0.0,0.0,0.0,0.0,0.0,0.0
GRID_CBE_03908,Tree cover,1.0,0.0,0.0,0.0,0.0,0.0,0.0
GRID_CBE_03909,Tree cover,1.0,0.0,0.0,0.0,0.0,0.0,0.0
GRID_CBE_03910,Tree cover,1.0,0.0,0.0,0.0,0.0,0.0,0.0
GRID_CBE_03911,Tree cover,1.0,0.0,0.0,0.0,0.0,0.0,0.0
GRID_CBE_03912,Tree cover,1.0,0.0,0.0,0.0,0.0,0.0,0.0
GRID_CBE_03913,Tree cover,1.0,0.0,0.0,0.0,0.0,0.0,0.0
GRID_CBE_03914,Tree cover,1.0,0.0,0.0,0.0,0.0,0.0,0.0
GRID_CBE_03915,Tree cover,1.0,0.0,0.0,0.0,0.0,0.0,0.0
GRID_CBE_03916,Tree cover,1.0,0.0,0.0,0.0,0.0,0.0,0.0
GRID_CBE_03917,Tree cover,1.0,0.0,0.0,0.0,0.0,0.0,0.0
GRID_CBE_03918,Tree cover,1.0,0.0,0.0,0.0,0.0,0.0,0.0
GRID_CBE_03919,Tree cover,1.0,0.0,0.0,0.0,0.0,0.0,0.0
GRID_CBE_03920,Tree cover,1.0,0.0,0.0,0.0,0.0,0.0,0.0
GRID_CBE_03921,Tree cover,1.0,0.0,0.0,0.0,0.0,0.0,0.0
GRID_CBE_03922,Tree cover,1.0,0.0,0.0,0.0,0.0,0.0,0.0
GRID_CBE_03923,Tree cover,0.6364,0.0,0.0,0.3636,0.0,0.0,0.0
GRID_CBE_03924,Cropland,0.2727,0.0,0.0,0.7273,0.0,0.0,0.0
GRID_CBE_03925,Cropland,0.0,0.0,0.0,1.0,0.0,0.0,0.0
GRID_CBE_03926,Cropland,0.0,0.0,0.0,1.0,0.0,0.0,0.0
GRID_CBE_03927,Cropland,0.0,0.0,0.0,1.0,0.0,0.0,0.0
GRID_CBE_03928,Cropland,0.0,0.0,0.0,1.0,0.0,0.0,0.0
GRID_CBE_03929,Cropland,0.0,0.0,0.0,1.0,0.0,0.0,0.0
GRID_CBE_03930,Cropland,0.0,0.0,0.0,1.0,0.0,0.0,0.0
GRID_CBE_03931,Cropland,0.0,0.0,0.0,1.0,0.0,0.0,0.0
GRID_CBE_03932,Cropland,0.0,0.0,0.0,1.0,0.0,0.0,0.0
GRID_CBE_03933,Cropland,0.0,0.0,0.0,1.0,0.0,0.0,0.0
GRID_CBE_03934,Cropland,0.0,0.0,0.0,1.0,0.0,0.0,0.0
GRID_CBE_03935,Cropland,0.0,0.0,0.0,1.0,0.0,0.0,0.0
GRID_CBE_03936,Cropland,0.0,0.0,0.0,1.0,0.0,0.0,0.0
GRID_CBE_03937,Cropland,0.0,0.0,0.0,1.0,0.0,0.0,0.0
GRID_CBE_03938,Cropland,0.0,0.0,0.0,1.0,0.0,0.0,0.0
GRID_CBE_03939,Cropland,0.0,0.0,0.0,1.0,0.0,0.0,0.0
GRID_CBE_03940,Cropland,0.0,0.0,0.0,1.0,0.0,0.0,0.0
GRID_CBE_03941,Cropland,0.0,0.0,0.0,1.0,0.0,0.0,0.0
GRID_CBE_03942,Cropland,0.0,0.0,0.0,1.0,0.0,0.0,0.0
GRID_CBE_03943,Cropland,0.0,0.0,0.0,1.0,0.0,0.0,0.0
GRID_CBE_03944,Cropland,0.0,0.0,0.0,1.0,0.0,0.0,0.0
GRID_CBE_03945,Cropland,0.0,0.0,0.0,1.0,0.0,0.0,0.0
GRID_CBE_03946,Cropland,0.0,0.0,0.0,1.0,0.0,0.0,0.0
GRID_CBE_03947,Cropland,0.0,0.0,0.0,1.0,0.0,0.0,0.0
GRID_CBE_03948,Cropland,0.0,0.0,0.0,1.0,0.0,0.0,0.0
GRID_CBE_03949,Cropland,0.0,0.0,0.0,1.0,0.0,0.0,0.0
GRID_CBE_03950,Cropland,0.0,0.0,0.0,1.0,0.0,0.0,0.0
GRID_CBE_03951,Cropland,0.0,0.0,0.0,1.0,0.0,0.0,0.0
GRID_CBE_03952,Cropland,0.0,0.0,0.0,1.0,0.0,0.0,0.0
GRID_CBE_03953,Cropland,0.0,0.0,0.0,1.0,0.0,0.0,0.0
GRID_CBE_03954,Cropland,0.0,0.0,0.0,1.0,0.0,0.0,0.0
GRID_CBE_03955,Cropland,0.0,0.0,0.0,1.0,0.0,0.0,0.0
GRID_CBE_03956,Cropland,0.0,0.0,0.0,1.0,0.0,0.0,0.0
GRID_CBE_03957,Cropland,0.0,0.0,0.0,1.0,0.0,0.0,0.0
GRID_CBE_03958,Cropland,0.0,0.0,0.0,1.0,0.0,0.0,0.0
GRID_CBE_03959,Cropland,0.0,0.0,0.0,1.0,0.0,0.0,0.0
GRID_CBE_03960,Cropland,0.0,0.0,0.0,1.0,0.0,0.0,0.0
GRID_CBE_03961,Cropland,0.0,0.0,0.0,1.0,0.0,0.0,0.0
GRID_CBE_03962,Cropland,0.0,0.0,0.0,1.0,0.0,0.0,0.0
GRID_CBE_03963,Cropland,0.0,0.0,0.0,1.0,0.0,0.0,0.0
GRID_CBE_03964,Cropland,0.0,0.0,0.0,1.0,0.0,0.0,0.0
GRID_CBE_03965,Cropland,0.0,0.0,0.0,1.0,0.0,0.0,0.0
GRID_CBE_03966,Cropland,0.0,0.0,0.0,1.0,0.0,0.0,0.0
GRID_CBE_03967,Cropland,0.0,0.0,0.0,1.0,0.0,0.0,0.0
GRID_CBE_03968,Cropland,0.0,0.0,0.0,1.0,0.0,0.0,0.0
GRID_CBE_03969,Cropland,0.0,0.0,0.0,1.0,0.0,0.0,0.0
GRID_CBE_03970,Cropland,0.0,0.0,0.0,1.0,0.0,0.0,0.0
GRID_CBE_03971,Cropland,0.0,0.0,0.0,1.0,0.0,0.0,0.0
GRID_CBE_03972,Cropland,0.0,0.0,0.0,1.0,0.0,0.0,0.0
GRID_CBE_03973,Cropland,0.0,0.0,0.0,1.0,0.0,0.0,0.0
GRID_CBE_03974,Cropland,0.0,0.0,0.0,1.0,0.0,0.0,0.0
GRID_CBE_03975,Cropland,0.0,0.0,0.0,1.0,0.0,0.0,0.0
GRID_CBE_03976,Cropland,0.0,0.0,0.0,1.0,0.0,0.0,0.0
GRID_CBE_03977,Cropland,0.0,0.0,0.0,1.0,0.0,0.0,0.0
GRID_CBE_03978,Cropland,0.0,0.0,0.0,1.0,0.0,0.0,0.0
GRID_CBE_03979,Tree cover,1.0,0.0,0.0,0.0,0.0,0.0,0.0
GRID_CBE_03980,Tree cover,1.0,0.0,0.0,0.0,0.0,0.0,0.0
GRID_CBE_03981,Tree cover,1.0,0.0,0.0,0.0,0.0,0.0,0.0
GRID_CBE_03982,Tree cover,1.0,0.0,0.0,0.0,0.0,0.0,0.0
GRID_CBE_03983,Tree cover,1.0,0.0,0.0,0.0,0.0,0.0,0.0
GRID_CBE_03984,Tree cover,1.0,0.0,0.0,0.0,0.0,0.0,0.0
GRID_CBE_03985,Tree cover,1.0,0.0,0.0,0.0,0.0,0.0,0.0
GRID_CBE_03986,Tree cover,1.0,0.0,0.0,0.0,0.0,0.0,0.0
GRID_CBE_03987,Tree cover,1.0,0.0,0.0,0.0,0.0,0.0,0.0
GRID_CBE_03988,Tree cover,1.0,0.0,0.0,0.0,0.0,0.0,0.0
GRID_CBE_03989,Tree cover,1.0,0.0,0.0,0.0,0.0,0.0,0.0
GRID_CBE_03990,Tree cover,1.0,0.0,0.0,0.0,0.0,0.0,0.0
GRID_CBE_03991,Tree cover,1.0,0.0,0.0,0.0,0.0,0.0,0.0
GRID_CBE_03992,Tree cover,1.0,0.0,0.0,0.0,0.0,0.0,0.0
GRID_CBE_03993,Tree cover,1.0,0.0,0.0,0.0,0.0,0.0,0.0
GRID_CBE_03994,Tree cover,1.0,0.0,0.0,0.0,0.0,0.0,0.0
GRID_CBE_03995,Tree cover,1.0,0.0,0.0,0.0,0.0,0.0,0.0
GRID_CBE_03996,Tree cover,1.0,0.0,0.0,0.0,0.0,0.0,0.0
GRID_CBE_03997,Tree cover,1.0,0.0,0.0,0.0,0.0,0.0,0.0
GRID_CBE_03998,Tree cover,1.0,0.0,0.0,0.0,0.0,0.0,0.0
GRID_CBE_03999,Tree cover,1.0,0.0,0.0,0.0,0.0,0.0,0.0
GRID_CBE_04000,Tree cover,1.0,0.0,0.0,0.0,0.0,0.0,0.0
GRID_CBE_04001,Tree cover,0.6364,0.0,0.0,0.3636,0.0,0.0,0.0
GRID_CBE_04002,Cropland,0.2727,0.0,0.0,0.7273,0.0,0.0,0.0
GRID_CBE_04003,Cropland,0.0,0.0,0.0,1.0,0.0,0.0,0.0
GRID_CBE_04004,Cropland,0.0,0.0,0.0,1.0,0.0,0.0,0.0
GRID_CBE_04005,Cropland,0.0,0.0,0.0,1.0,0.0,0.0,0.0
GRID_CBE_04006,Cropland,0.0,0.0,0.0,1.0,0.0,0.0,0.0
GRID_CBE_04007,Cropland,0.0,0.0,0.0,1.0,0.0,0.0,0.0
GRID_CBE_04008,Cropland,0.0,0.0,0.0,1.0,0.0,0.0,0.0
GRID_CBE_04009,Cropland,0.0,0.0,0.0,1.0,0.0,0.0,0.0
GRID_CBE_04010,Cropland,0.0,0.0,0.0,1.0,0.0,0.0,0.0
GRID_CBE_04011,Cropland,0.0,0.0,0.0,1.0,0.0,0.0,0.0
GRID_CBE_04012,Cropland,0.0,0.0,0.0,1.0,0.0,0.0,0.0
GRID_CBE_04013,Cropland,0.0,0.0,0.0,1.0,0.0,0.0,0.0
GRID_CBE_04014,Cropland,0.0,0.0,0.0,1.0,0.0,0.0,0.0
GRID_CBE_04015,Cropland,0.0,0.0,0.0,1.0,0.0,0.0,0.0
GRID_CBE_04016,Cropland,0.0,0.0,0.0,1.0,0.0,0.0,0.0
GRID_CBE_04017,Cropland,0.0,0.0,0.0,1.0,0.0,0.0,0.0
GRID_CBE_04018,Cropland,0.0,0.0,0.0,1.0,0.0,0.0,0.0
GRID_CBE_04019,Cropland,0.0,0.0,0.0,1.0,0.0,0.0,0.0
GRID_CBE_04020,Cropland,0.0,0.0,0.0,1.0,0.0,0.0,0.0
GRID_CBE_04021,Cropland,0.0,0.0,0.0,1.0,0.0,0.0,0.0
GRID_CBE_04022,Cropland,0.0,0.0,0.0,1.0,0.0,0.0,0.0
GRID_CBE_04023,Cropland,0.0,0.0,0.0,1.0,0.0,0.0,0.0
GRID_CBE_04024,Cropland,0.0,0.0,0.0,1.0,0.0,0.0,0.0
GRID_CBE_04025,Cropland,0.0,0.0,0.0,1.0,0.0,0.0,0.0
GRID_CBE_04026,Cropland,0.0,0.0,0.0,1.0,0.0,0.0,0.0
GRID_CBE_04027,Cropland,0.0,0.0,0.0,1.0,0.0,0.0,0.0
GRID_CBE_04028,Cropland,0.0,0.0,0.0,1.0,0.0,0.0,0.0
GRID_CBE_04029,Cropland,0.0,0.0,0.0,1.0,0.0,0.0,0.0
GRID_CBE_04030,Cropland,0.0,0.0,0.0,1.0,0.0,0.0,0.0
GRID_CBE_04031,Cropland,0.0,0.0,0.0,1.0,0.0,0.0,0.0
GRID_CBE_04032,Cropland,0.0,0.0,0.0,1.0,0.0,0.0,0.0
GRID_CBE_04033,Cropland,0.0,0.0,0.0,1.0,0.0,0.0,0.0
GRID_CBE_04034,Cropland,0.0,0.0,0.0,1.0,0.0,0.0,0.0
GRID_CBE_04035,Cropland,0.0,0.0,0.0,1.0,0.0,0.0,0.0
GRID_CBE_04036,Cropland,0.0,0.0,0.0,1.0,0.0,0.0,0.0
GRID_CBE_04037,Cropland,0.0,0.0,0.0,1.0,0.0,0.0,0.0
GRID_CBE_04038,Cropland,0.0,0.0,0.0,1.0,0.0,0.0,0.0
GRID_CBE_04039,Cropland,0.0,0.0,0.0,1.0,0.0,0.0,0.0
GRID_CBE_04040,Cropland,0.0,0.0,0.0,1.0,0.0,0.0,0.0
GRID_CBE_04041,Cropland,0.0,0.0,0.0,1.0,0.0,0.0,0.0
GRID_CBE_04042,Cropland,0.0,0.0,0.0,1.0,0.0,0.0,0.0
GRID_CBE_04043,Cropland,0.0,0.0,0.0,1.0,0.0,0.0,0.0
GRID_CBE_04044,Cropland,0.0,0.0,0.0,1.0,0.0,0.0,0.0
GRID_CBE_04045,Cropland,0.0,0.0,0.0,1.0,0.0,0.0,0.0
GRID_CBE_04046,Cropland,0.0,0.0,0.0,1.0,0.0,0.0,0.0
GRID_CBE_04047,Cropland,0.0,0.0,0.0,1.0,0.0,0.0,0.0
GRID_CBE_04048,Cropland,0.0,0.0,0.0,1.0,0.0,0.0,0.0
GRID_CBE_04049,Cropland,0.0,0.0,0.0,1.0,0.0,0.0,0.0
GRID_CBE_04050,Cropland,0.0,0.0,0.0,1.0,0.0,0.0,0.0
GRID_CBE_04051,Cropland,0.0,0.0,0.0,1.0,0.0,0.0,0.0
GRID_CBE_04052,Cropland,0.0,0.0,0.0,1.0,0.0,0.0,0.0
GRID_CBE_04053,Cropland,0.0,0.0,0.0,1.0,0.0,0.0,0.0
GRID_CBE_04054,Cropland,0.0,0.0,0.0,1.0,0.0,0.0,0.0
GRID_CBE_04055,Cropland,0.0,0.0,0.0,1.0,0.0,0.0,0.0
GRID_CBE_04056,Cropland,0.0,0.0,0.0,1.0,0.0,0.0,0.0
GRID_CBE_04057,Tree cover,1.0,0.0,0.0,0.0,0.0,0.0,0.0
GRID_CBE_04058,Tree cover,1.0,0.0,0.0,0.0,0.0,0.0,0.0
GRID_CBE_04059,Tree cover,1.0,0.0,0.0,0.0,0.0,0.0,0.0
GRID_CBE_04060,Tree cover,1.0,0.0,0.0,0.0,0.0,0.0,0.0
GRID_CBE_04061,Tree cover,1.0,0.0,0.0,0.0,0.0,0.0,0.0
GRID_CBE_04062,Tree cover,1.0,0.0,0.0,0.0,0.0,0.0,0.0
GRID_CBE_04063,Tree cover,1.0,0.0,0.0,0.0,0.0,0.0,0.0
GRID_CBE_04064,Tree cover,1.0,0.0,0.0,0.0,0.0,0.0,0.0
GRID_CBE_04065,Tree cover,1.0,0.0,0.0,0.0,0.0,0.0,0.0
GRID_CBE_04066,Tree cover,1.0,0.0,0.0,0.0,0.0,0.0,0.0
GRID_CBE_04067,Tree cover,1.0,0.0,0.0,0.0,0.0,0.0,0.0
GRID_CBE_04068,Tree cover,1.0,0.0,0.0,0.0,0.0,0.0,0.0
GRID_CBE_04069,Tree cover,1.0,0.0,0.0,0.0,0.0,0.0,0.0
GRID_CBE_04070,Tree cover,1.0,0.0,0.0,0.0,0.0,0.0,0.0
GRID_CBE_04071,Tree cover,1.0,0.0,0.0,0.0,0.0,0.0,0.0
GRID_CBE_04072,Tree cover,1.0,0.0,0.0,0.0,0.0,0.0,0.0
GRID_CBE_04073,Tree cover,1.0,0.0,0.0,0.0,0.0,0.0,0.0
GRID_CBE_04074,Tree cover,1.0,0.0,0.0,0.0,0.0,0.0,0.0
GRID_CBE_04075,Tree cover,1.0,0.0,0.0,0.0,0.0,0.0,0.0
GRID_CBE_04076,Tree cover,1.0,0.0,0.0,0.0,0.0,0.0,0.0
GRID_CBE_04077,Tree cover,1.0,0.0,0.0,0.0,0.0,0.0,0.0
GRID_CBE_04078,Tree cover,1.0,0.0,0.0,0.0,0.0,0.0,0.0
GRID_CBE_04079,Tree cover,0.6364,0.0,0.0,0.3636,0.0,0.0,0.0
GRID_CBE_04080,Cropland,0.2727,0.0,0.0,0.7273,0.0,0.0,0.0
GRID_CBE_04081,Cropland,0.0,0.0,0.0,1.0,0.0,0.0,0.0
GRID_CBE_04082,Cropland,0.0,0.0,0.0,1.0,0.0,0.0,0.0
GRID_CBE_04083,Cropland,0.0,0.0,0.0,1.0,0.0,0.0,0.0
GRID_CBE_04084,Cropland,0.0,0.0,0.0,1.0,0.0,0.0,0.0
GRID_CBE_04085,Cropland,0.0,0.0,0.0,1.0,0.0,0.0,0.0
GRID_CBE_04086,Cropland,0.0,0.0,0.0,1.0,0.0,0.0,0.0
GRID_CBE_04087,Cropland,0.0,0.0,0.0,1.0,0.0,0.0,0.0
GRID_CBE_04088,Cropland,0.0,0.0,0.0,1.0,0.0,0.0,0.0
GRID_CBE_04089,Cropland,0.0,0.0,0.0,1.0,0.0,0.0,0.0
GRID_CBE_04090,Cropland,0.0,0.0,0.0,1.0,0.0,0.0,0.0
GRID_CBE_04091,Cropland,0.0,0.0,0.0,1.0,0.0,0.0,0.0
GRID_CBE_04092,Cropland,0.0,0.0,0.0,1.0,0.0,0.0,0.0
GRID_CBE_04093,Cropland,0.0,0.0,0.0,1.0,0.0,0.0,0.0
GRID_CBE_04094,Cropland,0.0,0.0,0.0,1.0,0.0,0.0,0.0
GRID_CBE_04095,Cropland,0.0,0.0,0.0,1.0,0.0,0.0,0.0
GRID_CBE_04096,Cropland,0.0,0.0,0.0,1.0,0.0,0.0,0.0
GRID_CBE_04097,Cropland,0.0,0.0,0.0,1.0,0.0,0.0,0.0
GRID_CBE_04098,Cropland,0.0,0.0,0.0,1.0,0.0,0.0,0.0
GRID_CBE_04099,Cropland,0.0,0.0,0.0,1.0,0.0,0.0,0.0
GRID_CBE_04100,Cropland,0.0,0.0,0.0,1.0,0.0,0.0,0.0
GRID_CBE_04101,Cropland,0.0,0.0,0.0,1.0,0.0,0.0,0.0
GRID_CBE_04102,Cropland,0.0,0.0,0.0,1.0,0.0,0.0,0.0
GRID_CBE_04103,Cropland,0.0,0.0,0.0,1.0,0.0,0.0,0.0
GRID_CBE_04104,Cropland,0.0,0.0,0.0,1.0,0.0,0.0,0.0
GRID_CBE_04105,Cropland,0.0,0.0,0.0,1.0,0.0,0.0,0.0
GRID_CBE_04106,Cropland,0.0,0.0,0.0,1.0,0.0,0.0,0.0
GRID_CBE_04107,Cropland,0.0,0.0,0.0,1.0,0.0,0.0,0.0
GRID_CBE_04108,Cropland,0.0,0.0,0.0,1.0,0.0,0.0,0.0
GRID_CBE_04109,Cropland,0.0,0.0,0.0,1.0,0.0,0.0,0.0
GRID_CBE_04110,Cropland,0.0,0.0,0.0,1.0,0.0,0.0,0.0
GRID_CBE_04111,Cropland,0.0,0.0,0.0,1.0,0.0,0.0,0.0
GRID_CBE_04112,Cropland,0.0,0.0,0.0,1.0,0.0,0.0,0.0
GRID_CBE_04113,Cropland,0.0,0.0,0.0,1.0,0.0,0.0,0.0
GRID_CBE_04114,Cropland,0.0,0.0,0.0,1.0,0.0,0.0,0.0
GRID_CBE_04115,Cropland,0.0,0.0,0.0,1.0,0.0,0.0,0.0
GRID_CBE_04116,Cropland,0.0,0.0,0.0,1.0,0.0,0.0,0.0
GRID_CBE_04117,Cropland,0.0,0.0,0.0,1.0,0.0,0.0,0.0
GRID_CBE_04118,Cropland,0.0,0.0,0.0,1.0,0.0,0.0,0.0
GRID_CBE_04119,Cropland,0.0,0.0,0.0,1.0,0.0,0.0,0.0
GRID_CBE_04120,Cropland,0.0,0.0,0.0,1.0,0.0,0.0,0.0
GRID_CBE_04121,Cropland,0.0,0.0,0.0,1.0,0.0,0.0,0.0
GRID_CBE_04122,Cropland,0.0,0.0,0.0,1.0,0.0,0.0,0.0
GRID_CBE_04123,Cropland,0.0,0.0,0.0,1.0,0.0,0.0,0.0
GRID_CBE_04124,Cropland,0.0,0.0,0.0,1.0,0.0,0.0,0.0
GRID_CBE_04125,Cropland,0.0,0.0,0.0,1.0,0.0,0.0,0.0
GRID_CBE_04126,Cropland,0.0,0.0,0.0,1.0,0.0,0.0,0.0
GRID_CBE_04127,Cropland,0.0,0.0,0.0,1.0,0.0,0.0,0.0
GRID_CBE_04128,Cropland,0.0,0.0,0.0,1.0,0.0,0.0,0.0
GRID_CBE_04129,Cropland,0.0,0.0,0.0,1.0,0.0,0.0,0.0
GRID_CBE_04130,Cropland,0.0,0.0,0.0,1.0,0.0,0.0,0.0
GRID_CBE_04131,Cropland,0.0,0.0,0.0,1.0,0.0,0.0,0.0
GRID_CBE_04132,Cropland,0.0,0.0,0.0,1.0,0.0,0.0,0.0
GRID_CBE_04133,Cropland,0.0,0.0,0.0,1.0,0.0,0.0,0.0
GRID_CBE_04134,Cropland,0.0,0.0,0.0,1.0,0.0,0.0,0.0
GRID_CBE_04135,Tree cover,1.0,0.0,0.0,0.0,0.0,0.0,0.0
GRID_CBE_04136,Tree cover,1.0,0.0,0.0,0.0,0.0,0.0,0.0
GRID_CBE_04137,Tree cover,1.0,0.0,0.0,0.0,0.0,0.0,0.0
GRID_CBE_04138,Tree cover,1.0,0.0,0.0,0.0,0.0,0.0,0.0
GRID_CBE_04139,Tree cover,1.0,0.0,0.0,0.0,0.0,0.0,0.0
GRID_CBE_04140,Tree cover,1.0,0.0,0.0,0.0,0.0,0.0,0.0
GRID_CBE_04141,Tree cover,1.0,0.0,0.0,0.0,0.0,0.0,0.0
GRID_CBE_04142,Tree cover,1.0,0.0,0.0,0.0,0.0,0.0,0.0
GRID_CBE_04143,Tree cover,1.0,0.0,0.0,0.0,0.0,0.0,0.0
GRID_CBE_04144,Tree cover,1.0,0.0,0.0,0.0,0.0,0.0,0.0
GRID_CBE_04145,Tree cover,1.0,0.0,0.0,0.0,0.0,0.0,0.0
GRID_CBE_04146,Tree cover,1.0,0.0,0.0,0.0,0.0,0.0,0.0
GRID_CBE_04147,Tree cover,1.0,0.0,0.0,0.0,0.0,0.0,0.0
GRID_CBE_04148,Tree cover,1.0,0.0,0.0,0.0,0.0,0.0,0.0
GRID_CBE_04149,Tree cover,1.0,0.0,0.0,0.0,0.0,0.0,0.0
GRID_CBE_04150,Tree cover,1.0,0.0,0.0,0.0,0.0,0.0,0.0
GRID_CBE_04151,Tree cover,1.0,0.0,0.0,0.0,0.0,0.0,0.0
GRID_CBE_04152,Tree cover,1.0,0.0,0.0,0.0,0.0,0.0,0.0
GRID_CBE_04153,Tree cover,1.0,0.0,0.0,0.0,0.0,0.0,0.0
GRID_CBE_04154,Tree cover,1.0,0.0,0.0,0.0,0.0,0.0,0.0
GRID_CBE_04155,Tree cover,1.0,0.0,0.0,0.0,0.0,0.0,0.0
GRID_CBE_04156,Tree cover,1.0,0.0,0.0,0.0,0.0,0.0,0.0
GRID_CBE_04157,Tree cover,0.6364,0.0,0.0,0.3636,0.0,0.0,0.0
GRID_CBE_04158,Cropland,0.2727,0.0,0.0,0.7273,0.0,0.0,0.0
GRID_CBE_04159,Cropland,0.0,0.0,0.0,1.0,0.0,0.0,0.0
GRID_CBE_04160,Cropland,0.0,0.0,0.0,1.0,0.0,0.0,0.0
GRID_CBE_04161,Cropland,0.0,0.0,0.0,1.0,0.0,0.0,0.0
GRID_CBE_04162,Cropland,0.0,0.0,0.0,1.0,0.0,0.0,0.0
GRID_CBE_04163,Cropland,0.0,0.0,0.0,1.0,0.0,0.0,0.0
GRID_CBE_04164,Cropland,0.0,0.0,0.0,1.0,0.0,0.0,0.0
GRID_CBE_04165,Cropland,0.0,0.0,0.0,1.0,0.0,0.0,0.0
GRID_CBE_04166,Cropland,0.0,0.0,0.0,1.0,0.0,0.0,0.0
GRID_CBE_04167,Cropland,0.0,0.0,0.0,1.0,0.0,0.0,0.0
GRID_CBE_04168,Cropland,0.0,0.0,0.0,1.0,0.0,0.0,0.0
GRID_CBE_04169,Cropland,0.0,0.0,0.0,1.0,0.0,0.0,0.0
GRID_CBE_04170,Cropland,0.0,0.0,0.0,1.0,0.0,0.0,0.0
GRID_CBE_04171,Cropland,0.0,0.0,0.0,1.0,0.0,0.0,0.0
GRID_CBE_04172,Cropland,0.0,0.0,0.0,1.0,0.0,0.0,0.0
GRID_CBE_04173,Cropland,0.0,0.0,0.0,1.0,0.0,0.0,0.0
GRID_CBE_04174,Cropland,0.0,0.0,0.0,1.0,0.0,0.0,0.0
GRID_CBE_04175,Cropland,0.0,0.0,0.0,1.0,0.0,0.0,0.0
GRID_CBE_04176,Cropland,0.0,0.0,0.0,1.0,0.0,0.0,0.0
GRID_CBE_04177,Cropland,0.0,0.0,0.0,1.0,0.0,0.0,0.0
GRID_CBE_04178,Cropland,0.0,0.0,0.0,1.0,0.0,0.0,0.0
GRID_CBE_04179,Cropland,0.0,0.0,0.0,1.0,0.0,0.0,0.0
GRID_CBE_04180,Cropland,0.0,0.0,0.0,1.0,0.0,0.0,0.0
GRID_CBE_04181,Cropland,0.0,0.0,0.0,1.0,0.0,0.0,0.0
GRID_CBE_04182,Cropland,0.0,0.0,0.0,1.0,0.0,0.0,0.0
GRID_CBE_04183,Cropland,0.0,0.0,0.0,1.0,0.0,0.0,0.0
GRID_CBE_04184,Cropland,0.0,0.0,0.0,1.0,0.0,0.0,0.0
GRID_CBE_04185,Cropland,0.0,0.0,0.0,1.0,0.0,0.0,0.0
GRID_CBE_04186,Cropland,0.0,0.0,0.0,1.0,0.0,0.0,0.0
GRID_CBE_04187,Cropland,0.0,0.0,0.0,1.0,0.0,0.0,0.0
GRID_CBE_04188,Cropland,0.0,0.0,0.0,1.0,0.0,0.0,0.0
GRID_CBE_04189,Cropland,0.0,0.0,0.0,1.0,0.0,0.0,0.0
GRID_CBE_04190,Cropland,0.0,0.0,0.0,1.0,0.0,0.0,0.0
GRID_CBE_04191,Cropland,0.0,0.0,0.0,1.0,0.0,0.0,0.0
GRID_CBE_04192,Cropland,0.0,0.0,0.0,1.0,0.0,0.0,0.0
GRID_CBE_04193,Cropland,0.0,0.0,0.0,1.0,0.0,0.0,0.0
GRID_CBE_04194,Cropland,0.0,0.0,0.0,1.0,0.0,0.0,0.0
GRID_CBE_04195,Cropland,0.0,0.0,0.0,1.0,0.0,0.0,0.0
GRID_CBE_04196,Cropland,0.0,0.0,0.0,1.0,0.0,0.0,0.0
GRID_CBE_04197,Cropland,0.0,0.0,0.0,1.0,0.0,0.0,0.0
GRID_CBE_04198,Cropland,0.0,0.0,0.0,1.0,0.0,0.0,0.0
GRID_CBE_04199,Cropland,0.0,0.0,0.0,1.0,0.0,0.0,0.0
GRID_CBE_04200,Cropland,0.0,0.0,0.0,1.0,0.0,0.0,0.0
GRID_CBE_04201,Cropland,0.0,0.0,0.0,1.0,0.0,0.0,0.0
GRID_CBE_04202,Cropland,0.0,0.0,0.0,1.0,0.0,0.0,0.0
GRID_CBE_04203,Cropland,0.0,0.0,0.0,1.0,0.0,0.0,0.0
GRID_CBE_04204,Cropland,0.0,0.0,0.0,1.0,0.0,0.0,0.0
GRID_CBE_04205,Cropland,0.0,0.0,0.0,1.0,0.0,0.0,0.0
GRID_CBE_04206,Cropland,0.0,0.0,0.0,1.0,0.0,0.0,0.0
GRID_CBE_04207,Cropland,0.0,0.0,0.0,1.0,0.0,0.0,0.0
GRID_CBE_04208,Cropland,0.0,0.0,0.0,1.0,0.0,0.0,0.0
GRID_CBE_04209,Cropland,0.0,0.0,0.0,1.0,0.0,0.0,0.0
GRID_CBE_04210,Cropland,0.0,0.0,0.0,1.0,0.0,0.0,0.0
GRID_CBE_04211,Cropland,0.0,0.0,0.0,1.0,0.0,0.0,0.0
GRID_CBE_04212,Cropland,0.0,0.0,0.0,1.0,0.0,0.0,0.0
GRID_CBE_04213,Tree cover,1.0,0.0,0.0,0.0,0.0,0.0,0.0
GRID_CBE_04214,Tree cover,1.0,0.0,0.0,0.0,0.0,0.0,0.0
GRID_CBE_04215,Tree cover,1.0,0.0,0.0,0.0,0.0,0.0,0.0
GRID_CBE_04216,Tree cover,1.0,0.0,0.0,0.0,0.0,0.0,0.0
GRID_CBE_04217,Tree cover,1.0,0.0,0.0,0.0,0.0,0.0,0.0
GRID_CBE_04218,Tree cover,1.0,0.0,0.0,0.0,0.0,0.0,0.0
GRID_CBE_04219,Tree cover,1.0,0.0,0.0,0.0,0.0,0.0,0.0
GRID_CBE_04220,Tree cover,1.0,0.0,0.0,0.0,0.0,0.0,0.0
GRID_CBE_04221,Tree cover,1.0,0.0,0.0,0.0,0.0,0.0,0.0
GRID_CBE_04222,Tree cover,1.0,0.0,0.0,0.0,0.0,0.0,0.0
GRID_CBE_04223,Tree cover,1.0,0.0,0.0,0.0,0.0,0.0,0.0
GRID_CBE_04224,Tree cover,1.0,0.0,0.0,0.0,0.0,0.0,0.0
GRID_CBE_04225,Tree cover,1.0,0.0,0.0,0.0,0.0,0.0,0.0
GRID_CBE_04226,Tree cover,1.0,0.0,0.0,0.0,0.0,0.0,0.0
GRID_CBE_04227,Tree cover,1.0,0.0,0.0,0.0,0.0,0.0,0.0
GRID_CBE_04228,Tree cover,1.0,0.0,0.0,0.0,0.0,0.0,0.0
GRID_CBE_04229,Tree cover,1.0,0.0,0.0,0.0,0.0,0.0,0.0
GRID_CBE_04230,Tree cover,1.0,0.0,0.0,0.0,0.0,0.0,0.0
GRID_CBE_04231,Tree cover,1.0,0.0,0.0,0.0,0.0,0.0,0.0
GRID_CBE_04232,Tree cover,1.0,0.0,0.0,0.0,0.0,0.0,0.0
GRID_CBE_04233,Tree cover,1.0,0.0,0.0,0.0,0.0,0.0,0.0
GRID_CBE_04234,Tree cover,1.0,0.0,0.0,0.0,0.0,0.0,0.0
GRID_CBE_04235,Tree cover,0.6364,0.0,0.0,0.3636,0.0,0.0,0.0
GRID_CBE_04236,Cropland,0.2727,0.0,0.0,0.7273,0.0,0.0,0.0
GRID_CBE_04237,Cropland,0.0,0.0,0.0,1.0,0.0,0.0,0.0
GRID_CBE_04238,Cropland,0.0,0.0,0.0,1.0,0.0,0.0,0.0
GRID_CBE_04239,Cropland,0.0,0.0,0.0,1.0,0.0,0.0,0.0
GRID_CBE_04240,Cropland,0.0,0.0,0.0,1.0,0.0,0.0,0.0
GRID_CBE_04241,Cropland,0.0,0.0,0.0,1.0,0.0,0.0,0.0
GRID_CBE_04242,Cropland,0.0,0.0,0.0,1.0,0.0,0.0,0.0
GRID_CBE_04243,Cropland,0.0,0.0,0.0,1.0,0.0,0.0,0.0
GRID_CBE_04244,Cropland,0.0,0.0,0.0,1.0,0.0,0.0,0.0
GRID_CBE_04245,Cropland,0.0,0.0,0.0,1.0,0.0,0.0,0.0
GRID_CBE_04246,Cropland,0.0,0.0,0.0,1.0,0.0,0.0,0.0
GRID_CBE_04247,Cropland,0.0,0.0,0.0,1.0,0.0,0.0,0.0
GRID_CBE_04248,Cropland,0.0,0.0,0.0,1.0,0.0,0.0,0.0
GRID_CBE_04249,Cropland,0.0,0.0,0.0,1.0,0.0,0.0,0.0
GRID_CBE_04250,Cropland,0.0,0.0,0.0,1.0,0.0,0.0,0.0
GRID_CBE_04251,Cropland,0.0,0.0,0.0,1.0,0.0,0.0,0.0
GRID_CBE_04252,Cropland,0.0,0.0,0.0,1.0,0.0,0.0,0.0
GRID_CBE_04253,Cropland,0.0,0.0,0.0,1.0,0.0,0.0,0.0
GRID_CBE_04254,Cropland,0.0,0.0,0.0,1.0,0.0,0.0,0.0
GRID_CBE_04255,Cropland,0.0,0.0,0.0,1.0,0.0,0.0,0.0
GRID_CBE_04256,Cropland,0.0,0.0,0.0,1.0,0.0,0.0,0.0
GRID_CBE_04257,Cropland,0.0,0.0,0.0,1.0,0.0,0.0,0.0
GRID_CBE_04258,Cropland,0.0,0.0,0.0,1.0,0.0,0.0,0.0
GRID_CBE_04259,Cropland,0.0,0.0,0.0,1.0,0.0,0.0,0.0
GRID_CBE_04260,Cropland,0.0,0.0,0.0,1.0,0.0,0.0,0.0
GRID_CBE_04261,Cropland,0.0,0.0,0.0,1.0,0.0,0.0,0.0
GRID_CBE_04262,Cropland,0.0,0.0,0.0,1.0,0.0,0.0,0.0
GRID_CBE_04263,Cropland,0.0,0.0,0.0,1.0,0.0,0.0,0.0
GRID_CBE_04264,Cropland,0.0,0.0,0.0,1.0,0.0,0.0,0.0
GRID_CBE_04265,Cropland,0.0,0.0,0.0,1.0,0.0,0.0,0.0
GRID_CBE_04266,Cropland,0.0,0.0,0.0,1.0,0.0,0.0,0.0
GRID_CBE_04267,Cropland,0.0,0.0,0.0,1.0,0.0,0.0,0.0
GRID_CBE_04268,Cropland,0.0,0.0,0.0,1.0,0.0,0.0,0.0
GRID_CBE_04269,Cropland,0.0,0.0,0.0,1.0,0.0,0.0,0.0
GRID_CBE_04270,Cropland,0.0,0.0,0.0,1.0,0.0,0.0,0.0
GRID_CBE_04271,Cropland,0.0,0.0,0.0,1.0,0.0,0.0,0.0
GRID_CBE_04272,Cropland,0.0,0.0,0.0,1.0,0.0,0.0,0.0
GRID_CBE_04273,Cropland,0.0,0.0,0.0,1.0,0.0,0.0,0.0
GRID_CBE_04274,Cropland,0.0,0.0,0.0,1.0,0.0,0.0,0.0
GRID_CBE_04275,Cropland,0.0,0.0,0.0,1.0,0.0,0.0,0.0
GRID_CBE_04276,Cropland,0.0,0.0,0.0,1.0,0.0,0.0,0.0
GRID_CBE_04277,Cropland,0.0,0.0,0.0,1.0,0.0,0.0,0.0
GRID_CBE_04278,Cropland,0.0,0.0,0.0,1.0,0.0,0.0,0.0
GRID_CBE_04279,Cropland,0.0,0.0,0.0,1.0,0.0,0.0,0.0
GRID_CBE_04280,Cropland,0.0,0.0,0.0,1.0,0.0,0.0,0.0
GRID_CBE_04281,Cropland,0.0,0.0,0.0,1.0,0.0,0.0,0.0
GRID_CBE_04282,Cropland,0.0,0.0,0.0,1.0,0.0,0.0,0.0
GRID_CBE_04283,Cropland,0.0,0.0,0.0,1.0,0.0,0.0,0.0
GRID_CBE_04284,Cropland,0.0,0.0,0.0,1.0,0.0,0.0,0.0
GRID_CBE_04285,Cropland,0.0,0.0,0.0,1.0,0.0,0.0,0.0
GRID_CBE_04286,Cropland,0.0,0.0,0.0,1.0,0.0,0.0,0.0
GRID_CBE_04287,Cropland,0.0,0.0,0.0,1.0,0.0,0.0,0.0
GRID_CBE_04288,Cropland,0.0,0.0,0.0,1.0,0.0,0.0,0.0
GRID_CBE_04289,Cropland,0.0,0.0,0.0,1.0,0.0,0.0,0.0
GRID_CBE_04290,Cropland,0.0,0.0,0.0,1.0,0.0,0.0,0.0
GRID_CBE_04291,Tree cover,0.7273,0.2727,0.0,0.0,0.0,0.0,0.0
GRID_CBE_04292,Tree cover,0.7273,0.2727,0.0,0.0,0.0,0.0,0.0
GRID_CBE_04293,Tree cover,0.7273,0.2727,0.0,0.0,0.0,0.0,0.0
GRID_CBE_04294,Tree cover,0.7273,0.2727,0.0,0.0,0.0,0.0,0.0
GRID_CBE_04295,Tree cover,0.7273,0.2727,0.0,0.0,0.0,0.0,0.0
GRID_CBE_04296,Tree cover,0.7273,0.2727,0.0,0.0,0.0,0.0,0.0
GRID_CBE_04297,Tree cover,0.7273,0.2727,0.0,0.0,0.0,0.0,0.0
GRID_CBE_04298,Tree cover,0.7273,0.2727,0.0,0.0,0.0,0.0,0.0
GRID_CBE_04299,Tree cover,0.7273,0.2727,0.0,0.0,0.0,0.0,0.0
GRID_CBE_04300,Tree cover,0.7273,0.2727,0.0,0.0,0.0,0.0,0.0
GRID_CBE_04301,Tree cover,0.7273,0.2727,0.0,0.0,0.0,0.0,0.0
GRID_CBE_04302,Tree cover,0.7273,0.2727,0.0,0.0,0.0,0.0,0.0
GRID_CBE_04303,Tree cover,0.7273,0.2727,0.0,0.0,0.0,0.0,0.0
GRID_CBE_04304,Tree cover,0.7273,0.2727,0.0,0.0,0.0,0.0,0.0
GRID_CBE_04305,Tree cover,0.7273,0.2727,0.0,0.0,0.0,0.0,0.0
GRID_CBE_04306,Tree cover,0.7273,0.2727,0.0,0.0,0.0,0.0,0.0
GRID_CBE_04307,Tree cover,0.7273,0.2727,0.0,0.0,0.0,0.0,0.0
GRID_CBE_04308,Tree cover,0.7273,0.2727,0.0,0.0,0.0,0.0,0.0
GRID_CBE_04309,Tree cover,0.7273,0.2727,0.0,0.0,0.0,0.0,0.0
GRID_CBE_04310,Tree cover,0.7273,0.2727,0.0,0.0,0.0,0.0,0.0
GRID_CBE_04311,Tree cover,0.7273,0.2727,0.0,0.0,0.0,0.0,0.0
GRID_CBE_04312,Tree cover,0.7273,0.2727,0.0,0.0,0.0,0.0,0.0
GRID_CBE_04313,Tree cover,0.4628,0.2727,0.0,0.2645,0.0,0.0,0.0
GRID_CBE_04314,Cropland,0.2231,0.1818,0.0,0.595,0.0,0.0,0.0001
GRID_CBE_04315,Cropland,0.0,0.1818,0.0,0.8182,0.0,0.0,0.0
GRID_CBE_04316,Cropland,0.0,0.1818,0.0,0.8182,0.0,0.0,0.0
GRID_CBE_04317,Cropland,0.0,0.1818,0.0,0.8182,0.0,0.0,0.0
GRID_CBE_04318,Cropland,0.0,0.1818,0.0,0.8182,0.0,0.0,0.0
GRID_CBE_04319,Cropland,0.0,0.1818,0.0,0.8182,0.0,0.0,0.0
GRID_CBE_04320,Cropland,0.0,0.1818,0.0,0.8182,0.0,0.0,0.0
GRID_CBE_04321,Cropland,0.0,0.1653,0.0,0.8347,0.0,0.0,0.0
GRID_CBE_04322,Cropland,0.0,0.0992,0.0,0.9008,0.0,0.0,0.0
GRID_CBE_04323,Cropland,0.0,0.0331,0.0,0.9669,0.0,0.0,0.0
GRID_CBE_04324,Cropland,0.0,0.0,0.0,1.0,0.0,0.0,0.0
GRID_CBE_04325,Cropland,0.0,0.0,0.0,1.0,0.0,0.0,0.0
GRID_CBE_04326,Cropland,0.0,0.0,0.0,1.0,0.0,0.0,0.0
GRID_CBE_04327,Cropland,0.0,0.0,0.0,1.0,0.0,0.0,0.0
GRID_CBE_04328,Cropland,0.0,0.0,0.0,1.0,0.0,0.0,0.0
GRID_CBE_04329,Cropland,0.0,0.0,0.0,1.0,0.0,0.0,0.0
GRID_CBE_04330,Cropland,0.0,0.0,0.0,1.0,0.0,0.0,0.0
GRID_CBE_04331,Cropland,0.0,0.0,0.0,1.0,0.0,0.0,0.0
GRID_CBE_04332,Cropland,0.0,0.0,0.0,1.0,0.0,0.0,0.0
GRID_CBE_04333,Cropland,0.0,0.0,0.0,1.0,0.0,0.0,0.0
GRID_CBE_04334,Cropland,0.0,0.0,0.0,1.0,0.0,0.0,0.0
GRID_CBE_04335,Cropland,0.0,0.0,0.0,1.0,0.0,0.0,0.0
GRID_CBE_04336,Cropland,0.0,0.0,0.0,1.0,0.0,0.0,0.0
GRID_CBE_04337,Cropland,0.0,0.0,0.0,1.0,0.0,0.0,0.0
GRID_CBE_04338,Cropland,0.0,0.0,0.0,1.0,0.0,0.0,0.0
GRID_CBE_04339,Cropland,0.0,0.0,0.0,1.0,0.0,0.0,0.0
GRID_CBE_04340,Cropland,0.0,0.0,0.0,1.0,0.0,0.0,0.0
GRID_CBE_04341,Cropland,0.0,0.0,0.0,1.0,0.0,0.0,0.0
GRID_CBE_04342,Cropland,0.0,0.0,0.0,1.0,0.0,0.0,0.0
GRID_CBE_04343,Cropland,0.0,0.0,0.0,1.0,0.0,0.0,0.0
GRID_CBE_04344,Cropland,0.0,0.0,0.0,1.0,0.0,0.0,0.0
GRID_CBE_04345,Cropland,0.0,0.0,0.0,1.0,0.0,0.0,0.0
GRID_CBE_04346,Cropland,0.0,0.0,0.0,1.0,0.0,0.0,0.0
GRID_CBE_04347,Cropland,0.0,0.0,0.0,1.0,0.0,0.0,0.0
GRID_CBE_04348,Cropland,0.0,0.0,0.0,1.0,0.0,0.0,0.0
GRID_CBE_04349,Cropland,0.0,0.0,0.0,1.0,0.0,0.0,0.0
GRID_CBE_04350,Cropland,0.0,0.0,0.0,1.0,0.0,0.0,0.0
GRID_CBE_04351,Cropland,0.0,0.0,0.0,1.0,0.0,0.0,0.0
GRID_CBE_04352,Cropland,0.0,0.0,0.0,1.0,0.0,0.0,0.0
GRID_CBE_04353,Cropland,0.0,0.0,0.0,1.0,0.0,0.0,0.0
GRID_CBE_04354,Cropland,0.0,0.0,0.0,1.0,0.0,0.0,0.0
GRID_CBE_04355,Cropland,0.0,0.0,0.0,1.0,0.0,0.0,0.0
GRID_CBE_04356,Cropland,0.0,0.0,0.0,1.0,0.0,0.0,0.0
GRID_CBE_04357,Cropland,0.0,0.0,0.0,1.0,0.0,0.0,0.0
GRID_CBE_04358,Cropland,0.0,0.0,0.0,1.0,0.0,0.0,0.0
GRID_CBE_04359,Cropland,0.0,0.0,0.0,1.0,0.0,0.0,0.0
GRID_CBE_04360,Cropland,0.0,0.0,0.0,1.0,0.0,0.0,0.0
GRID_CBE_04361,Cropland,0.0,0.0,0.0,1.0,0.0,0.0,0.0
GRID_CBE_04362,Cropland,0.0,0.0,0.0,1.0,0.0,0.0,0.0
GRID_CBE_04363,Cropland,0.0,0.0,0.0,1.0,0.0,0.0,0.0
GRID_CBE_04364,Cropland,0.0,0.0,0.0,1.0,0.0,0.0,0.0
GRID_CBE_04365,Cropland,0.0,0.0,0.0,1.0,0.0,0.0,0.0
GRID_CBE_04366,Cropland,0.0,0.0,0.0,1.0,0.0,0.0,0.0
GRID_CBE_04367,Cropland,0.0,0.0,0.0,1.0,0.0,0.0,0.0
GRID_CBE_04368,Cropland,0.0,0.0,0.0,1.0,0.0,0.0,0.0
GRID_CBE_04369,Shrubland,0.4545,0.5455,0.0,0.0,0.0,0.0,0.0
GRID_CBE_04370,Shrubland,0.4545,0.5455,0.0,0.0,0.0,0.0,0.0
GRID_CBE_04371,Shrubland,0.4545,0.5455,0.0,0.0,0.0,0.0,0.0
GRID_CBE_04372,Shrubland,0.4545,0.5455,0.0,0.0,0.0,0.0,0.0
GRID_CBE_04373,Shrubland,0.4545,0.5455,0.0,0.0,0.0,0.0,0.0
GRID_CBE_04374,Shrubland,0.4545,0.5455,0.0,0.0,0.0,0.0,0.0
GRID_CBE_04375,Shrubland,0.4545,0.5455,0.0,0.0,0.0,0.0,0.0
GRID_CBE_04376,Shrubland,0.4545,0.5455,0.0,0.0,0.0,0.0,0.0
GRID_CBE_04377,Shrubland,0.4545,0.5455,0.0,0.0,0.0,0.0,0.0
GRID_CBE_04378,Shrubland,0.4545,0.5455,0.0,0.0,0.0,0.0,0.0
GRID_CBE_04379,Shrubland,0.4545,0.5455,0.0,0.0,0.0,0.0,0.0
GRID_CBE_04380,Shrubland,0.4545,0.5455,0.0,0.0,0.0,0.0,0.0
GRID_CBE_04381,Shrubland,0.4545,0.5455,0.0,0.0,0.0,0.0,0.0
GRID_CBE_04382,Shrubland,0.4545,0.5455,0.0,0.0,0.0,0.0,0.0
GRID_CBE_04383,Shrubland,0.4545,0.5455,0.0,0.0,0.0,0.0,0.0
GRID_CBE_04384,Shrubland,0.4545,0.5455,0.0,0.0,0.0,0.0,0.0
GRID_CBE_04385,Shrubland,0.4545,0.5455,0.0,0.0,0.0,0.0,0.0
GRID_CBE_04386,Shrubland,0.4545,0.5455,0.0,0.0,0.0,0.0,0.0
GRID_CBE_04387,Shrubland,0.4545,0.5455,0.0,0.0,0.0,0.0,0.0
GRID_CBE_04388,Shrubland,0.4545,0.5455,0.0,0.0,0.0,0.0,0.0
GRID_CBE_04389,Shrubland,0.4545,0.5455,0.0,0.0,0.0,0.0,0.0
GRID_CBE_04390,Shrubland,0.4545,0.5455,0.0,0.0,0.0,0.0,0.0
GRID_CBE_04391,Shrubland,0.2893,0.5455,0.0,0.1653,0.0,0.0,0.0
GRID_CBE_04392,Shrubland,0.124,0.5455,0.0,0.3306,0.0,0.0,0.0
GRID_CBE_04393,Cropland,0.0,0.4545,0.0,0.5455,0.0,0.0,0.0
GRID_CBE_04394,Cropland,0.0,0.4545,0.0,0.5455,0.0,0.0,0.0
GRID_CBE_04395,Cropland,0.0,0.4545,0.0,0.5455,0.0,0.0,0.0
GRID_CBE_04396,Cropland,0.0,0.4545,0.0,0.5455,0.0,0.0,0.0
GRID_CBE_04397,Cropland,0.0,0.4545,0.0,0.5455,0.0,0.0,0.0
GRID_CBE_04398,Cropland,0.0,0.4545,0.0,0.5455,0.0,0.0,0.0
GRID_CBE_04399,Cropland,0.0,0.4132,0.0,0.5868,0.0,0.0,0.0
GRID_CBE_04400,Cropland,0.0,0.2479,0.0,0.7521,0.0,0.0,0.0
GRID_CBE_04401,Cropland,0.0,0.0826,0.0,0.9174,0.0,0.0,0.0
GRID_CBE_04402,Cropland,0.0,0.0,0.0,1.0,0.0,0.0,0.0
GRID_CBE_04403,Cropland,0.0,0.0,0.0,1.0,0.0,0.0,0.0
GRID_CBE_04404,Cropland,0.0,0.0,0.0,1.0,0.0,0.0,0.0
GRID_CBE_04405,Cropland,0.0,0.0,0.0,1.0,0.0,0.0,0.0
GRID_CBE_04406,Cropland,0.0,0.0,0.0,1.0,0.0,0.0,0.0
GRID_CBE_04407,Cropland,0.0,0.0,0.0,1.0,0.0,0.0,0.0
GRID_CBE_04408,Cropland,0.0,0.0,0.0,1.0,0.0,0.0,0.0
GRID_CBE_04409,Cropland,0.0,0.0,0.0,1.0,0.0,0.0,0.0
GRID_CBE_04410,Cropland,0.0,0.0,0.0,1.0,0.0,0.0,0.0
GRID_CBE_04411,Cropland,0.0,0.0,0.0,1.0,0.0,0.0,0.0
GRID_CBE_04412,Cropland,0.0,0.0,0.0,1.0,0.0,0.0,0.0
GRID_CBE_04413,Cropland,0.0,0.0,0.0,1.0,0.0,0.0,0.0
GRID_CBE_04414,Cropland,0.0,0.0,0.0,1.0,0.0,0.0,0.0
GRID_CBE_04415,Cropland,0.0,0.0,0.0,1.0,0.0,0.0,0.0
GRID_CBE_04416,Cropland,0.0,0.0,0.0,1.0,0.0,0.0,0.0
GRID_CBE_04417,Cropland,0.0,0.0,0.0,1.0,0.0,0.0,0.0
GRID_CBE_04418,Cropland,0.0,0.0,0.0,1.0,0.0,0.0,0.0
GRID_CBE_04419,Cropland,0.0,0.0,0.0,1.0,0.0,0.0,0.0
GRID_CBE_04420,Cropland,0.0,0.0,0.0,1.0,0.0,0.0,0.0
GRID_CBE_04421,Cropland,0.0,0.0,0.0,1.0,0.0,0.0,0.0
GRID_CBE_04422,Cropland,0.0,0.0,0.0,1.0,0.0,0.0,0.0
GRID_CBE_04423,Cropland,0.0,0.0,0.0,1.0,0.0,0.0,0.0
GRID_CBE_04424,Cropland,0.0,0.0,0.0,1.0,0.0,0.0,0.0
GRID_CBE_04425,Cropland,0.0,0.0,0.0,1.0,0.0,0.0,0.0
GRID_CBE_04426,Cropland,0.0,0.0,0.0,1.0,0.0,0.0,0.0
GRID_CBE_04427,Cropland,0.0,0.0,0.0,1.0,0.0,0.0,0.0
GRID_CBE_04428,Cropland,0.0,0.0,0.0,1.0,0.0,0.0,0.0
GRID_CBE_04429,Cropland,0.0,0.0,0.0,1.0,0.0,0.0,0.0
GRID_CBE_04430,Cropland,0.0,0.0,0.0,1.0,0.0,0.0,0.0
GRID_CBE_04431,Cropland,0.0,0.0,0.0,1.0,0.0,0.0,0.0
GRID_CBE_04432,Cropland,0.0,0.0,0.0,1.0,0.0,0.0,0.0
GRID_CBE_04433,Cropland,0.0,0.0,0.0,1.0,0.0,0.0,0.0
GRID_CBE_04434,Cropland,0.0,0.0,0.0,1.0,0.0,0.0,0.0
GRID_CBE_04435,Cropland,0.0,0.0,0.0,1.0,0.0,0.0,0.0
GRID_CBE_04436,Cropland,0.0,0.0,0.0,1.0,0.0,0.0,0.0
GRID_CBE_04437,Cropland,0.0,0.0,0.0,1.0,0.0,0.0,0.0
GRID_CBE_04438,Cropland,0.0,0.0,0.0,1.0,0.0,0.0,0.0
GRID_CBE_04439,Cropland,0.0,0.0,0.0,1.0,0.0,0.0,0.0
GRID_CBE_04440,Cropland,0.0,0.0,0.0,1.0,0.0,0.0,0.0
GRID_CBE_04441,Cropland,0.0,0.0,0.0,1.0,0.0,0.0,0.0
GRID_CBE_04442,Cropland,0.0,0.0,0.0,1.0,0.0,0.0,0.0
GRID_CBE_04443,Cropland,0.0,0.0,0.0,1.0,0.0,0.0,0.0
GRID_CBE_04444,Cropland,0.0,0.0,0.0,1.0,0.0,0.0,0.0
GRID_CBE_04445,Cropland,0.0,0.0,0.0,1.0,0.0,0.0,0.0
GRID_CBE_04446,Cropland,0.0,0.0,0.0,1.0,0.0,0.0,0.0
GRID_CBE_04447,Shrubland,0.1818,0.8182,0.0,0.0,0.0,0.0,0.0
GRID_CBE_04448,Shrubland,0.1818,0.8182,0.0,0.0,0.0,0.0,0.0
GRID_CBE_04449,Shrubland,0.1818,0.8182,0.0,0.0,0.0,0.0,0.0
GRID_CBE_04450,Shrubland,0.1818,0.8182,0.0,0.0,0.0,0.0,0.0
GRID_CBE_04451,Shrubland,0.1818,0.8182,0.0,0.0,0.0,0.0,0.0
GRID_CBE_04452,Shrubland,0.1818,0.8182,0.0,0.0,0.0,0.0,0.0
GRID_CBE_04453,Shrubland,0.1818,0.8182,0.0,0.0,0.0,0.0,0.0
GRID_CBE_04454,Shrubland,0.1818,0.8182,0.0,0.0,0.0,0.0,0.0
GRID_CBE_04455,Shrubland,0.1818,0.8182,0.0,0.0,0.0,0.0,0.0
GRID_CBE_04456,Shrubland,0.1818,0.8182,0.0,0.0,0.0,0.0,0.0
GRID_CBE_04457,Shrubland,0.1818,0.8182,0.0,0.0,0.0,0.0,0.0
GRID_CBE_04458,Shrubland,0.1818,0.8182,0.0,0.0,0.0,0.0,0.0
GRID_CBE_04459,Shrubland,0.1818,0.8182,0.0,0.0,0.0,0.0,0.0
GRID_CBE_04460,Shrubland,0.1818,0.8182,0.0,0.0,0.0,0.0,0.0
GRID_CBE_04461,Shrubland,0.1818,0.8182,0.0,0.0,0.0,0.0,0.0
GRID_CBE_04462,Shrubland,0.1818,0.8182,0.0,0.0,0.0,0.0,0.0
GRID_CBE_04463,Shrubland,0.1818,0.8182,0.0,0.0,0.0,0.0,0.0
GRID_CBE_04464,Shrubland,0.1818,0.8182,0.0,0.0,0.0,0.0,0.0
GRID_CBE_04465,Shrubland,0.1818,0.8182,0.0,0.0,0.0,0.0,0.0
GRID_CBE_04466,Shrubland,0.1818,0.8182,0.0,0.0,0.0,0.0,0.0
GRID_CBE_04467,Shrubland,0.1818,0.8182,0.0,0.0,0.0,0.0,0.0
GRID_CBE_04468,Shrubland,0.1818,0.8182,0.0,0.0,0.0,0.0,0.0
GRID_CBE_04469,Shrubland,0.1157,0.8182,0.0,0.0661,0.0,0.0,0.0
GRID_CBE_04470,Shrubland,0.0496,0.8182,0.0,0.1322,0.0,0.0,0.0
GRID_CBE_04471,Shrubland,0.0,0.8182,0.0,0.1818,0.0,0.0,0.0
GRID_CBE_04472,Shrubland,0.0,0.7273,0.0,0.2727,0.0,0.0,0.0
GRID_CBE_04473,Shrubland,0.0,0.7273,0.0,0.2727,0.0,0.0,0.0
GRID_CBE_04474,Shrubland,0.0,0.7273,0.0,0.2727,0.0,0.0,0.0
GRID_CBE_04475,Shrubland,0.0,0.7273,0.0,0.2727,0.0,0.0,0.0
GRID_CBE_04476,Shrubland,0.0,0.7273,0.0,0.2727,0.0,0.0,0.0
GRID_CBE_04477,Shrubland,0.0,0.6612,0.0,0.3388,0.0,0.0,0.0
GRID_CBE_04478,Cropland,0.0,0.3967,0.0,0.6033,0.0,0.0,0.0
GRID_CBE_04479,Cropland,0.0,0.1322,0.0,0.8678,0.0,0.0,0.0
GRID_CBE_04480,Cropland,0.0,0.0,0.0,1.0,0.0,0.0,0.0
GRID_CBE_04481,Cropland,0.0,0.0,0.0,1.0,0.0,0.0,0.0
GRID_CBE_04482,Cropland,0.0,0.0,0.0,1.0,0.0,0.0,0.0
GRID_CBE_04483,Cropland,0.0,0.0,0.0,1.0,0.0,0.0,0.0
GRID_CBE_04484,Cropland,0.0,0.0,0.0,1.0,0.0,0.0,0.0
GRID_CBE_04485,Cropland,0.0,0.0,0.0,1.0,0.0,0.0,0.0
GRID_CBE_04486,Cropland,0.0,0.0,0.0,1.0,0.0,0.0,0.0
GRID_CBE_04487,Cropland,0.0,0.0,0.0,1.0,0.0,0.0,0.0
GRID_CBE_04488,Cropland,0.0,0.0,0.0,1.0,0.0,0.0,0.0
GRID_CBE_04489,Cropland,0.0,0.0,0.0,1.0,0.0,0.0,0.0
GRID_CBE_04490,Cropland,0.0,0.0,0.0,1.0,0.0,0.0,0.0
GRID_CBE_04491,Cropland,0.0,0.0,0.0,1.0,0.0,0.0,0.0
GRID_CBE_04492,Cropland,0.0,0.0,0.0,1.0,0.0,0.0,0.0
GRID_CBE_04493,Cropland,0.0,0.0,0.0,1.0,0.0,0.0,0.0
GRID_CBE_04494,Cropland,0.0,0.0,0.0,1.0,0.0,0.0,0.0
GRID_CBE_04495,Cropland,0.0,0.0,0.0,1.0,0.0,0.0,0.0
GRID_CBE_04496,Cropland,0.0,0.0,0.0,1.0,0.0,0.0,0.0
GRID_CBE_04497,Cropland,0.0,0.0,0.0,1.0,0.0,0.0,0.0
GRID_CBE_04498,Cropland,0.0,0.0,0.0,1.0,0.0,0.0,0.0
GRID_CBE_04499,Cropland,0.0,0.0,0.0,1.0,0.0,0.0,0.0
GRID_CBE_04500,Cropland,0.0,0.0,0.0,1.0,0.0,0.0,0.0
GRID_CBE_04501,Cropland,0.0,0.0,0.0,1.0,0.0,0.0,0.0
GRID_CBE_04502,Cropland,0.0,0.0,0.0,1.0,0.0,0.0,0.0
GRID_CBE_04503,Cropland,0.0,0.0,0.0,1.0,0.0,0.0,0.0
GRID_CBE_04504,Cropland,0.0,0.0,0.0,1.0,0.0,0.0,0.0
GRID_CBE_04505,Cropland,0.0,0.0,0.0,1.0,0.0,0.0,0.0
GRID_CBE_04506,Cropland,0.0,0.0,0.0,1.0,0.0,0.0,0.0
GRID_CBE_04507,Cropland,0.0,0.0,0.0,1.0,0.0,0.0,0.0
GRID_CBE_04508,Cropland,0.0,0.0,0.0,1.0,0.0,0.0,0.0
GRID_CBE_04509,Cropland,0.0,0.0,0.0,1.0,0.0,0.0,0.0
GRID_CBE_04510,Cropland,0.0,0.0,0.0,1.0,0.0,0.0,0.0
GRID_CBE_04511,Cropland,0.0,0.0,0.0,1.0,0.0,0.0,0.0
GRID_CBE_04512,Cropland,0.0,0.0,0.0,1.0,0.0,0.0,0.0
GRID_CBE_04513,Cropland,0.0,0.0,0.0,1.0,0.0,0.0,0.0
GRID_CBE_04514,Cropland,0.0,0.0,0.0,1.0,0.0,0.0,0.0
GRID_CBE_04515,Cropland,0.0,0.0,0.0,1.0,0.0,0.0,0.0
GRID_CBE_04516,Cropland,0.0,0.0,0.0,1.0,0.0,0.0,0.0
GRID_CBE_04517,Cropland,0.0,0.0,0.0,1.0,0.0,0.0,0.0
GRID_CBE_04518,Cropland,0.0,0.0,0.0,1.0,0.0,0.0,0.0
GRID_CBE_04519,Cropland,0.0,0.0,0.0,1.0,0.0,0.0,0.0
GRID_CBE_04520,Cropland,0.0,0.0,0.0,1.0,0.0,0.0,0.0
GRID_CBE_04521,Cropland,0.0,0.0,0.0,1.0,0.0,0.0,0.0
GRID_CBE_04522,Cropland,0.0,0.0,0.0,1.0,0.0,0.0,0.0
GRID_CBE_04523,Cropland,0.0,0.0,0.0,1.0,0.0,0.0,0.0
GRID_CBE_04524,Cropland,0.0,0.0,0.0,1.0,0.0,0.0,0.0
GRID_CBE_04525,Shrubland,0.0,1.0,0.0,0.0,0.0,0.0,0.0
GRID_CBE_04526,Shrubland,0.0,1.0,0.0,0.0,0.0,0.0,0.0
GRID_CBE_04527,Shrubland,0.0,1.0,0.0,0.0,0.0,0.0,0.0
GRID_CBE_04528,Shrubland,0.0,1.0,0.0,0.0,0.0,0.0,0.0
GRID_CBE_04529,Shrubland,0.0,1.0,0.0,0.0,0.0,0.0,0.0
GRID_CBE_04530,Shrubland,0.0,1.0,0.0,0.0,0.0,0.0,0.0
GRID_CBE_04531,Shrubland,0.0,1.0,0.0,0.0,0.0,0.0,0.0
GRID_CBE_04532,Shrubland,0.0,1.0,0.0,0.0,0.0,0.0,0.0
GRID_CBE_04533,Shrubland,0.0,1.0,0.0,0.0,0.0,0.0,0.0
GRID_CBE_04534,Shrubland,0.0,1.0,0.0,0.0,0.0,0.0,0.0
GRID_CBE_04535,Shrubland,0.0,1.0,0.0,0.0,0.0,0.0,0.0
GRID_CBE_04536,Shrubland,0.0,1.0,0.0,0.0,0.0,0.0,0.0
GRID_CBE_04537,Shrubland,0.0,1.0,0.0,0.0,0.0,0.0,0.0
GRID_CBE_04538,Shrubland,0.0,1.0,0.0,0.0,0.0,0.0,0.0
GRID_CBE_04539,Shrubland,0.0,1.0,0.0,0.0,0.0,0.0,0.0
GRID_CBE_04540,Shrubland,0.0,1.0,0.0,0.0,0.0,0.0,0.0
GRID_CBE_04541,Shrubland,0.0,1.0,0.0,0.0,0.0,0.0,0.0
GRID_CBE_04542,Shrubland,0.0,1.0,0.0,0.0,0.0,0.0,0.0
GRID_CBE_04543,Shrubland,0.0,1.0,0.0,0.0,0.0,0.0,0.0
GRID_CBE_04544,Shrubland,0.0,1.0,0.0,0.0,0.0,0.0,0.0
GRID_CBE_04545,Shrubland,0.0,1.0,0.0,0.0,0.0,0.0,0.0
GRID_CBE_04546,Shrubland,0.0,1.0,0.0,0.0,0.0,0.0,0.0
GRID_CBE_04547,Shrubland,0.0,1.0,0.0,0.0,0.0,0.0,0.0
GRID_CBE_04548,Shrubland,0.0,1.0,0.0,0.0,0.0,0.0,0.0
GRID_CBE_04549,Shrubland,0.0,1.0,0.0,0.0,0.0,0.0,0.0
GRID_CBE_04550,Shrubland,0.0,1.0,0.0,0.0,0.0,0.0,0.0
GRID_CBE_04551,Shrubland,0.0,1.0,0.0,0.0,0.0,0.0,0.0
GRID_CBE_04552,Shrubland,0.0,1.0,0.0,0.0,0.0,0.0,0.0
GRID_CBE_04553,Shrubland,0.0,1.0,0.0,0.0,0.0,0.0,0.0
GRID_CBE_04554,Shrubland,0.0,1.0,0.0,0.0,0.0,0.0,0.0
GRID_CBE_04555,Shrubland,0.0,0.9091,0.0,0.0909,0.0,0.0,0.0
GRID_CBE_04556,Shrubland,0.0,0.5455,0.0,0.4545,0.0,0.0,0.0
GRID_CBE_04557,Cropland,0.0,0.1818,0.0,0.8182,0.0,0.0,0.0
GRID_CBE_04558,Cropland,0.0,0.0,0.0,1.0,0.0,0.0,0.0
GRID_CBE_04559,Cropland,0.0,0.0,0.0,1.0,0.0,0.0,0.0
GRID_CBE_04560,Cropland,0.0,0.0,0.0,1.0,0.0,0.0,0.0
GRID_CBE_04561,Cropland,0.0,0.0,0.0,1.0,0.0,0.0,0.0
GRID_CBE_04562,Cropland,0.0,0.0,0.0,1.0,0.0,0.0,0.0
GRID_CBE_04563,Cropland,0.0,0.0,0.0,1.0,0.0,0.0,0.0
GRID_CBE_04564,Cropland,0.0,0.0,0.0,1.0,0.0,0.0,0.0
GRID_CBE_04565,Cropland,0.0,0.0,0.0,1.0,0.0,0.0,0.0
GRID_CBE_04566,Cropland,0.0,0.0,0.0,1.0,0.0,0.0,0.0
GRID_CBE_04567,Cropland,0.0,0.0,0.0,1.0,0.0,0.0,0.0
GRID_CBE_04568,Cropland,0.0,0.0,0.0,1.0,0.0,0.0,0.0
GRID_CBE_04569,Cropland,0.0,0.0,0.0,1.0,0.0,0.0,0.0
GRID_CBE_04570,Cropland,0.0,0.0,0.0,1.0,0.0,0.0,0.0
GRID_CBE_04571,Cropland,0.0,0.0,0.0,1.0,0.0,0.0,0.0
GRID_CBE_04572,Cropland,0.0,0.0,0.0,1.0,0.0,0.0,0.0
GRID_CBE_04573,Cropland,0.0,0.0,0.0,1.0,0.0,0.0,0.0
GRID_CBE_04574,Cropland,0.0,0.0,0.0,1.0,0.0,0.0,0.0
GRID_CBE_04575,Cropland,0.0,0.0,0.0,1.0,0.0,0.0,0.0
GRID_CBE_04576,Cropland,0.0,0.0,0.0,1.0,0.0,0.0,0.0
GRID_CBE_04577,Cropland,0.0,0.0,0.0,1.0,0.0,0.0,0.0
GRID_CBE_04578,Cropland,0.0,0.0,0.0,1.0,0.0,0.0,0.0
GRID_CBE_04579,Cropland,0.0,0.0,0.0,1.0,0.0,0.0,0.0
GRID_CBE_04580,Cropland,0.0,0.0,0.0,1.0,0.0,0.0,0.0
GRID_CBE_04581,Cropland,0.0,0.0,0.0,1.0,0.0,0.0,0.0
GRID_CBE_04582,Cropland,0.0,0.0,0.0,1.0,0.0,0.0,0.0
GRID_CBE_04583,Cropland,0.0,0.0,0.0,1.0,0.0,0.0,0.0
GRID_CBE_04584,Cropland,0.0,0.0,0.0,1.0,0.0,0.0,0.0
GRID_CBE_04585,Cropland,0.0,0.0,0.0,1.0,0.0,0.0,0.0
GRID_CBE_04586,Cropland,0.0,0.0,0.0,1.0,0.0,0.0,0.0
GRID_CBE_04587,Cropland,0.0,0.0,0.0,1.0,0.0,0.0,0.0
GRID_CBE_04588,Cropland,0.0,0.0,0.0,1.0,0.0,0.0,0.0
GRID_CBE_04589,Cropland,0.0,0.0,0.0,1.0,0.0,0.0,0.0
GRID_CBE_04590,Cropland,0.0,0.0,0.0,1.0,0.0,0.0,0.0
GRID_CBE_04591,Cropland,0.0,0.0,0.0,1.0,0.0,0.0,0.0
GRID_CBE_04592,Cropland,0.0,0.0,0.0,1.0,0.0,0.0,0.0
GRID_CBE_04593,Cropland,0.0,0.0,0.0,1.0,0.0,0.0,0.0
GRID_CBE_04594,Cropland,0.0,0.0,0.0,1.0,0.0,0.0,0.0
GRID_CBE_04595,Cropland,0.0,0.0,0.0,1.0,0.0,0.0,0.0
GRID_CBE_04596,Cropland,0.0,0.0,0.0,1.0,0.0,0.0,0.0
GRID_CBE_04597,Cropland,0.0,0.0,0.0,1.0,0.0,0.0,0.0
GRID_CBE_04598,Cropland,0.0,0.0,0.0,1.0,0.0,0.0,0.0
GRID_CBE_04599,Cropland,0.0,0.0,0.0,1.0,0.0,0.0,0.0
GRID_CBE_04600,Cropland,0.0,0.0,0.0,1.0,0.0,0.0,0.0
GRID_CBE_04601,Cropland,0.0,0.0,0.0,1.0,0.0,0.0,0.0
GRID_CBE_04602,Cropland,0.0,0.0,0.0,1.0,0.0,0.0,0.0
GRID_CBE_04603,Shrubland,0.0,1.0,0.0,0.0,0.0,0.0,0.0
GRID_CBE_04604,Shrubland,0.0,1.0,0.0,0.0,0.0,0.0,0.0
GRID_CBE_04605,Shrubland,0.0,1.0,0.0,0.0,0.0,0.0,0.0
GRID_CBE_04606,Shrubland,0.0,1.0,0.0,0.0,0.0,0.0,0.0
GRID_CBE_04607,Shrubland,0.0,1.0,0.0,0.0,0.0,0.0,0.0
GRID_CBE_04608,Shrubland,0.0,1.0,0.0,0.0,0.0,0.0,0.0
GRID_CBE_04609,Shrubland,0.0,1.0,0.0,0.0,0.0,0.0,0.0
GRID_CBE_04610,Shrubland,0.0,1.0,0.0,0.0,0.0,0.0,0.0
GRID_CBE_04611,Shrubland,0.0,1.0,0.0,0.0,0.0,0.0,0.0
GRID_CBE_04612,Shrubland,0.0,1.0,0.0,0.0,0.0,0.0,0.0
GRID_CBE_04613,Shrubland,0.0,1.0,0.0,0.0,0.0,0.0,0.0
GRID_CBE_04614,Shrubland,0.0,1.0,0.0,0.0,0.0,0.0,0.0
GRID_CBE_04615,Shrubland,0.0,1.0,0.0,0.0,0.0,0.0,0.0
GRID_CBE_04616,Shrubland,0.0,1.0,0.0,0.0,0.0,0.0,0.0
GRID_CBE_04617,Shrubland,0.0,1.0,0.0,0.0,0.0,0.0,0.0
GRID_CBE_04618,Shrubland,0.0,1.0,0.0,0.0,0.0,0.0,0.0
GRID_CBE_04619,Shrubland,0.0,1.0,0.0,0.0,0.0,0.0,0.0
GRID_CBE_04620,Shrubland,0.0,1.0,0.0,0.0,0.0,0.0,0.0
GRID_CBE_04621,Shrubland,0.0,1.0,0.0,0.0,0.0,0.0,0.0
GRID_CBE_04622,Shrubland,0.0,1.0,0.0,0.0,0.0,0.0,0.0
GRID_CBE_04623,Shrubland,0.0,1.0,0.0,0.0,0.0,0.0,0.0
GRID_CBE_04624,Shrubland,0.0,1.0,0.0,0.0,0.0,0.0,0.0
GRID_CBE_04625,Shrubland,0.0,1.0,0.0,0.0,0.0,0.0,0.0
GRID_CBE_04626,Shrubland,0.0,1.0,0.0,0.0,0.0,0.0,0.0
GRID_CBE_04627,Shrubland,0.0,1.0,0.0,0.0,0.0,0.0,0.0
GRID_CBE_04628,Shrubland,0.0,1.0,0.0,0.0,0.0,0.0,0.0
GRID_CBE_04629,Shrubland,0.0,1.0,0.0,0.0,0.0,0.0,0.0
GRID_CBE_04630,Shrubland,0.0,1.0,0.0,0.0,0.0,0.0,0.0
GRID_CBE_04631,Shrubland,0.0,1.0,0.0,0.0,0.0,0.0,0.0
GRID_CBE_04632,Shrubland,0.0,1.0,0.0,0.0,0.0,0.0,0.0
GRID_CBE_04633,Shrubland,0.0,0.9091,0.0,0.0909,0.0,0.0,0.0
GRID_CBE_04634,Shrubland,0.0,0.5455,0.0,0.4545,0.0,0.0,0.0
GRID_CBE_04635,Cropland,0.0,0.1818,0.0,0.8182,0.0,0.0,0.0
GRID_CBE_04636,Cropland,0.0,0.0,0.0,1.0,0.0,0.0,0.0
GRID_CBE_04637,Cropland,0.0,0.0,0.0,1.0,0.0,0.0,0.0
GRID_CBE_04638,Cropland,0.0,0.0,0.0,1.0,0.0,0.0,0.0
GRID_CBE_04639,Cropland,0.0,0.0,0.0,1.0,0.0,0.0,0.0
GRID_CBE_04640,Cropland,0.0,0.0,0.0,1.0,0.0,0.0,0.0
GRID_CBE_04641,Cropland,0.0,0.0,0.0,1.0,0.0,0.0,0.0
GRID_CBE_04642,Cropland,0.0,0.0,0.0,1.0,0.0,0.0,0.0
GRID_CBE_04643,Cropland,0.0,0.0,0.0,1.0,0.0,0.0,0.0
GRID_CBE_04644,Cropland,0.0,0.0,0.0,1.0,0.0,0.0,0.0
GRID_CBE_04645,Cropland,0.0,0.0,0.0,1.0,0.0,0.0,0.0
GRID_CBE_04646,Cropland,0.0,0.0,0.0,1.0,0.0,0.0,0.0
GRID_CBE_04647,Cropland,0.0,0.0,0.0,1.0,0.0,0.0,0.0
GRID_CBE_04648,Cropland,0.0,0.0,0.0,1.0,0.0,0.0,0.0
GRID_CBE_04649,Cropland,0.0,0.0,0.0,1.0,0.0,0.0,0.0
GRID_CBE_04650,Cropland,0.0,0.0,0.0,1.0,0.0,0.0,0.0
GRID_CBE_04651,Cropland,0.0,0.0,0.0,1.0,0.0,0.0,0.0
GRID_CBE_04652,Cropland,0.0,0.0,0.0,1.0,0.0,0.0,0.0
GRID_CBE_04653,Cropland,0.0,0.0,0.0,1.0,0.0,0.0,0.0
GRID_CBE_04654,Cropland,0.0,0.0,0.0,1.0,0.0,0.0,0.0
GRID_CBE_04655,Cropland,0.0,0.0,0.0,1.0,0.0,0.0,0.0
GRID_CBE_04656,Cropland,0.0,0.0,0.0,1.0,0.0,0.0,0.0
GRID_CBE_04657,Cropland,0.0,0.0,0.0,1.0,0.0,0.0,0.0
GRID_CBE_04658,Cropland,0.0,0.0,0.0,1.0,0.0,0.0,0.0
GRID_CBE_04659,Cropland,0.0,0.0,0.0,1.0,0.0,0.0,0.0
GRID_CBE_04660,Cropland,0.0,0.0,0.0,1.0,0.0,0.0,0.0
GRID_CBE_04661,Cropland,0.0,0.0,0.0,1.0,0.0,0.0,0.0
GRID_CBE_04662,Cropland,0.0,0.0,0.0,1.0,0.0,0.0,0.0
GRID_CBE_04663,Cropland,0.0,0.0,0.0,1.0,0.0,0.0,0.0
GRID_CBE_04664,Cropland,0.0,0.0,0.0,1.0,0.0,0.0,0.0
GRID_CBE_04665,Cropland,0.0,0.0,0.0,1.0,0.0,0.0,0.0
GRID_CBE_04666,Cropland,0.0,0.0,0.0,1.0,0.0,0.0,0.0
GRID_CBE_04667,Cropland,0.0,0.0,0.0,1.0,0.0,0.0,0.0
GRID_CBE_04668,Cropland,0.0,0.0,0.0,1.0,0.0,0.0,0.0
GRID_CBE_04669,Cropland,0.0,0.0,0.0,1.0,0.0,0.0,0.0
GRID_CBE_04670,Cropland,0.0,0.0,0.0,1.0,0.0,0.0,0.0
GRID_CBE_04671,Cropland,0.0,0.0,0.0,1.0,0.0,0.0,0.0
GRID_CBE_04672,Cropland,0.0,0.0,0.0,1.0,0.0,0.0,0.0
GRID_CBE_04673,Cropland,0.0,0.0,0.0,1.0,0.0,0.0,0.0
GRID_CBE_04674,Cropland,0.0,0.0,0.0,1.0,0.0,0.0,0.0
GRID_CBE_04675,Cropland,0.0,0.0,0.0,1.0,0.0,0.0,0.0
GRID_CBE_04676,Cropland,0.0,0.0,0.0,1.0,0.0,0.0,0.0
GRID_CBE_04677,Cropland,0.0,0.0,0.0,1.0,0.0,0.0,0.0
GRID_CBE_04678,Cropland,0.0,0.0,0.0,1.0,0.0,0.0,0.0
GRID_CBE_04679,Cropland,0.0,0.0,0.0,1.0,0.0,0.0,0.0
GRID_CBE_04680,Cropland,0.0,0.0,0.0,1.0,0.0,0.0,0.0
GRID_CBE_04681,Shrubland,0.0,1.0,0.0,0.0,0.0,0.0,0.0
GRID_CBE_04682,Shrubland,0.0,1.0,0.0,0.0,0.0,0.0,0.0
GRID_CBE_04683,Shrubland,0.0,1.0,0.0,0.0,0.0,0.0,0.0
GRID_CBE_04684,Shrubland,0.0,1.0,0.0,0.0,0.0,0.0,0.0
GRID_CBE_04685,Shrubland,0.0,1.0,0.0,0.0,0.0,0.0,0.0
GRID_CBE_04686,Shrubland,0.0,1.0,0.0,0.0,0.0,0.0,0.0
GRID_CBE_04687,Shrubland,0.0,1.0,0.0,0.0,0.0,0.0,0.0
GRID_CBE_04688,Shrubland,0.0,1.0,0.0,0.0,0.0,0.0,0.0
GRID_CBE_04689,Shrubland,0.0,1.0,0.0,0.0,0.0,0.0,0.0
GRID_CBE_04690,Shrubland,0.0,1.0,0.0,0.0,0.0,0.0,0.0
GRID_CBE_04691,Shrubland,0.0,1.0,0.0,0.0,0.0,0.0,0.0
GRID_CBE_04692,Shrubland,0.0,1.0,0.0,0.0,0.0,0.0,0.0
GRID_CBE_04693,Shrubland,0.0,1.0,0.0,0.0,0.0,0.0,0.0
GRID_CBE_04694,Shrubland,0.0,1.0,0.0,0.0,0.0,0.0,0.0
GRID_CBE_04695,Shrubland,0.0,1.0,0.0,0.0,0.0,0.0,0.0
GRID_CBE_04696,Shrubland,0.0,1.0,0.0,0.0,0.0,0.0,0.0
GRID_CBE_04697,Shrubland,0.0,1.0,0.0,0.0,0.0,0.0,0.0
GRID_CBE_04698,Shrubland,0.0,1.0,0.0,0.0,0.0,0.0,0.0
GRID_CBE_04699,Shrubland,0.0,1.0,0.0,0.0,0.0,0.0,0.0
GRID_CBE_04700,Shrubland,0.0,1.0,0.0,0.0,0.0,0.0,0.0
GRID_CBE_04701,Shrubland,0.0,1.0,0.0,0.0,0.0,0.0,0.0
GRID_CBE_04702,Shrubland,0.0,1.0,0.0,0.0,0.0,0.0,0.0
GRID_CBE_04703,Shrubland,0.0,1.0,0.0,0.0,0.0,0.0,0.0
GRID_CBE_04704,Shrubland,0.0,1.0,0.0,0.0,0.0,0.0,0.0
GRID_CBE_04705,Shrubland,0.0,1.0,0.0,0.0,0.0,0.0,0.0
GRID_CBE_04706,Shrubland,0.0,1.0,0.0,0.0,0.0,0.0,0.0
GRID_CBE_04707,Shrubland,0.0,1.0,0.0,0.0,0.0,0.0,0.0
GRID_CBE_04708,Shrubland,0.0,1.0,0.0,0.0,0.0,0.0,0.0
GRID_CBE_04709,Shrubland,0.0,1.0,0.0,0.0,0.0,0.0,0.0
GRID_CBE_04710,Shrubland,0.0,1.0,0.0,0.0,0.0,0.0,0.0
GRID_CBE_04711,Shrubland,0.0,0.9091,0.0,0.0909,0.0,0.0,0.0
GRID_CBE_04712,Shrubland,0.0,0.5455,0.0,0.4545,0.0,0.0,0.0
GRID_CBE_04713,Cropland,0.0,0.1818,0.0,0.8182,0.0,0.0,0.0
GRID_CBE_04714,Cropland,0.0,0.0,0.0,1.0,0.0,0.0,0.0
GRID_CBE_04715,Cropland,0.0,0.0,0.0,1.0,0.0,0.0,0.0
GRID_CBE_04716,Cropland,0.0,0.0,0.0,1.0,0.0,0.0,0.0
GRID_CBE_04717,Cropland,0.0,0.0,0.0,1.0,0.0,0.0,0.0
GRID_CBE_04718,Cropland,0.0,0.0,0.0,1.0,0.0,0.0,0.0
GRID_CBE_04719,Cropland,0.0,0.0,0.0,1.0,0.0,0.0,0.0
GRID_CBE_04720,Cropland,0.0,0.0,0.0,1.0,0.0,0.0,0.0
GRID_CBE_04721,Cropland,0.0,0.0,0.0,1.0,0.0,0.0,0.0
GRID_CBE_04722,Cropland,0.0,0.0,0.0,1.0,0.0,0.0,0.0
GRID_CBE_04723,Cropland,0.0,0.0,0.0,1.0,0.0,0.0,0.0
GRID_CBE_04724,Cropland,0.0,0.0,0.0,1.0,0.0,0.0,0.0
GRID_CBE_04725,Cropland,0.0,0.0,0.0,1.0,0.0,0.0,0.0
GRID_CBE_04726,Cropland,0.0,0.0,0.0,1.0,0.0,0.0,0.0
GRID_CBE_04727,Cropland,0.0,0.0,0.0,1.0,0.0,0.0,0.0
GRID_CBE_04728,Cropland,0.0,0.0,0.0,1.0,0.0,0.0,0.0
GRID_CBE_04729,Cropland,0.0,0.0,0.0,1.0,0.0,0.0,0.0
GRID_CBE_04730,Cropland,0.0,0.0,0.0,1.0,0.0,0.0,0.0
GRID_CBE_04731,Cropland,0.0,0.0,0.0,1.0,0.0,0.0,0.0
GRID_CBE_04732,Cropland,0.0,0.0,0.0,1.0,0.0,0.0,0.0
GRID_CBE_04733,Cropland,0.0,0.0,0.0,1.0,0.0,0.0,0.0
GRID_CBE_04734,Cropland,0.0,0.0,0.0,1.0,0.0,0.0,0.0
GRID_CBE_04735,Cropland,0.0,0.0,0.0,1.0,0.0,0.0,0.0
GRID_CBE_04736,Cropland,0.0,0.0,0.0,1.0,0.0,0.0,0.0
GRID_CBE_04737,Cropland,0.0,0.0,0.0,1.0,0.0,0.0,0.0
GRID_CBE_04738,Cropland,0.0,0.0,0.0,1.0,0.0,0.0,0.0
GRID_CBE_04739,Cropland,0.0,0.0,0.0,1.0,0.0,0.0,0.0
GRID_CBE_04740,Cropland,0.0,0.0,0.0,1.0,0.0,0.0,0.0
GRID_CBE_04741,Cropland,0.0,0.0,0.0,1.0,0.0,0.0,0.0
GRID_CBE_04742,Cropland,0.0,0.0,0.0,1.0,0.0,0.0,0.0
GRID_CBE_04743,Cropland,0.0,0.0,0.0,1.0,0.0,0.0,0.0
GRID_CBE_04744,Cropland,0.0,0.0,0.0,1.0,0.0,0.0,0.0
GRID_CBE_04745,Cropland,0.0,0.0,0.0,1.0,0.0,0.0,0.0
GRID_CBE_04746,Cropland,0.0,0.0,0.0,1.0,0.0,0.0,0.0
GRID_CBE_04747,Cropland,0.0,0.0,0.0,1.0,0.0,0.0,0.0
GRID_CBE_04748,Cropland,0.0,0.0,0.0,1.0,0.0,0.0,0.0
GRID_CBE_04749,Cropland,0.0,0.0,0.0,1.0,0.0,0.0,0.0
GRID_CBE_04750,Cropland,0.0,0.0,0.0,1.0,0.0,0.0,0.0
GRID_CBE_04751,Cropland,0.0,0.0,0.0,1.0,0.0,0.0,0.0
GRID_CBE_04752,Cropland,0.0,0.0,0.0,1.0,0.0,0.0,0.0
GRID_CBE_04753,Cropland,0.0,0.0,0.0,1.0,0.0,0.0,0.0
GRID_CBE_04754,Cropland,0.0,0.0,0.0,1.0,0.0,0.0,0.0
GRID_CBE_04755,Cropland,0.0,0.0,0.0,1.0,0.0,0.0,0.0
GRID_CBE_04756,Cropland,0.0,0.0,0.0,1.0,0.0,0.0,0.0
GRID_CBE_04757,Cropland,0.0,0.0,0.0,1.0,0.0,0.0,0.0
GRID_CBE_04758,Cropland,0.0,0.0,0.0,1.0,0.0,0.0,0.0
GRID_CBE_04759,Shrubland,0.0,1.0,0.0,0.0,0.0,0.0,0.0
GRID_CBE_04760,Shrubland,0.0,1.0,0.0,0.0,0.0,0.0,0.0
GRID_CBE_04761,Shrubland,0.0,1.0,0.0,0.0,0.0,0.0,0.0
GRID_CBE_04762,Shrubland,0.0,1.0,0.0,0.0,0.0,0.0,0.0
GRID_CBE_04763,Shrubland,0.0,1.0,0.0,0.0,0.0,0.0,0.0
GRID_CBE_04764,Shrubland,0.0,1.0,0.0,0.0,0.0,0.0,0.0
GRID_CBE_04765,Shrubland,0.0,1.0,0.0,0.0,0.0,0.0,0.0
GRID_CBE_04766,Shrubland,0.0,1.0,0.0,0.0,0.0,0.0,0.0
GRID_CBE_04767,Shrubland,0.0,1.0,0.0,0.0,0.0,0.0,0.0
GRID_CBE_04768,Shrubland,0.0,1.0,0.0,0.0,0.0,0.0,0.0
GRID_CBE_04769,Shrubland,0.0,1.0,0.0,0.0,0.0,0.0,0.0
GRID_CBE_04770,Shrubland,0.0,1.0,0.0,0.0,0.0,0.0,0.0
GRID_CBE_04771,Shrubland,0.0,1.0,0.0,0.0,0.0,0.0,0.0
GRID_CBE_04772,Shrubland,0.0,1.0,0.0,0.0,0.0,0.0,0.0
GRID_CBE_04773,Shrubland,0.0,1.0,0.0,0.0,0.0,0.0,0.0
GRID_CBE_04774,Shrubland,0.0,1.0,0.0,0.0,0.0,0.0,0.0
GRID_CBE_04775,Shrubland,0.0,1.0,0.0,0.0,0.0,0.0,0.0
GRID_CBE_04776,Shrubland,0.0,1.0,0.0,0.0,0.0,0.0,0.0
GRID_CBE_04777,Shrubland,0.0,1.0,0.0,0.0,0.0,0.0,0.0
GRID_CBE_04778,Shrubland,0.0,1.0,0.0,0.0,0.0,0.0,0.0
GRID_CBE_04779,Shrubland,0.0,1.0,0.0,0.0,0.0,0.0,0.0
GRID_CBE_04780,Shrubland,0.0,1.0,0.0,0.0,0.0,0.0,0.0
GRID_CBE_04781,Shrubland,0.0,1.0,0.0,0.0,0.0,0.0,0.0
GRID_CBE_04782,Shrubland,0.0,1.0,0.0,0.0,0.0,0.0,0.0
GRID_CBE_04783,Shrubland,0.0,1.0,0.0,0.0,0.0,0.0,0.0
GRID_CBE_04784,Shrubland,0.0,1.0,0.0,0.0,0.0,0.0,0.0
GRID_CBE_04785,Shrubland,0.0,1.0,0.0,0.0,0.0,0.0,0.0
GRID_CBE_04786,Shrubland,0.0,1.0,0.0,0.0,0.0,0.0,0.0
GRID_CBE_04787,Shrubland,0.0,1.0,0.0,0.0,0.0,0.0,0.0
GRID_CBE_04788,Shrubland,0.0,1.0,0.0,0.0,0.0,0.0,0.0
GRID_CBE_04789,Shrubland,0.0,0.9091,0.0,0.0909,0.0,0.0,0.0
GRID_CBE_04790,Shrubland,0.0,0.5455,0.0,0.4545,0.0,0.0,0.0
GRID_CBE_04791,Cropland,0.0,0.1818,0.0,0.8182,0.0,0.0,0.0
GRID_CBE_04792,Cropland,0.0,0.0,0.0,1.0,0.0,0.0,0.0
GRID_CBE_04793,Cropland,0.0,0.0,0.0,1.0,0.0,0.0,0.0
GRID_CBE_04794,Cropland,0.0,0.0,0.0,1.0,0.0,0.0,0.0
GRID_CBE_04795,Cropland,0.0,0.0,0.0,1.0,0.0,0.0,0.0
GRID_CBE_04796,Cropland,0.0,0.0,0.0,1.0,0.0,0.0,0.0
GRID_CBE_04797,Cropland,0.0,0.0,0.0,1.0,0.0,0.0,0.0
GRID_CBE_04798,Cropland,0.0,0.0,0.0,1.0,0.0,0.0,0.0
GRID_CBE_04799,Cropland,0.0,0.0,0.0,1.0,0.0,0.0,0.0
GRID_CBE_04800,Cropland,0.0,0.0,0.0,1.0,0.0,0.0,0.0
GRID_CBE_04801,Cropland,0.0,0.0,0.0,1.0,0.0,0.0,0.0
GRID_CBE_04802,Cropland,0.0,0.0,0.0,1.0,0.0,0.0,0.0
GRID_CBE_04803,Cropland,0.0,0.0,0.0,1.0,0.0,0.0,0.0
GRID_CBE_04804,Cropland,0.0,0.0,0.0,1.0,0.0,0.0,0.0
GRID_CBE_04805,Cropland,0.0,0.0,0.0,1.0,0.0,0.0,0.0
GRID_CBE_04806,Cropland,0.0,0.0,0.0,1.0,0.0,0.0,0.0
GRID_CBE_04807,Cropland,0.0,0.0,0.0,1.0,0.0,0.0,0.0
GRID_CBE_04808,Cropland,0.0,0.0,0.0,1.0,0.0,0.0,0.0
GRID_CBE_04809,Cropland,0.0,0.0,0.0,1.0,0.0,0.0,0.0
GRID_CBE_04810,Cropland,0.0,0.0,0.0,1.0,0.0,0.0,0.0
GRID_CBE_04811,Cropland,0.0,0.0,0.0,1.0,0.0,0.0,0.0
GRID_CBE_04812,Cropland,0.0,0.0,0.0,1.0,0.0,0.0,0.0
GRID_CBE_04813,Cropland,0.0,0.0,0.0,1.0,0.0,0.0,0.0
GRID_CBE_04814,Cropland,0.0,0.0,0.0,1.0,0.0,0.0,0.0
GRID_CBE_04815,Cropland,0.0,0.0,0.0,1.0,0.0,0.0,0.0
GRID_CBE_04816,Cropland,0.0,0.0,0.0,1.0,0.0,0.0,0.0
GRID_CBE_04817,Cropland,0.0,0.0,0.0,1.0,0.0,0.0,0.0
GRID_CBE_04818,Cropland,0.0,0.0,0.0,1.0,0.0,0.0,0.0
GRID_CBE_04819,Cropland,0.0,0.0,0.0,1.0,0.0,0.0,0.0
GRID_CBE_04820,Cropland,0.0,0.0,0.0,1.0,0.0,0.0,0.0
GRID_CBE_04821,Cropland,0.0,0.0,0.0,1.0,0.0,0.0,0.0
GRID_CBE_04822,Cropland,0.0,0.0,0.0,1.0,0.0,0.0,0.0
GRID_CBE_04823,Cropland,0.0,0.0,0.0,1.0,0.0,0.0,0.0
GRID_CBE_04824,Cropland,0.0,0.0,0.0,1.0,0.0,0.0,0.0
GRID_CBE_04825,Cropland,0.0,0.0,0.0,1.0,0.0,0.0,0.0
GRID_CBE_04826,Cropland,0.0,0.0,0.0,1.0,0.0,0.0,0.0
GRID_CBE_04827,Cropland,0.0,0.0,0.0,1.0,0.0,0.0,0.0
GRID_CBE_04828,Cropland,0.0,0.0,0.0,1.0,0.0,0.0,0.0
GRID_CBE_04829,Cropland,0.0,0.0,0.0,1.0,0.0,0.0,0.0
GRID_CBE_04830,Cropland,0.0,0.0,0.0,1.0,0.0,0.0,0.0
GRID_CBE_04831,Cropland,0.0,0.0,0.0,1.0,0.0,0.0,0.0
GRID_CBE_04832,Cropland,0.0,0.0,0.0,1.0,0.0,0.0,0.0
GRID_CBE_04833,Cropland,0.0,0.0,0.0,1.0,0.0,0.0,0.0
GRID_CBE_04834,Cropland,0.0,0.0,0.0,1.0,0.0,0.0,0.0
GRID_CBE_04835,Cropland,0.0,0.0,0.0,1.0,0.0,0.0,0.0
GRID_CBE_04836,Cropland,0.0,0.0,0.0,1.0,0.0,0.0,0.0
GRID_CBE_04837,Shrubland,0.0,1.0,0.0,0.0,0.0,0.0,0.0
GRID_CBE_04838,Shrubland,0.0,1.0,0.0,0.0,0.0,0.0,0.0
GRID_CBE_04839,Shrubland,0.0,1.0,0.0,0.0,0.0,0.0,0.0
GRID_CBE_04840,Shrubland,0.0,1.0,0.0,0.0,0.0,0.0,0.0
GRID_CBE_04841,Shrubland,0.0,1.0,0.0,0.0,0.0,0.0,0.0
GRID_CBE_04842,Shrubland,0.0,1.0,0.0,0.0,0.0,0.0,0.0
GRID_CBE_04843,Shrubland,0.0,1.0,0.0,0.0,0.0,0.0,0.0
GRID_CBE_04844,Shrubland,0.0,1.0,0.0,0.0,0.0,0.0,0.0
GRID_CBE_04845,Shrubland,0.0,1.0,0.0,0.0,0.0,0.0,0.0
GRID_CBE_04846,Shrubland,0.0,1.0,0.0,0.0,0.0,0.0,0.0
GRID_CBE_04847,Shrubland,0.0,1.0,0.0,0.0,0.0,0.0,0.0
GRID_CBE_04848,Shrubland,0.0,1.0,0.0,0.0,0.0,0.0,0.0
GRID_CBE_04849,Shrubland,0.0,1.0,0.0,0.0,0.0,0.0,0.0
GRID_CBE_04850,Shrubland,0.0,1.0,0.0,0.0,0.0,0.0,0.0
GRID_CBE_04851,Shrubland,0.0,1.0,0.0,0.0,0.0,0.0,0.0
GRID_CBE_04852,Shrubland,0.0,1.0,0.0,0.0,0.0,0.0,0.0
GRID_CBE_04853,Shrubland,0.0,1.0,0.0,0.0,0.0,0.0,0.0
GRID_CBE_04854,Shrubland,0.0,1.0,0.0,0.0,0.0,0.0,0.0
GRID_CBE_04855,Shrubland,0.0,1.0,0.0,0.0,0.0,0.0,0.0
GRID_CBE_04856,Shrubland,0.0,1.0,0.0,0.0,0.0,0.0,0.0
GRID_CBE_04857,Shrubland,0.0,1.0,0.0,0.0,0.0,0.0,0.0
GRID_CBE_04858,Shrubland,0.0,1.0,0.0,0.0,0.0,0.0,0.0
GRID_CBE_04859,Shrubland,0.0,1.0,0.0,0.0,0.0,0.0,0.0
GRID_CBE_04860,Shrubland,0.0,1.0,0.0,0.0,0.0,0.0,0.0
GRID_CBE_04861,Shrubland,0.0,1.0,0.0,0.0,0.0,0.0,0.0
GRID_CBE_04862,Shrubland,0.0,1.0,0.0,0.0,0.0,0.0,0.0
GRID_CBE_04863,Shrubland,0.0,1.0,0.0,0.0,0.0,0.0,0.0
GRID_CBE_04864,Shrubland,0.0,1.0,0.0,0.0,0.0,0.0,0.0
GRID_CBE_04865,Shrubland,0.0,1.0,0.0,0.0,0.0,0.0,0.0
GRID_CBE_04866,Shrubland,0.0,1.0,0.0,0.0,0.0,0.0,0.0
GRID_CBE_04867,Shrubland,0.0,0.9091,0.0,0.0909,0.0,0.0,0.0
GRID_CBE_04868,Shrubland,0.0,0.5455,0.0,0.4545,0.0,0.0,0.0
GRID_CBE_04869,Cropland,0.0,0.1818,0.0,0.8182,0.0,0.0,0.0
GRID_CBE_04870,Cropland,0.0,0.0,0.0,1.0,0.0,0.0,0.0
GRID_CBE_04871,Cropland,0.0,0.0,0.0,1.0,0.0,0.0,0.0
GRID_CBE_04872,Cropland,0.0,0.0,0.0,1.0,0.0,0.0,0.0
GRID_CBE_04873,Cropland,0.0,0.0,0.0,1.0,0.0,0.0,0.0
GRID_CBE_04874,Cropland,0.0,0.0,0.0,1.0,0.0,0.0,0.0
GRID_CBE_04875,Cropland,0.0,0.0,0.0,1.0,0.0,0.0,0.0
GRID_CBE_04876,Cropland,0.0,0.0,0.0,1.0,0.0,0.0,0.0
GRID_CBE_04877,Cropland,0.0,0.0,0.0,1.0,0.0,0.0,0.0
GRID_CBE_04878,Cropland,0.0,0.0,0.0,1.0,0.0,0.0,0.0
GRID_CBE_04879,Cropland,0.0,0.0,0.0,1.0,0.0,0.0,0.0
GRID_CBE_04880,Cropland,0.0,0.0,0.0,1.0,0.0,0.0,0.0
GRID_CBE_04881,Cropland,0.0,0.0,0.0,1.0,0.0,0.0,0.0
GRID_CBE_04882,Cropland,0.0,0.0,0.0,1.0,0.0,0.0,0.0
GRID_CBE_04883,Cropland,0.0,0.0,0.0,1.0,0.0,0.0,0.0
GRID_CBE_04884,Cropland,0.0,0.0,0.0,1.0,0.0,0.0,0.0
GRID_CBE_04885,Cropland,0.0,0.0,0.0,1.0,0.0,0.0,0.0
GRID_CBE_04886,Cropland,0.0,0.0,0.0,1.0,0.0,0.0,0.0
GRID_CBE_04887,Cropland,0.0,0.0,0.0,1.0,0.0,0.0,0.0
GRID_CBE_04888,Cropland,0.0,0.0,0.0,1.0,0.0,0.0,0.0
GRID_CBE_04889,Cropland,0.0,0.0,0.0,1.0,0.0,0.0,0.0
GRID_CBE_04890,Cropland,0.0,0.0,0.0,1.0,0.0,0.0,0.0
GRID_CBE_04891,Cropland,0.0,0.0,0.0,1.0,0.0,0.0,0.0
GRID_CBE_04892,Cropland,0.0,0.0,0.0,1.0,0.0,0.0,0.0
GRID_CBE_04893,Cropland,0.0,0.0,0.0,1.0,0.0,0.0,0.0
GRID_CBE_04894,Cropland,0.0,0.0,0.0,1.0,0.0,0.0,0.0
GRID_CBE_04895,Cropland,0.0,0.0,0.0,1.0,0.0,0.0,0.0
GRID_CBE_04896,Cropland,0.0,0.0,0.0,1.0,0.0,0.0,0.0
GRID_CBE_04897,Cropland,0.0,0.0,0.0,1.0,0.0,0.0,0.0
GRID_CBE_04898,Cropland,0.0,0.0,0.0,1.0,0.0,0.0,0.0
GRID_CBE_04899,Cropland,0.0,0.0,0.0,1.0,0.0,0.0,0.0
GRID_CBE_04900,Cropland,0.0,0.0,0.0,1.0,0.0,0.0,0.0
GRID_CBE_04901,Cropland,0.0,0.0,0.0,1.0,0.0,0.0,0.0
GRID_CBE_04902,Cropland,0.0,0.0,0.0,1.0,0.0,0.0,0.0
GRID_CBE_04903,Cropland,0.0,0.0,0.0,1.0,0.0,0.0,0.0
GRID_CBE_04904,Cropland,0.0,0.0,0.0,1.0,0.0,0.0,0.0
GRID_CBE_04905,Cropland,0.0,0.0,0.0,1.0,0.0,0.0,0.0
GRID_CBE_04906,Cropland,0.0,0.0,0.0,1.0,0.0,0.0,0.0
GRID_CBE_04907,Cropland,0.0,0.0,0.0,1.0,0.0,0.0,0.0
GRID_CBE_04908,Cropland,0.0,0.0,0.0,1.0,0.0,0.0,0.0
GRID_CBE_04909,Cropland,0.0,0.0,0.0,1.0,0.0,0.0,0.0
GRID_CBE_04910,Cropland,0.0,0.0,0.0,1.0,0.0,0.0,0.0
GRID_CBE_04911,Cropland,0.0,0.0,0.0,1.0,0.0,0.0,0.0
GRID_CBE_04912,Cropland,0.0,0.0,0.0,1.0,0.0,0.0,0.0
GRID_CBE_04913,Cropland,0.0,0.0,0.0,1.0,0.0,0.0,0.0
GRID_CBE_04914,Cropland,0.0,0.0,0.0,1.0,0.0,0.0,0.0
GRID_CBE_04915,Shrubland,0.0,1.0,0.0,0.0,0.0,0.0,0.0
GRID_CBE_04916,Shrubland,0.0,1.0,0.0,0.0,0.0,0.0,0.0
GRID_CBE_04917,Shrubland,0.0,1.0,0.0,0.0,0.0,0.0,0.0
GRID_CBE_04918,Shrubland,0.0,1.0,0.0,0.0,0.0,0.0,0.0
GRID_CBE_04919,Shrubland,0.0,1.0,0.0,0.0,0.0,0.0,0.0
GRID_CBE_04920,Shrubland,0.0,1.0,0.0,0.0,0.0,0.0,0.0
GRID_CBE_04921,Shrubland,0.0,1.0,0.0,0.0,0.0,0.0,0.0
GRID_CBE_04922,Shrubland,0.0,1.0,0.0,0.0,0.0,0.0,0.0
GRID_CBE_04923,Shrubland,0.0,1.0,0.0,0.0,0.0,0.0,0.0
GRID_CBE_04924,Shrubland,0.0,1.0,0.0,0.0,0.0,0.0,0.0
GRID_CBE_04925,Shrubland,0.0,1.0,0.0,0.0,0.0,0.0,0.0
GRID_CBE_04926,Shrubland,0.0,1.0,0.0,0.0,0.0,0.0,0.0
GRID_CBE_04927,Shrubland,0.0,1.0,0.0,0.0,0.0,0.0,0.0
GRID_CBE_04928,Shrubland,0.0,1.0,0.0,0.0,0.0,0.0,0.0
GRID_CBE_04929,Shrubland,0.0,1.0,0.0,0.0,0.0,0.0,0.0
GRID_CBE_04930,Shrubland,0.0,1.0,0.0,0.0,0.0,0.0,0.0
GRID_CBE_04931,Shrubland,0.0,1.0,0.0,0.0,0.0,0.0,0.0
GRID_CBE_04932,Shrubland,0.0,1.0,0.0,0.0,0.0,0.0,0.0
GRID_CBE_04933,Shrubland,0.0,1.0,0.0,0.0,0.0,0.0,0.0
GRID_CBE_04934,Shrubland,0.0,1.0,0.0,0.0,0.0,0.0,0.0
GRID_CBE_04935,Shrubland,0.0,1.0,0.0,0.0,0.0,0.0,0.0
GRID_CBE_04936,Shrubland,0.0,1.0,0.0,0.0,0.0,0.0,0.0
GRID_CBE_04937,Shrubland,0.0,1.0,0.0,0.0,0.0,0.0,0.0
GRID_CBE_04938,Shrubland,0.0,1.0,0.0,0.0,0.0,0.0,0.0
GRID_CBE_04939,Shrubland,0.0,1.0,0.0,0.0,0.0,0.0,0.0
GRID_CBE_04940,Shrubland,0.0,1.0,0.0,0.0,0.0,0.0,0.0
GRID_CBE_04941,Shrubland,0.0,1.0,0.0,0.0,0.0,0.0,0.0
GRID_CBE_04942,Shrubland,0.0,1.0,0.0,0.0,0.0,0.0,0.0
GRID_CBE_04943,Shrubland,0.0,1.0,0.0,0.0,0.0,0.0,0.0
GRID_CBE_04944,Shrubland,0.0,1.0,0.0,0.0,0.0,0.0,0.0
GRID_CBE_04945,Shrubland,0.0,0.9091,0.0,0.0909,0.0,0.0,0.0
GRID_CBE_04946,Shrubland,0.0,0.5455,0.0,0.4545,0.0,0.0,0.0
GRID_CBE_04947,Cropland,0.0,0.1818,0.0,0.8182,0.0,0.0,0.0
GRID_CBE_04948,Cropland,0.0,0.0,0.0,1.0,0.0,0.0,0.0
GRID_CBE_04949,Cropland,0.0,0.0,0.0,1.0,0.0,0.0,0.0
GRID_CBE_04950,Cropland,0.0,0.0,0.0,1.0,0.0,0.0,0.0
GRID_CBE_04951,Cropland,0.0,0.0,0.0,1.0,0.0,0.0,0.0
GRID_CBE_04952,Cropland,0.0,0.0,0.0,1.0,0.0,0.0,0.0
GRID_CBE_04953,Cropland,0.0,0.0,0.0,1.0,0.0,0.0,0.0
GRID_CBE_04954,Cropland,0.0,0.0,0.0,1.0,0.0,0.0,0.0
GRID_CBE_04955,Cropland,0.0,0.0,0.0,1.0,0.0,0.0,0.0
GRID_CBE_04956,Cropland,0.0,0.0,0.0,1.0,0.0,0.0,0.0
GRID_CBE_04957,Cropland,0.0,0.0,0.0,1.0,0.0,0.0,0.0
GRID_CBE_04958,Cropland,0.0,0.0,0.0,1.0,0.0,0.0,0.0
GRID_CBE_04959,Cropland,0.0,0.0,0.0,1.0,0.0,0.0,0.0
GRID_CBE_04960,Cropland,0.0,0.0,0.0,1.0,0.0,0.0,0.0
GRID_CBE_04961,Cropland,0.0,0.0,0.0,1.0,0.0,0.0,0.0
GRID_CBE_04962,Cropland,0.0,0.0,0.0,1.0,0.0,0.0,0.0
GRID_CBE_04963,Cropland,0.0,0.0,0.0,1.0,0.0,0.0,0.0
GRID_CBE_04964,Cropland,0.0,0.0,0.0,1.0,0.0,0.0,0.0
GRID_CBE_04965,Cropland,0.0,0.0,0.0,1.0,0.0,0.0,0.0
GRID_CBE_04966,Cropland,0.0,0.0,0.0,1.0,0.0,0.0,0.0
GRID_CBE_04967,Cropland,0.0,0.0,0.0,1.0,0.0,0.0,0.0
GRID_CBE_04968,Cropland,0.0,0.0,0.0,1.0,0.0,0.0,0.0
GRID_CBE_04969,Cropland,0.0,0.0,0.0,1.0,0.0,0.0,0.0
GRID_CBE_04970,Cropland,0.0,0.0,0.0,1.0,0.0,0.0,0.0
GRID_CBE_04971,Cropland,0.0,0.0,0.0,1.0,0.0,0.0,0.0
GRID_CBE_04972,Cropland,0.0,0.0,0.0,1.0,0.0,0.0,0.0
GRID_CBE_04973,Cropland,0.0,0.0,0.0,1.0,0.0,0.0,0.0
GRID_CBE_04974,Cropland,0.0,0.0,0.0,1.0,0.0,0.0,0.0
GRID_CBE_04975,Cropland,0.0,0.0,0.0,1.0,0.0,0.0,0.0
GRID_CBE_04976,Cropland,0.0,0.0,0.0,1.0,0.0,0.0,0.0
GRID_CBE_04977,Cropland,0.0,0.0,0.0,1.0,0.0,0.0,0.0
GRID_CBE_04978,Cropland,0.0,0.0,0.0,1.0,0.0,0.0,0.0
GRID_CBE_04979,Cropland,0.0,0.0,0.0,1.0,0.0,0.0,0.0
GRID_CBE_04980,Cropland,0.0,0.0,0.0,1.0,0.0,0.0,0.0
GRID_CBE_04981,Cropland,0.0,0.0,0.0,1.0,0.0,0.0,0.0
GRID_CBE_04982,Cropland,0.0,0.0,0.0,1.0,0.0,0.0,0.0
GRID_CBE_04983,Cropland,0.0,0.0,0.0,1.0,0.0,0.0,0.0
GRID_CBE_04984,Cropland,0.0,0.0,0.0,1.0,0.0,0.0,0.0
GRID_CBE_04985,Cropland,0.0,0.0,0.0,1.0,0.0,0.0,0.0
GRID_CBE_04986,Cropland,0.0,0.0,0.0,1.0,0.0,0.0,0.0
GRID_CBE_04987,Cropland,0.0,0.0,0.0,1.0,0.0,0.0,0.0
GRID_CBE_04988,Cropland,0.0,0.0,0.0,1.0,0.0,0.0,0.0
GRID_CBE_04989,Cropland,0.0,0.0,0.0,1.0,0.0,0.0,0.0
GRID_CBE_04990,Cropland,0.0,0.0,0.0,1.0,0.0,0.0,0.0
GRID_CBE_04991,Cropland,0.0,0.0,0.0,1.0,0.0,0.0,0.0
GRID_CBE_04992,Cropland,0.0,0.0,0.0,1.0,0.0,0.0,0.0
GRID_CBE_04993,Shrubland,0.0,1.0,0.0,0.0,0.0,0.0,0.0
GRID_CBE_04994,Shrubland,0.0,1.0,0.0,0.0,0.0,0.0,0.0
GRID_CBE_04995,Shrubland,0.0,1.0,0.0,0.0,0.0,0.0,0.0
GRID_CBE_04996,Shrubland,0.0,1.0,0.0,0.0,0.0,0.0,0.0
GRID_CBE_04997,Shrubland,0.0,1.0,0.0,0.0,0.0,0.0,0.0
GRID_CBE_04998,Shrubland,0.0,1.0,0.0,0.0,0.0,0.0,0.0
GRID_CBE_04999,Shrubland,0.0,1.0,0.0,0.0,0.0,0.0,0.0
GRID_CBE_05000,Shrubland,0.0,1.0,0.0,0.0,0.0,0.0,0.0
GRID_CBE_05001,Shrubland,0.0,1.0,0.0,0.0,0.0,0.0,0.0
GRID_CBE_05002,Shrubland,0.0,1.0,0.0,0.0,0.0,0.0,0.0
GRID_CBE_05003,Shrubland,0.0,1.0,0.0,0.0,0.0,0.0,0.0
GRID_CBE_05004,Shrubland,0.0,1.0,0.0,0.0,0.0,0.0,0.0
GRID_CBE_05005,Shrubland,0.0,1.0,0.0,0.0,0.0,0.0,0.0
GRID_CBE_05006,Shrubland,0.0,1.0,0.0,0.0,0.0,0.0,0.0
GRID_CBE_05007,Shrubland,0.0,1.0,0.0,0.0,0.0,0.0,0.0
GRID_CBE_05008,Shrubland,0.0,1.0,0.0,0.0,0.0,0.0,0.0
GRID_CBE_05009,Shrubland,0.0,1.0,0.0,0.0,0.0,0.0,0.0
GRID_CBE_05010,Shrubland,0.0,1.0,0.0,0.0,0.0,0.0,0.0
GRID_CBE_05011,Shrubland,0.0,1.0,0.0,0.0,0.0,0.0,0.0
GRID_CBE_05012,Shrubland,0.0,1.0,0.0,0.0,0.0,0.0,0.0
GRID_CBE_05013,Shrubland,0.0,1.0,0.0,0.0,0.0,0.0,0.0
GRID_CBE_05014,Shrubland,0.0,1.0,0.0,0.0,0.0,0.0,0.0
GRID_CBE_05015,Shrubland,0.0,1.0,0.0,0.0,0.0,0.0,0.0
GRID_CBE_05016,Shrubland,0.0,1.0,0.0,0.0,0.0,0.0,0.0
GRID_CBE_05017,Shrubland,0.0,1.0,0.0,0.0,0.0,0.0,0.0
GRID_CBE_05018,Shrubland,0.0,1.0,0.0,0.0,0.0,0.0,0.0
GRID_CBE_05019,Shrubland,0.0,1.0,0.0,0.0,0.0,0.0,0.0
GRID_CBE_05020,Shrubland,0.0,1.0,0.0,0.0,0.0,0.0,0.0
GRID_CBE_05021,Shrubland,0.0,1.0,0.0,0.0,0.0,0.0,0.0
GRID_CBE_05022,Shrubland,0.0,1.0,0.0,0.0,0.0,0.0,0.0
GRID_CBE_05023,Shrubland,0.0,0.9091,0.0,0.0909,0.0,0.0,0.0
GRID_CBE_05024,Shrubland,0.0,0.5455,0.0,0.4545,0.0,0.0,0.0
GRID_CBE_05025,Cropland,0.0,0.1818,0.0,0.8182,0.0,0.0,0.0
GRID_CBE_05026,Cropland,0.0,0.0,0.0,1.0,0.0,0.0,0.0
GRID_CBE_05027,Cropland,0.0,0.0,0.0,1.0,0.0,0.0,0.0
GRID_CBE_05028,Cropland,0.0,0.0,0.0,1.0,0.0,0.0,0.0
GRID_CBE_05029,Cropland,0.0,0.0,0.0,1.0,0.0,0.0,0.0
GRID_CBE_05030,Cropland,0.0,0.0,0.0,1.0,0.0,0.0,0.0
GRID_CBE_05031,Cropland,0.0,0.0,0.0,1.0,0.0,0.0,0.0
GRID_CBE_05032,Cropland,0.0,0.0,0.0,1.0,0.0,0.0,0.0
GRID_CBE_05033,Cropland,0.0,0.0,0.0,1.0,0.0,0.0,0.0
GRID_CBE_05034,Cropland,0.0,0.0,0.0,1.0,0.0,0.0,0.0
GRID_CBE_05035,Cropland,0.0,0.0,0.0,1.0,0.0,0.0,0.0
GRID_CBE_05036,Cropland,0.0,0.0,0.0,1.0,0.0,0.0,0.0
GRID_CBE_05037,Cropland,0.0,0.0,0.0,1.0,0.0,0.0,0.0
GRID_CBE_05038,Cropland,0.0,0.0,0.0,1.0,0.0,0.0,0.0
GRID_CBE_05039,Cropland,0.0,0.0,0.0,1.0,0.0,0.0,0.0
GRID_CBE_05040,Cropland,0.0,0.0,0.0,1.0,0.0,0.0,0.0
GRID_CBE_05041,Cropland,0.0,0.0,0.0,1.0,0.0,0.0,0.0
GRID_CBE_05042,Cropland,0.0,0.0,0.0,1.0,0.0,0.0,0.0
GRID_CBE_05043,Cropland,0.0,0.0,0.0,1.0,0.0,0.0,0.0
GRID_CBE_05044,Cropland,0.0,0.0,0.0,1.0,0.0,0.0,0.0
GRID_CBE_05045,Cropland,0.0,0.0,0.0,1.0,0.0,0.0,0.0
GRID_CBE_05046,Cropland,0.0,0.0,0.0,1.0,0.0,0.0,0.0
GRID_CBE_05047,Cropland,0.0,0.0,0.0,1.0,0.0,0.0,0.0
GRID_CBE_05048,Cropland,0.0,0.0,0.0,1.0,0.0,0.0,0.0
GRID_CBE_05049,Cropland,0.0,0.0,0.0,1.0,0.0,0.0,0.0
GRID_CBE_05050,Cropland,0.0,0.0,0.0,1.0,0.0,0.0,0.0
GRID_CBE_05051,Cropland,0.0,0.0,0.0,1.0,0.0,0.0,0.0
GRID_CBE_05052,Cropland,0.0,0.0,0.0,1.0,0.0,0.0,0.0
GRID_CBE_05053,Cropland,0.0,0.0,0.0,1.0,0.0,0.0,0.0
GRID_CBE_05054,Cropland,0.0,0.0,0.0,1.0,0.0,0.0,0.0
GRID_CBE_05055,Cropland,0.0,0.0,0.0,1.0,0.0,0.0,0.0
GRID_CBE_05056,Cropland,0.0,0.0,0.0,1.0,0.0,0.0,0.0
GRID_CBE_05057,Cropland,0.0,0.0,0.0,1.0,0.0,0.0,0.0
GRID_CBE_05058,Cropland,0.0,0.0,0.0,1.0,0.0,0.0,0.0
GRID_CBE_05059,Cropland,0.0,0.0,0.0,1.0,0.0,0.0,0.0
GRID_CBE_05060,Cropland,0.0,0.0,0.0,1.0,0.0,0.0,0.0
GRID_CBE_05061,Cropland,0.0,0.0,0.0,1.0,0.0,0.0,0.0
GRID_CBE_05062,Cropland,0.0,0.0,0.0,1.0,0.0,0.0,0.0
GRID_CBE_05063,Cropland,0.0,0.0,0.0,1.0,0.0,0.0,0.0
GRID_CBE_05064,Cropland,0.0,0.0,0.0,1.0,0.0,0.0,0.0
GRID_CBE_05065,Cropland,0.0,0.0,0.0,1.0,0.0,0.0,0.0
GRID_CBE_05066,Cropland,0.0,0.0,0.0,1.0,0.0,0.0,0.0
GRID_CBE_05067,Cropland,0.0,0.0,0.0,1.0,0.0,0.0,0.0
GRID_CBE_05068,Cropland,0.0,0.0,0.0,1.0,0.0,0.0,0.0
GRID_CBE_05069,Cropland,0.0,0.0,0.0,1.0,0.0,0.0,0.0
GRID_CBE_05070,Cropland,0.0,0.0,0.0,1.0,0.0,0.0,0.0
GRID_CBE_05071,Shrubland,0.0,1.0,0.0,0.0,0.0,0.0,0.0
GRID_CBE_05072,Shrubland,0.0,1.0,0.0,0.0,0.0,0.0,0.0
GRID_CBE_05073,Shrubland,0.0,1.0,0.0,0.0,0.0,0.0,0.0
GRID_CBE_05074,Shrubland,0.0,1.0,0.0,0.0,0.0,0.0,0.0
GRID_CBE_05075,Shrubland,0.0,1.0,0.0,0.0,0.0,0.0,0.0
GRID_CBE_05076,Shrubland,0.0,1.0,0.0,0.0,0.0,0.0,0.0
GRID_CBE_05077,Shrubland,0.0,1.0,0.0,0.0,0.0,0.0,0.0
GRID_CBE_05078,Shrubland,0.0,1.0,0.0,0.0,0.0,0.0,0.0
GRID_CBE_05079,Shrubland,0.0,1.0,0.0,0.0,0.0,0.0,0.0
GRID_CBE_05080,Shrubland,0.0,1.0,0.0,0.0,0.0,0.0,0.0
GRID_CBE_05081,Shrubland,0.0,1.0,0.0,0.0,0.0,0.0,0.0
GRID_CBE_05082,Shrubland,0.0,1.0,0.0,0.0,0.0,0.0,0.0
GRID_CBE_05083,Shrubland,0.0,1.0,0.0,0.0,0.0,0.0,0.0
GRID_CBE_05084,Shrubland,0.0,1.0,0.0,0.0,0.0,0.0,0.0
GRID_CBE_05085,Shrubland,0.0,1.0,0.0,0.0,0.0,0.0,0.0
GRID_CBE_05086,Shrubland,0.0,1.0,0.0,0.0,0.0,0.0,0.0
GRID_CBE_05087,Shrubland,0.0,1.0,0.0,0.0,0.0,0.0,0.0
GRID_CBE_05088,Shrubland,0.0,1.0,0.0,0.0,0.0,0.0,0.0
GRID_CBE_05089,Shrubland,0.0,1.0,0.0,0.0,0.0,0.0,0.0
GRID_CBE_05090,Shrubland,0.0,1.0,0.0,0.0,0.0,0.0,0.0
GRID_CBE_05091,Shrubland,0.0,1.0,0.0,0.0,0.0,0.0,0.0
GRID_CBE_05092,Shrubland,0.0,1.0,0.0,0.0,0.0,0.0,0.0
GRID_CBE_05093,Shrubland,0.0,1.0,0.0,0.0,0.0,0.0,0.0
GRID_CBE_05094,Shrubland,0.0,1.0,0.0,0.0,0.0,0.0,0.0
GRID_CBE_05095,Shrubland,0.0,1.0,0.0,0.0,0.0,0.0,0.0
GRID_CBE_05096,Shrubland,0.0,1.0,0.0,0.0,0.0,0.0,0.0
GRID_CBE_05097,Shrubland,0.0,1.0,0.0,0.0,0.0,0.0,0.0
GRID_CBE_05098,Shrubland,0.0,1.0,0.0,0.0,0.0,0.0,0.0
GRID_CBE_05099,Shrubland,0.0,1.0,0.0,0.0,0.0,0.0,0.0
GRID_CBE_05100,Shrubland,0.0,1.0,0.0,0.0,0.0,0.0,0.0
GRID_CBE_05101,Shrubland,0.0,0.9091,0.0,0.0909,0.0,0.0,0.0
GRID_CBE_05102,Shrubland,0.0,0.5455,0.0,0.4545,0.0,0.0,0.0
GRID_CBE_05103,Cropland,0.0,0.1818,0.0,0.8182,0.0,0.0,0.0
GRID_CBE_05104,Cropland,0.0,0.0,0.0,1.0,0.0,0.0,0.0
GRID_CBE_05105,Cropland,0.0,0.0,0.0,1.0,0.0,0.0,0.0
GRID_CBE_05106,Cropland,0.0,0.0,0.0,1.0,0.0,0.0,0.0
GRID_CBE_05107,Cropland,0.0,0.0,0.0,1.0,0.0,0.0,0.0
GRID_CBE_05108,Cropland,0.0,0.0,0.0,1.0,0.0,0.0,0.0
GRID_CBE_05109,Cropland,0.0,0.0,0.0,1.0,0.0,0.0,0.0
GRID_CBE_05110,Cropland,0.0,0.0,0.0,1.0,0.0,0.0,0.0
GRID_CBE_05111,Cropland,0.0,0.0,0.0,1.0,0.0,0.0,0.0
GRID_CBE_05112,Cropland,0.0,0.0,0.0,1.0,0.0,0.0,0.0
GRID_CBE_05113,Cropland,0.0,0.0,0.0,1.0,0.0,0.0,0.0
GRID_CBE_05114,Cropland,0.0,0.0,0.0,1.0,0.0,0.0,0.0
GRID_CBE_05115,Cropland,0.0,0.0,0.0,1.0,0.0,0.0,0.0
GRID_CBE_05116,Cropland,0.0,0.0,0.0,1.0,0.0,0.0,0.0
GRID_CBE_05117,Cropland,0.0,0.0,0.0,1.0,0.0,0.0,0.0
GRID_CBE_05118,Cropland,0.0,0.0,0.0,1.0,0.0,0.0,0.0
GRID_CBE_05119,Cropland,0.0,0.0,0.0,1.0,0.0,0.0,0.0
GRID_CBE_05120,Cropland,0.0,0.0,0.0,1.0,0.0,0.0,0.0
GRID_CBE_05121,Cropland,0.0,0.0,0.0,1.0,0.0,0.0,0.0
GRID_CBE_05122,Cropland,0.0,0.0,0.0,1.0,0.0,0.0,0.0
GRID_CBE_05123,Cropland,0.0,0.0,0.0,1.0,0.0,0.0,0.0
GRID_CBE_05124,Cropland,0.0,0.0,0.0,1.0,0.0,0.0,0.0
GRID_CBE_05125,Cropland,0.0,0.0,0.0,1.0,0.0,0.0,0.0
GRID_CBE_05126,Cropland,0.0,0.0,0.0,1.0,0.0,0.0,0.0
GRID_CBE_05127,Cropland,0.0,0.0,0.0,1.0,0.0,0.0,0.0
GRID_CBE_05128,Cropland,0.0,0.0,0.0,1.0,0.0,0.0,0.0
GRID_CBE_05129,Cropland,0.0,0.0,0.0,1.0,0.0,0.0,0.0
GRID_CBE_05130,Cropland,0.0,0.0,0.0,1.0,0.0,0.0,0.0
GRID_CBE_05131,Cropland,0.0,0.0,0.0,1.0,0.0,0.0,0.0
GRID_CBE_05132,Cropland,0.0,0.0,0.0,1.0,0.0,0.0,0.0
GRID_CBE_05133,Cropland,0.0,0.0,0.0,1.0,0.0,0.0,0.0
GRID_CBE_05134,Cropland,0.0,0.0,0.0,1.0,0.0,0.0,0.0
GRID_CBE_05135,Cropland,0.0,0.0,0.0,1.0,0.0,0.0,0.0
GRID_CBE_05136,Cropland,0.0,0.0,0.0,1.0,0.0,0.0,0.0
GRID_CBE_05137,Cropland,0.0,0.0,0.0,1.0,0.0,0.0,0.0
GRID_CBE_05138,Cropland,0.0,0.0,0.0,1.0,0.0,0.0,0.0
GRID_CBE_05139,Cropland,0.0,0.0,0.0,1.0,0.0,0.0,0.0
GRID_CBE_05140,Cropland,0.0,0.0,0.0,1.0,0.0,0.0,0.0
GRID_CBE_05141,Cropland,0.0,0.0,0.0,1.0,0.0,0.0,0.0
GRID_CBE_05142,Cropland,0.0,0.0,0.0,1.0,0.0,0.0,0.0
GRID_CBE_05143,Cropland,0.0,0.0,0.0,1.0,0.0,0.0,0.0
GRID_CBE_05144,Cropland,0.0,0.0,0.0,1.0,0.0,0.0,0.0
GRID_CBE_05145,Cropland,0.0,0.0,0.0,1.0,0.0,0.0,0.0
GRID_CBE_05146,Cropland,0.0,0.0,0.0,1.0,0.0,0.0,0.0
GRID_CBE_05147,Cropland,0.0,0.0,0.0,1.0,0.0,0.0,0.0
GRID_CBE_05148,Cropland,0.0,0.0,0.0,1.0,0.0,0.0,0.0
GRID_CBE_05149,Shrubland,0.0,1.0,0.0,0.0,0.0,0.0,0.0
GRID_CBE_05150,Shrubland,0.0,1.0,0.0,0.0,0.0,0.0,0.0
GRID_CBE_05151,Shrubland,0.0,1.0,0.0,0.0,0.0,0.0,0.0
GRID_CBE_05152,Shrubland,0.0,1.0,0.0,0.0,0.0,0.0,0.0
GRID_CBE_05153,Shrubland,0.0,1.0,0.0,0.0,0.0,0.0,0.0
GRID_CBE_05154,Shrubland,0.0,1.0,0.0,0.0,0.0,0.0,0.0
GRID_CBE_05155,Shrubland,0.0,1.0,0.0,0.0,0.0,0.0,0.0
GRID_CBE_05156,Shrubland,0.0,1.0,0.0,0.0,0.0,0.0,0.0
GRID_CBE_05157,Shrubland,0.0,1.0,0.0,0.0,0.0,0.0,0.0
GRID_CBE_05158,Shrubland,0.0,1.0,0.0,0.0,0.0,0.0,0.0
GRID_CBE_05159,Shrubland,0.0,1.0,0.0,0.0,0.0,0.0,0.0
GRID_CBE_05160,Shrubland,0.0,1.0,0.0,0.0,0.0,0.0,0.0
GRID_CBE_05161,Shrubland,0.0,1.0,0.0,0.0,0.0,0.0,0.0
GRID_CBE_05162,Shrubland,0.0,1.0,0.0,0.0,0.0,0.0,0.0
GRID_CBE_05163,Shrubland,0.0,1.0,0.0,0.0,0.0,0.0,0.0
GRID_CBE_05164,Shrubland,0.0,1.0,0.0,0.0,0.0,0.0,0.0
GRID_CBE_05165,Shrubland,0.0,1.0,0.0,0.0,0.0,0.0,0.0
GRID_CBE_05166,Shrubland,0.0,1.0,0.0,0.0,0.0,0.0,0.0
GRID_CBE_05167,Shrubland,0.0,1.0,0.0,0.0,0.0,0.0,0.0
GRID_CBE_05168,Shrubland,0.0,1.0,0.0,0.0,0.0,0.0,0.0
GRID_CBE_05169,Shrubland,0.0,1.0,0.0,0.0,0.0,0.0,0.0
GRID_CBE_05170,Shrubland,0.0,1.0,0.0,0.0,0.0,0.0,0.0
GRID_CBE_05171,Shrubland,0.0,1.0,0.0,0.0,0.0,0.0,0.0
GRID_CBE_05172,Shrubland,0.0,1.0,0.0,0.0,0.0,0.0,0.0
GRID_CBE_05173,Shrubland,0.0,1.0,0.0,0.0,0.0,0.0,0.0
GRID_CBE_05174,Shrubland,0.0,1.0,0.0,0.0,0.0,0.0,0.0
GRID_CBE_05175,Shrubland,0.0,1.0,0.0,0.0,0.0,0.0,0.0
GRID_CBE_05176,Shrubland,0.0,1.0,0.0,0.0,0.0,0.0,0.0
GRID_CBE_05177,Shrubland,0.0,1.0,0.0,0.0,0.0,0.0,0.0
GRID_CBE_05178,Shrubland,0.0,1.0,0.0,0.0,0.0,0.0,0.0
GRID_CBE_05179,Shrubland,0.0,0.9091,0.0,0.0909,0.0,0.0,0.0
GRID_CBE_05180,Shrubland,0.0,0.5455,0.0,0.4545,0.0,0.0,0.0
GRID_CBE_05181,Cropland,0.0,0.1818,0.0,0.8182,0.0,0.0,0.0
GRID_CBE_05182,Cropland,0.0,0.0,0.0,1.0,0.0,0.0,0.0
GRID_CBE_05183,Cropland,0.0,0.0,0.0,1.0,0.0,0.0,0.0
GRID_CBE_05184,Cropland,0.0,0.0,0.0,1.0,0.0,0.0,0.0
GRID_CBE_05185,Cropland,0.0,0.0,0.0,1.0,0.0,0.0,0.0
GRID_CBE_05186,Cropland,0.0,0.0,0.0,1.0,0.0,0.0,0.0
GRID_CBE_05187,Cropland,0.0,0.0,0.0,1.0,0.0,0.0,0.0
GRID_CBE_05188,Cropland,0.0,0.0,0.0,1.0,0.0,0.0,0.0
GRID_CBE_05189,Cropland,0.0,0.0,0.0,1.0,0.0,0.0,0.0
GRID_CBE_05190,Cropland,0.0,0.0,0.0,1.0,0.0,0.0,0.0
GRID_CBE_05191,Cropland,0.0,0.0,0.0,1.0,0.0,0.0,0.0
GRID_CBE_05192,Cropland,0.0,0.0,0.0,1.0,0.0,0.0,0.0
GRID_CBE_05193,Cropland,0.0,0.0,0.0,1.0,0.0,0.0,0.0
GRID_CBE_05194,Cropland,0.0,0.0,0.0,1.0,0.0,0.0,0.0
GRID_CBE_05195,Cropland,0.0,0.0,0.0,1.0,0.0,0.0,0.0
GRID_CBE_05196,Cropland,0.0,0.0,0.0,1.0,0.0,0.0,0.0
GRID_CBE_05197,Cropland,0.0,0.0,0.0,1.0,0.0,0.0,0.0
GRID_CBE_05198,Cropland,0.0,0.0,0.0,1.0,0.0,0.0,0.0
GRID_CBE_05199,Cropland,0.0,0.0,0.0,1.0,0.0,0.0,0.0
GRID_CBE_05200,Cropland,0.0,0.0,0.0,1.0,0.0,0.0,0.0
GRID_CBE_05201,Cropland,0.0,0.0,0.0,1.0,0.0,0.0,0.0
GRID_CBE_05202,Cropland,0.0,0.0,0.0,1.0,0.0,0.0,0.0
GRID_CBE_05203,Cropland,0.0,0.0,0.0,1.0,0.0,0.0,0.0
GRID_CBE_05204,Cropland,0.0,0.0,0.0,1.0,0.0,0.0,0.0
GRID_CBE_05205,Cropland,0.0,0.0,0.0,1.0,0.0,0.0,0.0
GRID_CBE_05206,Cropland,0.0,0.0,0.0,1.0,0.0,0.0,0.0
GRID_CBE_05207,Cropland,0.0,0.0,0.0,1.0,0.0,0.0,0.0
GRID_CBE_05208,Cropland,0.0,0.0,0.0,1.0,0.0,0.0,0.0
GRID_CBE_05209,Cropland,0.0,0.0,0.0,1.0,0.0,0.0,0.0
GRID_CBE_05210,Cropland,0.0,0.0,0.0,1.0,0.0,0.0,0.0
GRID_CBE_05211,Cropland,0.0,0.0,0.0,1.0,0.0,0.0,0.0
GRID_CBE_05212,Cropland,0.0,0.0,0.0,1.0,0.0,0.0,0.0
GRID_CBE_05213,Cropland,0.0,0.0,0.0,1.0,0.0,0.0,0.0
GRID_CBE_05214,Cropland,0.0,0.0,0.0,1.0,0.0,0.0,0.0
GRID_CBE_05215,Cropland,0.0,0.0,0.0,1.0,0.0,0.0,0.0
GRID_CBE_05216,Cropland,0.0,0.0,0.0,1.0,0.0,0.0,0.0
GRID_CBE_05217,Cropland,0.0,0.0,0.0,1.0,0.0,0.0,0.0
GRID_CBE_05218,Cropland,0.0,0.0,0.0,1.0,0.0,0.0,0.0
GRID_CBE_05219,Cropland,0.0,0.0,0.0,1.0,0.0,0.0,0.0
GRID_CBE_05220,Cropland,0.0,0.0,0.0,1.0,0.0,0.0,0.0
GRID_CBE_05221,Cropland,0.0,0.0,0.0,1.0,0.0,0.0,0.0
GRID_CBE_05222,Cropland,0.0,0.0,0.0,1.0,0.0,0.0,0.0
GRID_CBE_05223,Cropland,0.0,0.0,0.0,1.0,0.0,0.0,0.0
GRID_CBE_05224,Cropland,0.0,0.0,0.0,1.0,0.0,0.0,0.0
GRID_CBE_05225,Cropland,0.0,0.0,0.0,1.0,0.0,0.0,0.0
GRID_CBE_05226,Cropland,0.0,0.0,0.0,1.0,0.0,0.0,0.0
GRID_CBE_05227,Shrubland,0.0,1.0,0.0,0.0,0.0,0.0,0.0
GRID_CBE_05228,Shrubland,0.0,1.0,0.0,0.0,0.0,0.0,0.0
GRID_CBE_05229,Shrubland,0.0,1.0,0.0,0.0,0.0,0.0,0.0
GRID_CBE_05230,Shrubland,0.0,1.0,0.0,0.0,0.0,0.0,0.0
GRID_CBE_05231,Shrubland,0.0,1.0,0.0,0.0,0.0,0.0,0.0
GRID_CBE_05232,Shrubland,0.0,1.0,0.0,0.0,0.0,0.0,0.0
GRID_CBE_05233,Shrubland,0.0,1.0,0.0,0.0,0.0,0.0,0.0
GRID_CBE_05234,Shrubland,0.0,1.0,0.0,0.0,0.0,0.0,0.0
GRID_CBE_05235,Shrubland,0.0,1.0,0.0,0.0,0.0,0.0,0.0
GRID_CBE_05236,Shrubland,0.0,1.0,0.0,0.0,0.0,0.0,0.0
GRID_CBE_05237,Shrubland,0.0,1.0,0.0,0.0,0.0,0.0,0.0
GRID_CBE_05238,Shrubland,0.0,1.0,0.0,0.0,0.0,0.0,0.0
GRID_CBE_05239,Shrubland,0.0,1.0,0.0,0.0,0.0,0.0,0.0
GRID_CBE_05240,Shrubland,0.0,1.0,0.0,0.0,0.0,0.0,0.0
GRID_CBE_05241,Shrubland,0.0,1.0,0.0,0.0,0.0,0.0,0.0
GRID_CBE_05242,Shrubland,0.0,1.0,0.0,0.0,0.0,0.0,0.0
GRID_CBE_05243,Shrubland,0.0,1.0,0.0,0.0,0.0,0.0,0.0
GRID_CBE_05244,Shrubland,0.0,1.0,0.0,0.0,0.0,0.0,0.0
GRID_CBE_05245,Shrubland,0.0,1.0,0.0,0.0,0.0,0.0,0.0
GRID_CBE_05246,Shrubland,0.0,1.0,0.0,0.0,0.0,0.0,0.0
GRID_CBE_05247,Shrubland,0.0,1.0,0.0,0.0,0.0,0.0,0.0
GRID_CBE_05248,Shrubland,0.0,1.0,0.0,0.0,0.0,0.0,0.0
GRID_CBE_05249,Shrubland,0.0,1.0,0.0,0.0,0.0,0.0,0.0
GRID_CBE_05250,Shrubland,0.0,1.0,0.0,0.0,0.0,0.0,0.0
GRID_CBE_05251,Shrubland,0.0,1.0,0.0,0.0,0.0,0.0,0.0
GRID_CBE_05252,Shrubland,0.0,1.0,0.0,0.0,0.0,0.0,0.0
GRID_CBE_05253,Shrubland,0.0,1.0,0.0,0.0,0.0,0.0,0.0
GRID_CBE_05254,Shrubland,0.0,1.0,0.0,0.0,0.0,0.0,0.0
GRID_CBE_05255,Shrubland,0.0,1.0,0.0,0.0,0.0,0.0,0.0
GRID_CBE_05256,Shrubland,0.0,1.0,0.0,0.0,0.0,0.0,0.0
GRID_CBE_05257,Shrubland,0.0,0.9091,0.0,0.0909,0.0,0.0,0.0
GRID_CBE_05258,Shrubland,0.0,0.5455,0.0,0.4545,0.0,0.0,0.0
GRID_CBE_05259,Cropland,0.0,0.1818,0.0,0.8182,0.0,0.0,0.0
GRID_CBE_05260,Cropland,0.0,0.0,0.0,1.0,0.0,0.0,0.0
GRID_CBE_05261,Cropland,0.0,0.0,0.0,1.0,0.0,0.0,0.0
GRID_CBE_05262,Cropland,0.0,0.0,0.0,1.0,0.0,0.0,0.0
GRID_CBE_05263,Cropland,0.0,0.0,0.0,1.0,0.0,0.0,0.0
GRID_CBE_05264,Cropland,0.0,0.0,0.0,1.0,0.0,0.0,0.0
GRID_CBE_05265,Cropland,0.0,0.0,0.0,1.0,0.0,0.0,0.0
GRID_CBE_05266,Cropland,0.0,0.0,0.0,1.0,0.0,0.0,0.0
GRID_CBE_05267,Cropland,0.0,0.0,0.0,1.0,0.0,0.0,0.0
GRID_CBE_05268,Cropland,0.0,0.0,0.0,1.0,0.0,0.0,0.0
GRID_CBE_05269,Cropland,0.0,0.0,0.0,1.0,0.0,0.0,0.0
GRID_CBE_05270,Cropland,0.0,0.0,0.0,1.0,0.0,0.0,0.0
GRID_CBE_05271,Cropland,0.0,0.0,0.0,1.0,0.0,0.0,0.0
GRID_CBE_05272,Cropland,0.0,0.0,0.0,1.0,0.0,0.0,0.0
GRID_CBE_05273,Cropland,0.0,0.0,0.0,1.0,0.0,0.0,0.0
GRID_CBE_05274,Cropland,0.0,0.0,0.0,1.0,0.0,0.0,0.0
GRID_CBE_05275,Cropland,0.0,0.0,0.0,1.0,0.0,0.0,0.0
GRID_CBE_05276,Cropland,0.0,0.0,0.0,1.0,0.0,0.0,0.0
GRID_CBE_05277,Cropland,0.0,0.0,0.0,1.0,0.0,0.0,0.0
GRID_CBE_05278,Cropland,0.0,0.0,0.0,1.0,0.0,0.0,0.0
GRID_CBE_05279,Cropland,0.0,0.0,0.0,1.0,0.0,0.0,0.0
GRID_CBE_05280,Cropland,0.0,0.0,0.0,1.0,0.0,0.0,0.0
GRID_CBE_05281,Cropland,0.0,0.0,0.0,1.0,0.0,0.0,0.0
GRID_CBE_05282,Cropland,0.0,0.0,0.0,1.0,0.0,0.0,0.0
GRID_CBE_05283,Cropland,0.0,0.0,0.0,1.0,0.0,0.0,0.0
GRID_CBE_05284,Cropland,0.0,0.0,0.0,1.0,0.0,0.0,0.0
GRID_CBE_05285,Cropland,0.0,0.0,0.0,1.0,0.0,0.0,0.0
GRID_CBE_05286,Cropland,0.0,0.0,0.0,1.0,0.0,0.0,0.0
GRID_CBE_05287,Cropland,0.0,0.0,0.0,1.0,0.0,0.0,0.0
GRID_CBE_05288,Cropland,0.0,0.0,0.0,1.0,0.0,0.0,0.0
GRID_CBE_05289,Cropland,0.0,0.0,0.0,1.0,0.0,0.0,0.0
GRID_CBE_05290,Cropland,0.0,0.0,0.0,1.0,0.0,0.0,0.0
GRID_CBE_05291,Cropland,0.0,0.0,0.0,1.0,0.0,0.0,0.0
GRID_CBE_05292,Cropland,0.0,0.0,0.0,1.0,0.0,0.0,0.0
GRID_CBE_05293,Cropland,0.0,0.0,0.0,1.0,0.0,0.0,0.0
GRID_CBE_05294,Cropland,0.0,0.0,0.0,1.0,0.0,0.0,0.0
GRID_CBE_05295,Cropland,0.0,0.0,0.0,1.0,0.0,0.0,0.0
GRID_CBE_05296,Cropland,0.0,0.0,0.0,1.0,0.0,0.0,0.0
GRID_CBE_05297,Cropland,0.0,0.0,0.0,1.0,0.0,0.0,0.0
GRID_CBE_05298,Cropland,0.0,0.0,0.0,1.0,0.0,0.0,0.0
GRID_CBE_05299,Cropland,0.0,0.0,0.0,1.0,0.0,0.0,0.0
GRID_CBE_05300,Cropland,0.0,0.0,0.0,1.0,0.0,0.0,0.0
GRID_CBE_05301,Cropland,0.0,0.0,0.0,1.0,0.0,0.0,0.0
GRID_CBE_05302,Cropland,0.0,0.0,0.0,1.0,0.0,0.0,0.0
GRID_CBE_05303,Cropland,0.0,0.0,0.0,1.0,0.0,0.0,0.0
GRID_CBE_05304,Cropland,0.0,0.0,0.0,1.0,0.0,0.0,0.0
GRID_CBE_05305,Shrubland,0.0,1.0,0.0,0.0,0.0,0.0,0.0
GRID_CBE_05306,Shrubland,0.0,1.0,0.0,0.0,0.0,0.0,0.0
GRID_CBE_05307,Shrubland,0.0,1.0,0.0,0.0,0.0,0.0,0.0
GRID_CBE_05308,Shrubland,0.0,1.0,0.0,0.0,0.0,0.0,0.0
GRID_CBE_05309,Shrubland,0.0,1.0,0.0,0.0,0.0,0.0,0.0
GRID_CBE_05310,Shrubland,0.0,1.0,0.0,0.0,0.0,0.0,0.0
GRID_CBE_05311,Shrubland,0.0,1.0,0.0,0.0,0.0,0.0,0.0
GRID_CBE_05312,Shrubland,0.0,1.0,0.0,0.0,0.0,0.0,0.0
GRID_CBE_05313,Shrubland,0.0,1.0,0.0,0.0,0.0,0.0,0.0
GRID_CBE_05314,Shrubland,0.0,1.0,0.0,0.0,0.0,0.0,0.0
GRID_CBE_05315,Shrubland,0.0,1.0,0.0,0.0,0.0,0.0,0.0
GRID_CBE_05316,Shrubland,0.0,1.0,0.0,0.0,0.0,0.0,0.0
GRID_CBE_05317,Shrubland,0.0,1.0,0.0,0.0,0.0,0.0,0.0
GRID_CBE_05318,Shrubland,0.0,1.0,0.0,0.0,0.0,0.0,0.0
GRID_CBE_05319,Shrubland,0.0,1.0,0.0,0.0,0.0,0.0,0.0
GRID_CBE_05320,Shrubland,0.0,1.0,0.0,0.0,0.0,0.0,0.0
GRID_CBE_05321,Shrubland,0.0,1.0,0.0,0.0,0.0,0.0,0.0
GRID_CBE_05322,Shrubland,0.0,1.0,0.0,0.0,0.0,0.0,0.0
GRID_CBE_05323,Shrubland,0.0,1.0,0.0,0.0,0.0,0.0,0.0
GRID_CBE_05324,Shrubland,0.0,1.0,0.0,0.0,0.0,0.0,0.0
GRID_CBE_05325,Shrubland,0.0,1.0,0.0,0.0,0.0,0.0,0.0
GRID_CBE_05326,Shrubland,0.0,1.0,0.0,0.0,0.0,0.0,0.0
GRID_CBE_05327,Shrubland,0.0,1.0,0.0,0.0,0.0,0.0,0.0
GRID_CBE_05328,Shrubland,0.0,1.0,0.0,0.0,0.0,0.0,0.0
GRID_CBE_05329,Shrubland,0.0,1.0,0.0,0.0,0.0,0.0,0.0
GRID_CBE_05330,Shrubland,0.0,1.0,0.0,0.0,0.0,0.0,0.0
GRID_CBE_05331,Shrubland,0.0,1.0,0.0,0.0,0.0,0.0,0.0
GRID_CBE_05332,Shrubland,0.0,1.0,0.0,0.0,0.0,0.0,0.0
GRID_CBE_05333,Shrubland,0.0,1.0,0.0,0.0,0.0,0.0,0.0
GRID_CBE_05334,Shrubland,0.0,1.0,0.0,0.0,0.0,0.0,0.0
GRID_CBE_05335,Shrubland,0.0,0.9091,0.0,0.0909,0.0,0.0,0.0
GRID_CBE_05336,Shrubland,0.0,0.5455,0.0,0.4545,0.0,0.0,0.0
GRID_CBE_05337,Cropland,0.0,0.1818,0.0,0.8182,0.0,0.0,0.0
GRID_CBE_05338,Cropland,0.0,0.0,0.0,1.0,0.0,0.0,0.0
GRID_CBE_05339,Cropland,0.0,0.0,0.0,1.0,0.0,0.0,0.0
GRID_CBE_05340,Cropland,0.0,0.0,0.0,1.0,0.0,0.0,0.0
GRID_CBE_05341,Cropland,0.0,0.0,0.0,1.0,0.0,0.0,0.0
GRID_CBE_05342,Cropland,0.0,0.0,0.0,1.0,0.0,0.0,0.0
GRID_CBE_05343,Cropland,0.0,0.0,0.0,1.0,0.0,0.0,0.0
GRID_CBE_05344,Cropland,0.0,0.0,0.0,1.0,0.0,0.0,0.0
GRID_CBE_05345,Cropland,0.0,0.0,0.0,1.0,0.0,0.0,0.0
GRID_CBE_05346,Cropland,0.0,0.0,0.0,1.0,0.0,0.0,0.0
GRID_CBE_05347,Cropland,0.0,0.0,0.0,1.0,0.0,0.0,0.0
GRID_CBE_05348,Cropland,0.0,0.0,0.0,1.0,0.0,0.0,0.0
GRID_CBE_05349,Cropland,0.0,0.0,0.0,1.0,0.0,0.0,0.0
GRID_CBE_05350,Cropland,0.0,0.0,0.0,1.0,0.0,0.0,0.0
GRID_CBE_05351,Cropland,0.0,0.0,0.0,1.0,0.0,0.0,0.0
GRID_CBE_05352,Cropland,0.0,0.0,0.0,1.0,0.0,0.0,0.0
GRID_CBE_05353,Cropland,0.0,0.0,0.0,1.0,0.0,0.0,0.0
GRID_CBE_05354,Cropland,0.0,0.0,0.0,1.0,0.0,0.0,0.0
GRID_CBE_05355,Cropland,0.0,0.0,0.0,1.0,0.0,0.0,0.0
GRID_CBE_05356,Cropland,0.0,0.0,0.0,1.0,0.0,0.0,0.0
GRID_CBE_05357,Cropland,0.0,0.0,0.0,1.0,0.0,0.0,0.0
GRID_CBE_05358,Cropland,0.0,0.0,0.0,1.0,0.0,0.0,0.0
GRID_CBE_05359,Cropland,0.0,0.0,0.0,1.0,0.0,0.0,0.0
GRID_CBE_05360,Cropland,0.0,0.0,0.0,1.0,0.0,0.0,0.0
GRID_CBE_05361,Cropland,0.0,0.0,0.0,1.0,0.0,0.0,0.0
GRID_CBE_05362,Cropland,0.0,0.0,0.0,1.0,0.0,0.0,0.0
GRID_CBE_05363,Cropland,0.0,0.0,0.0,1.0,0.0,0.0,0.0
GRID_CBE_05364,Cropland,0.0,0.0,0.0,1.0,0.0,0.0,0.0
GRID_CBE_05365,Cropland,0.0,0.0,0.0,1.0,0.0,0.0,0.0
GRID_CBE_05366,Cropland,0.0,0.0,0.0,1.0,0.0,0.0,0.0
GRID_CBE_05367,Cropland,0.0,0.0,0.0,1.0,0.0,0.0,0.0
GRID_CBE_05368,Cropland,0.0,0.0,0.0,1.0,0.0,0.0,0.0
GRID_CBE_05369,Cropland,0.0,0.0,0.0,1.0,0.0,0.0,0.0
GRID_CBE_05370,Cropland,0.0,0.0,0.0,1.0,0.0,0.0,0.0
GRID_CBE_05371,Cropland,0.0,0.0,0.0,1.0,0.0,0.0,0.0
GRID_CBE_05372,Cropland,0.0,0.0,0.0,1.0,0.0,0.0,0.0
GRID_CBE_05373,Cropland,0.0,0.0,0.0,1.0,0.0,0.0,0.0
GRID_CBE_05374,Cropland,0.0,0.0,0.0,1.0,0.0,0.0,0.0
GRID_CBE_05375,Cropland,0.0,0.0,0.0,1.0,0.0,0.0,0.0
GRID_CBE_05376,Cropland,0.0,0.0,0.0,1.0,0.0,0.0,0.0
GRID_CBE_05377,Cropland,0.0,0.0,0.0,1.0,0.0,0.0,0.0
GRID_CBE_05378,Cropland,0.0,0.0,0.0,1.0,0.0,0.0,0.0
GRID_CBE_05379,Cropland,0.0,0.0,0.0,1.0,0.0,0.0,0.0
GRID_CBE_05380,Cropland,0.0,0.0,0.0,1.0,0.0,0.0,0.0
GRID_CBE_05381,Cropland,0.0,0.0,0.0,1.0,0.0,0.0,0.0
GRID_CBE_05382,Cropland,0.0,0.0,0.0,1.0,0.0,0.0,0.0
GRID_CBE_05383,Shrubland,0.0,1.0,0.0,0.0,0.0,0.0,0.0
GRID_CBE_05384,Shrubland,0.0,1.0,0.0,0.0,0.0,0.0,0.0
GRID_CBE_05385,Shrubland,0.0,1.0,0.0,0.0,0.0,0.0,0.0
GRID_CBE_05386,Shrubland,0.0,1.0,0.0,0.0,0.0,0.0,0.0
GRID_CBE_05387,Shrubland,0.0,1.0,0.0,0.0,0.0,0.0,0.0
GRID_CBE_05388,Shrubland,0.0,1.0,0.0,0.0,0.0,0.0,0.0
GRID_CBE_05389,Shrubland,0.0,1.0,0.0,0.0,0.0,0.0,0.0
GRID_CBE_05390,Shrubland,0.0,1.0,0.0,0.0,0.0,0.0,0.0
GRID_CBE_05391,Shrubland,0.0,1.0,0.0,0.0,0.0,0.0,0.0
GRID_CBE_05392,Shrubland,0.0,1.0,0.0,0.0,0.0,0.0,0.0
GRID_CBE_05393,Shrubland,0.0,1.0,0.0,0.0,0.0,0.0,0.0
GRID_CBE_05394,Shrubland,0.0,1.0,0.0,0.0,0.0,0.0,0.0
GRID_CBE_05395,Shrubland,0.0,1.0,0.0,0.0,0.0,0.0,0.0
GRID_CBE_05396,Shrubland,0.0,1.0,0.0,0.0,0.0,0.0,0.0
GRID_CBE_05397,Shrubland,0.0,1.0,0.0,0.0,0.0,0.0,0.0
GRID_CBE_05398,Shrubland,0.0,1.0,0.0,0.0,0.0,0.0,0.0
GRID_CBE_05399,Shrubland,0.0,1.0,0.0,0.0,0.0,0.0,0.0
GRID_CBE_05400,Shrubland,0.0,1.0,0.0,0.0,0.0,0.0,0.0
GRID_CBE_05401,Shrubland,0.0,1.0,0.0,0.0,0.0,0.0,0.0
GRID_CBE_05402,Shrubland,0.0,1.0,0.0,0.0,0.0,0.0,0.0
GRID_CBE_05403,Shrubland,0.0,1.0,0.0,0.0,0.0,0.0,0.0
GRID_CBE_05404,Shrubland,0.0,1.0,0.0,0.0,0.0,0.0,0.0
GRID_CBE_05405,Shrubland,0.0,1.0,0.0,0.0,0.0,0.0,0.0
GRID_CBE_05406,Shrubland,0.0,1.0,0.0,0.0,0.0,0.0,0.0
GRID_CBE_05407,Shrubland,0.0,1.0,0.0,0.0,0.0,0.0,0.0
GRID_CBE_05408,Shrubland,0.0,1.0,0.0,0.0,0.0,0.0,0.0
GRID_CBE_05409,Shrubland,0.0,1.0,0.0,0.0,0.0,0.0,0.0
GRID_CBE_05410,Shrubland,0.0,1.0,0.0,0.0,0.0,0.0,0.0
GRID_CBE_05411,Shrubland,0.0,1.0,0.0,0.0,0.0,0.0,0.0
GRID_CBE_05412,Shrubland,0.0,1.0,0.0,0.0,0.0,0.0,0.0
GRID_CBE_05413,Shrubland,0.0,0.9091,0.0,0.0909,0.0,0.0,0.0
GRID_CBE_05414,Shrubland,0.0,0.5455,0.0,0.4545,0.0,0.0,0.0
GRID_CBE_05415,Cropland,0.0,0.1818,0.0,0.8182,0.0,0.0,0.0
GRID_CBE_05416,Cropland,0.0,0.0,0.0,1.0,0.0,0.0,0.0
GRID_CBE_05417,Cropland,0.0,0.0,0.0,1.0,0.0,0.0,0.0
GRID_CBE_05418,Cropland,0.0,0.0,0.0,1.0,0.0,0.0,0.0
GRID_CBE_05419,Cropland,0.0,0.0,0.0,1.0,0.0,0.0,0.0
GRID_CBE_05420,Cropland,0.0,0.0,0.0,1.0,0.0,0.0,0.0
GRID_CBE_05421,Cropland,0.0,0.0,0.0,1.0,0.0,0.0,0.0
GRID_CBE_05422,Cropland,0.0,0.0,0.0,1.0,0.0,0.0,0.0
GRID_CBE_05423,Cropland,0.0,0.0,0.0,1.0,0.0,0.0,0.0
GRID_CBE_05424,Cropland,0.0,0.0,0.0,1.0,0.0,0.0,0.0
GRID_CBE_05425,Cropland,0.0,0.0,0.0,1.0,0.0,0.0,0.0
GRID_CBE_05426,Cropland,0.0,0.0,0.0,1.0,0.0,0.0,0.0
GRID_CBE_05427,Cropland,0.0,0.0,0.0,1.0,0.0,0.0,0.0
GRID_CBE_05428,Cropland,0.0,0.0,0.0,1.0,0.0,0.0,0.0
GRID_CBE_05429,Cropland,0.0,0.0,0.0,1.0,0.0,0.0,0.0
GRID_CBE_05430,Cropland,0.0,0.0,0.0,1.0,0.0,0.0,0.0
GRID_CBE_05431,Cropland,0.0,0.0,0.0,1.0,0.0,0.0,0.0
GRID_CBE_05432,Cropland,0.0,0.0,0.0,1.0,0.0,0.0,0.0
GRID_CBE_05433,Cropland,0.0,0.0,0.0,1.0,0.0,0.0,0.0
GRID_CBE_05434,Cropland,0.0,0.0,0.0,1.0,0.0,0.0,0.0
GRID_CBE_05435,Cropland,0.0,0.0,0.0,1.0,0.0,0.0,0.0
GRID_CBE_05436,Cropland,0.0,0.0,0.0,1.0,0.0,0.0,0.0
GRID_CBE_05437,Cropland,0.0,0.0,0.0,1.0,0.0,0.0,0.0
GRID_CBE_05438,Cropland,0.0,0.0,0.0,1.0,0.0,0.0,0.0
GRID_CBE_05439,Cropland,0.0,0.0,0.0,1.0,0.0,0.0,0.0
GRID_CBE_05440,Cropland,0.0,0.0,0.0,1.0,0.0,0.0,0.0
GRID_CBE_05441,Cropland,0.0,0.0,0.0,1.0,0.0,0.0,0.0
GRID_CBE_05442,Cropland,0.0,0.0,0.0,1.0,0.0,0.0,0.0
GRID_CBE_05443,Cropland,0.0,0.0,0.0,1.0,0.0,0.0,0.0
GRID_CBE_05444,Cropland,0.0,0.0,0.0,1.0,0.0,0.0,0.0
GRID_CBE_05445,Cropland,0.0,0.0,0.0,1.0,0.0,0.0,0.0
GRID_CBE_05446,Cropland,0.0,0.0,0.0,1.0,0.0,0.0,0.0
GRID_CBE_05447,Cropland,0.0,0.0,0.0,1.0,0.0,0.0,0.0
GRID_CBE_05448,Cropland,0.0,0.0,0.0,1.0,0.0,0.0,0.0
GRID_CBE_05449,Cropland,0.0,0.0,0.0,1.0,0.0,0.0,0.0
GRID_CBE_05450,Cropland,0.0,0.0,0.0,1.0,0.0,0.0,0.0
GRID_CBE_05451,Cropland,0.0,0.0,0.0,1.0,0.0,0.0,0.0
GRID_CBE_05452,Cropland,0.0,0.0,0.0,1.0,0.0,0.0,0.0
GRID_CBE_05453,Cropland,0.0,0.0,0.0,1.0,0.0,0.0,0.0
GRID_CBE_05454,Cropland,0.0,0.0,0.0,1.0,0.0,0.0,0.0
GRID_CBE_05455,Cropland,0.0,0.0,0.0,1.0,0.0,0.0,0.0
GRID_CBE_05456,Cropland,0.0,0.0,0.0,1.0,0.0,0.0,0.0
GRID_CBE_05457,Cropland,0.0,0.0,0.0,1.0,0.0,0.0,0.0
GRID_CBE_05458,Cropland,0.0,0.0,0.0,1.0,0.0,0.0,0.0
GRID_CBE_05459,Cropland,0.0,0.0,0.0,1.0,0.0,0.0,0.0
GRID_CBE_05460,Cropland,0.0,0.0,0.0,1.0,0.0,0.0,0.0
GRID_CBE_05461,Shrubland,0.0,1.0,0.0,0.0,0.0,0.0,0.0
GRID_CBE_05462,Shrubland,0.0,1.0,0.0,0.0,0.0,0.0,0.0
GRID_CBE_05463,Shrubland,0.0,1.0,0.0,0.0,0.0,0.0,0.0
GRID_CBE_05464,Shrubland,0.0,1.0,0.0,0.0,0.0,0.0,0.0
GRID_CBE_05465,Shrubland,0.0,1.0,0.0,0.0,0.0,0.0,0.0
GRID_CBE_05466,Shrubland,0.0,1.0,0.0,0.0,0.0,0.0,0.0
GRID_CBE_05467,Shrubland,0.0,1.0,0.0,0.0,0.0,0.0,0.0
GRID_CBE_05468,Shrubland,0.0,1.0,0.0,0.0,0.0,0.0,0.0
GRID_CBE_05469,Shrubland,0.0,1.0,0.0,0.0,0.0,0.0,0.0
GRID_CBE_05470,Shrubland,0.0,1.0,0.0,0.0,0.0,0.0,0.0
GRID_CBE_05471,Shrubland,0.0,1.0,0.0,0.0,0.0,0.0,0.0
GRID_CBE_05472,Shrubland,0.0,1.0,0.0,0.0,0.0,0.0,0.0
GRID_CBE_05473,Shrubland,0.0,1.0,0.0,0.0,0.0,0.0,0.0
GRID_CBE_05474,Shrubland,0.0,1.0,0.0,0.0,0.0,0.0,0.0
GRID_CBE_05475,Shrubland,0.0,1.0,0.0,0.0,0.0,0.0,0.0
GRID_CBE_05476,Shrubland,0.0,1.0,0.0,0.0,0.0,0.0,0.0
GRID_CBE_05477,Shrubland,0.0,1.0,0.0,0.0,0.0,0.0,0.0
GRID_CBE_05478,Shrubland,0.0,1.0,0.0,0.0,0.0,0.0,0.0
GRID_CBE_05479,Shrubland,0.0,1.0,0.0,0.0,0.0,0.0,0.0
GRID_CBE_05480,Shrubland,0.0,1.0,0.0,0.0,0.0,0.0,0.0
GRID_CBE_05481,Shrubland,0.0,1.0,0.0,0.0,0.0,0.0,0.0
GRID_CBE_05482,Shrubland,0.0,1.0,0.0,0.0,0.0,0.0,0.0
GRID_CBE_05483,Shrubland,0.0,1.0,0.0,0.0,0.0,0.0,0.0
GRID_CBE_05484,Shrubland,0.0,1.0,0.0,0.0,0.0,0.0,0.0
GRID_CBE_05485,Shrubland,0.0,1.0,0.0,0.0,0.0,0.0,0.0
GRID_CBE_05486,Shrubland,0.0,1.0,0.0,0.0,0.0,0.0,0.0
GRID_CBE_05487,Shrubland,0.0,1.0,0.0,0.0,0.0,0.0,0.0
GRID_CBE_05488,Shrubland,0.0,1.0,0.0,0.0,0.0,0.0,0.0
GRID_CBE_05489,Shrubland,0.0,1.0,0.0,0.0,0.0,0.0,0.0
GRID_CBE_05490,Shrubland,0.0,1.0,0.0,0.0,0.0,0.0,0.0
GRID_CBE_05491,Shrubland,0.0,0.9091,0.0,0.0909,0.0,0.0,0.0
GRID_CBE_05492,Shrubland,0.0,0.5455,0.0,0.4545,0.0,0.0,0.0
GRID_CBE_05493,Cropland,0.0,0.1818,0.0,0.8182,0.0,0.0,0.0
GRID_CBE_05494,Cropland,0.0,0.0,0.0,1.0,0.0,0.0,0.0
GRID_CBE_05495,Cropland,0.0,0.0,0.0,1.0,0.0,0.0,0.0
GRID_CBE_05496,Cropland,0.0,0.0,0.0,1.0,0.0,0.0,0.0
GRID_CBE_05497,Cropland,0.0,0.0,0.0,1.0,0.0,0.0,0.0
GRID_CBE_05498,Cropland,0.0,0.0,0.0,1.0,0.0,0.0,0.0
GRID_CBE_05499,Cropland,0.0,0.0,0.0,1.0,0.0,0.0,0.0
GRID_CBE_05500,Cropland,0.0,0.0,0.0,1.0,0.0,0.0,0.0
GRID_CBE_05501,Cropland,0.0,0.0,0.0,1.0,0.0,0.0,0.0
GRID_CBE_05502,Cropland,0.0,0.0,0.0,1.0,0.0,0.0,0.0
GRID_CBE_05503,Cropland,0.0,0.0,0.0,1.0,0.0,0.0,0.0
GRID_CBE_05504,Cropland,0.0,0.0,0.0,1.0,0.0,0.0,0.0
GRID_CBE_05505,Cropland,0.0,0.0,0.0,1.0,0.0,0.0,0.0
GRID_CBE_05506,Cropland,0.0,0.0,0.0,1.0,0.0,0.0,0.0
GRID_CBE_05507,Cropland,0.0,0.0,0.0,1.0,0.0,0.0,0.0
GRID_CBE_05508,Cropland,0.0,0.0,0.0,1.0,0.0,0.0,0.0
GRID_CBE_05509,Cropland,0.0,0.0,0.0,1.0,0.0,0.0,0.0
GRID_CBE_05510,Cropland,0.0,0.0,0.0,1.0,0.0,0.0,0.0
GRID_CBE_05511,Cropland,0.0,0.0,0.0,1.0,0.0,0.0,0.0
GRID_CBE_05512,Cropland,0.0,0.0,0.0,1.0,0.0,0.0,0.0
GRID_CBE_05513,Cropland,0.0,0.0,0.0,1.0,0.0,0.0,0.0
GRID_CBE_05514,Cropland,0.0,0.0,0.0,1.0,0.0,0.0,0.0
GRID_CBE_05515,Cropland,0.0,0.0,0.0,1.0,0.0,0.0,0.0
GRID_CBE_05516,Cropland,0.0,0.0,0.0,1.0,0.0,0.0,0.0
GRID_CBE_05517,Cropland,0.0,0.0,0.0,1.0,0.0,0.0,0.0
GRID_CBE_05518,Cropland,0.0,0.0,0.0,1.0,0.0,0.0,0.0
GRID_CBE_05519,Cropland,0.0,0.0,0.0,1.0,0.0,0.0,0.0
GRID_CBE_05520,Cropland,0.0,0.0,0.0,1.0,0.0,0.0,0.0
GRID_CBE_05521,Cropland,0.0,0.0,0.0,1.0,0.0,0.0,0.0
GRID_CBE_05522,Cropland,0.0,0.0,0.0,1.0,0.0,0.0,0.0
GRID_CBE_05523,Cropland,0.0,0.0,0.0,1.0,0.0,0.0,0.0
GRID_CBE_05524,Cropland,0.0,0.0,0.0,1.0,0.0,0.0,0.0
GRID_CBE_05525,Cropland,0.0,0.0,0.0,1.0,0.0,0.0,0.0
GRID_CBE_05526,Cropland,0.0,0.0,0.0,1.0,0.0,0.0,0.0
GRID_CBE_05527,Cropland,0.0,0.0,0.0,1.0,0.0,0.0,0.0
GRID_CBE_05528,Cropland,0.0,0.0,0.0,1.0,0.0,0.0,0.0
GRID_CBE_05529,Cropland,0.0,0.0,0.0,1.0,0.0,0.0,0.0
GRID_CBE_05530,Cropland,0.0,0.0,0.0,1.0,0.0,0.0,0.0
GRID_CBE_05531,Cropland,0.0,0.0,0.0,1.0,0.0,0.0,0.0
GRID_CBE_05532,Cropland,0.0,0.0,0.0,1.0,0.0,0.0,0.0
GRID_CBE_05533,Cropland,0.0,0.0,0.0,1.0,0.0,0.0,0.0
GRID_CBE_05534,Cropland,0.0,0.0,0.0,1.0,0.0,0.0,0.0
GRID_CBE_05535,Cropland,0.0,0.0,0.0,1.0,0.0,0.0,0.0
GRID_CBE_05536,Cropland,0.0,0.0,0.0,1.0,0.0,0.0,0.0
GRID_CBE_05537,Cropland,0.0,0.0,0.0,1.0,0.0,0.0,0.0
GRID_CBE_05538,Cropland,0.0,0.0,0.0,1.0,0.0,0.0,0.0
GRID_CBE_05539,Shrubland,0.0,1.0,0.0,0.0,0.0,0.0,0.0
GRID_CBE_05540,Shrubland,0.0,1.0,0.0,0.0,0.0,0.0,0.0
GRID_CBE_05541,Shrubland,0.0,1.0,0.0,0.0,0.0,0.0,0.0
GRID_CBE_05542,Shrubland,0.0,1.0,0.0,0.0,0.0,0.0,0.0
GRID_CBE_05543,Shrubland,0.0,1.0,0.0,0.0,0.0,0.0,0.0
GRID_CBE_05544,Shrubland,0.0,1.0,0.0,0.0,0.0,0.0,0.0
GRID_CBE_05545,Shrubland,0.0,1.0,0.0,0.0,0.0,0.0,0.0
GRID_CBE_05546,Shrubland,0.0,1.0,0.0,0.0,0.0,0.0,0.0
GRID_CBE_05547,Shrubland,0.0,1.0,0.0,0.0,0.0,0.0,0.0
GRID_CBE_05548,Shrubland,0.0,1.0,0.0,0.0,0.0,0.0,0.0
GRID_CBE_05549,Shrubland,0.0,1.0,0.0,0.0,0.0,0.0,0.0
GRID_CBE_05550,Shrubland,0.0,1.0,0.0,0.0,0.0,0.0,0.0
GRID_CBE_05551,Shrubland,0.0,1.0,0.0,0.0,0.0,0.0,0.0
GRID_CBE_05552,Shrubland,0.0,1.0,0.0,0.0,0.0,0.0,0.0
GRID_CBE_05553,Shrubland,0.0,1.0,0.0,0.0,0.0,0.0,0.0
GRID_CBE_05554,Shrubland,0.0,1.0,0.0,0.0,0.0,0.0,0.0
GRID_CBE_05555,Shrubland,0.0,1.0,0.0,0.0,0.0,0.0,0.0
GRID_CBE_05556,Shrubland,0.0,1.0,0.0,0.0,0.0,0.0,0.0
GRID_CBE_05557,Shrubland,0.0,1.0,0.0,0.0,0.0,0.0,0.0
GRID_CBE_05558,Shrubland,0.0,1.0,0.0,0.0,0.0,0.0,0.0
GRID_CBE_05559,Shrubland,0.0,1.0,0.0,0.0,0.0,0.0,0.0
GRID_CBE_05560,Shrubland,0.0,1.0,0.0,0.0,0.0,0.0,0.0
GRID_CBE_05561,Shrubland,0.0,1.0,0.0,0.0,0.0,0.0,0.0
GRID_CBE_05562,Shrubland,0.0,1.0,0.0,0.0,0.0,0.0,0.0
GRID_CBE_05563,Shrubland,0.0,1.0,0.0,0.0,0.0,0.0,0.0
GRID_CBE_05564,Shrubland,0.0,1.0,0.0,0.0,0.0,0.0,0.0
GRID_CBE_05565,Shrubland,0.0,1.0,0.0,0.0,0.0,0.0,0.0
GRID_CBE_05566,Shrubland,0.0,1.0,0.0,0.0,0.0,0.0,0.0
GRID_CBE_05567,Shrubland,0.0,1.0,0.0,0.0,0.0,0.0,0.0
GRID_CBE_05568,Shrubland,0.0,1.0,0.0,0.0,0.0,0.0,0.0
GRID_CBE_05569,Shrubland,0.0,0.9091,0.0,0.0909,0.0,0.0,0.0
GRID_CBE_05570,Shrubland,0.0,0.5455,0.0,0.4545,0.0,0.0,0.0
GRID_CBE_05571,Cropland,0.0,0.1818,0.0,0.8182,0.0,0.0,0.0
GRID_CBE_05572,Cropland,0.0,0.0,0.0,1.0,0.0,0.0,0.0
GRID_CBE_05573,Cropland,0.0,0.0,0.0,1.0,0.0,0.0,0.0
GRID_CBE_05574,Cropland,0.0,0.0,0.0,1.0,0.0,0.0,0.0
GRID_CBE_05575,Cropland,0.0,0.0,0.0,1.0,0.0,0.0,0.0
GRID_CBE_05576,Cropland,0.0,0.0,0.0,1.0,0.0,0.0,0.0
GRID_CBE_05577,Cropland,0.0,0.0,0.0,1.0,0.0,0.0,0.0
GRID_CBE_05578,Cropland,0.0,0.0,0.0,1.0,0.0,0.0,0.0
GRID_CBE_05579,Cropland,0.0,0.0,0.0,1.0,0.0,0.0,0.0
GRID_CBE_05580,Cropland,0.0,0.0,0.0,1.0,0.0,0.0,0.0
GRID_CBE_05581,Cropland,0.0,0.0,0.0,1.0,0.0,0.0,0.0
GRID_CBE_05582,Cropland,0.0,0.0,0.0,1.0,0.0,0.0,0.0
GRID_CBE_05583,Cropland,0.0,0.0,0.0,1.0,0.0,0.0,0.0
GRID_CBE_05584,Cropland,0.0,0.0,0.0,1.0,0.0,0.0,0.0
GRID_CBE_05585,Cropland,0.0,0.0,0.0,1.0,0.0,0.0,0.0
GRID_CBE_05586,Cropland,0.0,0.0,0.0,1.0,0.0,0.0,0.0
GRID_CBE_05587,Cropland,0.0,0.0,0.0,1.0,0.0,0.0,0.0
GRID_CBE_05588,Cropland,0.0,0.0,0.0,1.0,0.0,0.0,0.0
GRID_CBE_05589,Cropland,0.0,0.0,0.0,1.0,0.0,0.0,0.0
GRID_CBE_05590,Cropland,0.0,0.0,0.0,1.0,0.0,0.0,0.0
GRID_CBE_05591,Cropland,0.0,0.0,0.0,1.0,0.0,0.0,0.0
GRID_CBE_05592,Cropland,0.0,0.0,0.0,1.0,0.0,0.0,0.0
GRID_CBE_05593,Cropland,0.0,0.0,0.0,1.0,0.0,0.0,0.0
GRID_CBE_05594,Cropland,0.0,0.0,0.0,1.0,0.0,0.0,0.0
GRID_CBE_05595,Cropland,0.0,0.0,0.0,1.0,0.0,0.0,0.0
GRID_CBE_05596,Cropland,0.0,0.0,0.0,1.0,0.0,0.0,0.0
GRID_CBE_05597,Cropland,0.0,0.0,0.0,1.0,0.0,0.0,0.0
GRID_CBE_05598,Cropland,0.0,0.0,0.0,1.0,0.0,0.0,0.0
GRID_CBE_05599,Cropland,0.0,0.0,0.0,1.0,0.0,0.0,0.0
GRID_CBE_05600,Cropland,0.0,0.0,0.0,1.0,0.0,0.0,0.0
GRID_CBE_05601,Cropland,0.0,0.0,0.0,1.0,0.0,0.0,0.0
GRID_CBE_05602,Cropland,0.0,0.0,0.0,1.0,0.0,0.0,0.0
GRID_CBE_05603,Cropland,0.0,0.0,0.0,1.0,0.0,0.0,0.0
GRID_CBE_05604,Cropland,0.0,0.0,0.0,1.0,0.0,0.0,0.0
GRID_CBE_05605,Cropland,0.0,0.0,0.0,1.0,0.0,0.0,0.0
GRID_CBE_05606,Cropland,0.0,0.0,0.0,1.0,0.0,0.0,0.0
GRID_CBE_05607,Cropland,0.0,0.0,0.0,1.0,0.0,0.0,0.0
GRID_CBE_05608,Cropland,0.0,0.0,0.0,1.0,0.0,0.0,0.0
GRID_CBE_05609,Cropland,0.0,0.0,0.0,1.0,0.0,0.0,0.0
GRID_CBE_05610,Cropland,0.0,0.0,0.0,1.0,0.0,0.0,0.0
GRID_CBE_05611,Cropland,0.0,0.0,0.0,1.0,0.0,0.0,0.0
GRID_CBE_05612,Cropland,0.0,0.0,0.0,1.0,0.0,0.0,0.0
GRID_CBE_05613,Cropland,0.0,0.0,0.0,1.0,0.0,0.0,0.0
GRID_CBE_05614,Cropland,0.0,0.0,0.0,1.0,0.0,0.0,0.0
GRID_CBE_05615,Cropland,0.0,0.0,0.0,1.0,0.0,0.0,0.0
GRID_CBE_05616,Cropland,0.0,0.0,0.0,1.0,0.0,0.0,0.0
GRID_CBE_05617,Shrubland,0.0,1.0,0.0,0.0,0.0,0.0,0.0
GRID_CBE_05618,Shrubland,0.0,1.0,0.0,0.0,0.0,0.0,0.0
GRID_CBE_05619,Shrubland,0.0,1.0,0.0,0.0,0.0,0.0,0.0
GRID_CBE_05620,Shrubland,0.0,1.0,0.0,0.0,0.0,0.0,0.0
GRID_CBE_05621,Shrubland,0.0,1.0,0.0,0.0,0.0,0.0,0.0
GRID_CBE_05622,Shrubland,0.0,1.0,0.0,0.0,0.0,0.0,0.0
GRID_CBE_05623,Shrubland,0.0,1.0,0.0,0.0,0.0,0.0,0.0
GRID_CBE_05624,Shrubland,0.0,1.0,0.0,0.0,0.0,0.0,0.0
GRID_CBE_05625,Shrubland,0.0,1.0,0.0,0.0,0.0,0.0,0.0
GRID_CBE_05626,Shrubland,0.0,1.0,0.0,0.0,0.0,0.0,0.0
GRID_CBE_05627,Shrubland,0.0,1.0,0.0,0.0,0.0,0.0,0.0
GRID_CBE_05628,Shrubland,0.0,1.0,0.0,0.0,0.0,0.0,0.0
GRID_CBE_05629,Shrubland,0.0,1.0,0.0,0.0,0.0,0.0,0.0
GRID_CBE_05630,Shrubland,0.0,1.0,0.0,0.0,0.0,0.0,0.0
GRID_CBE_05631,Shrubland,0.0,1.0,0.0,0.0,0.0,0.0,0.0
GRID_CBE_05632,Shrubland,0.0,1.0,0.0,0.0,0.0,0.0,0.0
GRID_CBE_05633,Shrubland,0.0,1.0,0.0,0.0,0.0,0.0,0.0
GRID_CBE_05634,Shrubland,0.0,1.0,0.0,0.0,0.0,0.0,0.0
GRID_CBE_05635,Shrubland,0.0,1.0,0.0,0.0,0.0,0.0,0.0
GRID_CBE_05636,Shrubland,0.0,1.0,0.0,0.0,0.0,0.0,0.0
GRID_CBE_05637,Shrubland,0.0,1.0,0.0,0.0,0.0,0.0,0.0
GRID_CBE_05638,Shrubland,0.0,1.0,0.0,0.0,0.0,0.0,0.0
GRID_CBE_05639,Shrubland,0.0,1.0,0.0,0.0,0.0,0.0,0.0
GRID_CBE_05640,Shrubland,0.0,1.0,0.0,0.0,0.0,0.0,0.0
GRID_CBE_05641,Shrubland,0.0,1.0,0.0,0.0,0.0,0.0,0.0
GRID_CBE_05642,Shrubland,0.0,1.0,0.0,0.0,0.0,0.0,0.0
GRID_CBE_05643,Shrubland,0.0,1.0,0.0,0.0,0.0,0.0,0.0
GRID_CBE_05644,Shrubland,0.0,1.0,0.0,0.0,0.0,0.0,0.0
GRID_CBE_05645,Shrubland,0.0,1.0,0.0,0.0,0.0,0.0,0.0
GRID_CBE_05646,Shrubland,0.0,1.0,0.0,0.0,0.0,0.0,0.0
GRID_CBE_05647,Shrubland,0.0,0.8182,0.0,0.1818,0.0,0.0,0.0
GRID_CBE_05648,Shrubland,0.0,0.5455,0.0,0.4545,0.0,0.0,0.0
GRID_CBE_05649,Cropland,0.0,0.1818,0.0,0.8182,0.0,0.0,0.0
GRID_CBE_05650,Cropland,0.0,0.0,0.0,1.0,0.0,0.0,0.0
GRID_CBE_05651,Cropland,0.0,0.0,0.0,1.0,0.0,0.0,0.0
GRID_CBE_05652,Cropland,0.0,0.0,0.0,1.0,0.0,0.0,0.0
GRID_CBE_05653,Cropland,0.0,0.0,0.0,1.0,0.0,0.0,0.0
GRID_CBE_05654,Cropland,0.0,0.0,0.0,1.0,0.0,0.0,0.0
GRID_CBE_05655,Cropland,0.0,0.0,0.0,1.0,0.0,0.0,0.0
GRID_CBE_05656,Cropland,0.0,0.0,0.0,1.0,0.0,0.0,0.0
GRID_CBE_05657,Cropland,0.0,0.0,0.0,1.0,0.0,0.0,0.0
GRID_CBE_05658,Cropland,0.0,0.0,0.0,1.0,0.0,0.0,0.0
GRID_CBE_05659,Cropland,0.0,0.0,0.0,1.0,0.0,0.0,0.0
GRID_CBE_05660,Cropland,0.0,0.0,0.0,1.0,0.0,0.0,0.0
GRID_CBE_05661,Cropland,0.0,0.0,0.0,1.0,0.0,0.0,0.0
GRID_CBE_05662,Cropland,0.0,0.0,0.0,1.0,0.0,0.0,0.0
GRID_CBE_05663,Cropland,0.0,0.0,0.0,1.0,0.0,0.0,0.0
GRID_CBE_05664,Cropland,0.0,0.0,0.0,1.0,0.0,0.0,0.0
GRID_CBE_05665,Cropland,0.0,0.0,0.0,1.0,0.0,0.0,0.0
GRID_CBE_05666,Cropland,0.0,0.0,0.0,1.0,0.0,0.0,0.0
GRID_CBE_05667,Cropland,0.0,0.0,0.0,1.0,0.0,0.0,0.0
GRID_CBE_05668,Cropland,0.0,0.0,0.0,1.0,0.0,0.0,0.0
GRID_CBE_05669,Cropland,0.0,0.0,0.0,1.0,0.0,0.0,0.0
GRID_CBE_05670,Cropland,0.0,0.0,0.0,1.0,0.0,0.0,0.0
GRID_CBE_05671,Cropland,0.0,0.0,0.0,1.0,0.0,0.0,0.0
GRID_CBE_05672,Cropland,0.0,0.0,0.0,1.0,0.0,0.0,0.0
GRID_CBE_05673,Cropland,0.0,0.0,0.0,1.0,0.0,0.0,0.0
GRID_CBE_05674,Cropland,0.0,0.0,0.0,1.0,0.0,0.0,0.0
GRID_CBE_05675,Cropland,0.0,0.0,0.0,1.0,0.0,0.0,0.0
GRID_CBE_05676,Cropland,0.0,0.0,0.0,1.0,0.0,0.0,0.0
GRID_CBE_05677,Cropland,0.0,0.0,0.0,1.0,0.0,0.0,0.0
GRID_CBE_05678,Cropland,0.0,0.0,0.0,1.0,0.0,0.0,0.0
GRID_CBE_05679,Cropland,0.0,0.0,0.0,1.0,0.0,0.0,0.0
GRID_CBE_05680,Cropland,0.0,0.0,0.0,1.0,0.0,0.0,0.0
GRID_CBE_05681,Cropland,0.0,0.0,0.0,1.0,0.0,0.0,0.0
GRID_CBE_05682,Cropland,0.0,0.0,0.0,1.0,0.0,0.0,0.0
GRID_CBE_05683,Cropland,0.0,0.0,0.0,1.0,0.0,0.0,0.0
GRID_CBE_05684,Cropland,0.0,0.0,0.0,1.0,0.0,0.0,0.0
GRID_CBE_05685,Cropland,0.0,0.0,0.0,1.0,0.0,0.0,0.0
GRID_CBE_05686,Cropland,0.0,0.0,0.0,1.0,0.0,0.0,0.0
GRID_CBE_05687,Cropland,0.0,0.0,0.0,1.0,0.0,0.0,0.0
GRID_CBE_05688,Cropland,0.0,0.0,0.0,1.0,0.0,0.0,0.0
GRID_CBE_05689,Cropland,0.0,0.0,0.0,1.0,0.0,0.0,0.0
GRID_CBE_05690,Cropland,0.0,0.0,0.0,1.0,0.0,0.0,0.0
GRID_CBE_05691,Cropland,0.0,0.0,0.0,1.0,0.0,0.0,0.0
GRID_CBE_05692,Cropland,0.0,0.0,0.0,1.0,0.0,0.0,0.0
GRID_CBE_05693,Cropland,0.0,0.0,0.0,1.0,0.0,0.0,0.0
GRID_CBE_05694,Cropland,0.0,0.0,0.0,1.0,0.0,0.0,0.0
GRID_CBE_05695,Shrubland,0.0,1.0,0.0,0.0,0.0,0.0,0.0
GRID_CBE_05696,Shrubland,0.0,1.0,0.0,0.0,0.0,0.0,0.0
GRID_CBE_05697,Shrubland,0.0,1.0,0.0,0.0,0.0,0.0,0.0
GRID_CBE_05698,Shrubland,0.0,1.0,0.0,0.0,0.0,0.0,0.0
GRID_CBE_05699,Shrubland,0.0,1.0,0.0,0.0,0.0,0.0,0.0
GRID_CBE_05700,Shrubland,0.0,1.0,0.0,0.0,0.0,0.0,0.0
GRID_CBE_05701,Shrubland,0.0,1.0,0.0,0.0,0.0,0.0,0.0
GRID_CBE_05702,Shrubland,0.0,1.0,0.0,0.0,0.0,0.0,0.0
GRID_CBE_05703,Shrubland,0.0,1.0,0.0,0.0,0.0,0.0,0.0
GRID_CBE_05704,Shrubland,0.0,1.0,0.0,0.0,0.0,0.0,0.0
GRID_CBE_05705,Shrubland,0.0,1.0,0.0,0.0,0.0,0.0,0.0
GRID_CBE_05706,Shrubland,0.0,1.0,0.0,0.0,0.0,0.0,0.0
GRID_CBE_05707,Shrubland,0.0,1.0,0.0,0.0,0.0,0.0,0.0
GRID_CBE_05708,Shrubland,0.0,1.0,0.0,0.0,0.0,0.0,0.0
GRID_CBE_05709,Shrubland,0.0,1.0,0.0,0.0,0.0,0.0,0.0
GRID_CBE_05710,Shrubland,0.0,1.0,0.0,0.0,0.0,0.0,0.0
GRID_CBE_05711,Shrubland,0.0,1.0,0.0,0.0,0.0,0.0,0.0
GRID_CBE_05712,Shrubland,0.0,1.0,0.0,0.0,0.0,0.0,0.0
GRID_CBE_05713,Shrubland,0.0,1.0,0.0,0.0,0.0,0.0,0.0
GRID_CBE_05714,Shrubland,0.0,1.0,0.0,0.0,0.0,0.0,0.0
GRID_CBE_05715,Shrubland,0.0,1.0,0.0,0.0,0.0,0.0,0.0
GRID_CBE_05716,Shrubland,0.0,1.0,0.0,0.0,0.0,0.0,0.0
GRID_CBE_05717,Shrubland,0.0,1.0,0.0,0.0,0.0,0.0,0.0
GRID_CBE_05718,Shrubland,0.0,1.0,0.0,0.0,0.0,0.0,0.0
GRID_CBE_05719,Shrubland,0.0,1.0,0.0,0.0,0.0,0.0,0.0
GRID_CBE_05720,Shrubland,0.0,1.0,0.0,0.0,0.0,0.0,0.0
GRID_CBE_05721,Shrubland,0.0,1.0,0.0,0.0,0.0,0.0,0.0
GRID_CBE_05722,Shrubland,0.0,1.0,0.0,0.0,0.0,0.0,0.0
GRID_CBE_05723,Shrubland,0.0,1.0,0.0,0.0,0.0,0.0,0.0
GRID_CBE_05724,Shrubland,0.0,1.0,0.0,0.0,0.0,0.0,0.0
GRID_CBE_05725,Shrubland,0.0,0.8182,0.0,0.1818,0.0,0.0,0.0
GRID_CBE_05726,Shrubland,0.0,0.5455,0.0,0.4545,0.0,0.0,0.0
GRID_CBE_05727,Cropland,0.0,0.1818,0.0,0.8182,0.0,0.0,0.0
GRID_CBE_05728,Cropland,0.0,0.0,0.0,1.0,0.0,0.0,0.0
GRID_CBE_05729,Cropland,0.0,0.0,0.0,1.0,0.0,0.0,0.0
GRID_CBE_05730,Cropland,0.0,0.0,0.0,1.0,0.0,0.0,0.0
GRID_CBE_05731,Cropland,0.0,0.0,0.0,1.0,0.0,0.0,0.0
GRID_CBE_05732,Cropland,0.0,0.0,0.0,1.0,0.0,0.0,0.0
GRID_CBE_05733,Cropland,0.0,0.0,0.0,1.0,0.0,0.0,0.0
GRID_CBE_05734,Cropland,0.0,0.0,0.0,1.0,0.0,0.0,0.0
GRID_CBE_05735,Cropland,0.0,0.0,0.0,1.0,0.0,0.0,0.0
GRID_CBE_05736,Cropland,0.0,0.0,0.0,1.0,0.0,0.0,0.0
GRID_CBE_05737,Cropland,0.0,0.0,0.0,1.0,0.0,0.0,0.0
GRID_CBE_05738,Cropland,0.0,0.0,0.0,1.0,0.0,0.0,0.0
GRID_CBE_05739,Cropland,0.0,0.0,0.0,1.0,0.0,0.0,0.0
GRID_CBE_05740,Cropland,0.0,0.0,0.0,1.0,0.0,0.0,0.0
GRID_CBE_05741,Cropland,0.0,0.0,0.0,1.0,0.0,0.0,0.0
GRID_CBE_05742,Cropland,0.0,0.0,0.0,1.0,0.0,0.0,0.0
GRID_CBE_05743,Cropland,0.0,0.0,0.0,1.0,0.0,0.0,0.0
GRID_CBE_05744,Cropland,0.0,0.0,0.0,1.0,0.0,0.0,0.0
GRID_CBE_05745,Cropland,0.0,0.0,0.0,1.0,0.0,0.0,0.0
GRID_CBE_05746,Cropland,0.0,0.0,0.0,1.0,0.0,0.0,0.0
GRID_CBE_05747,Cropland,0.0,0.0,0.0,1.0,0.0,0.0,0.0
GRID_CBE_05748,Cropland,0.0,0.0,0.0,1.0,0.0,0.0,0.0
GRID_CBE_05749,Cropland,0.0,0.0,0.0,1.0,0.0,0.0,0.0
GRID_CBE_05750,Cropland,0.0,0.0,0.0,1.0,0.0,0.0,0.0
GRID_CBE_05751,Cropland,0.0,0.0,0.0,1.0,0.0,0.0,0.0
GRID_CBE_05752,Cropland,0.0,0.0,0.0,1.0,0.0,0.0,0.0
GRID_CBE_05753,Cropland,0.0,0.0,0.0,1.0,0.0,0.0,0.0
GRID_CBE_05754,Cropland,0.0,0.0,0.0,1.0,0.0,0.0,0.0
GRID_CBE_05755,Cropland,0.0,0.0,0.0,1.0,0.0,0.0,0.0
GRID_CBE_05756,Cropland,0.0,0.0,0.0,1.0,0.0,0.0,0.0
GRID_CBE_05757,Cropland,0.0,0.0,0.0,1.0,0.0,0.0,0.0
GRID_CBE_05758,Cropland,0.0,0.0,0.0,1.0,0.0,0.0,0.0
GRID_CBE_05759,Cropland,0.0,0.0,0.0,1.0,0.0,0.0,0.0
GRID_CBE_05760,Cropland,0.0,0.0,0.0,1.0,0.0,0.0,0.0
GRID_CBE_05761,Cropland,0.0,0.0,0.0,1.0,0.0,0.0,0.0
GRID_CBE_05762,Cropland,0.0,0.0,0.0,1.0,0.0,0.0,0.0
GRID_CBE_05763,Cropland,0.0,0.0,0.0,1.0,0.0,0.0,0.0
GRID_CBE_05764,Cropland,0.0,0.0,0.0,1.0,0.0,0.0,0.0
GRID_CBE_05765,Cropland,0.0,0.0,0.0,1.0,0.0,0.0,0.0
GRID_CBE_05766,Cropland,0.0,0.0,0.0,1.0,0.0,0.0,0.0
GRID_CBE_05767,Cropland,0.0,0.0,0.0,1.0,0.0,0.0,0.0
GRID_CBE_05768,Cropland,0.0,0.0,0.0,1.0,0.0,0.0,0.0
GRID_CBE_05769,Cropland,0.0,0.0,0.0,1.0,0.0,0.0,0.0
GRID_CBE_05770,Cropland,0.0,0.0,0.0,1.0,0.0,0.0,0.0
GRID_CBE_05771,Cropland,0.0,0.0,0.0,1.0,0.0,0.0,0.0
GRID_CBE_05772,Cropland,0.0,0.0,0.0,1.0,0.0,0.0,0.0
GRID_CBE_05773,Shrubland,0.0,1.0,0.0,0.0,0.0,0.0,0.0
GRID_CBE_05774,Shrubland,0.0,1.0,0.0,0.0,0.0,0.0,0.0
GRID_CBE_05775,Shrubland,0.0,1.0,0.0,0.0,0.0,0.0,0.0
GRID_CBE_05776,Shrubland,0.0,1.0,0.0,0.0,0.0,0.0,0.0
GRID_CBE_05777,Shrubland,0.0,1.0,0.0,0.0,0.0,0.0,0.0
GRID_CBE_05778,Shrubland,0.0,1.0,0.0,0.0,0.0,0.0,0.0
GRID_CBE_05779,Shrubland,0.0,1.0,0.0,0.0,0.0,0.0,0.0
GRID_CBE_05780,Shrubland,0.0,1.0,0.0,0.0,0.0,0.0,0.0
GRID_CBE_05781,Shrubland,0.0,1.0,0.0,0.0,0.0,0.0,0.0
GRID_CBE_05782,Shrubland,0.0,1.0,0.0,0.0,0.0,0.0,0.0
GRID_CBE_05783,Shrubland,0.0,1.0,0.0,0.0,0.0,0.0,0.0
GRID_CBE_05784,Shrubland,0.0,1.0,0.0,0.0,0.0,0.0,0.0
GRID_CBE_05785,Shrubland,0.0,1.0,0.0,0.0,0.0,0.0,0.0
GRID_CBE_05786,Shrubland,0.0,1.0,0.0,0.0,0.0,0.0,0.0
GRID_CBE_05787,Shrubland,0.0,1.0,0.0,0.0,0.0,0.0,0.0
GRID_CBE_05788,Shrubland,0.0,1.0,0.0,0.0,0.0,0.0,0.0
GRID_CBE_05789,Shrubland,0.0,1.0,0.0,0.0,0.0,0.0,0.0
GRID_CBE_05790,Shrubland,0.0,1.0,0.0,0.0,0.0,0.0,0.0
GRID_CBE_05791,Shrubland,0.0,1.0,0.0,0.0,0.0,0.0,0.0
GRID_CBE_05792,Shrubland,0.0,1.0,0.0,0.0,0.0,0.0,0.0
GRID_CBE_05793,Shrubland,0.0,1.0,0.0,0.0,0.0,0.0,0.0
GRID_CBE_05794,Shrubland,0.0,1.0,0.0,0.0,0.0,0.0,0.0
GRID_CBE_05795,Shrubland,0.0,1.0,0.0,0.0,0.0,0.0,0.0
GRID_CBE_05796,Shrubland,0.0,1.0,0.0,0.0,0.0,0.0,0.0
GRID_CBE_05797,Shrubland,0.0,1.0,0.0,0.0,0.0,0.0,0.0
GRID_CBE_05798,Shrubland,0.0,1.0,0.0,0.0,0.0,0.0,0.0
GRID_CBE_05799,Shrubland,0.0,1.0,0.0,0.0,0.0,0.0,0.0
GRID_CBE_05800,Shrubland,0.0,1.0,0.0,0.0,0.0,0.0,0.0
GRID_CBE_05801,Shrubland,0.0,1.0,0.0,0.0,0.0,0.0,0.0
GRID_CBE_05802,Shrubland,0.0,1.0,0.0,0.0,0.0,0.0,0.0
GRID_CBE_05803,Shrubland,0.0,0.8182,0.0,0.1818,0.0,0.0,0.0
GRID_CBE_05804,Shrubland,0.0,0.5455,0.0,0.4545,0.0,0.0,0.0
GRID_CBE_05805,Cropland,0.0,0.1818,0.0,0.8182,0.0,0.0,0.0
GRID_CBE_05806,Cropland,0.0,0.0,0.0,1.0,0.0,0.0,0.0
GRID_CBE_05807,Cropland,0.0,0.0,0.0,1.0,0.0,0.0,0.0
GRID_CBE_05808,Cropland,0.0,0.0,0.0,1.0,0.0,0.0,0.0
GRID_CBE_05809,Cropland,0.0,0.0,0.0,1.0,0.0,0.0,0.0
GRID_CBE_05810,Cropland,0.0,0.0,0.0,1.0,0.0,0.0,0.0
GRID_CBE_05811,Cropland,0.0,0.0,0.0,1.0,0.0,0.0,0.0
GRID_CBE_05812,Cropland,0.0,0.0,0.0,1.0,0.0,0.0,0.0
GRID_CBE_05813,Cropland,0.0,0.0,0.0,1.0,0.0,0.0,0.0
GRID_CBE_05814,Cropland,0.0,0.0,0.0,1.0,0.0,0.0,0.0
GRID_CBE_05815,Cropland,0.0,0.0,0.0,1.0,0.0,0.0,0.0
GRID_CBE_05816,Cropland,0.0,0.0,0.0,1.0,0.0,0.0,0.0
GRID_CBE_05817,Cropland,0.0,0.0,0.0,1.0,0.0,0.0,0.0
GRID_CBE_05818,Cropland,0.0,0.0,0.0,1.0,0.0,0.0,0.0
GRID_CBE_05819,Cropland,0.0,0.0,0.0,1.0,0.0,0.0,0.0
GRID_CBE_05820,Cropland,0.0,0.0,0.0,1.0,0.0,0.0,0.0
GRID_CBE_05821,Cropland,0.0,0.0,0.0,1.0,0.0,0.0,0.0
GRID_CBE_05822,Cropland,0.0,0.0,0.0,1.0,0.0,0.0,0.0
GRID_CBE_05823,Cropland,0.0,0.0,0.0,1.0,0.0,0.0,0.0
GRID_CBE_05824,Cropland,0.0,0.0,0.0,1.0,0.0,0.0,0.0
GRID_CBE_05825,Cropland,0.0,0.0,0.0,1.0,0.0,0.0,0.0
GRID_CBE_05826,Cropland,0.0,0.0,0.0,1.0,0.0,0.0,0.0
GRID_CBE_05827,Cropland,0.0,0.0,0.0,1.0,0.0,0.0,0.0
GRID_CBE_05828,Cropland,0.0,0.0,0.0,1.0,0.0,0.0,0.0
GRID_CBE_05829,Cropland,0.0,0.0,0.0,1.0,0.0,0.0,0.0
GRID_CBE_05830,Cropland,0.0,0.0,0.0,1.0,0.0,0.0,0.0
GRID_CBE_05831,Cropland,0.0,0.0,0.0,1.0,0.0,0.0,0.0
GRID_CBE_05832,Cropland,0.0,0.0,0.0,1.0,0.0,0.0,0.0
GRID_CBE_05833,Cropland,0.0,0.0,0.0,1.0,0.0,0.0,0.0
GRID_CBE_05834,Cropland,0.0,0.0,0.0,1.0,0.0,0.0,0.0
GRID_CBE_05835,Cropland,0.0,0.0,0.0,1.0,0.0,0.0,0.0
GRID_CBE_05836,Cropland,0.0,0.0,0.0,1.0,0.0,0.0,0.0
GRID_CBE_05837,Cropland,0.0,0.0,0.0,1.0,0.0,0.0,0.0
GRID_CBE_05838,Cropland,0.0,0.0,0.0,1.0,0.0,0.0,0.0
GRID_CBE_05839,Cropland,0.0,0.0,0.0,1.0,0.0,0.0,0.0
GRID_CBE_05840,Cropland,0.0,0.0,0.0,1.0,0.0,0.0,0.0
GRID_CBE_05841,Cropland,0.0,0.0,0.0,1.0,0.0,0.0,0.0
GRID_CBE_05842,Cropland,0.0,0.0,0.0,1.0,0.0,0.0,0.0
GRID_CBE_05843,Cropland,0.0,0.0,0.0,1.0,0.0,0.0,0.0
GRID_CBE_05844,Cropland,0.0,0.0,0.0,1.0,0.0,0.0,0.0
GRID_CBE_05845,Cropland,0.0,0.0,0.0,1.0,0.0,0.0,0.0
GRID_CBE_05846,Cropland,0.0,0.0,0.0,1.0,0.0,0.0,0.0
GRID_CBE_05847,Cropland,0.0,0.0,0.0,1.0,0.0,0.0,0.0
GRID_CBE_05848,Cropland,0.0,0.0,0.0,1.0,0.0,0.0,0.0
GRID_CBE_05849,Cropland,0.0,0.0,0.0,1.0,0.0,0.0,0.0
GRID_CBE_05850,Cropland,0.0,0.0,0.0,1.0,0.0,0.0,0.0
GRID_CBE_05851,Shrubland,0.0,1.0,0.0,0.0,0.0,0.0,0.0
GRID_CBE_05852,Shrubland,0.0,1.0,0.0,0.0,0.0,0.0,0.0
GRID_CBE_05853,Shrubland,0.0,1.0,0.0,0.0,0.0,0.0,0.0
GRID_CBE_05854,Shrubland,0.0,1.0,0.0,0.0,0.0,0.0,0.0
GRID_CBE_05855,Shrubland,0.0,1.0,0.0,0.0,0.0,0.0,0.0
GRID_CBE_05856,Shrubland,0.0,1.0,0.0,0.0,0.0,0.0,0.0
GRID_CBE_05857,Shrubland,0.0,1.0,0.0,0.0,0.0,0.0,0.0
GRID_CBE_05858,Shrubland,0.0,1.0,0.0,0.0,0.0,0.0,0.0
GRID_CBE_05859,Shrubland,0.0,1.0,0.0,0.0,0.0,0.0,0.0
GRID_CBE_05860,Shrubland,0.0,1.0,0.0,0.0,0.0,0.0,0.0
GRID_CBE_05861,Shrubland,0.0,1.0,0.0,0.0,0.0,0.0,0.0
GRID_CBE_05862,Shrubland,0.0,1.0,0.0,0.0,0.0,0.0,0.0
GRID_CBE_05863,Shrubland,0.0,1.0,0.0,0.0,0.0,0.0,0.0
GRID_CBE_05864,Shrubland,0.0,1.0,0.0,0.0,0.0,0.0,0.0
GRID_CBE_05865,Shrubland,0.0,1.0,0.0,0.0,0.0,0.0,0.0
GRID_CBE_05866,Shrubland,0.0,1.0,0.0,0.0,0.0,0.0,0.0
GRID_CBE_05867,Shrubland,0.0,1.0,0.0,0.0,0.0,0.0,0.0
GRID_CBE_05868,Shrubland,0.0,1.0,0.0,0.0,0.0,0.0,0.0
GRID_CBE_05869,Shrubland,0.0,1.0,0.0,0.0,0.0,0.0,0.0
GRID_CBE_05870,Shrubland,0.0,1.0,0.0,0.0,0.0,0.0,0.0
GRID_CBE_05871,Shrubland,0.0,1.0,0.0,0.0,0.0,0.0,0.0
GRID_CBE_05872,Shrubland,0.0,1.0,0.0,0.0,0.0,0.0,0.0
GRID_CBE_05873,Shrubland,0.0,1.0,0.0,0.0,0.0,0.0,0.0
GRID_CBE_05874,Shrubland,0.0,1.0,0.0,0.0,0.0,0.0,0.0
GRID_CBE_05875,Shrubland,0.0,1.0,0.0,0.0,0.0,0.0,0.0
GRID_CBE_05876,Shrubland,0.0,1.0,0.0,0.0,0.0,0.0,0.0
GRID_CBE_05877,Shrubland,0.0,1.0,0.0,0.0,0.0,0.0,0.0
GRID_CBE_05878,Shrubland,0.0,1.0,0.0,0.0,0.0,0.0,0.0
GRID_CBE_05879,Shrubland,0.0,1.0,0.0,0.0,0.0,0.0,0.0
GRID_CBE_05880,Shrubland,0.0,1.0,0.0,0.0,0.0,0.0,0.0
GRID_CBE_05881,Shrubland,0.0,0.8182,0.0,0.1818,0.0,0.0,0.0
GRID_CBE_05882,Shrubland,0.0,0.5455,0.0,0.4545,0.0,0.0,0.0
GRID_CBE_05883,Cropland,0.0,0.1818,0.0,0.8182,0.0,0.0,0.0
GRID_CBE_05884,Cropland,0.0,0.0,0.0,1.0,0.0,0.0,0.0
GRID_CBE_05885,Cropland,0.0,0.0,0.0,1.0,0.0,0.0,0.0
GRID_CBE_05886,Cropland,0.0,0.0,0.0,1.0,0.0,0.0,0.0
GRID_CBE_05887,Cropland,0.0,0.0,0.0,1.0,0.0,0.0,0.0
GRID_CBE_05888,Cropland,0.0,0.0,0.0,1.0,0.0,0.0,0.0
GRID_CBE_05889,Cropland,0.0,0.0,0.0,1.0,0.0,0.0,0.0
GRID_CBE_05890,Cropland,0.0,0.0,0.0,1.0,0.0,0.0,0.0
GRID_CBE_05891,Cropland,0.0,0.0,0.0,1.0,0.0,0.0,0.0
GRID_CBE_05892,Cropland,0.0,0.0,0.0,1.0,0.0,0.0,0.0
GRID_CBE_05893,Cropland,0.0,0.0,0.0,1.0,0.0,0.0,0.0
GRID_CBE_05894,Cropland,0.0,0.0,0.0,1.0,0.0,0.0,0.0
GRID_CBE_05895,Cropland,0.0,0.0,0.0,1.0,0.0,0.0,0.0
GRID_CBE_05896,Cropland,0.0,0.0,0.0,1.0,0.0,0.0,0.0
GRID_CBE_05897,Cropland,0.0,0.0,0.0,1.0,0.0,0.0,0.0
GRID_CBE_05898,Cropland,0.0,0.0,0.0,1.0,0.0,0.0,0.0
GRID_CBE_05899,Cropland,0.0,0.0,0.0,1.0,0.0,0.0,0.0
GRID_CBE_05900,Cropland,0.0,0.0,0.0,1.0,0.0,0.0,0.0
GRID_CBE_05901,Cropland,0.0,0.0,0.0,1.0,0.0,0.0,0.0
GRID_CBE_05902,Cropland,0.0,0.0,0.0,1.0,0.0,0.0,0.0
GRID_CBE_05903,Cropland,0.0,0.0,0.0,1.0,0.0,0.0,0.0
GRID_CBE_05904,Cropland,0.0,0.0,0.0,1.0,0.0,0.0,0.0
GRID_CBE_05905,Cropland,0.0,0.0,0.0,1.0,0.0,0.0,0.0
GRID_CBE_05906,Cropland,0.0,0.0,0.0,1.0,0.0,0.0,0.0
GRID_CBE_05907,Cropland,0.0,0.0,0.0,1.0,0.0,0.0,0.0
GRID_CBE_05908,Cropland,0.0,0.0,0.0,1.0,0.0,0.0,0.0
GRID_CBE_05909,Cropland,0.0,0.0,0.0,1.0,0.0,0.0,0.0
GRID_CBE_05910,Cropland,0.0,0.0,0.0,1.0,0.0,0.0,0.0
GRID_CBE_05911,Cropland,0.0,0.0,0.0,1.0,0.0,0.0,0.0
GRID_CBE_05912,Cropland,0.0,0.0,0.0,1.0,0.0,0.0,0.0
GRID_CBE_05913,Cropland,0.0,0.0,0.0,1.0,0.0,0.0,0.0
GRID_CBE_05914,Cropland,0.0,0.0,0.0,1.0,0.0,0.0,0.0
GRID_CBE_05915,Cropland,0.0,0.0,0.0,1.0,0.0,0.0,0.0
GRID_CBE_05916,Cropland,0.0,0.0,0.0,1.0,0.0,0.0,0.0
GRID_CBE_05917,Cropland,0.0,0.0,0.0,1.0,0.0,0.0,0.0
GRID_CBE_05918,Cropland,0.0,0.0,0.0,1.0,0.0,0.0,0.0
GRID_CBE_05919,Cropland,0.0,0.0,0.0,1.0,0.0,0.0,0.0
GRID_CBE_05920,Cropland,0.0,0.0,0.0,1.0,0.0,0.0,0.0
GRID_CBE_05921,Cropland,0.0,0.0,0.0,1.0,0.0,0.0,0.0
GRID_CBE_05922,Cropland,0.0,0.0,0.0,1.0,0.0,0.0,0.0
GRID_CBE_05923,Cropland,0.0,0.0,0.0,1.0,0.0,0.0,0.0
GRID_CBE_05924,Cropland,0.0,0.0,0.0,1.0,0.0,0.0,0.0
GRID_CBE_05925,Cropland,0.0,0.0,0.0,1.0,0.0,0.0,0.0
GRID_CBE_05926,Cropland,0.0,0.0,0.0,1.0,0.0,0.0,0.0
GRID_CBE_05927,Cropland,0.0,0.0,0.0,1.0,0.0,0.0,0.0
GRID_CBE_05928,Cropland,0.0,0.0,0.0,1.0,0.0,0.0,0.0
GRID_CBE_05929,Shrubland,0.0,1.0,0.0,0.0,0.0,0.0,0.0
GRID_CBE_05930,Shrubland,0.0,1.0,0.0,0.0,0.0,0.0,0.0
GRID_CBE_05931,Shrubland,0.0,1.0,0.0,0.0,0.0,0.0,0.0
GRID_CBE_05932,Shrubland,0.0,1.0,0.0,0.0,0.0,0.0,0.0
GRID_CBE_05933,Shrubland,0.0,1.0,0.0,0.0,0.0,0.0,0.0
GRID_CBE_05934,Shrubland,0.0,1.0,0.0,0.0,0.0,0.0,0.0
GRID_CBE_05935,Shrubland,0.0,1.0,0.0,0.0,0.0,0.0,0.0
GRID_CBE_05936,Shrubland,0.0,1.0,0.0,0.0,0.0,0.0,0.0
GRID_CBE_05937,Shrubland,0.0,1.0,0.0,0.0,0.0,0.0,0.0
GRID_CBE_05938,Shrubland,0.0,1.0,0.0,0.0,0.0,0.0,0.0
GRID_CBE_05939,Shrubland,0.0,1.0,0.0,0.0,0.0,0.0,0.0
GRID_CBE_05940,Shrubland,0.0,1.0,0.0,0.0,0.0,0.0,0.0
GRID_CBE_05941,Shrubland,0.0,1.0,0.0,0.0,0.0,0.0,0.0
GRID_CBE_05942,Shrubland,0.0,1.0,0.0,0.0,0.0,0.0,0.0
GRID_CBE_05943,Shrubland,0.0,1.0,0.0,0.0,0.0,0.0,0.0
GRID_CBE_05944,Shrubland,0.0,1.0,0.0,0.0,0.0,0.0,0.0
GRID_CBE_05945,Shrubland,0.0,1.0,0.0,0.0,0.0,0.0,0.0
GRID_CBE_05946,Shrubland,0.0,1.0,0.0,0.0,0.0,0.0,0.0
GRID_CBE_05947,Shrubland,0.0,1.0,0.0,0.0,0.0,0.0,0.0
GRID_CBE_05948,Shrubland,0.0,1.0,0.0,0.0,0.0,0.0,0.0
GRID_CBE_05949,Shrubland,0.0,1.0,0.0,0.0,0.0,0.0,0.0
GRID_CBE_05950,Shrubland,0.0,1.0,0.0,0.0,0.0,0.0,0.0
GRID_CBE_05951,Shrubland,0.0,1.0,0.0,0.0,0.0,0.0,0.0
GRID_CBE_05952,Shrubland,0.0,1.0,0.0,0.0,0.0,0.0,0.0
GRID_CBE_05953,Shrubland,0.0,1.0,0.0,0.0,0.0,0.0,0.0
GRID_CBE_05954,Shrubland,0.0,1.0,0.0,0.0,0.0,0.0,0.0
GRID_CBE_05955,Shrubland,0.0,1.0,0.0,0.0,0.0,0.0,0.0
GRID_CBE_05956,Shrubland,0.0,1.0,0.0,0.0,0.0,0.0,0.0
GRID_CBE_05957,Shrubland,0.0,1.0,0.0,0.0,0.0,0.0,0.0
GRID_CBE_05958,Shrubland,0.0,1.0,0.0,0.0,0.0,0.0,0.0
GRID_CBE_05959,Shrubland,0.0,0.8182,0.0,0.1818,0.0,0.0,0.0
GRID_CBE_05960,Cropland,0.0,0.4545,0.0,0.5455,0.0,0.0,0.0
GRID_CBE_05961,Cropland,0.0,0.1818,0.0,0.8182,0.0,0.0,0.0
GRID_CBE_05962,Cropland,0.0,0.0,0.0,1.0,0.0,0.0,0.0
GRID_CBE_05963,Cropland,0.0,0.0,0.0,1.0,0.0,0.0,0.0
GRID_CBE_05964,Cropland,0.0,0.0,0.0,1.0,0.0,0.0,0.0
GRID_CBE_05965,Cropland,0.0,0.0,0.0,1.0,0.0,0.0,0.0
GRID_CBE_05966,Cropland,0.0,0.0,0.0,1.0,0.0,0.0,0.0
GRID_CBE_05967,Cropland,0.0,0.0,0.0,1.0,0.0,0.0,0.0
GRID_CBE_05968,Cropland,0.0,0.0,0.0,1.0,0.0,0.0,0.0
GRID_CBE_05969,Cropland,0.0,0.0,0.0,1.0,0.0,0.0,0.0
GRID_CBE_05970,Cropland,0.0,0.0,0.0,1.0,0.0,0.0,0.0
GRID_CBE_05971,Cropland,0.0,0.0,0.0,1.0,0.0,0.0,0.0
GRID_CBE_05972,Cropland,0.0,0.0,0.0,1.0,0.0,0.0,0.0
GRID_CBE_05973,Cropland,0.0,0.0,0.0,1.0,0.0,0.0,0.0
GRID_CBE_05974,Cropland,0.0,0.0,0.0,1.0,0.0,0.0,0.0
GRID_CBE_05975,Cropland,0.0,0.0,0.0,1.0,0.0,0.0,0.0
GRID_CBE_05976,Cropland,0.0,0.0,0.0,1.0,0.0,0.0,0.0
GRID_CBE_05977,Cropland,0.0,0.0,0.0,1.0,0.0,0.0,0.0
GRID_CBE_05978,Cropland,0.0,0.0,0.0,1.0,0.0,0.0,0.0
GRID_CBE_05979,Cropland,0.0,0.0,0.0,1.0,0.0,0.0,0.0
GRID_CBE_05980,Cropland,0.0,0.0,0.0,1.0,0.0,0.0,0.0
GRID_CBE_05981,Cropland,0.0,0.0,0.0,1.0,0.0,0.0,0.0
GRID_CBE_05982,Cropland,0.0,0.0,0.0,1.0,0.0,0.0,0.0
GRID_CBE_05983,Cropland,0.0,0.0,0.0,1.0,0.0,0.0,0.0
GRID_CBE_05984,Cropland,0.0,0.0,0.0,1.0,0.0,0.0,0.0
GRID_CBE_05985,Cropland,0.0,0.0,0.0,1.0,0.0,0.0,0.0
GRID_CBE_05986,Cropland,0.0,0.0,0.0,1.0,0.0,0.0,0.0
GRID_CBE_05987,Cropland,0.0,0.0,0.0,1.0,0.0,0.0,0.0
GRID_CBE_05988,Cropland,0.0,0.0,0.0,1.0,0.0,0.0,0.0
GRID_CBE_05989,Cropland,0.0,0.0,0.0,1.0,0.0,0.0,0.0
GRID_CBE_05990,Cropland,0.0,0.0,0.0,1.0,0.0,0.0,0.0
GRID_CBE_05991,Cropland,0.0,0.0,0.0,1.0,0.0,0.0,0.0
GRID_CBE_05992,Cropland,0.0,0.0,0.0,1.0,0.0,0.0,0.0
GRID_CBE_05993,Cropland,0.0,0.0,0.0,1.0,0.0,0.0,0.0
GRID_CBE_05994,Cropland,0.0,0.0,0.0,1.0,0.0,0.0,0.0
GRID_CBE_05995,Cropland,0.0,0.0,0.0,1.0,0.0,0.0,0.0
GRID_CBE_05996,Cropland,0.0,0.0,0.0,1.0,0.0,0.0,0.0
GRID_CBE_05997,Cropland,0.0,0.0,0.0,1.0,0.0,0.0,0.0
GRID_CBE_05998,Cropland,0.0,0.0,0.0,1.0,0.0,0.0,0.0
GRID_CBE_05999,Cropland,0.0,0.0,0.0,1.0,0.0,0.0,0.0
GRID_CBE_06000,Cropland,0.0,0.0,0.0,1.0,0.0,0.0,0.0
GRID_CBE_06001,Cropland,0.0,0.0,0.0,1.0,0.0,0.0,0.0
GRID_CBE_06002,Cropland,0.0,0.0,0.0,1.0,0.0,0.0,0.0
GRID_CBE_06003,Cropland,0.0,0.0,0.0,1.0,0.0,0.0,0.0
GRID_CBE_06004,Cropland,0.0,0.0,0.0,1.0,0.0,0.0,0.0
GRID_CBE_06005,Cropland,0.0,0.0,0.0,1.0,0.0,0.0,0.0
GRID_CBE_06006,Cropland,0.0,0.0,0.0,1.0,0.0,0.0,0.0
GRID_CBE_06007,Shrubland,0.0,1.0,0.0,0.0,0.0,0.0,0.0
GRID_CBE_06008,Shrubland,0.0,1.0,0.0,0.0,0.0,0.0,0.0
GRID_CBE_06009,Shrubland,0.0,1.0,0.0,0.0,0.0,0.0,0.0
GRID_CBE_06010,Shrubland,0.0,1.0,0.0,0.0,0.0,0.0,0.0
GRID_CBE_06011,Shrubland,0.0,1.0,0.0,0.0,0.0,0.0,0.0
GRID_CBE_06012,Shrubland,0.0,1.0,0.0,0.0,0.0,0.0,0.0
GRID_CBE_06013,Shrubland,0.0,1.0,0.0,0.0,0.0,0.0,0.0
GRID_CBE_06014,Shrubland,0.0,1.0,0.0,0.0,0.0,0.0,0.0
GRID_CBE_06015,Shrubland,0.0,1.0,0.0,0.0,0.0,0.0,0.0
GRID_CBE_06016,Shrubland,0.0,1.0,0.0,0.0,0.0,0.0,0.0
GRID_CBE_06017,Shrubland,0.0,1.0,0.0,0.0,0.0,0.0,0.0
GRID_CBE_06018,Shrubland,0.0,1.0,0.0,0.0,0.0,0.0,0.0
GRID_CBE_06019,Shrubland,0.0,1.0,0.0,0.0,0.0,0.0,0.0
GRID_CBE_06020,Shrubland,0.0,1.0,0.0,0.0,0.0,0.0,0.0
GRID_CBE_06021,Shrubland,0.0,1.0,0.0,0.0,0.0,0.0,0.0
GRID_CBE_06022,Shrubland,0.0,1.0,0.0,0.0,0.0,0.0,0.0
GRID_CBE_06023,Shrubland,0.0,1.0,0.0,0.0,0.0,0.0,0.0
GRID_CBE_06024,Shrubland,0.0,1.0,0.0,0.0,0.0,0.0,0.0
GRID_CBE_06025,Shrubland,0.0,1.0,0.0,0.0,0.0,0.0,0.0
GRID_CBE_06026,Shrubland,0.0,1.0,0.0,0.0,0.0,0.0,0.0
GRID_CBE_06027,Shrubland,0.0,1.0,0.0,0.0,0.0,0.0,0.0
GRID_CBE_06028,Shrubland,0.0,1.0,0.0,0.0,0.0,0.0,0.0
GRID_CBE_06029,Shrubland,0.0,1.0,0.0,0.0,0.0,0.0,0.0
GRID_CBE_06030,Shrubland,0.0,1.0,0.0,0.0,0.0,0.0,0.0
GRID_CBE_06031,Shrubland,0.0,1.0,0.0,0.0,0.0,0.0,0.0
GRID_CBE_06032,Shrubland,0.0,1.0,0.0,0.0,0.0,0.0,0.0
GRID_CBE_06033,Shrubland,0.0,1.0,0.0,0.0,0.0,0.0,0.0
GRID_CBE_06034,Shrubland,0.0,1.0,0.0,0.0,0.0,0.0,0.0
GRID_CBE_06035,Shrubland,0.0,1.0,0.0,0.0,0.0,0.0,0.0
GRID_CBE_06036,Shrubland,0.0,1.0,0.0,0.0,0.0,0.0,0.0
GRID_CBE_06037,Shrubland,0.0,0.8182,0.0,0.1818,0.0,0.0,0.0
GRID_CBE_06038,Cropland,0.0,0.4545,0.0,0.5455,0.0,0.0,0.0
GRID_CBE_06039,Cropland,0.0,0.1818,0.0,0.8182,0.0,0.0,0.0
GRID_CBE_06040,Cropland,0.0,0.0,0.0,1.0,0.0,0.0,0.0
GRID_CBE_06041,Cropland,0.0,0.0,0.0,1.0,0.0,0.0,0.0
GRID_CBE_06042,Cropland,0.0,0.0,0.0,1.0,0.0,0.0,0.0
GRID_CBE_06043,Cropland,0.0,0.0,0.0,1.0,0.0,0.0,0.0
GRID_CBE_06044,Cropland,0.0,0.0,0.0,1.0,0.0,0.0,0.0
GRID_CBE_06045,Cropland,0.0,0.0,0.0,1.0,0.0,0.0,0.0
GRID_CBE_06046,Cropland,0.0,0.0,0.0,1.0,0.0,0.0,0.0
GRID_CBE_06047,Cropland,0.0,0.0,0.0,1.0,0.0,0.0,0.0
GRID_CBE_06048,Cropland,0.0,0.0,0.0,1.0,0.0,0.0,0.0
GRID_CBE_06049,Cropland,0.0,0.0,0.0,1.0,0.0,0.0,0.0
GRID_CBE_06050,Cropland,0.0,0.0,0.0,1.0,0.0,0.0,0.0
GRID_CBE_06051,Cropland,0.0,0.0,0.0,1.0,0.0,0.0,0.0
GRID_CBE_06052,Cropland,0.0,0.0,0.0,1.0,0.0,0.0,0.0
GRID_CBE_06053,Cropland,0.0,0.0,0.0,1.0,0.0,0.0,0.0
GRID_CBE_06054,Cropland,0.0,0.0,0.0,1.0,0.0,0.0,0.0
GRID_CBE_06055,Cropland,0.0,0.0,0.0,1.0,0.0,0.0,0.0
GRID_CBE_06056,Cropland,0.0,0.0,0.0,1.0,0.0,0.0,0.0
GRID_CBE_06057,Cropland,0.0,0.0,0.0,1.0,0.0,0.0,0.0
GRID_CBE_06058,Cropland,0.0,0.0,0.0,1.0,0.0,0.0,0.0
GRID_CBE_06059,Cropland,0.0,0.0,0.0,1.0,0.0,0.0,0.0
GRID_CBE_06060,Cropland,0.0,0.0,0.0,1.0,0.0,0.0,0.0
GRID_CBE_06061,Cropland,0.0,0.0,0.0,1.0,0.0,0.0,0.0
GRID_CBE_06062,Cropland,0.0,0.0,0.0,1.0,0.0,0.0,0.0
GRID_CBE_06063,Cropland,0.0,0.0,0.0,1.0,0.0,0.0,0.0
GRID_CBE_06064,Cropland,0.0,0.0,0.0,1.0,0.0,0.0,0.0
GRID_CBE_06065,Cropland,0.0,0.0,0.0,1.0,0.0,0.0,0.0
GRID_CBE_06066,Cropland,0.0,0.0,0.0,1.0,0.0,0.0,0.0
GRID_CBE_06067,Cropland,0.0,0.0,0.0,1.0,0.0,0.0,0.0
GRID_CBE_06068,Cropland,0.0,0.0,0.0,1.0,0.0,0.0,0.0
GRID_CBE_06069,Cropland,0.0,0.0,0.0,1.0,0.0,0.0,0.0
GRID_CBE_06070,Cropland,0.0,0.0,0.0,1.0,0.0,0.0,0.0
GRID_CBE_06071,Cropland,0.0,0.0,0.0,1.0,0.0,0.0,0.0
GRID_CBE_06072,Cropland,0.0,0.0,0.0,1.0,0.0,0.0,0.0
GRID_CBE_06073,Cropland,0.0,0.0,0.0,1.0,0.0,0.0,0.0
GRID_CBE_06074,Cropland,0.0,0.0,0.0,1.0,0.0,0.0,0.0
GRID_CBE_06075,Cropland,0.0,0.0,0.0,1.0,0.0,0.0,0.0
GRID_CBE_06076,Cropland,0.0,0.0,0.0,1.0,0.0,0.0,0.0
GRID_CBE_06077,Cropland,0.0,0.0,0.0,1.0,0.0,0.0,0.0
GRID_CBE_06078,Cropland,0.0,0.0,0.0,1.0,0.0,0.0,0.0
GRID_CBE_06079,Cropland,0.0,0.0,0.0,1.0,0.0,0.0,0.0
GRID_CBE_06080,Cropland,0.0,0.0,0.0,1.0,0.0,0.0,0.0
GRID_CBE_06081,Cropland,0.0,0.0,0.0,1.0,0.0,0.0,0.0
GRID_CBE_06082,Cropland,0.0,0.0,0.0,1.0,0.0,0.0,0.0
GRID_CBE_06083,Cropland,0.0,0.0,0.0,1.0,0.0,0.0,0.0
GRID_CBE_06084,Cropland,0.0,0.0,0.0,1.0,0.0,0.0,0.0
GRID_CBE_06085,Shrubland,0.0,1.0,0.0,0.0,0.0,0.0,0.0
GRID_CBE_06086,Shrubland,0.0,1.0,0.0,0.0,0.0,0.0,0.0
GRID_CBE_06087,Shrubland,0.0,1.0,0.0,0.0,0.0,0.0,0.0
GRID_CBE_06088,Shrubland,0.0,1.0,0.0,0.0,0.0,0.0,0.0
GRID_CBE_06089,Shrubland,0.0,1.0,0.0,0.0,0.0,0.0,0.0
GRID_CBE_06090,Shrubland,0.0,1.0,0.0,0.0,0.0,0.0,0.0
GRID_CBE_06091,Shrubland,0.0,1.0,0.0,0.0,0.0,0.0,0.0
GRID_CBE_06092,Shrubland,0.0,1.0,0.0,0.0,0.0,0.0,0.0
GRID_CBE_06093,Shrubland,0.0,1.0,0.0,0.0,0.0,0.0,0.0
GRID_CBE_06094,Shrubland,0.0,1.0,0.0,0.0,0.0,0.0,0.0
GRID_CBE_06095,Shrubland,0.0,1.0,0.0,0.0,0.0,0.0,0.0
GRID_CBE_06096,Shrubland,0.0,1.0,0.0,0.0,0.0,0.0,0.0
GRID_CBE_06097,Shrubland,0.0,1.0,0.0,0.0,0.0,0.0,0.0
GRID_CBE_06098,Shrubland,0.0,1.0,0.0,0.0,0.0,0.0,0.0
GRID_CBE_06099,Shrubland,0.0,1.0,0.0,0.0,0.0,0.0,0.0
GRID_CBE_06100,Shrubland,0.0,1.0,0.0,0.0,0.0,0.0,0.0
GRID_CBE_06101,Shrubland,0.0,1.0,0.0,0.0,0.0,0.0,0.0
GRID_CBE_06102,Shrubland,0.0,1.0,0.0,0.0,0.0,0.0,0.0
GRID_CBE_06103,Shrubland,0.0,1.0,0.0,0.0,0.0,0.0,0.0
GRID_CBE_06104,Shrubland,0.0,1.0,0.0,0.0,0.0,0.0,0.0
GRID_CBE_06105,Shrubland,0.0,1.0,0.0,0.0,0.0,0.0,0.0
GRID_CBE_06106,Shrubland,0.0,1.0,0.0,0.0,0.0,0.0,0.0
GRID_CBE_06107,Shrubland,0.0,1.0,0.0,0.0,0.0,0.0,0.0
GRID_CBE_06108,Shrubland,0.0,1.0,0.0,0.0,0.0,0.0,0.0
GRID_CBE_06109,Shrubland,0.0,1.0,0.0,0.0,0.0,0.0,0.0
GRID_CBE_06110,Shrubland,0.0,1.0,0.0,0.0,0.0,0.0,0.0
GRID_CBE_06111,Shrubland,0.0,1.0,0.0,0.0,0.0,0.0,0.0
GRID_CBE_06112,Shrubland,0.0,1.0,0.0,0.0,0.0,0.0,0.0
GRID_CBE_06113,Shrubland,0.0,1.0,0.0,0.0,0.0,0.0,0.0
GRID_CBE_06114,Shrubland,0.0,1.0,0.0,0.0,0.0,0.0,0.0
GRID_CBE_06115,Shrubland,0.0,0.8182,0.0,0.1818,0.0,0.0,0.0
GRID_CBE_06116,Cropland,0.0,0.4545,0.0,0.5455,0.0,0.0,0.0
GRID_CBE_06117,Cropland,0.0,0.1818,0.0,0.8182,0.0,0.0,0.0
GRID_CBE_06118,Cropland,0.0,0.0,0.0,1.0,0.0,0.0,0.0
GRID_CBE_06119,Cropland,0.0,0.0,0.0,1.0,0.0,0.0,0.0
GRID_CBE_06120,Cropland,0.0,0.0,0.0,1.0,0.0,0.0,0.0
GRID_CBE_06121,Cropland,0.0,0.0,0.0,1.0,0.0,0.0,0.0
GRID_CBE_06122,Cropland,0.0,0.0,0.0,1.0,0.0,0.0,0.0
GRID_CBE_06123,Cropland,0.0,0.0,0.0,1.0,0.0,0.0,0.0
GRID_CBE_06124,Cropland,0.0,0.0,0.0,1.0,0.0,0.0,0.0
GRID_CBE_06125,Cropland,0.0,0.0,0.0,1.0,0.0,0.0,0.0
GRID_CBE_06126,Cropland,0.0,0.0,0.0,1.0,0.0,0.0,0.0
GRID_CBE_06127,Cropland,0.0,0.0,0.0,1.0,0.0,0.0,0.0
GRID_CBE_06128,Cropland,0.0,0.0,0.0,1.0,0.0,0.0,0.0
GRID_CBE_06129,Cropland,0.0,0.0,0.0,1.0,0.0,0.0,0.0
GRID_CBE_06130,Cropland,0.0,0.0,0.0,1.0,0.0,0.0,0.0
GRID_CBE_06131,Cropland,0.0,0.0,0.0,1.0,0.0,0.0,0.0
GRID_CBE_06132,Cropland,0.0,0.0,0.0,1.0,0.0,0.0,0.0
GRID_CBE_06133,Cropland,0.0,0.0,0.0,1.0,0.0,0.0,0.0
GRID_CBE_06134,Cropland,0.0,0.0,0.0,1.0,0.0,0.0,0.0
GRID_CBE_06135,Cropland,0.0,0.0,0.0,1.0,0.0,0.0,0.0
GRID_CBE_06136,Cropland,0.0,0.0,0.0,1.0,0.0,0.0,0.0
GRID_CBE_06137,Cropland,0.0,0.0,0.0,1.0,0.0,0.0,0.0
GRID_CBE_06138,Cropland,0.0,0.0,0.0,1.0,0.0,0.0,0.0
GRID_CBE_06139,Cropland,0.0,0.0,0.0,1.0,0.0,0.0,0.0
GRID_CBE_06140,Cropland,0.0,0.0,0.0,1.0,0.0,0.0,0.0
GRID_CBE_06141,Cropland,0.0,0.0,0.0,1.0,0.0,0.0,0.0
GRID_CBE_06142,Cropland,0.0,0.0,0.0,1.0,0.0,0.0,0.0
GRID_CBE_06143,Cropland,0.0,0.0,0.0,1.0,0.0,0.0,0.0
GRID_CBE_06144,Cropland,0.0,0.0,0.0,1.0,0.0,0.0,0.0
GRID_CBE_06145,Cropland,0.0,0.0,0.0,1.0,0.0,0.0,0.0
GRID_CBE_06146,Cropland,0.0,0.0,0.0,1.0,0.0,0.0,0.0
GRID_CBE_06147,Cropland,0.0,0.0,0.0,1.0,0.0,0.0,0.0
GRID_CBE_06148,Cropland,0.0,0.0,0.0,1.0,0.0,0.0,0.0
GRID_CBE_06149,Cropland,0.0,0.0,0.0,1.0,0.0,0.0,0.0
GRID_CBE_06150,Cropland,0.0,0.0,0.0,1.0,0.0,0.0,0.0
GRID_CBE_06151,Cropland,0.0,0.0,0.0,1.0,0.0,0.0,0.0
GRID_CBE_06152,Cropland,0.0,0.0,0.0,1.0,0.0,0.0,0.0
GRID_CBE_06153,Cropland,0.0,0.0,0.0,1.0,0.0,0.0,0.0
GRID_CBE_06154,Cropland,0.0,0.0,0.0,1.0,0.0,0.0,0.0
GRID_CBE_06155,Cropland,0.0,0.0,0.0,1.0,0.0,0.0,0.0
GRID_CBE_06156,Cropland,0.0,0.0,0.0,1.0,0.0,0.0,0.0
GRID_CBE_06157,Cropland,0.0,0.0,0.0,1.0,0.0,0.0,0.0
GRID_CBE_06158,Cropland,0.0,0.0,0.0,1.0,0.0,0.0,0.0
GRID_CBE_06159,Cropland,0.0,0.0,0.0,1.0,0.0,0.0,0.0
GRID_CBE_06160,Cropland,0.0,0.0,0.0,1.0,0.0,0.0,0.0
GRID_CBE_06161,Cropland,0.0,0.0,0.0,1.0,0.0,0.0,0.0
GRID_CBE_06162,Cropland,0.0,0.0,0.0,1.0,0.0,0.0,0.0
GRID_CBE_06163,Shrubland,0.0,1.0,0.0,0.0,0.0,0.0,0.0
GRID_CBE_06164,Shrubland,0.0,1.0,0.0,0.0,0.0,0.0,0.0
GRID_CBE_06165,Shrubland,0.0,1.0,0.0,0.0,0.0,0.0,0.0
GRID_CBE_06166,Shrubland,0.0,1.0,0.0,0.0,0.0,0.0,0.0
GRID_CBE_06167,Shrubland,0.0,1.0,0.0,0.0,0.0,0.0,0.0
GRID_CBE_06168,Shrubland,0.0,1.0,0.0,0.0,0.0,0.0,0.0
GRID_CBE_06169,Shrubland,0.0,1.0,0.0,0.0,0.0,0.0,0.0
GRID_CBE_06170,Shrubland,0.0,1.0,0.0,0.0,0.0,0.0,0.0
GRID_CBE_06171,Shrubland,0.0,1.0,0.0,0.0,0.0,0.0,0.0
GRID_CBE_06172,Shrubland,0.0,1.0,0.0,0.0,0.0,0.0,0.0
GRID_CBE_06173,Shrubland,0.0,1.0,0.0,0.0,0.0,0.0,0.0
GRID_CBE_06174,Shrubland,0.0,1.0,0.0,0.0,0.0,0.0,0.0
GRID_CBE_06175,Shrubland,0.0,1.0,0.0,0.0,0.0,0.0,0.0
GRID_CBE_06176,Shrubland,0.0,1.0,0.0,0.0,0.0,0.0,0.0
GRID_CBE_06177,Shrubland,0.0,1.0,0.0,0.0,0.0,0.0,0.0
GRID_CBE_06178,Shrubland,0.0,1.0,0.0,0.0,0.0,0.0,0.0
GRID_CBE_06179,Shrubland,0.0,1.0,0.0,0.0,0.0,0.0,0.0
GRID_CBE_06180,Shrubland,0.0,1.0,0.0,0.0,0.0,0.0,0.0
GRID_CBE_06181,Shrubland,0.0,1.0,0.0,0.0,0.0,0.0,0.0
GRID_CBE_06182,Shrubland,0.0,1.0,0.0,0.0,0.0,0.0,0.0
GRID_CBE_06183,Shrubland,0.0,1.0,0.0,0.0,0.0,0.0,0.0
GRID_CBE_06184,Shrubland,0.0,1.0,0.0,0.0,0.0,0.0,0.0
GRID_CBE_06185,Shrubland,0.0,1.0,0.0,0.0,0.0,0.0,0.0
GRID_CBE_06186,Shrubland,0.0,1.0,0.0,0.0,0.0,0.0,0.0
GRID_CBE_06187,Shrubland,0.0,1.0,0.0,0.0,0.0,0.0,0.0
GRID_CBE_06188,Shrubland,0.0,1.0,0.0,0.0,0.0,0.0,0.0
GRID_CBE_06189,Shrubland,0.0,1.0,0.0,0.0,0.0,0.0,0.0
GRID_CBE_06190,Shrubland,0.0,1.0,0.0,0.0,0.0,0.0,0.0
GRID_CBE_06191,Shrubland,0.0,1.0,0.0,0.0,0.0,0.0,0.0
GRID_CBE_06192,Shrubland,0.0,1.0,0.0,0.0,0.0,0.0,0.0
GRID_CBE_06193,Shrubland,0.0,0.8182,0.0,0.1818,0.0,0.0,0.0
GRID_CBE_06194,Cropland,0.0,0.4545,0.0,0.5455,0.0,0.0,0.0
GRID_CBE_06195,Cropland,0.0,0.0909,0.0,0.9091,0.0,0.0,0.0
GRID_CBE_06196,Cropland,0.0,0.0,0.0,1.0,0.0,0.0,0.0
GRID_CBE_06197,Cropland,0.0,0.0,0.0,1.0,0.0,0.0,0.0
GRID_CBE_06198,Cropland,0.0,0.0,0.0,1.0,0.0,0.0,0.0
GRID_CBE_06199,Cropland,0.0,0.0,0.0,1.0,0.0,0.0,0.0
GRID_CBE_06200,Cropland,0.0,0.0,0.0,1.0,0.0,0.0,0.0
GRID_CBE_06201,Cropland,0.0,0.0,0.0,1.0,0.0,0.0,0.0
GRID_CBE_06202,Cropland,0.0,0.0,0.0,1.0,0.0,0.0,0.0
GRID_CBE_06203,Cropland,0.0,0.0,0.0,1.0,0.0,0.0,0.0
GRID_CBE_06204,Cropland,0.0,0.0,0.0,1.0,0.0,0.0,0.0
GRID_CBE_06205,Cropland,0.0,0.0,0.0,1.0,0.0,0.0,0.0
GRID_CBE_06206,Cropland,0.0,0.0,0.0,1.0,0.0,0.0,0.0
GRID_CBE_06207,Cropland,0.0,0.0,0.0,1.0,0.0,0.0,0.0
GRID_CBE_06208,Cropland,0.0,0.0,0.0,1.0,0.0,0.0,0.0
GRID_CBE_06209,Cropland,0.0,0.0,0.0,1.0,0.0,0.0,0.0
GRID_CBE_06210,Cropland,0.0,0.0,0.0,1.0,0.0,0.0,0.0
GRID_CBE_06211,Cropland,0.0,0.0,0.0,1.0,0.0,0.0,0.0
GRID_CBE_06212,Cropland,0.0,0.0,0.0,1.0,0.0,0.0,0.0
GRID_CBE_06213,Cropland,0.0,0.0,0.0,1.0,0.0,0.0,0.0
GRID_CBE_06214,Cropland,0.0,0.0,0.0,1.0,0.0,0.0,0.0
GRID_CBE_06215,Cropland,0.0,0.0,0.0,1.0,0.0,0.0,0.0
GRID_CBE_06216,Cropland,0.0,0.0,0.0,1.0,0.0,0.0,0.0
GRID_CBE_06217,Cropland,0.0,0.0,0.0,1.0,0.0,0.0,0.0
GRID_CBE_06218,Cropland,0.0,0.0,0.0,1.0,0.0,0.0,0.0
GRID_CBE_06219,Cropland,0.0,0.0,0.0,1.0,0.0,0.0,0.0
GRID_CBE_06220,Cropland,0.0,0.0,0.0,1.0,0.0,0.0,0.0
GRID_CBE_06221,Cropland,0.0,0.0,0.0,1.0,0.0,0.0,0.0
GRID_CBE_06222,Cropland,0.0,0.0,0.0,1.0,0.0,0.0,0.0
GRID_CBE_06223,Cropland,0.0,0.0,0.0,1.0,0.0,0.0,0.0
GRID_CBE_06224,Cropland,0.0,0.0,0.0,1.0,0.0,0.0,0.0
GRID_CBE_06225,Cropland,0.0,0.0,0.0,1.0,0.0,0.0,0.0
GRID_CBE_06226,Cropland,0.0,0.0,0.0,1.0,0.0,0.0,0.0
GRID_CBE_06227,Cropland,0.0,0.0,0.0,1.0,0.0,0.0,0.0
GRID_CBE_06228,Cropland,0.0,0.0,0.0,1.0,0.0,0.0,0.0
GRID_CBE_06229,Cropland,0.0,0.0,0.0,1.0,0.0,0.0,0.0
GRID_CBE_06230,Cropland,0.0,0.0,0.0,1.0,0.0,0.0,0.0
GRID_CBE_06231,Cropland,0.0,0.0,0.0,1.0,0.0,0.0,0.0
GRID_CBE_06232,Cropland,0.0,0.0,0.0,1.0,0.0,0.0,0.0
GRID_CBE_06233,Cropland,0.0,0.0,0.0,1.0,0.0,0.0,0.0
GRID_CBE_06234,Cropland,0.0,0.0,0.0,1.0,0.0,0.0,0.0
GRID_CBE_06235,Cropland,0.0,0.0,0.0,1.0,0.0,0.0,0.0
GRID_CBE_06236,Cropland,0.0,0.0,0.0,1.0,0.0,0.0,0.0
GRID_CBE_06237,Cropland,0.0,0.0,0.0,1.0,0.0,0.0,0.0
GRID_CBE_06238,Cropland,0.0,0.0,0.0,1.0,0.0,0.0,0.0
GRID_CBE_06239,Cropland,0.0,0.0,0.0,1.0,0.0,0.0,0.0
GRID_CBE_06240,Cropland,0.0,0.0,0.0,1.0,0.0,0.0,0.0
GRID_CBE_06241,Shrubland,0.0,1.0,0.0,0.0,0.0,0.0,0.0
GRID_CBE_06242,Shrubland,0.0,1.0,0.0,0.0,0.0,0.0,0.0
GRID_CBE_06243,Shrubland,0.0,1.0,0.0,0.0,0.0,0.0,0.0
GRID_CBE_06244,Shrubland,0.0,1.0,0.0,0.0,0.0,0.0,0.0
GRID_CBE_06245,Shrubland,0.0,1.0,0.0,0.0,0.0,0.0,0.0
GRID_CBE_06246,Shrubland,0.0,1.0,0.0,0.0,0.0,0.0,0.0
GRID_CBE_06247,Shrubland,0.0,1.0,0.0,0.0,0.0,0.0,0.0
GRID_CBE_06248,Shrubland,0.0,1.0,0.0,0.0,0.0,0.0,0.0
GRID_CBE_06249,Shrubland,0.0,1.0,0.0,0.0,0.0,0.0,0.0
GRID_CBE_06250,Shrubland,0.0,1.0,0.0,0.0,0.0,0.0,0.0
GRID_CBE_06251,Shrubland,0.0,1.0,0.0,0.0,0.0,0.0,0.0
GRID_CBE_06252,Shrubland,0.0,1.0,0.0,0.0,0.0,0.0,0.0
GRID_CBE_06253,Shrubland,0.0,1.0,0.0,0.0,0.0,0.0,0.0
GRID_CBE_06254,Shrubland,0.0,1.0,0.0,0.0,0.0,0.0,0.0
GRID_CBE_06255,Shrubland,0.0,1.0,0.0,0.0,0.0,0.0,0.0
GRID_CBE_06256,Shrubland,0.0,1.0,0.0,0.0,0.0,0.0,0.0
GRID_CBE_06257,Shrubland,0.0,1.0,0.0,0.0,0.0,0.0,0.0
GRID_CBE_06258,Shrubland,0.0,1.0,0.0,0.0,0.0,0.0,0.0
GRID_CBE_06259,Shrubland,0.0,1.0,0.0,0.0,0.0,0.0,0.0
GRID_CBE_06260,Shrubland,0.0,1.0,0.0,0.0,0.0,0.0,0.0
GRID_CBE_06261,Shrubland,0.0,1.0,0.0,0.0,0.0,0.0,0.0
GRID_CBE_06262,Shrubland,0.0,1.0,0.0,0.0,0.0,0.0,0.0
GRID_CBE_06263,Shrubland,0.0,1.0,0.0,0.0,0.0,0.0,0.0
GRID_CBE_06264,Shrubland,0.0,1.0,0.0,0.0,0.0,0.0,0.0
GRID_CBE_06265,Shrubland,0.0,1.0,0.0,0.0,0.0,0.0,0.0
GRID_CBE_06266,Shrubland,0.0,1.0,0.0,0.0,0.0,0.0,0.0
GRID_CBE_06267,Shrubland,0.0,1.0,0.0,0.0,0.0,0.0,0.0
GRID_CBE_06268,Shrubland,0.0,1.0,0.0,0.0,0.0,0.0,0.0
GRID_CBE_06269,Shrubland,0.0,1.0,0.0,0.0,0.0,0.0,0.0
GRID_CBE_06270,Shrubland,0.0,1.0,0.0,0.0,0.0,0.0,0.0
GRID_CBE_06271,Shrubland,0.0,0.8182,0.0,0.1818,0.0,0.0,0.0
GRID_CBE_06272,Cropland,0.0,0.4545,0.0,0.5455,0.0,0.0,0.0
GRID_CBE_06273,Cropland,0.0,0.0909,0.0,0.9091,0.0,0.0,0.0
GRID_CBE_06274,Cropland,0.0,0.0,0.0,1.0,0.0,0.0,0.0
GRID_CBE_06275,Cropland,0.0,0.0,0.0,1.0,0.0,0.0,0.0
GRID_CBE_06276,Cropland,0.0,0.0,0.0,1.0,0.0,0.0,0.0
GRID_CBE_06277,Cropland,0.0,0.0,0.0,1.0,0.0,0.0,0.0
GRID_CBE_06278,Cropland,0.0,0.0,0.0,1.0,0.0,0.0,0.0
GRID_CBE_06279,Cropland,0.0,0.0,0.0,1.0,0.0,0.0,0.0
GRID_CBE_06280,Cropland,0.0,0.0,0.0,1.0,0.0,0.0,0.0
GRID_CBE_06281,Cropland,0.0,0.0,0.0,1.0,0.0,0.0,0.0
GRID_CBE_06282,Cropland,0.0,0.0,0.0,1.0,0.0,0.0,0.0
GRID_CBE_06283,Cropland,0.0,0.0,0.0,1.0,0.0,0.0,0.0
GRID_CBE_06284,Cropland,0.0,0.0,0.0,1.0,0.0,0.0,0.0
GRID_CBE_06285,Cropland,0.0,0.0,0.0,1.0,0.0,0.0,0.0
GRID_CBE_06286,Cropland,0.0,0.0,0.0,1.0,0.0,0.0,0.0
GRID_CBE_06287,Cropland,0.0,0.0,0.0,1.0,0.0,0.0,0.0
GRID_CBE_06288,Cropland,0.0,0.0,0.0,1.0,0.0,0.0,0.0
GRID_CBE_06289,Cropland,0.0,0.0,0.0,1.0,0.0,0.0,0.0
GRID_CBE_06290,Cropland,0.0,0.0,0.0,1.0,0.0,0.0,0.0
GRID_CBE_06291,Cropland,0.0,0.0,0.0,1.0,0.0,0.0,0.0
GRID_CBE_06292,Cropland,0.0,0.0,0.0,1.0,0.0,0.0,0.0
GRID_CBE_06293,Cropland,0.0,0.0,0.0,1.0,0.0,0.0,0.0
GRID_CBE_06294,Cropland,0.0,0.0,0.0,1.0,0.0,0.0,0.0
GRID_CBE_06295,Cropland,0.0,0.0,0.0,1.0,0.0,0.0,0.0
GRID_CBE_06296,Cropland,0.0,0.0,0.0,1.0,0.0,0.0,0.0
GRID_CBE_06297,Cropland,0.0,0.0,0.0,1.0,0.0,0.0,0.0
GRID_CBE_06298,Cropland,0.0,0.0,0.0,1.0,0.0,0.0,0.0
GRID_CBE_06299,Cropland,0.0,0.0,0.0,1.0,0.0,0.0,0.0
GRID_CBE_06300,Cropland,0.0,0.0,0.0,1.0,0.0,0.0,0.0
GRID_CBE_06301,Cropland,0.0,0.0,0.0,1.0,0.0,0.0,0.0
GRID_CBE_06302,Cropland,0.0,0.0,0.0,1.0,0.0,0.0,0.0
GRID_CBE_06303,Cropland,0.0,0.0,0.0,1.0,0.0,0.0,0.0
GRID_CBE_06304,Cropland,0.0,0.0,0.0,1.0,0.0,0.0,0.0
GRID_CBE_06305,Cropland,0.0,0.0,0.0,1.0,0.0,0.0,0.0
GRID_CBE_06306,Cropland,0.0,0.0,0.0,1.0,0.0,0.0,0.0
GRID_CBE_06307,Cropland,0.0,0.0,0.0,1.0,0.0,0.0,0.0
GRID_CBE_06308,Cropland,0.0,0.0,0.0,1.0,0.0,0.0,0.0
GRID_CBE_06309,Cropland,0.0,0.0,0.0,1.0,0.0,0.0,0.0
GRID_CBE_06310,Cropland,0.0,0.0,0.0,1.0,0.0,0.0,0.0
GRID_CBE_06311,Cropland,0.0,0.0,0.0,1.0,0.0,0.0,0.0
GRID_CBE_06312,Cropland,0.0,0.0,0.0,1.0,0.0,0.0,0.0
GRID_CBE_06313,Cropland,0.0,0.0,0.0,1.0,0.0,0.0,0.0
GRID_CBE_06314,Cropland,0.0,0.0,0.0,1.0,0.0,0.0,0.0
GRID_CBE_06315,Cropland,0.0,0.0,0.0,1.0,0.0,0.0,0.0
GRID_CBE_06316,Cropland,0.0,0.0,0.0,1.0,0.0,0.0,0.0
GRID_CBE_06317,Cropland,0.0,0.0,0.0,1.0,0.0,0.0,0.0
GRID_CBE_06318,Cropland,0.0,0.0,0.0,1.0,0.0,0.0,0.0
GRID_CBE_06319,Shrubland,0.0,1.0,0.0,0.0,0.0,0.0,0.0
GRID_CBE_06320,Shrubland,0.0,1.0,0.0,0.0,0.0,0.0,0.0
GRID_CBE_06321,Shrubland,0.0,1.0,0.0,0.0,0.0,0.0,0.0
GRID_CBE_06322,Shrubland,0.0,1.0,0.0,0.0,0.0,0.0,0.0
GRID_CBE_06323,Shrubland,0.0,1.0,0.0,0.0,0.0,0.0,0.0
GRID_CBE_06324,Shrubland,0.0,1.0,0.0,0.0,0.0,0.0,0.0
GRID_CBE_06325,Shrubland,0.0,1.0,0.0,0.0,0.0,0.0,0.0
GRID_CBE_06326,Shrubland,0.0,1.0,0.0,0.0,0.0,0.0,0.0
GRID_CBE_06327,Shrubland,0.0,1.0,0.0,0.0,0.0,0.0,0.0
GRID_CBE_06328,Shrubland,0.0,1.0,0.0,0.0,0.0,0.0,0.0
GRID_CBE_06329,Shrubland,0.0,1.0,0.0,0.0,0.0,0.0,0.0
GRID_CBE_06330,Shrubland,0.0,1.0,0.0,0.0,0.0,0.0,0.0
GRID_CBE_06331,Shrubland,0.0,1.0,0.0,0.0,0.0,0.0,0.0
GRID_CBE_06332,Shrubland,0.0,1.0,0.0,0.0,0.0,0.0,0.0
GRID_CBE_06333,Shrubland,0.0,1.0,0.0,0.0,0.0,0.0,0.0
GRID_CBE_06334,Shrubland,0.0,1.0,0.0,0.0,0.0,0.0,0.0
GRID_CBE_06335,Shrubland,0.0,1.0,0.0,0.0,0.0,0.0,0.0
GRID_CBE_06336,Shrubland,0.0,1.0,0.0,0.0,0.0,0.0,0.0
GRID_CBE_06337,Shrubland,0.0,1.0,0.0,0.0,0.0,0.0,0.0
GRID_CBE_06338,Shrubland,0.0,1.0,0.0,0.0,0.0,0.0,0.0
GRID_CBE_06339,Shrubland,0.0,1.0,0.0,0.0,0.0,0.0,0.0
GRID_CBE_06340,Shrubland,0.0,1.0,0.0,0.0,0.0,0.0,0.0
GRID_CBE_06341,Shrubland,0.0,1.0,0.0,0.0,0.0,0.0,0.0
GRID_CBE_06342,Shrubland,0.0,1.0,0.0,0.0,0.0,0.0,0.0
GRID_CBE_06343,Shrubland,0.0,1.0,0.0,0.0,0.0,0.0,0.0
GRID_CBE_06344,Shrubland,0.0,1.0,0.0,0.0,0.0,0.0,0.0
GRID_CBE_06345,Shrubland,0.0,1.0,0.0,0.0,0.0,0.0,0.0
GRID_CBE_06346,Shrubland,0.0,1.0,0.0,0.0,0.0,0.0,0.0
GRID_CBE_06347,Shrubland,0.0,1.0,0.0,0.0,0.0,0.0,0.0
GRID_CBE_06348,Shrubland,0.0,1.0,0.0,0.0,0.0,0.0,0.0
GRID_CBE_06349,Shrubland,0.0,0.8182,0.0,0.1818,0.0,0.0,0.0
GRID_CBE_06350,Cropland,0.0,0.4545,0.0,0.5455,0.0,0.0,0.0
GRID_CBE_06351,Cropland,0.0,0.0909,0.0,0.9091,0.0,0.0,0.0
GRID_CBE_06352,Cropland,0.0,0.0,0.0,1.0,0.0,0.0,0.0
GRID_CBE_06353,Cropland,0.0,0.0,0.0,1.0,0.0,0.0,0.0
GRID_CBE_06354,Cropland,0.0,0.0,0.0,1.0,0.0,0.0,0.0
GRID_CBE_06355,Cropland,0.0,0.0,0.0,1.0,0.0,0.0,0.0
GRID_CBE_06356,Cropland,0.0,0.0,0.0,1.0,0.0,0.0,0.0
GRID_CBE_06357,Cropland,0.0,0.0,0.0,1.0,0.0,0.0,0.0
GRID_CBE_06358,Cropland,0.0,0.0,0.0,1.0,0.0,0.0,0.0
GRID_CBE_06359,Cropland,0.0,0.0,0.0,1.0,0.0,0.0,0.0
GRID_CBE_06360,Cropland,0.0,0.0,0.0,1.0,0.0,0.0,0.0
GRID_CBE_06361,Cropland,0.0,0.0,0.0,1.0,0.0,0.0,0.0
GRID_CBE_06362,Cropland,0.0,0.0,0.0,1.0,0.0,0.0,0.0
GRID_CBE_06363,Cropland,0.0,0.0,0.0,1.0,0.0,0.0,0.0
GRID_CBE_06364,Cropland,0.0,0.0,0.0,1.0,0.0,0.0,0.0
GRID_CBE_06365,Cropland,0.0,0.0,0.0,1.0,0.0,0.0,0.0
GRID_CBE_06366,Cropland,0.0,0.0,0.0,1.0,0.0,0.0,0.0
GRID_CBE_06367,Cropland,0.0,0.0,0.0,1.0,0.0,0.0,0.0
GRID_CBE_06368,Cropland,0.0,0.0,0.0,1.0,0.0,0.0,0.0
GRID_CBE_06369,Cropland,0.0,0.0,0.0,1.0,0.0,0.0,0.0
GRID_CBE_06370,Cropland,0.0,0.0,0.0,1.0,0.0,0.0,0.0
GRID_CBE_06371,Cropland,0.0,0.0,0.0,1.0,0.0,0.0,0.0
GRID_CBE_06372,Cropland,0.0,0.0,0.0,1.0,0.0,0.0,0.0
GRID_CBE_06373,Cropland,0.0,0.0,0.0,1.0,0.0,0.0,0.0
GRID_CBE_06374,Cropland,0.0,0.0,0.0,1.0,0.0,0.0,0.0
GRID_CBE_06375,Cropland,0.0,0.0,0.0,1.0,0.0,0.0,0.0
GRID_CBE_06376,Cropland,0.0,0.0,0.0,1.0,0.0,0.0,0.0
GRID_CBE_06377,Cropland,0.0,0.0,0.0,1.0,0.0,0.0,0.0
GRID_CBE_06378,Cropland,0.0,0.0,0.0,1.0,0.0,0.0,0.0
GRID_CBE_06379,Cropland,0.0,0.0,0.0,1.0,0.0,0.0,0.0
GRID_CBE_06380,Cropland,0.0,0.0,0.0,1.0,0.0,0.0,0.0
GRID_CBE_06381,Cropland,0.0,0.0,0.0,1.0,0.0,0.0,0.0
GRID_CBE_06382,Cropland,0.0,0.0,0.0,1.0,0.0,0.0,0.0
GRID_CBE_06383,Cropland,0.0,0.0,0.0,1.0,0.0,0.0,0.0
GRID_CBE_06384,Cropland,0.0,0.0,0.0,1.0,0.0,0.0,0.0
GRID_CBE_06385,Cropland,0.0,0.0,0.0,1.0,0.0,0.0,0.0
GRID_CBE_06386,Cropland,0.0,0.0,0.0,1.0,0.0,0.0,0.0
GRID_CBE_06387,Cropland,0.0,0.0,0.0,1.0,0.0,0.0,0.0
GRID_CBE_06388,Cropland,0.0,0.0,0.0,1.0,0.0,0.0,0.0
GRID_CBE_06389,Cropland,0.0,0.0,0.0,1.0,0.0,0.0,0.0
GRID_CBE_06390,Cropland,0.0,0.0,0.0,1.0,0.0,0.0,0.0
GRID_CBE_06391,Cropland,0.0,0.0,0.0,1.0,0.0,0.0,0.0
GRID_CBE_06392,Cropland,0.0,0.0,0.0,1.0,0.0,0.0,0.0
GRID_CBE_06393,Cropland,0.0,0.0,0.0,1.0,0.0,0.0,0.0
GRID_CBE_06394,Cropland,0.0,0.0,0.0,1.0,0.0,0.0,0.0
GRID_CBE_06395,Cropland,0.0,0.0,0.0,1.0,0.0,0.0,0.0
GRID_CBE_06396,Cropland,0.0,0.0,0.0,1.0,0.0,0.0,0.0
GRID_CBE_06397,Shrubland,0.0,1.0,0.0,0.0,0.0,0.0,0.0
GRID_CBE_06398,Shrubland,0.0,1.0,0.0,0.0,0.0,0.0,0.0
GRID_CBE_06399,Shrubland,0.0,1.0,0.0,0.0,0.0,0.0,0.0
GRID_CBE_06400,Shrubland,0.0,1.0,0.0,0.0,0.0,0.0,0.0
GRID_CBE_06401,Shrubland,0.0,1.0,0.0,0.0,0.0,0.0,0.0
GRID_CBE_06402,Shrubland,0.0,1.0,0.0,0.0,0.0,0.0,0.0
GRID_CBE_06403,Shrubland,0.0,1.0,0.0,0.0,0.0,0.0,0.0
GRID_CBE_06404,Shrubland,0.0,1.0,0.0,0.0,0.0,0.0,0.0
GRID_CBE_06405,Shrubland,0.0,1.0,0.0,0.0,0.0,0.0,0.0
GRID_CBE_06406,Shrubland,0.0,1.0,0.0,0.0,0.0,0.0,0.0
GRID_CBE_06407,Shrubland,0.0,1.0,0.0,0.0,0.0,0.0,0.0
GRID_CBE_06408,Shrubland,0.0,1.0,0.0,0.0,0.0,0.0,0.0
GRID_CBE_06409,Shrubland,0.0,1.0,0.0,0.0,0.0,0.0,0.0
GRID_CBE_06410,Shrubland,0.0,1.0,0.0,0.0,0.0,0.0,0.0
GRID_CBE_06411,Shrubland,0.0,1.0,0.0,0.0,0.0,0.0,0.0
GRID_CBE_06412,Shrubland,0.0,1.0,0.0,0.0,0.0,0.0,0.0
GRID_CBE_06413,Shrubland,0.0,1.0,0.0,0.0,0.0,0.0,0.0
GRID_CBE_06414,Shrubland,0.0,1.0,0.0,0.0,0.0,0.0,0.0
GRID_CBE_06415,Shrubland,0.0,1.0,0.0,0.0,0.0,0.0,0.0
GRID_CBE_06416,Shrubland,0.0,1.0,0.0,0.0,0.0,0.0,0.0
GRID_CBE_06417,Shrubland,0.0,1.0,0.0,0.0,0.0,0.0,0.0
GRID_CBE_06418,Shrubland,0.0,1.0,0.0,0.0,0.0,0.0,0.0
GRID_CBE_06419,Shrubland,0.0,1.0,0.0,0.0,0.0,0.0,0.0
GRID_CBE_06420,Shrubland,0.0,1.0,0.0,0.0,0.0,0.0,0.0
GRID_CBE_06421,Shrubland,0.0,1.0,0.0,0.0,0.0,0.0,0.0
GRID_CBE_06422,Shrubland,0.0,1.0,0.0,0.0,0.0,0.0,0.0
GRID_CBE_06423,Shrubland,0.0,1.0,0.0,0.0,0.0,0.0,0.0
GRID_CBE_06424,Shrubland,0.0,1.0,0.0,0.0,0.0,0.0,0.0
GRID_CBE_06425,Shrubland,0.0,1.0,0.0,0.0,0.0,0.0,0.0
GRID_CBE_06426,Shrubland,0.0,1.0,0.0,0.0,0.0,0.0,0.0
GRID_CBE_06427,Shrubland,0.0,0.8182,0.0,0.1818,0.0,0.0,0.0
GRID_CBE_06428,Cropland,0.0,0.4545,0.0,0.5455,0.0,0.0,0.0
GRID_CBE_06429,Cropland,0.0,0.0909,0.0,0.9091,0.0,0.0,0.0
GRID_CBE_06430,Cropland,0.0,0.0,0.0,1.0,0.0,0.0,0.0
GRID_CBE_06431,Cropland,0.0,0.0,0.0,1.0,0.0,0.0,0.0
GRID_CBE_06432,Cropland,0.0,0.0,0.0,1.0,0.0,0.0,0.0
GRID_CBE_06433,Cropland,0.0,0.0,0.0,1.0,0.0,0.0,0.0
GRID_CBE_06434,Cropland,0.0,0.0,0.0,0.9917,0.0083,0.0,0.0
GRID_CBE_06435,Cropland,0.0,0.0,0.0,0.9587,0.0413,0.0,0.0
GRID_CBE_06436,Cropland,0.0,0.0,0.0,0.9256,0.0744,0.0,0.0
GRID_CBE_06437,Cropland,0.0,0.0,0.0,0.9174,0.0826,0.0,0.0
GRID_CBE_06438,Cropland,0.0,0.0,0.0,0.9504,0.0496,0.0,0.0
GRID_CBE_06439,Cropland,0.0,0.0,0.0,1.0,0.0,0.0,0.0
GRID_CBE_06440,Cropland,0.0,0.0,0.0,1.0,0.0,0.0,0.0
GRID_CBE_06441,Cropland,0.0,0.0,0.0,1.0,0.0,0.0,0.0
GRID_CBE_06442,Cropland,0.0,0.0,0.0,1.0,0.0,0.0,0.0
GRID_CBE_06443,Cropland,0.0,0.0,0.0,1.0,0.0,0.0,0.0
GRID_CBE_06444,Cropland,0.0,0.0,0.0,1.0,0.0,0.0,0.0
GRID_CBE_06445,Cropland,0.0,0.0,0.0,1.0,0.0,0.0,0.0
GRID_CBE_06446,Cropland,0.0,0.0,0.0,1.0,0.0,0.0,0.0
GRID_CBE_06447,Cropland,0.0,0.0,0.0,1.0,0.0,0.0,0.0
GRID_CBE_06448,Cropland,0.0,0.0,0.0,1.0,0.0,0.0,0.0
GRID_CBE_06449,Cropland,0.0,0.0,0.0,1.0,0.0,0.0,0.0
GRID_CBE_06450,Cropland,0.0,0.0,0.0,1.0,0.0,0.0,0.0
GRID_CBE_06451,Cropland,0.0,0.0,0.0,1.0,0.0,0.0,0.0
GRID_CBE_06452,Cropland,0.0,0.0,0.0,1.0,0.0,0.0,0.0
GRID_CBE_06453,Cropland,0.0,0.0,0.0,1.0,0.0,0.0,0.0
GRID_CBE_06454,Cropland,0.0,0.0,0.0,1.0,0.0,0.0,0.0
GRID_CBE_06455,Cropland,0.0,0.0,0.0,1.0,0.0,0.0,0.0
GRID_CBE_06456,Cropland,0.0,0.0,0.0,1.0,0.0,0.0,0.0
GRID_CBE_06457,Cropland,0.0,0.0,0.0,1.0,0.0,0.0,0.0
GRID_CBE_06458,Cropland,0.0,0.0,0.0,1.0,0.0,0.0,0.0
GRID_CBE_06459,Cropland,0.0,0.0,0.0,1.0,0.0,0.0,0.0
GRID_CBE_06460,Cropland,0.0,0.0,0.0,1.0,0.0,0.0,0.0
GRID_CBE_06461,Cropland,0.0,0.0,0.0,1.0,0.0,0.0,0.0
GRID_CBE_06462,Cropland,0.0,0.0,0.0,1.0,0.0,0.0,0.0
GRID_CBE_06463,Cropland,0.0,0.0,0.0,1.0,0.0,0.0,0.0
GRID_CBE_06464,Cropland,0.0,0.0,0.0,1.0,0.0,0.0,0.0
GRID_CBE_06465,Cropland,0.0,0.0,0.0,1.0,0.0,0.0,0.0
GRID_CBE_06466,Cropland,0.0,0.0,0.0,1.0,0.0,0.0,0.0
GRID_CBE_06467,Cropland,0.0,0.0,0.0,1.0,0.0,0.0,0.0
GRID_CBE_06468,Cropland,0.0,0.0,0.0,1.0,0.0,0.0,0.0
GRID_CBE_06469,Cropland,0.0,0.0,0.0,1.0,0.0,0.0,0.0
GRID_CBE_06470,Cropland,0.0,0.0,0.0,1.0,0.0,0.0,0.0
GRID_CBE_06471,Cropland,0.0,0.0,0.0,1.0,0.0,0.0,0.0
GRID_CBE_06472,Cropland,0.0,0.0,0.0,1.0,0.0,0.0,0.0
GRID_CBE_06473,Cropland,0.0,0.0,0.0,1.0,0.0,0.0,0.0
GRID_CBE_06474,Cropland,0.0,0.0,0.0,1.0,0.0,0.0,0.0
GRID_CBE_06475,Shrubland,0.0,1.0,0.0,0.0,0.0,0.0,0.0
GRID_CBE_06476,Shrubland,0.0,1.0,0.0,0.0,0.0,0.0,0.0
GRID_CBE_06477,Shrubland,0.0,1.0,0.0,0.0,0.0,0.0,0.0
GRID_CBE_06478,Shrubland,0.0,1.0,0.0,0.0,0.0,0.0,0.0
GRID_CBE_06479,Shrubland,0.0,1.0,0.0,0.0,0.0,0.0,0.0
GRID_CBE_06480,Shrubland,0.0,1.0,0.0,0.0,0.0,0.0,0.0
GRID_CBE_06481,Shrubland,0.0,1.0,0.0,0.0,0.0,0.0,0.0
GRID_CBE_06482,Shrubland,0.0,1.0,0.0,0.0,0.0,0.0,0.0
GRID_CBE_06483,Shrubland,0.0,1.0,0.0,0.0,0.0,0.0,0.0
GRID_CBE_06484,Shrubland,0.0,1.0,0.0,0.0,0.0,0.0,0.0
GRID_CBE_06485,Shrubland,0.0,1.0,0.0,0.0,0.0,0.0,0.0
GRID_CBE_06486,Shrubland,0.0,1.0,0.0,0.0,0.0,0.0,0.0
GRID_CBE_06487,Shrubland,0.0,1.0,0.0,0.0,0.0,0.0,0.0
GRID_CBE_06488,Shrubland,0.0,1.0,0.0,0.0,0.0,0.0,0.0
GRID_CBE_06489,Shrubland,0.0,1.0,0.0,0.0,0.0,0.0,0.0
GRID_CBE_06490,Shrubland,0.0,1.0,0.0,0.0,0.0,0.0,0.0
GRID_CBE_06491,Shrubland,0.0,1.0,0.0,0.0,0.0,0.0,0.0
GRID_CBE_06492,Shrubland,0.0,1.0,0.0,0.0,0.0,0.0,0.0
GRID_CBE_06493,Shrubland,0.0,1.0,0.0,0.0,0.0,0.0,0.0
GRID_CBE_06494,Shrubland,0.0,1.0,0.0,0.0,0.0,0.0,0.0
GRID_CBE_06495,Shrubland,0.0,1.0,0.0,0.0,0.0,0.0,0.0
GRID_CBE_06496,Shrubland,0.0,1.0,0.0,0.0,0.0,0.0,0.0
GRID_CBE_06497,Shrubland,0.0,1.0,0.0,0.0,0.0,0.0,0.0
GRID_CBE_06498,Shrubland,0.0,1.0,0.0,0.0,0.0,0.0,0.0
GRID_CBE_06499,Shrubland,0.0,1.0,0.0,0.0,0.0,0.0,0.0
GRID_CBE_06500,Shrubland,0.0,1.0,0.0,0.0,0.0,0.0,0.0
GRID_CBE_06501,Shrubland,0.0,1.0,0.0,0.0,0.0,0.0,0.0
GRID_CBE_06502,Shrubland,0.0,1.0,0.0,0.0,0.0,0.0,0.0
GRID_CBE_06503,Shrubland,0.0,1.0,0.0,0.0,0.0,0.0,0.0
GRID_CBE_06504,Shrubland,0.0,1.0,0.0,0.0,0.0,0.0,0.0
GRID_CBE_06505,Shrubland,0.0,0.8182,0.0,0.1818,0.0,0.0,0.0
GRID_CBE_06506,Cropland,0.0,0.4545,0.0,0.5455,0.0,0.0,0.0
GRID_CBE_06507,Cropland,0.0,0.0909,0.0,0.9091,0.0,0.0,0.0
GRID_CBE_06508,Cropland,0.0,0.0,0.0,1.0,0.0,0.0,0.0
GRID_CBE_06509,Cropland,0.0,0.0,0.0,1.0,0.0,0.0,0.0
GRID_CBE_06510,Cropland,0.0,0.0,0.0,1.0,0.0,0.0,0.0
GRID_CBE_06511,Cropland,0.0,0.0,0.0,0.9504,0.0496,0.0,0.0
GRID_CBE_06512,Cropland,0.0,0.0,0.0,0.843,0.157,0.0,0.0
GRID_CBE_06513,Cropland,0.0,0.0,0.0,0.719,0.281,0.0,0.0
GRID_CBE_06514,Cropland,0.0,0.0,0.0,0.6529,0.3471,0.0,0.0
GRID_CBE_06515,Cropland,0.0,0.0,0.0,0.6446,0.3554,0.0,0.0
GRID_CBE_06516,Cropland,0.0,0.0,0.0,0.6942,0.3058,0.0,0.0
GRID_CBE_06517,Cropland,0.0,0.0,0.0,0.7934,0.2066,0.0,0.0
GRID_CBE_06518,Cropland,0.0,0.0,0.0,0.9587,0.0413,0.0,0.0
GRID_CBE_06519,Cropland,0.0,0.0,0.0,1.0,0.0,0.0,0.0
GRID_CBE_06520,Cropland,0.0,0.0,0.0,1.0,0.0,0.0,0.0
GRID_CBE_06521,Cropland,0.0,0.0,0.0,1.0,0.0,0.0,0.0
GRID_CBE_06522,Cropland,0.0,0.0,0.0,1.0,0.0,0.0,0.0
GRID_CBE_06523,Cropland,0.0,0.0,0.0,1.0,0.0,0.0,0.0
GRID_CBE_06524,Cropland,0.0,0.0,0.0,1.0,0.0,0.0,0.0
GRID_CBE_06525,Cropland,0.0,0.0,0.0,1.0,0.0,0.0,0.0
GRID_CBE_06526,Cropland,0.0,0.0,0.0,1.0,0.0,0.0,0.0
GRID_CBE_06527,Cropland,0.0,0.0,0.0,1.0,0.0,0.0,0.0
GRID_CBE_06528,Cropland,0.0,0.0,0.0,1.0,0.0,0.0,0.0
GRID_CBE_06529,Cropland,0.0,0.0,0.0,1.0,0.0,0.0,0.0
GRID_CBE_06530,Cropland,0.0,0.0,0.0,1.0,0.0,0.0,0.0
GRID_CBE_06531,Cropland,0.0,0.0,0.0,1.0,0.0,0.0,0.0
GRID_CBE_06532,Cropland,0.0,0.0,0.0,1.0,0.0,0.0,0.0
GRID_CBE_06533,Cropland,0.0,0.0,0.0,1.0,0.0,0.0,0.0
GRID_CBE_06534,Cropland,0.0,0.0,0.0,1.0,0.0,0.0,0.0
GRID_CBE_06535,Cropland,0.0,0.0,0.0,1.0,0.0,0.0,0.0
GRID_CBE_06536,Cropland,0.0,0.0,0.0,1.0,0.0,0.0,0.0
GRID_CBE_06537,Cropland,0.0,0.0,0.0,1.0,0.0,0.0,0.0
GRID_CBE_06538,Cropland,0.0,0.0,0.0,1.0,0.0,0.0,0.0
GRID_CBE_06539,Cropland,0.0,0.0,0.0,1.0,0.0,0.0,0.0
GRID_CBE_06540,Cropland,0.0,0.0,0.0,1.0,0.0,0.0,0.0
GRID_CBE_06541,Cropland,0.0,0.0,0.0,1.0,0.0,0.0,0.0
GRID_CBE_06542,Cropland,0.0,0.0,0.0,1.0,0.0,0.0,0.0
GRID_CBE_06543,Cropland,0.0,0.0,0.0,1.0,0.0,0.0,0.0
GRID_CBE_06544,Cropland,0.0,0.0,0.0,1.0,0.0,0.0,0.0
GRID_CBE_06545,Cropland,0.0,0.0,0.0,1.0,0.0,0.0,0.0
GRID_CBE_06546,Cropland,0.0,0.0,0.0,1.0,0.0,0.0,0.0
GRID_CBE_06547,Cropland,0.0,0.0,0.0,1.0,0.0,0.0,0.0
GRID_CBE_06548,Cropland,0.0,0.0,0.0,1.0,0.0,0.0,0.0
GRID_CBE_06549,Cropland,0.0,0.0,0.0,1.0,0.0,0.0,0.0
GRID_CBE_06550,Cropland,0.0,0.0,0.0,1.0,0.0,0.0,0.0
GRID_CBE_06551,Cropland,0.0,0.0,0.0,1.0,0.0,0.0,0.0
GRID_CBE_06552,Cropland,0.0,0.0,0.0,1.0,0.0,0.0,0.0
GRID_CBE_06553,Shrubland,0.0,1.0,0.0,0.0,0.0,0.0,0.0
GRID_CBE_06554,Shrubland,0.0,1.0,0.0,0.0,0.0,0.0,0.0
GRID_CBE_06555,Shrubland,0.0,1.0,0.0,0.0,0.0,0.0,0.0
GRID_CBE_06556,Shrubland,0.0,1.0,0.0,0.0,0.0,0.0,0.0
GRID_CBE_06557,Shrubland,0.0,1.0,0.0,0.0,0.0,0.0,0.0
GRID_CBE_06558,Shrubland,0.0,1.0,0.0,0.0,0.0,0.0,0.0
GRID_CBE_06559,Shrubland,0.0,1.0,0.0,0.0,0.0,0.0,0.0
GRID_CBE_06560,Shrubland,0.0,1.0,0.0,0.0,0.0,0.0,0.0
GRID_CBE_06561,Shrubland,0.0,1.0,0.0,0.0,0.0,0.0,0.0
GRID_CBE_06562,Shrubland,0.0,1.0,0.0,0.0,0.0,0.0,0.0
GRID_CBE_06563,Shrubland,0.0,1.0,0.0,0.0,0.0,0.0,0.0
GRID_CBE_06564,Shrubland,0.0,1.0,0.0,0.0,0.0,0.0,0.0
GRID_CBE_06565,Shrubland,0.0,1.0,0.0,0.0,0.0,0.0,0.0
GRID_CBE_06566,Shrubland,0.0,1.0,0.0,0.0,0.0,0.0,0.0
GRID_CBE_06567,Shrubland,0.0,1.0,0.0,0.0,0.0,0.0,0.0
GRID_CBE_06568,Shrubland,0.0,1.0,0.0,0.0,0.0,0.0,0.0
GRID_CBE_06569,Shrubland,0.0,1.0,0.0,0.0,0.0,0.0,0.0
GRID_CBE_06570,Shrubland,0.0,1.0,0.0,0.0,0.0,0.0,0.0
GRID_CBE_06571,Shrubland,0.0,1.0,0.0,0.0,0.0,0.0,0.0
GRID_CBE_06572,Shrubland,0.0,1.0,0.0,0.0,0.0,0.0,0.0
GRID_CBE_06573,Shrubland,0.0,1.0,0.0,0.0,0.0,0.0,0.0
GRID_CBE_06574,Shrubland,0.0,1.0,0.0,0.0,0.0,0.0,0.0
GRID_CBE_06575,Shrubland,0.0,1.0,0.0,0.0,0.0,0.0,0.0
GRID_CBE_06576,Shrubland,0.0,1.0,0.0,0.0,0.0,0.0,0.0
GRID_CBE_06577,Shrubland,0.0,1.0,0.0,0.0,0.0,0.0,0.0
GRID_CBE_06578,Shrubland,0.0,1.0,0.0,0.0,0.0,0.0,0.0
GRID_CBE_06579,Shrubland,0.0,1.0,0.0,0.0,0.0,0.0,0.0
GRID_CBE_06580,Shrubland,0.0,1.0,0.0,0.0,0.0,0.0,0.0
GRID_CBE_06581,Shrubland,0.0,1.0,0.0,0.0,0.0,0.0,0.0
GRID_CBE_06582,Shrubland,0.0,1.0,0.0,0.0,0.0,0.0,0.0
GRID_CBE_06583,Shrubland,0.0,0.8182,0.0,0.1818,0.0,0.0,0.0
GRID_CBE_06584,Cropland,0.0,0.4545,0.0,0.5455,0.0,0.0,0.0
GRID_CBE_06585,Cropland,0.0,0.0909,0.0,0.9091,0.0,0.0,0.0
GRID_CBE_06586,Cropland,0.0,0.0,0.0,1.0,0.0,0.0,0.0
GRID_CBE_06587,Cropland,0.0,0.0,0.0,1.0,0.0,0.0,0.0
GRID_CBE_06588,Cropland,0.0,0.0,0.0,0.9256,0.0744,0.0,0.0
GRID_CBE_06589,Cropland,0.0,0.0,0.0,0.7769,0.2231,0.0,0.0
GRID_CBE_06590,Cropland,0.0,0.0,0.0,0.5785,0.4215,0.0,0.0
GRID_CBE_06591,Built-up,0.0,0.0,0.0,0.4463,0.5537,0.0,0.0
GRID_CBE_06592,Built-up,0.0,0.0,0.0,0.3802,0.6198,0.0,0.0
GRID_CBE_06593,Built-up,0.0,0.0,0.0,0.3719,0.6281,0.0,0.0
GRID_CBE_06594,Built-up,0.0,0.0,0.0,0.4215,0.5785,0.0,0.0
GRID_CBE_06595,Cropland,0.0,0.0,0.0,0.5207,0.4793,0.0,0.0
GRID_CBE_06596,Cropland,0.0,0.0,0.0,0.7851,0.2149,0.0,0.0
GRID_CBE_06597,Cropland,0.0,0.0,0.0,0.9256,0.0744,0.0,0.0
GRID_CBE_06598,Cropland,0.0,0.0,0.0,1.0,0.0,0.0,0.0
GRID_CBE_06599,Cropland,0.0,0.0,0.0,1.0,0.0,0.0,0.0
GRID_CBE_06600,Cropland,0.0,0.0,0.0,1.0,0.0,0.0,0.0
GRID_CBE_06601,Cropland,0.0,0.0,0.0,1.0,0.0,0.0,0.0
GRID_CBE_06602,Cropland,0.0,0.0,0.0,1.0,0.0,0.0,0.0
GRID_CBE_06603,Cropland,0.0,0.0,0.0,1.0,0.0,0.0,0.0
GRID_CBE_06604,Cropland,0.0,0.0,0.0,1.0,0.0,0.0,0.0
GRID_CBE_06605,Cropland,0.0,0.0,0.0,1.0,0.0,0.0,0.0
GRID_CBE_06606,Cropland,0.0,0.0,0.0,1.0,0.0,0.0,0.0
GRID_CBE_06607,Cropland,0.0,0.0,0.0,1.0,0.0,0.0,0.0
GRID_CBE_06608,Cropland,0.0,0.0,0.0,1.0,0.0,0.0,0.0
GRID_CBE_06609,Cropland,0.0,0.0,0.0,1.0,0.0,0.0,0.0
GRID_CBE_06610,Cropland,0.0,0.0,0.0,1.0,0.0,0.0,0.0
GRID_CBE_06611,Cropland,0.0,0.0,0.0,1.0,0.0,0.0,0.0
GRID_CBE_06612,Cropland,0.0,0.0,0.0,1.0,0.0,0.0,0.0
GRID_CBE_06613,Cropland,0.0,0.0,0.0,1.0,0.0,0.0,0.0
GRID_CBE_06614,Cropland,0.0,0.0,0.0,1.0,0.0,0.0,0.0
GRID_CBE_06615,Cropland,0.0,0.0,0.0,1.0,0.0,0.0,0.0
GRID_CBE_06616,Cropland,0.0,0.0,0.0,1.0,0.0,0.0,0.0
GRID_CBE_06617,Cropland,0.0,0.0,0.0,1.0,0.0,0.0,0.0
GRID_CBE_06618,Cropland,0.0,0.0,0.0,1.0,0.0,0.0,0.0
GRID_CBE_06619,Cropland,0.0,0.0,0.0,1.0,0.0,0.0,0.0
GRID_CBE_06620,Cropland,0.0,0.0,0.0,1.0,0.0,0.0,0.0
GRID_CBE_06621,Cropland,0.0,0.0,0.0,1.0,0.0,0.0,0.0
GRID_CBE_06622,Cropland,0.0,0.0,0.0,1.0,0.0,0.0,0.0
GRID_CBE_06623,Cropland,0.0,0.0,0.0,1.0,0.0,0.0,0.0
GRID_CBE_06624,Cropland,0.0,0.0,0.0,1.0,0.0,0.0,0.0
GRID_CBE_06625,Cropland,0.0,0.0,0.0,1.0,0.0,0.0,0.0
GRID_CBE_06626,Cropland,0.0,0.0,0.0,1.0,0.0,0.0,0.0
GRID_CBE_06627,Cropland,0.0,0.0,0.0,1.0,0.0,0.0,0.0
GRID_CBE_06628,Cropland,0.0,0.0,0.0,1.0,0.0,0.0,0.0
GRID_CBE_06629,Cropland,0.0,0.0,0.0,1.0,0.0,0.0,0.0
GRID_CBE_06630,Cropland,0.0,0.0,0.0,1.0,0.0,0.0,0.0
GRID_CBE_06631,Shrubland,0.0,0.8182,0.0,0.0,0.0,0.1818,0.0
GRID_CBE_06632,Shrubland,0.0,0.8182,0.0,0.0,0.0,0.1818,0.0
GRID_CBE_06633,Shrubland,0.0,0.8182,0.0,0.0,0.0,0.1818,0.0
GRID_CBE_06634,Shrubland,0.0,0.8182,0.0,0.0,0.0,0.1818,0.0
GRID_CBE_06635,Shrubland,0.0,0.8182,0.0,0.0,0.0,0.1818,0.0
GRID_CBE_06636,Shrubland,0.0,0.8182,0.0,0.0,0.0,0.1818,0.0
GRID_CBE_06637,Shrubland,0.0,0.8182,0.0,0.0,0.0,0.1818,0.0
GRID_CBE_06638,Shrubland,0.0,0.8182,0.0,0.0,0.0,0.1818,0.0
GRID_CBE_06639,Shrubland,0.0,0.8182,0.0,0.0,0.0,0.1818,0.0
GRID_CBE_06640,Shrubland,0.0,0.8182,0.0,0.0,0.0,0.1818,0.0
GRID_CBE_06641,Shrubland,0.0,0.8182,0.0,0.0,0.0,0.1818,0.0
GRID_CBE_06642,Shrubland,0.0,0.8182,0.0,0.0,0.0,0.1818,0.0
GRID_CBE_06643,Shrubland,0.0,0.8182,0.0,0.0,0.0,0.1818,0.0
GRID_CBE_06644,Shrubland,0.0,0.8182,0.0,0.0,0.0,0.1818,0.0
GRID_CBE_06645,Shrubland,0.0,0.8182,0.0,0.0,0.0,0.1818,0.0
GRID_CBE_06646,Shrubland,0.0,0.8182,0.0,0.0,0.0,0.1818,0.0
GRID_CBE_06647,Shrubland,0.0,0.8182,0.0,0.0,0.0,0.1818,0.0
GRID_CBE_06648,Shrubland,0.0,0.8182,0.0,0.0,0.0,0.1818,0.0
GRID_CBE_06649,Shrubland,0.0,0.8182,0.0,0.0,0.0,0.1818,0.0
GRID_CBE_06650,Shrubland,0.0,0.8182,0.0,0.0,0.0,0.1818,0.0
GRID_CBE_06651,Shrubland,0.0,0.8182,0.0,0.0,0.0,0.1818,0.0
GRID_CBE_06652,Shrubland,0.0,0.8182,0.0,0.0,0.0,0.1818,0.0
GRID_CBE_06653,Shrubland,0.0,0.8182,0.0,0.0,0.0,0.1818,0.0
GRID_CBE_06654,Shrubland,0.0,0.8182,0.0,0.0,0.0,0.1818,0.0
GRID_CBE_06655,Shrubland,0.0,0.8182,0.0,0.0,0.0,0.1818,0.0
GRID_CBE_06656,Shrubland,0.0,0.8182,0.0,0.0,0.0,0.1818,0.0
GRID_CBE_06657,Shrubland,0.0,0.8182,0.0,0.0,0.0,0.1818,0.0
GRID_CBE_06658,Shrubland,0.0,0.8182,0.0,0.0,0.0,0.1818,0.0
GRID_CBE_06659,Shrubland,0.0,0.8182,0.0,0.0,0.0,0.1818,0.0
GRID_CBE_06660,Shrubland,0.0,0.8182,0.0,0.0,0.0,0.1818,0.0
GRID_CBE_06661,Shrubland,0.0,0.6694,0.0,0.1488,0.0,0.1818,0.0
GRID_CBE_06662,Cropland,0.0,0.3719,0.0,0.4463,0.0,0.1818,0.0
GRID_CBE_06663,Cropland,0.0,0.0744,0.0,0.7438,0.0,0.1818,0.0
GRID_CBE_06664,Cropland,0.0,0.0,0.0,0.8182,0.0,0.1818,0.0
GRID_CBE_06665,Cropland,0.0,0.0,0.0,0.7934,0.0248,0.1818,0.0
GRID_CBE_06666,Cropland,0.0,0.0,0.0,0.7025,0.1157,0.1818,0.0
GRID_CBE_06667,Cropland,0.0,0.0,0.0,0.5207,0.2975,0.1818,0.0
GRID_CBE_06668,Built-up,0.0,0.0,0.0,0.3058,0.5124,0.1818,0.0
GRID_CBE_06669,Built-up,0.0,0.0,0.0,0.1736,0.6446,0.1818,0.0
GRID_CBE_06670,Built-up,0.0,0.0,0.0,0.1074,0.7107,0.1818,0.0001
GRID_CBE_06671,Built-up,0.0,0.0,0.0,0.0992,0.719,0.1818,0.0
GRID_CBE_06672,Built-up,0.0,0.0,0.0,0.1488,0.6694,0.1818,0.0
GRID_CBE_06673,Built-up,0.0,0.0,0.0,0.2479,0.5702,0.1818,0.0001
GRID_CBE_06674,Cropland,0.0,0.0,0.0,0.4463,0.3719,0.1818,0.0
GRID_CBE_06675,Cropland,0.0,0.0,0.0,0.7438,0.1653,0.0909,0.0
GRID_CBE_06676,Cropland,0.0,0.0,0.0,0.8843,0.0248,0.0909,0.0
GRID_CBE_06677,Cropland,0.0,0.0,0.0,0.9091,0.0,0.0909,0.0
GRID_CBE_06678,Cropland,0.0,0.0,0.0,0.9091,0.0,0.0909,0.0
GRID_CBE_06679,Cropland,0.0,0.0,0.0,0.9091,0.0,0.0909,0.0
GRID_CBE_06680,Cropland,0.0,0.0,0.0,0.9091,0.0,0.0909,0.0
GRID_CBE_06681,Cropland,0.0,0.0,0.0,0.9091,0.0,0.0909,0.0
GRID_CBE_06682,Cropland,0.0,0.0,0.0,0.9091,0.0,0.0909,0.0
GRID_CBE_06683,Cropland,0.0,0.0,0.0,0.9091,0.0,0.0909,0.0
GRID_CBE_06684,Cropland,0.0,0.0,0.0,0.9091,0.0,0.0909,0.0
GRID_CBE_06685,Cropland,0.0,0.0,0.0,0.9091,0.0,0.0909,0.0
GRID_CBE_06686,Cropland,0.0,0.0,0.0,0.9091,0.0,0.0909,0.0
GRID_CBE_06687,Cropland,0.0,0.0,0.0,0.9091,0.0,0.0909,0.0
GRID_CBE_06688,Cropland,0.0,0.0,0.0,0.9091,0.0,0.0909,0.0
GRID_CBE_06689,Cropland,0.0,0.0,0.0,0.9091,0.0,0.0909,0.0
GRID_CBE_06690,Cropland,0.0,0.0,0.0,0.9091,0.0,0.0909,0.0
GRID_CBE_06691,Cropland,0.0,0.0,0.0,0.9091,0.0,0.0909,0.0
GRID_CBE_06692,Cropland,0.0,0.0,0.0,0.9091,0.0,0.0909,0.0
GRID_CBE_06693,Cropland,0.0,0.0,0.0,0.9091,0.0,0.0909,0.0
GRID_CBE_06694,Cropland,0.0,0.0,0.0,0.9091,0.0,0.0909,0.0
GRID_CBE_06695,Cropland,0.0,0.0,0.0,0.9091,0.0,0.0909,0.0
GRID_CBE_06696,Cropland,0.0,0.0,0.0,0.9091,0.0,0.0909,0.0
GRID_CBE_06697,Cropland,0.0,0.0,0.0,0.9091,0.0,0.0909,0.0
GRID_CBE_06698,Cropland,0.0,0.0,0.0,0.9091,0.0,0.0909,0.0
GRID_CBE_06699,Cropland,0.0,0.0,0.0,0.9091,0.0,0.0909,0.0
GRID_CBE_06700,Cropland,0.0,0.0,0.0,0.9091,0.0,0.0909,0.0
GRID_CBE_06701,Cropland,0.0,0.0,0.0,0.9091,0.0,0.0909,0.0
GRID_CBE_06702,Cropland,0.0,0.0,0.0,0.9091,0.0,0.0909,0.0
GRID_CBE_06703,Cropland,0.0,0.0,0.0,0.9091,0.0,0.0909,0.0
GRID_CBE_06704,Cropland,0.0,0.0,0.0,0.9091,0.0,0.0909,0.0
GRID_CBE_06705,Cropland,0.0,0.0,0.0,0.9091,0.0,0.0909,0.0
GRID_CBE_06706,Cropland,0.0,0.0,0.0,0.9091,0.0,0.0909,0.0
GRID_CBE_06707,Cropland,0.0,0.0,0.0,0.9091,0.0,0.0909,0.0
GRID_CBE_06708,Cropland,0.0,0.0,0.0,0.9091,0.0,0.0909,0.0
GRID_CBE_06709,Shrubland,0.0,0.6364,0.0,0.0,0.0,0.3636,0.0
GRID_CBE_06710,Shrubland,0.0,0.6364,0.0,0.0,0.0,0.3636,0.0
GRID_CBE_06711,Shrubland,0.0,0.6364,0.0,0.0,0.0,0.3636,0.0
GRID_CBE_06712,Shrubland,0.0,0.6364,0.0,0.0,0.0,0.3636,0.0
GRID_CBE_06713,Shrubland,0.0,0.6364,0.0,0.0,0.0,0.3636,0.0
GRID_CBE_06714,Shrubland,0.0,0.6364,0.0,0.0,0.0,0.3636,0.0
GRID_CBE_06715,Shrubland,0.0,0.6364,0.0,0.0,0.0,0.3636,0.0
GRID_CBE_06716,Shrubland,0.0,0.6364,0.0,0.0,0.0,0.3636,0.0
GRID_CBE_06717,Shrubland,0.0,0.6364,0.0,0.0,0.0,0.3636,0.0
GRID_CBE_06718,Shrubland,0.0,0.6364,0.0,0.0,0.0,0.3636,0.0
GRID_CBE_06719,Shrubland,0.0,0.6364,0.0,0.0,0.0,0.3636,0.0
GRID_CBE_06720,Shrubland,0.0,0.6364,0.0,0.0,0.0,0.3636,0.0
GRID_CBE_06721,Shrubland,0.0,0.6364,0.0,0.0,0.0,0.3636,0.0
GRID_CBE_06722,Shrubland,0.0,0.6364,0.0,0.0,0.0,0.3636,0.0
GRID_CBE_06723,Shrubland,0.0,0.6364,0.0,0.0,0.0,0.3636,0.0
GRID_CBE_06724,Shrubland,0.0,0.6364,0.0,0.0,0.0,0.3636,0.0
GRID_CBE_06725,Shrubland,0.0,0.6364,0.0,0.0,0.0,0.3636,0.0
GRID_CBE_06726,Shrubland,0.0,0.6364,0.0,0.0,0.0,0.3636,0.0
GRID_CBE_06727,Shrubland,0.0,0.6364,0.0,0.0,0.0,0.3636,0.0
GRID_CBE_06728,Shrubland,0.0,0.6364,0.0,0.0,0.0,0.3636,0.0
GRID_CBE_06729,Shrubland,0.0,0.6364,0.0,0.0,0.0,0.3636,0.0
GRID_CBE_06730,Shrubland,0.0,0.6364,0.0,0.0,0.0,0.3636,0.0
GRID_CBE_06731,Shrubland,0.0,0.6364,0.0,0.0,0.0,0.3636,0.0
GRID_CBE_06732,Shrubland,0.0,0.6364,0.0,0.0,0.0,0.3636,0.0
GRID_CBE_06733,Shrubland,0.0,0.6364,0.0,0.0,0.0,0.3636,0.0
GRID_CBE_06734,Shrubland,0.0,0.6364,0.0,0.0,0.0,0.3636,0.0
GRID_CBE_06735,Shrubland,0.0,0.6364,0.0,0.0,0.0,0.3636,0.0
GRID_CBE_06736,Shrubland,0.0,0.6364,0.0,0.0,0.0,0.3636,0.0
GRID_CBE_06737,Shrubland,0.0,0.6364,0.0,0.0,0.0,0.3636,0.0
GRID_CBE_06738,Shrubland,0.0,0.6364,0.0,0.0,0.0,0.3636,0.0
GRID_CBE_06739,Shrubland,0.0,0.5207,0.0,0.1157,0.0,0.3636,0.0
GRID_CBE_06740,Water,0.0,0.2893,0.0,0.3471,0.0,0.3636,0.0
GRID_CBE_06741,Cropland,0.0,0.0579,0.0,0.5785,0.0,0.3636,0.0
GRID_CBE_06742,Cropland,0.0,0.0,0.0,0.6364,0.0,0.3636,0.0
GRID_CBE_06743,Cropland,0.0,0.0,0.0,0.5785,0.0579,0.3636,0.0
GRID_CBE_06744,Cropland,0.0,0.0,0.0,0.4628,0.1736,0.3636,0.0
GRID_CBE_06745,Built-up,0.0,0.0,0.0,0.2479,0.3884,0.3636,0.0001
GRID_CBE_06746,Built-up,0.0,0.0,0.0,0.0744,0.562,0.3636,0.0
GRID_CBE_06747,Built-up,0.0,0.0,0.0,0.0083,0.6281,0.3636,0.0
GRID_CBE_06748,Built-up,0.0,0.0,0.0,0.0,0.6364,0.3636,0.0
GRID_CBE_06749,Built-up,0.0,0.0,0.0,0.0,0.6364,0.3636,0.0
GRID_CBE_06750,Built-up,0.0,0.0,0.0,0.0,0.6364,0.3636,0.0
GRID_CBE_06751,Built-up,0.0,0.0,0.0,0.0331,0.6033,0.3636,0.0
GRID_CBE_06752,Built-up,0.0,0.0,0.0,0.1818,0.4545,0.3636,0.0001
GRID_CBE_06753,Cropland,0.0,0.0,0.0,0.3967,0.2397,0.3636,0.0
GRID_CBE_06754,Cropland,0.0,0.0,0.0,0.6116,0.0248,0.3636,0.0
GRID_CBE_06755,Cropland,0.0,0.0,0.0,0.6364,0.0,0.3636,0.0
GRID_CBE_06756,Cropland,0.0,0.0,0.0,0.6364,0.0,0.3636,0.0
GRID_CBE_06757,Cropland,0.0,0.0,0.0,0.6364,0.0,0.3636,0.0
GRID_CBE_06758,Cropland,0.0,0.0,0.0,0.6364,0.0,0.3636,0.0
GRID_CBE_06759,Cropland,0.0,0.0,0.0,0.6364,0.0,0.3636,0.0
GRID_CBE_06760,Cropland,0.0,0.0,0.0,0.6364,0.0,0.3636,0.0
GRID_CBE_06761,Cropland,0.0,0.0,0.0,0.6364,0.0,0.3636,0.0
GRID_CBE_06762,Cropland,0.0,0.0,0.0,0.6364,0.0,0.3636,0.0
GRID_CBE_06763,Cropland,0.0,0.0,0.0,0.6364,0.0,0.3636,0.0
GRID_CBE_06764,Cropland,0.0,0.0,0.0,0.6364,0.0,0.3636,0.0
GRID_CBE_06765,Cropland,0.0,0.0,0.0,0.6364,0.0,0.3636,0.0
GRID_CBE_06766,Cropland,0.0,0.0,0.0,0.6364,0.0,0.3636,0.0
GRID_CBE_06767,Cropland,0.0,0.0,0.0,0.6364,0.0,0.3636,0.0
GRID_CBE_06768,Cropland,0.0,0.0,0.0,0.6364,0.0,0.3636,0.0
GRID_CBE_06769,Cropland,0.0,0.0,0.0,0.6364,0.0,0.3636,0.0
GRID_CBE_06770,Cropland,0.0,0.0,0.0,0.6364,0.0,0.3636,0.0
GRID_CBE_06771,Cropland,0.0,0.0,0.0,0.6364,0.0,0.3636,0.0
GRID_CBE_06772,Cropland,0.0,0.0,0.0,0.6364,0.0,0.3636,0.0
GRID_CBE_06773,Cropland,0.0,0.0,0.0,0.6364,0.0,0.3636,0.0
GRID_CBE_06774,Cropland,0.0,0.0,0.0,0.6364,0.0,0.3636,0.0
GRID_CBE_06775,Cropland,0.0,0.0,0.0,0.6364,0.0,0.3636,0.0
GRID_CBE_06776,Cropland,0.0,0.0,0.0,0.6364,0.0,0.3636,0.0
GRID_CBE_06777,Cropland,0.0,0.0,0.0,0.6364,0.0,0.3636,0.0
GRID_CBE_06778,Cropland,0.0,0.0,0.0,0.6364,0.0,0.3636,0.0
GRID_CBE_06779,Cropland,0.0,0.0,0.0,0.6364,0.0,0.3636,0.0
GRID_CBE_06780,Cropland,0.0,0.0,0.0,0.6364,0.0,0.3636,0.0
GRID_CBE_06781,Cropland,0.0,0.0,0.0,0.6364,0.0,0.3636,0.0
GRID_CBE_06782,Cropland,0.0,0.0,0.0,0.6364,0.0,0.3636,0.0
GRID_CBE_06783,Cropland,0.0,0.0,0.0,0.6364,0.0,0.3636,0.0
GRID_CBE_06784,Cropland,0.0,0.0,0.0,0.6364,0.0,0.3636,0.0
GRID_CBE_06785,Cropland,0.0,0.0,0.0,0.6364,0.0,0.3636,0.0
GRID_CBE_06786,Cropland,0.0,0.0,0.0,0.6364,0.0,0.3636,0.0
GRID_CBE_06787,Shrubland,0.0,0.6364,0.0,0.0,0.0,0.3636,0.0
GRID_CBE_06788,Shrubland,0.0,0.6364,0.0,0.0,0.0,0.3636,0.0
GRID_CBE_06789,Shrubland,0.0,0.6364,0.0,0.0,0.0,0.3636,0.0
GRID_CBE_06790,Shrubland,0.0,0.6364,0.0,0.0,0.0,0.3636,0.0
GRID_CBE_06791,Shrubland,0.0,0.6364,0.0,0.0,0.0,0.3636,0.0
GRID_CBE_06792,Shrubland,0.0,0.6364,0.0,0.0,0.0,0.3636,0.0
GRID_CBE_06793,Shrubland,0.0,0.6364,0.0,0.0,0.0,0.3636,0.0
GRID_CBE_06794,Shrubland,0.0,0.6364,0.0,0.0,0.0,0.3636,0.0
GRID_CBE_06795,Shrubland,0.0,0.6364,0.0,0.0,0.0,0.3636,0.0
GRID_CBE_06796,Shrubland,0.0,0.6364,0.0,0.0,0.0,0.3636,0.0
GRID_CBE_06797,Shrubland,0.0,0.6364,0.0,0.0,0.0,0.3636,0.0
GRID_CBE_06798,Shrubland,0.0,0.6364,0.0,0.0,0.0,0.3636,0.0
GRID_CBE_06799,Shrubland,0.0,0.6364,0.0,0.0,0.0,0.3636,0.0
GRID_CBE_06800,Shrubland,0.0,0.6364,0.0,0.0,0.0,0.3636,0.0
GRID_CBE_06801,Shrubland,0.0,0.6364,0.0,0.0,0.0,0.3636,0.0
GRID_CBE_06802,Shrubland,0.0,0.6364,0.0,0.0,0.0,0.3636,0.0
GRID_CBE_06803,Shrubland,0.0,0.6364,0.0,0.0,0.0,0.3636,0.0
GRID_CBE_06804,Shrubland,0.0,0.6364,0.0,0.0,0.0,0.3636,0.0
GRID_CBE_06805,Shrubland,0.0,0.6364,0.0,0.0,0.0,0.3636,0.0
GRID_CBE_06806,Shrubland,0.0,0.6364,0.0,0.0,0.0,0.3636,0.0
GRID_CBE_06807,Shrubland,0.0,0.6364,0.0,0.0,0.0,0.3636,0.0
GRID_CBE_06808,Shrubland,0.0,0.6364,0.0,0.0,0.0,0.3636,0.0
GRID_CBE_06809,Shrubland,0.0,0.6364,0.0,0.0,0.0,0.3636,0.0
GRID_CBE_06810,Shrubland,0.0,0.6364,0.0,0.0,0.0,0.3636,0.0
GRID_CBE_06811,Shrubland,0.0,0.6364,0.0,0.0,0.0,0.3636,0.0
GRID_CBE_06812,Shrubland,0.0,0.6364,0.0,0.0,0.0,0.3636,0.0
GRID_CBE_06813,Shrubland,0.0,0.6364,0.0,0.0,0.0,0.3636,0.0
GRID_CBE_06814,Shrubland,0.0,0.6364,0.0,0.0,0.0,0.3636,0.0
GRID_CBE_06815,Shrubland,0.0,0.6364,0.0,0.0,0.0,0.3636,0.0
GRID_CBE_06816,Shrubland,0.0,0.6364,0.0,0.0,0.0,0.3636,0.0
GRID_CBE_06817,Shrubland,0.0,0.5207,0.0,0.1157,0.0,0.3636,0.0
GRID_CBE_06818,Water,0.0,0.2893,0.0,0.3471,0.0,0.3636,0.0
GRID_CBE_06819,Cropland,0.0,0.0579,0.0,0.5785,0.0,0.3636,0.0
GRID_CBE_06820,Cropland,0.0,0.0,0.0,0.6116,0.0248,0.3636,0.0
GRID_CBE_06821,Cropland,0.0,0.0,0.0,0.4545,0.1818,0.3636,0.0001
GRID_CBE_06822,Water,0.0,0.0,0.0,0.281,0.3554,0.3636,0.0
GRID_CBE_06823,Built-up,0.0,0.0,0.0,0.0744,0.562,0.3636,0.0
GRID_CBE_06824,Built-up,0.0,0.0,0.0,0.0,0.6364,0.3636,0.0
GRID_CBE_06825,Built-up,0.0,0.0,0.0,0.0,0.6364,0.3636,0.0
GRID_CBE_06826,Built-up,0.0,0.0,0.0,0.0,0.6364,0.3636,0.0
GRID_CBE_06827,Built-up,0.0,0.0,0.0,0.0,0.6364,0.3636,0.0
GRID_CBE_06828,Built-up,0.0,0.0,0.0,0.0,0.6364,0.3636,0.0
GRID_CBE_06829,Built-up,0.0,0.0,0.0,0.0,0.6364,0.3636,0.0
GRID_CBE_06830,Built-up,0.0,0.0,0.0,0.0496,0.5868,0.3636,0.0
GRID_CBE_06831,Built-up,0.0,0.0,0.0,0.2066,0.4298,0.3636,0.0
GRID_CBE_06832,Cropland,0.0,0.0,0.0,0.4876,0.1488,0.3636,0.0
GRID_CBE_06833,Cropland,0.0,0.0,0.0,0.6116,0.0248,0.3636,0.0
GRID_CBE_06834,Cropland,0.0,0.0,0.0,0.6364,0.0,0.3636,0.0
GRID_CBE_06835,Cropland,0.0,0.0,0.0,0.6364,0.0,0.3636,0.0
GRID_CBE_06836,Cropland,0.0,0.0,0.0,0.6364,0.0,0.3636,0.0
GRID_CBE_06837,Cropland,0.0,0.0,0.0,0.6364,0.0,0.3636,0.0
GRID_CBE_06838,Cropland,0.0,0.0,0.0,0.6364,0.0,0.3636,0.0
GRID_CBE_06839,Cropland,0.0,0.0,0.0,0.6364,0.0,0.3636,0.0
GRID_CBE_06840,Cropland,0.0,0.0,0.0,0.6364,0.0,0.3636,0.0
GRID_CBE_06841,Cropland,0.0,0.0,0.0,0.6364,0.0,0.3636,0.0
GRID_CBE_06842,Cropland,0.0,0.0,0.0,0.6364,0.0,0.3636,0.0
GRID_CBE_06843,Cropland,0.0,0.0,0.0,0.6364,0.0,0.3636,0.0
GRID_CBE_06844,Cropland,0.0,0.0,0.0,0.6364,0.0,0.3636,0.0
GRID_CBE_06845,Cropland,0.0,0.0,0.0,0.6364,0.0,0.3636,0.0
GRID_CBE_06846,Cropland,0.0,0.0,0.0,0.6364,0.0,0.3636,0.0
GRID_CBE_06847,Cropland,0.0,0.0,0.0,0.6364,0.0,0.3636,0.0
GRID_CBE_06848,Cropland,0.0,0.0,0.0,0.6364,0.0,0.3636,0.0
GRID_CBE_06849,Cropland,0.0,0.0,0.0,0.6364,0.0,0.3636,0.0
GRID_CBE_06850,Cropland,0.0,0.0,0.0,0.6364,0.0,0.3636,0.0
GRID_CBE_06851,Cropland,0.0,0.0,0.0,0.6364,0.0,0.3636,0.0
GRID_CBE_06852,Cropland,0.0,0.0,0.0,0.6364,0.0,0.3636,0.0
GRID_CBE_06853,Cropland,0.0,0.0,0.0,0.6364,0.0,0.3636,0.0
GRID_CBE_06854,Cropland,0.0,0.0,0.0,0.6364,0.0,0.3636,0.0
GRID_CBE_06855,Cropland,0.0,0.0,0.0,0.6364,0.0,0.3636,0.0
GRID_CBE_06856,Cropland,0.0,0.0,0.0,0.6364,0.0,0.3636,0.0
GRID_CBE_06857,Cropland,0.0,0.0,0.0,0.6364,0.0,0.3636,0.0
GRID_CBE_06858,Cropland,0.0,0.0,0.0,0.6364,0.0,0.3636,0.0
GRID_CBE_06859,Cropland,0.0,0.0,0.0,0.6364,0.0,0.3636,0.0
GRID_CBE_06860,Cropland,0.0,0.0,0.0,0.6364,0.0,0.3636,0.0
GRID_CBE_06861,Cropland,0.0,0.0,0.0,0.6364,0.0,0.3636,0.0
GRID_CBE_06862,Cropland,0.0,0.0,0.0,0.6364,0.0,0.3636,0.0
GRID_CBE_06863,Cropland,0.0,0.0,0.0,0.6364,0.0,0.3636,0.0
GRID_CBE_06864,Cropland,0.0,0.0,0.0,0.6364,0.0,0.3636,0.0
GRID_CBE_06865,Shrubland,0.0,0.6364,0.0,0.0,0.0,0.3636,0.0
GRID_CBE_06866,Shrubland,0.0,0.6364,0.0,0.0,0.0,0.3636,0.0
GRID_CBE_06867,Shrubland,0.0,0.6364,0.0,0.0,0.0,0.3636,0.0
GRID_CBE_06868,Shrubland,0.0,0.6364,0.0,0.0,0.0,0.3636,0.0
GRID_CBE_06869,Shrubland,0.0,0.6364,0.0,0.0,0.0,0.3636,0.0
GRID_CBE_06870,Shrubland,0.0,0.6364,0.0,0.0,0.0,0.3636,0.0
GRID_CBE_06871,Shrubland,0.0,0.6364,0.0,0.0,0.0,0.3636,0.0
GRID_CBE_06872,Shrubland,0.0,0.6364,0.0,0.0,0.0,0.3636,0.0
GRID_CBE_06873,Shrubland,0.0,0.6364,0.0,0.0,0.0,0.3636,0.0
GRID_CBE_06874,Shrubland,0.0,0.6364,0.0,0.0,0.0,0.3636,0.0
GRID_CBE_06875,Shrubland,0.0,0.6364,0.0,0.0,0.0,0.3636,0.0
GRID_CBE_06876,Shrubland,0.0,0.6364,0.0,0.0,0.0,0.3636,0.0
GRID_CBE_06877,Shrubland,0.0,0.6364,0.0,0.0,0.0,0.3636,0.0
GRID_CBE_06878,Shrubland,0.0,0.6364,0.0,0.0,0.0,0.3636,0.0
GRID_CBE_06879,Shrubland,0.0,0.6364,0.0,0.0,0.0,0.3636,0.0
GRID_CBE_06880,Shrubland,0.0,0.6364,0.0,0.0,0.0,0.3636,0.0
GRID_CBE_06881,Shrubland,0.0,0.6364,0.0,0.0,0.0,0.3636,0.0
GRID_CBE_06882,Shrubland,0.0,0.6364,0.0,0.0,0.0,0.3636,0.0
GRID_CBE_06883,Shrubland,0.0,0.6364,0.0,0.0,0.0,0.3636,0.0
GRID_CBE_06884,Shrubland,0.0,0.6364,0.0,0.0,0.0,0.3636,0.0
GRID_CBE_06885,Shrubland,0.0,0.6364,0.0,0.0,0.0,0.3636,0.0
GRID_CBE_06886,Shrubland,0.0,0.6364,0.0,0.0,0.0,0.3636,0.0
GRID_CBE_06887,Shrubland,0.0,0.6364,0.0,0.0,0.0,0.3636,0.0
GRID_CBE_06888,Shrubland,0.0,0.6364,0.0,0.0,0.0,0.3636,0.0
GRID_CBE_06889,Shrubland,0.0,0.6364,0.0,0.0,0.0,0.3636,0.0
GRID_CBE_06890,Shrubland,0.0,0.6364,0.0,0.0,0.0,0.3636,0.0
GRID_CBE_06891,Shrubland,0.0,0.6364,0.0,0.0,0.0,0.3636,0.0
GRID_CBE_06892,Shrubland,0.0,0.6364,0.0,0.0,0.0,0.3636,0.0
GRID_CBE_06893,Shrubland,0.0,0.6364,0.0,0.0,0.0,0.3636,0.0
GRID_CBE_06894,Shrubland,0.0,0.6364,0.0,0.0,0.0,0.3636,0.0
GRID_CBE_06895,Shrubland,0.0,0.5207,0.0,0.1157,0.0,0.3636,0.0
GRID_CBE_06896,Water,0.0,0.2893,0.0,0.3471,0.0,0.3636,0.0
GRID_CBE_06897,Cropland,0.0,0.0579,0.0,0.5785,0.0,0.3636,0.0
GRID_CBE_06898,Cropland,0.0,0.0,0.0,0.5868,0.0496,0.3636,0.0
GRID_CBE_06899,Water,0.0,0.0,0.0,0.3554,0.281,0.3636,0.0
GRID_CBE_06900,Built-up,0.0,0.0,0.0,0.1818,0.4545,0.3636,0.0001
GRID_CBE_06901,Built-up,0.0,0.0,0.0,0.0,0.6364,0.3636,0.0
GRID_CBE_06902,Built-up,0.0,0.0,0.0,0.0,0.6364,0.3636,0.0
GRID_CBE_06903,Built-up,0.0,0.0,0.0,0.0,0.6364,0.3636,0.0
GRID_CBE_06904,Built-up,0.0,0.0,0.0,0.0,0.6364,0.3636,0.0
GRID_CBE_06905,Built-up,0.0,0.0,0.0,0.0,0.6364,0.3636,0.0
GRID_CBE_06906,Built-up,0.0,0.0,0.0,0.0,0.6364,0.3636,0.0
GRID_CBE_06907,Built-up,0.0,0.0,0.0,0.0,0.6364,0.3636,0.0
GRID_CBE_06908,Built-up,0.0,0.0,0.0,0.0,0.6364,0.3636,0.0
GRID_CBE_06909,Built-up,0.0,0.0,0.0,0.0909,0.5455,0.3636,0.0
GRID_CBE_06910,Water,0.0,0.0,0.0,0.3223,0.314,0.3636,0.0001
GRID_CBE_06911,Cropland,0.0,0.0,0.0,0.562,0.0744,0.3636,0.0
GRID_CBE_06912,Cropland,0.0,0.0,0.0,0.6364,0.0,0.3636,0.0
GRID_CBE_06913,Cropland,0.0,0.0,0.0,0.6364,0.0,0.3636,0.0
GRID_CBE_06914,Cropland,0.0,0.0,0.0,0.6364,0.0,0.3636,0.0
GRID_CBE_06915,Cropland,0.0,0.0,0.0,0.6364,0.0,0.3636,0.0
GRID_CBE_06916,Cropland,0.0,0.0,0.0,0.6364,0.0,0.3636,0.0
GRID_CBE_06917,Cropland,0.0,0.0,0.0,0.6364,0.0,0.3636,0.0
GRID_CBE_06918,Cropland,0.0,0.0,0.0,0.6364,0.0,0.3636,0.0
GRID_CBE_06919,Cropland,0.0,0.0,0.0,0.6364,0.0,0.3636,0.0
GRID_CBE_06920,Cropland,0.0,0.0,0.0,0.6364,0.0,0.3636,0.0
GRID_CBE_06921,Cropland,0.0,0.0,0.0,0.6364,0.0,0.3636,0.0
GRID_CBE_06922,Cropland,0.0,0.0,0.0,0.6364,0.0,0.3636,0.0
GRID_CBE_06923,Cropland,0.0,0.0,0.0,0.6364,0.0,0.3636,0.0
GRID_CBE_06924,Cropland,0.0,0.0,0.0,0.6364,0.0,0.3636,0.0
GRID_CBE_06925,Cropland,0.0,0.0,0.0,0.6364,0.0,0.3636,0.0
GRID_CBE_06926,Cropland,0.0,0.0,0.0,0.6364,0.0,0.3636,0.0
GRID_CBE_06927,Cropland,0.0,0.0,0.0,0.6364,0.0,0.3636,0.0
GRID_CBE_06928,Cropland,0.0,0.0,0.0,0.6364,0.0,0.3636,0.0
GRID_CBE_06929,Cropland,0.0,0.0,0.0,0.6364,0.0,0.3636,0.0
GRID_CBE_06930,Cropland,0.0,0.0,0.0,0.6364,0.0,0.3636,0.0
GRID_CBE_06931,Cropland,0.0,0.0,0.0,0.6364,0.0,0.3636,0.0
GRID_CBE_06932,Cropland,0.0,0.0,0.0,0.6364,0.0,0.3636,0.0
GRID_CBE_06933,Cropland,0.0,0.0,0.0,0.6364,0.0,0.3636,0.0
GRID_CBE_06934,Cropland,0.0,0.0,0.0,0.6364,0.0,0.3636,0.0
GRID_CBE_06935,Cropland,0.0,0.0,0.0,0.6364,0.0,0.3636,0.0
GRID_CBE_06936,Cropland,0.0,0.0,0.0,0.6364,0.0,0.3636,0.0
GRID_CBE_06937,Cropland,0.0,0.0,0.0,0.6364,0.0,0.3636,0.0
GRID_CBE_06938,Cropland,0.0,0.0,0.0,0.6364,0.0,0.3636,0.0
GRID_CBE_06939,Cropland,0.0,0.0,0.0,0.6364,0.0,0.3636,0.0
GRID_CBE_06940,Cropland,0.0,0.0,0.0,0.6364,0.0,0.3636,0.0
GRID_CBE_06941,Cropland,0.0,0.0,0.0,0.6364,0.0,0.3636,0.0
GRID_CBE_06942,Cropland,0.0,0.0,0.0,0.6364,0.0,0.3636,0.0
GRID_CBE_06943,Shrubland,0.0,0.9091,0.0,0.0,0.0,0.0909,0.0
GRID_CBE_06944,Shrubland,0.0,0.9091,0.0,0.0,0.0,0.0909,0.0
GRID_CBE_06945,Shrubland,0.0,0.9091,0.0,0.0,0.0,0.0909,0.0
GRID_CBE_06946,Shrubland,0.0,0.9091,0.0,0.0,0.0,0.0909,0.0
GRID_CBE_06947,Shrubland,0.0,0.9091,0.0,0.0,0.0,0.0909,0.0
GRID_CBE_06948,Shrubland,0.0,0.9091,0.0,0.0,0.0,0.0909,0.0
GRID_CBE_06949,Shrubland,0.0,0.9091,0.0,0.0,0.0,0.0909,0.0
GRID_CBE_06950,Shrubland,0.0,0.9091,0.0,0.0,0.0,0.0909,0.0
GRID_CBE_06951,Shrubland,0.0,0.9091,0.0,0.0,0.0,0.0909,0.0
GRID_CBE_06952,Shrubland,0.0,0.9091,0.0,0.0,0.0,0.0909,0.0
GRID_CBE_06953,Shrubland,0.0,0.9091,0.0,0.0,0.0,0.0909,0.0
GRID_CBE_06954,Shrubland,0.0,0.9091,0.0,0.0,0.0,0.0909,0.0
GRID_CBE_06955,Shrubland,0.0,0.9091,0.0,0.0,0.0,0.0909,0.0
GRID_CBE_06956,Shrubland,0.0,0.9091,0.0,0.0,0.0,0.0909,0.0
GRID_CBE_06957,Shrubland,0.0,0.9091,0.0,0.0,0.0,0.0909,0.0
GRID_CBE_06958,Shrubland,0.0,0.9091,0.0,0.0,0.0,0.0909,0.0
GRID_CBE_06959,Shrubland,0.0,0.9091,0.0,0.0,0.0,0.0909,0.0
GRID_CBE_06960,Shrubland,0.0,0.9091,0.0,0.0,0.0,0.0909,0.0
GRID_CBE_06961,Shrubland,0.0,0.9091,0.0,0.0,0.0,0.0909,0.0
GRID_CBE_06962,Shrubland,0.0,0.9091,0.0,0.0,0.0,0.0909,0.0
GRID_CBE_06963,Shrubland,0.0,0.9091,0.0,0.0,0.0,0.0909,0.0
GRID_CBE_06964,Shrubland,0.0,0.9091,0.0,0.0,0.0,0.0909,0.0
GRID_CBE_06965,Shrubland,0.0,0.9091,0.0,0.0,0.0,0.0909,0.0
GRID_CBE_06966,Shrubland,0.0,0.9091,0.0,0.0,0.0,0.0909,0.0
GRID_CBE_06967,Shrubland,0.0,0.9091,0.0,0.0,0.0,0.0909,0.0
GRID_CBE_06968,Shrubland,0.0,0.9091,0.0,0.0,0.0,0.0909,0.0
GRID_CBE_06969,Shrubland,0.0,0.9091,0.0,0.0,0.0,0.0909,0.0
GRID_CBE_06970,Shrubland,0.0,0.9091,0.0,0.0,0.0,0.0909,0.0
GRID_CBE_06971,Shrubland,0.0,0.9091,0.0,0.0,0.0,0.0909,0.0
GRID_CBE_06972,Shrubland,0.0,0.9091,0.0,0.0,0.0,0.0909,0.0
GRID_CBE_06973,Shrubland,0.0,0.7438,0.0,0.1653,0.0,0.0909,0.0
GRID_CBE_06974,Cropland,0.0,0.4132,0.0,0.4959,0.0,0.0909,0.0
GRID_CBE_06975,Cropland,0.0,0.0826,0.0,0.8264,0.0,0.0909,0.0001
GRID_CBE_06976,Cropland,0.0,0.0,0.0,0.8512,0.0579,0.0909,0.0
GRID_CBE_06977,Cropland,0.0,0.0,0.0,0.5207,0.3884,0.0909,0.0
GRID_CBE_06978,Built-up,0.0,0.0,0.0,0.1901,0.719,0.0909,0.0
GRID_CBE_06979,Built-up,0.0,0.0,0.0,0.0,0.9091,0.0909,0.0
GRID_CBE_06980,Built-up,0.0,0.0,0.0,0.0,0.9091,0.0909,0.0
GRID_CBE_06981,Built-up,0.0,0.0,0.0,0.0,0.9091,0.0909,0.0
GRID_CBE_06982,Built-up,0.0,0.0,0.0,0.0,0.9091,0.0909,0.0
GRID_CBE_06983,Built-up,0.0,0.0,0.0,0.0,0.9091,0.0909,0.0
GRID_CBE_06984,Built-up,0.0,0.0,0.0,0.0,0.9091,0.0909,0.0
GRID_CBE_06985,Built-up,0.0,0.0,0.0,0.0,0.9091,0.0909,0.0
GRID_CBE_06986,Built-up,0.0,0.0,0.0,0.0,0.9091,0.0909,0.0
GRID_CBE_06987,Built-up,0.0,0.0,0.0,0.1405,0.7686,0.0909,0.0
GRID_CBE_06988,Cropland,0.0,0.0,0.0,0.4711,0.438,0.0909,0.0
GRID_CBE_06989,Cropland,0.0,0.0,0.0,0.8017,0.1074,0.0909,0.0
GRID_CBE_06990,Cropland,0.0,0.0,0.0,0.8182,0.0,0.1818,0.0
GRID_CBE_06991,Cropland,0.0,0.0,0.0,0.8182,0.0,0.1818,0.0
GRID_CBE_06992,Cropland,0.0,0.0,0.0,0.8182,0.0,0.1818,0.0
GRID_CBE_06993,Cropland,0.0,0.0,0.0,0.8182,0.0,0.1818,0.0
GRID_CBE_06994,Cropland,0.0,0.0,0.0,0.8182,0.0,0.1818,0.0
GRID_CBE_06995,Cropland,0.0,0.0,0.0,0.8182,0.0,0.1818,0.0
GRID_CBE_06996,Cropland,0.0,0.0,0.0,0.8182,0.0,0.1818,0.0
GRID_CBE_06997,Cropland,0.0,0.0,0.0,0.8182,0.0,0.1818,0.0
GRID_CBE_06998,Cropland,0.0,0.0,0.0,0.8182,0.0,0.1818,0.0
GRID_CBE_06999,Cropland,0.0,0.0,0.0,0.8182,0.0,0.1818,0.0
GRID_CBE_07000,Cropland,0.0,0.0,0.0,0.8182,0.0,0.1818,0.0
GRID_CBE_07001,Cropland,0.0,0.0,0.0,0.8182,0.0,0.1818,0.0
GRID_CBE_07002,Cropland,0.0,0.0,0.0,0.8182,0.0,0.1818,0.0
GRID_CBE_07003,Cropland,0.0,0.0,0.0,0.8182,0.0,0.1818,0.0
GRID_CBE_07004,Cropland,0.0,0.0,0.0,0.8182,0.0,0.1818,0.0
GRID_CBE_07005,Cropland,0.0,0.0,0.0,0.8182,0.0,0.1818,0.0
GRID_CBE_07006,Cropland,0.0,0.0,0.0,0.8182,0.0,0.1818,0.0
GRID_CBE_07007,Cropland,0.0,0.0,0.0,0.8182,0.0,0.1818,0.0
GRID_CBE_07008,Cropland,0.0,0.0,0.0,0.8182,0.0,0.1818,0.0
GRID_CBE_07009,Cropland,0.0,0.0,0.0,0.8182,0.0,0.1818,0.0
GRID_CBE_07010,Cropland,0.0,0.0,0.0,0.8182,0.0,0.1818,0.0
GRID_CBE_07011,Cropland,0.0,0.0,0.0,0.8182,0.0,0.1818,0.0
GRID_CBE_07012,Cropland,0.0,0.0,0.0,0.8182,0.0,0.1818,0.0
GRID_CBE_07013,Cropland,0.0,0.0,0.0,0.8182,0.0,0.1818,0.0
GRID_CBE_07014,Cropland,0.0,0.0,0.0,0.8182,0.0,0.1818,0.0
GRID_CBE_07015,Cropland,0.0,0.0,0.0,0.8182,0.0,0.1818,0.0
GRID_CBE_07016,Cropland,0.0,0.0,0.0,0.8182,0.0,0.1818,0.0
GRID_CBE_07017,Cropland,0.0,0.0,0.0,0.8182,0.0,0.1818,0.0
GRID_CBE_07018,Cropland,0.0,0.0,0.0,0.8182,0.0,0.1818,0.0
GRID_CBE_07019,Cropland,0.0,0.0,0.0,0.8182,0.0,0.1818,0.0
GRID_CBE_07020,Cropland,0.0,0.0,0.0,0.8182,0.0,0.1818,0.0
GRID_CBE_07021,Shrubland,0.0,1.0,0.0,0.0,0.0,0.0,0.0
GRID_CBE_07022,Shrubland,0.0,1.0,0.0,0.0,0.0,0.0,0.0
GRID_CBE_07023,Shrubland,0.0,1.0,0.0,0.0,0.0,0.0,0.0
GRID_CBE_07024,Shrubland,0.0,1.0,0.0,0.0,0.0,0.0,0.0
GRID_CBE_07025,Shrubland,0.0,1.0,0.0,0.0,0.0,0.0,0.0
GRID_CBE_07026,Shrubland,0.0,1.0,0.0,0.0,0.0,0.0,0.0
GRID_CBE_07027,Shrubland,0.0,1.0,0.0,0.0,0.0,0.0,0.0
GRID_CBE_07028,Shrubland,0.0,1.0,0.0,0.0,0.0,0.0,0.0
GRID_CBE_07029,Shrubland,0.0,1.0,0.0,0.0,0.0,0.0,0.0
GRID_CBE_07030,Shrubland,0.0,1.0,0.0,0.0,0.0,0.0,0.0
GRID_CBE_07031,Shrubland,0.0,1.0,0.0,0.0,0.0,0.0,0.0
GRID_CBE_07032,Shrubland,0.0,1.0,0.0,0.0,0.0,0.0,0.0
GRID_CBE_07033,Shrubland,0.0,1.0,0.0,0.0,0.0,0.0,0.0
GRID_CBE_07034,Shrubland,0.0,1.0,0.0,0.0,0.0,0.0,0.0
GRID_CBE_07035,Shrubland,0.0,1.0,0.0,0.0,0.0,0.0,0.0
GRID_CBE_07036,Shrubland,0.0,1.0,0.0,0.0,0.0,0.0,0.0
GRID_CBE_07037,Shrubland,0.0,1.0,0.0,0.0,0.0,0.0,0.0
GRID_CBE_07038,Shrubland,0.0,1.0,0.0,0.0,0.0,0.0,0.0
GRID_CBE_07039,Shrubland,0.0,1.0,0.0,0.0,0.0,0.0,0.0
GRID_CBE_07040,Shrubland,0.0,1.0,0.0,0.0,0.0,0.0,0.0
GRID_CBE_07041,Shrubland,0.0,1.0,0.0,0.0,0.0,0.0,0.0
GRID_CBE_07042,Shrubland,0.0,1.0,0.0,0.0,0.0,0.0,0.0
GRID_CBE_07043,Shrubland,0.0,1.0,0.0,0.0,0.0,0.0,0.0
GRID_CBE_07044,Shrubland,0.0,1.0,0.0,0.0,0.0,0.0,0.0
GRID_CBE_07045,Shrubland,0.0,1.0,0.0,0.0,0.0,0.0,0.0
GRID_CBE_07046,Shrubland,0.0,1.0,0.0,0.0,0.0,0.0,0.0
GRID_CBE_07047,Shrubland,0.0,1.0,0.0,0.0,0.0,0.0,0.0
GRID_CBE_07048,Shrubland,0.0,1.0,0.0,0.0,0.0,0.0,0.0
GRID_CBE_07049,Shrubland,0.0,1.0,0.0,0.0,0.0,0.0,0.0
GRID_CBE_07050,Shrubland,0.0,1.0,0.0,0.0,0.0,0.0,0.0
GRID_CBE_07051,Shrubland,0.0,0.8182,0.0,0.1818,0.0,0.0,0.0
GRID_CBE_07052,Cropland,0.0,0.4545,0.0,0.5455,0.0,0.0,0.0
GRID_CBE_07053,Cropland,0.0,0.0909,0.0,0.9091,0.0,0.0,0.0
GRID_CBE_07054,Cropland,0.0,0.0,0.0,0.9504,0.0496,0.0,0.0
GRID_CBE_07055,Cropland,0.0,0.0,0.0,0.6116,0.3884,0.0,0.0
GRID_CBE_07056,Built-up,0.0,0.0,0.0,0.2479,0.7521,0.0,0.0
GRID_CBE_07057,Built-up,0.0,0.0,0.0,0.0248,0.9752,0.0,0.0
GRID_CBE_07058,Built-up,0.0,0.0,0.0,0.0,1.0,0.0,0.0
GRID_CBE_07059,Built-up,0.0,0.0,0.0,0.0,1.0,0.0,0.0
GRID_CBE_07060,Built-up,0.0,0.0,0.0,0.0,1.0,0.0,0.0
GRID_CBE_07061,Built-up,0.0,0.0,0.0,0.0,1.0,0.0,0.0
GRID_CBE_07062,Built-up,0.0,0.0,0.0,0.0,1.0,0.0,0.0
GRID_CBE_07063,Built-up,0.0,0.0,0.0,0.0,1.0,0.0,0.0
GRID_CBE_07064,Built-up,0.0,0.0,0.0,0.0,1.0,0.0,0.0
GRID_CBE_07065,Built-up,0.0,0.0,0.0,0.1901,0.8099,0.0,0.0
GRID_CBE_07066,Cropland,0.0,0.0,0.0,0.5537,0.4463,0.0,0.0
GRID_CBE_07067,Cropland,0.0,0.0,0.0,0.9091,0.0909,0.0,0.0
GRID_CBE_07068,Cropland,0.0,0.0,0.0,1.0,0.0,0.0,0.0
GRID_CBE_07069,Cropland,0.0,0.0,0.0,1.0,0.0,0.0,0.0
GRID_CBE_07070,Cropland,0.0,0.0,0.0,1.0,0.0,0.0,0.0
GRID_CBE_07071,Cropland,0.0,0.0,0.0,1.0,0.0,0.0,0.0
GRID_CBE_07072,Cropland,0.0,0.0,0.0,1.0,0.0,0.0,0.0
GRID_CBE_07073,Cropland,0.0,0.0,0.0,1.0,0.0,0.0,0.0
GRID_CBE_07074,Cropland,0.0,0.0,0.0,1.0,0.0,0.0,0.0
GRID_CBE_07075,Cropland,0.0,0.0,0.0,1.0,0.0,0.0,0.0
GRID_CBE_07076,Cropland,0.0,0.0,0.0,1.0,0.0,0.0,0.0
GRID_CBE_07077,Cropland,0.0,0.0,0.0,1.0,0.0,0.0,0.0
GRID_CBE_07078,Cropland,0.0,0.0,0.0,1.0,0.0,0.0,0.0
GRID_CBE_07079,Cropland,0.0,0.0,0.0,1.0,0.0,0.0,0.0
GRID_CBE_07080,Cropland,0.0,0.0,0.0,1.0,0.0,0.0,0.0
GRID_CBE_07081,Cropland,0.0,0.0,0.0,1.0,0.0,0.0,0.0
GRID_CBE_07082,Cropland,0.0,0.0,0.0,1.0,0.0,0.0,0.0
GRID_CBE_07083,Cropland,0.0,0.0,0.0,1.0,0.0,0.0,0.0
GRID_CBE_07084,Cropland,0.0,0.0,0.0,1.0,0.0,0.0,0.0
GRID_CBE_07085,Cropland,0.0,0.0,0.0,1.0,0.0,0.0,0.0
GRID_CBE_07086,Cropland,0.0,0.0,0.0,1.0,0.0,0.0,0.0
GRID_CBE_07087,Cropland,0.0,0.0,0.0,1.0,0.0,0.0,0.0
GRID_CBE_07088,Cropland,0.0,0.0,0.0,1.0,0.0,0.0,0.0
GRID_CBE_07089,Cropland,0.0,0.0,0.0,1.0,0.0,0.0,0.0
GRID_CBE_07090,Cropland,0.0,0.0,0.0,1.0,0.0,0.0,0.0
GRID_CBE_07091,Cropland,0.0,0.0,0.0,1.0,0.0,0.0,0.0
GRID_CBE_07092,Cropland,0.0,0.0,0.0,1.0,0.0,0.0,0.0
GRID_CBE_07093,Cropland,0.0,0.0,0.0,1.0,0.0,0.0,0.0
GRID_CBE_07094,Cropland,0.0,0.0,0.0,1.0,0.0,0.0,0.0
GRID_CBE_07095,Cropland,0.0,0.0,0.0,1.0,0.0,0.0,0.0
GRID_CBE_07096,Cropland,0.0,0.0,0.0,1.0,0.0,0.0,0.0
GRID_CBE_07097,Cropland,0.0,0.0,0.0,1.0,0.0,0.0,0.0
GRID_CBE_07098,Cropland,0.0,0.0,0.0,1.0,0.0,0.0,0.0
GRID_CBE_07099,Shrubland,0.0,1.0,0.0,0.0,0.0,0.0,0.0
GRID_CBE_07100,Shrubland,0.0,1.0,0.0,0.0,0.0,0.0,0.0
GRID_CBE_07101,Shrubland,0.0,1.0,0.0,0.0,0.0,0.0,0.0
GRID_CBE_07102,Shrubland,0.0,1.0,0.0,0.0,0.0,0.0,0.0
GRID_CBE_07103,Shrubland,0.0,1.0,0.0,0.0,0.0,0.0,0.0
GRID_CBE_07104,Shrubland,0.0,1.0,0.0,0.0,0.0,0.0,0.0
GRID_CBE_07105,Shrubland,0.0,1.0,0.0,0.0,0.0,0.0,0.0
GRID_CBE_07106,Shrubland,0.0,1.0,0.0,0.0,0.0,0.0,0.0
GRID_CBE_07107,Shrubland,0.0,1.0,0.0,0.0,0.0,0.0,0.0
GRID_CBE_07108,Shrubland,0.0,1.0,0.0,0.0,0.0,0.0,0.0
GRID_CBE_07109,Shrubland,0.0,1.0,0.0,0.0,0.0,0.0,0.0
GRID_CBE_07110,Shrubland,0.0,1.0,0.0,0.0,0.0,0.0,0.0
GRID_CBE_07111,Shrubland,0.0,1.0,0.0,0.0,0.0,0.0,0.0
GRID_CBE_07112,Shrubland,0.0,1.0,0.0,0.0,0.0,0.0,0.0
GRID_CBE_07113,Shrubland,0.0,1.0,0.0,0.0,0.0,0.0,0.0
GRID_CBE_07114,Shrubland,0.0,1.0,0.0,0.0,0.0,0.0,0.0
GRID_CBE_07115,Shrubland,0.0,1.0,0.0,0.0,0.0,0.0,0.0
GRID_CBE_07116,Shrubland,0.0,1.0,0.0,0.0,0.0,0.0,0.0
GRID_CBE_07117,Shrubland,0.0,1.0,0.0,0.0,0.0,0.0,0.0
GRID_CBE_07118,Shrubland,0.0,1.0,0.0,0.0,0.0,0.0,0.0
GRID_CBE_07119,Shrubland,0.0,1.0,0.0,0.0,0.0,0.0,0.0
GRID_CBE_07120,Shrubland,0.0,1.0,0.0,0.0,0.0,0.0,0.0
GRID_CBE_07121,Shrubland,0.0,1.0,0.0,0.0,0.0,0.0,0.0
GRID_CBE_07122,Shrubland,0.0,1.0,0.0,0.0,0.0,0.0,0.0
GRID_CBE_07123,Shrubland,0.0,1.0,0.0,0.0,0.0,0.0,0.0
GRID_CBE_07124,Shrubland,0.0,1.0,0.0,0.0,0.0,0.0,0.0
GRID_CBE_07125,Shrubland,0.0,1.0,0.0,0.0,0.0,0.0,0.0
GRID_CBE_07126,Shrubland,0.0,1.0,0.0,0.0,0.0,0.0,0.0
GRID_CBE_07127,Shrubland,0.0,1.0,0.0,0.0,0.0,0.0,0.0
GRID_CBE_07128,Shrubland,0.0,1.0,0.0,0.0,0.0,0.0,0.0
GRID_CBE_07129,Shrubland,0.0,0.8182,0.0,0.1818,0.0,0.0,0.0
GRID_CBE_07130,Cropland,0.0,0.4545,0.0,0.5455,0.0,0.0,0.0
GRID_CBE_07131,Cropland,0.0,0.0909,0.0,0.9091,0.0,0.0,0.0
GRID_CBE_07132,Cropland,0.0,0.0,0.0,0.9752,0.0248,0.0,0.0
GRID_CBE_07133,Cropland,0.0,0.0,0.0,0.7107,0.2893,0.0,0.0
GRID_CBE_07134,Built-up,0.0,0.0,0.0,0.3471,0.6529,0.0,0.0
GRID_CBE_07135,Built-up,0.0,0.0,0.0,0.0992,0.9008,0.0,0.0
GRID_CBE_07136,Built-up,0.0,0.0,0.0,0.0,1.0,0.0,0.0
GRID_CBE_07137,Built-up,0.0,0.0,0.0,0.0,1.0,0.0,0.0
GRID_CBE_07138,Built-up,0.0,0.0,0.0,0.0,1.0,0.0,0.0
GRID_CBE_07139,Built-up,0.0,0.0,0.0,0.0,1.0,0.0,0.0
GRID_CBE_07140,Built-up,0.0,0.0,0.0,0.0,1.0,0.0,0.0
GRID_CBE_07141,Built-up,0.0,0.0,0.0,0.0,1.0,0.0,0.0
GRID_CBE_07142,Built-up,0.0,0.0,0.0,0.0496,0.9504,0.0,0.0
GRID_CBE_07143,Built-up,0.0,0.0,0.0,0.3058,0.6942,0.0,0.0
GRID_CBE_07144,Cropland,0.0,0.0,0.0,0.6694,0.3306,0.0,0.0
GRID_CBE_07145,Cropland,0.0,0.0,0.0,0.9504,0.0496,0.0,0.0
GRID_CBE_07146,Cropland,0.0,0.0,0.0,1.0,0.0,0.0,0.0
GRID_CBE_07147,Cropland,0.0,0.0,0.0,1.0,0.0,0.0,0.0
GRID_CBE_07148,Cropland,0.0,0.0,0.0,1.0,0.0,0.0,0.0
GRID_CBE_07149,Cropland,0.0,0.0,0.0,1.0,0.0,0.0,0.0
GRID_CBE_07150,Cropland,0.0,0.0,0.0,1.0,0.0,0.0,0.0
GRID_CBE_07151,Cropland,0.0,0.0,0.0,1.0,0.0,0.0,0.0
GRID_CBE_07152,Cropland,0.0,0.0,0.0,1.0,0.0,0.0,0.0
GRID_CBE_07153,Cropland,0.0,0.0,0.0,1.0,0.0,0.0,0.0
GRID_CBE_07154,Cropland,0.0,0.0,0.0,1.0,0.0,0.0,0.0
GRID_CBE_07155,Cropland,0.0,0.0,0.0,1.0,0.0,0.0,0.0
GRID_CBE_07156,Cropland,0.0,0.0,0.0,1.0,0.0,0.0,0.0
GRID_CBE_07157,Cropland,0.0,0.0,0.0,1.0,0.0,0.0,0.0
GRID_CBE_07158,Cropland,0.0,0.0,0.0,1.0,0.0,0.0,0.0
GRID_CBE_07159,Cropland,0.0,0.0,0.0,1.0,0.0,0.0,0.0
GRID_CBE_07160,Cropland,0.0,0.0,0.0,1.0,0.0,0.0,0.0
GRID_CBE_07161,Cropland,0.0,0.0,0.0,1.0,0.0,0.0,0.0
GRID_CBE_07162,Cropland,0.0,0.0,0.0,1.0,0.0,0.0,0.0
GRID_CBE_07163,Cropland,0.0,0.0,0.0,1.0,0.0,0.0,0.0
GRID_CBE_07164,Cropland,0.0,0.0,0.0,1.0,0.0,0.0,0.0
GRID_CBE_07165,Cropland,0.0,0.0,0.0,1.0,0.0,0.0,0.0
GRID_CBE_07166,Cropland,0.0,0.0,0.0,1.0,0.0,0.0,0.0
GRID_CBE_07167,Cropland,0.0,0.0,0.0,1.0,0.0,0.0,0.0
GRID_CBE_07168,Cropland,0.0,0.0,0.0,1.0,0.0,0.0,0.0
GRID_CBE_07169,Cropland,0.0,0.0,0.0,1.0,0.0,0.0,0.0
GRID_CBE_07170,Cropland,0.0,0.0,0.0,1.0,0.0,0.0,0.0
GRID_CBE_07171,Cropland,0.0,0.0,0.0,1.0,0.0,0.0,0.0
GRID_CBE_07172,Cropland,0.0,0.0,0.0,1.0,0.0,0.0,0.0
GRID_CBE_07173,Cropland,0.0,0.0,0.0,1.0,0.0,0.0,0.0
GRID_CBE_07174,Cropland,0.0,0.0,0.0,1.0,0.0,0.0,0.0
GRID_CBE_07175,Cropland,0.0,0.0,0.0,1.0,0.0,0.0,0.0
GRID_CBE_07176,Cropland,0.0,0.0,0.0,1.0,0.0,0.0,0.0
GRID_CBE_07177,Shrubland,0.0,1.0,0.0,0.0,0.0,0.0,0.0
GRID_CBE_07178,Shrubland,0.0,1.0,0.0,0.0,0.0,0.0,0.0
GRID_CBE_07179,Shrubland,0.0,1.0,0.0,0.0,0.0,0.0,0.0
GRID_CBE_07180,Shrubland,0.0,1.0,0.0,0.0,0.0,0.0,0.0
GRID_CBE_07181,Shrubland,0.0,1.0,0.0,0.0,0.0,0.0,0.0
GRID_CBE_07182,Shrubland,0.0,1.0,0.0,0.0,0.0,0.0,0.0
GRID_CBE_07183,Shrubland,0.0,1.0,0.0,0.0,0.0,0.0,0.0
GRID_CBE_07184,Shrubland,0.0,1.0,0.0,0.0,0.0,0.0,0.0
GRID_CBE_07185,Shrubland,0.0,1.0,0.0,0.0,0.0,0.0,0.0
GRID_CBE_07186,Shrubland,0.0,1.0,0.0,0.0,0.0,0.0,0.0
GRID_CBE_07187,Shrubland,0.0,1.0,0.0,0.0,0.0,0.0,0.0
GRID_CBE_07188,Shrubland,0.0,1.0,0.0,0.0,0.0,0.0,0.0
GRID_CBE_07189,Shrubland,0.0,1.0,0.0,0.0,0.0,0.0,0.0
GRID_CBE_07190,Shrubland,0.0,1.0,0.0,0.0,0.0,0.0,0.0
GRID_CBE_07191,Shrubland,0.0,1.0,0.0,0.0,0.0,0.0,0.0
GRID_CBE_07192,Shrubland,0.0,1.0,0.0,0.0,0.0,0.0,0.0
GRID_CBE_07193,Shrubland,0.0,1.0,0.0,0.0,0.0,0.0,0.0
GRID_CBE_07194,Shrubland,0.0,1.0,0.0,0.0,0.0,0.0,0.0
GRID_CBE_07195,Shrubland,0.0,1.0,0.0,0.0,0.0,0.0,0.0
GRID_CBE_07196,Shrubland,0.0,1.0,0.0,0.0,0.0,0.0,0.0
GRID_CBE_07197,Shrubland,0.0,1.0,0.0,0.0,0.0,0.0,0.0
GRID_CBE_07198,Shrubland,0.0,1.0,0.0,0.0,0.0,0.0,0.0
GRID_CBE_07199,Shrubland,0.0,1.0,0.0,0.0,0.0,0.0,0.0
GRID_CBE_07200,Shrubland,0.0,1.0,0.0,0.0,0.0,0.0,0.0
GRID_CBE_07201,Shrubland,0.0,1.0,0.0,0.0,0.0,0.0,0.0
GRID_CBE_07202,Shrubland,0.0,1.0,0.0,0.0,0.0,0.0,0.0
GRID_CBE_07203,Shrubland,0.0,1.0,0.0,0.0,0.0,0.0,0.0
GRID_CBE_07204,Shrubland,0.0,1.0,0.0,0.0,0.0,0.0,0.0
GRID_CBE_07205,Shrubland,0.0,1.0,0.0,0.0,0.0,0.0,0.0
GRID_CBE_07206,Shrubland,0.0,1.0,0.0,0.0,0.0,0.0,0.0
GRID_CBE_07207,Shrubland,0.0,0.8182,0.0,0.1818,0.0,0.0,0.0
GRID_CBE_07208,Cropland,0.0,0.4545,0.0,0.5455,0.0,0.0,0.0
GRID_CBE_07209,Cropland,0.0,0.0909,0.0,0.9091,0.0,0.0,0.0
GRID_CBE_07210,Cropland,0.0,0.0,0.0,1.0,0.0,0.0,0.0
GRID_CBE_07211,Cropland,0.0,0.0,0.0,0.8347,0.1653,0.0,0.0
GRID_CBE_07212,Cropland,0.0,0.0,0.0,0.5372,0.4628,0.0,0.0
GRID_CBE_07213,Built-up,0.0,0.0,0.0,0.2066,0.7934,0.0,0.0
GRID_CBE_07214,Built-up,0.0,0.0,0.0,0.0744,0.9256,0.0,0.0
GRID_CBE_07215,Built-up,0.0,0.0,0.0,0.0083,0.9917,0.0,0.0
GRID_CBE_07216,Built-up,0.0,0.0,0.0,0.0,1.0,0.0,0.0
GRID_CBE_07217,Built-up,0.0,0.0,0.0,0.0,1.0,0.0,0.0
GRID_CBE_07218,Built-up,0.0,0.0,0.0,0.0,1.0,0.0,0.0
GRID_CBE_07219,Built-up,0.0,0.0,0.0,0.0331,0.9669,0.0,0.0
GRID_CBE_07220,Built-up,0.0,0.0,0.0,0.1818,0.8182,0.0,0.0
GRID_CBE_07221,Built-up,0.0,0.0,0.0,0.4959,0.5041,0.0,0.0
GRID_CBE_07222,Cropland,0.0,0.0,0.0,0.8017,0.1983,0.0,0.0
GRID_CBE_07223,Cropland,0.0,0.0,0.0,0.9835,0.0165,0.0,0.0
GRID_CBE_07224,Cropland,0.0,0.0,0.0,1.0,0.0,0.0,0.0
GRID_CBE_07225,Cropland,0.0,0.0,0.0,1.0,0.0,0.0,0.0
GRID_CBE_07226,Cropland,0.0,0.0,0.0,1.0,0.0,0.0,0.0
GRID_CBE_07227,Cropland,0.0,0.0,0.0,1.0,0.0,0.0,0.0
GRID_CBE_07228,Cropland,0.0,0.0,0.0,1.0,0.0,0.0,0.0
GRID_CBE_07229,Cropland,0.0,0.0,0.0,1.0,0.0,0.0,0.0
GRID_CBE_07230,Cropland,0.0,0.0,0.0,1.0,0.0,0.0,0.0
GRID_CBE_07231,Cropland,0.0,0.0,0.0,1.0,0.0,0.0,0.0
GRID_CBE_07232,Cropland,0.0,0.0,0.0,1.0,0.0,0.0,0.0
GRID_CBE_07233,Cropland,0.0,0.0,0.0,1.0,0.0,0.0,0.0
GRID_CBE_07234,Cropland,0.0,0.0,0.0,1.0,0.0,0.0,0.0
GRID_CBE_07235,Cropland,0.0,0.0,0.0,1.0,0.0,0.0,0.0
GRID_CBE_07236,Cropland,0.0,0.0,0.0,1.0,0.0,0.0,0.0
GRID_CBE_07237,Cropland,0.0,0.0,0.0,1.0,0.0,0.0,0.0
GRID_CBE_07238,Cropland,0.0,0.0,0.0,1.0,0.0,0.0,0.0
GRID_CBE_07239,Cropland,0.0,0.0,0.0,1.0,0.0,0.0,0.0
GRID_CBE_07240,Cropland,0.0,0.0,0.0,1.0,0.0,0.0,0.0
GRID_CBE_07241,Cropland,0.0,0.0,0.0,1.0,0.0,0.0,0.0
GRID_CBE_07242,Cropland,0.0,0.0,0.0,1.0,0.0,0.0,0.0
GRID_CBE_07243,Cropland,0.0,0.0,0.0,1.0,0.0,0.0,0.0
GRID_CBE_07244,Cropland,0.0,0.0,0.0,1.0,0.0,0.0,0.0
GRID_CBE_07245,Cropland,0.0,0.0,0.0,1.0,0.0,0.0,0.0
GRID_CBE_07246,Cropland,0.0,0.0,0.0,1.0,0.0,0.0,0.0
GRID_CBE_07247,Cropland,0.0,0.0,0.0,1.0,0.0,0.0,0.0
GRID_CBE_07248,Cropland,0.0,0.0,0.0,1.0,0.0,0.0,0.0
GRID_CBE_07249,Cropland,0.0,0.0,0.0,1.0,0.0,0.0,0.0
GRID_CBE_07250,Cropland,0.0,0.0,0.0,1.0,0.0,0.0,0.0
GRID_CBE_07251,Cropland,0.0,0.0,0.0,1.0,0.0,0.0,0.0
GRID_CBE_07252,Cropland,0.0,0.0,0.0,1.0,0.0,0.0,0.0
GRID_CBE_07253,Cropland,0.0,0.0,0.0,1.0,0.0,0.0,0.0
GRID_CBE_07254,Cropland,0.0,0.0,0.0,1.0,0.0,0.0,0.0
GRID_CBE_07255,Shrubland,0.0,1.0,0.0,0.0,0.0,0.0,0.0
GRID_CBE_07256,Shrubland,0.0,1.0,0.0,0.0,0.0,0.0,0.0
GRID_CBE_07257,Shrubland,0.0,1.0,0.0,0.0,0.0,0.0,0.0
GRID_CBE_07258,Shrubland,0.0,1.0,0.0,0.0,0.0,0.0,0.0
GRID_CBE_07259,Shrubland,0.0,1.0,0.0,0.0,0.0,0.0,0.0
GRID_CBE_07260,Shrubland,0.0,1.0,0.0,0.0,0.0,0.0,0.0
GRID_CBE_07261,Shrubland,0.0,1.0,0.0,0.0,0.0,0.0,0.0
GRID_CBE_07262,Shrubland,0.0,1.0,0.0,0.0,0.0,0.0,0.0
GRID_CBE_07263,Shrubland,0.0,1.0,0.0,0.0,0.0,0.0,0.0
GRID_CBE_07264,Shrubland,0.0,1.0,0.0,0.0,0.0,0.0,0.0
GRID_CBE_07265,Shrubland,0.0,1.0,0.0,0.0,0.0,0.0,0.0
GRID_CBE_07266,Shrubland,0.0,1.0,0.0,0.0,0.0,0.0,0.0
GRID_CBE_07267,Shrubland,0.0,1.0,0.0,0.0,0.0,0.0,0.0
GRID_CBE_07268,Shrubland,0.0,1.0,0.0,0.0,0.0,0.0,0.0
GRID_CBE_07269,Shrubland,0.0,1.0,0.0,0.0,0.0,0.0,0.0
GRID_CBE_07270,Shrubland,0.0,1.0,0.0,0.0,0.0,0.0,0.0
GRID_CBE_07271,Shrubland,0.0,1.0,0.0,0.0,0.0,0.0,0.0
GRID_CBE_07272,Shrubland,0.0,1.0,0.0,0.0,0.0,0.0,0.0
GRID_CBE_07273,Shrubland,0.0,1.0,0.0,0.0,0.0,0.0,0.0
GRID_CBE_07274,Shrubland,0.0,1.0,0.0,0.0,0.0,0.0,0.0
GRID_CBE_07275,Shrubland,0.0,1.0,0.0,0.0,0.0,0.0,0.0
GRID_CBE_07276,Shrubland,0.0,1.0,0.0,0.0,0.0,0.0,0.0
GRID_CBE_07277,Shrubland,0.0,1.0,0.0,0.0,0.0,0.0,0.0
GRID_CBE_07278,Shrubland,0.0,1.0,0.0,0.0,0.0,0.0,0.0
GRID_CBE_07279,Shrubland,0.0,1.0,0.0,0.0,0.0,0.0,0.0
GRID_CBE_07280,Shrubland,0.0,1.0,0.0,0.0,0.0,0.0,0.0
GRID_CBE_07281,Shrubland,0.0,1.0,0.0,0.0,0.0,0.0,0.0
GRID_CBE_07282,Shrubland,0.0,1.0,0.0,0.0,0.0,0.0,0.0
GRID_CBE_07283,Shrubland,0.0,1.0,0.0,0.0,0.0,0.0,0.0
GRID_CBE_07284,Shrubland,0.0,1.0,0.0,0.0,0.0,0.0,0.0
GRID_CBE_07285,Shrubland,0.0,0.8182,0.0,0.1818,0.0,0.0,0.0
GRID_CBE_07286,Cropland,0.0,0.4545,0.0,0.5455,0.0,0.0,0.0
GRID_CBE_07287,Cropland,0.0,0.0909,0.0,0.9091,0.0,0.0,0.0
GRID_CBE_07288,Cropland,0.0,0.0,0.0,1.0,0.0,0.0,0.0
GRID_CBE_07289,Cropland,0.0,0.0,0.0,0.9339,0.0661,0.0,0.0
GRID_CBE_07290,Cropland,0.0,0.0,0.0,0.7355,0.2645,0.0,0.0
GRID_CBE_07291,Built-up,0.0,0.0,0.0,0.4711,0.5289,0.0,0.0
GRID_CBE_07292,Built-up,0.0,0.0,0.0,0.3058,0.6942,0.0,0.0
GRID_CBE_07293,Built-up,0.0,0.0,0.0,0.1736,0.8264,0.0,0.0
GRID_CBE_07294,Built-up,0.0,0.0,0.0,0.1074,0.8926,0.0,0.0
GRID_CBE_07295,Built-up,0.0,0.0,0.0,0.0992,0.9008,0.0,0.0
GRID_CBE_07296,Built-up,0.0,0.0,0.0,0.1488,0.8512,0.0,0.0
GRID_CBE_07297,Built-up,0.0,0.0,0.0,0.2479,0.7521,0.0,0.0
GRID_CBE_07298,Built-up,0.0,0.0,0.0,0.4463,0.5537,0.0,0.0
GRID_CBE_07299,Cropland,0.0,0.0,0.0,0.7107,0.2893,0.0,0.0
GRID_CBE_07300,Cropland,0.0,0.0,0.0,0.9174,0.0826,0.0,0.0
GRID_CBE_07301,Cropland,0.0,0.0,0.0,1.0,0.0,0.0,0.0
GRID_CBE_07302,Cropland,0.0,0.0,0.0,1.0,0.0,0.0,0.0
GRID_CBE_07303,Cropland,0.0,0.0,0.0,1.0,0.0,0.0,0.0
GRID_CBE_07304,Cropland,0.0,0.0,0.0,1.0,0.0,0.0,0.0
GRID_CBE_07305,Cropland,0.0,0.0,0.0,1.0,0.0,0.0,0.0
GRID_CBE_07306,Cropland,0.0,0.0,0.0,1.0,0.0,0.0,0.0
GRID_CBE_07307,Cropland,0.0,0.0,0.0,1.0,0.0,0.0,0.0
GRID_CBE_07308,Cropland,0.0,0.0,0.0,1.0,0.0,0.0,0.0
GRID_CBE_07309,Cropland,0.0,0.0,0.0,1.0,0.0,0.0,0.0
GRID_CBE_07310,Cropland,0.0,0.0,0.0,1.0,0.0,0.0,0.0
GRID_CBE_07311,Cropland,0.0,0.0,0.0,1.0,0.0,0.0,0.0
GRID_CBE_07312,Cropland,0.0,0.0,0.0,1.0,0.0,0.0,0.0
GRID_CBE_07313,Cropland,0.0,0.0,0.0,1.0,0.0,0.0,0.0
GRID_CBE_07314,Cropland,0.0,0.0,0.0,1.0,0.0,0.0,0.0
GRID_CBE_07315,Cropland,0.0,0.0,0.0,1.0,0.0,0.0,0.0
GRID_CBE_07316,Cropland,0.0,0.0,0.0,1.0,0.0,0.0,0.0
GRID_CBE_07317,Cropland,0.0,0.0,0.0,1.0,0.0,0.0,0.0
GRID_CBE_07318,Cropland,0.0,0.0,0.0,1.0,0.0,0.0,0.0
GRID_CBE_07319,Cropland,0.0,0.0,0.0,1.0,0.0,0.0,0.0
GRID_CBE_07320,Cropland,0.0,0.0,0.0,1.0,0.0,0.0,0.0
GRID_CBE_07321,Cropland,0.0,0.0,0.0,1.0,0.0,0.0,0.0
GRID_CBE_07322,Cropland,0.0,0.0,0.0,1.0,0.0,0.0,0.0
GRID_CBE_07323,Cropland,0.0,0.0,0.0,1.0,0.0,0.0,0.0
GRID_CBE_07324,Cropland,0.0,0.0,0.0,1.0,0.0,0.0,0.0
GRID_CBE_07325,Cropland,0.0,0.0,0.0,1.0,0.0,0.0,0.0
GRID_CBE_07326,Cropland,0.0,0.0,0.0,1.0,0.0,0.0,0.0
GRID_CBE_07327,Cropland,0.0,0.0,0.0,1.0,0.0,0.0,0.0
GRID_CBE_07328,Cropland,0.0,0.0,0.0,1.0,0.0,0.0,0.0
GRID_CBE_07329,Cropland,0.0,0.0,0.0,1.0,0.0,0.0,0.0
GRID_CBE_07330,Cropland,0.0,0.0,0.0,1.0,0.0,0.0,0.0
GRID_CBE_07331,Cropland,0.0,0.0,0.0,1.0,0.0,0.0,0.0
GRID_CBE_07332,Cropland,0.0,0.0,0.0,1.0,0.0,0.0,0.0
GRID_CBE_07333,Shrubland,0.0,1.0,0.0,0.0,0.0,0.0,0.0
GRID_CBE_07334,Shrubland,0.0,1.0,0.0,0.0,0.0,0.0,0.0
GRID_CBE_07335,Shrubland,0.0,1.0,0.0,0.0,0.0,0.0,0.0
GRID_CBE_07336,Shrubland,0.0,1.0,0.0,0.0,0.0,0.0,0.0
GRID_CBE_07337,Shrubland,0.0,1.0,0.0,0.0,0.0,0.0,0.0
GRID_CBE_07338,Shrubland,0.0,1.0,0.0,0.0,0.0,0.0,0.0
GRID_CBE_07339,Shrubland,0.0,1.0,0.0,0.0,0.0,0.0,0.0
GRID_CBE_07340,Shrubland,0.0,1.0,0.0,0.0,0.0,0.0,0.0
GRID_CBE_07341,Shrubland,0.0,1.0,0.0,0.0,0.0,0.0,0.0
GRID_CBE_07342,Shrubland,0.0,1.0,0.0,0.0,0.0,0.0,0.0
GRID_CBE_07343,Shrubland,0.0,1.0,0.0,0.0,0.0,0.0,0.0
GRID_CBE_07344,Shrubland,0.0,1.0,0.0,0.0,0.0,0.0,0.0
GRID_CBE_07345,Shrubland,0.0,1.0,0.0,0.0,0.0,0.0,0.0
GRID_CBE_07346,Shrubland,0.0,1.0,0.0,0.0,0.0,0.0,0.0
GRID_CBE_07347,Shrubland,0.0,1.0,0.0,0.0,0.0,0.0,0.0
GRID_CBE_07348,Shrubland,0.0,1.0,0.0,0.0,0.0,0.0,0.0
GRID_CBE_07349,Shrubland,0.0,1.0,0.0,0.0,0.0,0.0,0.0
GRID_CBE_07350,Shrubland,0.0,1.0,0.0,0.0,0.0,0.0,0.0
GRID_CBE_07351,Shrubland,0.0,1.0,0.0,0.0,0.0,0.0,0.0
GRID_CBE_07352,Shrubland,0.0,1.0,0.0,0.0,0.0,0.0,0.0
GRID_CBE_07353,Shrubland,0.0,1.0,0.0,0.0,0.0,0.0,0.0
GRID_CBE_07354,Shrubland,0.0,1.0,0.0,0.0,0.0,0.0,0.0
GRID_CBE_07355,Shrubland,0.0,1.0,0.0,0.0,0.0,0.0,0.0
GRID_CBE_07356,Shrubland,0.0,1.0,0.0,0.0,0.0,0.0,0.0
GRID_CBE_07357,Shrubland,0.0,1.0,0.0,0.0,0.0,0.0,0.0
GRID_CBE_07358,Shrubland,0.0,1.0,0.0,0.0,0.0,0.0,0.0
GRID_CBE_07359,Shrubland,0.0,1.0,0.0,0.0,0.0,0.0,0.0
GRID_CBE_07360,Shrubland,0.0,1.0,0.0,0.0,0.0,0.0,0.0
GRID_CBE_07361,Shrubland,0.0,1.0,0.0,0.0,0.0,0.0,0.0
GRID_CBE_07362,Shrubland,0.0,1.0,0.0,0.0,0.0,0.0,0.0
GRID_CBE_07363,Shrubland,0.0,0.8182,0.0,0.1818,0.0,0.0,0.0
GRID_CBE_07364,Cropland,0.0,0.4545,0.0,0.5455,0.0,0.0,0.0
GRID_CBE_07365,Cropland,0.0,0.0909,0.0,0.9091,0.0,0.0,0.0
GRID_CBE_07366,Cropland,0.0,0.0,0.0,1.0,0.0,0.0,0.0
GRID_CBE_07367,Cropland,0.0,0.0,0.0,0.9917,0.0083,0.0,0.0
GRID_CBE_07368,Cropland,0.0,0.0,0.0,0.8926,0.1074,0.0,0.0
GRID_CBE_07369,Cropland,0.0,0.0,0.0,0.7273,0.2727,0.0,0.0
GRID_CBE_07370,Cropland,0.0,0.0,0.0,0.5785,0.4215,0.0,0.0
GRID_CBE_07371,Built-up,0.0,0.0,0.0,0.4463,0.5537,0.0,0.0
GRID_CBE_07372,Built-up,0.0,0.0,0.0,0.3802,0.6198,0.0,0.0
GRID_CBE_07373,Built-up,0.0,0.0,0.0,0.3719,0.6281,0.0,0.0
GRID_CBE_07374,Built-up,0.0,0.0,0.0,0.4215,0.5785,0.0,0.0
GRID_CBE_07375,Cropland,0.0,0.0,0.0,0.5207,0.4793,0.0,0.0
GRID_CBE_07376,Cropland,0.0,0.0,0.0,0.7107,0.2893,0.0,0.0
GRID_CBE_07377,Cropland,0.0,0.0,0.0,0.8843,0.1157,0.0,0.0
GRID_CBE_07378,Cropland,0.0,0.0,0.0,0.9917,0.0083,0.0,0.0
GRID_CBE_07379,Cropland,0.0,0.0,0.0,1.0,0.0,0.0,0.0
GRID_CBE_07380,Cropland,0.0,0.0,0.0,1.0,0.0,0.0,0.0
GRID_CBE_07381,Cropland,0.0,0.0,0.0,1.0,0.0,0.0,0.0
GRID_CBE_07382,Cropland,0.0,0.0,0.0,1.0,0.0,0.0,0.0
GRID_CBE_07383,Cropland,0.0,0.0,0.0,1.0,0.0,0.0,0.0
GRID_CBE_07384,Cropland,0.0,0.0,0.0,1.0,0.0,0.0,0.0
GRID_CBE_07385,Cropland,0.0,0.0,0.0,1.0,0.0,0.0,0.0
GRID_CBE_07386,Cropland,0.0,0.0,0.0,1.0,0.0,0.0,0.0
GRID_CBE_07387,Cropland,0.0,0.0,0.0,1.0,0.0,0.0,0.0
GRID_CBE_07388,Cropland,0.0,0.0,0.0,1.0,0.0,0.0,0.0
GRID_CBE_07389,Cropland,0.0,0.0,0.0,1.0,0.0,0.0,0.0
GRID_CBE_07390,Cropland,0.0,0.0,0.0,1.0,0.0,0.0,0.0
GRID_CBE_07391,Cropland,0.0,0.0,0.0,1.0,0.0,0.0,0.0
GRID_CBE_07392,Cropland,0.0,0.0,0.0,1.0,0.0,0.0,0.0
GRID_CBE_07393,Cropland,0.0,0.0,0.0,1.0,0.0,0.0,0.0
GRID_CBE_07394,Cropland,0.0,0.0,0.0,1.0,0.0,0.0,0.0
GRID_CBE_07395,Cropland,0.0,0.0,0.0,1.0,0.0,0.0,0.0
GRID_CBE_07396,Cropland,0.0,0.0,0.0,1.0,0.0,0.0,0.0
GRID_CBE_07397,Cropland,0.0,0.0,0.0,1.0,0.0,0.0,0.0
GRID_CBE_07398,Cropland,0.0,0.0,0.0,1.0,0.0,0.0,0.0
GRID_CBE_07399,Cropland,0.0,0.0,0.0,1.0,0.0,0.0,0.0
GRID_CBE_07400,Cropland,0.0,0.0,0.0,1.0,0.0,0.0,0.0
GRID_CBE_07401,Cropland,0.0,0.0,0.0,1.0,0.0,0.0,0.0
GRID_CBE_07402,Cropland,0.0,0.0,0.0,1.0,0.0,0.0,0.0
GRID_CBE_07403,Cropland,0.0,0.0,0.0,1.0,0.0,0.0,0.0
GRID_CBE_07404,Cropland,0.0,0.0,0.0,1.0,0.0,0.0,0.0
GRID_CBE_07405,Cropland,0.0,0.0,0.0,1.0,0.0,0.0,0.0
GRID_CBE_07406,Cropland,0.0,0.0,0.0,1.0,0.0,0.0,0.0
GRID_CBE_07407,Cropland,0.0,0.0,0.0,1.0,0.0,0.0,0.0
GRID_CBE_07408,Cropland,0.0,0.0,0.0,1.0,0.0,0.0,0.0
GRID_CBE_07409,Cropland,0.0,0.0,0.0,1.0,0.0,0.0,0.0
GRID_CBE_07410,Cropland,0.0,0.0,0.0,1.0,0.0,0.0,0.0
GRID_CBE_07411,Shrubland,0.0,1.0,0.0,0.0,0.0,0.0,0.0
GRID_CBE_07412,Shrubland,0.0,1.0,0.0,0.0,0.0,0.0,0.0
GRID_CBE_07413,Shrubland,0.0,1.0,0.0,0.0,0.0,0.0,0.0
GRID_CBE_07414,Shrubland,0.0,1.0,0.0,0.0,0.0,0.0,0.0
GRID_CBE_07415,Shrubland,0.0,1.0,0.0,0.0,0.0,0.0,0.0
GRID_CBE_07416,Shrubland,0.0,1.0,0.0,0.0,0.0,0.0,0.0
GRID_CBE_07417,Shrubland,0.0,1.0,0.0,0.0,0.0,0.0,0.0
GRID_CBE_07418,Shrubland,0.0,1.0,0.0,0.0,0.0,0.0,0.0
GRID_CBE_07419,Shrubland,0.0,1.0,0.0,0.0,0.0,0.0,0.0
GRID_CBE_07420,Shrubland,0.0,1.0,0.0,0.0,0.0,0.0,0.0
GRID_CBE_07421,Shrubland,0.0,1.0,0.0,0.0,0.0,0.0,0.0
GRID_CBE_07422,Shrubland,0.0,1.0,0.0,0.0,0.0,0.0,0.0
GRID_CBE_07423,Shrubland,0.0,1.0,0.0,0.0,0.0,0.0,0.0
GRID_CBE_07424,Shrubland,0.0,1.0,0.0,0.0,0.0,0.0,0.0
GRID_CBE_07425,Shrubland,0.0,1.0,0.0,0.0,0.0,0.0,0.0
GRID_CBE_07426,Shrubland,0.0,1.0,0.0,0.0,0.0,0.0,0.0
GRID_CBE_07427,Shrubland,0.0,1.0,0.0,0.0,0.0,0.0,0.0
GRID_CBE_07428,Shrubland,0.0,1.0,0.0,0.0,0.0,0.0,0.0
GRID_CBE_07429,Shrubland,0.0,1.0,0.0,0.0,0.0,0.0,0.0
GRID_CBE_07430,Shrubland,0.0,1.0,0.0,0.0,0.0,0.0,0.0
GRID_CBE_07431,Shrubland,0.0,1.0,0.0,0.0,0.0,0.0,0.0
GRID_CBE_07432,Shrubland,0.0,1.0,0.0,0.0,0.0,0.0,0.0
GRID_CBE_07433,Shrubland,0.0,1.0,0.0,0.0,0.0,0.0,0.0
GRID_CBE_07434,Shrubland,0.0,1.0,0.0,0.0,0.0,0.0,0.0
GRID_CBE_07435,Shrubland,0.0,1.0,0.0,0.0,0.0,0.0,0.0
GRID_CBE_07436,Shrubland,0.0,1.0,0.0,0.0,0.0,0.0,0.0
GRID_CBE_07437,Shrubland,0.0,1.0,0.0,0.0,0.0,0.0,0.0
GRID_CBE_07438,Shrubland,0.0,1.0,0.0,0.0,0.0,0.0,0.0
GRID_CBE_07439,Shrubland,0.0,1.0,0.0,0.0,0.0,0.0,0.0
GRID_CBE_07440,Shrubland,0.0,1.0,0.0,0.0,0.0,0.0,0.0
GRID_CBE_07441,Shrubland,0.0,0.8182,0.0,0.1818,0.0,0.0,0.0
GRID_CBE_07442,Cropland,0.0,0.4545,0.0,0.5455,0.0,0.0,0.0
GRID_CBE_07443,Cropland,0.0,0.0909,0.0,0.9091,0.0,0.0,0.0
GRID_CBE_07444,Cropland,0.0,0.0,0.0,1.0,0.0,0.0,0.0
GRID_CBE_07445,Cropland,0.0,0.0,0.0,1.0,0.0,0.0,0.0
GRID_CBE_07446,Cropland,0.0,0.0,0.0,0.9917,0.0083,0.0,0.0
GRID_CBE_07447,Cropland,0.0,0.0,0.0,0.9256,0.0744,0.0,0.0
GRID_CBE_07448,Cropland,0.0,0.0,0.0,0.8099,0.1901,0.0,0.0
GRID_CBE_07449,Cropland,0.0,0.0,0.0,0.719,0.281,0.0,0.0
GRID_CBE_07450,Cropland,0.0,0.0,0.0,0.6529,0.3471,0.0,0.0
GRID_CBE_07451,Cropland,0.0,0.0,0.0,0.6446,0.3554,0.0,0.0
GRID_CBE_07452,Cropland,0.0,0.0,0.0,0.6942,0.3058,0.0,0.0
GRID_CBE_07453,Cropland,0.0,0.0,0.0,0.7934,0.2066,0.0,0.0
GRID_CBE_07454,Cropland,0.0,0.0,0.0,0.9091,0.0909,0.0,0.0
GRID_CBE_07455,Cropland,0.0,0.0,0.0,0.9835,0.0165,0.0,0.0
GRID_CBE_07456,Cropland,0.0,0.0,0.0,1.0,0.0,0.0,0.0
GRID_CBE_07457,Cropland,0.0,0.0,0.0,1.0,0.0,0.0,0.0
GRID_CBE_07458,Cropland,0.0,0.0,0.0,1.0,0.0,0.0,0.0
GRID_CBE_07459,Cropland,0.0,0.0,0.0,1.0,0.0,0.0,0.0
GRID_CBE_07460,Cropland,0.0,0.0,0.0,1.0,0.0,0.0,0.0
GRID_CBE_07461,Cropland,0.0,0.0,0.0,1.0,0.0,0.0,0.0
GRID_CBE_07462,Cropland,0.0,0.0,0.0,1.0,0.0,0.0,0.0
GRID_CBE_07463,Cropland,0.0,0.0,0.0,1.0,0.0,0.0,0.0
GRID_CBE_07464,Cropland,0.0,0.0,0.0,1.0,0.0,0.0,0.0
GRID_CBE_07465,Cropland,0.0,0.0,0.0,1.0,0.0,0.0,0.0
GRID_CBE_07466,Cropland,0.0,0.0,0.0,1.0,0.0,0.0,0.0
GRID_CBE_07467,Cropland,0.0,0.0,0.0,1.0,0.0,0.0,0.0
GRID_CBE_07468,Cropland,0.0,0.0,0.0,1.0,0.0,0.0,0.0
GRID_CBE_07469,Cropland,0.0,0.0,0.0,1.0,0.0,0.0,0.0
GRID_CBE_07470,Cropland,0.0,0.0,0.0,1.0,0.0,0.0,0.0
GRID_CBE_07471,Cropland,0.0,0.0,0.0,1.0,0.0,0.0,0.0
GRID_CBE_07472,Cropland,0.0,0.0,0.0,1.0,0.0,0.0,0.0
GRID_CBE_07473,Cropland,0.0,0.0,0.0,1.0,0.0,0.0,0.0
GRID_CBE_07474,Cropland,0.0,0.0,0.0,1.0,0.0,0.0,0.0
GRID_CBE_07475,Cropland,0.0,0.0,0.0,1.0,0.0,0.0,0.0
GRID_CBE_07476,Cropland,0.0,0.0,0.0,1.0,0.0,0.0,0.0
GRID_CBE_07477,Cropland,0.0,0.0,0.0,1.0,0.0,0.0,0.0
GRID_CBE_07478,Cropland,0.0,0.0,0.0,1.0,0.0,0.0,0.0
GRID_CBE_07479,Cropland,0.0,0.0,0.0,1.0,0.0,0.0,0.0
GRID_CBE_07480,Cropland,0.0,0.0,0.0,1.0,0.0,0.0,0.0
GRID_CBE_07481,Cropland,0.0,0.0,0.0,1.0,0.0,0.0,0.0
GRID_CBE_07482,Cropland,0.0,0.0,0.0,1.0,0.0,0.0,0.0
GRID_CBE_07483,Cropland,0.0,0.0,0.0,1.0,0.0,0.0,0.0
GRID_CBE_07484,Cropland,0.0,0.0,0.0,1.0,0.0,0.0,0.0
GRID_CBE_07485,Cropland,0.0,0.0,0.0,1.0,0.0,0.0,0.0
GRID_CBE_07486,Cropland,0.0,0.0,0.0,1.0,0.0,0.0,0.0
GRID_CBE_07487,Cropland,0.0,0.0,0.0,1.0,0.0,0.0,0.0
GRID_CBE_07488,Cropland,0.0,0.0,0.0,1.0,0.0,0.0,0.0
GRID_CBE_07489,Shrubland,0.0,1.0,0.0,0.0,0.0,0.0,0.0
GRID_CBE_07490,Shrubland,0.0,1.0,0.0,0.0,0.0,0.0,0.0
GRID_CBE_07491,Shrubland,0.0,1.0,0.0,0.0,0.0,0.0,0.0
GRID_CBE_07492,Shrubland,0.0,1.0,0.0,0.0,0.0,0.0,0.0
GRID_CBE_07493,Shrubland,0.0,1.0,0.0,0.0,0.0,0.0,0.0
GRID_CBE_07494,Shrubland,0.0,1.0,0.0,0.0,0.0,0.0,0.0
GRID_CBE_07495,Shrubland,0.0,1.0,0.0,0.0,0.0,0.0,0.0
GRID_CBE_07496,Shrubland,0.0,1.0,0.0,0.0,0.0,0.0,0.0
GRID_CBE_07497,Shrubland,0.0,1.0,0.0,0.0,0.0,0.0,0.0
GRID_CBE_07498,Shrubland,0.0,1.0,0.0,0.0,0.0,0.0,0.0
GRID_CBE_07499,Shrubland,0.0,1.0,0.0,0.0,0.0,0.0,0.0
GRID_CBE_07500,Shrubland,0.0,1.0,0.0,0.0,0.0,0.0,0.0
GRID_CBE_07501,Shrubland,0.0,1.0,0.0,0.0,0.0,0.0,0.0
GRID_CBE_07502,Shrubland,0.0,1.0,0.0,0.0,0.0,0.0,0.0
GRID_CBE_07503,Shrubland,0.0,1.0,0.0,0.0,0.0,0.0,0.0
GRID_CBE_07504,Shrubland,0.0,1.0,0.0,0.0,0.0,0.0,0.0
GRID_CBE_07505,Shrubland,0.0,1.0,0.0,0.0,0.0,0.0,0.0
GRID_CBE_07506,Shrubland,0.0,1.0,0.0,0.0,0.0,0.0,0.0
GRID_CBE_07507,Shrubland,0.0,1.0,0.0,0.0,0.0,0.0,0.0
GRID_CBE_07508,Shrubland,0.0,1.0,0.0,0.0,0.0,0.0,0.0
GRID_CBE_07509,Shrubland,0.0,1.0,0.0,0.0,0.0,0.0,0.0
GRID_CBE_07510,Shrubland,0.0,1.0,0.0,0.0,0.0,0.0,0.0
GRID_CBE_07511,Shrubland,0.0,1.0,0.0,0.0,0.0,0.0,0.0
GRID_CBE_07512,Shrubland,0.0,1.0,0.0,0.0,0.0,0.0,0.0
GRID_CBE_07513,Shrubland,0.0,1.0,0.0,0.0,0.0,0.0,0.0
GRID_CBE_07514,Shrubland,0.0,1.0,0.0,0.0,0.0,0.0,0.0
GRID_CBE_07515,Shrubland,0.0,1.0,0.0,0.0,0.0,0.0,0.0
GRID_CBE_07516,Shrubland,0.0,1.0,0.0,0.0,0.0,0.0,0.0
GRID_CBE_07517,Shrubland,0.0,1.0,0.0,0.0,0.0,0.0,0.0
GRID_CBE_07518,Shrubland,0.0,1.0,0.0,0.0,0.0,0.0,0.0
GRID_CBE_07519,Shrubland,0.0,0.8182,0.0,0.1818,0.0,0.0,0.0
GRID_CBE_07520,Cropland,0.0,0.4545,0.0,0.5455,0.0,0.0,0.0
GRID_CBE_07521,Cropland,0.0,0.0909,0.0,0.9091,0.0,0.0,0.0
GRID_CBE_07522,Cropland,0.0,0.0,0.0,1.0,0.0,0.0,0.0
GRID_CBE_07523,Cropland,0.0,0.0,0.0,1.0,0.0,0.0,0.0
GRID_CBE_07524,Cropland,0.0,0.0,0.0,1.0,0.0,0.0,0.0
GRID_CBE_07525,Cropland,0.0,0.0,0.0,1.0,0.0,0.0,0.0
GRID_CBE_07526,Cropland,0.0,0.0,0.0,0.9835,0.0165,0.0,0.0
GRID_CBE_07527,Cropland,0.0,0.0,0.0,0.9587,0.0413,0.0,0.0
GRID_CBE_07528,Cropland,0.0,0.0,0.0,0.9256,0.0744,0.0,0.0
GRID_CBE_07529,Cropland,0.0,0.0,0.0,0.9174,0.0826,0.0,0.0
GRID_CBE_07530,Cropland,0.0,0.0,0.0,0.9504,0.0496,0.0,0.0
GRID_CBE_07531,Cropland,0.0,0.0,0.0,0.9835,0.0165,0.0,0.0
GRID_CBE_07532,Cropland,0.0,0.0,0.0,1.0,0.0,0.0,0.0
GRID_CBE_07533,Cropland,0.0,0.0,0.0,1.0,0.0,0.0,0.0
GRID_CBE_07534,Cropland,0.0,0.0,0.0,1.0,0.0,0.0,0.0
GRID_CBE_07535,Cropland,0.0,0.0,0.0,1.0,0.0,0.0,0.0
GRID_CBE_07536,Cropland,0.0,0.0,0.0,1.0,0.0,0.0,0.0
GRID_CBE_07537,Cropland,0.0,0.0,0.0,1.0,0.0,0.0,0.0
GRID_CBE_07538,Cropland,0.0,0.0,0.0,1.0,0.0,0.0,0.0
GRID_CBE_07539,Cropland,0.0,0.0,0.0,1.0,0.0,0.0,0.0
GRID_CBE_07540,Cropland,0.0,0.0,0.0,1.0,0.0,0.0,0.0
GRID_CBE_07541,Cropland,0.0,0.0,0.0,1.0,0.0,0.0,0.0
GRID_CBE_07542,Cropland,0.0,0.0,0.0,1.0,0.0,0.0,0.0
GRID_CBE_07543,Cropland,0.0,0.0,0.0,1.0,0.0,0.0,0.0
GRID_CBE_07544,Cropland,0.0,0.0,0.0,1.0,0.0,0.0,0.0
GRID_CBE_07545,Cropland,0.0,0.0,0.0,1.0,0.0,0.0,0.0
GRID_CBE_07546,Cropland,0.0,0.0,0.0,1.0,0.0,0.0,0.0
GRID_CBE_07547,Cropland,0.0,0.0,0.0,1.0,0.0,0.0,0.0
GRID_CBE_07548,Cropland,0.0,0.0,0.0,1.0,0.0,0.0,0.0
GRID_CBE_07549,Cropland,0.0,0.0,0.0,1.0,0.0,0.0,0.0
GRID_CBE_07550,Cropland,0.0,0.0,0.0,1.0,0.0,0.0,0.0
GRID_CBE_07551,Cropland,0.0,0.0,0.0,1.0,0.0,0.0,0.0
GRID_CBE_07552,Cropland,0.0,0.0,0.0,1.0,0.0,0.0,0.0
GRID_CBE_07553,Cropland,0.0,0.0,0.0,1.0,0.0,0.0,0.0
GRID_CBE_07554,Cropland,0.0,0.0,0.0,1.0,0.0,0.0,0.0
GRID_CBE_07555,Cropland,0.0,0.0,0.0,1.0,0.0,0.0,0.0
GRID_CBE_07556,Cropland,0.0,0.0,0.0,1.0,0.0,0.0,0.0
GRID_CBE_07557,Cropland,0.0,0.0,0.0,1.0,0.0,0.0,0.0
GRID_CBE_07558,Cropland,0.0,0.0,0.0,1.0,0.0,0.0,0.0
GRID_CBE_07559,Cropland,0.0,0.0,0.0,1.0,0.0,0.0,0.0
GRID_CBE_07560,Cropland,0.0,0.0,0.0,1.0,0.0,0.0,0.0
GRID_CBE_07561,Cropland,0.0,0.0,0.0,1.0,0.0,0.0,0.0
GRID_CBE_07562,Cropland,0.0,0.0,0.0,1.0,0.0,0.0,0.0
GRID_CBE_07563,Cropland,0.0,0.0,0.0,1.0,0.0,0.0,0.0
GRID_CBE_07564,Cropland,0.0,0.0,0.0,1.0,0.0,0.0,0.0
GRID_CBE_07565,Cropland,0.0,0.0,0.0,1.0,0.0,0.0,0.0
GRID_CBE_07566,Cropland,0.0,0.0,0.0,1.0,0.0,0.0,0.0
GRID_CBE_07567,Shrubland,0.0,1.0,0.0,0.0,0.0,0.0,0.0
GRID_CBE_07568,Shrubland,0.0,1.0,0.0,0.0,0.0,0.0,0.0
GRID_CBE_07569,Shrubland,0.0,1.0,0.0,0.0,0.0,0.0,0.0
GRID_CBE_07570,Shrubland,0.0,1.0,0.0,0.0,0.0,0.0,0.0
GRID_CBE_07571,Shrubland,0.0,1.0,0.0,0.0,0.0,0.0,0.0
GRID_CBE_07572,Shrubland,0.0,1.0,0.0,0.0,0.0,0.0,0.0
GRID_CBE_07573,Shrubland,0.0,1.0,0.0,0.0,0.0,0.0,0.0
GRID_CBE_07574,Shrubland,0.0,1.0,0.0,0.0,0.0,0.0,0.0
GRID_CBE_07575,Shrubland,0.0,1.0,0.0,0.0,0.0,0.0,0.0
GRID_CBE_07576,Shrubland,0.0,1.0,0.0,0.0,0.0,0.0,0.0
GRID_CBE_07577,Shrubland,0.0,1.0,0.0,0.0,0.0,0.0,0.0
GRID_CBE_07578,Shrubland,0.0,1.0,0.0,0.0,0.0,0.0,0.0
GRID_CBE_07579,Shrubland,0.0,1.0,0.0,0.0,0.0,0.0,0.0
GRID_CBE_07580,Shrubland,0.0,1.0,0.0,0.0,0.0,0.0,0.0
GRID_CBE_07581,Shrubland,0.0,1.0,0.0,0.0,0.0,0.0,0.0
GRID_CBE_07582,Shrubland,0.0,1.0,0.0,0.0,0.0,0.0,0.0
GRID_CBE_07583,Shrubland,0.0,1.0,0.0,0.0,0.0,0.0,0.0
GRID_CBE_07584,Shrubland,0.0,1.0,0.0,0.0,0.0,0.0,0.0
GRID_CBE_07585,Shrubland,0.0,1.0,0.0,0.0,0.0,0.0,0.0
GRID_CBE_07586,Shrubland,0.0,1.0,0.0,0.0,0.0,0.0,0.0
GRID_CBE_07587,Shrubland,0.0,1.0,0.0,0.0,0.0,0.0,0.0
GRID_CBE_07588,Shrubland,0.0,1.0,0.0,0.0,0.0,0.0,0.0
GRID_CBE_07589,Shrubland,0.0,1.0,0.0,0.0,0.0,0.0,0.0
GRID_CBE_07590,Shrubland,0.0,1.0,0.0,0.0,0.0,0.0,0.0
GRID_CBE_07591,Shrubland,0.0,1.0,0.0,0.0,0.0,0.0,0.0
GRID_CBE_07592,Shrubland,0.0,1.0,0.0,0.0,0.0,0.0,0.0
GRID_CBE_07593,Shrubland,0.0,1.0,0.0,0.0,0.0,0.0,0.0
GRID_CBE_07594,Shrubland,0.0,1.0,0.0,0.0,0.0,0.0,0.0
GRID_CBE_07595,Shrubland,0.0,1.0,0.0,0.0,0.0,0.0,0.0
GRID_CBE_07596,Shrubland,0.0,1.0,0.0,0.0,0.0,0.0,0.0
GRID_CBE_07597,Shrubland,0.0,0.8182,0.0,0.1818,0.0,0.0,0.0
GRID_CBE_07598,Cropland,0.0,0.4545,0.0,0.5455,0.0,0.0,0.0
GRID_CBE_07599,Cropland,0.0,0.0909,0.0,0.9091,0.0,0.0,0.0
GRID_CBE_07600,Cropland,0.0,0.0,0.0,1.0,0.0,0.0,0.0
GRID_CBE_07601,Cropland,0.0,0.0,0.0,1.0,0.0,0.0,0.0
GRID_CBE_07602,Cropland,0.0,0.0,0.0,1.0,0.0,0.0,0.0
GRID_CBE_07603,Cropland,0.0,0.0,0.0,1.0,0.0,0.0,0.0
GRID_CBE_07604,Cropland,0.0,0.0,0.0,1.0,0.0,0.0,0.0
GRID_CBE_07605,Cropland,0.0,0.0,0.0,1.0,0.0,0.0,0.0
GRID_CBE_07606,Cropland,0.0,0.0,0.0,1.0,0.0,0.0,0.0
GRID_CBE_07607,Cropland,0.0,0.0,0.0,1.0,0.0,0.0,0.0
GRID_CBE_07608,Cropland,0.0,0.0,0.0,1.0,0.0,0.0,0.0
GRID_CBE_07609,Cropland,0.0,0.0,0.0,1.0,0.0,0.0,0.0
GRID_CBE_07610,Cropland,0.0,0.0,0.0,1.0,0.0,0.0,0.0
GRID_CBE_07611,Cropland,0.0,0.0,0.0,1.0,0.0,0.0,0.0
GRID_CBE_07612,Cropland,0.0,0.0,0.0,1.0,0.0,0.0,0.0
GRID_CBE_07613,Cropland,0.0,0.0,0.0,1.0,0.0,0.0,0.0
GRID_CBE_07614,Cropland,0.0,0.0,0.0,1.0,0.0,0.0,0.0
GRID_CBE_07615,Cropland,0.0,0.0,0.0,1.0,0.0,0.0,0.0
GRID_CBE_07616,Cropland,0.0,0.0,0.0,1.0,0.0,0.0,0.0
GRID_CBE_07617,Cropland,0.0,0.0,0.0,1.0,0.0,0.0,0.0
GRID_CBE_07618,Cropland,0.0,0.0,0.0,1.0,0.0,0.0,0.0
GRID_CBE_07619,Cropland,0.0,0.0,0.0,1.0,0.0,0.0,0.0
GRID_CBE_07620,Cropland,0.0,0.0,0.0,1.0,0.0,0.0,0.0
GRID_CBE_07621,Cropland,0.0,0.0,0.0,1.0,0.0,0.0,0.0
GRID_CBE_07622,Cropland,0.0,0.0,0.0,1.0,0.0,0.0,0.0
GRID_CBE_07623,Cropland,0.0,0.0,0.0,1.0,0.0,0.0,0.0
GRID_CBE_07624,Cropland,0.0,0.0,0.0,1.0,0.0,0.0,0.0
GRID_CBE_07625,Cropland,0.0,0.0,0.0,1.0,0.0,0.0,0.0
GRID_CBE_07626,Cropland,0.0,0.0,0.0,1.0,0.0,0.0,0.0
GRID_CBE_07627,Cropland,0.0,0.0,0.0,1.0,0.0,0.0,0.0
GRID_CBE_07628,Cropland,0.0,0.0,0.0,1.0,0.0,0.0,0.0
GRID_CBE_07629,Cropland,0.0,0.0,0.0,1.0,0.0,0.0,0.0
GRID_CBE_07630,Cropland,0.0,0.0,0.0,1.0,0.0,0.0,0.0
GRID_CBE_07631,Cropland,0.0,0.0,0.0,1.0,0.0,0.0,0.0
GRID_CBE_07632,Cropland,0.0,0.0,0.0,1.0,0.0,0.0,0.0
GRID_CBE_07633,Cropland,0.0,0.0,0.0,1.0,0.0,0.0,0.0
GRID_CBE_07634,Cropland,0.0,0.0,0.0,1.0,0.0,0.0,0.0
GRID_CBE_07635,Cropland,0.0,0.0,0.0,1.0,0.0,0.0,0.0
GRID_CBE_07636,Cropland,0.0,0.0,0.0,1.0,0.0,0.0,0.0
GRID_CBE_07637,Cropland,0.0,0.0,0.0,1.0,0.0,0.0,0.0
GRID_CBE_07638,Cropland,0.0,0.0,0.0,1.0,0.0,0.0,0.0
GRID_CBE_07639,Cropland,0.0,0.0,0.0,1.0,0.0,0.0,0.0
GRID_CBE_07640,Cropland,0.0,0.0,0.0,1.0,0.0,0.0,0.0
GRID_CBE_07641,Cropland,0.0,0.0,0.0,1.0,0.0,0.0,0.0
GRID_CBE_07642,Cropland,0.0,0.0,0.0,1.0,0.0,0.0,0.0
GRID_CBE_07643,Cropland,0.0,0.0,0.0,1.0,0.0,0.0,0.0
GRID_CBE_07644,Cropland,0.0,0.0,0.0,1.0,0.0,0.0,0.0
GRID_CBE_07645,Shrubland,0.0,1.0,0.0,0.0,0.0,0.0,0.0
GRID_CBE_07646,Shrubland,0.0,1.0,0.0,0.0,0.0,0.0,0.0
GRID_CBE_07647,Shrubland,0.0,1.0,0.0,0.0,0.0,0.0,0.0
GRID_CBE_07648,Shrubland,0.0,1.0,0.0,0.0,0.0,0.0,0.0
GRID_CBE_07649,Shrubland,0.0,1.0,0.0,0.0,0.0,0.0,0.0
GRID_CBE_07650,Shrubland,0.0,1.0,0.0,0.0,0.0,0.0,0.0
GRID_CBE_07651,Shrubland,0.0,1.0,0.0,0.0,0.0,0.0,0.0
GRID_CBE_07652,Shrubland,0.0,1.0,0.0,0.0,0.0,0.0,0.0
GRID_CBE_07653,Shrubland,0.0,1.0,0.0,0.0,0.0,0.0,0.0
GRID_CBE_07654,Shrubland,0.0,1.0,0.0,0.0,0.0,0.0,0.0
GRID_CBE_07655,Shrubland,0.0,1.0,0.0,0.0,0.0,0.0,0.0
GRID_CBE_07656,Shrubland,0.0,1.0,0.0,0.0,0.0,0.0,0.0
GRID_CBE_07657,Shrubland,0.0,1.0,0.0,0.0,0.0,0.0,0.0
GRID_CBE_07658,Shrubland,0.0,1.0,0.0,0.0,0.0,0.0,0.0
GRID_CBE_07659,Shrubland,0.0,1.0,0.0,0.0,0.0,0.0,0.0
GRID_CBE_07660,Shrubland,0.0,1.0,0.0,0.0,0.0,0.0,0.0
GRID_CBE_07661,Shrubland,0.0,1.0,0.0,0.0,0.0,0.0,0.0
GRID_CBE_07662,Shrubland,0.0,1.0,0.0,0.0,0.0,0.0,0.0
GRID_CBE_07663,Shrubland,0.0,1.0,0.0,0.0,0.0,0.0,0.0
GRID_CBE_07664,Shrubland,0.0,1.0,0.0,0.0,0.0,0.0,0.0
GRID_CBE_07665,Shrubland,0.0,1.0,0.0,0.0,0.0,0.0,0.0
GRID_CBE_07666,Shrubland,0.0,1.0,0.0,0.0,0.0,0.0,0.0
GRID_CBE_07667,Shrubland,0.0,1.0,0.0,0.0,0.0,0.0,0.0
GRID_CBE_07668,Shrubland,0.0,1.0,0.0,0.0,0.0,0.0,0.0
GRID_CBE_07669,Shrubland,0.0,1.0,0.0,0.0,0.0,0.0,0.0
GRID_CBE_07670,Shrubland,0.0,1.0,0.0,0.0,0.0,0.0,0.0
GRID_CBE_07671,Shrubland,0.0,1.0,0.0,0.0,0.0,0.0,0.0
GRID_CBE_07672,Shrubland,0.0,1.0,0.0,0.0,0.0,0.0,0.0
GRID_CBE_07673,Shrubland,0.0,1.0,0.0,0.0,0.0,0.0,0.0
GRID_CBE_07674,Shrubland,0.0,1.0,0.0,0.0,0.0,0.0,0.0
GRID_CBE_07675,Shrubland,0.0,0.8182,0.0,0.1818,0.0,0.0,0.0
GRID_CBE_07676,Cropland,0.0,0.4545,0.0,0.5455,0.0,0.0,0.0
GRID_CBE_07677,Cropland,0.0,0.0909,0.0,0.9091,0.0,0.0,0.0
GRID_CBE_07678,Cropland,0.0,0.0,0.0,1.0,0.0,0.0,0.0
GRID_CBE_07679,Cropland,0.0,0.0,0.0,1.0,0.0,0.0,0.0
GRID_CBE_07680,Cropland,0.0,0.0,0.0,1.0,0.0,0.0,0.0
GRID_CBE_07681,Cropland,0.0,0.0,0.0,1.0,0.0,0.0,0.0
GRID_CBE_07682,Cropland,0.0,0.0,0.0,1.0,0.0,0.0,0.0
GRID_CBE_07683,Cropland,0.0,0.0,0.0,1.0,0.0,0.0,0.0
GRID_CBE_07684,Cropland,0.0,0.0,0.0,1.0,0.0,0.0,0.0
GRID_CBE_07685,Cropland,0.0,0.0,0.0,1.0,0.0,0.0,0.0
GRID_CBE_07686,Cropland,0.0,0.0,0.0,1.0,0.0,0.0,0.0
GRID_CBE_07687,Cropland,0.0,0.0,0.0,1.0,0.0,0.0,0.0
GRID_CBE_07688,Cropland,0.0,0.0,0.0,1.0,0.0,0.0,0.0
GRID_CBE_07689,Cropland,0.0,0.0,0.0,1.0,0.0,0.0,0.0
GRID_CBE_07690,Cropland,0.0,0.0,0.0,1.0,0.0,0.0,0.0
GRID_CBE_07691,Cropland,0.0,0.0,0.0,1.0,0.0,0.0,0.0
GRID_CBE_07692,Cropland,0.0,0.0,0.0,1.0,0.0,0.0,0.0
GRID_CBE_07693,Cropland,0.0,0.0,0.0,1.0,0.0,0.0,0.0
GRID_CBE_07694,Cropland,0.0,0.0,0.0,1.0,0.0,0.0,0.0
GRID_CBE_07695,Cropland,0.0,0.0,0.0,1.0,0.0,0.0,0.0
GRID_CBE_07696,Cropland,0.0,0.0,0.0,1.0,0.0,0.0,0.0
GRID_CBE_07697,Cropland,0.0,0.0,0.0,1.0,0.0,0.0,0.0
GRID_CBE_07698,Cropland,0.0,0.0,0.0,1.0,0.0,0.0,0.0
GRID_CBE_07699,Cropland,0.0,0.0,0.0,1.0,0.0,0.0,0.0
GRID_CBE_07700,Cropland,0.0,0.0,0.0,1.0,0.0,0.0,0.0
GRID_CBE_07701,Cropland,0.0,0.0,0.0,1.0,0.0,0.0,0.0
GRID_CBE_07702,Cropland,0.0,0.0,0.0,1.0,0.0,0.0,0.0
GRID_CBE_07703,Cropland,0.0,0.0,0.0,1.0,0.0,0.0,0.0
GRID_CBE_07704,Cropland,0.0,0.0,0.0,1.0,0.0,0.0,0.0
GRID_CBE_07705,Cropland,0.0,0.0,0.0,1.0,0.0,0.0,0.0
GRID_CBE_07706,Cropland,0.0,0.0,0.0,1.0,0.0,0.0,0.0
GRID_CBE_07707,Cropland,0.0,0.0,0.0,1.0,0.0,0.0,0.0
GRID_CBE_07708,Cropland,0.0,0.0,0.0,1.0,0.0,0.0,0.0
GRID_CBE_07709,Cropland,0.0,0.0,0.0,1.0,0.0,0.0,0.0
GRID_CBE_07710,Cropland,0.0,0.0,0.0,1.0,0.0,0.0,0.0
GRID_CBE_07711,Cropland,0.0,0.0,0.0,1.0,0.0,0.0,0.0
GRID_CBE_07712,Cropland,0.0,0.0,0.0,1.0,0.0,0.0,0.0
GRID_CBE_07713,Cropland,0.0,0.0,0.0,1.0,0.0,0.0,0.0
GRID_CBE_07714,Cropland,0.0,0.0,0.0,1.0,0.0,0.0,0.0
GRID_CBE_07715,Cropland,0.0,0.0,0.0,1.0,0.0,0.0,0.0
GRID_CBE_07716,Cropland,0.0,0.0,0.0,1.0,0.0,0.0,0.0
GRID_CBE_07717,Cropland,0.0,0.0,0.0,1.0,0.0,0.0,0.0
GRID_CBE_07718,Cropland,0.0,0.0,0.0,1.0,0.0,0.0,0.0
GRID_CBE_07719,Cropland,0.0,0.0,0.0,1.0,0.0,0.0,0.0
GRID_CBE_07720,Cropland,0.0,0.0,0.0,1.0,0.0,0.0,0.0
GRID_CBE_07721,Cropland,0.0,0.0,0.0,1.0,0.0,0.0,0.0
GRID_CBE_07722,Cropland,0.0,0.0,0.0,1.0,0.0,0.0,0.0
GRID_CBE_07723,Shrubland,0.0,1.0,0.0,0.0,0.0,0.0,0.0
GRID_CBE_07724,Shrubland,0.0,1.0,0.0,0.0,0.0,0.0,0.0
GRID_CBE_07725,Shrubland,0.0,1.0,0.0,0.0,0.0,0.0,0.0
GRID_CBE_07726,Shrubland,0.0,1.0,0.0,0.0,0.0,0.0,0.0
GRID_CBE_07727,Shrubland,0.0,1.0,0.0,0.0,0.0,0.0,0.0
GRID_CBE_07728,Shrubland,0.0,1.0,0.0,0.0,0.0,0.0,0.0
GRID_CBE_07729,Shrubland,0.0,1.0,0.0,0.0,0.0,0.0,0.0
GRID_CBE_07730,Shrubland,0.0,1.0,0.0,0.0,0.0,0.0,0.0
GRID_CBE_07731,Shrubland,0.0,1.0,0.0,0.0,0.0,0.0,0.0
GRID_CBE_07732,Shrubland,0.0,1.0,0.0,0.0,0.0,0.0,0.0
GRID_CBE_07733,Shrubland,0.0,1.0,0.0,0.0,0.0,0.0,0.0
GRID_CBE_07734,Shrubland,0.0,1.0,0.0,0.0,0.0,0.0,0.0
GRID_CBE_07735,Shrubland,0.0,1.0,0.0,0.0,0.0,0.0,0.0
GRID_CBE_07736,Shrubland,0.0,1.0,0.0,0.0,0.0,0.0,0.0
GRID_CBE_07737,Shrubland,0.0,1.0,0.0,0.0,0.0,0.0,0.0
GRID_CBE_07738,Shrubland,0.0,1.0,0.0,0.0,0.0,0.0,0.0
GRID_CBE_07739,Shrubland,0.0,1.0,0.0,0.0,0.0,0.0,0.0
GRID_CBE_07740,Shrubland,0.0,1.0,0.0,0.0,0.0,0.0,0.0
GRID_CBE_07741,Shrubland,0.0,1.0,0.0,0.0,0.0,0.0,0.0
GRID_CBE_07742,Shrubland,0.0,1.0,0.0,0.0,0.0,0.0,0.0
GRID_CBE_07743,Shrubland,0.0,1.0,0.0,0.0,0.0,0.0,0.0
GRID_CBE_07744,Shrubland,0.0,1.0,0.0,0.0,0.0,0.0,0.0
GRID_CBE_07745,Shrubland,0.0,1.0,0.0,0.0,0.0,0.0,0.0
GRID_CBE_07746,Shrubland,0.0,1.0,0.0,0.0,0.0,0.0,0.0
GRID_CBE_07747,Shrubland,0.0,1.0,0.0,0.0,0.0,0.0,0.0
GRID_CBE_07748,Shrubland,0.0,1.0,0.0,0.0,0.0,0.0,0.0
GRID_CBE_07749,Shrubland,0.0,1.0,0.0,0.0,0.0,0.0,0.0
GRID_CBE_07750,Shrubland,0.0,1.0,0.0,0.0,0.0,0.0,0.0
GRID_CBE_07751,Shrubland,0.0,1.0,0.0,0.0,0.0,0.0,0.0
GRID_CBE_07752,Shrubland,0.0,1.0,0.0,0.0,0.0,0.0,0.0
GRID_CBE_07753,Shrubland,0.0,0.8182,0.0,0.1818,0.0,0.0,0.0
GRID_CBE_07754,Cropland,0.0,0.4545,0.0,0.5455,0.0,0.0,0.0
GRID_CBE_07755,Cropland,0.0,0.0909,0.0,0.9091,0.0,0.0,0.0
GRID_CBE_07756,Cropland,0.0,0.0,0.0,1.0,0.0,0.0,0.0
GRID_CBE_07757,Cropland,0.0,0.0,0.0,1.0,0.0,0.0,0.0
GRID_CBE_07758,Cropland,0.0,0.0,0.0,1.0,0.0,0.0,0.0
GRID_CBE_07759,Cropland,0.0,0.0,0.0,1.0,0.0,0.0,0.0
GRID_CBE_07760,Cropland,0.0,0.0,0.0,1.0,0.0,0.0,0.0
GRID_CBE_07761,Cropland,0.0,0.0,0.0,1.0,0.0,0.0,0.0
GRID_CBE_07762,Cropland,0.0,0.0,0.0,1.0,0.0,0.0,0.0
GRID_CBE_07763,Cropland,0.0,0.0,0.0,1.0,0.0,0.0,0.0
GRID_CBE_07764,Cropland,0.0,0.0,0.0,1.0,0.0,0.0,0.0
GRID_CBE_07765,Cropland,0.0,0.0,0.0,1.0,0.0,0.0,0.0
GRID_CBE_07766,Cropland,0.0,0.0,0.0,1.0,0.0,0.0,0.0
GRID_CBE_07767,Cropland,0.0,0.0,0.0,1.0,0.0,0.0,0.0
GRID_CBE_07768,Cropland,0.0,0.0,0.0,1.0,0.0,0.0,0.0
GRID_CBE_07769,Cropland,0.0,0.0,0.0,1.0,0.0,0.0,0.0
GRID_CBE_07770,Cropland,0.0,0.0,0.0,1.0,0.0,0.0,0.0
GRID_CBE_07771,Cropland,0.0,0.0,0.0,1.0,0.0,0.0,0.0
GRID_CBE_07772,Cropland,0.0,0.0,0.0,1.0,0.0,0.0,0.0
GRID_CBE_07773,Cropland,0.0,0.0,0.0,1.0,0.0,0.0,0.0
GRID_CBE_07774,Cropland,0.0,0.0,0.0,1.0,0.0,0.0,0.0
GRID_CBE_07775,Cropland,0.0,0.0,0.0,1.0,0.0,0.0,0.0
GRID_CBE_07776,Cropland,0.0,0.0,0.0,1.0,0.0,0.0,0.0
GRID_CBE_07777,Cropland,0.0,0.0,0.0,1.0,0.0,0.0,0.0
GRID_CBE_07778,Cropland,0.0,0.0,0.0,1.0,0.0,0.0,0.0
GRID_CBE_07779,Cropland,0.0,0.0,0.0,1.0,0.0,0.0,0.0
GRID_CBE_07780,Cropland,0.0,0.0,0.0,1.0,0.0,0.0,0.0
GRID_CBE_07781,Cropland,0.0,0.0,0.0,1.0,0.0,0.0,0.0
GRID_CBE_07782,Cropland,0.0,0.0,0.0,1.0,0.0,0.0,0.0
GRID_CBE_07783,Cropland,0.0,0.0,0.0,1.0,0.0,0.0,0.0
GRID_CBE_07784,Cropland,0.0,0.0,0.0,1.0,0.0,0.0,0.0
GRID_CBE_07785,Cropland,0.0,0.0,0.0,1.0,0.0,0.0,0.0
GRID_CBE_07786,Cropland,0.0,0.0,0.0,1.0,0.0,0.0,0.0
GRID_CBE_07787,Cropland,0.0,0.0,0.0,1.0,0.0,0.0,0.0
GRID_CBE_07788,Cropland,0.0,0.0,0.0,1.0,0.0,0.0,0.0
GRID_CBE_07789,Cropland,0.0,0.0,0.0,1.0,0.0,0.0,0.0
GRID_CBE_07790,Cropland,0.0,0.0,0.0,1.0,0.0,0.0,0.0
GRID_CBE_07791,Cropland,0.0,0.0,0.0,1.0,0.0,0.0,0.0
GRID_CBE_07792,Cropland,0.0,0.0,0.0,1.0,0.0,0.0,0.0
GRID_CBE_07793,Cropland,0.0,0.0,0.0,1.0,0.0,0.0,0.0
GRID_CBE_07794,Cropland,0.0,0.0,0.0,1.0,0.0,0.0,0.0
GRID_CBE_07795,Cropland,0.0,0.0,0.0,1.0,0.0,0.0,0.0
GRID_CBE_07796,Cropland,0.0,0.0,0.0,1.0,0.0,0.0,0.0
GRID_CBE_07797,Cropland,0.0,0.0,0.0,1.0,0.0,0.0,0.0
GRID_CBE_07798,Cropland,0.0,0.0,0.0,1.0,0.0,0.0,0.0
GRID_CBE_07799,Cropland,0.0,0.0,0.0,1.0,0.0,0.0,0.0
GRID_CBE_07800,Cropland,0.0,0.0,0.0,1.0,0.0,0.0,0.0
GRID_CBE_07801,Shrubland,0.0,1.0,0.0,0.0,0.0,0.0,0.0
GRID_CBE_07802,Shrubland,0.0,1.0,0.0,0.0,0.0,0.0,0.0
GRID_CBE_07803,Shrubland,0.0,1.0,0.0,0.0,0.0,0.0,0.0
GRID_CBE_07804,Shrubland,0.0,1.0,0.0,0.0,0.0,0.0,0.0
GRID_CBE_07805,Shrubland,0.0,1.0,0.0,0.0,0.0,0.0,0.0
GRID_CBE_07806,Shrubland,0.0,1.0,0.0,0.0,0.0,0.0,0.0
GRID_CBE_07807,Shrubland,0.0,1.0,0.0,0.0,0.0,0.0,0.0
GRID_CBE_07808,Shrubland,0.0,1.0,0.0,0.0,0.0,0.0,0.0
GRID_CBE_07809,Shrubland,0.0,1.0,0.0,0.0,0.0,0.0,0.0
GRID_CBE_07810,Shrubland,0.0,1.0,0.0,0.0,0.0,0.0,0.0
GRID_CBE_07811,Shrubland,0.0,1.0,0.0,0.0,0.0,0.0,0.0
GRID_CBE_07812,Shrubland,0.0,1.0,0.0,0.0,0.0,0.0,0.0
GRID_CBE_07813,Shrubland,0.0,1.0,0.0,0.0,0.0,0.0,0.0
GRID_CBE_07814,Shrubland,0.0,1.0,0.0,0.0,0.0,0.0,0.0
GRID_CBE_07815,Shrubland,0.0,1.0,0.0,0.0,0.0,0.0,0.0
GRID_CBE_07816,Shrubland,0.0,1.0,0.0,0.0,0.0,0.0,0.0
GRID_CBE_07817,Shrubland,0.0,1.0,0.0,0.0,0.0,0.0,0.0
GRID_CBE_07818,Shrubland,0.0,1.0,0.0,0.0,0.0,0.0,0.0
GRID_CBE_07819,Shrubland,0.0,1.0,0.0,0.0,0.0,0.0,0.0
GRID_CBE_07820,Shrubland,0.0,1.0,0.0,0.0,0.0,0.0,0.0
GRID_CBE_07821,Shrubland,0.0,1.0,0.0,0.0,0.0,0.0,0.0
GRID_CBE_07822,Shrubland,0.0,1.0,0.0,0.0,0.0,0.0,0.0
GRID_CBE_07823,Shrubland,0.0,1.0,0.0,0.0,0.0,0.0,0.0
GRID_CBE_07824,Shrubland,0.0,1.0,0.0,0.0,0.0,0.0,0.0
GRID_CBE_07825,Shrubland,0.0,1.0,0.0,0.0,0.0,0.0,0.0
GRID_CBE_07826,Shrubland,0.0,1.0,0.0,0.0,0.0,0.0,0.0
GRID_CBE_07827,Shrubland,0.0,1.0,0.0,0.0,0.0,0.0,0.0
GRID_CBE_07828,Shrubland,0.0,1.0,0.0,0.0,0.0,0.0,0.0
GRID_CBE_07829,Shrubland,0.0,1.0,0.0,0.0,0.0,0.0,0.0
GRID_CBE_07830,Shrubland,0.0,1.0,0.0,0.0,0.0,0.0,0.0
GRID_CBE_07831,Shrubland,0.0,0.8182,0.0,0.1818,0.0,0.0,0.0
GRID_CBE_07832,Cropland,0.0,0.4545,0.0,0.5455,0.0,0.0,0.0
GRID_CBE_07833,Cropland,0.0,0.0909,0.0,0.9091,0.0,0.0,0.0
GRID_CBE_07834,Cropland,0.0,0.0,0.0,1.0,0.0,0.0,0.0
GRID_CBE_07835,Cropland,0.0,0.0,0.0,1.0,0.0,0.0,0.0
GRID_CBE_07836,Cropland,0.0,0.0,0.0,1.0,0.0,0.0,0.0
GRID_CBE_07837,Cropland,0.0,0.0,0.0,1.0,0.0,0.0,0.0
GRID_CBE_07838,Cropland,0.0,0.0,0.0,1.0,0.0,0.0,0.0
GRID_CBE_07839,Cropland,0.0,0.0,0.0,1.0,0.0,0.0,0.0
GRID_CBE_07840,Cropland,0.0,0.0,0.0,1.0,0.0,0.0,0.0
GRID_CBE_07841,Cropland,0.0,0.0,0.0,1.0,0.0,0.0,0.0
GRID_CBE_07842,Cropland,0.0,0.0,0.0,1.0,0.0,0.0,0.0
GRID_CBE_07843,Cropland,0.0,0.0,0.0,1.0,0.0,0.0,0.0
GRID_CBE_07844,Cropland,0.0,0.0,0.0,1.0,0.0,0.0,0.0
GRID_CBE_07845,Cropland,0.0,0.0,0.0,1.0,0.0,0.0,0.0
GRID_CBE_07846,Cropland,0.0,0.0,0.0,1.0,0.0,0.0,0.0
GRID_CBE_07847,Cropland,0.0,0.0,0.0,1.0,0.0,0.0,0.0
GRID_CBE_07848,Cropland,0.0,0.0,0.0,1.0,0.0,0.0,0.0
GRID_CBE_07849,Cropland,0.0,0.0,0.0,1.0,0.0,0.0,0.0
GRID_CBE_07850,Cropland,0.0,0.0,0.0,1.0,0.0,0.0,0.0
GRID_CBE_07851,Cropland,0.0,0.0,0.0,1.0,0.0,0.0,0.0
GRID_CBE_07852,Cropland,0.0,0.0,0.0,1.0,0.0,0.0,0.0
GRID_CBE_07853,Cropland,0.0,0.0,0.0,1.0,0.0,0.0,0.0
GRID_CBE_07854,Cropland,0.0,0.0,0.0,1.0,0.0,0.0,0.0
GRID_CBE_07855,Cropland,0.0,0.0,0.0,1.0,0.0,0.0,0.0
GRID_CBE_07856,Cropland,0.0,0.0,0.0,1.0,0.0,0.0,0.0
GRID_CBE_07857,Cropland,0.0,0.0,0.0,1.0,0.0,0.0,0.0
GRID_CBE_07858,Cropland,0.0,0.0,0.0,1.0,0.0,0.0,0.0
GRID_CBE_07859,Cropland,0.0,0.0,0.0,1.0,0.0,0.0,0.0
GRID_CBE_07860,Cropland,0.0,0.0,0.0,1.0,0.0,0.0,0.0
GRID_CBE_07861,Cropland,0.0,0.0,0.0,1.0,0.0,0.0,0.0
GRID_CBE_07862,Cropland,0.0,0.0,0.0,1.0,0.0,0.0,0.0
GRID_CBE_07863,Cropland,0.0,0.0,0.0,1.0,0.0,0.0,0.0
GRID_CBE_07864,Cropland,0.0,0.0,0.0,1.0,0.0,0.0,0.0
GRID_CBE_07865,Cropland,0.0,0.0,0.0,1.0,0.0,0.0,0.0
GRID_CBE_07866,Cropland,0.0,0.0,0.0,1.0,0.0,0.0,0.0
GRID_CBE_07867,Cropland,0.0,0.0,0.0,1.0,0.0,0.0,0.0
GRID_CBE_07868,Cropland,0.0,0.0,0.0,1.0,0.0,0.0,0.0
GRID_CBE_07869,Cropland,0.0,0.0,0.0,1.0,0.0,0.0,0.0
GRID_CBE_07870,Cropland,0.0,0.0,0.0,1.0,0.0,0.0,0.0
GRID_CBE_07871,Cropland,0.0,0.0,0.0,1.0,0.0,0.0,0.0
GRID_CBE_07872,Cropland,0.0,0.0,0.0,1.0,0.0,0.0,0.0
GRID_CBE_07873,Cropland,0.0,0.0,0.0,1.0,0.0,0.0,0.0
GRID_CBE_07874,Cropland,0.0,0.0,0.0,1.0,0.0,0.0,0.0
GRID_CBE_07875,Cropland,0.0,0.0,0.0,1.0,0.0,0.0,0.0
GRID_CBE_07876,Cropland,0.0,0.0,0.0,1.0,0.0,0.0,0.0
GRID_CBE_07877,Cropland,0.0,0.0,0.0,1.0,0.0,0.0,0.0
GRID_CBE_07878,Cropland,0.0,0.0,0.0,1.0,0.0,0.0,0.0
GRID_CBE_07879,Shrubland,0.0,1.0,0.0,0.0,0.0,0.0,0.0
GRID_CBE_07880,Shrubland,0.0,1.0,0.0,0.0,0.0,0.0,0.0
GRID_CBE_07881,Shrubland,0.0,1.0,0.0,0.0,0.0,0.0,0.0
GRID_CBE_07882,Shrubland,0.0,1.0,0.0,0.0,0.0,0.0,0.0
GRID_CBE_07883,Shrubland,0.0,1.0,0.0,0.0,0.0,0.0,0.0
GRID_CBE_07884,Shrubland,0.0,1.0,0.0,0.0,0.0,0.0,0.0
GRID_CBE_07885,Shrubland,0.0,1.0,0.0,0.0,0.0,0.0,0.0
GRID_CBE_07886,Shrubland,0.0,1.0,0.0,0.0,0.0,0.0,0.0
GRID_CBE_07887,Shrubland,0.0,1.0,0.0,0.0,0.0,0.0,0.0
GRID_CBE_07888,Shrubland,0.0,1.0,0.0,0.0,0.0,0.0,0.0
GRID_CBE_07889,Shrubland,0.0,1.0,0.0,0.0,0.0,0.0,0.0
GRID_CBE_07890,Shrubland,0.0,1.0,0.0,0.0,0.0,0.0,0.0
GRID_CBE_07891,Shrubland,0.0,1.0,0.0,0.0,0.0,0.0,0.0
GRID_CBE_07892,Shrubland,0.0,1.0,0.0,0.0,0.0,0.0,0.0
GRID_CBE_07893,Shrubland,0.0,1.0,0.0,0.0,0.0,0.0,0.0
GRID_CBE_07894,Shrubland,0.0,1.0,0.0,0.0,0.0,0.0,0.0
GRID_CBE_07895,Shrubland,0.0,1.0,0.0,0.0,0.0,0.0,0.0
GRID_CBE_07896,Shrubland,0.0,1.0,0.0,0.0,0.0,0.0,0.0
GRID_CBE_07897,Shrubland,0.0,1.0,0.0,0.0,0.0,0.0,0.0
GRID_CBE_07898,Shrubland,0.0,1.0,0.0,0.0,0.0,0.0,0.0
GRID_CBE_07899,Shrubland,0.0,1.0,0.0,0.0,0.0,0.0,0.0
GRID_CBE_07900,Shrubland,0.0,1.0,0.0,0.0,0.0,0.0,0.0
GRID_CBE_07901,Shrubland,0.0,1.0,0.0,0.0,0.0,0.0,0.0
GRID_CBE_07902,Shrubland,0.0,1.0,0.0,0.0,0.0,0.0,0.0
GRID_CBE_07903,Shrubland,0.0,1.0,0.0,0.0,0.0,0.0,0.0
GRID_CBE_07904,Shrubland,0.0,1.0,0.0,0.0,0.0,0.0,0.0
GRID_CBE_07905,Shrubland,0.0,1.0,0.0,0.0,0.0,0.0,0.0
GRID_CBE_07906,Shrubland,0.0,1.0,0.0,0.0,0.0,0.0,0.0
GRID_CBE_07907,Shrubland,0.0,1.0,0.0,0.0,0.0,0.0,0.0
GRID_CBE_07908,Shrubland,0.0,1.0,0.0,0.0,0.0,0.0,0.0
GRID_CBE_07909,Shrubland,0.0,0.8182,0.0,0.1818,0.0,0.0,0.0
GRID_CBE_07910,Cropland,0.0,0.4545,0.0,0.5455,0.0,0.0,0.0
GRID_CBE_07911,Cropland,0.0,0.0909,0.0,0.9091,0.0,0.0,0.0
GRID_CBE_07912,Cropland,0.0,0.0,0.0,1.0,0.0,0.0,0.0
GRID_CBE_07913,Cropland,0.0,0.0,0.0,1.0,0.0,0.0,0.0
GRID_CBE_07914,Cropland,0.0,0.0,0.0,1.0,0.0,0.0,0.0
GRID_CBE_07915,Cropland,0.0,0.0,0.0,1.0,0.0,0.0,0.0
GRID_CBE_07916,Cropland,0.0,0.0,0.0,1.0,0.0,0.0,0.0
GRID_CBE_07917,Cropland,0.0,0.0,0.0,1.0,0.0,0.0,0.0
GRID_CBE_07918,Cropland,0.0,0.0,0.0,1.0,0.0,0.0,0.0
GRID_CBE_07919,Cropland,0.0,0.0,0.0,1.0,0.0,0.0,0.0
GRID_CBE_07920,Cropland,0.0,0.0,0.0,1.0,0.0,0.0,0.0
GRID_CBE_07921,Cropland,0.0,0.0,0.0,1.0,0.0,0.0,0.0
GRID_CBE_07922,Cropland,0.0,0.0,0.0,1.0,0.0,0.0,0.0
GRID_CBE_07923,Cropland,0.0,0.0,0.0,1.0,0.0,0.0,0.0
GRID_CBE_07924,Cropland,0.0,0.0,0.0,1.0,0.0,0.0,0.0
GRID_CBE_07925,Cropland,0.0,0.0,0.0,1.0,0.0,0.0,0.0
GRID_CBE_07926,Cropland,0.0,0.0,0.0,1.0,0.0,0.0,0.0
GRID_CBE_07927,Cropland,0.0,0.0,0.0,1.0,0.0,0.0,0.0
GRID_CBE_07928,Cropland,0.0,0.0,0.0,1.0,0.0,0.0,0.0
GRID_CBE_07929,Cropland,0.0,0.0,0.0,1.0,0.0,0.0,0.0
GRID_CBE_07930,Cropland,0.0,0.0,0.0,1.0,0.0,0.0,0.0
GRID_CBE_07931,Cropland,0.0,0.0,0.0,1.0,0.0,0.0,0.0
GRID_CBE_07932,Cropland,0.0,0.0,0.0,1.0,0.0,0.0,0.0
GRID_CBE_07933,Cropland,0.0,0.0,0.0,1.0,0.0,0.0,0.0
GRID_CBE_07934,Cropland,0.0,0.0,0.0,1.0,0.0,0.0,0.0
GRID_CBE_07935,Cropland,0.0,0.0,0.0,1.0,0.0,0.0,0.0
GRID_CBE_07936,Cropland,0.0,0.0,0.0,1.0,0.0,0.0,0.0
GRID_CBE_07937,Cropland,0.0,0.0,0.0,1.0,0.0,0.0,0.0
GRID_CBE_07938,Cropland,0.0,0.0,0.0,1.0,0.0,0.0,0.0
GRID_CBE_07939,Cropland,0.0,0.0,0.0,1.0,0.0,0.0,0.0
GRID_CBE_07940,Cropland,0.0,0.0,0.0,1.0,0.0,0.0,0.0
GRID_CBE_07941,Cropland,0.0,0.0,0.0,1.0,0.0,0.0,0.0
GRID_CBE_07942,Cropland,0.0,0.0,0.0,1.0,0.0,0.0,0.0
GRID_CBE_07943,Cropland,0.0,0.0,0.0,1.0,0.0,0.0,0.0
GRID_CBE_07944,Cropland,0.0,0.0,0.0,1.0,0.0,0.0,0.0
GRID_CBE_07945,Cropland,0.0,0.0,0.0,1.0,0.0,0.0,0.0
GRID_CBE_07946,Cropland,0.0,0.0,0.0,1.0,0.0,0.0,0.0
GRID_CBE_07947,Cropland,0.0,0.0,0.0,1.0,0.0,0.0,0.0
GRID_CBE_07948,Cropland,0.0,0.0,0.0,1.0,0.0,0.0,0.0
GRID_CBE_07949,Cropland,0.0,0.0,0.0,1.0,0.0,0.0,0.0
GRID_CBE_07950,Cropland,0.0,0.0,0.0,1.0,0.0,0.0,0.0
GRID_CBE_07951,Cropland,0.0,0.0,0.0,1.0,0.0,0.0,0.0
GRID_CBE_07952,Cropland,0.0,0.0,0.0,1.0,0.0,0.0,0.0
GRID_CBE_07953,Cropland,0.0,0.0,0.0,1.0,0.0,0.0,0.0
GRID_CBE_07954,Cropland,0.0,0.0,0.0,1.0,0.0,0.0,0.0
GRID_CBE_07955,Cropland,0.0,0.0,0.0,1.0,0.0,0.0,0.0
GRID_CBE_07956,Cropland,0.0,0.0,0.0,1.0,0.0,0.0,0.0
GRID_CBE_07957,Shrubland,0.0,1.0,0.0,0.0,0.0,0.0,0.0
GRID_CBE_07958,Shrubland,0.0,1.0,0.0,0.0,0.0,0.0,0.0
GRID_CBE_07959,Shrubland,0.0,1.0,0.0,0.0,0.0,0.0,0.0
GRID_CBE_07960,Shrubland,0.0,1.0,0.0,0.0,0.0,0.0,0.0
GRID_CBE_07961,Shrubland,0.0,1.0,0.0,0.0,0.0,0.0,0.0
GRID_CBE_07962,Shrubland,0.0,1.0,0.0,0.0,0.0,0.0,0.0
GRID_CBE_07963,Shrubland,0.0,1.0,0.0,0.0,0.0,0.0,0.0
GRID_CBE_07964,Shrubland,0.0,1.0,0.0,0.0,0.0,0.0,0.0
GRID_CBE_07965,Shrubland,0.0,1.0,0.0,0.0,0.0,0.0,0.0
GRID_CBE_07966,Shrubland,0.0,1.0,0.0,0.0,0.0,0.0,0.0
GRID_CBE_07967,Shrubland,0.0,1.0,0.0,0.0,0.0,0.0,0.0
GRID_CBE_07968,Shrubland,0.0,1.0,0.0,0.0,0.0,0.0,0.0
GRID_CBE_07969,Shrubland,0.0,1.0,0.0,0.0,0.0,0.0,0.0
GRID_CBE_07970,Shrubland,0.0,1.0,0.0,0.0,0.0,0.0,0.0
GRID_CBE_07971,Shrubland,0.0,1.0,0.0,0.0,0.0,0.0,0.0
GRID_CBE_07972,Shrubland,0.0,1.0,0.0,0.0,0.0,0.0,0.0
GRID_CBE_07973,Shrubland,0.0,1.0,0.0,0.0,0.0,0.0,0.0
GRID_CBE_07974,Shrubland,0.0,1.0,0.0,0.0,0.0,0.0,0.0
GRID_CBE_07975,Shrubland,0.0,1.0,0.0,0.0,0.0,0.0,0.0
GRID_CBE_07976,Shrubland,0.0,1.0,0.0,0.0,0.0,0.0,0.0
GRID_CBE_07977,Shrubland,0.0,1.0,0.0,0.0,0.0,0.0,0.0
GRID_CBE_07978,Shrubland,0.0,1.0,0.0,0.0,0.0,0.0,0.0
GRID_CBE_07979,Shrubland,0.0,1.0,0.0,0.0,0.0,0.0,0.0
GRID_CBE_07980,Shrubland,0.0,1.0,0.0,0.0,0.0,0.0,0.0
GRID_CBE_07981,Shrubland,0.0,1.0,0.0,0.0,0.0,0.0,0.0
GRID_CBE_07982,Shrubland,0.0,1.0,0.0,0.0,0.0,0.0,0.0
GRID_CBE_07983,Shrubland,0.0,1.0,0.0,0.0,0.0,0.0,0.0
GRID_CBE_07984,Shrubland,0.0,1.0,0.0,0.0,0.0,0.0,0.0
GRID_CBE_07985,Shrubland,0.0,1.0,0.0,0.0,0.0,0.0,0.0
GRID_CBE_07986,Shrubland,0.0,1.0,0.0,0.0,0.0,0.0,0.0
GRID_CBE_07987,Shrubland,0.0,0.8182,0.0,0.1818,0.0,0.0,0.0
GRID_CBE_07988,Cropland,0.0,0.4545,0.0,0.5455,0.0,0.0,0.0
GRID_CBE_07989,Cropland,0.0,0.0909,0.0,0.9091,0.0,0.0,0.0
GRID_CBE_07990,Cropland,0.0,0.0,0.0,1.0,0.0,0.0,0.0
GRID_CBE_07991,Cropland,0.0,0.0,0.0,1.0,0.0,0.0,0.0
GRID_CBE_07992,Cropland,0.0,0.0,0.0,1.0,0.0,0.0,0.0
GRID_CBE_07993,Cropland,0.0,0.0,0.0,1.0,0.0,0.0,0.0
GRID_CBE_07994,Cropland,0.0,0.0,0.0,1.0,0.0,0.0,0.0
GRID_CBE_07995,Cropland,0.0,0.0,0.0,1.0,0.0,0.0,0.0
GRID_CBE_07996,Cropland,0.0,0.0,0.0,1.0,0.0,0.0,0.0
GRID_CBE_07997,Cropland,0.0,0.0,0.0,1.0,0.0,0.0,0.0
GRID_CBE_07998,Cropland,0.0,0.0,0.0,1.0,0.0,0.0,0.0
GRID_CBE_07999,Cropland,0.0,0.0,0.0,1.0,0.0,0.0,0.0
GRID_CBE_08000,Cropland,0.0,0.0,0.0,1.0,0.0,0.0,0.0
GRID_CBE_08001,Cropland,0.0,0.0,0.0,1.0,0.0,0.0,0.0
GRID_CBE_08002,Cropland,0.0,0.0,0.0,1.0,0.0,0.0,0.0
GRID_CBE_08003,Cropland,0.0,0.0,0.0,1.0,0.0,0.0,0.0
GRID_CBE_08004,Cropland,0.0,0.0,0.0,1.0,0.0,0.0,0.0
GRID_CBE_08005,Cropland,0.0,0.0,0.0,1.0,0.0,0.0,0.0
GRID_CBE_08006,Cropland,0.0,0.0,0.0,1.0,0.0,0.0,0.0
GRID_CBE_08007,Cropland,0.0,0.0,0.0,1.0,0.0,0.0,0.0
GRID_CBE_08008,Cropland,0.0,0.0,0.0,1.0,0.0,0.0,0.0
GRID_CBE_08009,Cropland,0.0,0.0,0.0,1.0,0.0,0.0,0.0
GRID_CBE_08010,Cropland,0.0,0.0,0.0,1.0,0.0,0.0,0.0
GRID_CBE_08011,Cropland,0.0,0.0,0.0,1.0,0.0,0.0,0.0
GRID_CBE_08012,Cropland,0.0,0.0,0.0,1.0,0.0,0.0,0.0
GRID_CBE_08013,Cropland,0.0,0.0,0.0,1.0,0.0,0.0,0.0
GRID_CBE_08014,Cropland,0.0,0.0,0.0,1.0,0.0,0.0,0.0
GRID_CBE_08015,Cropland,0.0,0.0,0.0,1.0,0.0,0.0,0.0
GRID_CBE_08016,Cropland,0.0,0.0,0.0,1.0,0.0,0.0,0.0
GRID_CBE_08017,Cropland,0.0,0.0,0.0,1.0,0.0,0.0,0.0
GRID_CBE_08018,Cropland,0.0,0.0,0.0,1.0,0.0,0.0,0.0
GRID_CBE_08019,Cropland,0.0,0.0,0.0,1.0,0.0,0.0,0.0
GRID_CBE_08020,Cropland,0.0,0.0,0.0,1.0,0.0,0.0,0.0
GRID_CBE_08021,Cropland,0.0,0.0,0.0,1.0,0.0,0.0,0.0
GRID_CBE_08022,Cropland,0.0,0.0,0.0,1.0,0.0,0.0,0.0
GRID_CBE_08023,Cropland,0.0,0.0,0.0,1.0,0.0,0.0,0.0
GRID_CBE_08024,Cropland,0.0,0.0,0.0,1.0,0.0,0.0,0.0
GRID_CBE_08025,Cropland,0.0,0.0,0.0,1.0,0.0,0.0,0.0
GRID_CBE_08026,Cropland,0.0,0.0,0.0,1.0,0.0,0.0,0.0
GRID_CBE_08027,Cropland,0.0,0.0,0.0,1.0,0.0,0.0,0.0
GRID_CBE_08028,Cropland,0.0,0.0,0.0,1.0,0.0,0.0,0.0
GRID_CBE_08029,Cropland,0.0,0.0,0.0,1.0,0.0,0.0,0.0
GRID_CBE_08030,Cropland,0.0,0.0,0.0,1.0,0.0,0.0,0.0
GRID_CBE_08031,Cropland,0.0,0.0,0.0,1.0,0.0,0.0,0.0
GRID_CBE_08032,Cropland,0.0,0.0,0.0,1.0,0.0,0.0,0.0
GRID_CBE_08033,Cropland,0.0,0.0,0.0,1.0,0.0,0.0,0.0
GRID_CBE_08034,Cropland,0.0,0.0,0.0,1.0,0.0,0.0,0.0
GRID_CBE_08035,Shrubland,0.0,1.0,0.0,0.0,0.0,0.0,0.0
GRID_CBE_08036,Shrubland,0.0,1.0,0.0,0.0,0.0,0.0,0.0
GRID_CBE_08037,Shrubland,0.0,1.0,0.0,0.0,0.0,0.0,0.0
GRID_CBE_08038,Shrubland,0.0,1.0,0.0,0.0,0.0,0.0,0.0
GRID_CBE_08039,Shrubland,0.0,1.0,0.0,0.0,0.0,0.0,0.0
GRID_CBE_08040,Shrubland,0.0,1.0,0.0,0.0,0.0,0.0,0.0
GRID_CBE_08041,Shrubland,0.0,1.0,0.0,0.0,0.0,0.0,0.0
GRID_CBE_08042,Shrubland,0.0,1.0,0.0,0.0,0.0,0.0,0.0
GRID_CBE_08043,Shrubland,0.0,1.0,0.0,0.0,0.0,0.0,0.0
GRID_CBE_08044,Shrubland,0.0,1.0,0.0,0.0,0.0,0.0,0.0
GRID_CBE_08045,Shrubland,0.0,1.0,0.0,0.0,0.0,0.0,0.0
GRID_CBE_08046,Shrubland,0.0,1.0,0.0,0.0,0.0,0.0,0.0
GRID_CBE_08047,Shrubland,0.0,1.0,0.0,0.0,0.0,0.0,0.0
GRID_CBE_08048,Shrubland,0.0,1.0,0.0,0.0,0.0,0.0,0.0
GRID_CBE_08049,Shrubland,0.0,1.0,0.0,0.0,0.0,0.0,0.0
GRID_CBE_08050,Shrubland,0.0,1.0,0.0,0.0,0.0,0.0,0.0
GRID_CBE_08051,Shrubland,0.0,1.0,0.0,0.0,0.0,0.0,0.0
GRID_CBE_08052,Shrubland,0.0,1.0,0.0,0.0,0.0,0.0,0.0
GRID_CBE_08053,Shrubland,0.0,1.0,0.0,0.0,0.0,0.0,0.0
GRID_CBE_08054,Shrubland,0.0,1.0,0.0,0.0,0.0,0.0,0.0
GRID_CBE_08055,Shrubland,0.0,1.0,0.0,0.0,0.0,0.0,0.0
GRID_CBE_08056,Shrubland,0.0,1.0,0.0,0.0,0.0,0.0,0.0
GRID_CBE_08057,Shrubland,0.0,1.0,0.0,0.0,0.0,0.0,0.0
GRID_CBE_08058,Shrubland,0.0,1.0,0.0,0.0,0.0,0.0,0.0
GRID_CBE_08059,Shrubland,0.0,1.0,0.0,0.0,0.0,0.0,0.0
GRID_CBE_08060,Shrubland,0.0,1.0,0.0,0.0,0.0,0.0,0.0
GRID_CBE_08061,Shrubland,0.0,1.0,0.0,0.0,0.0,0.0,0.0
GRID_CBE_08062,Shrubland,0.0,1.0,0.0,0.0,0.0,0.0,0.0
GRID_CBE_08063,Shrubland,0.0,1.0,0.0,0.0,0.0,0.0,0.0
GRID_CBE_08064,Shrubland,0.0,1.0,0.0,0.0,0.0,0.0,0.0
GRID_CBE_08065,Shrubland,0.0,0.8182,0.0,0.1818,0.0,0.0,0.0
GRID_CBE_08066,Cropland,0.0,0.4545,0.0,0.5455,0.0,0.0,0.0
GRID_CBE_08067,Cropland,0.0,0.0909,0.0,0.9091,0.0,0.0,0.0
GRID_CBE_08068,Cropland,0.0,0.0,0.0,1.0,0.0,0.0,0.0
GRID_CBE_08069,Cropland,0.0,0.0,0.0,1.0,0.0,0.0,0.0
GRID_CBE_08070,Cropland,0.0,0.0,0.0,1.0,0.0,0.0,0.0
GRID_CBE_08071,Cropland,0.0,0.0,0.0,1.0,0.0,0.0,0.0
GRID_CBE_08072,Cropland,0.0,0.0,0.0,1.0,0.0,0.0,0.0
GRID_CBE_08073,Cropland,0.0,0.0,0.0,1.0,0.0,0.0,0.0
GRID_CBE_08074,Cropland,0.0,0.0,0.0,1.0,0.0,0.0,0.0
GRID_CBE_08075,Cropland,0.0,0.0,0.0,1.0,0.0,0.0,0.0
GRID_CBE_08076,Cropland,0.0,0.0,0.0,1.0,0.0,0.0,0.0
GRID_CBE_08077,Cropland,0.0,0.0,0.0,1.0,0.0,0.0,0.0
GRID_CBE_08078,Cropland,0.0,0.0,0.0,1.0,0.0,0.0,0.0
GRID_CBE_08079,Cropland,0.0,0.0,0.0,1.0,0.0,0.0,0.0
GRID_CBE_08080,Cropland,0.0,0.0,0.0,1.0,0.0,0.0,0.0
GRID_CBE_08081,Cropland,0.0,0.0,0.0,1.0,0.0,0.0,0.0
GRID_CBE_08082,Cropland,0.0,0.0,0.0,1.0,0.0,0.0,0.0
GRID_CBE_08083,Cropland,0.0,0.0,0.0,1.0,0.0,0.0,0.0
GRID_CBE_08084,Cropland,0.0,0.0,0.0,1.0,0.0,0.0,0.0
GRID_CBE_08085,Cropland,0.0,0.0,0.0,1.0,0.0,0.0,0.0
GRID_CBE_08086,Cropland,0.0,0.0,0.0,1.0,0.0,0.0,0.0
GRID_CBE_08087,Cropland,0.0,0.0,0.0,1.0,0.0,0.0,0.0
GRID_CBE_08088,Cropland,0.0,0.0,0.0,1.0,0.0,0.0,0.0
GRID_CBE_08089,Cropland,0.0,0.0,0.0,1.0,0.0,0.0,0.0
GRID_CBE_08090,Cropland,0.0,0.0,0.0,1.0,0.0,0.0,0.0
GRID_CBE_08091,Cropland,0.0,0.0,0.0,1.0,0.0,0.0,0.0
GRID_CBE_08092,Cropland,0.0,0.0,0.0,1.0,0.0,0.0,0.0
GRID_CBE_08093,Cropland,0.0,0.0,0.0,1.0,0.0,0.0,0.0
GRID_CBE_08094,Cropland,0.0,0.0,0.0,1.0,0.0,0.0,0.0
GRID_CBE_08095,Cropland,0.0,0.0,0.0,1.0,0.0,0.0,0.0
GRID_CBE_08096,Cropland,0.0,0.0,0.0,1.0,0.0,0.0,0.0
GRID_CBE_08097,Cropland,0.0,0.0,0.0,1.0,0.0,0.0,0.0
GRID_CBE_08098,Cropland,0.0,0.0,0.0,1.0,0.0,0.0,0.0
GRID_CBE_08099,Cropland,0.0,0.0,0.0,1.0,0.0,0.0,0.0
GRID_CBE_08100,Cropland,0.0,0.0,0.0,1.0,0.0,0.0,0.0
GRID_CBE_08101,Cropland,0.0,0.0,0.0,1.0,0.0,0.0,0.0
GRID_CBE_08102,Cropland,0.0,0.0,0.0,1.0,0.0,0.0,0.0
GRID_CBE_08103,Cropland,0.0,0.0,0.0,1.0,0.0,0.0,0.0
GRID_CBE_08104,Cropland,0.0,0.0,0.0,1.0,0.0,0.0,0.0
GRID_CBE_08105,Cropland,0.0,0.0,0.0,1.0,0.0,0.0,0.0
GRID_CBE_08106,Cropland,0.0,0.0,0.0,1.0,0.0,0.0,0.0
GRID_CBE_08107,Cropland,0.0,0.0,0.0,1.0,0.0,0.0,0.0
GRID_CBE_08108,Cropland,0.0,0.0,0.0,1.0,0.0,0.0,0.0
GRID_CBE_08109,Cropland,0.0,0.0,0.0,1.0,0.0,0.0,0.0
GRID_CBE_08110,Cropland,0.0,0.0,0.0,1.0,0.0,0.0,0.0
GRID_CBE_08111,Cropland,0.0,0.0,0.0,1.0,0.0,0.0,0.0
GRID_CBE_08112,Cropland,0.0,0.0,0.0,1.0,0.0,0.0,0.0
GRID_CBE_08113,Shrubland,0.0,1.0,0.0,0.0,0.0,0.0,0.0
GRID_CBE_08114,Shrubland,0.0,1.0,0.0,0.0,0.0,0.0,0.0
GRID_CBE_08115,Shrubland,0.0,1.0,0.0,0.0,0.0,0.0,0.0
GRID_CBE_08116,Shrubland,0.0,1.0,0.0,0.0,0.0,0.0,0.0
GRID_CBE_08117,Shrubland,0.0,1.0,0.0,0.0,0.0,0.0,0.0
GRID_CBE_08118,Shrubland,0.0,1.0,0.0,0.0,0.0,0.0,0.0
GRID_CBE_08119,Shrubland,0.0,1.0,0.0,0.0,0.0,0.0,0.0
GRID_CBE_08120,Shrubland,0.0,1.0,0.0,0.0,0.0,0.0,0.0
GRID_CBE_08121,Shrubland,0.0,1.0,0.0,0.0,0.0,0.0,0.0
GRID_CBE_08122,Shrubland,0.0,1.0,0.0,0.0,0.0,0.0,0.0
GRID_CBE_08123,Shrubland,0.0,1.0,0.0,0.0,0.0,0.0,0.0
GRID_CBE_08124,Shrubland,0.0,1.0,0.0,0.0,0.0,0.0,0.0
GRID_CBE_08125,Shrubland,0.0,1.0,0.0,0.0,0.0,0.0,0.0
GRID_CBE_08126,Shrubland,0.0,1.0,0.0,0.0,0.0,0.0,0.0
GRID_CBE_08127,Shrubland,0.0,1.0,0.0,0.0,0.0,0.0,0.0
GRID_CBE_08128,Shrubland,0.0,1.0,0.0,0.0,0.0,0.0,0.0
GRID_CBE_08129,Shrubland,0.0,1.0,0.0,0.0,0.0,0.0,0.0
GRID_CBE_08130,Shrubland,0.0,1.0,0.0,0.0,0.0,0.0,0.0
GRID_CBE_08131,Shrubland,0.0,1.0,0.0,0.0,0.0,0.0,0.0
GRID_CBE_08132,Shrubland,0.0,1.0,0.0,0.0,0.0,0.0,0.0
GRID_CBE_08133,Shrubland,0.0,1.0,0.0,0.0,0.0,0.0,0.0
GRID_CBE_08134,Shrubland,0.0,1.0,0.0,0.0,0.0,0.0,0.0
GRID_CBE_08135,Shrubland,0.0,1.0,0.0,0.0,0.0,0.0,0.0
GRID_CBE_08136,Shrubland,0.0,1.0,0.0,0.0,0.0,0.0,0.0
GRID_CBE_08137,Shrubland,0.0,1.0,0.0,0.0,0.0,0.0,0.0
GRID_CBE_08138,Shrubland,0.0,1.0,0.0,0.0,0.0,0.0,0.0
GRID_CBE_08139,Shrubland,0.0,1.0,0.0,0.0,0.0,0.0,0.0
GRID_CBE_08140,Shrubland,0.0,1.0,0.0,0.0,0.0,0.0,0.0
GRID_CBE_08141,Shrubland,0.0,1.0,0.0,0.0,0.0,0.0,0.0
GRID_CBE_08142,Shrubland,0.0,1.0,0.0,0.0,0.0,0.0,0.0
GRID_CBE_08143,Shrubland,0.0,0.8182,0.0,0.1818,0.0,0.0,0.0
GRID_CBE_08144,Cropland,0.0,0.4545,0.0,0.5455,0.0,0.0,0.0
GRID_CBE_08145,Cropland,0.0,0.0909,0.0,0.9091,0.0,0.0,0.0
GRID_CBE_08146,Cropland,0.0,0.0,0.0,1.0,0.0,0.0,0.0
GRID_CBE_08147,Cropland,0.0,0.0,0.0,1.0,0.0,0.0,0.0
GRID_CBE_08148,Cropland,0.0,0.0,0.0,1.0,0.0,0.0,0.0
GRID_CBE_08149,Cropland,0.0,0.0,0.0,1.0,0.0,0.0,0.0
GRID_CBE_08150,Cropland,0.0,0.0,0.0,1.0,0.0,0.0,0.0
GRID_CBE_08151,Cropland,0.0,0.0,0.0,1.0,0.0,0.0,0.0
GRID_CBE_08152,Cropland,0.0,0.0,0.0,1.0,0.0,0.0,0.0
GRID_CBE_08153,Cropland,0.0,0.0,0.0,1.0,0.0,0.0,0.0
GRID_CBE_08154,Cropland,0.0,0.0,0.0,1.0,0.0,0.0,0.0
GRID_CBE_08155,Cropland,0.0,0.0,0.0,1.0,0.0,0.0,0.0
GRID_CBE_08156,Cropland,0.0,0.0,0.0,1.0,0.0,0.0,0.0
GRID_CBE_08157,Cropland,0.0,0.0,0.0,1.0,0.0,0.0,0.0
GRID_CBE_08158,Cropland,0.0,0.0,0.0,1.0,0.0,0.0,0.0
GRID_CBE_08159,Cropland,0.0,0.0,0.0,1.0,0.0,0.0,0.0
GRID_CBE_08160,Cropland,0.0,0.0,0.0,1.0,0.0,0.0,0.0
GRID_CBE_08161,Cropland,0.0,0.0,0.0,1.0,0.0,0.0,0.0
GRID_CBE_08162,Cropland,0.0,0.0,0.0,1.0,0.0,0.0,0.0
GRID_CBE_08163,Cropland,0.0,0.0,0.0,1.0,0.0,0.0,0.0
GRID_CBE_08164,Cropland,0.0,0.0,0.0,1.0,0.0,0.0,0.0
GRID_CBE_08165,Cropland,0.0,0.0,0.0,1.0,0.0,0.0,0.0
GRID_CBE_08166,Cropland,0.0,0.0,0.0,1.0,0.0,0.0,0.0
GRID_CBE_08167,Cropland,0.0,0.0,0.0,1.0,0.0,0.0,0.0
GRID_CBE_08168,Cropland,0.0,0.0,0.0,1.0,0.0,0.0,0.0
GRID_CBE_08169,Cropland,0.0,0.0,0.0,1.0,0.0,0.0,0.0
GRID_CBE_08170,Cropland,0.0,0.0,0.0,1.0,0.0,0.0,0.0
GRID_CBE_08171,Cropland,0.0,0.0,0.0,1.0,0.0,0.0,0.0
GRID_CBE_08172,Cropland,0.0,0.0,0.0,1.0,0.0,0.0,0.0
GRID_CBE_08173,Cropland,0.0,0.0,0.0,1.0,0.0,0.0,0.0
GRID_CBE_08174,Cropland,0.0,0.0,0.0,1.0,0.0,0.0,0.0
GRID_CBE_08175,Cropland,0.0,0.0,0.0,1.0,0.0,0.0,0.0
GRID_CBE_08176,Cropland,0.0,0.0,0.0,1.0,0.0,0.0,0.0
GRID_CBE_08177,Cropland,0.0,0.0,0.0,1.0,0.0,0.0,0.0
GRID_CBE_08178,Cropland,0.0,0.0,0.0,1.0,0.0,0.0,0.0
GRID_CBE_08179,Cropland,0.0,0.0,0.0,1.0,0.0,0.0,0.0
GRID_CBE_08180,Cropland,0.0,0.0,0.0,1.0,0.0,0.0,0.0
GRID_CBE_08181,Cropland,0.0,0.0,0.0,1.0,0.0,0.0,0.0
GRID_CBE_08182,Cropland,0.0,0.0,0.0,1.0,0.0,0.0,0.0
GRID_CBE_08183,Cropland,0.0,0.0,0.0,1.0,0.0,0.0,0.0
GRID_CBE_08184,Cropland,0.0,0.0,0.0,1.0,0.0,0.0,0.0
GRID_CBE_08185,Cropland,0.0,0.0,0.0,1.0,0.0,0.0,0.0
GRID_CBE_08186,Cropland,0.0,0.0,0.0,1.0,0.0,0.0,0.0
GRID_CBE_08187,Cropland,0.0,0.0,0.0,1.0,0.0,0.0,0.0
GRID_CBE_08188,Cropland,0.0,0.0,0.0,1.0,0.0,0.0,0.0
GRID_CBE_08189,Cropland,0.0,0.0,0.0,1.0,0.0,0.0,0.0
GRID_CBE_08190,Cropland,0.0,0.0,0.0,1.0,0.0,0.0,0.0
GRID_CBE_08191,Shrubland,0.0,1.0,0.0,0.0,0.0,0.0,0.0
GRID_CBE_08192,Shrubland,0.0,1.0,0.0,0.0,0.0,0.0,0.0
GRID_CBE_08193,Shrubland,0.0,1.0,0.0,0.0,0.0,0.0,0.0
GRID_CBE_08194,Shrubland,0.0,1.0,0.0,0.0,0.0,0.0,0.0
GRID_CBE_08195,Shrubland,0.0,1.0,0.0,0.0,0.0,0.0,0.0
GRID_CBE_08196,Shrubland,0.0,1.0,0.0,0.0,0.0,0.0,0.0
GRID_CBE_08197,Shrubland,0.0,1.0,0.0,0.0,0.0,0.0,0.0
GRID_CBE_08198,Shrubland,0.0,1.0,0.0,0.0,0.0,0.0,0.0
GRID_CBE_08199,Shrubland,0.0,1.0,0.0,0.0,0.0,0.0,0.0
GRID_CBE_08200,Shrubland,0.0,1.0,0.0,0.0,0.0,0.0,0.0
GRID_CBE_08201,Shrubland,0.0,1.0,0.0,0.0,0.0,0.0,0.0
GRID_CBE_08202,Shrubland,0.0,1.0,0.0,0.0,0.0,0.0,0.0
GRID_CBE_08203,Shrubland,0.0,1.0,0.0,0.0,0.0,0.0,0.0
GRID_CBE_08204,Shrubland,0.0,1.0,0.0,0.0,0.0,0.0,0.0
GRID_CBE_08205,Shrubland,0.0,1.0,0.0,0.0,0.0,0.0,0.0
GRID_CBE_08206,Shrubland,0.0,1.0,0.0,0.0,0.0,0.0,0.0
GRID_CBE_08207,Shrubland,0.0,1.0,0.0,0.0,0.0,0.0,0.0
GRID_CBE_08208,Shrubland,0.0,1.0,0.0,0.0,0.0,0.0,0.0
GRID_CBE_08209,Shrubland,0.0,1.0,0.0,0.0,0.0,0.0,0.0
GRID_CBE_08210,Shrubland,0.0,1.0,0.0,0.0,0.0,0.0,0.0
GRID_CBE_08211,Shrubland,0.0,1.0,0.0,0.0,0.0,0.0,0.0
GRID_CBE_08212,Shrubland,0.0,1.0,0.0,0.0,0.0,0.0,0.0
GRID_CBE_08213,Shrubland,0.0,1.0,0.0,0.0,0.0,0.0,0.0
GRID_CBE_08214,Shrubland,0.0,1.0,0.0,0.0,0.0,0.0,0.0
GRID_CBE_08215,Shrubland,0.0,1.0,0.0,0.0,0.0,0.0,0.0
GRID_CBE_08216,Shrubland,0.0,1.0,0.0,0.0,0.0,0.0,0.0
GRID_CBE_08217,Shrubland,0.0,1.0,0.0,0.0,0.0,0.0,0.0
GRID_CBE_08218,Shrubland,0.0,1.0,0.0,0.0,0.0,0.0,0.0
GRID_CBE_08219,Shrubland,0.0,1.0,0.0,0.0,0.0,0.0,0.0
GRID_CBE_08220,Shrubland,0.0,1.0,0.0,0.0,0.0,0.0,0.0
GRID_CBE_08221,Shrubland,0.0,0.8182,0.0,0.1818,0.0,0.0,0.0
GRID_CBE_08222,Cropland,0.0,0.4545,0.0,0.5455,0.0,0.0,0.0
GRID_CBE_08223,Cropland,0.0,0.0909,0.0,0.9091,0.0,0.0,0.0
GRID_CBE_08224,Cropland,0.0,0.0,0.0,1.0,0.0,0.0,0.0
GRID_CBE_08225,Cropland,0.0,0.0,0.0,1.0,0.0,0.0,0.0
GRID_CBE_08226,Cropland,0.0,0.0,0.0,1.0,0.0,0.0,0.0
GRID_CBE_08227,Cropland,0.0,0.0,0.0,1.0,0.0,0.0,0.0
GRID_CBE_08228,Cropland,0.0,0.0,0.0,1.0,0.0,0.0,0.0
GRID_CBE_08229,Cropland,0.0,0.0,0.0,1.0,0.0,0.0,0.0
GRID_CBE_08230,Cropland,0.0,0.0,0.0,1.0,0.0,0.0,0.0
GRID_CBE_08231,Cropland,0.0,0.0,0.0,1.0,0.0,0.0,0.0
GRID_CBE_08232,Cropland,0.0,0.0,0.0,1.0,0.0,0.0,0.0
GRID_CBE_08233,Cropland,0.0,0.0,0.0,1.0,0.0,0.0,0.0
GRID_CBE_08234,Cropland,0.0,0.0,0.0,1.0,0.0,0.0,0.0
GRID_CBE_08235,Cropland,0.0,0.0,0.0,1.0,0.0,0.0,0.0
GRID_CBE_08236,Cropland,0.0,0.0,0.0,1.0,0.0,0.0,0.0
GRID_CBE_08237,Cropland,0.0,0.0,0.0,1.0,0.0,0.0,0.0
GRID_CBE_08238,Cropland,0.0,0.0,0.0,1.0,0.0,0.0,0.0
GRID_CBE_08239,Cropland,0.0,0.0,0.0,1.0,0.0,0.0,0.0
GRID_CBE_08240,Cropland,0.0,0.0,0.0,1.0,0.0,0.0,0.0
GRID_CBE_08241,Cropland,0.0,0.0,0.0,1.0,0.0,0.0,0.0
GRID_CBE_08242,Cropland,0.0,0.0,0.0,1.0,0.0,0.0,0.0
GRID_CBE_08243,Cropland,0.0,0.0,0.0,1.0,0.0,0.0,0.0
GRID_CBE_08244,Cropland,0.0,0.0,0.0,1.0,0.0,0.0,0.0
GRID_CBE_08245,Cropland,0.0,0.0,0.0,1.0,0.0,0.0,0.0
GRID_CBE_08246,Cropland,0.0,0.0,0.0,1.0,0.0,0.0,0.0
GRID_CBE_08247,Cropland,0.0,0.0,0.0,1.0,0.0,0.0,0.0
GRID_CBE_08248,Cropland,0.0,0.0,0.0,1.0,0.0,0.0,0.0
GRID_CBE_08249,Cropland,0.0,0.0,0.0,1.0,0.0,0.0,0.0
GRID_CBE_08250,Cropland,0.0,0.0,0.0,1.0,0.0,0.0,0.0
GRID_CBE_08251,Cropland,0.0,0.0,0.0,1.0,0.0,0.0,0.0
GRID_CBE_08252,Cropland,0.0,0.0,0.0,1.0,0.0,0.0,0.0
GRID_CBE_08253,Cropland,0.0,0.0,0.0,1.0,0.0,0.0,0.0
GRID_CBE_08254,Cropland,0.0,0.0,0.0,1.0,0.0,0.0,0.0
GRID_CBE_08255,Cropland,0.0,0.0,0.0,1.0,0.0,0.0,0.0
GRID_CBE_08256,Cropland,0.0,0.0,0.0,1.0,0.0,0.0,0.0
GRID_CBE_08257,Cropland,0.0,0.0,0.0,1.0,0.0,0.0,0.0
GRID_CBE_08258,Cropland,0.0,0.0,0.0,1.0,0.0,0.0,0.0
GRID_CBE_08259,Cropland,0.0,0.0,0.0,1.0,0.0,0.0,0.0
GRID_CBE_08260,Cropland,0.0,0.0,0.0,1.0,0.0,0.0,0.0
GRID_CBE_08261,Cropland,0.0,0.0,0.0,1.0,0.0,0.0,0.0
GRID_CBE_08262,Cropland,0.0,0.0,0.0,1.0,0.0,0.0,0.0
GRID_CBE_08263,Cropland,0.0,0.0,0.0,1.0,0.0,0.0,0.0
GRID_CBE_08264,Cropland,0.0,0.0,0.0,1.0,0.0,0.0,0.0
GRID_CBE_08265,Cropland,0.0,0.0,0.0,1.0,0.0,0.0,0.0
GRID_CBE_08266,Cropland,0.0,0.0,0.0,1.0,0.0,0.0,0.0
GRID_CBE_08267,Cropland,0.0,0.0,0.0,1.0,0.0,0.0,0.0
GRID_CBE_08268,Cropland,0.0,0.0,0.0,1.0,0.0,0.0,0.0
GRID_CBE_08269,Shrubland,0.0,1.0,0.0,0.0,0.0,0.0,0.0
GRID_CBE_08270,Shrubland,0.0,1.0,0.0,0.0,0.0,0.0,0.0
GRID_CBE_08271,Shrubland,0.0,1.0,0.0,0.0,0.0,0.0,0.0
GRID_CBE_08272,Shrubland,0.0,1.0,0.0,0.0,0.0,0.0,0.0
GRID_CBE_08273,Shrubland,0.0,1.0,0.0,0.0,0.0,0.0,0.0
GRID_CBE_08274,Shrubland,0.0,1.0,0.0,0.0,0.0,0.0,0.0
GRID_CBE_08275,Shrubland,0.0,1.0,0.0,0.0,0.0,0.0,0.0
GRID_CBE_08276,Shrubland,0.0,1.0,0.0,0.0,0.0,0.0,0.0
GRID_CBE_08277,Shrubland,0.0,1.0,0.0,0.0,0.0,0.0,0.0
GRID_CBE_08278,Shrubland,0.0,1.0,0.0,0.0,0.0,0.0,0.0
GRID_CBE_08279,Shrubland,0.0,1.0,0.0,0.0,0.0,0.0,0.0
GRID_CBE_08280,Shrubland,0.0,1.0,0.0,0.0,0.0,0.0,0.0
GRID_CBE_08281,Shrubland,0.0,1.0,0.0,0.0,0.0,0.0,0.0
GRID_CBE_08282,Shrubland,0.0,1.0,0.0,0.0,0.0,0.0,0.0
GRID_CBE_08283,Shrubland,0.0,1.0,0.0,0.0,0.0,0.0,0.0
GRID_CBE_08284,Shrubland,0.0,1.0,0.0,0.0,0.0,0.0,0.0
GRID_CBE_08285,Shrubland,0.0,1.0,0.0,0.0,0.0,0.0,0.0
GRID_CBE_08286,Shrubland,0.0,1.0,0.0,0.0,0.0,0.0,0.0
GRID_CBE_08287,Shrubland,0.0,1.0,0.0,0.0,0.0,0.0,0.0
GRID_CBE_08288,Shrubland,0.0,1.0,0.0,0.0,0.0,0.0,0.0
GRID_CBE_08289,Shrubland,0.0,1.0,0.0,0.0,0.0,0.0,0.0
GRID_CBE_08290,Shrubland,0.0,1.0,0.0,0.0,0.0,0.0,0.0
GRID_CBE_08291,Shrubland,0.0,1.0,0.0,0.0,0.0,0.0,0.0
GRID_CBE_08292,Shrubland,0.0,1.0,0.0,0.0,0.0,0.0,0.0
GRID_CBE_08293,Shrubland,0.0,1.0,0.0,0.0,0.0,0.0,0.0
GRID_CBE_08294,Shrubland,0.0,1.0,0.0,0.0,0.0,0.0,0.0
GRID_CBE_08295,Shrubland,0.0,1.0,0.0,0.0,0.0,0.0,0.0
GRID_CBE_08296,Shrubland,0.0,1.0,0.0,0.0,0.0,0.0,0.0
GRID_CBE_08297,Shrubland,0.0,1.0,0.0,0.0,0.0,0.0,0.0
GRID_CBE_08298,Shrubland,0.0,1.0,0.0,0.0,0.0,0.0,0.0
GRID_CBE_08299,Shrubland,0.0,0.8182,0.0,0.1818,0.0,0.0,0.0
GRID_CBE_08300,Cropland,0.0,0.4545,0.0,0.5455,0.0,0.0,0.0
GRID_CBE_08301,Cropland,0.0,0.0909,0.0,0.9091,0.0,0.0,0.0
GRID_CBE_08302,Cropland,0.0,0.0,0.0,1.0,0.0,0.0,0.0
GRID_CBE_08303,Cropland,0.0,0.0,0.0,1.0,0.0,0.0,0.0
GRID_CBE_08304,Cropland,0.0,0.0,0.0,1.0,0.0,0.0,0.0
GRID_CBE_08305,Cropland,0.0,0.0,0.0,1.0,0.0,0.0,0.0
GRID_CBE_08306,Cropland,0.0,0.0,0.0,1.0,0.0,0.0,0.0
GRID_CBE_08307,Cropland,0.0,0.0,0.0,1.0,0.0,0.0,0.0
GRID_CBE_08308,Cropland,0.0,0.0,0.0,1.0,0.0,0.0,0.0
GRID_CBE_08309,Cropland,0.0,0.0,0.0,1.0,0.0,0.0,0.0
GRID_CBE_08310,Cropland,0.0,0.0,0.0,1.0,0.0,0.0,0.0
GRID_CBE_08311,Cropland,0.0,0.0,0.0,1.0,0.0,0.0,0.0
GRID_CBE_08312,Cropland,0.0,0.0,0.0,1.0,0.0,0.0,0.0
GRID_CBE_08313,Cropland,0.0,0.0,0.0,1.0,0.0,0.0,0.0
GRID_CBE_08314,Cropland,0.0,0.0,0.0,1.0,0.0,0.0,0.0
GRID_CBE_08315,Cropland,0.0,0.0,0.0,1.0,0.0,0.0,0.0
GRID_CBE_08316,Cropland,0.0,0.0,0.0,1.0,0.0,0.0,0.0
GRID_CBE_08317,Cropland,0.0,0.0,0.0,1.0,0.0,0.0,0.0
GRID_CBE_08318,Cropland,0.0,0.0,0.0,1.0,0.0,0.0,0.0
GRID_CBE_08319,Cropland,0.0,0.0,0.0,1.0,0.0,0.0,0.0
GRID_CBE_08320,Cropland,0.0,0.0,0.0,1.0,0.0,0.0,0.0
GRID_CBE_08321,Cropland,0.0,0.0,0.0,1.0,0.0,0.0,0.0
GRID_CBE_08322,Cropland,0.0,0.0,0.0,1.0,0.0,0.0,0.0
GRID_CBE_08323,Cropland,0.0,0.0,0.0,1.0,0.0,0.0,0.0
GRID_CBE_08324,Cropland,0.0,0.0,0.0,1.0,0.0,0.0,0.0
GRID_CBE_08325,Cropland,0.0,0.0,0.0,1.0,0.0,0.0,0.0
GRID_CBE_08326,Cropland,0.0,0.0,0.0,1.0,0.0,0.0,0.0
GRID_CBE_08327,Cropland,0.0,0.0,0.0,1.0,0.0,0.0,0.0
GRID_CBE_08328,Cropland,0.0,0.0,0.0,1.0,0.0,0.0,0.0
GRID_CBE_08329,Cropland,0.0,0.0,0.0,1.0,0.0,0.0,0.0
GRID_CBE_08330,Cropland,0.0,0.0,0.0,1.0,0.0,0.0,0.0
GRID_CBE_08331,Cropland,0.0,0.0,0.0,1.0,0.0,0.0,0.0
GRID_CBE_08332,Cropland,0.0,0.0,0.0,1.0,0.0,0.0,0.0
GRID_CBE_08333,Cropland,0.0,0.0,0.0,1.0,0.0,0.0,0.0
GRID_CBE_08334,Cropland,0.0,0.0,0.0,1.0,0.0,0.0,0.0
GRID_CBE_08335,Cropland,0.0,0.0,0.0,1.0,0.0,0.0,0.0
GRID_CBE_08336,Cropland,0.0,0.0,0.0,1.0,0.0,0.0,0.0
GRID_CBE_08337,Cropland,0.0,0.0,0.0,1.0,0.0,0.0,0.0
GRID_CBE_08338,Cropland,0.0,0.0,0.0,1.0,0.0,0.0,0.0
GRID_CBE_08339,Cropland,0.0,0.0,0.0,1.0,0.0,0.0,0.0
GRID_CBE_08340,Cropland,0.0,0.0,0.0,1.0,0.0,0.0,0.0
GRID_CBE_08341,Cropland,0.0,0.0,0.0,1.0,0.0,0.0,0.0
GRID_CBE_08342,Cropland,0.0,0.0,0.0,1.0,0.0,0.0,0.0
GRID_CBE_08343,Cropland,0.0,0.0,0.0,1.0,0.0,0.0,0.0
GRID_CBE_08344,Cropland,0.0,0.0,0.0,1.0,0.0,0.0,0.0
GRID_CBE_08345,Cropland,0.0,0.0,0.0,1.0,0.0,0.0,0.0
GRID_CBE_08346,Cropland,0.0,0.0,0.0,1.0,0.0,0.0,0.0
GRID_CBE_08347,Shrubland,0.0,1.0,0.0,0.0,0.0,0.0,0.0
GRID_CBE_08348,Shrubland,0.0,1.0,0.0,0.0,0.0,0.0,0.0
GRID_CBE_08349,Shrubland,0.0,1.0,0.0,0.0,0.0,0.0,0.0
GRID_CBE_08350,Shrubland,0.0,1.0,0.0,0.0,0.0,0.0,0.0
GRID_CBE_08351,Shrubland,0.0,1.0,0.0,0.0,0.0,0.0,0.0
GRID_CBE_08352,Shrubland,0.0,1.0,0.0,0.0,0.0,0.0,0.0
GRID_CBE_08353,Shrubland,0.0,1.0,0.0,0.0,0.0,0.0,0.0
GRID_CBE_08354,Shrubland,0.0,1.0,0.0,0.0,0.0,0.0,0.0
GRID_CBE_08355,Shrubland,0.0,1.0,0.0,0.0,0.0,0.0,0.0
GRID_CBE_08356,Shrubland,0.0,1.0,0.0,0.0,0.0,0.0,0.0
GRID_CBE_08357,Shrubland,0.0,1.0,0.0,0.0,0.0,0.0,0.0
GRID_CBE_08358,Shrubland,0.0,1.0,0.0,0.0,0.0,0.0,0.0
GRID_CBE_08359,Shrubland,0.0,1.0,0.0,0.0,0.0,0.0,0.0
GRID_CBE_08360,Shrubland,0.0,1.0,0.0,0.0,0.0,0.0,0.0
GRID_CBE_08361,Shrubland,0.0,1.0,0.0,0.0,0.0,0.0,0.0
GRID_CBE_08362,Shrubland,0.0,1.0,0.0,0.0,0.0,0.0,0.0
GRID_CBE_08363,Shrubland,0.0,1.0,0.0,0.0,0.0,0.0,0.0
GRID_CBE_08364,Shrubland,0.0,1.0,0.0,0.0,0.0,0.0,0.0
GRID_CBE_08365,Shrubland,0.0,1.0,0.0,0.0,0.0,0.0,0.0
GRID_CBE_08366,Shrubland,0.0,1.0,0.0,0.0,0.0,0.0,0.0
GRID_CBE_08367,Shrubland,0.0,1.0,0.0,0.0,0.0,0.0,0.0
GRID_CBE_08368,Shrubland,0.0,1.0,0.0,0.0,0.0,0.0,0.0
GRID_CBE_08369,Shrubland,0.0,1.0,0.0,0.0,0.0,0.0,0.0
GRID_CBE_08370,Shrubland,0.0,1.0,0.0,0.0,0.0,0.0,0.0
GRID_CBE_08371,Shrubland,0.0,1.0,0.0,0.0,0.0,0.0,0.0
GRID_CBE_08372,Shrubland,0.0,1.0,0.0,0.0,0.0,0.0,0.0
GRID_CBE_08373,Shrubland,0.0,1.0,0.0,0.0,0.0,0.0,0.0
GRID_CBE_08374,Shrubland,0.0,1.0,0.0,0.0,0.0,0.0,0.0
GRID_CBE_08375,Shrubland,0.0,1.0,0.0,0.0,0.0,0.0,0.0
GRID_CBE_08376,Shrubland,0.0,1.0,0.0,0.0,0.0,0.0,0.0
GRID_CBE_08377,Shrubland,0.0,0.8182,0.0,0.1818,0.0,0.0,0.0
GRID_CBE_08378,Cropland,0.0,0.4545,0.0,0.5455,0.0,0.0,0.0
GRID_CBE_08379,Cropland,0.0,0.0909,0.0,0.9091,0.0,0.0,0.0
GRID_CBE_08380,Cropland,0.0,0.0,0.0,1.0,0.0,0.0,0.0
GRID_CBE_08381,Cropland,0.0,0.0,0.0,1.0,0.0,0.0,0.0
GRID_CBE_08382,Cropland,0.0,0.0,0.0,1.0,0.0,0.0,0.0
GRID_CBE_08383,Cropland,0.0,0.0,0.0,1.0,0.0,0.0,0.0
GRID_CBE_08384,Cropland,0.0,0.0,0.0,1.0,0.0,0.0,0.0
GRID_CBE_08385,Cropland,0.0,0.0,0.0,1.0,0.0,0.0,0.0
GRID_CBE_08386,Cropland,0.0,0.0,0.0,1.0,0.0,0.0,0.0
GRID_CBE_08387,Cropland,0.0,0.0,0.0,1.0,0.0,0.0,0.0
GRID_CBE_08388,Cropland,0.0,0.0,0.0,1.0,0.0,0.0,0.0
GRID_CBE_08389,Cropland,0.0,0.0,0.0,1.0,0.0,0.0,0.0
GRID_CBE_08390,Cropland,0.0,0.0,0.0,1.0,0.0,0.0,0.0
GRID_CBE_08391,Cropland,0.0,0.0,0.0,1.0,0.0,0.0,0.0
GRID_CBE_08392,Cropland,0.0,0.0,0.0,1.0,0.0,0.0,0.0
GRID_CBE_08393,Cropland,0.0,0.0,0.0,1.0,0.0,0.0,0.0
GRID_CBE_08394,Cropland,0.0,0.0,0.0,1.0,0.0,0.0,0.0
GRID_CBE_08395,Cropland,0.0,0.0,0.0,1.0,0.0,0.0,0.0
GRID_CBE_08396,Cropland,0.0,0.0,0.0,1.0,0.0,0.0,0.0
GRID_CBE_08397,Cropland,0.0,0.0,0.0,1.0,0.0,0.0,0.0
GRID_CBE_08398,Cropland,0.0,0.0,0.0,1.0,0.0,0.0,0.0
GRID_CBE_08399,Cropland,0.0,0.0,0.0,1.0,0.0,0.0,0.0
GRID_CBE_08400,Cropland,0.0,0.0,0.0,1.0,0.0,0.0,0.0
GRID_CBE_08401,Cropland,0.0,0.0,0.0,1.0,0.0,0.0,0.0
GRID_CBE_08402,Cropland,0.0,0.0,0.0,1.0,0.0,0.0,0.0
GRID_CBE_08403,Cropland,0.0,0.0,0.0,1.0,0.0,0.0,0.0
GRID_CBE_08404,Cropland,0.0,0.0,0.0,1.0,0.0,0.0,0.0
GRID_CBE_08405,Cropland,0.0,0.0,0.0,1.0,0.0,0.0,0.0
GRID_CBE_08406,Cropland,0.0,0.0,0.0,1.0,0.0,0.0,0.0
GRID_CBE_08407,Cropland,0.0,0.0,0.0,1.0,0.0,0.0,0.0
GRID_CBE_08408,Cropland,0.0,0.0,0.0,1.0,0.0,0.0,0.0
GRID_CBE_08409,Cropland,0.0,0.0,0.0,1.0,0.0,0.0,0.0
GRID_CBE_08410,Cropland,0.0,0.0,0.0,1.0,0.0,0.0,0.0
GRID_CBE_08411,Cropland,0.0,0.0,0.0,1.0,0.0,0.0,0.0
GRID_CBE_08412,Cropland,0.0,0.0,0.0,1.0,0.0,0.0,0.0
GRID_CBE_08413,Cropland,0.0,0.0,0.0,1.0,0.0,0.0,0.0
GRID_CBE_08414,Cropland,0.0,0.0,0.0,1.0,0.0,0.0,0.0
GRID_CBE_08415,Cropland,0.0,0.0,0.0,1.0,0.0,0.0,0.0
GRID_CBE_08416,Cropland,0.0,0.0,0.0,1.0,0.0,0.0,0.0
GRID_CBE_08417,Cropland,0.0,0.0,0.0,1.0,0.0,0.0,0.0
GRID_CBE_08418,Cropland,0.0,0.0,0.0,1.0,0.0,0.0,0.0
GRID_CBE_08419,Cropland,0.0,0.0,0.0,1.0,0.0,0.0,0.0
GRID_CBE_08420,Cropland,0.0,0.0,0.0,1.0,0.0,0.0,0.0
GRID_CBE_08421,Cropland,0.0,0.0,0.0,1.0,0.0,0.0,0.0
GRID_CBE_08422,Cropland,0.0,0.0,0.0,1.0,0.0,0.0,0.0
GRID_CBE_08423,Cropland,0.0,0.0,0.0,1.0,0.0,0.0,0.0
GRID_CBE_08424,Cropland,0.0,0.0,0.0,1.0,0.0,0.0,0.0
GRID_CBE_08425,Shrubland,0.0,1.0,0.0,0.0,0.0,0.0,0.0
GRID_CBE_08426,Shrubland,0.0,1.0,0.0,0.0,0.0,0.0,0.0
GRID_CBE_08427,Shrubland,0.0,1.0,0.0,0.0,0.0,0.0,0.0
GRID_CBE_08428,Shrubland,0.0,1.0,0.0,0.0,0.0,0.0,0.0
GRID_CBE_08429,Shrubland,0.0,1.0,0.0,0.0,0.0,0.0,0.0
GRID_CBE_08430,Shrubland,0.0,1.0,0.0,0.0,0.0,0.0,0.0
GRID_CBE_08431,Shrubland,0.0,1.0,0.0,0.0,0.0,0.0,0.0
GRID_CBE_08432,Shrubland,0.0,1.0,0.0,0.0,0.0,0.0,0.0
GRID_CBE_08433,Shrubland,0.0,1.0,0.0,0.0,0.0,0.0,0.0
GRID_CBE_08434,Shrubland,0.0,1.0,0.0,0.0,0.0,0.0,0.0
GRID_CBE_08435,Shrubland,0.0,1.0,0.0,0.0,0.0,0.0,0.0
GRID_CBE_08436,Shrubland,0.0,1.0,0.0,0.0,0.0,0.0,0.0
GRID_CBE_08437,Shrubland,0.0,1.0,0.0,0.0,0.0,0.0,0.0
GRID_CBE_08438,Shrubland,0.0,1.0,0.0,0.0,0.0,0.0,0.0
GRID_CBE_08439,Shrubland,0.0,1.0,0.0,0.0,0.0,0.0,0.0
GRID_CBE_08440,Shrubland,0.0,1.0,0.0,0.0,0.0,0.0,0.0
GRID_CBE_08441,Shrubland,0.0,1.0,0.0,0.0,0.0,0.0,0.0
GRID_CBE_08442,Shrubland,0.0,1.0,0.0,0.0,0.0,0.0,0.0
GRID_CBE_08443,Shrubland,0.0,1.0,0.0,0.0,0.0,0.0,0.0
GRID_CBE_08444,Shrubland,0.0,1.0,0.0,0.0,0.0,0.0,0.0
GRID_CBE_08445,Shrubland,0.0,1.0,0.0,0.0,0.0,0.0,0.0
GRID_CBE_08446,Shrubland,0.0,1.0,0.0,0.0,0.0,0.0,0.0
GRID_CBE_08447,Shrubland,0.0,1.0,0.0,0.0,0.0,0.0,0.0
GRID_CBE_08448,Shrubland,0.0,1.0,0.0,0.0,0.0,0.0,0.0
GRID_CBE_08449,Shrubland,0.0,1.0,0.0,0.0,0.0,0.0,0.0
GRID_CBE_08450,Shrubland,0.0,1.0,0.0,0.0,0.0,0.0,0.0
GRID_CBE_08451,Shrubland,0.0,1.0,0.0,0.0,0.0,0.0,0.0
GRID_CBE_08452,Shrubland,0.0,1.0,0.0,0.0,0.0,0.0,0.0
GRID_CBE_08453,Shrubland,0.0,1.0,0.0,0.0,0.0,0.0,0.0
GRID_CBE_08454,Shrubland,0.0,1.0,0.0,0.0,0.0,0.0,0.0
GRID_CBE_08455,Shrubland,0.0,0.8182,0.0,0.1818,0.0,0.0,0.0
GRID_CBE_08456,Cropland,0.0,0.4545,0.0,0.5455,0.0,0.0,0.0
GRID_CBE_08457,Cropland,0.0,0.0909,0.0,0.9091,0.0,0.0,0.0
GRID_CBE_08458,Cropland,0.0,0.0,0.0,1.0,0.0,0.0,0.0
GRID_CBE_08459,Cropland,0.0,0.0,0.0,1.0,0.0,0.0,0.0
GRID_CBE_08460,Cropland,0.0,0.0,0.0,1.0,0.0,0.0,0.0
GRID_CBE_08461,Cropland,0.0,0.0,0.0,1.0,0.0,0.0,0.0
GRID_CBE_08462,Cropland,0.0,0.0,0.0,1.0,0.0,0.0,0.0
GRID_CBE_08463,Cropland,0.0,0.0,0.0,1.0,0.0,0.0,0.0
GRID_CBE_08464,Cropland,0.0,0.0,0.0,1.0,0.0,0.0,0.0
GRID_CBE_08465,Cropland,0.0,0.0,0.0,1.0,0.0,0.0,0.0
GRID_CBE_08466,Cropland,0.0,0.0,0.0,1.0,0.0,0.0,0.0
GRID_CBE_08467,Cropland,0.0,0.0,0.0,1.0,0.0,0.0,0.0
GRID_CBE_08468,Cropland,0.0,0.0,0.0,1.0,0.0,0.0,0.0
GRID_CBE_08469,Cropland,0.0,0.0,0.0,1.0,0.0,0.0,0.0
GRID_CBE_08470,Cropland,0.0,0.0,0.0,1.0,0.0,0.0,0.0
GRID_CBE_08471,Cropland,0.0,0.0,0.0,1.0,0.0,0.0,0.0
GRID_CBE_08472,Cropland,0.0,0.0,0.0,1.0,0.0,0.0,0.0
GRID_CBE_08473,Cropland,0.0,0.0,0.0,1.0,0.0,0.0,0.0
GRID_CBE_08474,Cropland,0.0,0.0,0.0,1.0,0.0,0.0,0.0
GRID_CBE_08475,Cropland,0.0,0.0,0.0,1.0,0.0,0.0,0.0
GRID_CBE_08476,Cropland,0.0,0.0,0.0,1.0,0.0,0.0,0.0
GRID_CBE_08477,Cropland,0.0,0.0,0.0,1.0,0.0,0.0,0.0
GRID_CBE_08478,Cropland,0.0,0.0,0.0,1.0,0.0,0.0,0.0
GRID_CBE_08479,Cropland,0.0,0.0,0.0,1.0,0.0,0.0,0.0
GRID_CBE_08480,Cropland,0.0,0.0,0.0,1.0,0.0,0.0,0.0
GRID_CBE_08481,Cropland,0.0,0.0,0.0,1.0,0.0,0.0,0.0
GRID_CBE_08482,Cropland,0.0,0.0,0.0,1.0,0.0,0.0,0.0
GRID_CBE_08483,Cropland,0.0,0.0,0.0,1.0,0.0,0.0,0.0
GRID_CBE_08484,Cropland,0.0,0.0,0.0,1.0,0.0,0.0,0.0
GRID_CBE_08485,Cropland,0.0,0.0,0.0,1.0,0.0,0.0,0.0
GRID_CBE_08486,Cropland,0.0,0.0,0.0,1.0,0.0,0.0,0.0
GRID_CBE_08487,Cropland,0.0,0.0,0.0,1.0,0.0,0.0,0.0
GRID_CBE_08488,Cropland,0.0,0.0,0.0,1.0,0.0,0.0,0.0
GRID_CBE_08489,Cropland,0.0,0.0,0.0,1.0,0.0,0.0,0.0
GRID_CBE_08490,Cropland,0.0,0.0,0.0,1.0,0.0,0.0,0.0
GRID_CBE_08491,Cropland,0.0,0.0,0.0,1.0,0.0,0.0,0.0
GRID_CBE_08492,Cropland,0.0,0.0,0.0,1.0,0.0,0.0,0.0
GRID_CBE_08493,Cropland,0.0,0.0,0.0,1.0,0.0,0.0,0.0
GRID_CBE_08494,Cropland,0.0,0.0,0.0,1.0,0.0,0.0,0.0
GRID_CBE_08495,Cropland,0.0,0.0,0.0,1.0,0.0,0.0,0.0
GRID_CBE_08496,Cropland,0.0,0.0,0.0,1.0,0.0,0.0,0.0
GRID_CBE_08497,Cropland,0.0,0.0,0.0,1.0,0.0,0.0,0.0
GRID_CBE_08498,Cropland,0.0,0.0,0.0,1.0,0.0,0.0,0.0
GRID_CBE_08499,Cropland,0.0,0.0,0.0,1.0,0.0,0.0,0.0
GRID_CBE_08500,Cropland,0.0,0.0,0.0,1.0,0.0,0.0,0.0
GRID_CBE_08501,Cropland,0.0,0.0,0.0,1.0,0.0,0.0,0.0
GRID_CBE_08502,Cropland,0.0,0.0,0.0,1.0,0.0,0.0,0.0
GRID_CBE_08503,Shrubland,0.0,1.0,0.0,0.0,0.0,0.0,0.0
GRID_CBE_08504,Shrubland,0.0,1.0,0.0,0.0,0.0,0.0,0.0
GRID_CBE_08505,Shrubland,0.0,1.0,0.0,0.0,0.0,0.0,0.0
GRID_CBE_08506,Shrubland,0.0,1.0,0.0,0.0,0.0,0.0,0.0
GRID_CBE_08507,Shrubland,0.0,1.0,0.0,0.0,0.0,0.0,0.0
GRID_CBE_08508,Shrubland,0.0,1.0,0.0,0.0,0.0,0.0,0.0
GRID_CBE_08509,Shrubland,0.0,1.0,0.0,0.0,0.0,0.0,0.0
GRID_CBE_08510,Shrubland,0.0,1.0,0.0,0.0,0.0,0.0,0.0
GRID_CBE_08511,Shrubland,0.0,1.0,0.0,0.0,0.0,0.0,0.0
GRID_CBE_08512,Shrubland,0.0,1.0,0.0,0.0,0.0,0.0,0.0
GRID_CBE_08513,Shrubland,0.0,1.0,0.0,0.0,0.0,0.0,0.0
GRID_CBE_08514,Shrubland,0.0,1.0,0.0,0.0,0.0,0.0,0.0
GRID_CBE_08515,Shrubland,0.0,1.0,0.0,0.0,0.0,0.0,0.0
GRID_CBE_08516,Shrubland,0.0,1.0,0.0,0.0,0.0,0.0,0.0
GRID_CBE_08517,Shrubland,0.0,1.0,0.0,0.0,0.0,0.0,0.0
GRID_CBE_08518,Shrubland,0.0,1.0,0.0,0.0,0.0,0.0,0.0
GRID_CBE_08519,Shrubland,0.0,1.0,0.0,0.0,0.0,0.0,0.0
GRID_CBE_08520,Shrubland,0.0,1.0,0.0,0.0,0.0,0.0,0.0
GRID_CBE_08521,Shrubland,0.0,1.0,0.0,0.0,0.0,0.0,0.0
GRID_CBE_08522,Shrubland,0.0,1.0,0.0,0.0,0.0,0.0,0.0
GRID_CBE_08523,Shrubland,0.0,1.0,0.0,0.0,0.0,0.0,0.0
GRID_CBE_08524,Shrubland,0.0,1.0,0.0,0.0,0.0,0.0,0.0
GRID_CBE_08525,Shrubland,0.0,1.0,0.0,0.0,0.0,0.0,0.0
GRID_CBE_08526,Shrubland,0.0,1.0,0.0,0.0,0.0,0.0,0.0
GRID_CBE_08527,Shrubland,0.0,1.0,0.0,0.0,0.0,0.0,0.0
GRID_CBE_08528,Shrubland,0.0,1.0,0.0,0.0,0.0,0.0,0.0
GRID_CBE_08529,Shrubland,0.0,1.0,0.0,0.0,0.0,0.0,0.0
GRID_CBE_08530,Shrubland,0.0,1.0,0.0,0.0,0.0,0.0,0.0
GRID_CBE_08531,Shrubland,0.0,1.0,0.0,0.0,0.0,0.0,0.0
GRID_CBE_08532,Shrubland,0.0,1.0,0.0,0.0,0.0,0.0,0.0
GRID_CBE_08533,Shrubland,0.0,0.8182,0.0,0.1818,0.0,0.0,0.0
GRID_CBE_08534,Cropland,0.0,0.4545,0.0,0.5455,0.0,0.0,0.0
GRID_CBE_08535,Cropland,0.0,0.0909,0.0,0.9091,0.0,0.0,0.0
GRID_CBE_08536,Cropland,0.0,0.0,0.0,1.0,0.0,0.0,0.0
GRID_CBE_08537,Cropland,0.0,0.0,0.0,1.0,0.0,0.0,0.0
GRID_CBE_08538,Cropland,0.0,0.0,0.0,1.0,0.0,0.0,0.0
GRID_CBE_08539,Cropland,0.0,0.0,0.0,1.0,0.0,0.0,0.0
GRID_CBE_08540,Cropland,0.0,0.0,0.0,1.0,0.0,0.0,0.0
GRID_CBE_08541,Cropland,0.0,0.0,0.0,1.0,0.0,0.0,0.0
GRID_CBE_08542,Cropland,0.0,0.0,0.0,1.0,0.0,0.0,0.0
GRID_CBE_08543,Cropland,0.0,0.0,0.0,1.0,0.0,0.0,0.0
GRID_CBE_08544,Cropland,0.0,0.0,0.0,1.0,0.0,0.0,0.0
GRID_CBE_08545,Cropland,0.0,0.0,0.0,1.0,0.0,0.0,0.0
GRID_CBE_08546,Cropland,0.0,0.0,0.0,1.0,0.0,0.0,0.0
GRID_CBE_08547,Cropland,0.0,0.0,0.0,1.0,0.0,0.0,0.0
GRID_CBE_08548,Cropland,0.0,0.0,0.0,1.0,0.0,0.0,0.0
GRID_CBE_08549,Cropland,0.0,0.0,0.0,1.0,0.0,0.0,0.0
GRID_CBE_08550,Cropland,0.0,0.0,0.0,1.0,0.0,0.0,0.0
GRID_CBE_08551,Cropland,0.0,0.0,0.0,1.0,0.0,0.0,0.0
GRID_CBE_08552,Cropland,0.0,0.0,0.0,1.0,0.0,0.0,0.0
GRID_CBE_08553,Cropland,0.0,0.0,0.0,1.0,0.0,0.0,0.0
GRID_CBE_08554,Cropland,0.0,0.0,0.0,1.0,0.0,0.0,0.0
GRID_CBE_08555,Cropland,0.0,0.0,0.0,1.0,0.0,0.0,0.0
GRID_CBE_08556,Cropland,0.0,0.0,0.0,1.0,0.0,0.0,0.0
GRID_CBE_08557,Cropland,0.0,0.0,0.0,1.0,0.0,0.0,0.0
GRID_CBE_08558,Cropland,0.0,0.0,0.0,1.0,0.0,0.0,0.0
GRID_CBE_08559,Cropland,0.0,0.0,0.0,1.0,0.0,0.0,0.0
GRID_CBE_08560,Cropland,0.0,0.0,0.0,1.0,0.0,0.0,0.0
GRID_CBE_08561,Cropland,0.0,0.0,0.0,1.0,0.0,0.0,0.0
GRID_CBE_08562,Cropland,0.0,0.0,0.0,1.0,0.0,0.0,0.0
GRID_CBE_08563,Cropland,0.0,0.0,0.0,1.0,0.0,0.0,0.0
GRID_CBE_08564,Cropland,0.0,0.0,0.0,1.0,0.0,0.0,0.0
GRID_CBE_08565,Cropland,0.0,0.0,0.0,1.0,0.0,0.0,0.0
GRID_CBE_08566,Cropland,0.0,0.0,0.0,1.0,0.0,0.0,0.0
GRID_CBE_08567,Cropland,0.0,0.0,0.0,1.0,0.0,0.0,0.0
GRID_CBE_08568,Cropland,0.0,0.0,0.0,1.0,0.0,0.0,0.0
GRID_CBE_08569,Cropland,0.0,0.0,0.0,1.0,0.0,0.0,0.0
GRID_CBE_08570,Cropland,0.0,0.0,0.0,1.0,0.0,0.0,0.0
GRID_CBE_08571,Cropland,0.0,0.0,0.0,1.0,0.0,0.0,0.0
GRID_CBE_08572,Cropland,0.0,0.0,0.0,1.0,0.0,0.0,0.0
GRID_CBE_08573,Cropland,0.0,0.0,0.0,1.0,0.0,0.0,0.0
GRID_CBE_08574,Cropland,0.0,0.0,0.0,1.0,0.0,0.0,0.0
GRID_CBE_08575,Cropland,0.0,0.0,0.0,1.0,0.0,0.0,0.0
GRID_CBE_08576,Cropland,0.0,0.0,0.0,1.0,0.0,0.0,0.0
GRID_CBE_08577,Cropland,0.0,0.0,0.0,1.0,0.0,0.0,0.0
GRID_CBE_08578,Cropland,0.0,0.0,0.0,1.0,0.0,0.0,0.0
GRID_CBE_08579,Cropland,0.0,0.0,0.0,1.0,0.0,0.0,0.0
GRID_CBE_08580,Cropland,0.0,0.0,0.0,1.0,0.0,0.0,0.0
GRID_CBE_08581,Shrubland,0.0,1.0,0.0,0.0,0.0,0.0,0.0
GRID_CBE_08582,Shrubland,0.0,1.0,0.0,0.0,0.0,0.0,0.0
GRID_CBE_08583,Shrubland,0.0,1.0,0.0,0.0,0.0,0.0,0.0
GRID_CBE_08584,Shrubland,0.0,1.0,0.0,0.0,0.0,0.0,0.0
GRID_CBE_08585,Shrubland,0.0,1.0,0.0,0.0,0.0,0.0,0.0
GRID_CBE_08586,Shrubland,0.0,1.0,0.0,0.0,0.0,0.0,0.0
GRID_CBE_08587,Shrubland,0.0,1.0,0.0,0.0,0.0,0.0,0.0
GRID_CBE_08588,Shrubland,0.0,1.0,0.0,0.0,0.0,0.0,0.0
GRID_CBE_08589,Shrubland,0.0,1.0,0.0,0.0,0.0,0.0,0.0
GRID_CBE_08590,Shrubland,0.0,1.0,0.0,0.0,0.0,0.0,0.0
GRID_CBE_08591,Shrubland,0.0,1.0,0.0,0.0,0.0,0.0,0.0
GRID_CBE_08592,Shrubland,0.0,1.0,0.0,0.0,0.0,0.0,0.0
GRID_CBE_08593,Shrubland,0.0,1.0,0.0,0.0,0.0,0.0,0.0
GRID_CBE_08594,Shrubland,0.0,1.0,0.0,0.0,0.0,0.0,0.0
GRID_CBE_08595,Shrubland,0.0,1.0,0.0,0.0,0.0,0.0,0.0
GRID_CBE_08596,Shrubland,0.0,1.0,0.0,0.0,0.0,0.0,0.0
GRID_CBE_08597,Shrubland,0.0,1.0,0.0,0.0,0.0,0.0,0.0
GRID_CBE_08598,Shrubland,0.0,1.0,0.0,0.0,0.0,0.0,0.0
GRID_CBE_08599,Shrubland,0.0,1.0,0.0,0.0,0.0,0.0,0.0
GRID_CBE_08600,Shrubland,0.0,1.0,0.0,0.0,0.0,0.0,0.0
GRID_CBE_08601,Shrubland,0.0,1.0,0.0,0.0,0.0,0.0,0.0
GRID_CBE_08602,Shrubland,0.0,1.0,0.0,0.0,0.0,0.0,0.0
GRID_CBE_08603,Shrubland,0.0,1.0,0.0,0.0,0.0,0.0,0.0
GRID_CBE_08604,Shrubland,0.0,1.0,0.0,0.0,0.0,0.0,0.0
GRID_CBE_08605,Shrubland,0.0,1.0,0.0,0.0,0.0,0.0,0.0
GRID_CBE_08606,Shrubland,0.0,1.0,0.0,0.0,0.0,0.0,0.0
GRID_CBE_08607,Shrubland,0.0,1.0,0.0,0.0,0.0,0.0,0.0
GRID_CBE_08608,Shrubland,0.0,1.0,0.0,0.0,0.0,0.0,0.0
GRID_CBE_08609,Shrubland,0.0,1.0,0.0,0.0,0.0,0.0,0.0
GRID_CBE_08610,Shrubland,0.0,1.0,0.0,0.0,0.0,0.0,0.0
GRID_CBE_08611,Shrubland,0.0,0.8182,0.0,0.1818,0.0,0.0,0.0
GRID_CBE_08612,Cropland,0.0,0.4545,0.0,0.5455,0.0,0.0,0.0
GRID_CBE_08613,Cropland,0.0,0.0909,0.0,0.9091,0.0,0.0,0.0
GRID_CBE_08614,Cropland,0.0,0.0,0.0,1.0,0.0,0.0,0.0
GRID_CBE_08615,Cropland,0.0,0.0,0.0,1.0,0.0,0.0,0.0
GRID_CBE_08616,Cropland,0.0,0.0,0.0,1.0,0.0,0.0,0.0
GRID_CBE_08617,Cropland,0.0,0.0,0.0,1.0,0.0,0.0,0.0
GRID_CBE_08618,Cropland,0.0,0.0,0.0,1.0,0.0,0.0,0.0
GRID_CBE_08619,Cropland,0.0,0.0,0.0,1.0,0.0,0.0,0.0
GRID_CBE_08620,Cropland,0.0,0.0,0.0,1.0,0.0,0.0,0.0
GRID_CBE_08621,Cropland,0.0,0.0,0.0,1.0,0.0,0.0,0.0
GRID_CBE_08622,Cropland,0.0,0.0,0.0,1.0,0.0,0.0,0.0
GRID_CBE_08623,Cropland,0.0,0.0,0.0,1.0,0.0,0.0,0.0
GRID_CBE_08624,Cropland,0.0,0.0,0.0,1.0,0.0,0.0,0.0
GRID_CBE_08625,Cropland,0.0,0.0,0.0,1.0,0.0,0.0,0.0
GRID_CBE_08626,Cropland,0.0,0.0,0.0,1.0,0.0,0.0,0.0
GRID_CBE_08627,Cropland,0.0,0.0,0.0,1.0,0.0,0.0,0.0
GRID_CBE_08628,Cropland,0.0,0.0,0.0,1.0,0.0,0.0,0.0
GRID_CBE_08629,Cropland,0.0,0.0,0.0,1.0,0.0,0.0,0.0
GRID_CBE_08630,Cropland,0.0,0.0,0.0,1.0,0.0,0.0,0.0
GRID_CBE_08631,Cropland,0.0,0.0,0.0,1.0,0.0,0.0,0.0
GRID_CBE_08632,Cropland,0.0,0.0,0.0,1.0,0.0,0.0,0.0
GRID_CBE_08633,Cropland,0.0,0.0,0.0,1.0,0.0,0.0,0.0
GRID_CBE_08634,Cropland,0.0,0.0,0.0,1.0,0.0,0.0,0.0
GRID_CBE_08635,Cropland,0.0,0.0,0.0,1.0,0.0,0.0,0.0
GRID_CBE_08636,Cropland,0.0,0.0,0.0,1.0,0.0,0.0,0.0
GRID_CBE_08637,Cropland,0.0,0.0,0.0,1.0,0.0,0.0,0.0
GRID_CBE_08638,Cropland,0.0,0.0,0.0,1.0,0.0,0.0,0.0
GRID_CBE_08639,Cropland,0.0,0.0,0.0,1.0,0.0,0.0,0.0
GRID_CBE_08640,Cropland,0.0,0.0,0.0,1.0,0.0,0.0,0.0
GRID_CBE_08641,Cropland,0.0,0.0,0.0,1.0,0.0,0.0,0.0
GRID_CBE_08642,Cropland,0.0,0.0,0.0,1.0,0.0,0.0,0.0
GRID_CBE_08643,Cropland,0.0,0.0,0.0,1.0,0.0,0.0,0.0
GRID_CBE_08644,Cropland,0.0,0.0,0.0,1.0,0.0,0.0,0.0
GRID_CBE_08645,Cropland,0.0,0.0,0.0,1.0,0.0,0.0,0.0
GRID_CBE_08646,Cropland,0.0,0.0,0.0,1.0,0.0,0.0,0.0
GRID_CBE_08647,Cropland,0.0,0.0,0.0,1.0,0.0,0.0,0.0
GRID_CBE_08648,Cropland,0.0,0.0,0.0,1.0,0.0,0.0,0.0
GRID_CBE_08649,Cropland,0.0,0.0,0.0,1.0,0.0,0.0,0.0
GRID_CBE_08650,Cropland,0.0,0.0,0.0,1.0,0.0,0.0,0.0
GRID_CBE_08651,Cropland,0.0,0.0,0.0,1.0,0.0,0.0,0.0
GRID_CBE_08652,Cropland,0.0,0.0,0.0,1.0,0.0,0.0,0.0
GRID_CBE_08653,Cropland,0.0,0.0,0.0,1.0,0.0,0.0,0.0
GRID_CBE_08654,Cropland,0.0,0.0,0.0,1.0,0.0,0.0,0.0
GRID_CBE_08655,Cropland,0.0,0.0,0.0,1.0,0.0,0.0,0.0
GRID_CBE_08656,Cropland,0.0,0.0,0.0,1.0,0.0,0.0,0.0
GRID_CBE_08657,Cropland,0.0,0.0,0.0,1.0,0.0,0.0,0.0
GRID_CBE_08658,Cropland,0.0,0.0,0.0,1.0,0.0,0.0,0.0
GRID_CBE_08659,Shrubland,0.0,1.0,0.0,0.0,0.0,0.0,0.0
GRID_CBE_08660,Shrubland,0.0,1.0,0.0,0.0,0.0,0.0,0.0
GRID_CBE_08661,Shrubland,0.0,1.0,0.0,0.0,0.0,0.0,0.0
GRID_CBE_08662,Shrubland,0.0,1.0,0.0,0.0,0.0,0.0,0.0
GRID_CBE_08663,Shrubland,0.0,1.0,0.0,0.0,0.0,0.0,0.0
GRID_CBE_08664,Shrubland,0.0,1.0,0.0,0.0,0.0,0.0,0.0
GRID_CBE_08665,Shrubland,0.0,1.0,0.0,0.0,0.0,0.0,0.0
GRID_CBE_08666,Shrubland,0.0,1.0,0.0,0.0,0.0,0.0,0.0
GRID_CBE_08667,Shrubland,0.0,1.0,0.0,0.0,0.0,0.0,0.0
GRID_CBE_08668,Shrubland,0.0,1.0,0.0,0.0,0.0,0.0,0.0
GRID_CBE_08669,Shrubland,0.0,1.0,0.0,0.0,0.0,0.0,0.0
GRID_CBE_08670,Shrubland,0.0,1.0,0.0,0.0,0.0,0.0,0.0
GRID_CBE_08671,Shrubland,0.0,1.0,0.0,0.0,0.0,0.0,0.0
GRID_CBE_08672,Shrubland,0.0,1.0,0.0,0.0,0.0,0.0,0.0
GRID_CBE_08673,Shrubland,0.0,1.0,0.0,0.0,0.0,0.0,0.0
GRID_CBE_08674,Shrubland,0.0,1.0,0.0,0.0,0.0,0.0,0.0
GRID_CBE_08675,Shrubland,0.0,1.0,0.0,0.0,0.0,0.0,0.0
GRID_CBE_08676,Shrubland,0.0,1.0,0.0,0.0,0.0,0.0,0.0
GRID_CBE_08677,Shrubland,0.0,1.0,0.0,0.0,0.0,0.0,0.0
GRID_CBE_08678,Shrubland,0.0,1.0,0.0,0.0,0.0,0.0,0.0
GRID_CBE_08679,Shrubland,0.0,1.0,0.0,0.0,0.0,0.0,0.0
GRID_CBE_08680,Shrubland,0.0,1.0,0.0,0.0,0.0,0.0,0.0
GRID_CBE_08681,Shrubland,0.0,1.0,0.0,0.0,0.0,0.0,0.0
GRID_CBE_08682,Shrubland,0.0,1.0,0.0,0.0,0.0,0.0,0.0
GRID_CBE_08683,Shrubland,0.0,1.0,0.0,0.0,0.0,0.0,0.0
GRID_CBE_08684,Shrubland,0.0,1.0,0.0,0.0,0.0,0.0,0.0
GRID_CBE_08685,Shrubland,0.0,1.0,0.0,0.0,0.0,0.0,0.0
GRID_CBE_08686,Shrubland,0.0,1.0,0.0,0.0,0.0,0.0,0.0
GRID_CBE_08687,Shrubland,0.0,1.0,0.0,0.0,0.0,0.0,0.0
GRID_CBE_08688,Shrubland,0.0,1.0,0.0,0.0,0.0,0.0,0.0
GRID_CBE_08689,Shrubland,0.0,0.8182,0.0,0.1818,0.0,0.0,0.0
GRID_CBE_08690,Cropland,0.0,0.4545,0.0,0.5455,0.0,0.0,0.0
GRID_CBE_08691,Cropland,0.0,0.0909,0.0,0.9091,0.0,0.0,0.0
GRID_CBE_08692,Cropland,0.0,0.0,0.0,1.0,0.0,0.0,0.0
GRID_CBE_08693,Cropland,0.0,0.0,0.0,1.0,0.0,0.0,0.0
GRID_CBE_08694,Cropland,0.0,0.0,0.0,1.0,0.0,0.0,0.0
GRID_CBE_08695,Cropland,0.0,0.0,0.0,1.0,0.0,0.0,0.0
GRID_CBE_08696,Cropland,0.0,0.0,0.0,1.0,0.0,0.0,0.0
GRID_CBE_08697,Cropland,0.0,0.0,0.0,1.0,0.0,0.0,0.0
GRID_CBE_08698,Cropland,0.0,0.0,0.0,1.0,0.0,0.0,0.0
GRID_CBE_08699,Cropland,0.0,0.0,0.0,1.0,0.0,0.0,0.0
GRID_CBE_08700,Cropland,0.0,0.0,0.0,1.0,0.0,0.0,0.0
GRID_CBE_08701,Cropland,0.0,0.0,0.0,1.0,0.0,0.0,0.0
GRID_CBE_08702,Cropland,0.0,0.0,0.0,1.0,0.0,0.0,0.0
GRID_CBE_08703,Cropland,0.0,0.0,0.0,1.0,0.0,0.0,0.0
GRID_CBE_08704,Cropland,0.0,0.0,0.0,1.0,0.0,0.0,0.0
GRID_CBE_08705,Cropland,0.0,0.0,0.0,1.0,0.0,0.0,0.0
GRID_CBE_08706,Cropland,0.0,0.0,0.0,1.0,0.0,0.0,0.0
GRID_CBE_08707,Cropland,0.0,0.0,0.0,1.0,0.0,0.0,0.0
GRID_CBE_08708,Cropland,0.0,0.0,0.0,1.0,0.0,0.0,0.0
GRID_CBE_08709,Cropland,0.0,0.0,0.0,1.0,0.0,0.0,0.0
GRID_CBE_08710,Cropland,0.0,0.0,0.0,1.0,0.0,0.0,0.0
GRID_CBE_08711,Cropland,0.0,0.0,0.0,1.0,0.0,0.0,0.0
GRID_CBE_08712,Cropland,0.0,0.0,0.0,1.0,0.0,0.0,0.0
GRID_CBE_08713,Cropland,0.0,0.0,0.0,1.0,0.0,0.0,0.0
GRID_CBE_08714,Cropland,0.0,0.0,0.0,1.0,0.0,0.0,0.0
GRID_CBE_08715,Cropland,0.0,0.0,0.0,1.0,0.0,0.0,0.0
GRID_CBE_08716,Cropland,0.0,0.0,0.0,1.0,0.0,0.0,0.0
GRID_CBE_08717,Cropland,0.0,0.0,0.0,1.0,0.0,0.0,0.0
GRID_CBE_08718,Cropland,0.0,0.0,0.0,1.0,0.0,0.0,0.0
GRID_CBE_08719,Cropland,0.0,0.0,0.0,1.0,0.0,0.0,0.0
GRID_CBE_08720,Cropland,0.0,0.0,0.0,1.0,0.0,0.0,0.0
GRID_CBE_08721,Cropland,0.0,0.0,0.0,1.0,0.0,0.0,0.0
GRID_CBE_08722,Cropland,0.0,0.0,0.0,1.0,0.0,0.0,0.0
GRID_CBE_08723,Cropland,0.0,0.0,0.0,1.0,0.0,0.0,0.0
GRID_CBE_08724,Cropland,0.0,0.0,0.0,1.0,0.0,0.0,0.0
GRID_CBE_08725,Cropland,0.0,0.0,0.0,1.0,0.0,0.0,0.0
GRID_CBE_08726,Cropland,0.0,0.0,0.0,1.0,0.0,0.0,0.0
GRID_CBE_08727,Cropland,0.0,0.0,0.0,1.0,0.0,0.0,0.0
GRID_CBE_08728,Cropland,0.0,0.0,0.0,1.0,0.0,0.0,0.0
GRID_CBE_08729,Cropland,0.0,0.0,0.0,1.0,0.0,0.0,0.0
GRID_CBE_08730,Cropland,0.0,0.0,0.0,1.0,0.0,0.0,0.0
GRID_CBE_08731,Cropland,0.0,0.0,0.0,1.0,0.0,0.0,0.0
GRID_CBE_08732,Cropland,0.0,0.0,0.0,1.0,0.0,0.0,0.0
GRID_CBE_08733,Cropland,0.0,0.0,0.0,1.0,0.0,0.0,0.0
GRID_CBE_08734,Cropland,0.0,0.0,0.0,1.0,0.0,0.0,0.0
GRID_CBE_08735,Cropland,0.0,0.0,0.0,1.0,0.0,0.0,0.0
GRID_CBE_08736,Cropland,0.0,0.0,0.0,1.0,0.0,0.0,0.0
GRID_CBE_08737,Shrubland,0.0,1.0,0.0,0.0,0.0,0.0,0.0
GRID_CBE_08738,Shrubland,0.0,1.0,0.0,0.0,0.0,0.0,0.0
GRID_CBE_08739,Shrubland,0.0,1.0,0.0,0.0,0.0,0.0,0.0
GRID_CBE_08740,Shrubland,0.0,1.0,0.0,0.0,0.0,0.0,0.0
GRID_CBE_08741,Shrubland,0.0,1.0,0.0,0.0,0.0,0.0,0.0
GRID_CBE_08742,Shrubland,0.0,1.0,0.0,0.0,0.0,0.0,0.0
GRID_CBE_08743,Shrubland,0.0,1.0,0.0,0.0,0.0,0.0,0.0
GRID_CBE_08744,Shrubland,0.0,1.0,0.0,0.0,0.0,0.0,0.0
GRID_CBE_08745,Shrubland,0.0,1.0,0.0,0.0,0.0,0.0,0.0
GRID_CBE_08746,Shrubland,0.0,1.0,0.0,0.0,0.0,0.0,0.0
GRID_CBE_08747,Shrubland,0.0,1.0,0.0,0.0,0.0,0.0,0.0
GRID_CBE_08748,Shrubland,0.0,1.0,0.0,0.0,0.0,0.0,0.0
GRID_CBE_08749,Shrubland,0.0,1.0,0.0,0.0,0.0,0.0,0.0
GRID_CBE_08750,Shrubland,0.0,1.0,0.0,0.0,0.0,0.0,0.0
GRID_CBE_08751,Shrubland,0.0,1.0,0.0,0.0,0.0,0.0,0.0
GRID_CBE_08752,Shrubland,0.0,1.0,0.0,0.0,0.0,0.0,0.0
GRID_CBE_08753,Shrubland,0.0,1.0,0.0,0.0,0.0,0.0,0.0
GRID_CBE_08754,Shrubland,0.0,1.0,0.0,0.0,0.0,0.0,0.0
GRID_CBE_08755,Shrubland,0.0,1.0,0.0,0.0,0.0,0.0,0.0
GRID_CBE_08756,Shrubland,0.0,1.0,0.0,0.0,0.0,0.0,0.0
GRID_CBE_08757,Shrubland,0.0,1.0,0.0,0.0,0.0,0.0,0.0
GRID_CBE_08758,Shrubland,0.0,1.0,0.0,0.0,0.0,0.0,0.0
GRID_CBE_08759,Shrubland,0.0,1.0,0.0,0.0,0.0,0.0,0.0
GRID_CBE_08760,Shrubland,0.0,1.0,0.0,0.0,0.0,0.0,0.0
GRID_CBE_08761,Shrubland,0.0,1.0,0.0,0.0,0.0,0.0,0.0
GRID_CBE_08762,Shrubland,0.0,1.0,0.0,0.0,0.0,0.0,0.0
GRID_CBE_08763,Shrubland,0.0,1.0,0.0,0.0,0.0,0.0,0.0
GRID_CBE_08764,Shrubland,0.0,1.0,0.0,0.0,0.0,0.0,0.0
GRID_CBE_08765,Shrubland,0.0,1.0,0.0,0.0,0.0,0.0,0.0
GRID_CBE_08766,Shrubland,0.0,1.0,0.0,0.0,0.0,0.0,0.0
GRID_CBE_08767,Shrubland,0.0,0.8182,0.0,0.1818,0.0,0.0,0.0
GRID_CBE_08768,Cropland,0.0,0.4545,0.0,0.5455,0.0,0.0,0.0
GRID_CBE_08769,Cropland,0.0,0.0909,0.0,0.9091,0.0,0.0,0.0
GRID_CBE_08770,Cropland,0.0,0.0,0.0,1.0,0.0,0.0,0.0
GRID_CBE_08771,Cropland,0.0,0.0,0.0,1.0,0.0,0.0,0.0
GRID_CBE_08772,Cropland,0.0,0.0,0.0,1.0,0.0,0.0,0.0
GRID_CBE_08773,Cropland,0.0,0.0,0.0,1.0,0.0,0.0,0.0
GRID_CBE_08774,Cropland,0.0,0.0,0.0,1.0,0.0,0.0,0.0
GRID_CBE_08775,Cropland,0.0,0.0,0.0,1.0,0.0,0.0,0.0
GRID_CBE_08776,Cropland,0.0,0.0,0.0,1.0,0.0,0.0,0.0
GRID_CBE_08777,Cropland,0.0,0.0,0.0,1.0,0.0,0.0,0.0
GRID_CBE_08778,Cropland,0.0,0.0,0.0,1.0,0.0,0.0,0.0
GRID_CBE_08779,Cropland,0.0,0.0,0.0,1.0,0.0,0.0,0.0
GRID_CBE_08780,Cropland,0.0,0.0,0.0,1.0,0.0,0.0,0.0
GRID_CBE_08781,Cropland,0.0,0.0,0.0,1.0,0.0,0.0,0.0
GRID_CBE_08782,Cropland,0.0,0.0,0.0,1.0,0.0,0.0,0.0
GRID_CBE_08783,Cropland,0.0,0.0,0.0,1.0,0.0,0.0,0.0
GRID_CBE_08784,Cropland,0.0,0.0,0.0,1.0,0.0,0.0,0.0
GRID_CBE_08785,Cropland,0.0,0.0,0.0,1.0,0.0,0.0,0.0
GRID_CBE_08786,Cropland,0.0,0.0,0.0,1.0,0.0,0.0,0.0
GRID_CBE_08787,Cropland,0.0,0.0,0.0,1.0,0.0,0.0,0.0
GRID_CBE_08788,Cropland,0.0,0.0,0.0,1.0,0.0,0.0,0.0
GRID_CBE_08789,Cropland,0.0,0.0,0.0,1.0,0.0,0.0,0.0
GRID_CBE_08790,Cropland,0.0,0.0,0.0,1.0,0.0,0.0,0.0
GRID_CBE_08791,Cropland,0.0,0.0,0.0,1.0,0.0,0.0,0.0
GRID_CBE_08792,Cropland,0.0,0.0,0.0,1.0,0.0,0.0,0.0
GRID_CBE_08793,Cropland,0.0,0.0,0.0,1.0,0.0,0.0,0.0
GRID_CBE_08794,Cropland,0.0,0.0,0.0,1.0,0.0,0.0,0.0
GRID_CBE_08795,Cropland,0.0,0.0,0.0,1.0,0.0,0.0,0.0
GRID_CBE_08796,Cropland,0.0,0.0,0.0,1.0,0.0,0.0,0.0
GRID_CBE_08797,Cropland,0.0,0.0,0.0,1.0,0.0,0.0,0.0
GRID_CBE_08798,Cropland,0.0,0.0,0.0,1.0,0.0,0.0,0.0
GRID_CBE_08799,Cropland,0.0,0.0,0.0,1.0,0.0,0.0,0.0
GRID_CBE_08800,Cropland,0.0,0.0,0.0,1.0,0.0,0.0,0.0
GRID_CBE_08801,Cropland,0.0,0.0,0.0,1.0,0.0,0.0,0.0
GRID_CBE_08802,Cropland,0.0,0.0,0.0,1.0,0.0,0.0,0.0
GRID_CBE_08803,Cropland,0.0,0.0,0.0,1.0,0.0,0.0,0.0
GRID_CBE_08804,Cropland,0.0,0.0,0.0,1.0,0.0,0.0,0.0
GRID_CBE_08805,Cropland,0.0,0.0,0.0,1.0,0.0,0.0,0.0
GRID_CBE_08806,Cropland,0.0,0.0,0.0,1.0,0.0,0.0,0.0
GRID_CBE_08807,Cropland,0.0,0.0,0.0,1.0,0.0,0.0,0.0
GRID_CBE_08808,Cropland,0.0,0.0,0.0,1.0,0.0,0.0,0.0
GRID_CBE_08809,Cropland,0.0,0.0,0.0,1.0,0.0,0.0,0.0
GRID_CBE_08810,Cropland,0.0,0.0,0.0,1.0,0.0,0.0,0.0
GRID_CBE_08811,Cropland,0.0,0.0,0.0,1.0,0.0,0.0,0.0
GRID_CBE_08812,Cropland,0.0,0.0,0.0,1.0,0.0,0.0,0.0
GRID_CBE_08813,Cropland,0.0,0.0,0.0,1.0,0.0,0.0,0.0
GRID_CBE_08814,Cropland,0.0,0.0,0.0,1.0,0.0,0.0,0.0
GRID_CBE_08815,Shrubland,0.0,1.0,0.0,0.0,0.0,0.0,0.0
GRID_CBE_08816,Shrubland,0.0,1.0,0.0,0.0,0.0,0.0,0.0
GRID_CBE_08817,Shrubland,0.0,1.0,0.0,0.0,0.0,0.0,0.0
GRID_CBE_08818,Shrubland,0.0,1.0,0.0,0.0,0.0,0.0,0.0
GRID_CBE_08819,Shrubland,0.0,1.0,0.0,0.0,0.0,0.0,0.0
GRID_CBE_08820,Shrubland,0.0,1.0,0.0,0.0,0.0,0.0,0.0
GRID_CBE_08821,Shrubland,0.0,1.0,0.0,0.0,0.0,0.0,0.0
GRID_CBE_08822,Shrubland,0.0,1.0,0.0,0.0,0.0,0.0,0.0
GRID_CBE_08823,Shrubland,0.0,1.0,0.0,0.0,0.0,0.0,0.0
GRID_CBE_08824,Shrubland,0.0,1.0,0.0,0.0,0.0,0.0,0.0
GRID_CBE_08825,Shrubland,0.0,1.0,0.0,0.0,0.0,0.0,0.0
GRID_CBE_08826,Shrubland,0.0,1.0,0.0,0.0,0.0,0.0,0.0
GRID_CBE_08827,Shrubland,0.0,1.0,0.0,0.0,0.0,0.0,0.0
GRID_CBE_08828,Shrubland,0.0,1.0,0.0,0.0,0.0,0.0,0.0
GRID_CBE_08829,Shrubland,0.0,1.0,0.0,0.0,0.0,0.0,0.0
GRID_CBE_08830,Shrubland,0.0,1.0,0.0,0.0,0.0,0.0,0.0
GRID_CBE_08831,Shrubland,0.0,1.0,0.0,0.0,0.0,0.0,0.0
GRID_CBE_08832,Shrubland,0.0,1.0,0.0,0.0,0.0,0.0,0.0
GRID_CBE_08833,Shrubland,0.0,1.0,0.0,0.0,0.0,0.0,0.0
GRID_CBE_08834,Shrubland,0.0,1.0,0.0,0.0,0.0,0.0,0.0
GRID_CBE_08835,Shrubland,0.0,1.0,0.0,0.0,0.0,0.0,0.0
GRID_CBE_08836,Shrubland,0.0,1.0,0.0,0.0,0.0,0.0,0.0
GRID_CBE_08837,Shrubland,0.0,1.0,0.0,0.0,0.0,0.0,0.0
GRID_CBE_08838,Shrubland,0.0,1.0,0.0,0.0,0.0,0.0,0.0
GRID_CBE_08839,Shrubland,0.0,1.0,0.0,0.0,0.0,0.0,0.0
GRID_CBE_08840,Shrubland,0.0,1.0,0.0,0.0,0.0,0.0,0.0
GRID_CBE_08841,Shrubland,0.0,1.0,0.0,0.0,0.0,0.0,0.0
GRID_CBE_08842,Shrubland,0.0,1.0,0.0,0.0,0.0,0.0,0.0
GRID_CBE_08843,Shrubland,0.0,1.0,0.0,0.0,0.0,0.0,0.0
GRID_CBE_08844,Shrubland,0.0,1.0,0.0,0.0,0.0,0.0,0.0
GRID_CBE_08845,Shrubland,0.0,0.7273,0.0,0.2727,0.0,0.0,0.0
GRID_CBE_08846,Cropland,0.0,0.4545,0.0,0.5455,0.0,0.0,0.0
GRID_CBE_08847,Cropland,0.0,0.0909,0.0,0.9091,0.0,0.0,0.0
GRID_CBE_08848,Cropland,0.0,0.0,0.0,1.0,0.0,0.0,0.0
GRID_CBE_08849,Cropland,0.0,0.0,0.0,1.0,0.0,0.0,0.0
GRID_CBE_08850,Cropland,0.0,0.0,0.0,1.0,0.0,0.0,0.0
GRID_CBE_08851,Cropland,0.0,0.0,0.0,1.0,0.0,0.0,0.0
GRID_CBE_08852,Cropland,0.0,0.0,0.0,1.0,0.0,0.0,0.0
GRID_CBE_08853,Cropland,0.0,0.0,0.0,1.0,0.0,0.0,0.0
GRID_CBE_08854,Cropland,0.0,0.0,0.0,1.0,0.0,0.0,0.0
GRID_CBE_08855,Cropland,0.0,0.0,0.0,1.0,0.0,0.0,0.0
GRID_CBE_08856,Cropland,0.0,0.0,0.0,1.0,0.0,0.0,0.0
GRID_CBE_08857,Cropland,0.0,0.0,0.0,1.0,0.0,0.0,0.0
GRID_CBE_08858,Cropland,0.0,0.0,0.0,1.0,0.0,0.0,0.0
GRID_CBE_08859,Cropland,0.0,0.0,0.0,1.0,0.0,0.0,0.0
GRID_CBE_08860,Cropland,0.0,0.0,0.0,1.0,0.0,0.0,0.0
GRID_CBE_08861,Cropland,0.0,0.0,0.0,1.0,0.0,0.0,0.0
GRID_CBE_08862,Cropland,0.0,0.0,0.0,1.0,0.0,0.0,0.0
GRID_CBE_08863,Cropland,0.0,0.0,0.0,1.0,0.0,0.0,0.0
GRID_CBE_08864,Cropland,0.0,0.0,0.0,1.0,0.0,0.0,0.0
GRID_CBE_08865,Cropland,0.0,0.0,0.0,1.0,0.0,0.0,0.0
GRID_CBE_08866,Cropland,0.0,0.0,0.0,1.0,0.0,0.0,0.0
GRID_CBE_08867,Cropland,0.0,0.0,0.0,1.0,0.0,0.0,0.0
GRID_CBE_08868,Cropland,0.0,0.0,0.0,1.0,0.0,0.0,0.0
GRID_CBE_08869,Cropland,0.0,0.0,0.0,1.0,0.0,0.0,0.0
GRID_CBE_08870,Cropland,0.0,0.0,0.0,1.0,0.0,0.0,0.0
GRID_CBE_08871,Cropland,0.0,0.0,0.0,1.0,0.0,0.0,0.0
GRID_CBE_08872,Cropland,0.0,0.0,0.0,1.0,0.0,0.0,0.0
GRID_CBE_08873,Cropland,0.0,0.0,0.0,1.0,0.0,0.0,0.0
GRID_CBE_08874,Cropland,0.0,0.0,0.0,1.0,0.0,0.0,0.0
GRID_CBE_08875,Cropland,0.0,0.0,0.0,1.0,0.0,0.0,0.0
GRID_CBE_08876,Cropland,0.0,0.0,0.0,1.0,0.0,0.0,0.0
GRID_CBE_08877,Cropland,0.0,0.0,0.0,1.0,0.0,0.0,0.0
GRID_CBE_08878,Cropland,0.0,0.0,0.0,1.0,0.0,0.0,0.0
GRID_CBE_08879,Cropland,0.0,0.0,0.0,1.0,0.0,0.0,0.0
GRID_CBE_08880,Cropland,0.0,0.0,0.0,1.0,0.0,0.0,0.0
GRID_CBE_08881,Cropland,0.0,0.0,0.0,1.0,0.0,0.0,0.0
GRID_CBE_08882,Cropland,0.0,0.0,0.0,1.0,0.0,0.0,0.0
GRID_CBE_08883,Cropland,0.0,0.0,0.0,1.0,0.0,0.0,0.0
GRID_CBE_08884,Cropland,0.0,0.0,0.0,1.0,0.0,0.0,0.0
GRID_CBE_08885,Cropland,0.0,0.0,0.0,1.0,0.0,0.0,0.0
GRID_CBE_08886,Cropland,0.0,0.0,0.0,1.0,0.0,0.0,0.0
GRID_CBE_08887,Cropland,0.0,0.0,0.0,1.0,0.0,0.0,0.0
GRID_CBE_08888,Cropland,0.0,0.0,0.0,1.0,0.0,0.0,0.0
GRID_CBE_08889,Cropland,0.0,0.0,0.0,1.0,0.0,0.0,0.0
GRID_CBE_08890,Cropland,0.0,0.0,0.0,1.0,0.0,0.0,0.0
GRID_CBE_08891,Cropland,0.0,0.0,0.0,1.0,0.0,0.0,0.0
GRID_CBE_08892,Cropland,0.0,0.0,0.0,1.0,0.0,0.0,0.0
GRID_CBE_08893,Shrubland,0.0,1.0,0.0,0.0,0.0,0.0,0.0
GRID_CBE_08894,Shrubland,0.0,1.0,0.0,0.0,0.0,0.0,0.0
GRID_CBE_08895,Shrubland,0.0,1.0,0.0,0.0,0.0,0.0,0.0
GRID_CBE_08896,Shrubland,0.0,1.0,0.0,0.0,0.0,0.0,0.0
GRID_CBE_08897,Shrubland,0.0,1.0,0.0,0.0,0.0,0.0,0.0
GRID_CBE_08898,Shrubland,0.0,1.0,0.0,0.0,0.0,0.0,0.0
GRID_CBE_08899,Shrubland,0.0,1.0,0.0,0.0,0.0,0.0,0.0
GRID_CBE_08900,Shrubland,0.0,1.0,0.0,0.0,0.0,0.0,0.0
GRID_CBE_08901,Shrubland,0.0,1.0,0.0,0.0,0.0,0.0,0.0
GRID_CBE_08902,Shrubland,0.0,1.0,0.0,0.0,0.0,0.0,0.0
GRID_CBE_08903,Shrubland,0.0,1.0,0.0,0.0,0.0,0.0,0.0
GRID_CBE_08904,Shrubland,0.0,1.0,0.0,0.0,0.0,0.0,0.0
GRID_CBE_08905,Shrubland,0.0,1.0,0.0,0.0,0.0,0.0,0.0
GRID_CBE_08906,Shrubland,0.0,1.0,0.0,0.0,0.0,0.0,0.0
GRID_CBE_08907,Shrubland,0.0,1.0,0.0,0.0,0.0,0.0,0.0
GRID_CBE_08908,Shrubland,0.0,1.0,0.0,0.0,0.0,0.0,0.0
GRID_CBE_08909,Shrubland,0.0,1.0,0.0,0.0,0.0,0.0,0.0
GRID_CBE_08910,Shrubland,0.0,1.0,0.0,0.0,0.0,0.0,0.0
GRID_CBE_08911,Shrubland,0.0,1.0,0.0,0.0,0.0,0.0,0.0
GRID_CBE_08912,Shrubland,0.0,1.0,0.0,0.0,0.0,0.0,0.0
GRID_CBE_08913,Shrubland,0.0,1.0,0.0,0.0,0.0,0.0,0.0
GRID_CBE_08914,Shrubland,0.0,1.0,0.0,0.0,0.0,0.0,0.0
GRID_CBE_08915,Shrubland,0.0,1.0,0.0,0.0,0.0,0.0,0.0
GRID_CBE_08916,Shrubland,0.0,1.0,0.0,0.0,0.0,0.0,0.0
GRID_CBE_08917,Shrubland,0.0,1.0,0.0,0.0,0.0,0.0,0.0
GRID_CBE_08918,Shrubland,0.0,1.0,0.0,0.0,0.0,0.0,0.0
GRID_CBE_08919,Shrubland,0.0,1.0,0.0,0.0,0.0,0.0,0.0
GRID_CBE_08920,Shrubland,0.0,1.0,0.0,0.0,0.0,0.0,0.0
GRID_CBE_08921,Shrubland,0.0,1.0,0.0,0.0,0.0,0.0,0.0
GRID_CBE_08922,Shrubland,0.0,1.0,0.0,0.0,0.0,0.0,0.0
GRID_CBE_08923,Shrubland,0.0,0.7273,0.0,0.2727,0.0,0.0,0.0
GRID_CBE_08924,Cropland,0.0,0.4545,0.0,0.5455,0.0,0.0,0.0
GRID_CBE_08925,Cropland,0.0,0.0909,0.0,0.9091,0.0,0.0,0.0
GRID_CBE_08926,Cropland,0.0,0.0,0.0,1.0,0.0,0.0,0.0
GRID_CBE_08927,Cropland,0.0,0.0,0.0,1.0,0.0,0.0,0.0
GRID_CBE_08928,Cropland,0.0,0.0,0.0,1.0,0.0,0.0,0.0
GRID_CBE_08929,Cropland,0.0,0.0,0.0,1.0,0.0,0.0,0.0
GRID_CBE_08930,Cropland,0.0,0.0,0.0,1.0,0.0,0.0,0.0
GRID_CBE_08931,Cropland,0.0,0.0,0.0,1.0,0.0,0.0,0.0
GRID_CBE_08932,Cropland,0.0,0.0,0.0,1.0,0.0,0.0,0.0
GRID_CBE_08933,Cropland,0.0,0.0,0.0,1.0,0.0,0.0,0.0
GRID_CBE_08934,Cropland,0.0,0.0,0.0,1.0,0.0,0.0,0.0
GRID_CBE_08935,Cropland,0.0,0.0,0.0,1.0,0.0,0.0,0.0
GRID_CBE_08936,Cropland,0.0,0.0,0.0,1.0,0.0,0.0,0.0
GRID_CBE_08937,Cropland,0.0,0.0,0.0,1.0,0.0,0.0,0.0
GRID_CBE_08938,Cropland,0.0,0.0,0.0,1.0,0.0,0.0,0.0
GRID_CBE_08939,Cropland,0.0,0.0,0.0,1.0,0.0,0.0,0.0
GRID_CBE_08940,Cropland,0.0,0.0,0.0,1.0,0.0,0.0,0.0
GRID_CBE_08941,Cropland,0.0,0.0,0.0,1.0,0.0,0.0,0.0
GRID_CBE_08942,Cropland,0.0,0.0,0.0,1.0,0.0,0.0,0.0
GRID_CBE_08943,Cropland,0.0,0.0,0.0,1.0,0.0,0.0,0.0
GRID_CBE_08944,Cropland,0.0,0.0,0.0,1.0,0.0,0.0,0.0
GRID_CBE_08945,Cropland,0.0,0.0,0.0,1.0,0.0,0.0,0.0
GRID_CBE_08946,Cropland,0.0,0.0,0.0,1.0,0.0,0.0,0.0
GRID_CBE_08947,Cropland,0.0,0.0,0.0,1.0,0.0,0.0,0.0
GRID_CBE_08948,Cropland,0.0,0.0,0.0,1.0,0.0,0.0,0.0
GRID_CBE_08949,Cropland,0.0,0.0,0.0,1.0,0.0,0.0,0.0
GRID_CBE_08950,Cropland,0.0,0.0,0.0,1.0,0.0,0.0,0.0
GRID_CBE_08951,Cropland,0.0,0.0,0.0,1.0,0.0,0.0,0.0
GRID_CBE_08952,Cropland,0.0,0.0,0.0,1.0,0.0,0.0,0.0
GRID_CBE_08953,Cropland,0.0,0.0,0.0,1.0,0.0,0.0,0.0
GRID_CBE_08954,Cropland,0.0,0.0,0.0,1.0,0.0,0.0,0.0
GRID_CBE_08955,Cropland,0.0,0.0,0.0,1.0,0.0,0.0,0.0
GRID_CBE_08956,Cropland,0.0,0.0,0.0,1.0,0.0,0.0,0.0
GRID_CBE_08957,Cropland,0.0,0.0,0.0,1.0,0.0,0.0,0.0
GRID_CBE_08958,Cropland,0.0,0.0,0.0,1.0,0.0,0.0,0.0
GRID_CBE_08959,Cropland,0.0,0.0,0.0,1.0,0.0,0.0,0.0
GRID_CBE_08960,Cropland,0.0,0.0,0.0,1.0,0.0,0.0,0.0
GRID_CBE_08961,Cropland,0.0,0.0,0.0,1.0,0.0,0.0,0.0
GRID_CBE_08962,Cropland,0.0,0.0,0.0,1.0,0.0,0.0,0.0
GRID_CBE_08963,Cropland,0.0,0.0,0.0,1.0,0.0,0.0,0.0
GRID_CBE_08964,Cropland,0.0,0.0,0.0,1.0,0.0,0.0,0.0
GRID_CBE_08965,Cropland,0.0,0.0,0.0,1.0,0.0,0.0,0.0
GRID_CBE_08966,Cropland,0.0,0.0,0.0,1.0,0.0,0.0,0.0
GRID_CBE_08967,Cropland,0.0,0.0,0.0,1.0,0.0,0.0,0.0
GRID_CBE_08968,Cropland,0.0,0.0,0.0,1.0,0.0,0.0,0.0
GRID_CBE_08969,Cropland,0.0,0.0,0.0,1.0,0.0,0.0,0.0
GRID_CBE_08970,Cropland,0.0,0.0,0.0,1.0,0.0,0.0,0.0
GRID_CBE_08971,Shrubland,0.0,1.0,0.0,0.0,0.0,0.0,0.0
GRID_CBE_08972,Shrubland,0.0,1.0,0.0,0.0,0.0,0.0,0.0
GRID_CBE_08973,Shrubland,0.0,1.0,0.0,0.0,0.0,0.0,0.0
GRID_CBE_08974,Shrubland,0.0,1.0,0.0,0.0,0.0,0.0,0.0
GRID_CBE_08975,Shrubland,0.0,1.0,0.0,0.0,0.0,0.0,0.0
GRID_CBE_08976,Shrubland,0.0,1.0,0.0,0.0,0.0,0.0,0.0
GRID_CBE_08977,Shrubland,0.0,1.0,0.0,0.0,0.0,0.0,0.0
GRID_CBE_08978,Shrubland,0.0,1.0,0.0,0.0,0.0,0.0,0.0
GRID_CBE_08979,Shrubland,0.0,1.0,0.0,0.0,0.0,0.0,0.0
GRID_CBE_08980,Shrubland,0.0,1.0,0.0,0.0,0.0,0.0,0.0
GRID_CBE_08981,Shrubland,0.0,1.0,0.0,0.0,0.0,0.0,0.0
GRID_CBE_08982,Shrubland,0.0,1.0,0.0,0.0,0.0,0.0,0.0
GRID_CBE_08983,Shrubland,0.0,1.0,0.0,0.0,0.0,0.0,0.0
GRID_CBE_08984,Shrubland,0.0,1.0,0.0,0.0,0.0,0.0,0.0
GRID_CBE_08985,Shrubland,0.0,1.0,0.0,0.0,0.0,0.0,0.0
GRID_CBE_08986,Shrubland,0.0,1.0,0.0,0.0,0.0,0.0,0.0
GRID_CBE_08987,Shrubland,0.0,1.0,0.0,0.0,0.0,0.0,0.0
GRID_CBE_08988,Shrubland,0.0,1.0,0.0,0.0,0.0,0.0,0.0
GRID_CBE_08989,Shrubland,0.0,1.0,0.0,0.0,0.0,0.0,0.0
GRID_CBE_08990,Shrubland,0.0,1.0,0.0,0.0,0.0,0.0,0.0
GRID_CBE_08991,Shrubland,0.0,1.0,0.0,0.0,0.0,0.0,0.0
GRID_CBE_08992,Shrubland,0.0,1.0,0.0,0.0,0.0,0.0,0.0
GRID_CBE_08993,Shrubland,0.0,1.0,0.0,0.0,0.0,0.0,0.0
GRID_CBE_08994,Shrubland,0.0,1.0,0.0,0.0,0.0,0.0,0.0
GRID_CBE_08995,Shrubland,0.0,1.0,0.0,0.0,0.0,0.0,0.0
GRID_CBE_08996,Shrubland,0.0,1.0,0.0,0.0,0.0,0.0,0.0
GRID_CBE_08997,Shrubland,0.0,1.0,0.0,0.0,0.0,0.0,0.0
GRID_CBE_08998,Shrubland,0.0,1.0,0.0,0.0,0.0,0.0,0.0
GRID_CBE_08999,Shrubland,0.0,1.0,0.0,0.0,0.0,0.0,0.0
GRID_CBE_09000,Shrubland,0.0,1.0,0.0,0.0,0.0,0.0,0.0
GRID_CBE_09001,Shrubland,0.0,0.7273,0.0,0.2727,0.0,0.0,0.0
GRID_CBE_09002,Cropland,0.0,0.4545,0.0,0.5455,0.0,0.0,0.0
GRID_CBE_09003,Cropland,0.0,0.0909,0.0,0.9091,0.0,0.0,0.0
GRID_CBE_09004,Cropland,0.0,0.0,0.0,1.0,0.0,0.0,0.0
GRID_CBE_09005,Cropland,0.0,0.0,0.0,1.0,0.0,0.0,0.0
GRID_CBE_09006,Cropland,0.0,0.0,0.0,1.0,0.0,0.0,0.0
GRID_CBE_09007,Cropland,0.0,0.0,0.0,1.0,0.0,0.0,0.0
GRID_CBE_09008,Cropland,0.0,0.0,0.0,1.0,0.0,0.0,0.0
GRID_CBE_09009,Cropland,0.0,0.0,0.0,1.0,0.0,0.0,0.0
GRID_CBE_09010,Cropland,0.0,0.0,0.0,1.0,0.0,0.0,0.0
GRID_CBE_09011,Cropland,0.0,0.0,0.0,1.0,0.0,0.0,0.0
GRID_CBE_09012,Cropland,0.0,0.0,0.0,1.0,0.0,0.0,0.0
GRID_CBE_09013,Cropland,0.0,0.0,0.0,1.0,0.0,0.0,0.0
GRID_CBE_09014,Cropland,0.0,0.0,0.0,1.0,0.0,0.0,0.0
GRID_CBE_09015,Cropland,0.0,0.0,0.0,1.0,0.0,0.0,0.0
GRID_CBE_09016,Cropland,0.0,0.0,0.0,1.0,0.0,0.0,0.0
GRID_CBE_09017,Cropland,0.0,0.0,0.0,1.0,0.0,0.0,0.0
GRID_CBE_09018,Cropland,0.0,0.0,0.0,1.0,0.0,0.0,0.0
GRID_CBE_09019,Cropland,0.0,0.0,0.0,1.0,0.0,0.0,0.0
GRID_CBE_09020,Cropland,0.0,0.0,0.0,1.0,0.0,0.0,0.0
GRID_CBE_09021,Cropland,0.0,0.0,0.0,1.0,0.0,0.0,0.0
GRID_CBE_09022,Cropland,0.0,0.0,0.0,1.0,0.0,0.0,0.0
GRID_CBE_09023,Cropland,0.0,0.0,0.0,1.0,0.0,0.0,0.0
GRID_CBE_09024,Cropland,0.0,0.0,0.0,1.0,0.0,0.0,0.0
GRID_CBE_09025,Cropland,0.0,0.0,0.0,1.0,0.0,0.0,0.0
GRID_CBE_09026,Cropland,0.0,0.0,0.0,1.0,0.0,0.0,0.0
GRID_CBE_09027,Cropland,0.0,0.0,0.0,1.0,0.0,0.0,0.0
GRID_CBE_09028,Cropland,0.0,0.0,0.0,1.0,0.0,0.0,0.0
GRID_CBE_09029,Cropland,0.0,0.0,0.0,1.0,0.0,0.0,0.0
GRID_CBE_09030,Cropland,0.0,0.0,0.0,1.0,0.0,0.0,0.0
GRID_CBE_09031,Cropland,0.0,0.0,0.0,1.0,0.0,0.0,0.0
GRID_CBE_09032,Cropland,0.0,0.0,0.0,1.0,0.0,0.0,0.0
GRID_CBE_09033,Cropland,0.0,0.0,0.0,1.0,0.0,0.0,0.0
GRID_CBE_09034,Cropland,0.0,0.0,0.0,1.0,0.0,0.0,0.0
GRID_CBE_09035,Cropland,0.0,0.0,0.0,1.0,0.0,0.0,0.0
GRID_CBE_09036,Cropland,0.0,0.0,0.0,1.0,0.0,0.0,0.0
GRID_CBE_09037,Cropland,0.0,0.0,0.0,1.0,0.0,0.0,0.0
GRID_CBE_09038,Cropland,0.0,0.0,0.0,1.0,0.0,0.0,0.0
GRID_CBE_09039,Cropland,0.0,0.0,0.0,1.0,0.0,0.0,0.0
GRID_CBE_09040,Cropland,0.0,0.0,0.0,1.0,0.0,0.0,0.0
GRID_CBE_09041,Cropland,0.0,0.0,0.0,1.0,0.0,0.0,0.0
GRID_CBE_09042,Cropland,0.0,0.0,0.0,1.0,0.0,0.0,0.0
GRID_CBE_09043,Cropland,0.0,0.0,0.0,1.0,0.0,0.0,0.0
GRID_CBE_09044,Cropland,0.0,0.0,0.0,1.0,0.0,0.0,0.0
GRID_CBE_09045,Cropland,0.0,0.0,0.0,1.0,0.0,0.0,0.0
GRID_CBE_09046,Cropland,0.0,0.0,0.0,1.0,0.0,0.0,0.0
GRID_CBE_09047,Cropland,0.0,0.0,0.0,1.0,0.0,0.0,0.0
GRID_CBE_09048,Cropland,0.0,0.0,0.0,1.0,0.0,0.0,0.0
GRID_CBE_09049,Shrubland,0.0,1.0,0.0,0.0,0.0,0.0,0.0
GRID_CBE_09050,Shrubland,0.0,1.0,0.0,0.0,0.0,0.0,0.0
GRID_CBE_09051,Shrubland,0.0,1.0,0.0,0.0,0.0,0.0,0.0
GRID_CBE_09052,Shrubland,0.0,1.0,0.0,0.0,0.0,0.0,0.0
GRID_CBE_09053,Shrubland,0.0,1.0,0.0,0.0,0.0,0.0,0.0
GRID_CBE_09054,Shrubland,0.0,1.0,0.0,0.0,0.0,0.0,0.0
GRID_CBE_09055,Shrubland,0.0,1.0,0.0,0.0,0.0,0.0,0.0
GRID_CBE_09056,Shrubland,0.0,1.0,0.0,0.0,0.0,0.0,0.0
GRID_CBE_09057,Shrubland,0.0,1.0,0.0,0.0,0.0,0.0,0.0
GRID_CBE_09058,Shrubland,0.0,1.0,0.0,0.0,0.0,0.0,0.0
GRID_CBE_09059,Shrubland,0.0,1.0,0.0,0.0,0.0,0.0,0.0
GRID_CBE_09060,Shrubland,0.0,1.0,0.0,0.0,0.0,0.0,0.0
GRID_CBE_09061,Shrubland,0.0,1.0,0.0,0.0,0.0,0.0,0.0
GRID_CBE_09062,Shrubland,0.0,1.0,0.0,0.0,0.0,0.0,0.0
GRID_CBE_09063,Shrubland,0.0,1.0,0.0,0.0,0.0,0.0,0.0
GRID_CBE_09064,Shrubland,0.0,1.0,0.0,0.0,0.0,0.0,0.0
GRID_CBE_09065,Shrubland,0.0,1.0,0.0,0.0,0.0,0.0,0.0
GRID_CBE_09066,Shrubland,0.0,1.0,0.0,0.0,0.0,0.0,0.0
GRID_CBE_09067,Shrubland,0.0,1.0,0.0,0.0,0.0,0.0,0.0
GRID_CBE_09068,Shrubland,0.0,1.0,0.0,0.0,0.0,0.0,0.0
GRID_CBE_09069,Shrubland,0.0,1.0,0.0,0.0,0.0,0.0,0.0
GRID_CBE_09070,Shrubland,0.0,1.0,0.0,0.0,0.0,0.0,0.0
GRID_CBE_09071,Shrubland,0.0,1.0,0.0,0.0,0.0,0.0,0.0
GRID_CBE_09072,Shrubland,0.0,1.0,0.0,0.0,0.0,0.0,0.0
GRID_CBE_09073,Shrubland,0.0,1.0,0.0,0.0,0.0,0.0,0.0
GRID_CBE_09074,Shrubland,0.0,1.0,0.0,0.0,0.0,0.0,0.0
GRID_CBE_09075,Shrubland,0.0,1.0,0.0,0.0,0.0,0.0,0.0
GRID_CBE_09076,Shrubland,0.0,1.0,0.0,0.0,0.0,0.0,0.0
GRID_CBE_09077,Shrubland,0.0,1.0,0.0,0.0,0.0,0.0,0.0
GRID_CBE_09078,Shrubland,0.0,1.0,0.0,0.0,0.0,0.0,0.0
GRID_CBE_09079,Shrubland,0.0,0.7273,0.0,0.2727,0.0,0.0,0.0
GRID_CBE_09080,Cropland,0.0,0.3636,0.0,0.6364,0.0,0.0,0.0
GRID_CBE_09081,Cropland,0.0,0.0909,0.0,0.9091,0.0,0.0,0.0
GRID_CBE_09082,Cropland,0.0,0.0,0.0,1.0,0.0,0.0,0.0
GRID_CBE_09083,Cropland,0.0,0.0,0.0,1.0,0.0,0.0,0.0
GRID_CBE_09084,Cropland,0.0,0.0,0.0,1.0,0.0,0.0,0.0
GRID_CBE_09085,Cropland,0.0,0.0,0.0,1.0,0.0,0.0,0.0
GRID_CBE_09086,Cropland,0.0,0.0,0.0,1.0,0.0,0.0,0.0
GRID_CBE_09087,Cropland,0.0,0.0,0.0,1.0,0.0,0.0,0.0
GRID_CBE_09088,Cropland,0.0,0.0,0.0,1.0,0.0,0.0,0.0
GRID_CBE_09089,Cropland,0.0,0.0,0.0,1.0,0.0,0.0,0.0
GRID_CBE_09090,Cropland,0.0,0.0,0.0,1.0,0.0,0.0,0.0
GRID_CBE_09091,Cropland,0.0,0.0,0.0,1.0,0.0,0.0,0.0
GRID_CBE_09092,Cropland,0.0,0.0,0.0,1.0,0.0,0.0,0.0
GRID_CBE_09093,Cropland,0.0,0.0,0.0,1.0,0.0,0.0,0.0
GRID_CBE_09094,Cropland,0.0,0.0,0.0,1.0,0.0,0.0,0.0
GRID_CBE_09095,Cropland,0.0,0.0,0.0,1.0,0.0,0.0,0.0
GRID_CBE_09096,Cropland,0.0,0.0,0.0,1.0,0.0,0.0,0.0
GRID_CBE_09097,Cropland,0.0,0.0,0.0,1.0,0.0,0.0,0.0
GRID_CBE_09098,Cropland,0.0,0.0,0.0,1.0,0.0,0.0,0.0
GRID_CBE_09099,Cropland,0.0,0.0,0.0,1.0,0.0,0.0,0.0
GRID_CBE_09100,Cropland,0.0,0.0,0.0,1.0,0.0,0.0,0.0
GRID_CBE_09101,Cropland,0.0,0.0,0.0,1.0,0.0,0.0,0.0
GRID_CBE_09102,Cropland,0.0,0.0,0.0,1.0,0.0,0.0,0.0
GRID_CBE_09103,Cropland,0.0,0.0,0.0,1.0,0.0,0.0,0.0
GRID_CBE_09104,Cropland,0.0,0.0,0.0,1.0,0.0,0.0,0.0
GRID_CBE_09105,Cropland,0.0,0.0,0.0,1.0,0.0,0.0,0.0
GRID_CBE_09106,Cropland,0.0,0.0,0.0,1.0,0.0,0.0,0.0
GRID_CBE_09107,Cropland,0.0,0.0,0.0,1.0,0.0,0.0,0.0
GRID_CBE_09108,Cropland,0.0,0.0,0.0,1.0,0.0,0.0,0.0
GRID_CBE_09109,Cropland,0.0,0.0,0.0,1.0,0.0,0.0,0.0
GRID_CBE_09110,Cropland,0.0,0.0,0.0,1.0,0.0,0.0,0.0
GRID_CBE_09111,Cropland,0.0,0.0,0.0,1.0,0.0,0.0,0.0
GRID_CBE_09112,Cropland,0.0,0.0,0.0,1.0,0.0,0.0,0.0
GRID_CBE_09113,Cropland,0.0,0.0,0.0,1.0,0.0,0.0,0.0
GRID_CBE_09114,Cropland,0.0,0.0,0.0,1.0,0.0,0.0,0.0
GRID_CBE_09115,Cropland,0.0,0.0,0.0,1.0,0.0,0.0,0.0
GRID_CBE_09116,Cropland,0.0,0.0,0.0,1.0,0.0,0.0,0.0
GRID_CBE_09117,Cropland,0.0,0.0,0.0,1.0,0.0,0.0,0.0
GRID_CBE_09118,Cropland,0.0,0.0,0.0,1.0,0.0,0.0,0.0
GRID_CBE_09119,Cropland,0.0,0.0,0.0,1.0,0.0,0.0,0.0
GRID_CBE_09120,Cropland,0.0,0.0,0.0,1.0,0.0,0.0,0.0
GRID_CBE_09121,Cropland,0.0,0.0,0.0,1.0,0.0,0.0,0.0
GRID_CBE_09122,Cropland,0.0,0.0,0.0,1.0,0.0,0.0,0.0
GRID_CBE_09123,Cropland,0.0,0.0,0.0,1.0,0.0,0.0,0.0
GRID_CBE_09124,Cropland,0.0,0.0,0.0,1.0,0.0,0.0,0.0
GRID_CBE_09125,Cropland,0.0,0.0,0.0,1.0,0.0,0.0,0.0
GRID_CBE_09126,Cropland,0.0,0.0,0.0,1.0,0.0,0.0,0.0
GRID_CBE_09127,Shrubland,0.0,1.0,0.0,0.0,0.0,0.0,0.0
GRID_CBE_09128,Shrubland,0.0,1.0,0.0,0.0,0.0,0.0,0.0
GRID_CBE_09129,Shrubland,0.0,1.0,0.0,0.0,0.0,0.0,0.0
GRID_CBE_09130,Shrubland,0.0,1.0,0.0,0.0,0.0,0.0,0.0
GRID_CBE_09131,Shrubland,0.0,1.0,0.0,0.0,0.0,0.0,0.0
GRID_CBE_09132,Shrubland,0.0,1.0,0.0,0.0,0.0,0.0,0.0
GRID_CBE_09133,Shrubland,0.0,1.0,0.0,0.0,0.0,0.0,0.0
GRID_CBE_09134,Shrubland,0.0,1.0,0.0,0.0,0.0,0.0,0.0
GRID_CBE_09135,Shrubland,0.0,1.0,0.0,0.0,0.0,0.0,0.0
GRID_CBE_09136,Shrubland,0.0,1.0,0.0,0.0,0.0,0.0,0.0
GRID_CBE_09137,Shrubland,0.0,1.0,0.0,0.0,0.0,0.0,0.0
GRID_CBE_09138,Shrubland,0.0,1.0,0.0,0.0,0.0,0.0,0.0
GRID_CBE_09139,Shrubland,0.0,1.0,0.0,0.0,0.0,0.0,0.0
GRID_CBE_09140,Shrubland,0.0,1.0,0.0,0.0,0.0,0.0,0.0
GRID_CBE_09141,Shrubland,0.0,1.0,0.0,0.0,0.0,0.0,0.0
GRID_CBE_09142,Shrubland,0.0,1.0,0.0,0.0,0.0,0.0,0.0
GRID_CBE_09143,Shrubland,0.0,1.0,0.0,0.0,0.0,0.0,0.0
GRID_CBE_09144,Shrubland,0.0,1.0,0.0,0.0,0.0,0.0,0.0
GRID_CBE_09145,Shrubland,0.0,1.0,0.0,0.0,0.0,0.0,0.0
GRID_CBE_09146,Shrubland,0.0,1.0,0.0,0.0,0.0,0.0,0.0
GRID_CBE_09147,Shrubland,0.0,1.0,0.0,0.0,0.0,0.0,0.0
GRID_CBE_09148,Shrubland,0.0,1.0,0.0,0.0,0.0,0.0,0.0
GRID_CBE_09149,Shrubland,0.0,1.0,0.0,0.0,0.0,0.0,0.0
GRID_CBE_09150,Shrubland,0.0,1.0,0.0,0.0,0.0,0.0,0.0
GRID_CBE_09151,Shrubland,0.0,1.0,0.0,0.0,0.0,0.0,0.0
GRID_CBE_09152,Shrubland,0.0,1.0,0.0,0.0,0.0,0.0,0.0
GRID_CBE_09153,Shrubland,0.0,1.0,0.0,0.0,0.0,0.0,0.0
GRID_CBE_09154,Shrubland,0.0,1.0,0.0,0.0,0.0,0.0,0.0
GRID_CBE_09155,Shrubland,0.0,1.0,0.0,0.0,0.0,0.0,0.0
GRID_CBE_09156,Shrubland,0.0,1.0,0.0,0.0,0.0,0.0,0.0
GRID_CBE_09157,Shrubland,0.0,0.7273,0.0,0.2727,0.0,0.0,0.0
GRID_CBE_09158,Cropland,0.0,0.3636,0.0,0.6364,0.0,0.0,0.0
GRID_CBE_09159,Cropland,0.0,0.0909,0.0,0.9091,0.0,0.0,0.0
GRID_CBE_09160,Cropland,0.0,0.0,0.0,1.0,0.0,0.0,0.0
GRID_CBE_09161,Cropland,0.0,0.0,0.0,1.0,0.0,0.0,0.0
GRID_CBE_09162,Cropland,0.0,0.0,0.0,1.0,0.0,0.0,0.0
GRID_CBE_09163,Cropland,0.0,0.0,0.0,1.0,0.0,0.0,0.0
GRID_CBE_09164,Cropland,0.0,0.0,0.0,1.0,0.0,0.0,0.0
GRID_CBE_09165,Cropland,0.0,0.0,0.0,1.0,0.0,0.0,0.0
GRID_CBE_09166,Cropland,0.0,0.0,0.0,1.0,0.0,0.0,0.0
GRID_CBE_09167,Cropland,0.0,0.0,0.0,1.0,0.0,0.0,0.0
GRID_CBE_09168,Cropland,0.0,0.0,0.0,1.0,0.0,0.0,0.0
GRID_CBE_09169,Cropland,0.0,0.0,0.0,1.0,0.0,0.0,0.0
GRID_CBE_09170,Cropland,0.0,0.0,0.0,1.0,0.0,0.0,0.0
GRID_CBE_09171,Cropland,0.0,0.0,0.0,1.0,0.0,0.0,0.0
GRID_CBE_09172,Cropland,0.0,0.0,0.0,1.0,0.0,0.0,0.0
GRID_CBE_09173,Cropland,0.0,0.0,0.0,1.0,0.0,0.0,0.0
GRID_CBE_09174,Cropland,0.0,0.0,0.0,1.0,0.0,0.0,0.0
GRID_CBE_09175,Cropland,0.0,0.0,0.0,1.0,0.0,0.0,0.0
GRID_CBE_09176,Cropland,0.0,0.0,0.0,1.0,0.0,0.0,0.0
GRID_CBE_09177,Cropland,0.0,0.0,0.0,1.0,0.0,0.0,0.0
GRID_CBE_09178,Cropland,0.0,0.0,0.0,1.0,0.0,0.0,0.0
GRID_CBE_09179,Cropland,0.0,0.0,0.0,1.0,0.0,0.0,0.0
GRID_CBE_09180,Cropland,0.0,0.0,0.0,1.0,0.0,0.0,0.0
GRID_CBE_09181,Cropland,0.0,0.0,0.0,1.0,0.0,0.0,0.0
GRID_CBE_09182,Cropland,0.0,0.0,0.0,1.0,0.0,0.0,0.0
GRID_CBE_09183,Cropland,0.0,0.0,0.0,1.0,0.0,0.0,0.0
GRID_CBE_09184,Cropland,0.0,0.0,0.0,1.0,0.0,0.0,0.0
GRID_CBE_09185,Cropland,0.0,0.0,0.0,1.0,0.0,0.0,0.0
GRID_CBE_09186,Cropland,0.0,0.0,0.0,1.0,0.0,0.0,0.0
GRID_CBE_09187,Cropland,0.0,0.0,0.0,1.0,0.0,0.0,0.0
GRID_CBE_09188,Cropland,0.0,0.0,0.0,1.0,0.0,0.0,0.0
GRID_CBE_09189,Cropland,0.0,0.0,0.0,1.0,0.0,0.0,0.0
GRID_CBE_09190,Cropland,0.0,0.0,0.0,1.0,0.0,0.0,0.0
GRID_CBE_09191,Cropland,0.0,0.0,0.0,1.0,0.0,0.0,0.0
GRID_CBE_09192,Cropland,0.0,0.0,0.0,1.0,0.0,0.0,0.0
GRID_CBE_09193,Cropland,0.0,0.0,0.0,1.0,0.0,0.0,0.0
GRID_CBE_09194,Cropland,0.0,0.0,0.0,1.0,0.0,0.0,0.0
GRID_CBE_09195,Cropland,0.0,0.0,0.0,1.0,0.0,0.0,0.0
GRID_CBE_09196,Cropland,0.0,0.0,0.0,1.0,0.0,0.0,0.0
GRID_CBE_09197,Cropland,0.0,0.0,0.0,1.0,0.0,0.0,0.0
GRID_CBE_09198,Cropland,0.0,0.0,0.0,1.0,0.0,0.0,0.0
GRID_CBE_09199,Cropland,0.0,0.0,0.0,1.0,0.0,0.0,0.0
GRID_CBE_09200,Cropland,0.0,0.0,0.0,1.0,0.0,0.0,0.0
GRID_CBE_09201,Cropland,0.0,0.0,0.0,1.0,0.0,0.0,0.0
GRID_CBE_09202,Cropland,0.0,0.0,0.0,1.0,0.0,0.0,0.0
GRID_CBE_09203,Cropland,0.0,0.0,0.0,1.0,0.0,0.0,0.0
GRID_CBE_09204,Cropland,0.0,0.0,0.0,1.0,0.0,0.0,0.0
GRID_CBE_09205,Shrubland,0.0,1.0,0.0,0.0,0.0,0.0,0.0
GRID_CBE_09206,Shrubland,0.0,1.0,0.0,0.0,0.0,0.0,0.0
GRID_CBE_09207,Shrubland,0.0,1.0,0.0,0.0,0.0,0.0,0.0
GRID_CBE_09208,Shrubland,0.0,1.0,0.0,0.0,0.0,0.0,0.0
GRID_CBE_09209,Shrubland,0.0,1.0,0.0,0.0,0.0,0.0,0.0
GRID_CBE_09210,Shrubland,0.0,1.0,0.0,0.0,0.0,0.0,0.0
GRID_CBE_09211,Shrubland,0.0,1.0,0.0,0.0,0.0,0.0,0.0
GRID_CBE_09212,Shrubland,0.0,1.0,0.0,0.0,0.0,0.0,0.0
GRID_CBE_09213,Shrubland,0.0,1.0,0.0,0.0,0.0,0.0,0.0
GRID_CBE_09214,Shrubland,0.0,1.0,0.0,0.0,0.0,0.0,0.0
GRID_CBE_09215,Shrubland,0.0,1.0,0.0,0.0,0.0,0.0,0.0
GRID_CBE_09216,Shrubland,0.0,1.0,0.0,0.0,0.0,0.0,0.0
GRID_CBE_09217,Shrubland,0.0,1.0,0.0,0.0,0.0,0.0,0.0
GRID_CBE_09218,Shrubland,0.0,1.0,0.0,0.0,0.0,0.0,0.0
GRID_CBE_09219,Shrubland,0.0,1.0,0.0,0.0,0.0,0.0,0.0
GRID_CBE_09220,Shrubland,0.0,1.0,0.0,0.0,0.0,0.0,0.0
GRID_CBE_09221,Shrubland,0.0,1.0,0.0,0.0,0.0,0.0,0.0
GRID_CBE_09222,Shrubland,0.0,1.0,0.0,0.0,0.0,0.0,0.0
GRID_CBE_09223,Shrubland,0.0,1.0,0.0,0.0,0.0,0.0,0.0
GRID_CBE_09224,Shrubland,0.0,1.0,0.0,0.0,0.0,0.0,0.0
GRID_CBE_09225,Shrubland,0.0,1.0,0.0,0.0,0.0,0.0,0.0
GRID_CBE_09226,Shrubland,0.0,1.0,0.0,0.0,0.0,0.0,0.0
GRID_CBE_09227,Shrubland,0.0,1.0,0.0,0.0,0.0,0.0,0.0
GRID_CBE_09228,Shrubland,0.0,1.0,0.0,0.0,0.0,0.0,0.0
GRID_CBE_09229,Shrubland,0.0,1.0,0.0,0.0,0.0,0.0,0.0
GRID_CBE_09230,Shrubland,0.0,1.0,0.0,0.0,0.0,0.0,0.0
GRID_CBE_09231,Shrubland,0.0,1.0,0.0,0.0,0.0,0.0,0.0
GRID_CBE_09232,Shrubland,0.0,1.0,0.0,0.0,0.0,0.0,0.0
GRID_CBE_09233,Shrubland,0.0,1.0,0.0,0.0,0.0,0.0,0.0
GRID_CBE_09234,Shrubland,0.0,1.0,0.0,0.0,0.0,0.0,0.0
GRID_CBE_09235,Shrubland,0.0,0.7273,0.0,0.2727,0.0,0.0,0.0
GRID_CBE_09236,Cropland,0.0,0.3636,0.0,0.6364,0.0,0.0,0.0
GRID_CBE_09237,Cropland,0.0,0.0909,0.0,0.9091,0.0,0.0,0.0
GRID_CBE_09238,Cropland,0.0,0.0,0.0,1.0,0.0,0.0,0.0
GRID_CBE_09239,Cropland,0.0,0.0,0.0,1.0,0.0,0.0,0.0
GRID_CBE_09240,Cropland,0.0,0.0,0.0,1.0,0.0,0.0,0.0
GRID_CBE_09241,Cropland,0.0,0.0,0.0,1.0,0.0,0.0,0.0
GRID_CBE_09242,Cropland,0.0,0.0,0.0,1.0,0.0,0.0,0.0
GRID_CBE_09243,Cropland,0.0,0.0,0.0,1.0,0.0,0.0,0.0
GRID_CBE_09244,Cropland,0.0,0.0,0.0,1.0,0.0,0.0,0.0
GRID_CBE_09245,Cropland,0.0,0.0,0.0,1.0,0.0,0.0,0.0
GRID_CBE_09246,Cropland,0.0,0.0,0.0,1.0,0.0,0.0,0.0
GRID_CBE_09247,Cropland,0.0,0.0,0.0,1.0,0.0,0.0,0.0
GRID_CBE_09248,Cropland,0.0,0.0,0.0,1.0,0.0,0.0,0.0
GRID_CBE_09249,Cropland,0.0,0.0,0.0,1.0,0.0,0.0,0.0
GRID_CBE_09250,Cropland,0.0,0.0,0.0,1.0,0.0,0.0,0.0
GRID_CBE_09251,Cropland,0.0,0.0,0.0,1.0,0.0,0.0,0.0
GRID_CBE_09252,Cropland,0.0,0.0,0.0,1.0,0.0,0.0,0.0
GRID_CBE_09253,Cropland,0.0,0.0,0.0,1.0,0.0,0.0,0.0
GRID_CBE_09254,Cropland,0.0,0.0,0.0,1.0,0.0,0.0,0.0
GRID_CBE_09255,Cropland,0.0,0.0,0.0,1.0,0.0,0.0,0.0
GRID_CBE_09256,Cropland,0.0,0.0,0.0,1.0,0.0,0.0,0.0
GRID_CBE_09257,Cropland,0.0,0.0,0.0,1.0,0.0,0.0,0.0
GRID_CBE_09258,Cropland,0.0,0.0,0.0,1.0,0.0,0.0,0.0
GRID_CBE_09259,Cropland,0.0,0.0,0.0,1.0,0.0,0.0,0.0
GRID_CBE_09260,Cropland,0.0,0.0,0.0,1.0,0.0,0.0,0.0
GRID_CBE_09261,Cropland,0.0,0.0,0.0,1.0,0.0,0.0,0.0
GRID_CBE_09262,Cropland,0.0,0.0,0.0,1.0,0.0,0.0,0.0
GRID_CBE_09263,Cropland,0.0,0.0,0.0,1.0,0.0,0.0,0.0
GRID_CBE_09264,Cropland,0.0,0.0,0.0,1.0,0.0,0.0,0.0
GRID_CBE_09265,Cropland,0.0,0.0,0.0,1.0,0.0,0.0,0.0
GRID_CBE_09266,Cropland,0.0,0.0,0.0,1.0,0.0,0.0,0.0
GRID_CBE_09267,Cropland,0.0,0.0,0.0,1.0,0.0,0.0,0.0
GRID_CBE_09268,Cropland,0.0,0.0,0.0,1.0,0.0,0.0,0.0
GRID_CBE_09269,Cropland,0.0,0.0,0.0,1.0,0.0,0.0,0.0
GRID_CBE_09270,Cropland,0.0,0.0,0.0,1.0,0.0,0.0,0.0
GRID_CBE_09271,Cropland,0.0,0.0,0.0,1.0,0.0,0.0,0.0
GRID_CBE_09272,Cropland,0.0,0.0,0.0,1.0,0.0,0.0,0.0
GRID_CBE_09273,Cropland,0.0,0.0,0.0,1.0,0.0,0.0,0.0
GRID_CBE_09274,Cropland,0.0,0.0,0.0,1.0,0.0,0.0,0.0
GRID_CBE_09275,Cropland,0.0,0.0,0.0,1.0,0.0,0.0,0.0
GRID_CBE_09276,Cropland,0.0,0.0,0.0,1.0,0.0,0.0,0.0
GRID_CBE_09277,Cropland,0.0,0.0,0.0,1.0,0.0,0.0,0.0
GRID_CBE_09278,Cropland,0.0,0.0,0.0,1.0,0.0,0.0,0.0
GRID_CBE_09279,Cropland,0.0,0.0,0.0,1.0,0.0,0.0,0.0
GRID_CBE_09280,Cropland,0.0,0.0,0.0,1.0,0.0,0.0,0.0
GRID_CBE_09281,Cropland,0.0,0.0,0.0,1.0,0.0,0.0,0.0
GRID_CBE_09282,Cropland,0.0,0.0,0.0,1.0,0.0,0.0,0.0
GRID_CBE_09283,Shrubland,0.0,1.0,0.0,0.0,0.0,0.0,0.0
GRID_CBE_09284,Shrubland,0.0,1.0,0.0,0.0,0.0,0.0,0.0
GRID_CBE_09285,Shrubland,0.0,1.0,0.0,0.0,0.0,0.0,0.0
GRID_CBE_09286,Shrubland,0.0,1.0,0.0,0.0,0.0,0.0,0.0
GRID_CBE_09287,Shrubland,0.0,1.0,0.0,0.0,0.0,0.0,0.0
GRID_CBE_09288,Shrubland,0.0,1.0,0.0,0.0,0.0,0.0,0.0
GRID_CBE_09289,Shrubland,0.0,1.0,0.0,0.0,0.0,0.0,0.0
GRID_CBE_09290,Shrubland,0.0,1.0,0.0,0.0,0.0,0.0,0.0
GRID_CBE_09291,Shrubland,0.0,1.0,0.0,0.0,0.0,0.0,0.0
GRID_CBE_09292,Shrubland,0.0,1.0,0.0,0.0,0.0,0.0,0.0
GRID_CBE_09293,Shrubland,0.0,1.0,0.0,0.0,0.0,0.0,0.0
GRID_CBE_09294,Shrubland,0.0,1.0,0.0,0.0,0.0,0.0,0.0
GRID_CBE_09295,Shrubland,0.0,1.0,0.0,0.0,0.0,0.0,0.0
GRID_CBE_09296,Shrubland,0.0,1.0,0.0,0.0,0.0,0.0,0.0
GRID_CBE_09297,Shrubland,0.0,1.0,0.0,0.0,0.0,0.0,0.0
GRID_CBE_09298,Shrubland,0.0,1.0,0.0,0.0,0.0,0.0,0.0
GRID_CBE_09299,Shrubland,0.0,1.0,0.0,0.0,0.0,0.0,0.0
GRID_CBE_09300,Shrubland,0.0,1.0,0.0,0.0,0.0,0.0,0.0
GRID_CBE_09301,Shrubland,0.0,1.0,0.0,0.0,0.0,0.0,0.0
GRID_CBE_09302,Shrubland,0.0,1.0,0.0,0.0,0.0,0.0,0.0
GRID_CBE_09303,Shrubland,0.0,1.0,0.0,0.0,0.0,0.0,0.0
GRID_CBE_09304,Shrubland,0.0,1.0,0.0,0.0,0.0,0.0,0.0
GRID_CBE_09305,Shrubland,0.0,1.0,0.0,0.0,0.0,0.0,0.0
GRID_CBE_09306,Shrubland,0.0,1.0,0.0,0.0,0.0,0.0,0.0
GRID_CBE_09307,Shrubland,0.0,1.0,0.0,0.0,0.0,0.0,0.0
GRID_CBE_09308,Shrubland,0.0,1.0,0.0,0.0,0.0,0.0,0.0
GRID_CBE_09309,Shrubland,0.0,1.0,0.0,0.0,0.0,0.0,0.0
GRID_CBE_09310,Shrubland,0.0,1.0,0.0,0.0,0.0,0.0,0.0
GRID_CBE_09311,Shrubland,0.0,1.0,0.0,0.0,0.0,0.0,0.0
GRID_CBE_09312,Shrubland,0.0,1.0,0.0,0.0,0.0,0.0,0.0
GRID_CBE_09313,Shrubland,0.0,0.7273,0.0,0.2727,0.0,0.0,0.0
GRID_CBE_09314,Cropland,0.0,0.3636,0.0,0.6364,0.0,0.0,0.0
GRID_CBE_09315,Cropland,0.0,0.0,0.0,1.0,0.0,0.0,0.0
GRID_CBE_09316,Cropland,0.0,0.0,0.0,1.0,0.0,0.0,0.0
GRID_CBE_09317,Cropland,0.0,0.0,0.0,1.0,0.0,0.0,0.0
GRID_CBE_09318,Cropland,0.0,0.0,0.0,1.0,0.0,0.0,0.0
GRID_CBE_09319,Cropland,0.0,0.0,0.0,1.0,0.0,0.0,0.0
GRID_CBE_09320,Cropland,0.0,0.0,0.0,1.0,0.0,0.0,0.0
GRID_CBE_09321,Cropland,0.0,0.0,0.0,1.0,0.0,0.0,0.0
GRID_CBE_09322,Cropland,0.0,0.0,0.0,1.0,0.0,0.0,0.0
GRID_CBE_09323,Cropland,0.0,0.0,0.0,1.0,0.0,0.0,0.0
GRID_CBE_09324,Cropland,0.0,0.0,0.0,1.0,0.0,0.0,0.0
GRID_CBE_09325,Cropland,0.0,0.0,0.0,1.0,0.0,0.0,0.0
GRID_CBE_09326,Cropland,0.0,0.0,0.0,1.0,0.0,0.0,0.0
GRID_CBE_09327,Cropland,0.0,0.0,0.0,1.0,0.0,0.0,0.0
GRID_CBE_09328,Cropland,0.0,0.0,0.0,1.0,0.0,0.0,0.0
GRID_CBE_09329,Cropland,0.0,0.0,0.0,1.0,0.0,0.0,0.0
GRID_CBE_09330,Cropland,0.0,0.0,0.0,1.0,0.0,0.0,0.0
GRID_CBE_09331,Cropland,0.0,0.0,0.0,1.0,0.0,0.0,0.0
GRID_CBE_09332,Cropland,0.0,0.0,0.0,1.0,0.0,0.0,0.0
GRID_CBE_09333,Cropland,0.0,0.0,0.0,1.0,0.0,0.0,0.0
GRID_CBE_09334,Cropland,0.0,0.0,0.0,1.0,0.0,0.0,0.0
GRID_CBE_09335,Cropland,0.0,0.0,0.0,1.0,0.0,0.0,0.0
GRID_CBE_09336,Cropland,0.0,0.0,0.0,1.0,0.0,0.0,0.0
GRID_CBE_09337,Cropland,0.0,0.0,0.0,1.0,0.0,0.0,0.0
GRID_CBE_09338,Cropland,0.0,0.0,0.0,1.0,0.0,0.0,0.0
GRID_CBE_09339,Cropland,0.0,0.0,0.0,1.0,0.0,0.0,0.0
GRID_CBE_09340,Cropland,0.0,0.0,0.0,1.0,0.0,0.0,0.0
GRID_CBE_09341,Cropland,0.0,0.0,0.0,1.0,0.0,0.0,0.0
GRID_CBE_09342,Cropland,0.0,0.0,0.0,1.0,0.0,0.0,0.0
GRID_CBE_09343,Cropland,0.0,0.0,0.0,1.0,0.0,0.0,0.0
GRID_CBE_09344,Cropland,0.0,0.0,0.0,1.0,0.0,0.0,0.0
GRID_CBE_09345,Cropland,0.0,0.0,0.0,1.0,0.0,0.0,0.0
GRID_CBE_09346,Cropland,0.0,0.0,0.0,1.0,0.0,0.0,0.0
GRID_CBE_09347,Cropland,0.0,0.0,0.0,1.0,0.0,0.0,0.0
GRID_CBE_09348,Cropland,0.0,0.0,0.0,1.0,0.0,0.0,0.0
GRID_CBE_09349,Cropland,0.0,0.0,0.0,1.0,0.0,0.0,0.0
GRID_CBE_09350,Cropland,0.0,0.0,0.0,1.0,0.0,0.0,0.0
GRID_CBE_09351,Cropland,0.0,0.0,0.0,1.0,0.0,0.0,0.0
GRID_CBE_09352,Cropland,0.0,0.0,0.0,1.0,0.0,0.0,0.0
GRID_CBE_09353,Cropland,0.0,0.0,0.0,1.0,0.0,0.0,0.0
GRID_CBE_09354,Cropland,0.0,0.0,0.0,1.0,0.0,0.0,0.0
GRID_CBE_09355,Cropland,0.0,0.0,0.0,1.0,0.0,0.0,0.0
GRID_CBE_09356,Cropland,0.0,0.0,0.0,1.0,0.0,0.0,0.0
GRID_CBE_09357,Cropland,0.0,0.0,0.0,1.0,0.0,0.0,0.0
GRID_CBE_09358,Cropland,0.0,0.0,0.0,1.0,0.0,0.0,0.0
GRID_CBE_09359,Cropland,0.0,0.0,0.0,1.0,0.0,0.0,0.0
GRID_CBE_09360,Cropland,0.0,0.0,0.0,1.0,0.0,0.0,0.0
GRID_CBE_09361,Shrubland,0.0,1.0,0.0,0.0,0.0,0.0,0.0
GRID_CBE_09362,Shrubland,0.0,1.0,0.0,0.0,0.0,0.0,0.0
GRID_CBE_09363,Shrubland,0.0,1.0,0.0,0.0,0.0,0.0,0.0
GRID_CBE_09364,Shrubland,0.0,1.0,0.0,0.0,0.0,0.0,0.0
GRID_CBE_09365,Shrubland,0.0,1.0,0.0,0.0,0.0,0.0,0.0
GRID_CBE_09366,Shrubland,0.0,1.0,0.0,0.0,0.0,0.0,0.0
GRID_CBE_09367,Shrubland,0.0,1.0,0.0,0.0,0.0,0.0,0.0
GRID_CBE_09368,Shrubland,0.0,1.0,0.0,0.0,0.0,0.0,0.0
GRID_CBE_09369,Shrubland,0.0,1.0,0.0,0.0,0.0,0.0,0.0
GRID_CBE_09370,Shrubland,0.0,1.0,0.0,0.0,0.0,0.0,0.0
GRID_CBE_09371,Shrubland,0.0,1.0,0.0,0.0,0.0,0.0,0.0
GRID_CBE_09372,Shrubland,0.0,1.0,0.0,0.0,0.0,0.0,0.0
GRID_CBE_09373,Shrubland,0.0,1.0,0.0,0.0,0.0,0.0,0.0
GRID_CBE_09374,Shrubland,0.0,1.0,0.0,0.0,0.0,0.0,0.0
GRID_CBE_09375,Shrubland,0.0,1.0,0.0,0.0,0.0,0.0,0.0
GRID_CBE_09376,Shrubland,0.0,1.0,0.0,0.0,0.0,0.0,0.0
GRID_CBE_09377,Shrubland,0.0,1.0,0.0,0.0,0.0,0.0,0.0
GRID_CBE_09378,Shrubland,0.0,1.0,0.0,0.0,0.0,0.0,0.0
GRID_CBE_09379,Shrubland,0.0,1.0,0.0,0.0,0.0,0.0,0.0
GRID_CBE_09380,Shrubland,0.0,1.0,0.0,0.0,0.0,0.0,0.0
GRID_CBE_09381,Shrubland,0.0,1.0,0.0,0.0,0.0,0.0,0.0
GRID_CBE_09382,Shrubland,0.0,1.0,0.0,0.0,0.0,0.0,0.0
GRID_CBE_09383,Shrubland,0.0,1.0,0.0,0.0,0.0,0.0,0.0
GRID_CBE_09384,Shrubland,0.0,1.0,0.0,0.0,0.0,0.0,0.0
GRID_CBE_09385,Shrubland,0.0,1.0,0.0,0.0,0.0,0.0,0.0
GRID_CBE_09386,Shrubland,0.0,1.0,0.0,0.0,0.0,0.0,0.0
GRID_CBE_09387,Shrubland,0.0,1.0,0.0,0.0,0.0,0.0,0.0
GRID_CBE_09388,Shrubland,0.0,1.0,0.0,0.0,0.0,0.0,0.0
GRID_CBE_09389,Shrubland,0.0,1.0,0.0,0.0,0.0,0.0,0.0
GRID_CBE_09390,Shrubland,0.0,1.0,0.0,0.0,0.0,0.0,0.0
GRID_CBE_09391,Shrubland,0.0,0.7273,0.0,0.2727,0.0,0.0,0.0
GRID_CBE_09392,Cropland,0.0,0.3636,0.0,0.6364,0.0,0.0,0.0
GRID_CBE_09393,Cropland,0.0,0.0,0.0,1.0,0.0,0.0,0.0
GRID_CBE_09394,Cropland,0.0,0.0,0.0,1.0,0.0,0.0,0.0
GRID_CBE_09395,Cropland,0.0,0.0,0.0,1.0,0.0,0.0,0.0
GRID_CBE_09396,Cropland,0.0,0.0,0.0,1.0,0.0,0.0,0.0
GRID_CBE_09397,Cropland,0.0,0.0,0.0,1.0,0.0,0.0,0.0
GRID_CBE_09398,Cropland,0.0,0.0,0.0,1.0,0.0,0.0,0.0
GRID_CBE_09399,Cropland,0.0,0.0,0.0,1.0,0.0,0.0,0.0
GRID_CBE_09400,Cropland,0.0,0.0,0.0,1.0,0.0,0.0,0.0
GRID_CBE_09401,Cropland,0.0,0.0,0.0,1.0,0.0,0.0,0.0
GRID_CBE_09402,Cropland,0.0,0.0,0.0,1.0,0.0,0.0,0.0
GRID_CBE_09403,Cropland,0.0,0.0,0.0,1.0,0.0,0.0,0.0
GRID_CBE_09404,Cropland,0.0,0.0,0.0,1.0,0.0,0.0,0.0
GRID_CBE_09405,Cropland,0.0,0.0,0.0,1.0,0.0,0.0,0.0
GRID_CBE_09406,Cropland,0.0,0.0,0.0,1.0,0.0,0.0,0.0
GRID_CBE_09407,Cropland,0.0,0.0,0.0,1.0,0.0,0.0,0.0
GRID_CBE_09408,Cropland,0.0,0.0,0.0,1.0,0.0,0.0,0.0
GRID_CBE_09409,Cropland,0.0,0.0,0.0,1.0,0.0,0.0,0.0
GRID_CBE_09410,Cropland,0.0,0.0,0.0,1.0,0.0,0.0,0.0
GRID_CBE_09411,Cropland,0.0,0.0,0.0,1.0,0.0,0.0,0.0
GRID_CBE_09412,Cropland,0.0,0.0,0.0,1.0,0.0,0.0,0.0
GRID_CBE_09413,Cropland,0.0,0.0,0.0,1.0,0.0,0.0,0.0
GRID_CBE_09414,Cropland,0.0,0.0,0.0,1.0,0.0,0.0,0.0
GRID_CBE_09415,Cropland,0.0,0.0,0.0,1.0,0.0,0.0,0.0
GRID_CBE_09416,Cropland,0.0,0.0,0.0,1.0,0.0,0.0,0.0
GRID_CBE_09417,Cropland,0.0,0.0,0.0,1.0,0.0,0.0,0.0
GRID_CBE_09418,Cropland,0.0,0.0,0.0,1.0,0.0,0.0,0.0
GRID_CBE_09419,Cropland,0.0,0.0,0.0,1.0,0.0,0.0,0.0
GRID_CBE_09420,Cropland,0.0,0.0,0.0,1.0,0.0,0.0,0.0
GRID_CBE_09421,Cropland,0.0,0.0,0.0,1.0,0.0,0.0,0.0
GRID_CBE_09422,Cropland,0.0,0.0,0.0,1.0,0.0,0.0,0.0
GRID_CBE_09423,Cropland,0.0,0.0,0.0,1.0,0.0,0.0,0.0
GRID_CBE_09424,Cropland,0.0,0.0,0.0,1.0,0.0,0.0,0.0
GRID_CBE_09425,Cropland,0.0,0.0,0.0,1.0,0.0,0.0,0.0
GRID_CBE_09426,Cropland,0.0,0.0,0.0,1.0,0.0,0.0,0.0
GRID_CBE_09427,Cropland,0.0,0.0,0.0,1.0,0.0,0.0,0.0
GRID_CBE_09428,Cropland,0.0,0.0,0.0,1.0,0.0,0.0,0.0
GRID_CBE_09429,Cropland,0.0,0.0,0.0,1.0,0.0,0.0,0.0
GRID_CBE_09430,Cropland,0.0,0.0,0.0,1.0,0.0,0.0,0.0
GRID_CBE_09431,Cropland,0.0,0.0,0.0,1.0,0.0,0.0,0.0
GRID_CBE_09432,Cropland,0.0,0.0,0.0,1.0,0.0,0.0,0.0
GRID_CBE_09433,Cropland,0.0,0.0,0.0,1.0,0.0,0.0,0.0
GRID_CBE_09434,Cropland,0.0,0.0,0.0,1.0,0.0,0.0,0.0
GRID_CBE_09435,Cropland,0.0,0.0,0.0,1.0,0.0,0.0,0.0
GRID_CBE_09436,Cropland,0.0,0.0,0.0,1.0,0.0,0.0,0.0
GRID_CBE_09437,Cropland,0.0,0.0,0.0,1.0,0.0,0.0,0.0
GRID_CBE_09438,Cropland,0.0,0.0,0.0,1.0,0.0,0.0,0.0
GRID_CBE_09439,Shrubland,0.0,1.0,0.0,0.0,0.0,0.0,0.0
GRID_CBE_09440,Shrubland,0.0,1.0,0.0,0.0,0.0,0.0,0.0
GRID_CBE_09441,Shrubland,0.0,1.0,0.0,0.0,0.0,0.0,0.0
GRID_CBE_09442,Shrubland,0.0,1.0,0.0,0.0,0.0,0.0,0.0
GRID_CBE_09443,Shrubland,0.0,1.0,0.0,0.0,0.0,0.0,0.0
GRID_CBE_09444,Shrubland,0.0,1.0,0.0,0.0,0.0,0.0,0.0
GRID_CBE_09445,Shrubland,0.0,1.0,0.0,0.0,0.0,0.0,0.0
GRID_CBE_09446,Shrubland,0.0,1.0,0.0,0.0,0.0,0.0,0.0
GRID_CBE_09447,Shrubland,0.0,1.0,0.0,0.0,0.0,0.0,0.0
GRID_CBE_09448,Shrubland,0.0,1.0,0.0,0.0,0.0,0.0,0.0
GRID_CBE_09449,Shrubland,0.0,1.0,0.0,0.0,0.0,0.0,0.0
GRID_CBE_09450,Shrubland,0.0,1.0,0.0,0.0,0.0,0.0,0.0
GRID_CBE_09451,Shrubland,0.0,1.0,0.0,0.0,0.0,0.0,0.0
GRID_CBE_09452,Shrubland,0.0,1.0,0.0,0.0,0.0,0.0,0.0
GRID_CBE_09453,Shrubland,0.0,1.0,0.0,0.0,0.0,0.0,0.0
GRID_CBE_09454,Shrubland,0.0,1.0,0.0,0.0,0.0,0.0,0.0
GRID_CBE_09455,Shrubland,0.0,1.0,0.0,0.0,0.0,0.0,0.0
GRID_CBE_09456,Shrubland,0.0,1.0,0.0,0.0,0.0,0.0,0.0
GRID_CBE_09457,Shrubland,0.0,1.0,0.0,0.0,0.0,0.0,0.0
GRID_CBE_09458,Shrubland,0.0,1.0,0.0,0.0,0.0,0.0,0.0
GRID_CBE_09459,Shrubland,0.0,1.0,0.0,0.0,0.0,0.0,0.0
GRID_CBE_09460,Shrubland,0.0,1.0,0.0,0.0,0.0,0.0,0.0
GRID_CBE_09461,Shrubland,0.0,1.0,0.0,0.0,0.0,0.0,0.0
GRID_CBE_09462,Shrubland,0.0,1.0,0.0,0.0,0.0,0.0,0.0
GRID_CBE_09463,Shrubland,0.0,1.0,0.0,0.0,0.0,0.0,0.0
GRID_CBE_09464,Shrubland,0.0,1.0,0.0,0.0,0.0,0.0,0.0
GRID_CBE_09465,Shrubland,0.0,1.0,0.0,0.0,0.0,0.0,0.0
GRID_CBE_09466,Shrubland,0.0,1.0,0.0,0.0,0.0,0.0,0.0
GRID_CBE_09467,Shrubland,0.0,1.0,0.0,0.0,0.0,0.0,0.0
GRID_CBE_09468,Shrubland,0.0,1.0,0.0,0.0,0.0,0.0,0.0
GRID_CBE_09469,Shrubland,0.0,0.7273,0.0,0.2727,0.0,0.0,0.0
GRID_CBE_09470,Cropland,0.0,0.3636,0.0,0.6364,0.0,0.0,0.0
GRID_CBE_09471,Cropland,0.0,0.0,0.0,1.0,0.0,0.0,0.0
GRID_CBE_09472,Cropland,0.0,0.0,0.0,1.0,0.0,0.0,0.0
GRID_CBE_09473,Cropland,0.0,0.0,0.0,1.0,0.0,0.0,0.0
GRID_CBE_09474,Cropland,0.0,0.0,0.0,1.0,0.0,0.0,0.0
GRID_CBE_09475,Cropland,0.0,0.0,0.0,1.0,0.0,0.0,0.0
GRID_CBE_09476,Cropland,0.0,0.0,0.0,1.0,0.0,0.0,0.0
GRID_CBE_09477,Cropland,0.0,0.0,0.0,1.0,0.0,0.0,0.0
GRID_CBE_09478,Cropland,0.0,0.0,0.0,1.0,0.0,0.0,0.0
GRID_CBE_09479,Cropland,0.0,0.0,0.0,1.0,0.0,0.0,0.0
GRID_CBE_09480,Cropland,0.0,0.0,0.0,1.0,0.0,0.0,0.0
GRID_CBE_09481,Cropland,0.0,0.0,0.0,1.0,0.0,0.0,0.0
GRID_CBE_09482,Cropland,0.0,0.0,0.0,1.0,0.0,0.0,0.0
GRID_CBE_09483,Cropland,0.0,0.0,0.0,1.0,0.0,0.0,0.0
GRID_CBE_09484,Cropland,0.0,0.0,0.0,1.0,0.0,0.0,0.0
GRID_CBE_09485,Cropland,0.0,0.0,0.0,1.0,0.0,0.0,0.0
GRID_CBE_09486,Cropland,0.0,0.0,0.0,1.0,0.0,0.0,0.0
GRID_CBE_09487,Cropland,0.0,0.0,0.0,1.0,0.0,0.0,0.0
GRID_CBE_09488,Cropland,0.0,0.0,0.0,1.0,0.0,0.0,0.0
GRID_CBE_09489,Cropland,0.0,0.0,0.0,1.0,0.0,0.0,0.0
GRID_CBE_09490,Cropland,0.0,0.0,0.0,1.0,0.0,0.0,0.0
GRID_CBE_09491,Cropland,0.0,0.0,0.0,1.0,0.0,0.0,0.0
GRID_CBE_09492,Cropland,0.0,0.0,0.0,1.0,0.0,0.0,0.0
GRID_CBE_09493,Cropland,0.0,0.0,0.0,1.0,0.0,0.0,0.0
GRID_CBE_09494,Cropland,0.0,0.0,0.0,1.0,0.0,0.0,0.0
GRID_CBE_09495,Cropland,0.0,0.0,0.0,1.0,0.0,0.0,0.0
GRID_CBE_09496,Cropland,0.0,0.0,0.0,1.0,0.0,0.0,0.0
GRID_CBE_09497,Cropland,0.0,0.0,0.0,1.0,0.0,0.0,0.0
GRID_CBE_09498,Cropland,0.0,0.0,0.0,1.0,0.0,0.0,0.0
GRID_CBE_09499,Cropland,0.0,0.0,0.0,1.0,0.0,0.0,0.0
GRID_CBE_09500,Cropland,0.0,0.0,0.0,1.0,0.0,0.0,0.0
GRID_CBE_09501,Cropland,0.0,0.0,0.0,1.0,0.0,0.0,0.0
GRID_CBE_09502,Cropland,0.0,0.0,0.0,1.0,0.0,0.0,0.0
GRID_CBE_09503,Cropland,0.0,0.0,0.0,1.0,0.0,0.0,0.0
GRID_CBE_09504,Cropland,0.0,0.0,0.0,1.0,0.0,0.0,0.0
GRID_CBE_09505,Cropland,0.0,0.0,0.0,1.0,0.0,0.0,0.0
GRID_CBE_09506,Cropland,0.0,0.0,0.0,1.0,0.0,0.0,0.0
GRID_CBE_09507,Cropland,0.0,0.0,0.0,1.0,0.0,0.0,0.0
GRID_CBE_09508,Cropland,0.0,0.0,0.0,1.0,0.0,0.0,0.0
GRID_CBE_09509,Cropland,0.0,0.0,0.0,1.0,0.0,0.0,0.0
GRID_CBE_09510,Cropland,0.0,0.0,0.0,1.0,0.0,0.0,0.0
GRID_CBE_09511,Cropland,0.0,0.0,0.0,1.0,0.0,0.0,0.0
GRID_CBE_09512,Cropland,0.0,0.0,0.0,1.0,0.0,0.0,0.0
GRID_CBE_09513,Cropland,0.0,0.0,0.0,1.0,0.0,0.0,0.0
GRID_CBE_09514,Cropland,0.0,0.0,0.0,1.0,0.0,0.0,0.0
GRID_CBE_09515,Cropland,0.0,0.0,0.0,1.0,0.0,0.0,0.0
GRID_CBE_09516,Cropland,0.0,0.0,0.0,1.0,0.0,0.0,0.0
GRID_CBE_09517,Shrubland,0.0,1.0,0.0,0.0,0.0,0.0,0.0
GRID_CBE_09518,Shrubland,0.0,1.0,0.0,0.0,0.0,0.0,0.0
GRID_CBE_09519,Shrubland,0.0,1.0,0.0,0.0,0.0,0.0,0.0
GRID_CBE_09520,Shrubland,0.0,1.0,0.0,0.0,0.0,0.0,0.0
GRID_CBE_09521,Shrubland,0.0,1.0,0.0,0.0,0.0,0.0,0.0
GRID_CBE_09522,Shrubland,0.0,1.0,0.0,0.0,0.0,0.0,0.0
GRID_CBE_09523,Shrubland,0.0,1.0,0.0,0.0,0.0,0.0,0.0
GRID_CBE_09524,Shrubland,0.0,1.0,0.0,0.0,0.0,0.0,0.0
GRID_CBE_09525,Shrubland,0.0,1.0,0.0,0.0,0.0,0.0,0.0
GRID_CBE_09526,Shrubland,0.0,1.0,0.0,0.0,0.0,0.0,0.0
GRID_CBE_09527,Shrubland,0.0,1.0,0.0,0.0,0.0,0.0,0.0
GRID_CBE_09528,Shrubland,0.0,1.0,0.0,0.0,0.0,0.0,0.0
GRID_CBE_09529,Shrubland,0.0,1.0,0.0,0.0,0.0,0.0,0.0
GRID_CBE_09530,Shrubland,0.0,1.0,0.0,0.0,0.0,0.0,0.0
GRID_CBE_09531,Shrubland,0.0,1.0,0.0,0.0,0.0,0.0,0.0
GRID_CBE_09532,Shrubland,0.0,1.0,0.0,0.0,0.0,0.0,0.0
GRID_CBE_09533,Shrubland,0.0,1.0,0.0,0.0,0.0,0.0,0.0
GRID_CBE_09534,Shrubland,0.0,1.0,0.0,0.0,0.0,0.0,0.0
GRID_CBE_09535,Shrubland,0.0,1.0,0.0,0.0,0.0,0.0,0.0
GRID_CBE_09536,Shrubland,0.0,1.0,0.0,0.0,0.0,0.0,0.0
GRID_CBE_09537,Shrubland,0.0,1.0,0.0,0.0,0.0,0.0,0.0
GRID_CBE_09538,Shrubland,0.0,1.0,0.0,0.0,0.0,0.0,0.0
GRID_CBE_09539,Shrubland,0.0,1.0,0.0,0.0,0.0,0.0,0.0
GRID_CBE_09540,Shrubland,0.0,1.0,0.0,0.0,0.0,0.0,0.0
GRID_CBE_09541,Shrubland,0.0,1.0,0.0,0.0,0.0,0.0,0.0
GRID_CBE_09542,Shrubland,0.0,1.0,0.0,0.0,0.0,0.0,0.0
GRID_CBE_09543,Shrubland,0.0,1.0,0.0,0.0,0.0,0.0,0.0
GRID_CBE_09544,Shrubland,0.0,1.0,0.0,0.0,0.0,0.0,0.0
GRID_CBE_09545,Shrubland,0.0,1.0,0.0,0.0,0.0,0.0,0.0
GRID_CBE_09546,Shrubland,0.0,1.0,0.0,0.0,0.0,0.0,0.0
GRID_CBE_09547,Shrubland,0.0,0.7273,0.0,0.2727,0.0,0.0,0.0
GRID_CBE_09548,Cropland,0.0,0.3636,0.0,0.6364,0.0,0.0,0.0
GRID_CBE_09549,Cropland,0.0,0.0,0.0,1.0,0.0,0.0,0.0
GRID_CBE_09550,Cropland,0.0,0.0,0.0,1.0,0.0,0.0,0.0
GRID_CBE_09551,Cropland,0.0,0.0,0.0,1.0,0.0,0.0,0.0
GRID_CBE_09552,Cropland,0.0,0.0,0.0,1.0,0.0,0.0,0.0
GRID_CBE_09553,Cropland,0.0,0.0,0.0,1.0,0.0,0.0,0.0
GRID_CBE_09554,Cropland,0.0,0.0,0.0,1.0,0.0,0.0,0.0
GRID_CBE_09555,Cropland,0.0,0.0,0.0,1.0,0.0,0.0,0.0
GRID_CBE_09556,Cropland,0.0,0.0,0.0,1.0,0.0,0.0,0.0
GRID_CBE_09557,Cropland,0.0,0.0,0.0,1.0,0.0,0.0,0.0
GRID_CBE_09558,Cropland,0.0,0.0,0.0,1.0,0.0,0.0,0.0
GRID_CBE_09559,Cropland,0.0,0.0,0.0,1.0,0.0,0.0,0.0
GRID_CBE_09560,Cropland,0.0,0.0,0.0,1.0,0.0,0.0,0.0
GRID_CBE_09561,Cropland,0.0,0.0,0.0,1.0,0.0,0.0,0.0
GRID_CBE_09562,Cropland,0.0,0.0,0.0,1.0,0.0,0.0,0.0
GRID_CBE_09563,Cropland,0.0,0.0,0.0,1.0,0.0,0.0,0.0
GRID_CBE_09564,Cropland,0.0,0.0,0.0,1.0,0.0,0.0,0.0
GRID_CBE_09565,Cropland,0.0,0.0,0.0,1.0,0.0,0.0,0.0
GRID_CBE_09566,Cropland,0.0,0.0,0.0,1.0,0.0,0.0,0.0
GRID_CBE_09567,Cropland,0.0,0.0,0.0,1.0,0.0,0.0,0.0
GRID_CBE_09568,Cropland,0.0,0.0,0.0,1.0,0.0,0.0,0.0
GRID_CBE_09569,Cropland,0.0,0.0,0.0,1.0,0.0,0.0,0.0
GRID_CBE_09570,Cropland,0.0,0.0,0.0,1.0,0.0,0.0,0.0
GRID_CBE_09571,Cropland,0.0,0.0,0.0,1.0,0.0,0.0,0.0
GRID_CBE_09572,Cropland,0.0,0.0,0.0,1.0,0.0,0.0,0.0
GRID_CBE_09573,Cropland,0.0,0.0,0.0,1.0,0.0,0.0,0.0
GRID_CBE_09574,Cropland,0.0,0.0,0.0,1.0,0.0,0.0,0.0
GRID_CBE_09575,Cropland,0.0,0.0,0.0,1.0,0.0,0.0,0.0
GRID_CBE_09576,Cropland,0.0,0.0,0.0,1.0,0.0,0.0,0.0
GRID_CBE_09577,Cropland,0.0,0.0,0.0,1.0,0.0,0.0,0.0
GRID_CBE_09578,Cropland,0.0,0.0,0.0,1.0,0.0,0.0,0.0
GRID_CBE_09579,Cropland,0.0,0.0,0.0,1.0,0.0,0.0,0.0
GRID_CBE_09580,Cropland,0.0,0.0,0.0,1.0,0.0,0.0,0.0
GRID_CBE_09581,Cropland,0.0,0.0,0.0,1.0,0.0,0.0,0.0
GRID_CBE_09582,Cropland,0.0,0.0,0.0,1.0,0.0,0.0,0.0
GRID_CBE_09583,Cropland,0.0,0.0,0.0,1.0,0.0,0.0,0.0
GRID_CBE_09584,Cropland,0.0,0.0,0.0,1.0,0.0,0.0,0.0
GRID_CBE_09585,Cropland,0.0,0.0,0.0,1.0,0.0,0.0,0.0
GRID_CBE_09586,Cropland,0.0,0.0,0.0,1.0,0.0,0.0,0.0
GRID_CBE_09587,Cropland,0.0,0.0,0.0,1.0,0.0,0.0,0.0
GRID_CBE_09588,Cropland,0.0,0.0,0.0,1.0,0.0,0.0,0.0
GRID_CBE_09589,Cropland,0.0,0.0,0.0,1.0,0.0,0.0,0.0
GRID_CBE_09590,Cropland,0.0,0.0,0.0,1.0,0.0,0.0,0.0
GRID_CBE_09591,Cropland,0.0,0.0,0.0,1.0,0.0,0.0,0.0
GRID_CBE_09592,Cropland,0.0,0.0,0.0,1.0,0.0,0.0,0.0
GRID_CBE_09593,Cropland,0.0,0.0,0.0,1.0,0.0,0.0,0.0
GRID_CBE_09594,Cropland,0.0,0.0,0.0,1.0,0.0,0.0,0.0
GRID_CBE_09595,Shrubland,0.0,1.0,0.0,0.0,0.0,0.0,0.0
GRID_CBE_09596,Shrubland,0.0,1.0,0.0,0.0,0.0,0.0,0.0
GRID_CBE_09597,Shrubland,0.0,1.0,0.0,0.0,0.0,0.0,0.0
GRID_CBE_09598,Shrubland,0.0,1.0,0.0,0.0,0.0,0.0,0.0
GRID_CBE_09599,Shrubland,0.0,1.0,0.0,0.0,0.0,0.0,0.0
GRID_CBE_09600,Shrubland,0.0,1.0,0.0,0.0,0.0,0.0,0.0
GRID_CBE_09601,Shrubland,0.0,1.0,0.0,0.0,0.0,0.0,0.0
GRID_CBE_09602,Shrubland,0.0,1.0,0.0,0.0,0.0,0.0,0.0
GRID_CBE_09603,Shrubland,0.0,1.0,0.0,0.0,0.0,0.0,0.0
GRID_CBE_09604,Shrubland,0.0,1.0,0.0,0.0,0.0,0.0,0.0
GRID_CBE_09605,Shrubland,0.0,1.0,0.0,0.0,0.0,0.0,0.0
GRID_CBE_09606,Shrubland,0.0,1.0,0.0,0.0,0.0,0.0,0.0
GRID_CBE_09607,Shrubland,0.0,1.0,0.0,0.0,0.0,0.0,0.0
GRID_CBE_09608,Shrubland,0.0,1.0,0.0,0.0,0.0,0.0,0.0
GRID_CBE_09609,Shrubland,0.0,1.0,0.0,0.0,0.0,0.0,0.0
GRID_CBE_09610,Shrubland,0.0,1.0,0.0,0.0,0.0,0.0,0.0
GRID_CBE_09611,Shrubland,0.0,1.0,0.0,0.0,0.0,0.0,0.0
GRID_CBE_09612,Shrubland,0.0,1.0,0.0,0.0,0.0,0.0,0.0
GRID_CBE_09613,Shrubland,0.0,1.0,0.0,0.0,0.0,0.0,0.0
GRID_CBE_09614,Shrubland,0.0,1.0,0.0,0.0,0.0,0.0,0.0
GRID_CBE_09615,Shrubland,0.0,1.0,0.0,0.0,0.0,0.0,0.0
GRID_CBE_09616,Shrubland,0.0,1.0,0.0,0.0,0.0,0.0,0.0
GRID_CBE_09617,Shrubland,0.0,1.0,0.0,0.0,0.0,0.0,0.0
GRID_CBE_09618,Shrubland,0.0,1.0,0.0,0.0,0.0,0.0,0.0
GRID_CBE_09619,Shrubland,0.0,1.0,0.0,0.0,0.0,0.0,0.0
GRID_CBE_09620,Shrubland,0.0,1.0,0.0,0.0,0.0,0.0,0.0
GRID_CBE_09621,Shrubland,0.0,1.0,0.0,0.0,0.0,0.0,0.0
GRID_CBE_09622,Shrubland,0.0,1.0,0.0,0.0,0.0,0.0,0.0
GRID_CBE_09623,Shrubland,0.0,1.0,0.0,0.0,0.0,0.0,0.0
GRID_CBE_09624,Shrubland,0.0,1.0,0.0,0.0,0.0,0.0,0.0
GRID_CBE_09625,Shrubland,0.0,0.7273,0.0,0.2727,0.0,0.0,0.0
GRID_CBE_09626,Cropland,0.0,0.3636,0.0,0.6364,0.0,0.0,0.0
GRID_CBE_09627,Cropland,0.0,0.0,0.0,1.0,0.0,0.0,0.0
GRID_CBE_09628,Cropland,0.0,0.0,0.0,1.0,0.0,0.0,0.0
GRID_CBE_09629,Cropland,0.0,0.0,0.0,1.0,0.0,0.0,0.0
GRID_CBE_09630,Cropland,0.0,0.0,0.0,1.0,0.0,0.0,0.0
GRID_CBE_09631,Cropland,0.0,0.0,0.0,1.0,0.0,0.0,0.0
GRID_CBE_09632,Cropland,0.0,0.0,0.0,1.0,0.0,0.0,0.0
GRID_CBE_09633,Cropland,0.0,0.0,0.0,1.0,0.0,0.0,0.0
GRID_CBE_09634,Cropland,0.0,0.0,0.0,1.0,0.0,0.0,0.0
GRID_CBE_09635,Cropland,0.0,0.0,0.0,1.0,0.0,0.0,0.0
GRID_CBE_09636,Cropland,0.0,0.0,0.0,1.0,0.0,0.0,0.0
GRID_CBE_09637,Cropland,0.0,0.0,0.0,1.0,0.0,0.0,0.0
GRID_CBE_09638,Cropland,0.0,0.0,0.0,1.0,0.0,0.0,0.0
GRID_CBE_09639,Cropland,0.0,0.0,0.0,1.0,0.0,0.0,0.0
GRID_CBE_09640,Cropland,0.0,0.0,0.0,1.0,0.0,0.0,0.0
GRID_CBE_09641,Cropland,0.0,0.0,0.0,1.0,0.0,0.0,0.0
GRID_CBE_09642,Cropland,0.0,0.0,0.0,1.0,0.0,0.0,0.0
GRID_CBE_09643,Cropland,0.0,0.0,0.0,1.0,0.0,0.0,0.0
GRID_CBE_09644,Cropland,0.0,0.0,0.0,1.0,0.0,0.0,0.0
GRID_CBE_09645,Cropland,0.0,0.0,0.0,1.0,0.0,0.0,0.0
GRID_CBE_09646,Cropland,0.0,0.0,0.0,1.0,0.0,0.0,0.0
GRID_CBE_09647,Cropland,0.0,0.0,0.0,1.0,0.0,0.0,0.0
GRID_CBE_09648,Cropland,0.0,0.0,0.0,1.0,0.0,0.0,0.0
GRID_CBE_09649,Cropland,0.0,0.0,0.0,1.0,0.0,0.0,0.0
GRID_CBE_09650,Cropland,0.0,0.0,0.0,1.0,0.0,0.0,0.0
GRID_CBE_09651,Cropland,0.0,0.0,0.0,1.0,0.0,0.0,0.0
GRID_CBE_09652,Cropland,0.0,0.0,0.0,1.0,0.0,0.0,0.0
GRID_CBE_09653,Cropland,0.0,0.0,0.0,1.0,0.0,0.0,0.0
GRID_CBE_09654,Cropland,0.0,0.0,0.0,1.0,0.0,0.0,0.0
GRID_CBE_09655,Cropland,0.0,0.0,0.0,1.0,0.0,0.0,0.0
GRID_CBE_09656,Cropland,0.0,0.0,0.0,1.0,0.0,0.0,0.0
GRID_CBE_09657,Cropland,0.0,0.0,0.0,1.0,0.0,0.0,0.0
GRID_CBE_09658,Cropland,0.0,0.0,0.0,1.0,0.0,0.0,0.0
GRID_CBE_09659,Cropland,0.0,0.0,0.0,1.0,0.0,0.0,0.0
GRID_CBE_09660,Cropland,0.0,0.0,0.0,1.0,0.0,0.0,0.0
GRID_CBE_09661,Cropland,0.0,0.0,0.0,1.0,0.0,0.0,0.0
GRID_CBE_09662,Cropland,0.0,0.0,0.0,1.0,0.0,0.0,0.0
GRID_CBE_09663,Cropland,0.0,0.0,0.0,1.0,0.0,0.0,0.0
GRID_CBE_09664,Cropland,0.0,0.0,0.0,1.0,0.0,0.0,0.0
GRID_CBE_09665,Cropland,0.0,0.0,0.0,1.0,0.0,0.0,0.0
GRID_CBE_09666,Cropland,0.0,0.0,0.0,1.0,0.0,0.0,0.0
GRID_CBE_09667,Cropland,0.0,0.0,0.0,1.0,0.0,0.0,0.0
GRID_CBE_09668,Cropland,0.0,0.0,0.0,1.0,0.0,0.0,0.0
GRID_CBE_09669,Cropland,0.0,0.0,0.0,1.0,0.0,0.0,0.0
GRID_CBE_09670,Cropland,0.0,0.0,0.0,1.0,0.0,0.0,0.0
GRID_CBE_09671,Cropland,0.0,0.0,0.0,1.0,0.0,0.0,0.0
GRID_CBE_09672,Cropland,0.0,0.0,0.0,1.0,0.0,0.0,0.0
GRID_CBE_09673,Shrubland,0.0,1.0,0.0,0.0,0.0,0.0,0.0
GRID_CBE_09674,Shrubland,0.0,1.0,0.0,0.0,0.0,0.0,0.0
GRID_CBE_09675,Shrubland,0.0,1.0,0.0,0.0,0.0,0.0,0.0
GRID_CBE_09676,Shrubland,0.0,1.0,0.0,0.0,0.0,0.0,0.0
GRID_CBE_09677,Shrubland,0.0,1.0,0.0,0.0,0.0,0.0,0.0
GRID_CBE_09678,Shrubland,0.0,1.0,0.0,0.0,0.0,0.0,0.0
GRID_CBE_09679,Shrubland,0.0,1.0,0.0,0.0,0.0,0.0,0.0
GRID_CBE_09680,Shrubland,0.0,1.0,0.0,0.0,0.0,0.0,0.0
GRID_CBE_09681,Shrubland,0.0,1.0,0.0,0.0,0.0,0.0,0.0
GRID_CBE_09682,Shrubland,0.0,1.0,0.0,0.0,0.0,0.0,0.0
GRID_CBE_09683,Shrubland,0.0,1.0,0.0,0.0,0.0,0.0,0.0
GRID_CBE_09684,Shrubland,0.0,1.0,0.0,0.0,0.0,0.0,0.0
GRID_CBE_09685,Shrubland,0.0,1.0,0.0,0.0,0.0,0.0,0.0
GRID_CBE_09686,Shrubland,0.0,1.0,0.0,0.0,0.0,0.0,0.0
GRID_CBE_09687,Shrubland,0.0,1.0,0.0,0.0,0.0,0.0,0.0
GRID_CBE_09688,Shrubland,0.0,1.0,0.0,0.0,0.0,0.0,0.0
GRID_CBE_09689,Shrubland,0.0,1.0,0.0,0.0,0.0,0.0,0.0
GRID_CBE_09690,Shrubland,0.0,1.0,0.0,0.0,0.0,0.0,0.0
GRID_CBE_09691,Shrubland,0.0,1.0,0.0,0.0,0.0,0.0,0.0
GRID_CBE_09692,Shrubland,0.0,1.0,0.0,0.0,0.0,0.0,0.0
GRID_CBE_09693,Shrubland,0.0,1.0,0.0,0.0,0.0,0.0,0.0
GRID_CBE_09694,Shrubland,0.0,1.0,0.0,0.0,0.0,0.0,0.0
GRID_CBE_09695,Shrubland,0.0,1.0,0.0,0.0,0.0,0.0,0.0
GRID_CBE_09696,Shrubland,0.0,1.0,0.0,0.0,0.0,0.0,0.0
GRID_CBE_09697,Shrubland,0.0,1.0,0.0,0.0,0.0,0.0,0.0
GRID_CBE_09698,Shrubland,0.0,1.0,0.0,0.0,0.0,0.0,0.0
GRID_CBE_09699,Shrubland,0.0,1.0,0.0,0.0,0.0,0.0,0.0
GRID_CBE_09700,Shrubland,0.0,1.0,0.0,0.0,0.0,0.0,0.0
GRID_CBE_09701,Shrubland,0.0,1.0,0.0,0.0,0.0,0.0,0.0
GRID_CBE_09702,Shrubland,0.0,1.0,0.0,0.0,0.0,0.0,0.0
GRID_CBE_09703,Shrubland,0.0,0.7273,0.0,0.2727,0.0,0.0,0.0
GRID_CBE_09704,Cropland,0.0,0.3636,0.0,0.6364,0.0,0.0,0.0
GRID_CBE_09705,Cropland,0.0,0.0,0.0,1.0,0.0,0.0,0.0
GRID_CBE_09706,Cropland,0.0,0.0,0.0,1.0,0.0,0.0,0.0
GRID_CBE_09707,Cropland,0.0,0.0,0.0,1.0,0.0,0.0,0.0
GRID_CBE_09708,Cropland,0.0,0.0,0.0,1.0,0.0,0.0,0.0
GRID_CBE_09709,Cropland,0.0,0.0,0.0,1.0,0.0,0.0,0.0
GRID_CBE_09710,Cropland,0.0,0.0,0.0,1.0,0.0,0.0,0.0
GRID_CBE_09711,Cropland,0.0,0.0,0.0,1.0,0.0,0.0,0.0
GRID_CBE_09712,Cropland,0.0,0.0,0.0,1.0,0.0,0.0,0.0
GRID_CBE_09713,Cropland,0.0,0.0,0.0,1.0,0.0,0.0,0.0
GRID_CBE_09714,Cropland,0.0,0.0,0.0,1.0,0.0,0.0,0.0
GRID_CBE_09715,Cropland,0.0,0.0,0.0,1.0,0.0,0.0,0.0
GRID_CBE_09716,Cropland,0.0,0.0,0.0,1.0,0.0,0.0,0.0
GRID_CBE_09717,Cropland,0.0,0.0,0.0,1.0,0.0,0.0,0.0
GRID_CBE_09718,Cropland,0.0,0.0,0.0,1.0,0.0,0.0,0.0
GRID_CBE_09719,Cropland,0.0,0.0,0.0,1.0,0.0,0.0,0.0
GRID_CBE_09720,Cropland,0.0,0.0,0.0,1.0,0.0,0.0,0.0
GRID_CBE_09721,Cropland,0.0,0.0,0.0,1.0,0.0,0.0,0.0
GRID_CBE_09722,Cropland,0.0,0.0,0.0,1.0,0.0,0.0,0.0
GRID_CBE_09723,Cropland,0.0,0.0,0.0,1.0,0.0,0.0,0.0
GRID_CBE_09724,Cropland,0.0,0.0,0.0,1.0,0.0,0.0,0.0
GRID_CBE_09725,Cropland,0.0,0.0,0.0,1.0,0.0,0.0,0.0
GRID_CBE_09726,Cropland,0.0,0.0,0.0,1.0,0.0,0.0,0.0
GRID_CBE_09727,Cropland,0.0,0.0,0.0,1.0,0.0,0.0,0.0
GRID_CBE_09728,Cropland,0.0,0.0,0.0,1.0,0.0,0.0,0.0
GRID_CBE_09729,Cropland,0.0,0.0,0.0,1.0,0.0,0.0,0.0
GRID_CBE_09730,Cropland,0.0,0.0,0.0,1.0,0.0,0.0,0.0
GRID_CBE_09731,Cropland,0.0,0.0,0.0,1.0,0.0,0.0,0.0
GRID_CBE_09732,Cropland,0.0,0.0,0.0,1.0,0.0,0.0,0.0
GRID_CBE_09733,Cropland,0.0,0.0,0.0,1.0,0.0,0.0,0.0
GRID_CBE_09734,Cropland,0.0,0.0,0.0,1.0,0.0,0.0,0.0
GRID_CBE_09735,Cropland,0.0,0.0,0.0,1.0,0.0,0.0,0.0
GRID_CBE_09736,Cropland,0.0,0.0,0.0,1.0,0.0,0.0,0.0
GRID_CBE_09737,Cropland,0.0,0.0,0.0,1.0,0.0,0.0,0.0
GRID_CBE_09738,Cropland,0.0,0.0,0.0,1.0,0.0,0.0,0.0
GRID_CBE_09739,Cropland,0.0,0.0,0.0,1.0,0.0,0.0,0.0
GRID_CBE_09740,Cropland,0.0,0.0,0.0,1.0,0.0,0.0,0.0
GRID_CBE_09741,Cropland,0.0,0.0,0.0,1.0,0.0,0.0,0.0
GRID_CBE_09742,Cropland,0.0,0.0,0.0,1.0,0.0,0.0,0.0
GRID_CBE_09743,Cropland,0.0,0.0,0.0,1.0,0.0,0.0,0.0
GRID_CBE_09744,Cropland,0.0,0.0,0.0,1.0,0.0,0.0,0.0
GRID_CBE_09745,Cropland,0.0,0.0,0.0,1.0,0.0,0.0,0.0
GRID_CBE_09746,Cropland,0.0,0.0,0.0,1.0,0.0,0.0,0.0
GRID_CBE_09747,Cropland,0.0,0.0,0.0,1.0,0.0,0.0,0.0
GRID_CBE_09748,Cropland,0.0,0.0,0.0,1.0,0.0,0.0,0.0
GRID_CBE_09749,Cropland,0.0,0.0,0.0,1.0,0.0,0.0,0.0
GRID_CBE_09750,Cropland,0.0,0.0,0.0,1.0,0.0,0.0,0.0
GRID_CBE_09751,Shrubland,0.0,0.9091,0.0,0.0,0.0,0.0909,0.0
GRID_CBE_09752,Shrubland,0.0,0.9091,0.0,0.0,0.0,0.0909,0.0
GRID_CBE_09753,Shrubland,0.0,0.9091,0.0,0.0,0.0,0.0909,0.0
GRID_CBE_09754,Shrubland,0.0,0.9091,0.0,0.0,0.0,0.0909,0.0
GRID_CBE_09755,Shrubland,0.0,0.9091,0.0,0.0,0.0,0.0909,0.0
GRID_CBE_09756,Shrubland,0.0,0.9091,0.0,0.0,0.0,0.0909,0.0
GRID_CBE_09757,Shrubland,0.0,0.9091,0.0,0.0,0.0,0.0909,0.0
GRID_CBE_09758,Shrubland,0.0,0.9091,0.0,0.0,0.0,0.0909,0.0
GRID_CBE_09759,Shrubland,0.0,0.9091,0.0,0.0,0.0,0.0909,0.0
GRID_CBE_09760,Shrubland,0.0,0.9091,0.0,0.0,0.0,0.0909,0.0
GRID_CBE_09761,Shrubland,0.0,0.9091,0.0,0.0,0.0,0.0909,0.0
GRID_CBE_09762,Shrubland,0.0,0.9091,0.0,0.0,0.0,0.0909,0.0
GRID_CBE_09763,Shrubland,0.0,0.9091,0.0,0.0,0.0,0.0909,0.0
GRID_CBE_09764,Shrubland,0.0,0.9091,0.0,0.0,0.0,0.0909,0.0
GRID_CBE_09765,Shrubland,0.0,0.9091,0.0,0.0,0.0,0.0909,0.0
GRID_CBE_09766,Shrubland,0.0,0.9091,0.0,0.0,0.0,0.0909,0.0
GRID_CBE_09767,Shrubland,0.0,0.9091,0.0,0.0,0.0,0.0909,0.0
GRID_CBE_09768,Shrubland,0.0,0.9091,0.0,0.0,0.0,0.0909,0.0
GRID_CBE_09769,Shrubland,0.0,0.9091,0.0,0.0,0.0,0.0909,0.0
GRID_CBE_09770,Shrubland,0.0,1.0,0.0,0.0,0.0,0.0,0.0
GRID_CBE_09771,Shrubland,0.0,1.0,0.0,0.0,0.0,0.0,0.0
GRID_CBE_09772,Shrubland,0.0,1.0,0.0,0.0,0.0,0.0,0.0
GRID_CBE_09773,Shrubland,0.0,1.0,0.0,0.0,0.0,0.0,0.0
GRID_CBE_09774,Shrubland,0.0,1.0,0.0,0.0,0.0,0.0,0.0
GRID_CBE_09775,Shrubland,0.0,1.0,0.0,0.0,0.0,0.0,0.0
GRID_CBE_09776,Shrubland,0.0,1.0,0.0,0.0,0.0,0.0,0.0
GRID_CBE_09777,Shrubland,0.0,1.0,0.0,0.0,0.0,0.0,0.0
GRID_CBE_09778,Shrubland,0.0,1.0,0.0,0.0,0.0,0.0,0.0
GRID_CBE_09779,Shrubland,0.0,1.0,0.0,0.0,0.0,0.0,0.0
GRID_CBE_09780,Shrubland,0.0,1.0,0.0,0.0,0.0,0.0,0.0
GRID_CBE_09781,Shrubland,0.0,0.7273,0.0,0.2727,0.0,0.0,0.0
GRID_CBE_09782,Cropland,0.0,0.3636,0.0,0.6364,0.0,0.0,0.0
GRID_CBE_09783,Cropland,0.0,0.0,0.0,1.0,0.0,0.0,0.0
GRID_CBE_09784,Cropland,0.0,0.0,0.0,1.0,0.0,0.0,0.0
GRID_CBE_09785,Cropland,0.0,0.0,0.0,1.0,0.0,0.0,0.0
GRID_CBE_09786,Cropland,0.0,0.0,0.0,1.0,0.0,0.0,0.0
GRID_CBE_09787,Cropland,0.0,0.0,0.0,1.0,0.0,0.0,0.0
GRID_CBE_09788,Cropland,0.0,0.0,0.0,1.0,0.0,0.0,0.0
GRID_CBE_09789,Cropland,0.0,0.0,0.0,1.0,0.0,0.0,0.0
GRID_CBE_09790,Cropland,0.0,0.0,0.0,1.0,0.0,0.0,0.0
GRID_CBE_09791,Cropland,0.0,0.0,0.0,1.0,0.0,0.0,0.0
GRID_CBE_09792,Cropland,0.0,0.0,0.0,1.0,0.0,0.0,0.0
GRID_CBE_09793,Cropland,0.0,0.0,0.0,1.0,0.0,0.0,0.0
GRID_CBE_09794,Cropland,0.0,0.0,0.0,1.0,0.0,0.0,0.0
GRID_CBE_09795,Cropland,0.0,0.0,0.0,1.0,0.0,0.0,0.0
GRID_CBE_09796,Cropland,0.0,0.0,0.0,1.0,0.0,0.0,0.0
GRID_CBE_09797,Cropland,0.0,0.0,0.0,1.0,0.0,0.0,0.0
GRID_CBE_09798,Cropland,0.0,0.0,0.0,1.0,0.0,0.0,0.0
GRID_CBE_09799,Cropland,0.0,0.0,0.0,1.0,0.0,0.0,0.0
GRID_CBE_09800,Cropland,0.0,0.0,0.0,1.0,0.0,0.0,0.0
GRID_CBE_09801,Cropland,0.0,0.0,0.0,1.0,0.0,0.0,0.0
GRID_CBE_09802,Cropland,0.0,0.0,0.0,1.0,0.0,0.0,0.0
GRID_CBE_09803,Cropland,0.0,0.0,0.0,1.0,0.0,0.0,0.0
GRID_CBE_09804,Cropland,0.0,0.0,0.0,1.0,0.0,0.0,0.0
GRID_CBE_09805,Cropland,0.0,0.0,0.0,1.0,0.0,0.0,0.0
GRID_CBE_09806,Cropland,0.0,0.0,0.0,1.0,0.0,0.0,0.0
GRID_CBE_09807,Cropland,0.0,0.0,0.0,1.0,0.0,0.0,0.0
GRID_CBE_09808,Cropland,0.0,0.0,0.0,1.0,0.0,0.0,0.0
GRID_CBE_09809,Cropland,0.0,0.0,0.0,1.0,0.0,0.0,0.0
GRID_CBE_09810,Cropland,0.0,0.0,0.0,1.0,0.0,0.0,0.0
GRID_CBE_09811,Cropland,0.0,0.0,0.0,1.0,0.0,0.0,0.0
GRID_CBE_09812,Cropland,0.0,0.0,0.0,1.0,0.0,0.0,0.0
GRID_CBE_09813,Cropland,0.0,0.0,0.0,1.0,0.0,0.0,0.0
GRID_CBE_09814,Cropland,0.0,0.0,0.0,1.0,0.0,0.0,0.0
GRID_CBE_09815,Cropland,0.0,0.0,0.0,1.0,0.0,0.0,0.0
GRID_CBE_09816,Cropland,0.0,0.0,0.0,1.0,0.0,0.0,0.0
GRID_CBE_09817,Cropland,0.0,0.0,0.0,1.0,0.0,0.0,0.0
GRID_CBE_09818,Cropland,0.0,0.0,0.0,1.0,0.0,0.0,0.0
GRID_CBE_09819,Cropland,0.0,0.0,0.0,1.0,0.0,0.0,0.0
GRID_CBE_09820,Cropland,0.0,0.0,0.0,1.0,0.0,0.0,0.0
GRID_CBE_09821,Cropland,0.0,0.0,0.0,1.0,0.0,0.0,0.0
GRID_CBE_09822,Cropland,0.0,0.0,0.0,1.0,0.0,0.0,0.0
GRID_CBE_09823,Cropland,0.0,0.0,0.0,1.0,0.0,0.0,0.0
GRID_CBE_09824,Cropland,0.0,0.0,0.0,1.0,0.0,0.0,0.0
GRID_CBE_09825,Cropland,0.0,0.0,0.0,1.0,0.0,0.0,0.0
GRID_CBE_09826,Cropland,0.0,0.0,0.0,1.0,0.0,0.0,0.0
GRID_CBE_09827,Cropland,0.0,0.0,0.0,1.0,0.0,0.0,0.0
GRID_CBE_09828,Cropland,0.0,0.0,0.0,1.0,0.0,0.0,0.0
GRID_CBE_09829,Shrubland,0.0,0.6364,0.0,0.0,0.0,0.3636,0.0
GRID_CBE_09830,Shrubland,0.0,0.6364,0.0,0.0,0.0,0.3636,0.0
GRID_CBE_09831,Shrubland,0.0,0.6364,0.0,0.0,0.0,0.3636,0.0
GRID_CBE_09832,Shrubland,0.0,0.6364,0.0,0.0,0.0,0.3636,0.0
GRID_CBE_09833,Shrubland,0.0,0.6364,0.0,0.0,0.0,0.3636,0.0
GRID_CBE_09834,Shrubland,0.0,0.6364,0.0,0.0,0.0,0.3636,0.0
GRID_CBE_09835,Shrubland,0.0,0.6364,0.0,0.0,0.0,0.3636,0.0
GRID_CBE_09836,Shrubland,0.0,0.6364,0.0,0.0,0.0,0.3636,0.0
GRID_CBE_09837,Shrubland,0.0,0.6364,0.0,0.0,0.0,0.3636,0.0
GRID_CBE_09838,Shrubland,0.0,0.6364,0.0,0.0,0.0,0.3636,0.0
GRID_CBE_09839,Shrubland,0.0,0.6364,0.0,0.0,0.0,0.3636,0.0
GRID_CBE_09840,Shrubland,0.0,0.6364,0.0,0.0,0.0,0.3636,0.0
GRID_CBE_09841,Shrubland,0.0,0.6364,0.0,0.0,0.0,0.3636,0.0
GRID_CBE_09842,Shrubland,0.0,0.6364,0.0,0.0,0.0,0.3636,0.0
GRID_CBE_09843,Shrubland,0.0,0.6364,0.0,0.0,0.0,0.3636,0.0
GRID_CBE_09844,Shrubland,0.0,0.6364,0.0,0.0,0.0,0.3636,0.0
GRID_CBE_09845,Shrubland,0.0,0.6364,0.0,0.0,0.0,0.3636,0.0
GRID_CBE_09846,Shrubland,0.0,0.6364,0.0,0.0,0.0,0.3636,0.0
GRID_CBE_09847,Shrubland,0.0,0.6364,0.0,0.0,0.0,0.3636,0.0
GRID_CBE_09848,Shrubland,0.0,0.6364,0.0,0.0,0.0,0.3636,0.0
GRID_CBE_09849,Shrubland,0.0,0.7273,0.0,0.0,0.0,0.2727,0.0
GRID_CBE_09850,Shrubland,0.0,0.7273,0.0,0.0,0.0,0.2727,0.0
GRID_CBE_09851,Shrubland,0.0,0.7273,0.0,0.0,0.0,0.2727,0.0
GRID_CBE_09852,Shrubland,0.0,0.7273,0.0,0.0,0.0,0.2727,0.0
GRID_CBE_09853,Shrubland,0.0,0.7273,0.0,0.0,0.0,0.2727,0.0
GRID_CBE_09854,Shrubland,0.0,0.7273,0.0,0.0,0.0,0.2727,0.0
GRID_CBE_09855,Shrubland,0.0,0.7273,0.0,0.0,0.0,0.2727,0.0
GRID_CBE_09856,Shrubland,0.0,0.7273,0.0,0.0,0.0,0.2727,0.0
GRID_CBE_09857,Shrubland,0.0,0.7273,0.0,0.0,0.0,0.2727,0.0
GRID_CBE_09858,Shrubland,0.0,0.7273,0.0,0.0,0.0,0.2727,0.0
GRID_CBE_09859,Shrubland,0.0,0.5289,0.0,0.1983,0.0,0.2727,0.0001
GRID_CBE_09860,Cropland,0.0,0.2645,0.0,0.4628,0.0,0.2727,0.0
GRID_CBE_09861,Cropland,0.0,0.0,0.0,0.7273,0.0,0.2727,0.0
GRID_CBE_09862,Cropland,0.0,0.0,0.0,0.7273,0.0,0.2727,0.0
GRID_CBE_09863,Cropland,0.0,0.0,0.0,0.7273,0.0,0.2727,0.0
GRID_CBE_09864,Cropland,0.0,0.0,0.0,0.7273,0.0,0.2727,0.0
GRID_CBE_09865,Cropland,0.0,0.0,0.0,0.7273,0.0,0.2727,0.0
GRID_CBE_09866,Cropland,0.0,0.0,0.0,0.7273,0.0,0.2727,0.0
GRID_CBE_09867,Cropland,0.0,0.0,0.0,0.7273,0.0,0.2727,0.0
GRID_CBE_09868,Cropland,0.0,0.0,0.0,0.7273,0.0,0.2727,0.0
GRID_CBE_09869,Cropland,0.0,0.0,0.0,0.7273,0.0,0.2727,0.0
GRID_CBE_09870,Cropland,0.0,0.0,0.0,0.7273,0.0,0.2727,0.0
GRID_CBE_09871,Cropland,0.0,0.0,0.0,0.7273,0.0,0.2727,0.0
GRID_CBE_09872,Cropland,0.0,0.0,0.0,0.7273,0.0,0.2727,0.0
GRID_CBE_09873,Cropland,0.0,0.0,0.0,0.7273,0.0,0.2727,0.0
GRID_CBE_09874,Cropland,0.0,0.0,0.0,0.7273,0.0,0.2727,0.0
GRID_CBE_09875,Cropland,0.0,0.0,0.0,0.7273,0.0,0.2727,0.0
GRID_CBE_09876,Cropland,0.0,0.0,0.0,0.7273,0.0,0.2727,0.0
GRID_CBE_09877,Cropland,0.0,0.0,0.0,0.7273,0.0,0.2727,0.0
GRID_CBE_09878,Cropland,0.0,0.0,0.0,0.7273,0.0,0.2727,0.0
GRID_CBE_09879,Cropland,0.0,0.0,0.0,0.7273,0.0,0.2727,0.0
GRID_CBE_09880,Cropland,0.0,0.0,0.0,0.7273,0.0,0.2727,0.0
GRID_CBE_09881,Cropland,0.0,0.0,0.0,0.7273,0.0,0.2727,0.0
GRID_CBE_09882,Cropland,0.0,0.0,0.0,0.7273,0.0,0.2727,0.0
GRID_CBE_09883,Cropland,0.0,0.0,0.0,0.7273,0.0,0.2727,0.0
GRID_CBE_09884,Cropland,0.0,0.0,0.0,0.7273,0.0,0.2727,0.0
GRID_CBE_09885,Cropland,0.0,0.0,0.0,0.7273,0.0,0.2727,0.0
GRID_CBE_09886,Cropland,0.0,0.0,0.0,0.7273,0.0,0.2727,0.0
GRID_CBE_09887,Cropland,0.0,0.0,0.0,0.7273,0.0,0.2727,0.0
GRID_CBE_09888,Cropland,0.0,0.0,0.0,0.7273,0.0,0.2727,0.0
GRID_CBE_09889,Cropland,0.0,0.0,0.0,0.7273,0.0,0.2727,0.0
GRID_CBE_09890,Cropland,0.0,0.0,0.0,0.7273,0.0,0.2727,0.0
GRID_CBE_09891,Cropland,0.0,0.0,0.0,0.7273,0.0,0.2727,0.0
GRID_CBE_09892,Cropland,0.0,0.0,0.0,0.7273,0.0,0.2727,0.0
GRID_CBE_09893,Cropland,0.0,0.0,0.0,0.7273,0.0,0.2727,0.0
GRID_CBE_09894,Cropland,0.0,0.0,0.0,0.7273,0.0,0.2727,0.0
GRID_CBE_09895,Cropland,0.0,0.0,0.0,0.7273,0.0,0.2727,0.0
GRID_CBE_09896,Cropland,0.0,0.0,0.0,0.7273,0.0,0.2727,0.0
GRID_CBE_09897,Cropland,0.0,0.0,0.0,0.8182,0.0,0.1818,0.0
GRID_CBE_09898,Cropland,0.0,0.0,0.0,0.8182,0.0,0.1818,0.0
GRID_CBE_09899,Cropland,0.0,0.0,0.0,0.8182,0.0,0.1818,0.0
GRID_CBE_09900,Cropland,0.0,0.0,0.0,0.8182,0.0,0.1818,0.0
GRID_CBE_09901,Cropland,0.0,0.0,0.0,0.8182,0.0,0.1818,0.0
GRID_CBE_09902,Cropland,0.0,0.0,0.0,0.8182,0.0,0.1818,0.0
GRID_CBE_09903,Cropland,0.0,0.0,0.0,0.8182,0.0,0.1818,0.0
GRID_CBE_09904,Cropland,0.0,0.0,0.0,0.8182,0.0,0.1818,0.0
GRID_CBE_09905,Cropland,0.0,0.0,0.0,0.8182,0.0,0.1818,0.0
GRID_CBE_09906,Cropland,0.0,0.0,0.0,0.8182,0.0,0.1818,0.0
GRID_CBE_09907,Water,0.0,0.4545,0.0,0.0,0.0,0.5455,0.0
GRID_CBE_09908,Water,0.0,0.4545,0.0,0.0,0.0,0.5455,0.0
GRID_CBE_09909,Water,0.0,0.4545,0.0,0.0,0.0,0.5455,0.0
GRID_CBE_09910,Water,0.0,0.4545,0.0,0.0,0.0,0.5455,0.0
GRID_CBE_09911,Water,0.0,0.4545,0.0,0.0,0.0,0.5455,0.0
GRID_CBE_09912,Water,0.0,0.4545,0.0,0.0,0.0,0.5455,0.0
GRID_CBE_09913,Water,0.0,0.4545,0.0,0.0,0.0,0.5455,0.0
GRID_CBE_09914,Water,0.0,0.4545,0.0,0.0,0.0,0.5455,0.0
GRID_CBE_09915,Water,0.0,0.4545,0.0,0.0,0.0,0.5455,0.0
GRID_CBE_09916,Water,0.0,0.4545,0.0,0.0,0.0,0.5455,0.0
GRID_CBE_09917,Water,0.0,0.4545,0.0,0.0,0.0,0.5455,0.0
GRID_CBE_09918,Water,0.0,0.4545,0.0,0.0,0.0,0.5455,0.0
GRID_CBE_09919,Water,0.0,0.4545,0.0,0.0,0.0,0.5455,0.0
GRID_CBE_09920,Water,0.0,0.4545,0.0,0.0,0.0,0.5455,0.0
GRID_CBE_09921,Water,0.0,0.4545,0.0,0.0,0.0,0.5455,0.0
GRID_CBE_09922,Water,0.0,0.4545,0.0,0.0,0.0,0.5455,0.0
GRID_CBE_09923,Water,0.0,0.4545,0.0,0.0,0.0,0.5455,0.0
GRID_CBE_09924,Water,0.0,0.4545,0.0,0.0,0.0,0.5455,0.0
GRID_CBE_09925,Water,0.0,0.4545,0.0,0.0,0.0,0.5455,0.0
GRID_CBE_09926,Water,0.0,0.4545,0.0,0.0,0.0,0.5455,0.0
GRID_CBE_09927,Water,0.0,0.4545,0.0,0.0,0.0,0.5455,0.0
GRID_CBE_09928,Water,0.0,0.4545,0.0,0.0,0.0,0.5455,0.0
GRID_CBE_09929,Water,0.0,0.4545,0.0,0.0,0.0,0.5455,0.0
GRID_CBE_09930,Water,0.0,0.4545,0.0,0.0,0.0,0.5455,0.0
GRID_CBE_09931,Water,0.0,0.4545,0.0,0.0,0.0,0.5455,0.0
GRID_CBE_09932,Water,0.0,0.4545,0.0,0.0,0.0,0.5455,0.0
GRID_CBE_09933,Water,0.0,0.4545,0.0,0.0,0.0,0.5455,0.0
GRID_CBE_09934,Water,0.0,0.4545,0.0,0.0,0.0,0.5455,0.0
GRID_CBE_09935,Water,0.0,0.4545,0.0,0.0,0.0,0.5455,0.0
GRID_CBE_09936,Water,0.0,0.4545,0.0,0.0,0.0,0.5455,0.0
GRID_CBE_09937,Water,0.0,0.3306,0.0,0.124,0.0,0.5455,0.0
GRID_CBE_09938,Water,0.0,0.1653,0.0,0.2893,0.0,0.5455,0.0
GRID_CBE_09939,Water,0.0,0.0,0.0,0.4545,0.0,0.5455,0.0
GRID_CBE_09940,Water,0.0,0.0,0.0,0.4545,0.0,0.5455,0.0
GRID_CBE_09941,Water,0.0,0.0,0.0,0.4545,0.0,0.5455,0.0
GRID_CBE_09942,Water,0.0,0.0,0.0,0.4545,0.0,0.5455,0.0
GRID_CBE_09943,Water,0.0,0.0,0.0,0.4545,0.0,0.5455,0.0
GRID_CBE_09944,Water,0.0,0.0,0.0,0.4545,0.0,0.5455,0.0
GRID_CBE_09945,Water,0.0,0.0,0.0,0.4545,0.0,0.5455,0.0
GRID_CBE_09946,Water,0.0,0.0,0.0,0.4545,0.0,0.5455,0.0
GRID_CBE_09947,Water,0.0,0.0,0.0,0.4545,0.0,0.5455,0.0
GRID_CBE_09948,Water,0.0,0.0,0.0,0.4545,0.0,0.5455,0.0
GRID_CBE_09949,Water,0.0,0.0,0.0,0.4545,0.0,0.5455,0.0
GRID_CBE_09950,Water,0.0,0.0,0.0,0.4545,0.0,0.5455,0.0
GRID_CBE_09951,Water,0.0,0.0,0.0,0.4545,0.0,0.5455,0.0
GRID_CBE_09952,Water,0.0,0.0,0.0,0.4545,0.0,0.5455,0.0
GRID_CBE_09953,Water,0.0,0.0,0.0,0.4545,0.0,0.5455,0.0
GRID_CBE_09954,Water,0.0,0.0,0.0,0.4545,0.0,0.5455,0.0
GRID_CBE_09955,Water,0.0,0.0,0.0,0.4545,0.0,0.5455,0.0
GRID_CBE_09956,Water,0.0,0.0,0.0,0.4545,0.0,0.5455,0.0
GRID_CBE_09957,Water,0.0,0.0,0.0,0.4545,0.0,0.5455,0.0
GRID_CBE_09958,Water,0.0,0.0,0.0,0.4545,0.0,0.5455,0.0
GRID_CBE_09959,Water,0.0,0.0,0.0,0.4545,0.0,0.5455,0.0
GRID_CBE_09960,Water,0.0,0.0,0.0,0.4545,0.0,0.5455,0.0
GRID_CBE_09961,Water,0.0,0.0,0.0,0.4545,0.0,0.5455,0.0
GRID_CBE_09962,Water,0.0,0.0,0.0,0.4545,0.0,0.5455,0.0
GRID_CBE_09963,Water,0.0,0.0,0.0,0.4545,0.0,0.5455,0.0
GRID_CBE_09964,Water,0.0,0.0,0.0,0.4545,0.0,0.5455,0.0
GRID_CBE_09965,Water,0.0,0.0,0.0,0.4545,0.0,0.5455,0.0
GRID_CBE_09966,Water,0.0,0.0,0.0,0.4545,0.0,0.5455,0.0
GRID_CBE_09967,Water,0.0,0.0,0.0,0.4545,0.0,0.5455,0.0
GRID_CBE_09968,Water,0.0,0.0,0.0,0.4545,0.0,0.5455,0.0
GRID_CBE_09969,Water,0.0,0.0,0.0,0.4545,0.0,0.5455,0.0
GRID_CBE_09970,Water,0.0,0.0,0.0,0.4545,0.0,0.5455,0.0
GRID_CBE_09971,Water,0.0,0.0,0.0,0.4545,0.0,0.5455,0.0
GRID_CBE_09972,Water,0.0,0.0,0.0,0.4545,0.0,0.5455,0.0
GRID_CBE_09973,Water,0.0,0.0,0.0,0.4545,0.0,0.5455,0.0
GRID_CBE_09974,Water,0.0,0.0,0.0,0.4545,0.0,0.5455,0.0
GRID_CBE_09975,Water,0.0,0.0,0.0,0.4545,0.0,0.5455,0.0
GRID_CBE_09976,Cropland,0.0,0.0,0.0,0.5455,0.0,0.4545,0.0
GRID_CBE_09977,Cropland,0.0,0.0,0.0,0.5455,0.0,0.4545,0.0
GRID_CBE_09978,Cropland,0.0,0.0,0.0,0.5455,0.0,0.4545,0.0
GRID_CBE_09979,Cropland,0.0,0.0,0.0,0.5455,0.0,0.4545,0.0
GRID_CBE_09980,Cropland,0.0,0.0,0.0,0.5455,0.0,0.4545,0.0
GRID_CBE_09981,Cropland,0.0,0.0,0.0,0.5455,0.0,0.4545,0.0
GRID_CBE_09982,Cropland,0.0,0.0,0.0,0.5455,0.0,0.4545,0.0
GRID_CBE_09983,Cropland,0.0,0.0,0.0,0.5455,0.0,0.4545,0.0
GRID_CBE_09984,Cropland,0.0,0.0,0.0,0.5455,0.0,0.4545,0.0
GRID_CBE_09985,Water,0.0,0.4545,0.0,0.0,0.0,0.5455,0.0
GRID_CBE_09986,Water,0.0,0.4545,0.0,0.0,0.0,0.5455,0.0
GRID_CBE_09987,Water,0.0,0.4545,0.0,0.0,0.0,0.5455,0.0
GRID_CBE_09988,Water,0.0,0.4545,0.0,0.0,0.0,0.5455,0.0
GRID_CBE_09989,Water,0.0,0.4545,0.0,0.0,0.0,0.5455,0.0
GRID_CBE_09990,Water,0.0,0.4545,0.0,0.0,0.0,0.5455,0.0
GRID_CBE_09991,Water,0.0,0.4545,0.0,0.0,0.0,0.5455,0.0
GRID_CBE_09992,Water,0.0,0.4545,0.0,0.0,0.0,0.5455,0.0
GRID_CBE_09993,Water,0.0,0.4545,0.0,0.0,0.0,0.5455,0.0
GRID_CBE_09994,Water,0.0,0.4545,0.0,0.0,0.0,0.5455,0.0
GRID_CBE_09995,Water,0.0,0.4545,0.0,0.0,0.0,0.5455,0.0
GRID_CBE_09996,Water,0.0,0.4545,0.0,0.0,0.0,0.5455,0.0
GRID_CBE_09997,Water,0.0,0.4545,0.0,0.0,0.0,0.5455,0.0
GRID_CBE_09998,Water,0.0,0.4545,0.0,0.0,0.0,0.5455,0.0
GRID_CBE_09999,Water,0.0,0.4545,0.0,0.0,0.0,0.5455,0.0
GRID_CBE_10000,Water,0.0,0.4545,0.0,0.0,0.0,0.5455,0.0
GRID_CBE_10001,Water,0.0,0.4545,0.0,0.0,0.0,0.5455,0.0
GRID_CBE_10002,Water,0.0,0.4545,0.0,0.0,0.0,0.5455,0.0
GRID_CBE_10003,Water,0.0,0.4545,0.0,0.0,0.0,0.5455,0.0
GRID_CBE_10004,Water,0.0,0.4545,0.0,0.0,0.0,0.5455,0.0
GRID_CBE_10005,Water,0.0,0.4545,0.0,0.0,0.0,0.5455,0.0
GRID_CBE_10006,Water,0.0,0.4545,0.0,0.0,0.0,0.5455,0.0
GRID_CBE_10007,Water,0.0,0.4545,0.0,0.0,0.0,0.5455,0.0
GRID_CBE_10008,Water,0.0,0.4545,0.0,0.0,0.0,0.5455,0.0
GRID_CBE_10009,Water,0.0,0.4545,0.0,0.0,0.0,0.5455,0.0
GRID_CBE_10010,Water,0.0,0.4545,0.0,0.0,0.0,0.5455,0.0
GRID_CBE_10011,Water,0.0,0.4545,0.0,0.0,0.0,0.5455,0.0
GRID_CBE_10012,Water,0.0,0.4545,0.0,0.0,0.0,0.5455,0.0
GRID_CBE_10013,Water,0.0,0.4545,0.0,0.0,0.0,0.5455,0.0
GRID_CBE_10014,Water,0.0,0.4545,0.0,0.0,0.0,0.5455,0.0
GRID_CBE_10015,Water,0.0,0.3306,0.0,0.124,0.0,0.5455,0.0
GRID_CBE_10016,Water,0.0,0.1653,0.0,0.2893,0.0,0.5455,0.0
GRID_CBE_10017,Water,0.0,0.0,0.0,0.4545,0.0,0.5455,0.0
GRID_CBE_10018,Water,0.0,0.0,0.0,0.4545,0.0,0.5455,0.0
GRID_CBE_10019,Water,0.0,0.0,0.0,0.4545,0.0,0.5455,0.0
GRID_CBE_10020,Water,0.0,0.0,0.0,0.4545,0.0,0.5455,0.0
GRID_CBE_10021,Water,0.0,0.0,0.0,0.4545,0.0,0.5455,0.0
GRID_CBE_10022,Water,0.0,0.0,0.0,0.4545,0.0,0.5455,0.0
GRID_CBE_10023,Water,0.0,0.0,0.0,0.4545,0.0,0.5455,0.0
GRID_CBE_10024,Water,0.0,0.0,0.0,0.4545,0.0,0.5455,0.0
GRID_CBE_10025,Water,0.0,0.0,0.0,0.4545,0.0,0.5455,0.0
GRID_CBE_10026,Water,0.0,0.0,0.0,0.4545,0.0,0.5455,0.0
GRID_CBE_10027,Water,0.0,0.0,0.0,0.4545,0.0,0.5455,0.0
GRID_CBE_10028,Water,0.0,0.0,0.0,0.4545,0.0,0.5455,0.0
GRID_CBE_10029,Water,0.0,0.0,0.0,0.4545,0.0,0.5455,0.0
GRID_CBE_10030,Water,0.0,0.0,0.0,0.4545,0.0,0.5455,0.0
GRID_CBE_10031,Water,0.0,0.0,0.0,0.4545,0.0,0.5455,0.0
GRID_CBE_10032,Water,0.0,0.0,0.0,0.4545,0.0,0.5455,0.0
GRID_CBE_10033,Water,0.0,0.0,0.0,0.4545,0.0,0.5455,0.0
GRID_CBE_10034,Water,0.0,0.0,0.0,0.4545,0.0,0.5455,0.0
GRID_CBE_10035,Water,0.0,0.0,0.0,0.4545,0.0,0.5455,0.0
GRID_CBE_10036,Water,0.0,0.0,0.0,0.4545,0.0,0.5455,0.0
GRID_CBE_10037,Water,0.0,0.0,0.0,0.4545,0.0,0.5455,0.0
GRID_CBE_10038,Water,0.0,0.0,0.0,0.4545,0.0,0.5455,0.0
GRID_CBE_10039,Water,0.0,0.0,0.0,0.4545,0.0,0.5455,0.0
GRID_CBE_10040,Water,0.0,0.0,0.0,0.4545,0.0,0.5455,0.0
GRID_CBE_10041,Water,0.0,0.0,0.0,0.4545,0.0,0.5455,0.0
GRID_CBE_10042,Water,0.0,0.0,0.0,0.4545,0.0,0.5455,0.0
GRID_CBE_10043,Water,0.0,0.0,0.0,0.4545,0.0,0.5455,0.0
GRID_CBE_10044,Water,0.0,0.0,0.0,0.4545,0.0,0.5455,0.0
GRID_CBE_10045,Water,0.0,0.0,0.0,0.4545,0.0,0.5455,0.0
GRID_CBE_10046,Water,0.0,0.0,0.0,0.4545,0.0,0.5455,0.0
GRID_CBE_10047,Water,0.0,0.0,0.0,0.4545,0.0,0.5455,0.0
GRID_CBE_10048,Water,0.0,0.0,0.0,0.4545,0.0,0.5455,0.0
GRID_CBE_10049,Water,0.0,0.0,0.0,0.4545,0.0,0.5455,0.0
GRID_CBE_10050,Water,0.0,0.0,0.0,0.4545,0.0,0.5455,0.0
GRID_CBE_10051,Water,0.0,0.0,0.0,0.4545,0.0,0.5455,0.0
GRID_CBE_10052,Water,0.0,0.0,0.0,0.4545,0.0,0.5455,0.0
GRID_CBE_10053,Water,0.0,0.0,0.0,0.4545,0.0,0.5455,0.0
GRID_CBE_10054,Water,0.0,0.0,0.0,0.4545,0.0,0.5455,0.0
GRID_CBE_10055,Water,0.0,0.0,0.0,0.4545,0.0,0.5455,0.0
GRID_CBE_10056,Water,0.0,0.0,0.0,0.4545,0.0,0.5455,0.0
GRID_CBE_10057,Water,0.0,0.0,0.0,0.4545,0.0,0.5455,0.0
GRID_CBE_10058,Water,0.0,0.0,0.0,0.4545,0.0,0.5455,0.0
GRID_CBE_10059,Water,0.0,0.0,0.0,0.4545,0.0,0.5455,0.0
GRID_CBE_10060,Water,0.0,0.0,0.0,0.4545,0.0,0.5455,0.0
GRID_CBE_10061,Water,0.0,0.0,0.0,0.4545,0.0,0.5455,0.0
GRID_CBE_10062,Water,0.0,0.0,0.0,0.4545,0.0,0.5455,0.0
GRID_CBE_10063,Shrubland,0.0,0.6364,0.0,0.0,0.0,0.3636,0.0
GRID_CBE_10064,Shrubland,0.0,0.6364,0.0,0.0,0.0,0.3636,0.0
GRID_CBE_10065,Shrubland,0.0,0.6364,0.0,0.0,0.0,0.3636,0.0
GRID_CBE_10066,Shrubland,0.0,0.6364,0.0,0.0,0.0,0.3636,0.0
GRID_CBE_10067,Shrubland,0.0,0.6364,0.0,0.0,0.0,0.3636,0.0
GRID_CBE_10068,Shrubland,0.0,0.6364,0.0,0.0,0.0,0.3636,0.0
GRID_CBE_10069,Shrubland,0.0,0.6364,0.0,0.0,0.0,0.3636,0.0
GRID_CBE_10070,Shrubland,0.0,0.6364,0.0,0.0,0.0,0.3636,0.0
GRID_CBE_10071,Shrubland,0.0,0.6364,0.0,0.0,0.0,0.3636,0.0
GRID_CBE_10072,Shrubland,0.0,0.6364,0.0,0.0,0.0,0.3636,0.0
GRID_CBE_10073,Shrubland,0.0,0.6364,0.0,0.0,0.0,0.3636,0.0
GRID_CBE_10074,Shrubland,0.0,0.6364,0.0,0.0,0.0,0.3636,0.0
GRID_CBE_10075,Shrubland,0.0,0.6364,0.0,0.0,0.0,0.3636,0.0
GRID_CBE_10076,Shrubland,0.0,0.6364,0.0,0.0,0.0,0.3636,0.0
GRID_CBE_10077,Shrubland,0.0,0.6364,0.0,0.0,0.0,0.3636,0.0
GRID_CBE_10078,Shrubland,0.0,0.6364,0.0,0.0,0.0,0.3636,0.0
GRID_CBE_10079,Shrubland,0.0,0.6364,0.0,0.0,0.0,0.3636,0.0
GRID_CBE_10080,Shrubland,0.0,0.6364,0.0,0.0,0.0,0.3636,0.0
GRID_CBE_10081,Shrubland,0.0,0.6364,0.0,0.0,0.0,0.3636,0.0
GRID_CBE_10082,Shrubland,0.0,0.6364,0.0,0.0,0.0,0.3636,0.0
GRID_CBE_10083,Shrubland,0.0,0.6364,0.0,0.0,0.0,0.3636,0.0
GRID_CBE_10084,Shrubland,0.0,0.6364,0.0,0.0,0.0,0.3636,0.0
GRID_CBE_10085,Shrubland,0.0,0.5455,0.0,0.0,0.0,0.4545,0.0
GRID_CBE_10086,Shrubland,0.0,0.5455,0.0,0.0,0.0,0.4545,0.0
GRID_CBE_10087,Shrubland,0.0,0.5455,0.0,0.0,0.0,0.4545,0.0
GRID_CBE_10088,Shrubland,0.0,0.5455,0.0,0.0,0.0,0.4545,0.0
GRID_CBE_10089,Shrubland,0.0,0.5455,0.0,0.0,0.0,0.4545,0.0
GRID_CBE_10090,Shrubland,0.0,0.5455,0.0,0.0,0.0,0.4545,0.0
GRID_CBE_10091,Shrubland,0.0,0.5455,0.0,0.0,0.0,0.4545,0.0
GRID_CBE_10092,Shrubland,0.0,0.5455,0.0,0.0,0.0,0.4545,0.0
GRID_CBE_10093,Water,0.0,0.3967,0.0,0.1488,0.0,0.4545,0.0
GRID_CBE_10094,Water,0.0,0.1983,0.0,0.3471,0.0,0.4545,0.0001
GRID_CBE_10095,Cropland,0.0,0.0,0.0,0.5455,0.0,0.4545,0.0
GRID_CBE_10096,Cropland,0.0,0.0,0.0,0.5455,0.0,0.4545,0.0
GRID_CBE_10097,Cropland,0.0,0.0,0.0,0.5455,0.0,0.4545,0.0
GRID_CBE_10098,Cropland,0.0,0.0,0.0,0.5455,0.0,0.4545,0.0
GRID_CBE_10099,Cropland,0.0,0.0,0.0,0.5455,0.0,0.4545,0.0
GRID_CBE_10100,Cropland,0.0,0.0,0.0,0.5455,0.0,0.4545,0.0
GRID_CBE_10101,Cropland,0.0,0.0,0.0,0.5455,0.0,0.4545,0.0
GRID_CBE_10102,Cropland,0.0,0.0,0.0,0.5455,0.0,0.4545,0.0
GRID_CBE_10103,Cropland,0.0,0.0,0.0,0.5455,0.0,0.4545,0.0
GRID_CBE_10104,Cropland,0.0,0.0,0.0,0.5455,0.0,0.4545,0.0
GRID_CBE_10105,Cropland,0.0,0.0,0.0,0.5455,0.0,0.4545,0.0
GRID_CBE_10106,Cropland,0.0,0.0,0.0,0.5455,0.0,0.4545,0.0
GRID_CBE_10107,Cropland,0.0,0.0,0.0,0.5455,0.0,0.4545,0.0
GRID_CBE_10108,Cropland,0.0,0.0,0.0,0.5455,0.0,0.4545,0.0
GRID_CBE_10109,Cropland,0.0,0.0,0.0,0.5455,0.0,0.4545,0.0
GRID_CBE_10110,Cropland,0.0,0.0,0.0,0.5455,0.0,0.4545,0.0
GRID_CBE_10111,Cropland,0.0,0.0,0.0,0.5455,0.0,0.4545,0.0
GRID_CBE_10112,Cropland,0.0,0.0,0.0,0.5455,0.0,0.4545,0.0
GRID_CBE_10113,Cropland,0.0,0.0,0.0,0.5455,0.0,0.4545,0.0
GRID_CBE_10114,Cropland,0.0,0.0,0.0,0.5455,0.0,0.4545,0.0
GRID_CBE_10115,Cropland,0.0,0.0,0.0,0.5455,0.0,0.4545,0.0
GRID_CBE_10116,Cropland,0.0,0.0,0.0,0.5455,0.0,0.4545,0.0
GRID_CBE_10117,Cropland,0.0,0.0,0.0,0.5455,0.0,0.4545,0.0
GRID_CBE_10118,Cropland,0.0,0.0,0.0,0.5455,0.0,0.4545,0.0
GRID_CBE_10119,Cropland,0.0,0.0,0.0,0.5455,0.0,0.4545,0.0
GRID_CBE_10120,Cropland,0.0,0.0,0.0,0.5455,0.0,0.4545,0.0
GRID_CBE_10121,Cropland,0.0,0.0,0.0,0.5455,0.0,0.4545,0.0
GRID_CBE_10122,Cropland,0.0,0.0,0.0,0.5455,0.0,0.4545,0.0
GRID_CBE_10123,Cropland,0.0,0.0,0.0,0.5455,0.0,0.4545,0.0
GRID_CBE_10124,Cropland,0.0,0.0,0.0,0.5455,0.0,0.4545,0.0
GRID_CBE_10125,Cropland,0.0,0.0,0.0,0.5455,0.0,0.4545,0.0
GRID_CBE_10126,Cropland,0.0,0.0,0.0,0.5455,0.0,0.4545,0.0
GRID_CBE_10127,Cropland,0.0,0.0,0.0,0.5455,0.0,0.4545,0.0
GRID_CBE_10128,Cropland,0.0,0.0,0.0,0.5455,0.0,0.4545,0.0
GRID_CBE_10129,Cropland,0.0,0.0,0.0,0.5455,0.0,0.4545,0.0
GRID_CBE_10130,Cropland,0.0,0.0,0.0,0.5455,0.0,0.4545,0.0
GRID_CBE_10131,Cropland,0.0,0.0,0.0,0.5455,0.0,0.4545,0.0
GRID_CBE_10132,Cropland,0.0,0.0,0.0,0.5455,0.0,0.4545,0.0
GRID_CBE_10133,Water,0.0,0.0,0.0,0.4545,0.0,0.5455,0.0
GRID_CBE_10134,Water,0.0,0.0,0.0,0.4545,0.0,0.5455,0.0
GRID_CBE_10135,Water,0.0,0.0,0.0,0.4545,0.0,0.5455,0.0
GRID_CBE_10136,Water,0.0,0.0,0.0,0.4545,0.0,0.5455,0.0
GRID_CBE_10137,Water,0.0,0.0,0.0,0.4545,0.0,0.5455,0.0
GRID_CBE_10138,Water,0.0,0.0,0.0,0.4545,0.0,0.5455,0.0
GRID_CBE_10139,Water,0.0,0.0,0.0,0.4545,0.0,0.5455,0.0
GRID_CBE_10140,Water,0.0,0.0,0.0,0.4545,0.0,0.5455,0.0
GRID_CBE_10141,Shrubland,0.0,0.9091,0.0,0.0,0.0,0.0909,0.0
GRID_CBE_10142,Shrubland,0.0,0.9091,0.0,0.0,0.0,0.0909,0.0
GRID_CBE_10143,Shrubland,0.0,0.9091,0.0,0.0,0.0,0.0909,0.0
GRID_CBE_10144,Shrubland,0.0,0.9091,0.0,0.0,0.0,0.0909,0.0
GRID_CBE_10145,Shrubland,0.0,0.9091,0.0,0.0,0.0,0.0909,0.0
GRID_CBE_10146,Shrubland,0.0,0.9091,0.0,0.0,0.0,0.0909,0.0
GRID_CBE_10147,Shrubland,0.0,0.9091,0.0,0.0,0.0,0.0909,0.0
GRID_CBE_10148,Shrubland,0.0,0.9091,0.0,0.0,0.0,0.0909,0.0
GRID_CBE_10149,Shrubland,0.0,0.9091,0.0,0.0,0.0,0.0909,0.0
GRID_CBE_10150,Shrubland,0.0,0.9091,0.0,0.0,0.0,0.0909,0.0
GRID_CBE_10151,Shrubland,0.0,0.9091,0.0,0.0,0.0,0.0909,0.0
GRID_CBE_10152,Shrubland,0.0,0.9091,0.0,0.0,0.0,0.0909,0.0
GRID_CBE_10153,Shrubland,0.0,0.9091,0.0,0.0,0.0,0.0909,0.0
GRID_CBE_10154,Shrubland,0.0,0.9091,0.0,0.0,0.0,0.0909,0.0
GRID_CBE_10155,Shrubland,0.0,0.9091,0.0,0.0,0.0,0.0909,0.0
GRID_CBE_10156,Shrubland,0.0,0.9091,0.0,0.0,0.0,0.0909,0.0
GRID_CBE_10157,Shrubland,0.0,0.9091,0.0,0.0,0.0,0.0909,0.0
GRID_CBE_10158,Shrubland,0.0,0.9091,0.0,0.0,0.0,0.0909,0.0
GRID_CBE_10159,Shrubland,0.0,0.9091,0.0,0.0,0.0,0.0909,0.0
GRID_CBE_10160,Shrubland,0.0,0.9091,0.0,0.0,0.0,0.0909,0.0
GRID_CBE_10161,Shrubland,0.0,0.9091,0.0,0.0,0.0,0.0909,0.0
GRID_CBE_10162,Shrubland,0.0,0.9091,0.0,0.0,0.0,0.0909,0.0
GRID_CBE_10163,Shrubland,0.0,0.9091,0.0,0.0,0.0,0.0909,0.0
GRID_CBE_10164,Shrubland,0.0,0.8182,0.0,0.0,0.0,0.1818,0.0
GRID_CBE_10165,Shrubland,0.0,0.8182,0.0,0.0,0.0,0.1818,0.0
GRID_CBE_10166,Shrubland,0.0,0.8182,0.0,0.0,0.0,0.1818,0.0
GRID_CBE_10167,Shrubland,0.0,0.8182,0.0,0.0,0.0,0.1818,0.0
GRID_CBE_10168,Shrubland,0.0,0.8182,0.0,0.0,0.0,0.1818,0.0
GRID_CBE_10169,Shrubland,0.0,0.8182,0.0,0.0,0.0,0.1818,0.0
GRID_CBE_10170,Shrubland,0.0,0.8182,0.0,0.0,0.0,0.1818,0.0
GRID_CBE_10171,Shrubland,0.0,0.595,0.0,0.2231,0.0,0.1818,0.0001
GRID_CBE_10172,Cropland,0.0,0.2975,0.0,0.5207,0.0,0.1818,0.0
GRID_CBE_10173,Cropland,0.0,0.0,0.0,0.8182,0.0,0.1818,0.0
GRID_CBE_10174,Cropland,0.0,0.0,0.0,0.8182,0.0,0.1818,0.0
GRID_CBE_10175,Cropland,0.0,0.0,0.0,0.8182,0.0,0.1818,0.0
GRID_CBE_10176,Cropland,0.0,0.0,0.0,0.8182,0.0,0.1818,0.0
GRID_CBE_10177,Cropland,0.0,0.0,0.0,0.8182,0.0,0.1818,0.0
GRID_CBE_10178,Cropland,0.0,0.0,0.0,0.8182,0.0,0.1818,0.0
GRID_CBE_10179,Cropland,0.0,0.0,0.0,0.8182,0.0,0.1818,0.0
GRID_CBE_10180,Cropland,0.0,0.0,0.0,0.8182,0.0,0.1818,0.0
GRID_CBE_10181,Cropland,0.0,0.0,0.0,0.8182,0.0,0.1818,0.0
GRID_CBE_10182,Cropland,0.0,0.0,0.0,0.8182,0.0,0.1818,0.0
GRID_CBE_10183,Cropland,0.0,0.0,0.0,0.8182,0.0,0.1818,0.0
GRID_CBE_10184,Cropland,0.0,0.0,0.0,0.8182,0.0,0.1818,0.0
GRID_CBE_10185,Cropland,0.0,0.0,0.0,0.8182,0.0,0.1818,0.0
GRID_CBE_10186,Cropland,0.0,0.0,0.0,0.8182,0.0,0.1818,0.0
GRID_CBE_10187,Cropland,0.0,0.0,0.0,0.8182,0.0,0.1818,0.0
GRID_CBE_10188,Cropland,0.0,0.0,0.0,0.8182,0.0,0.1818,0.0
GRID_CBE_10189,Cropland,0.0,0.0,0.0,0.8182,0.0,0.1818,0.0
GRID_CBE_10190,Cropland,0.0,0.0,0.0,0.8182,0.0,0.1818,0.0
GRID_CBE_10191,Cropland,0.0,0.0,0.0,0.8182,0.0,0.1818,0.0
GRID_CBE_10192,Cropland,0.0,0.0,0.0,0.8182,0.0,0.1818,0.0
GRID_CBE_10193,Cropland,0.0,0.0,0.0,0.8182,0.0,0.1818,0.0
GRID_CBE_10194,Cropland,0.0,0.0,0.0,0.8182,0.0,0.1818,0.0
GRID_CBE_10195,Cropland,0.0,0.0,0.0,0.8182,0.0,0.1818,0.0
GRID_CBE_10196,Cropland,0.0,0.0,0.0,0.8182,0.0,0.1818,0.0
GRID_CBE_10197,Cropland,0.0,0.0,0.0,0.8182,0.0,0.1818,0.0
GRID_CBE_10198,Cropland,0.0,0.0,0.0,0.8182,0.0,0.1818,0.0
GRID_CBE_10199,Cropland,0.0,0.0,0.0,0.8182,0.0,0.1818,0.0
GRID_CBE_10200,Cropland,0.0,0.0,0.0,0.8182,0.0,0.1818,0.0
GRID_CBE_10201,Cropland,0.0,0.0,0.0,0.8182,0.0,0.1818,0.0
GRID_CBE_10202,Cropland,0.0,0.0,0.0,0.8182,0.0,0.1818,0.0
GRID_CBE_10203,Cropland,0.0,0.0,0.0,0.8182,0.0,0.1818,0.0
GRID_CBE_10204,Cropland,0.0,0.0,0.0,0.8182,0.0,0.1818,0.0
GRID_CBE_10205,Cropland,0.0,0.0,0.0,0.8182,0.0,0.1818,0.0
GRID_CBE_10206,Cropland,0.0,0.0,0.0,0.8182,0.0,0.1818,0.0
GRID_CBE_10207,Cropland,0.0,0.0,0.0,0.8182,0.0,0.1818,0.0
GRID_CBE_10208,Cropland,0.0,0.0,0.0,0.8182,0.0,0.1818,0.0
GRID_CBE_10209,Cropland,0.0,0.0,0.0,0.8182,0.0,0.1818,0.0
GRID_CBE_10210,Cropland,0.0,0.0,0.0,0.8182,0.0,0.1818,0.0
GRID_CBE_10211,Cropland,0.0,0.0,0.0,0.7273,0.0,0.2727,0.0
GRID_CBE_10212,Cropland,0.0,0.0,0.0,0.7273,0.0,0.2727,0.0
GRID_CBE_10213,Cropland,0.0,0.0,0.0,0.7273,0.0,0.2727,0.0
GRID_CBE_10214,Cropland,0.0,0.0,0.0,0.7273,0.0,0.2727,0.0
GRID_CBE_10215,Cropland,0.0,0.0,0.0,0.7273,0.0,0.2727,0.0
GRID_CBE_10216,Cropland,0.0,0.0,0.0,0.7273,0.0,0.2727,0.0
GRID_CBE_10217,Cropland,0.0,0.0,0.0,0.7273,0.0,0.2727,0.0
GRID_CBE_10218,Cropland,0.0,0.0,0.0,0.7273,0.0,0.2727,0.0
GRID_CBE_10219,Shrubland,0.0,1.0,0.0,0.0,0.0,0.0,0.0
GRID_CBE_10220,Shrubland,0.0,1.0,0.0,0.0,0.0,0.0,0.0
GRID_CBE_10221,Shrubland,0.0,1.0,0.0,0.0,0.0,0.0,0.0
GRID_CBE_10222,Shrubland,0.0,1.0,0.0,0.0,0.0,0.0,0.0
GRID_CBE_10223,Shrubland,0.0,1.0,0.0,0.0,0.0,0.0,0.0
GRID_CBE_10224,Shrubland,0.0,1.0,0.0,0.0,0.0,0.0,0.0
GRID_CBE_10225,Shrubland,0.0,1.0,0.0,0.0,0.0,0.0,0.0
GRID_CBE_10226,Shrubland,0.0,1.0,0.0,0.0,0.0,0.0,0.0
GRID_CBE_10227,Shrubland,0.0,1.0,0.0,0.0,0.0,0.0,0.0
GRID_CBE_10228,Shrubland,0.0,1.0,0.0,0.0,0.0,0.0,0.0
GRID_CBE_10229,Shrubland,0.0,1.0,0.0,0.0,0.0,0.0,0.0
GRID_CBE_10230,Shrubland,0.0,1.0,0.0,0.0,0.0,0.0,0.0
GRID_CBE_10231,Shrubland,0.0,1.0,0.0,0.0,0.0,0.0,0.0
GRID_CBE_10232,Shrubland,0.0,1.0,0.0,0.0,0.0,0.0,0.0
GRID_CBE_10233,Shrubland,0.0,1.0,0.0,0.0,0.0,0.0,0.0
GRID_CBE_10234,Shrubland,0.0,1.0,0.0,0.0,0.0,0.0,0.0
GRID_CBE_10235,Shrubland,0.0,1.0,0.0,0.0,0.0,0.0,0.0
GRID_CBE_10236,Shrubland,0.0,1.0,0.0,0.0,0.0,0.0,0.0
GRID_CBE_10237,Shrubland,0.0,1.0,0.0,0.0,0.0,0.0,0.0
GRID_CBE_10238,Shrubland,0.0,1.0,0.0,0.0,0.0,0.0,0.0
GRID_CBE_10239,Shrubland,0.0,1.0,0.0,0.0,0.0,0.0,0.0
GRID_CBE_10240,Shrubland,0.0,1.0,0.0,0.0,0.0,0.0,0.0
GRID_CBE_10241,Shrubland,0.0,1.0,0.0,0.0,0.0,0.0,0.0
GRID_CBE_10242,Shrubland,0.0,1.0,0.0,0.0,0.0,0.0,0.0
GRID_CBE_10243,Shrubland,0.0,1.0,0.0,0.0,0.0,0.0,0.0
GRID_CBE_10244,Shrubland,0.0,1.0,0.0,0.0,0.0,0.0,0.0
GRID_CBE_10245,Shrubland,0.0,1.0,0.0,0.0,0.0,0.0,0.0
GRID_CBE_10246,Shrubland,0.0,1.0,0.0,0.0,0.0,0.0,0.0
GRID_CBE_10247,Shrubland,0.0,1.0,0.0,0.0,0.0,0.0,0.0
GRID_CBE_10248,Shrubland,0.0,1.0,0.0,0.0,0.0,0.0,0.0
GRID_CBE_10249,Shrubland,0.0,0.7273,0.0,0.2727,0.0,0.0,0.0
GRID_CBE_10250,Cropland,0.0,0.3636,0.0,0.6364,0.0,0.0,0.0
GRID_CBE_10251,Cropland,0.0,0.0,0.0,1.0,0.0,0.0,0.0
GRID_CBE_10252,Cropland,0.0,0.0,0.0,1.0,0.0,0.0,0.0
GRID_CBE_10253,Cropland,0.0,0.0,0.0,1.0,0.0,0.0,0.0
GRID_CBE_10254,Cropland,0.0,0.0,0.0,1.0,0.0,0.0,0.0
GRID_CBE_10255,Cropland,0.0,0.0,0.0,1.0,0.0,0.0,0.0
GRID_CBE_10256,Cropland,0.0,0.0,0.0,1.0,0.0,0.0,0.0
GRID_CBE_10257,Cropland,0.0,0.0,0.0,1.0,0.0,0.0,0.0
GRID_CBE_10258,Cropland,0.0,0.0,0.0,1.0,0.0,0.0,0.0
GRID_CBE_10259,Cropland,0.0,0.0,0.0,1.0,0.0,0.0,0.0
GRID_CBE_10260,Cropland,0.0,0.0,0.0,1.0,0.0,0.0,0.0
GRID_CBE_10261,Cropland,0.0,0.0,0.0,1.0,0.0,0.0,0.0
GRID_CBE_10262,Cropland,0.0,0.0,0.0,1.0,0.0,0.0,0.0
GRID_CBE_10263,Cropland,0.0,0.0,0.0,1.0,0.0,0.0,0.0
GRID_CBE_10264,Cropland,0.0,0.0,0.0,1.0,0.0,0.0,0.0
GRID_CBE_10265,Cropland,0.0,0.0,0.0,1.0,0.0,0.0,0.0
GRID_CBE_10266,Cropland,0.0,0.0,0.0,1.0,0.0,0.0,0.0
GRID_CBE_10267,Cropland,0.0,0.0,0.0,1.0,0.0,0.0,0.0
GRID_CBE_10268,Cropland,0.0,0.0,0.0,1.0,0.0,0.0,0.0
GRID_CBE_10269,Cropland,0.0,0.0,0.0,1.0,0.0,0.0,0.0
GRID_CBE_10270,Cropland,0.0,0.0,0.0,1.0,0.0,0.0,0.0
GRID_CBE_10271,Cropland,0.0,0.0,0.0,1.0,0.0,0.0,0.0
GRID_CBE_10272,Cropland,0.0,0.0,0.0,1.0,0.0,0.0,0.0
GRID_CBE_10273,Cropland,0.0,0.0,0.0,1.0,0.0,0.0,0.0
GRID_CBE_10274,Cropland,0.0,0.0,0.0,1.0,0.0,0.0,0.0
GRID_CBE_10275,Cropland,0.0,0.0,0.0,1.0,0.0,0.0,0.0
GRID_CBE_10276,Cropland,0.0,0.0,0.0,1.0,0.0,0.0,0.0
GRID_CBE_10277,Cropland,0.0,0.0,0.0,1.0,0.0,0.0,0.0
GRID_CBE_10278,Cropland,0.0,0.0,0.0,1.0,0.0,0.0,0.0
GRID_CBE_10279,Cropland,0.0,0.0,0.0,1.0,0.0,0.0,0.0
GRID_CBE_10280,Cropland,0.0,0.0,0.0,1.0,0.0,0.0,0.0
GRID_CBE_10281,Cropland,0.0,0.0,0.0,1.0,0.0,0.0,0.0
GRID_CBE_10282,Cropland,0.0,0.0,0.0,1.0,0.0,0.0,0.0
GRID_CBE_10283,Cropland,0.0,0.0,0.0,1.0,0.0,0.0,0.0
GRID_CBE_10284,Cropland,0.0,0.0,0.0,1.0,0.0,0.0,0.0
GRID_CBE_10285,Cropland,0.0,0.0,0.0,1.0,0.0,0.0,0.0
GRID_CBE_10286,Cropland,0.0,0.0,0.0,1.0,0.0,0.0,0.0
GRID_CBE_10287,Cropland,0.0,0.0,0.0,1.0,0.0,0.0,0.0
GRID_CBE_10288,Cropland,0.0,0.0,0.0,1.0,0.0,0.0,0.0
GRID_CBE_10289,Cropland,0.0,0.0,0.0,1.0,0.0,0.0,0.0
GRID_CBE_10290,Cropland,0.0,0.0,0.0,1.0,0.0,0.0,0.0
GRID_CBE_10291,Cropland,0.0,0.0,0.0,1.0,0.0,0.0,0.0
GRID_CBE_10292,Cropland,0.0,0.0,0.0,1.0,0.0,0.0,0.0
GRID_CBE_10293,Cropland,0.0,0.0,0.0,1.0,0.0,0.0,0.0
GRID_CBE_10294,Cropland,0.0,0.0,0.0,1.0,0.0,0.0,0.0
GRID_CBE_10295,Cropland,0.0,0.0,0.0,1.0,0.0,0.0,0.0
GRID_CBE_10296,Cropland,0.0,0.0,0.0,1.0,0.0,0.0,0.0
GRID_CBE_10297,Shrubland,0.0,1.0,0.0,0.0,0.0,0.0,0.0
GRID_CBE_10298,Shrubland,0.0,1.0,0.0,0.0,0.0,0.0,0.0
GRID_CBE_10299,Shrubland,0.0,1.0,0.0,0.0,0.0,0.0,0.0
GRID_CBE_10300,Shrubland,0.0,1.0,0.0,0.0,0.0,0.0,0.0
GRID_CBE_10301,Shrubland,0.0,1.0,0.0,0.0,0.0,0.0,0.0
GRID_CBE_10302,Shrubland,0.0,1.0,0.0,0.0,0.0,0.0,0.0
GRID_CBE_10303,Shrubland,0.0,1.0,0.0,0.0,0.0,0.0,0.0
GRID_CBE_10304,Shrubland,0.0,1.0,0.0,0.0,0.0,0.0,0.0
GRID_CBE_10305,Shrubland,0.0,1.0,0.0,0.0,0.0,0.0,0.0
GRID_CBE_10306,Shrubland,0.0,1.0,0.0,0.0,0.0,0.0,0.0
GRID_CBE_10307,Shrubland,0.0,1.0,0.0,0.0,0.0,0.0,0.0
GRID_CBE_10308,Shrubland,0.0,1.0,0.0,0.0,0.0,0.0,0.0
GRID_CBE_10309,Shrubland,0.0,1.0,0.0,0.0,0.0,0.0,0.0
GRID_CBE_10310,Shrubland,0.0,1.0,0.0,0.0,0.0,0.0,0.0
GRID_CBE_10311,Shrubland,0.0,1.0,0.0,0.0,0.0,0.0,0.0
GRID_CBE_10312,Shrubland,0.0,1.0,0.0,0.0,0.0,0.0,0.0
GRID_CBE_10313,Shrubland,0.0,1.0,0.0,0.0,0.0,0.0,0.0
GRID_CBE_10314,Shrubland,0.0,1.0,0.0,0.0,0.0,0.0,0.0
GRID_CBE_10315,Shrubland,0.0,1.0,0.0,0.0,0.0,0.0,0.0
GRID_CBE_10316,Shrubland,0.0,1.0,0.0,0.0,0.0,0.0,0.0
GRID_CBE_10317,Shrubland,0.0,1.0,0.0,0.0,0.0,0.0,0.0
GRID_CBE_10318,Shrubland,0.0,1.0,0.0,0.0,0.0,0.0,0.0
GRID_CBE_10319,Shrubland,0.0,1.0,0.0,0.0,0.0,0.0,0.0
GRID_CBE_10320,Shrubland,0.0,1.0,0.0,0.0,0.0,0.0,0.0
GRID_CBE_10321,Shrubland,0.0,1.0,0.0,0.0,0.0,0.0,0.0
GRID_CBE_10322,Shrubland,0.0,1.0,0.0,0.0,0.0,0.0,0.0
GRID_CBE_10323,Shrubland,0.0,1.0,0.0,0.0,0.0,0.0,0.0
GRID_CBE_10324,Shrubland,0.0,1.0,0.0,0.0,0.0,0.0,0.0
GRID_CBE_10325,Shrubland,0.0,1.0,0.0,0.0,0.0,0.0,0.0
GRID_CBE_10326,Shrubland,0.0,1.0,0.0,0.0,0.0,0.0,0.0
GRID_CBE_10327,Shrubland,0.0,0.7273,0.0,0.2727,0.0,0.0,0.0
GRID_CBE_10328,Cropland,0.0,0.3636,0.0,0.6364,0.0,0.0,0.0
GRID_CBE_10329,Cropland,0.0,0.0,0.0,1.0,0.0,0.0,0.0
GRID_CBE_10330,Cropland,0.0,0.0,0.0,1.0,0.0,0.0,0.0
GRID_CBE_10331,Cropland,0.0,0.0,0.0,1.0,0.0,0.0,0.0
GRID_CBE_10332,Cropland,0.0,0.0,0.0,1.0,0.0,0.0,0.0
GRID_CBE_10333,Cropland,0.0,0.0,0.0,1.0,0.0,0.0,0.0
GRID_CBE_10334,Cropland,0.0,0.0,0.0,1.0,0.0,0.0,0.0
GRID_CBE_10335,Cropland,0.0,0.0,0.0,1.0,0.0,0.0,0.0
GRID_CBE_10336,Cropland,0.0,0.0,0.0,1.0,0.0,0.0,0.0
GRID_CBE_10337,Cropland,0.0,0.0,0.0,1.0,0.0,0.0,0.0
GRID_CBE_10338,Cropland,0.0,0.0,0.0,1.0,0.0,0.0,0.0
GRID_CBE_10339,Cropland,0.0,0.0,0.0,1.0,0.0,0.0,0.0
GRID_CBE_10340,Cropland,0.0,0.0,0.0,1.0,0.0,0.0,0.0
GRID_CBE_10341,Cropland,0.0,0.0,0.0,1.0,0.0,0.0,0.0
GRID_CBE_10342,Cropland,0.0,0.0,0.0,1.0,0.0,0.0,0.0
GRID_CBE_10343,Cropland,0.0,0.0,0.0,1.0,0.0,0.0,0.0
GRID_CBE_10344,Cropland,0.0,0.0,0.0,1.0,0.0,0.0,0.0
GRID_CBE_10345,Cropland,0.0,0.0,0.0,1.0,0.0,0.0,0.0
GRID_CBE_10346,Cropland,0.0,0.0,0.0,1.0,0.0,0.0,0.0
GRID_CBE_10347,Cropland,0.0,0.0,0.0,1.0,0.0,0.0,0.0
GRID_CBE_10348,Cropland,0.0,0.0,0.0,1.0,0.0,0.0,0.0
GRID_CBE_10349,Cropland,0.0,0.0,0.0,1.0,0.0,0.0,0.0
GRID_CBE_10350,Cropland,0.0,0.0,0.0,1.0,0.0,0.0,0.0
GRID_CBE_10351,Cropland,0.0,0.0,0.0,1.0,0.0,0.0,0.0
GRID_CBE_10352,Cropland,0.0,0.0,0.0,1.0,0.0,0.0,0.0
GRID_CBE_10353,Cropland,0.0,0.0,0.0,1.0,0.0,0.0,0.0
GRID_CBE_10354,Cropland,0.0,0.0,0.0,1.0,0.0,0.0,0.0
GRID_CBE_10355,Cropland,0.0,0.0,0.0,1.0,0.0,0.0,0.0
GRID_CBE_10356,Cropland,0.0,0.0,0.0,1.0,0.0,0.0,0.0
GRID_CBE_10357,Cropland,0.0,0.0,0.0,1.0,0.0,0.0,0.0
GRID_CBE_10358,Cropland,0.0,0.0,0.0,1.0,0.0,0.0,0.0
GRID_CBE_10359,Cropland,0.0,0.0,0.0,1.0,0.0,0.0,0.0
GRID_CBE_10360,Cropland,0.0,0.0,0.0,1.0,0.0,0.0,0.0
GRID_CBE_10361,Cropland,0.0,0.0,0.0,1.0,0.0,0.0,0.0
GRID_CBE_10362,Cropland,0.0,0.0,0.0,1.0,0.0,0.0,0.0
GRID_CBE_10363,Cropland,0.0,0.0,0.0,1.0,0.0,0.0,0.0
GRID_CBE_10364,Cropland,0.0,0.0,0.0,1.0,0.0,0.0,0.0
GRID_CBE_10365,Cropland,0.0,0.0,0.0,1.0,0.0,0.0,0.0
GRID_CBE_10366,Cropland,0.0,0.0,0.0,1.0,0.0,0.0,0.0
GRID_CBE_10367,Cropland,0.0,0.0,0.0,1.0,0.0,0.0,0.0
GRID_CBE_10368,Cropland,0.0,0.0,0.0,1.0,0.0,0.0,0.0
GRID_CBE_10369,Cropland,0.0,0.0,0.0,1.0,0.0,0.0,0.0
GRID_CBE_10370,Cropland,0.0,0.0,0.0,1.0,0.0,0.0,0.0
GRID_CBE_10371,Cropland,0.0,0.0,0.0,1.0,0.0,0.0,0.0
GRID_CBE_10372,Cropland,0.0,0.0,0.0,1.0,0.0,0.0,0.0
GRID_CBE_10373,Cropland,0.0,0.0,0.0,1.0,0.0,0.0,0.0
GRID_CBE_10374,Cropland,0.0,0.0,0.0,1.0,0.0,0.0,0.0
GRID_CBE_10375,Shrubland,0.0,1.0,0.0,0.0,0.0,0.0,0.0
GRID_CBE_10376,Shrubland,0.0,1.0,0.0,0.0,0.0,0.0,0.0
GRID_CBE_10377,Shrubland,0.0,1.0,0.0,0.0,0.0,0.0,0.0
GRID_CBE_10378,Shrubland,0.0,1.0,0.0,0.0,0.0,0.0,0.0
GRID_CBE_10379,Shrubland,0.0,1.0,0.0,0.0,0.0,0.0,0.0
GRID_CBE_10380,Shrubland,0.0,1.0,0.0,0.0,0.0,0.0,0.0
GRID_CBE_10381,Shrubland,0.0,1.0,0.0,0.0,0.0,0.0,0.0
GRID_CBE_10382,Shrubland,0.0,1.0,0.0,0.0,0.0,0.0,0.0
GRID_CBE_10383,Shrubland,0.0,1.0,0.0,0.0,0.0,0.0,0.0
GRID_CBE_10384,Shrubland,0.0,1.0,0.0,0.0,0.0,0.0,0.0
GRID_CBE_10385,Shrubland,0.0,1.0,0.0,0.0,0.0,0.0,0.0
GRID_CBE_10386,Shrubland,0.0,1.0,0.0,0.0,0.0,0.0,0.0
GRID_CBE_10387,Shrubland,0.0,1.0,0.0,0.0,0.0,0.0,0.0
GRID_CBE_10388,Shrubland,0.0,1.0,0.0,0.0,0.0,0.0,0.0
GRID_CBE_10389,Shrubland,0.0,1.0,0.0,0.0,0.0,0.0,0.0
GRID_CBE_10390,Shrubland,0.0,1.0,0.0,0.0,0.0,0.0,0.0
GRID_CBE_10391,Shrubland,0.0,1.0,0.0,0.0,0.0,0.0,0.0
GRID_CBE_10392,Shrubland,0.0,1.0,0.0,0.0,0.0,0.0,0.0
GRID_CBE_10393,Shrubland,0.0,1.0,0.0,0.0,0.0,0.0,0.0
GRID_CBE_10394,Shrubland,0.0,1.0,0.0,0.0,0.0,0.0,0.0
GRID_CBE_10395,Shrubland,0.0,1.0,0.0,0.0,0.0,0.0,0.0
GRID_CBE_10396,Shrubland,0.0,1.0,0.0,0.0,0.0,0.0,0.0
GRID_CBE_10397,Shrubland,0.0,1.0,0.0,0.0,0.0,0.0,0.0
GRID_CBE_10398,Shrubland,0.0,1.0,0.0,0.0,0.0,0.0,0.0
GRID_CBE_10399,Shrubland,0.0,1.0,0.0,0.0,0.0,0.0,0.0
GRID_CBE_10400,Shrubland,0.0,1.0,0.0,0.0,0.0,0.0,0.0
GRID_CBE_10401,Shrubland,0.0,1.0,0.0,0.0,0.0,0.0,0.0
GRID_CBE_10402,Shrubland,0.0,1.0,0.0,0.0,0.0,0.0,0.0
GRID_CBE_10403,Shrubland,0.0,1.0,0.0,0.0,0.0,0.0,0.0
GRID_CBE_10404,Shrubland,0.0,1.0,0.0,0.0,0.0,0.0,0.0
GRID_CBE_10405,Shrubland,0.0,0.7273,0.0,0.2727,0.0,0.0,0.0
GRID_CBE_10406,Cropland,0.0,0.3636,0.0,0.6364,0.0,0.0,0.0
GRID_CBE_10407,Cropland,0.0,0.0,0.0,1.0,0.0,0.0,0.0
GRID_CBE_10408,Cropland,0.0,0.0,0.0,1.0,0.0,0.0,0.0
GRID_CBE_10409,Cropland,0.0,0.0,0.0,1.0,0.0,0.0,0.0
GRID_CBE_10410,Cropland,0.0,0.0,0.0,1.0,0.0,0.0,0.0
GRID_CBE_10411,Cropland,0.0,0.0,0.0,1.0,0.0,0.0,0.0
GRID_CBE_10412,Cropland,0.0,0.0,0.0,1.0,0.0,0.0,0.0
GRID_CBE_10413,Cropland,0.0,0.0,0.0,1.0,0.0,0.0,0.0
GRID_CBE_10414,Cropland,0.0,0.0,0.0,1.0,0.0,0.0,0.0
GRID_CBE_10415,Cropland,0.0,0.0,0.0,1.0,0.0,0.0,0.0
GRID_CBE_10416,Cropland,0.0,0.0,0.0,1.0,0.0,0.0,0.0
GRID_CBE_10417,Cropland,0.0,0.0,0.0,1.0,0.0,0.0,0.0
GRID_CBE_10418,Cropland,0.0,0.0,0.0,1.0,0.0,0.0,0.0
GRID_CBE_10419,Cropland,0.0,0.0,0.0,1.0,0.0,0.0,0.0
GRID_CBE_10420,Cropland,0.0,0.0,0.0,1.0,0.0,0.0,0.0
GRID_CBE_10421,Cropland,0.0,0.0,0.0,1.0,0.0,0.0,0.0
GRID_CBE_10422,Cropland,0.0,0.0,0.0,1.0,0.0,0.0,0.0
GRID_CBE_10423,Cropland,0.0,0.0,0.0,1.0,0.0,0.0,0.0
GRID_CBE_10424,Cropland,0.0,0.0,0.0,1.0,0.0,0.0,0.0
GRID_CBE_10425,Cropland,0.0,0.0,0.0,1.0,0.0,0.0,0.0
GRID_CBE_10426,Cropland,0.0,0.0,0.0,1.0,0.0,0.0,0.0
GRID_CBE_10427,Cropland,0.0,0.0,0.0,1.0,0.0,0.0,0.0
GRID_CBE_10428,Cropland,0.0,0.0,0.0,1.0,0.0,0.0,0.0
GRID_CBE_10429,Cropland,0.0,0.0,0.0,1.0,0.0,0.0,0.0
GRID_CBE_10430,Cropland,0.0,0.0,0.0,1.0,0.0,0.0,0.0
GRID_CBE_10431,Cropland,0.0,0.0,0.0,1.0,0.0,0.0,0.0
GRID_CBE_10432,Cropland,0.0,0.0,0.0,1.0,0.0,0.0,0.0
GRID_CBE_10433,Cropland,0.0,0.0,0.0,1.0,0.0,0.0,0.0
GRID_CBE_10434,Cropland,0.0,0.0,0.0,1.0,0.0,0.0,0.0
GRID_CBE_10435,Cropland,0.0,0.0,0.0,1.0,0.0,0.0,0.0
GRID_CBE_10436,Cropland,0.0,0.0,0.0,1.0,0.0,0.0,0.0
GRID_CBE_10437,Cropland,0.0,0.0,0.0,1.0,0.0,0.0,0.0
GRID_CBE_10438,Cropland,0.0,0.0,0.0,1.0,0.0,0.0,0.0
GRID_CBE_10439,Cropland,0.0,0.0,0.0,1.0,0.0,0.0,0.0
GRID_CBE_10440,Cropland,0.0,0.0,0.0,1.0,0.0,0.0,0.0
GRID_CBE_10441,Cropland,0.0,0.0,0.0,1.0,0.0,0.0,0.0
GRID_CBE_10442,Cropland,0.0,0.0,0.0,1.0,0.0,0.0,0.0
GRID_CBE_10443,Cropland,0.0,0.0,0.0,1.0,0.0,0.0,0.0
GRID_CBE_10444,Cropland,0.0,0.0,0.0,1.0,0.0,0.0,0.0
GRID_CBE_10445,Cropland,0.0,0.0,0.0,1.0,0.0,0.0,0.0
GRID_CBE_10446,Cropland,0.0,0.0,0.0,1.0,0.0,0.0,0.0
GRID_CBE_10447,Cropland,0.0,0.0,0.0,1.0,0.0,0.0,0.0
GRID_CBE_10448,Cropland,0.0,0.0,0.0,1.0,0.0,0.0,0.0
GRID_CBE_10449,Cropland,0.0,0.0,0.0,1.0,0.0,0.0,0.0
GRID_CBE_10450,Cropland,0.0,0.0,0.0,1.0,0.0,0.0,0.0
GRID_CBE_10451,Cropland,0.0,0.0,0.0,1.0,0.0,0.0,0.0
GRID_CBE_10452,Cropland,0.0,0.0,0.0,1.0,0.0,0.0,0.0
GRID_CBE_10453,Shrubland,0.0,1.0,0.0,0.0,0.0,0.0,0.0
GRID_CBE_10454,Shrubland,0.0,1.0,0.0,0.0,0.0,0.0,0.0
GRID_CBE_10455,Shrubland,0.0,1.0,0.0,0.0,0.0,0.0,0.0
GRID_CBE_10456,Shrubland,0.0,1.0,0.0,0.0,0.0,0.0,0.0
GRID_CBE_10457,Shrubland,0.0,1.0,0.0,0.0,0.0,0.0,0.0
GRID_CBE_10458,Shrubland,0.0,1.0,0.0,0.0,0.0,0.0,0.0
GRID_CBE_10459,Shrubland,0.0,1.0,0.0,0.0,0.0,0.0,0.0
GRID_CBE_10460,Shrubland,0.0,1.0,0.0,0.0,0.0,0.0,0.0
GRID_CBE_10461,Shrubland,0.0,1.0,0.0,0.0,0.0,0.0,0.0
GRID_CBE_10462,Shrubland,0.0,1.0,0.0,0.0,0.0,0.0,0.0
GRID_CBE_10463,Shrubland,0.0,1.0,0.0,0.0,0.0,0.0,0.0
GRID_CBE_10464,Shrubland,0.0,1.0,0.0,0.0,0.0,0.0,0.0
GRID_CBE_10465,Shrubland,0.0,1.0,0.0,0.0,0.0,0.0,0.0
GRID_CBE_10466,Shrubland,0.0,1.0,0.0,0.0,0.0,0.0,0.0
GRID_CBE_10467,Shrubland,0.0,1.0,0.0,0.0,0.0,0.0,0.0
GRID_CBE_10468,Shrubland,0.0,1.0,0.0,0.0,0.0,0.0,0.0
GRID_CBE_10469,Shrubland,0.0,1.0,0.0,0.0,0.0,0.0,0.0
GRID_CBE_10470,Shrubland,0.0,1.0,0.0,0.0,0.0,0.0,0.0
GRID_CBE_10471,Shrubland,0.0,1.0,0.0,0.0,0.0,0.0,0.0
GRID_CBE_10472,Shrubland,0.0,1.0,0.0,0.0,0.0,0.0,0.0
GRID_CBE_10473,Shrubland,0.0,1.0,0.0,0.0,0.0,0.0,0.0
GRID_CBE_10474,Shrubland,0.0,1.0,0.0,0.0,0.0,0.0,0.0
GRID_CBE_10475,Shrubland,0.0,1.0,0.0,0.0,0.0,0.0,0.0
GRID_CBE_10476,Shrubland,0.0,1.0,0.0,0.0,0.0,0.0,0.0
GRID_CBE_10477,Shrubland,0.0,1.0,0.0,0.0,0.0,0.0,0.0
GRID_CBE_10478,Shrubland,0.0,1.0,0.0,0.0,0.0,0.0,0.0
GRID_CBE_10479,Shrubland,0.0,1.0,0.0,0.0,0.0,0.0,0.0
GRID_CBE_10480,Shrubland,0.0,1.0,0.0,0.0,0.0,0.0,0.0
GRID_CBE_10481,Shrubland,0.0,1.0,0.0,0.0,0.0,0.0,0.0
GRID_CBE_10482,Shrubland,0.0,1.0,0.0,0.0,0.0,0.0,0.0
GRID_CBE_10483,Shrubland,0.0,0.7273,0.0,0.2727,0.0,0.0,0.0
GRID_CBE_10484,Cropland,0.0,0.3636,0.0,0.6364,0.0,0.0,0.0
GRID_CBE_10485,Cropland,0.0,0.0,0.0,1.0,0.0,0.0,0.0
GRID_CBE_10486,Cropland,0.0,0.0,0.0,1.0,0.0,0.0,0.0
GRID_CBE_10487,Cropland,0.0,0.0,0.0,1.0,0.0,0.0,0.0
GRID_CBE_10488,Cropland,0.0,0.0,0.0,1.0,0.0,0.0,0.0
GRID_CBE_10489,Cropland,0.0,0.0,0.0,1.0,0.0,0.0,0.0
GRID_CBE_10490,Cropland,0.0,0.0,0.0,1.0,0.0,0.0,0.0
GRID_CBE_10491,Cropland,0.0,0.0,0.0,1.0,0.0,0.0,0.0
GRID_CBE_10492,Cropland,0.0,0.0,0.0,1.0,0.0,0.0,0.0
GRID_CBE_10493,Cropland,0.0,0.0,0.0,1.0,0.0,0.0,0.0
GRID_CBE_10494,Cropland,0.0,0.0,0.0,1.0,0.0,0.0,0.0
GRID_CBE_10495,Cropland,0.0,0.0,0.0,1.0,0.0,0.0,0.0
GRID_CBE_10496,Cropland,0.0,0.0,0.0,1.0,0.0,0.0,0.0
GRID_CBE_10497,Cropland,0.0,0.0,0.0,1.0,0.0,0.0,0.0
GRID_CBE_10498,Cropland,0.0,0.0,0.0,1.0,0.0,0.0,0.0
GRID_CBE_10499,Cropland,0.0,0.0,0.0,1.0,0.0,0.0,0.0
GRID_CBE_10500,Cropland,0.0,0.0,0.0,1.0,0.0,0.0,0.0
GRID_CBE_10501,Cropland,0.0,0.0,0.0,1.0,0.0,0.0,0.0
GRID_CBE_10502,Cropland,0.0,0.0,0.0,1.0,0.0,0.0,0.0
GRID_CBE_10503,Cropland,0.0,0.0,0.0,1.0,0.0,0.0,0.0
GRID_CBE_10504,Cropland,0.0,0.0,0.0,1.0,0.0,0.0,0.0
GRID_CBE_10505,Cropland,0.0,0.0,0.0,1.0,0.0,0.0,0.0
GRID_CBE_10506,Cropland,0.0,0.0,0.0,1.0,0.0,0.0,0.0
GRID_CBE_10507,Cropland,0.0,0.0,0.0,1.0,0.0,0.0,0.0
GRID_CBE_10508,Cropland,0.0,0.0,0.0,1.0,0.0,0.0,0.0
GRID_CBE_10509,Cropland,0.0,0.0,0.0,1.0,0.0,0.0,0.0
GRID_CBE_10510,Cropland,0.0,0.0,0.0,1.0,0.0,0.0,0.0
GRID_CBE_10511,Cropland,0.0,0.0,0.0,1.0,0.0,0.0,0.0
GRID_CBE_10512,Cropland,0.0,0.0,0.0,1.0,0.0,0.0,0.0
GRID_CBE_10513,Cropland,0.0,0.0,0.0,1.0,0.0,0.0,0.0
GRID_CBE_10514,Cropland,0.0,0.0,0.0,1.0,0.0,0.0,0.0
GRID_CBE_10515,Cropland,0.0,0.0,0.0,1.0,0.0,0.0,0.0
GRID_CBE_10516,Cropland,0.0,0.0,0.0,1.0,0.0,0.0,0.0
GRID_CBE_10517,Cropland,0.0,0.0,0.0,1.0,0.0,0.0,0.0
GRID_CBE_10518,Cropland,0.0,0.0,0.0,1.0,0.0,0.0,0.0
GRID_CBE_10519,Cropland,0.0,0.0,0.0,1.0,0.0,0.0,0.0
GRID_CBE_10520,Cropland,0.0,0.0,0.0,1.0,0.0,0.0,0.0
GRID_CBE_10521,Cropland,0.0,0.0,0.0,1.0,0.0,0.0,0.0
GRID_CBE_10522,Cropland,0.0,0.0,0.0,1.0,0.0,0.0,0.0
GRID_CBE_10523,Cropland,0.0,0.0,0.0,1.0,0.0,0.0,0.0
GRID_CBE_10524,Cropland,0.0,0.0,0.0,1.0,0.0,0.0,0.0
GRID_CBE_10525,Cropland,0.0,0.0,0.0,1.0,0.0,0.0,0.0
GRID_CBE_10526,Cropland,0.0,0.0,0.0,1.0,0.0,0.0,0.0
GRID_CBE_10527,Cropland,0.0,0.0,0.0,1.0,0.0,0.0,0.0
GRID_CBE_10528,Cropland,0.0,0.0,0.0,1.0,0.0,0.0,0.0
GRID_CBE_10529,Cropland,0.0,0.0,0.0,1.0,0.0,0.0,0.0
GRID_CBE_10530,Cropland,0.0,0.0,0.0,1.0,0.0,0.0,0.0
