forecast_issue_time,valid_time,lead_time,latitude,longitude,temperature,humidity,rainfall,wind_speed,pressure
2024-01-01 00:00:00,2024-01-02 00:00:00,24,10.3,76.7,23.32,58.42,0.0,14.9,1009.85
2024-01-01 00:00:00,2024-01-02 00:00:00,24,10.3,76.9,26.35,67.36,0.0,7.42,1011.52
2024-01-01 00:00:00,2024-01-02 00:00:00,24,10.3,77.1,24.01,62.22,0.0,11.65,1011.72
2024-01-01 00:00:00,2024-01-02 00:00:00,24,10.6,76.7,25.03,61.52,0.0,10.9,1008.98
2024-01-01 00:00:00,2024-01-02 00:00:00,24,10.6,76.9,23.52,79.15,0.0,12.39,1008.38
2024-01-01 00:00:00,2024-01-02 00:00:00,24,10.6,77.1,24.22,66.56,0.0,15.27,1009.18
2024-01-01 00:00:00,2024-01-02 00:00:00,24,10.9,76.7,22.53,65.58,0.0,16.57,1010.87
2024-01-01 00:00:00,2024-01-02 00:00:00,24,10.9,76.9,25.7,63.37,0.0,12.33,1011.7
2024-01-01 00:00:00,2024-01-02 00:00:00,24,10.9,77.1,27.57,74.24,0.0,16.67,1009.6
2024-01-01 00:00:00,2024-01-02 00:00:00,24,11.2,76.7,26.73,73.03,0.0,15.62,1009.71
2024-01-01 00:00:00,2024-01-02 00:00:00,24,11.2,76.9,26.81,61.75,0.0,13.35,1007.89
2024-01-01 00:00:00,2024-01-02 00:00:00,24,11.2,77.1,26.43,65.21,0.0,10.25,1006.71
2024-01-01 00:00:00,2024-01-03 00:00:00,48,10.3,76.7,23.83,54.15,0.0,13.11,1010.32
2024-01-01 00:00:00,2024-01-03 00:00:00,48,10.3,76.9,22.4,64.79,0.99,5.78,1012.62
2024-01-01 00:00:00,2024-01-03 00:00:00,48,10.3,77.1,22.99,68.89,0.0,15.66,1013.67
2024-01-01 00:00:00,2024-01-03 00:00:00,48,10.6,76.7,25.26,58.86,0.0,21.72,1011.87
2024-01-01 00:00:00,2024-01-03 00:00:00,48,10.6,76.9,20.17,62.48,0.05,19.26,1009.33
2024-01-01 00:00:00,2024-01-03 00:00:00,48,10.6,77.1,22.28,65.82,15.37,12.6,1011.28
2024-01-01 00:00:00,2024-01-03 00:00:00,48,10.9,76.7,25.42,59.48,0.0,12.13,1011.22
2024-01-01 00:00:00,2024-01-03 00:00:00,48,10.9,76.9,25.52,66.65,0.0,16.22,1008.61
2024-01-01 00:00:00,2024-01-03 00:00:00,48,10.9,77.1,21.82,69.22,0.0,5.07,1008.17
2024-01-01 00:00:00,2024-01-03 00:00:00,48,11.2,76.7,24.73,64.67,0.0,21.16,1010.07
2024-01-01 00:00:00,2024-01-03 00:00:00,48,11.2,76.9,21.87,64.8,3.17,15.33,1008.63
2024-01-01 00:00:00,2024-01-03 00:00:00,48,11.2,77.1,23.14,61.53,0.0,13.66,1008.99
2024-01-01 00:00:00,2024-01-04 00:00:00,72,10.3,76.7,23.2,66.46,0.0,16.18,1011.86
2024-01-01 00:00:00,2024-01-04 00:00:00,72,10.3,76.9,25.99,64.58,0.0,16.86,1012.54
2024-01-01 00:00:00,2024-01-04 00:00:00,72,10.3,77.1,21.96,70.22,0.0,13.66,1010.52
2024-01-01 00:00:00,2024-01-04 00:00:00,72,10.6,76.7,23.62,70.61,0.0,13.29,1008.48
2024-01-01 00:00:00,2024-01-04 00:00:00,72,10.6,76.9,24.8,65.5,0.0,9.67,1009.73
2024-01-01 00:00:00,2024-01-04 00:00:00,72,10.6,77.1,28.04,73.7,0.0,10.45,1012.23
2024-01-01 00:00:00,2024-01-04 00:00:00,72,10.9,76.7,24.66,83.63,0.0,13.51,1013.41
2024-01-01 00:00:00,2024-01-04 00:00:00,72,10.9,76.9,24.5,71.65,0.0,19.12,1010.16
2024-01-01 00:00:00,2024-01-04 00:00:00,72,10.9,77.1,22.81,61.62,0.0,14.74,1008.35
2024-01-01 00:00:00,2024-01-04 00:00:00,72,11.2,76.7,27.58,73.72,0.37,18.75,1009.46
2024-01-01 00:00:00,2024-01-04 00:00:00,72,11.2,76.9,27.24,72.93,4.79,14.5,1005.9
2024-01-01 00:00:00,2024-01-04 00:00:00,72,11.2,77.1,21.59,64.29,0.0,14.25,1007.95
2024-01-02 00:00:00,2024-01-03 00:00:00,24,10.3,76.7,24.07,55.71,0.0,16.15,1012.06
2024-01-02 00:00:00,2024-01-03 00:00:00,24,10.3,76.9,24.15,68.58,0.0,19.17,1010.68
2024-01-02 00:00:00,2024-01-03 00:00:00,24,10.3,77.1,25.97,68.13,0.0,11.62,1011.6
2024-01-02 00:00:00,2024-01-03 00:00:00,24,10.6,76.7,23.55,77.97,0.0,19.66,1013.45
2024-01-02 00:00:00,2024-01-03 00:00:00,24,10.6,76.9,23.55,66.95,0.0,14.18,1011.71
2024-01-02 00:00:00,2024-01-03 00:00:00,24,10.6,77.1,25.32,76.14,0.0,15.28,1011.08
2024-01-02 00:00:00,2024-01-03 00:00:00,24,10.9,76.7,23.53,64.4,0.0,11.15,1010.17
2024-01-02 00:00:00,2024-01-03 00:00:00,24,10.9,76.9,24.96,66.55,0.0,8.65,1009.0
2024-01-02 00:00:00,2024-01-03 00:00:00,24,10.9,77.1,23.84,63.13,0.0,13.07,1009.03
2024-01-02 00:00:00,2024-01-03 00:00:00,24,11.2,76.7,24.92,73.43,0.0,11.87,1011.53
2024-01-02 00:00:00,2024-01-03 00:00:00,24,11.2,76.9,27.01,54.55,0.0,13.93,1008.84
2024-01-02 00:00:00,2024-01-03 00:00:00,24,11.2,77.1,23.61,72.69,6.24,12.4,1008.24
2024-01-02 00:00:00,2024-01-04 00:00:00,48,10.3,76.7,25.74,60.02,0.0,8.37,1007.35
2024-01-02 00:00:00,2024-01-04 00:00:00,48,10.3,76.9,25.02,64.59,0.0,13.53,1012.42
2024-01-02 00:00:00,2024-01-04 00:00:00,48,10.3,77.1,23.0,70.69,0.0,7.26,1013.76
2024-01-02 00:00:00,2024-01-04 00:00:00,48,10.6,76.7,25.47,60.07,0.91,10.23,1011.45
2024-01-02 00:00:00,2024-01-04 00:00:00,48,10.6,76.9,23.2,56.32,0.0,11.83,1015.91
2024-01-02 00:00:00,2024-01-04 00:00:00,48,10.6,77.1,25.51,63.07,0.0,21.1,1011.45
2024-01-02 00:00:00,2024-01-04 00:00:00,48,10.9,76.7,25.02,64.12,0.0,17.99,1009.27
2024-01-02 00:00:00,2024-01-04 00:00:00,48,10.9,76.9,25.09,62.54,0.0,11.0,1010.31
2024-01-02 00:00:00,2024-01-04 00:00:00,48,10.9,77.1,25.3,66.7,0.0,14.23,1010.97
2024-01-02 00:00:00,2024-01-04 00:00:00,48,11.2,76.7,27.31,59.74,0.0,15.0,1010.68
2024-01-02 00:00:00,2024-01-04 00:00:00,48,11.2,76.9,25.61,72.67,0.0,14.44,1010.68
2024-01-02 00:00:00,2024-01-04 00:00:00,48,11.2,77.1,26.78,56.25,0.0,22.17,1007.93
2024-01-02 00:00:00,2024-01-05 00:00:00,72,10.3,76.7,21.03,53.78,0.0,16.09,1010.77
2024-01-02 00:00:00,2024-01-05 00:00:00,72,10.3,76.9,23.46,65.21,0.0,16.88,1013.72
2024-01-02 00:00:00,2024-01-05 00:00:00,72,10.3,77.1,27.06,58.86,3.69,11.0,1010.93
2024-01-02 00:00:00,2024-01-05 00:00:00,72,10.6,76.7,24.29,61.75,0.0,17.14,1009.81
2024-01-02 00:00:00,2024-01-05 00:00:00,72,10.6,76.9,26.42,58.46,0.0,8.33,1011.67
2024-01-02 00:00:00,2024-01-05 00:00:00,72,10.6,77.1,21.47,81.35,0.0,7.49,1010.97
2024-01-02 00:00:00,2024-01-05 00:00:00,72,10.9,76.7,22.09,69.09,0.0,21.44,1009.4
2024-01-02 00:00:00,2024-01-05 00:00:00,72,10.9,76.9,24.77,68.42,0.0,11.3,1008.45
2024-01-02 00:00:00,2024-01-05 00:00:00,72,10.9,77.1,24.41,65.9,0.0,11.74,1011.61
2024-01-02 00:00:00,2024-01-05 00:00:00,72,11.2,76.7,26.03,69.45,0.0,13.8,1010.29
2024-01-02 00:00:00,2024-01-05 00:00:00,72,11.2,76.9,29.95,65.18,0.0,20.16,1009.96
2024-01-02 00:00:00,2024-01-05 00:00:00,72,11.2,77.1,25.95,56.17,0.0,19.64,1008.39
2024-01-03 00:00:00,2024-01-04 00:00:00,24,10.3,76.7,24.64,55.86,0.0,12.49,1010.97
2024-01-03 00:00:00,2024-01-04 00:00:00,24,10.3,76.9,22.29,67.39,0.0,14.9,1012.3
2024-01-03 00:00:00,2024-01-04 00:00:00,24,10.3,77.1,23.94,69.66,0.0,7.95,1012.51
2024-01-03 00:00:00,2024-01-04 00:00:00,24,10.6,76.7,24.48,64.26,0.0,17.46,1010.03
2024-01-03 00:00:00,2024-01-04 00:00:00,24,10.6,76.9,26.64,66.26,0.0,16.19,1012.71
2024-01-03 00:00:00,2024-01-04 00:00:00,24,10.6,77.1,25.0,83.91,0.0,12.07,1009.27
2024-01-03 00:00:00,2024-01-04 00:00:00,24,10.9,76.7,26.53,43.68,0.0,13.68,1007.83
2024-01-03 00:00:00,2024-01-04 00:00:00,24,10.9,76.9,25.0,68.29,0.0,12.51,1010.45
2024-01-03 00:00:00,2024-01-04 00:00:00,24,10.9,77.1,21.56,64.58,0.0,12.11,1011.36
2024-01-03 00:00:00,2024-01-04 00:00:00,24,11.2,76.7,26.31,67.29,0.0,11.79,1011.12
2024-01-03 00:00:00,2024-01-04 00:00:00,24,11.2,76.9,25.55,72.86,0.0,16.97,1008.72
2024-01-03 00:00:00,2024-01-04 00:00:00,24,11.2,77.1,24.49,72.31,0.0,16.72,1009.19
2024-01-03 00:00:00,2024-01-05 00:00:00,48,10.3,76.7,23.44,60.09,0.0,9.76,1011.25
2024-01-03 00:00:00,2024-01-05 00:00:00,48,10.3,76.9,22.11,73.82,0.0,15.47,1012.85
2024-01-03 00:00:00,2024-01-05 00:00:00,48,10.3,77.1,24.39,69.46,0.0,7.42,1009.88
2024-01-03 00:00:00,2024-01-05 00:00:00,48,10.6,76.7,21.39,60.39,0.0,15.89,1011.28
2024-01-03 00:00:00,2024-01-05 00:00:00,48,10.6,76.9,23.96,74.12,0.0,14.06,1014.25
2024-01-03 00:00:00,2024-01-05 00:00:00,48,10.6,77.1,29.09,49.82,0.0,17.04,1012.13
2024-01-03 00:00:00,2024-01-05 00:00:00,48,10.9,76.7,23.98,78.61,0.0,14.12,1010.35
2024-01-03 00:00:00,2024-01-05 00:00:00,48,10.9,76.9,24.74,69.3,0.0,14.56,1011.71
2024-01-03 00:00:00,2024-01-05 00:00:00,48,10.9,77.1,21.96,61.62,0.0,14.74,1009.22
2024-01-03 00:00:00,2024-01-05 00:00:00,48,11.2,76.7,24.33,58.61,0.0,5.69,1009.08
2024-01-03 00:00:00,2024-01-05 00:00:00,48,11.2,76.9,26.53,69.07,0.0,7.06,1007.99
2024-01-03 00:00:00,2024-01-05 00:00:00,48,11.2,77.1,26.17,77.87,0.0,14.97,1011.75
2024-01-03 00:00:00,2024-01-06 00:00:00,72,10.3,76.7,22.28,74.12,0.0,15.36,1009.85
2024-01-03 00:00:00,2024-01-06 00:00:00,72,10.3,76.9,24.07,57.7,0.0,10.78,1010.44
2024-01-03 00:00:00,2024-01-06 00:00:00,72,10.3,77.1,22.68,67.07,0.0,13.86,1012.32
2024-01-03 00:00:00,2024-01-06 00:00:00,72,10.6,76.7,27.0,63.63,0.0,20.52,1012.18
2024-01-03 00:00:00,2024-01-06 00:00:00,72,10.6,76.9,24.19,68.58,0.0,19.58,1009.67
2024-01-03 00:00:00,2024-01-06 00:00:00,72,10.6,77.1,27.03,65.78,0.0,18.4,1011.09
2024-01-03 00:00:00,2024-01-06 00:00:00,72,10.9,76.7,27.2,58.6,0.0,14.12,1009.65
2024-01-03 00:00:00,2024-01-06 00:00:00,72,10.9,76.9,21.7,50.93,0.0,12.41,1009.94
2024-01-03 00:00:00,2024-01-06 00:00:00,72,10.9,77.1,25.04,63.95,0.0,9.0,1011.38
2024-01-03 00:00:00,2024-01-06 00:00:00,72,11.2,76.7,26.7,57.23,0.0,17.83,1010.88
2024-01-03 00:00:00,2024-01-06 00:00:00,72,11.2,76.9,25.96,65.49,0.0,11.81,1009.32
2024-01-03 00:00:00,2024-01-06 00:00:00,72,11.2,77.1,23.53,63.23,0.0,14.63,1009.72
2024-01-04 00:00:00,2024-01-05 00:00:00,24,10.3,76.7,24.32,64.59,0.0,18.78,1008.89
2024-01-04 00:00:00,2024-01-05 00:00:00,24,10.3,76.9,23.55,74.53,0.0,12.01,1011.36
2024-01-04 00:00:00,2024-01-05 00:00:00,24,10.3,77.1,28.38,45.4,6.41,10.45,1009.81
2024-01-04 00:00:00,2024-01-05 00:00:00,24,10.6,76.7,24.85,71.36,7.56,14.13,1011.9
2024-01-04 00:00:00,2024-01-05 00:00:00,24,10.6,76.9,24.13,60.08,0.0,18.39,1013.82
2024-01-04 00:00:00,2024-01-05 00:00:00,24,10.6,77.1,24.78,66.18,0.0,14.13,1009.31
2024-01-04 00:00:00,2024-01-05 00:00:00,24,10.9,76.7,27.46,64.65,0.0,17.74,1012.53
2024-01-04 00:00:00,2024-01-05 00:00:00,24,10.9,76.9,23.15,50.12,3.84,17.58,1009.12
2024-01-04 00:00:00,2024-01-05 00:00:00,24,10.9,77.1,22.92,57.31,0.0,14.78,1011.61
2024-01-04 00:00:00,2024-01-05 00:00:00,24,11.2,76.7,26.38,54.67,0.0,8.53,1009.27
2024-01-04 00:00:00,2024-01-05 00:00:00,24,11.2,76.9,25.92,62.37,0.0,6.4,1011.29
2024-01-04 00:00:00,2024-01-05 00:00:00,24,11.2,77.1,23.52,47.8,0.0,19.21,1010.21
2024-01-04 00:00:00,2024-01-06 00:00:00,48,10.3,76.7,26.14,61.39,0.0,14.2,1012.07
2024-01-04 00:00:00,2024-01-06 00:00:00,48,10.3,76.9,25.27,55.3,0.0,14.88,1010.78
2024-01-04 00:00:00,2024-01-06 00:00:00,48,10.3,77.1,27.4,64.18,0.0,17.26,1011.04
2024-01-04 00:00:00,2024-01-06 00:00:00,48,10.6,76.7,28.42,74.18,0.0,13.84,1010.49
2024-01-04 00:00:00,2024-01-06 00:00:00,48,10.6,76.9,25.86,74.74,0.0,16.26,1011.21
2024-01-04 00:00:00,2024-01-06 00:00:00,48,10.6,77.1,26.31,67.44,0.0,16.01,1010.6
2024-01-04 00:00:00,2024-01-06 00:00:00,48,10.9,76.7,25.75,56.68,0.0,17.15,1010.05
2024-01-04 00:00:00,2024-01-06 00:00:00,48,10.9,76.9,25.46,65.64,0.0,21.56,1010.42
2024-01-04 00:00:00,2024-01-06 00:00:00,48,10.9,77.1,26.55,38.55,0.0,13.86,1008.17
2024-01-04 00:00:00,2024-01-06 00:00:00,48,11.2,76.7,24.21,70.46,0.0,12.87,1008.62
2024-01-04 00:00:00,2024-01-06 00:00:00,48,11.2,76.9,23.3,67.91,0.0,16.1,1008.93
2024-01-04 00:00:00,2024-01-06 00:00:00,48,11.2,77.1,24.62,72.99,0.0,12.72,1009.7
2024-01-04 00:00:00,2024-01-07 00:00:00,72,10.3,76.7,23.01,60.87,0.0,14.36,1010.52
2024-01-04 00:00:00,2024-01-07 00:00:00,72,10.3,76.9,26.41,59.5,0.0,20.07,1010.26
2024-01-04 00:00:00,2024-01-07 00:00:00,72,10.3,77.1,27.79,61.91,0.0,12.99,1010.44
2024-01-04 00:00:00,2024-01-07 00:00:00,72,10.6,76.7,26.35,57.61,0.0,18.5,1013.27
2024-01-04 00:00:00,2024-01-07 00:00:00,72,10.6,76.9,25.02,67.33,0.0,13.82,1012.56
2024-01-04 00:00:00,2024-01-07 00:00:00,72,10.6,77.1,25.55,62.02,0.0,20.77,1011.31
2024-01-04 00:00:00,2024-01-07 00:00:00,72,10.9,76.7,25.03,84.85,0.0,19.05,1008.31
2024-01-04 00:00:00,2024-01-07 00:00:00,72,10.9,76.9,25.03,60.68,0.0,17.02,1009.08
2024-01-04 00:00:00,2024-01-07 00:00:00,72,10.9,77.1,24.91,68.87,0.0,15.06,1010.69
2024-01-04 00:00:00,2024-01-07 00:00:00,72,11.2,76.7,23.83,70.45,0.0,16.69,1010.15
2024-01-04 00:00:00,2024-01-07 00:00:00,72,11.2,76.9,23.86,61.88,0.0,17.55,1010.27
2024-01-04 00:00:00,2024-01-07 00:00:00,72,11.2,77.1,26.78,58.59,0.0,17.99,1008.72
2024-01-05 00:00:00,2024-01-06 00:00:00,24,10.3,76.7,24.12,62.16,0.0,9.51,1010.59
2024-01-05 00:00:00,2024-01-06 00:00:00,24,10.3,76.9,21.69,77.42,0.0,13.26,1012.03
2024-01-05 00:00:00,2024-01-06 00:00:00,24,10.3,77.1,22.9,59.33,0.0,18.34,1012.47
2024-01-05 00:00:00,2024-01-06 00:00:00,24,10.6,76.7,25.2,62.43,0.0,17.37,1009.72
2024-01-05 00:00:00,2024-01-06 00:00:00,24,10.6,76.9,24.8,68.38,0.0,15.77,1011.1
2024-01-05 00:00:00,2024-01-06 00:00:00,24,10.6,77.1,22.55,67.78,0.0,6.45,1010.93
2024-01-05 00:00:00,2024-01-06 00:00:00,24,10.9,76.7,22.69,58.44,0.0,7.59,1011.14
2024-01-05 00:00:00,2024-01-06 00:00:00,24,10.9,76.9,24.67,77.55,0.0,11.43,1010.58
2024-01-05 00:00:00,2024-01-06 00:00:00,24,10.9,77.1,22.78,70.53,0.0,13.95,1009.06
2024-01-05 00:00:00,2024-01-06 00:00:00,24,11.2,76.7,23.91,78.85,0.0,7.59,1007.53
2024-01-05 00:00:00,2024-01-06 00:00:00,24,11.2,76.9,26.83,69.92,0.0,11.45,1010.05
2024-01-05 00:00:00,2024-01-06 00:00:00,24,11.2,77.1,24.75,62.16,0.0,13.25,1008.73
2024-01-05 00:00:00,2024-01-07 00:00:00,48,10.3,76.7,27.09,64.49,0.0,13.97,1010.7
2024-01-05 00:00:00,2024-01-07 00:00:00,48,10.3,76.9,26.64,62.8,0.0,14.97,1008.81
2024-01-05 00:00:00,2024-01-07 00:00:00,48,10.3,77.1,23.63,79.25,0.0,7.85,1011.73
2024-01-05 00:00:00,2024-01-07 00:00:00,48,10.6,76.7,25.12,72.52,0.0,13.27,1008.35
2024-01-05 00:00:00,2024-01-07 00:00:00,48,10.6,76.9,27.37,62.1,1.38,11.56,1008.74
2024-01-05 00:00:00,2024-01-07 00:00:00,48,10.6,77.1,27.02,74.85,0.0,19.59,1010.51
2024-01-05 00:00:00,2024-01-07 00:00:00,48,10.9,76.7,27.6,57.22,0.0,13.22,1010.56
2024-01-05 00:00:00,2024-01-07 00:00:00,48,10.9,76.9,20.51,62.63,0.0,20.02,1011.66
2024-01-05 00:00:00,2024-01-07 00:00:00,48,10.9,77.1,23.75,63.87,0.0,16.01,1008.31
2024-01-05 00:00:00,2024-01-07 00:00:00,48,11.2,76.7,24.8,64.05,0.0,10.38,1010.44
2024-01-05 00:00:00,2024-01-07 00:00:00,48,11.2,76.9,26.9,62.18,0.0,7.52,1008.27
2024-01-05 00:00:00,2024-01-07 00:00:00,48,11.2,77.1,26.29,71.4,3.73,8.01,1009.03
2024-01-05 00:00:00,2024-01-08 00:00:00,72,10.3,76.7,29.39,64.42,0.0,18.45,1009.18
2024-01-05 00:00:00,2024-01-08 00:00:00,72,10.3,76.9,22.45,69.94,0.0,13.39,1008.7
2024-01-05 00:00:00,2024-01-08 00:00:00,72,10.3,77.1,24.49,60.32,0.0,17.49,1012.69
2024-01-05 00:00:00,2024-01-08 00:00:00,72,10.6,76.7,27.06,77.61,0.0,13.9,1010.86
2024-01-05 00:00:00,2024-01-08 00:00:00,72,10.6,76.9,24.21,67.34,0.0,18.22,1008.85
2024-01-05 00:00:00,2024-01-08 00:00:00,72,10.6,77.1,27.05,69.87,0.0,19.98,1007.69
2024-01-05 00:00:00,2024-01-08 00:00:00,72,10.9,76.7,28.51,65.52,0.0,14.52,1011.82
2024-01-05 00:00:00,2024-01-08 00:00:00,72,10.9,76.9,23.99,72.86,0.0,9.61,1013.36
2024-01-05 00:00:00,2024-01-08 00:00:00,72,10.9,77.1,20.07,63.4,0.0,15.5,1009.62
2024-01-05 00:00:00,2024-01-08 00:00:00,72,11.2,76.7,23.56,68.45,0.0,20.42,1008.92
2024-01-05 00:00:00,2024-01-08 00:00:00,72,11.2,76.9,22.57,56.62,1.36,16.46,1010.4
2024-01-05 00:00:00,2024-01-08 00:00:00,72,11.2,77.1,21.64,59.47,0.0,10.6,1008.08
2024-01-06 00:00:00,2024-01-07 00:00:00,24,10.3,76.7,23.32,67.44,0.0,11.49,1012.27
2024-01-06 00:00:00,2024-01-07 00:00:00,24,10.3,76.9,27.31,70.29,0.0,17.48,1011.58
2024-01-06 00:00:00,2024-01-07 00:00:00,24,10.3,77.1,25.61,63.54,0.0,15.34,1011.14
2024-01-06 00:00:00,2024-01-07 00:00:00,24,10.6,76.7,22.18,62.1,0.0,15.98,1008.92
2024-01-06 00:00:00,2024-01-07 00:00:00,24,10.6,76.9,22.86,64.31,0.0,13.65,1008.22
2024-01-06 00:00:00,2024-01-07 00:00:00,24,10.6,77.1,26.29,69.92,0.0,10.28,1009.41
2024-01-06 00:00:00,2024-01-07 00:00:00,24,10.9,76.7,22.08,55.15,0.0,14.28,1009.43
2024-01-06 00:00:00,2024-01-07 00:00:00,24,10.9,76.9,24.43,68.16,0.0,16.39,1010.89
2024-01-06 00:00:00,2024-01-07 00:00:00,24,10.9,77.1,26.27,59.76,0.0,13.86,1010.15
2024-01-06 00:00:00,2024-01-07 00:00:00,24,11.2,76.7,25.04,65.38,0.0,18.8,1010.54
2024-01-06 00:00:00,2024-01-07 00:00:00,24,11.2,76.9,25.01,59.09,0.0,8.94,1008.61
2024-01-06 00:00:00,2024-01-07 00:00:00,24,11.2,77.1,24.98,54.98,0.0,9.92,1008.7
2024-01-06 00:00:00,2024-01-08 00:00:00,48,10.3,76.7,21.9,47.93,0.0,20.08,1013.58
2024-01-06 00:00:00,2024-01-08 00:00:00,48,10.3,76.9,22.37,86.54,0.0,12.22,1009.67
2024-01-06 00:00:00,2024-01-08 00:00:00,48,10.3,77.1,26.23,56.86,0.0,13.11,1010.13
2024-01-06 00:00:00,2024-01-08 00:00:00,48,10.6,76.7,24.26,49.83,0.0,11.97,1008.22
2024-01-06 00:00:00,2024-01-08 00:00:00,48,10.6,76.9,24.0,74.21,0.0,21.55,1010.55
2024-01-06 00:00:00,2024-01-08 00:00:00,48,10.6,77.1,22.24,61.48,0.0,14.24,1008.77
2024-01-06 00:00:00,2024-01-08 00:00:00,48,10.9,76.7,21.52,67.24,0.0,6.69,1009.8
2024-01-06 00:00:00,2024-01-08 00:00:00,48,10.9,76.9,22.4,61.31,4.06,14.94,1012.49
2024-01-06 00:00:00,2024-01-08 00:00:00,48,10.9,77.1,29.9,80.99,0.0,16.68,1010.63
2024-01-06 00:00:00,2024-01-08 00:00:00,48,11.2,76.7,27.28,67.49,0.0,15.61,1009.67
2024-01-06 00:00:00,2024-01-08 00:00:00,48,11.2,76.9,23.68,55.53,0.0,15.87,1011.24
2024-01-06 00:00:00,2024-01-08 00:00:00,48,11.2,77.1,26.33,66.77,0.0,13.38,1008.98
2024-01-06 00:00:00,2024-01-09 00:00:00,72,10.3,76.7,23.11,74.22,0.0,11.2,1011.44
2024-01-06 00:00:00,2024-01-09 00:00:00,72,10.3,76.9,25.02,67.69,2.34,14.68,1011.25
2024-01-06 00:00:00,2024-01-09 00:00:00,72,10.3,77.1,26.96,63.52,0.0,24.67,1011.43
2024-01-06 00:00:00,2024-01-09 00:00:00,72,10.6,76.7,24.67,74.55,0.0,14.14,1009.54
2024-01-06 00:00:00,2024-01-09 00:00:00,72,10.6,76.9,28.17,75.68,0.0,16.24,1009.28
2024-01-06 00:00:00,2024-01-09 00:00:00,72,10.6,77.1,22.95,56.04,0.0,14.48,1010.49
2024-01-06 00:00:00,2024-01-09 00:00:00,72,10.9,76.7,30.9,79.04,0.0,13.34,1010.84
2024-01-06 00:00:00,2024-01-09 00:00:00,72,10.9,76.9,25.9,70.16,0.0,12.98,1009.41
2024-01-06 00:00:00,2024-01-09 00:00:00,72,10.9,77.1,21.15,70.08,0.0,14.96,1011.08
2024-01-06 00:00:00,2024-01-09 00:00:00,72,11.2,76.7,21.8,57.63,0.0,14.5,1011.11
2024-01-06 00:00:00,2024-01-09 00:00:00,72,11.2,76.9,27.98,67.86,0.0,14.95,1011.0
2024-01-06 00:00:00,2024-01-09 00:00:00,72,11.2,77.1,26.15,69.24,0.0,16.56,1009.61
2024-01-07 00:00:00,2024-01-08 00:00:00,24,10.3,76.7,26.3,60.88,7.77,12.85,1013.7
2024-01-07 00:00:00,2024-01-08 00:00:00,24,10.3,76.9,25.91,62.64,0.0,12.56,1011.73
2024-01-07 00:00:00,2024-01-08 00:00:00,24,10.3,77.1,25.81,70.77,6.98,15.06,1010.92
2024-01-07 00:00:00,2024-01-08 00:00:00,24,10.6,76.7,22.63,64.15,0.0,13.23,1012.31
2024-01-07 00:00:00,2024-01-08 00:00:00,24,10.6,76.9,23.63,62.36,0.0,16.05,1013.07
2024-01-07 00:00:00,2024-01-08 00:00:00,24,10.6,77.1,22.45,61.27,0.0,10.61,1010.73
2024-01-07 00:00:00,2024-01-08 00:00:00,24,10.9,76.7,23.18,58.0,0.0,14.17,1011.62
2024-01-07 00:00:00,2024-01-08 00:00:00,24,10.9,76.9,24.98,59.02,0.0,15.99,1009.52
2024-01-07 00:00:00,2024-01-08 00:00:00,24,10.9,77.1,24.62,63.03,0.0,16.32,1010.83
2024-01-07 00:00:00,2024-01-08 00:00:00,24,11.2,76.7,23.03,77.94,1.32,13.79,1012.33
2024-01-07 00:00:00,2024-01-08 00:00:00,24,11.2,76.9,25.47,67.95,0.0,14.45,1008.55
2024-01-07 00:00:00,2024-01-08 00:00:00,24,11.2,77.1,24.55,63.78,0.0,10.41,1009.73
2024-01-07 00:00:00,2024-01-09 00:00:00,48,10.3,76.7,25.04,59.21,0.0,18.95,1010.68
2024-01-07 00:00:00,2024-01-09 00:00:00,48,10.3,76.9,20.95,72.7,0.0,7.97,1010.56
2024-01-07 00:00:00,2024-01-09 00:00:00,48,10.3,77.1,20.25,56.15,0.0,14.16,1012.98
2024-01-07 00:00:00,2024-01-09 00:00:00,48,10.6,76.7,22.52,65.12,0.0,10.97,1010.77
2024-01-07 00:00:00,2024-01-09 00:00:00,48,10.6,76.9,26.41,68.92,0.0,11.36,1010.64
2024-01-07 00:00:00,2024-01-09 00:00:00,48,10.6,77.1,25.66,60.47,0.0,14.79,1012.8
2024-01-07 00:00:00,2024-01-09 00:00:00,48,10.9,76.7,23.45,68.16,0.0,12.76,1010.84
2024-01-07 00:00:00,2024-01-09 00:00:00,48,10.9,76.9,22.01,55.66,0.0,10.59,1010.27
2024-01-07 00:00:00,2024-01-09 00:00:00,48,10.9,77.1,26.57,57.95,0.0,11.24,1010.47
2024-01-07 00:00:00,2024-01-09 00:00:00,48,11.2,76.7,22.52,56.5,0.0,12.55,1010.93
2024-01-07 00:00:00,2024-01-09 00:00:00,48,11.2,76.9,24.98,65.99,0.0,16.74,1011.53
2024-01-07 00:00:00,2024-01-09 00:00:00,48,11.2,77.1,22.47,58.83,0.0,17.45,1009.52
2024-01-07 00:00:00,2024-01-10 00:00:00,72,10.3,76.7,20.65,69.78,0.0,12.96,1010.96
2024-01-07 00:00:00,2024-01-10 00:00:00,72,10.3,76.9,26.75,66.15,0.0,17.43,1013.03
2024-01-07 00:00:00,2024-01-10 00:00:00,72,10.3,77.1,23.75,65.07,0.0,12.8,1012.34
2024-01-07 00:00:00,2024-01-10 00:00:00,72,10.6,76.7,27.14,58.31,0.0,16.94,1011.06
2024-01-07 00:00:00,2024-01-10 00:00:00,72,10.6,76.9,24.14,48.9,0.0,16.65,1012.26
2024-01-07 00:00:00,2024-01-10 00:00:00,72,10.6,77.1,24.98,57.12,0.0,13.28,1010.29
2024-01-07 00:00:00,2024-01-10 00:00:00,72,10.9,76.7,25.0,65.08,0.0,13.75,1009.12
2024-01-07 00:00:00,2024-01-10 00:00:00,72,10.9,76.9,25.02,66.66,0.0,15.28,1009.29
2024-01-07 00:00:00,2024-01-10 00:00:00,72,10.9,77.1,26.72,69.1,0.0,11.31,1011.36
2024-01-07 00:00:00,2024-01-10 00:00:00,72,11.2,76.7,23.5,65.39,0.0,12.01,1009.3
2024-01-07 00:00:00,2024-01-10 00:00:00,72,11.2,76.9,30.17,70.13,9.52,17.67,1012.41
2024-01-07 00:00:00,2024-01-10 00:00:00,72,11.2,77.1,24.85,59.63,0.0,12.17,1009.1
2024-01-08 00:00:00,2024-01-09 00:00:00,24,10.3,76.7,26.47,63.45,0.04,13.73,1010.31
2024-01-08 00:00:00,2024-01-09 00:00:00,24,10.3,76.9,26.47,46.25,3.92,17.27,1011.22
2024-01-08 00:00:00,2024-01-09 00:00:00,24,10.3,77.1,24.66,71.39,0.0,13.96,1009.77
2024-01-08 00:00:00,2024-01-09 00:00:00,24,10.6,76.7,24.72,72.77,1.59,10.89,1012.13
2024-01-08 00:00:00,2024-01-09 00:00:00,24,10.6,76.9,26.13,66.27,0.0,20.09,1011.29
2024-01-08 00:00:00,2024-01-09 00:00:00,24,10.6,77.1,25.89,63.83,0.0,18.27,1011.94
2024-01-08 00:00:00,2024-01-09 00:00:00,24,10.9,76.7,24.38,51.32,0.0,11.9,1008.99
2024-01-08 00:00:00,2024-01-09 00:00:00,24,10.9,76.9,24.16,54.43,0.0,18.25,1014.89
2024-01-08 00:00:00,2024-01-09 00:00:00,24,10.9,77.1,23.02,70.3,0.0,19.01,1010.29
2024-01-08 00:00:00,2024-01-09 00:00:00,24,11.2,76.7,20.95,53.37,0.0,20.37,1009.25
2024-01-08 00:00:00,2024-01-09 00:00:00,24,11.2,76.9,24.02,72.27,0.0,13.15,1011.91
2024-01-08 00:00:00,2024-01-09 00:00:00,24,11.2,77.1,22.99,62.73,0.0,14.74,1008.29
2024-01-08 00:00:00,2024-01-10 00:00:00,48,10.3,76.7,26.58,67.86,0.0,16.12,1013.02
2024-01-08 00:00:00,2024-01-10 00:00:00,48,10.3,76.9,24.96,58.56,0.0,8.04,1011.94
2024-01-08 00:00:00,2024-01-10 00:00:00,48,10.3,77.1,24.94,81.26,0.0,12.9,1009.44
2024-01-08 00:00:00,2024-01-10 00:00:00,48,10.6,76.7,25.38,62.31,0.0,28.08,1011.36
2024-01-08 00:00:00,2024-01-10 00:00:00,48,10.6,76.9,25.1,73.85,0.0,14.57,1011.14
2024-01-08 00:00:00,2024-01-10 00:00:00,48,10.6,77.1,23.99,76.85,0.0,16.93,1012.01
2024-01-08 00:00:00,2024-01-10 00:00:00,48,10.9,76.7,27.16,66.52,9.32,16.27,1008.92
2024-01-08 00:00:00,2024-01-10 00:00:00,48,10.9,76.9,20.3,56.79,0.0,13.73,1011.27
2024-01-08 00:00:00,2024-01-10 00:00:00,48,10.9,77.1,22.32,71.43,0.0,11.75,1009.28
2024-01-08 00:00:00,2024-01-10 00:00:00,48,11.2,76.7,27.24,55.46,0.0,9.52,1010.48
2024-01-08 00:00:00,2024-01-10 00:00:00,48,11.2,76.9,23.49,46.66,0.0,17.08,1009.15
2024-01-08 00:00:00,2024-01-10 00:00:00,48,11.2,77.1,24.57,59.16,0.0,12.73,1012.04
2024-01-08 00:00:00,2024-01-11 00:00:00,72,10.3,76.7,20.25,54.77,0.0,13.76,1011.86
2024-01-08 00:00:00,2024-01-11 00:00:00,72,10.3,76.9,24.03,62.11,0.0,17.54,1012.9
2024-01-08 00:00:00,2024-01-11 00:00:00,72,10.3,77.1,24.69,70.0,0.0,17.03,1015.34
2024-01-08 00:00:00,2024-01-11 00:00:00,72,10.6,76.7,22.9,64.27,0.0,13.95,1012.6
2024-01-08 00:00:00,2024-01-11 00:00:00,72,10.6,76.9,26.9,73.7,0.0,11.74,1010.18
2024-01-08 00:00:00,2024-01-11 00:00:00,72,10.6,77.1,24.72,49.68,0.0,14.02,1013.07
2024-01-08 00:00:00,2024-01-11 00:00:00,72,10.9,76.7,22.34,56.94,1.02,12.15,1009.39
2024-01-08 00:00:00,2024-01-11 00:00:00,72,10.9,76.9,25.59,53.88,0.0,13.95,1015.45
2024-01-08 00:00:00,2024-01-11 00:00:00,72,10.9,77.1,26.15,64.62,0.0,12.25,1006.98
2024-01-08 00:00:00,2024-01-11 00:00:00,72,11.2,76.7,26.19,78.94,0.0,3.94,1008.0
2024-01-08 00:00:00,2024-01-11 00:00:00,72,11.2,76.9,24.88,71.27,0.0,14.82,1010.42
2024-01-08 00:00:00,2024-01-11 00:00:00,72,11.2,77.1,24.32,65.1,0.0,10.58,1013.02
2024-01-09 00:00:00,2024-01-10 00:00:00,24,10.3,76.7,26.34,56.74,0.0,16.06,1011.06
2024-01-09 00:00:00,2024-01-10 00:00:00,24,10.3,76.9,24.46,65.65,0.0,13.4,1012.32
2024-01-09 00:00:00,2024-01-10 00:00:00,24,10.3,77.1,22.89,67.63,0.0,11.48,1010.32
2024-01-09 00:00:00,2024-01-10 00:00:00,24,10.6,76.7,22.55,69.72,0.0,11.64,1011.48
2024-01-09 00:00:00,2024-01-10 00:00:00,24,10.6,76.9,22.78,54.52,0.0,16.38,1012.6
2024-01-09 00:00:00,2024-01-10 00:00:00,24,10.6,77.1,23.94,60.0,0.0,9.5,1009.38
2024-01-09 00:00:00,2024-01-10 00:00:00,24,10.9,76.7,24.89,64.62,0.0,14.33,1009.05
2024-01-09 00:00:00,2024-01-10 00:00:00,24,10.9,76.9,21.02,70.24,0.0,21.94,1011.82
2024-01-09 00:00:00,2024-01-10 00:00:00,24,10.9,77.1,25.78,60.28,0.0,12.18,1008.68
2024-01-09 00:00:00,2024-01-10 00:00:00,24,11.2,76.7,24.3,65.83,0.0,18.9,1010.96
2024-01-09 00:00:00,2024-01-10 00:00:00,24,11.2,76.9,25.53,62.81,0.0,10.76,1008.66
2024-01-09 00:00:00,2024-01-10 00:00:00,24,11.2,77.1,26.78,60.38,0.0,9.74,1009.68
2024-01-09 00:00:00,2024-01-11 00:00:00,48,10.3,76.7,25.88,66.1,0.0,17.18,1008.88
2024-01-09 00:00:00,2024-01-11 00:00:00,48,10.3,76.9,23.5,69.81,0.0,12.45,1009.46
2024-01-09 00:00:00,2024-01-11 00:00:00,48,10.3,77.1,25.97,54.74,0.0,9.51,1010.08
2024-01-09 00:00:00,2024-01-11 00:00:00,48,10.6,76.7,22.08,56.75,0.0,15.93,1009.92
2024-01-09 00:00:00,2024-01-11 00:00:00,48,10.6,76.9,19.6,62.72,0.0,7.0,1012.81
2024-01-09 00:00:00,2024-01-11 00:00:00,48,10.6,77.1,21.34,73.24,0.0,8.66,1011.6
2024-01-09 00:00:00,2024-01-11 00:00:00,48,10.9,76.7,24.28,61.25,0.0,13.3,1009.99
2024-01-09 00:00:00,2024-01-11 00:00:00,48,10.9,76.9,25.71,60.8,0.0,10.17,1008.63
2024-01-09 00:00:00,2024-01-11 00:00:00,48,10.9,77.1,23.83,62.29,0.0,14.86,1010.94
2024-01-09 00:00:00,2024-01-11 00:00:00,48,11.2,76.7,26.09,71.31,0.0,20.02,1011.64
2024-01-09 00:00:00,2024-01-11 00:00:00,48,11.2,76.9,27.47,45.6,0.0,9.97,1011.88
2024-01-09 00:00:00,2024-01-11 00:00:00,48,11.2,77.1,23.92,71.31,0.0,6.58,1009.57
2024-01-09 00:00:00,2024-01-12 00:00:00,72,10.3,76.7,25.94,64.18,0.0,12.26,1010.32
2024-01-09 00:00:00,2024-01-12 00:00:00,72,10.3,76.9,26.5,70.27,0.0,7.44,1012.32
2024-01-09 00:00:00,2024-01-12 00:00:00,72,10.3,77.1,26.45,57.5,0.0,16.13,1012.52
2024-01-09 00:00:00,2024-01-12 00:00:00,72,10.6,76.7,24.49,72.41,0.0,11.63,1009.99
2024-01-09 00:00:00,2024-01-12 00:00:00,72,10.6,76.9,24.72,55.29,0.0,10.08,1011.49
2024-01-09 00:00:00,2024-01-12 00:00:00,72,10.6,77.1,25.02,73.19,0.0,14.43,1010.63
2024-01-09 00:00:00,2024-01-12 00:00:00,72,10.9,76.7,22.14,71.55,0.0,12.52,1011.6
2024-01-09 00:00:00,2024-01-12 00:00:00,72,10.9,76.9,26.24,71.13,0.0,12.81,1011.19
2024-01-09 00:00:00,2024-01-12 00:00:00,72,10.9,77.1,22.48,60.61,0.0,13.83,1011.63
2024-01-09 00:00:00,2024-01-12 00:00:00,72,11.2,76.7,24.83,67.27,0.0,18.74,1008.01
2024-01-09 00:00:00,2024-01-12 00:00:00,72,11.2,76.9,22.39,62.75,0.0,11.08,1008.03
2024-01-09 00:00:00,2024-01-12 00:00:00,72,11.2,77.1,26.93,48.41,0.0,13.3,1009.61
2024-01-10 00:00:00,2024-01-11 00:00:00,24,10.3,76.7,24.93,76.33,0.0,11.83,1008.02
2024-01-10 00:00:00,2024-01-11 00:00:00,24,10.3,76.9,24.55,73.57,0.0,16.44,1009.56
2024-01-10 00:00:00,2024-01-11 00:00:00,24,10.3,77.1,26.42,59.27,0.0,15.38,1008.17
2024-01-10 00:00:00,2024-01-11 00:00:00,24,10.6,76.7,22.4,76.23,0.0,17.03,1010.58
2024-01-10 00:00:00,2024-01-11 00:00:00,24,10.6,76.9,25.03,67.68,0.0,13.09,1011.51
2024-01-10 00:00:00,2024-01-11 00:00:00,24,10.6,77.1,26.06,72.03,0.0,11.22,1009.62
2024-01-10 00:00:00,2024-01-11 00:00:00,24,10.9,76.7,23.36,69.79,0.0,13.42,1009.44
2024-01-10 00:00:00,2024-01-11 00:00:00,24,10.9,76.9,25.48,62.78,0.0,16.95,1012.63
2024-01-10 00:00:00,2024-01-11 00:00:00,24,10.9,77.1,25.55,69.26,0.0,18.43,1009.53
2024-01-10 00:00:00,2024-01-11 00:00:00,24,11.2,76.7,25.63,66.47,0.0,19.24,1008.28
2024-01-10 00:00:00,2024-01-11 00:00:00,24,11.2,76.9,25.82,73.73,0.0,19.65,1008.7
2024-01-10 00:00:00,2024-01-11 00:00:00,24,11.2,77.1,24.5,64.32,0.0,12.56,1010.76
2024-01-10 00:00:00,2024-01-12 00:00:00,48,10.3,76.7,23.48,80.05,0.0,7.7,1011.85
2024-01-10 00:00:00,2024-01-12 00:00:00,48,10.3,76.9,23.28,58.03,0.0,17.85,1012.21
2024-01-10 00:00:00,2024-01-12 00:00:00,48,10.3,77.1,26.95,58.64,1.09,17.92,1011.94
2024-01-10 00:00:00,2024-01-12 00:00:00,48,10.6,76.7,30.74,49.63,0.0,17.41,1008.8
2024-01-10 00:00:00,2024-01-12 00:00:00,48,10.6,76.9,23.96,66.48,0.76,16.45,1011.29
2024-01-10 00:00:00,2024-01-12 00:00:00,48,10.6,77.1,28.09,55.28,0.0,20.35,1010.61
2024-01-10 00:00:00,2024-01-12 00:00:00,48,10.9,76.7,21.38,54.84,0.0,10.51,1005.4
2024-01-10 00:00:00,2024-01-12 00:00:00,48,10.9,76.9,23.09,62.88,0.0,10.04,1012.22
2024-01-10 00:00:00,2024-01-12 00:00:00,48,10.9,77.1,23.1,64.77,0.0,15.24,1010.91
2024-01-10 00:00:00,2024-01-12 00:00:00,48,11.2,76.7,23.2,53.91,0.0,19.52,1011.69
2024-01-10 00:00:00,2024-01-12 00:00:00,48,11.2,76.9,22.28,65.26,0.0,14.64,1008.79
2024-01-10 00:00:00,2024-01-12 00:00:00,48,11.2,77.1,26.36,68.14,1.25,11.48,1008.88
2024-01-10 00:00:00,2024-01-13 00:00:00,72,10.3,76.7,27.17,51.29,0.0,16.48,1011.17
2024-01-10 00:00:00,2024-01-13 00:00:00,72,10.3,76.9,25.16,65.47,0.0,15.13,1012.78
2024-01-10 00:00:00,2024-01-13 00:00:00,72,10.3,77.1,23.45,59.4,0.0,12.58,1010.79
2024-01-10 00:00:00,2024-01-13 00:00:00,72,10.6,76.7,24.25,72.94,0.0,10.47,1009.52
2024-01-10 00:00:00,2024-01-13 00:00:00,72,10.6,76.9,29.98,61.08,0.0,14.65,1011.22
2024-01-10 00:00:00,2024-01-13 00:00:00,72,10.6,77.1,21.86,59.78,0.0,11.5,1010.75
2024-01-10 00:00:00,2024-01-13 00:00:00,72,10.9,76.7,22.73,73.3,0.0,14.14,1009.09
2024-01-10 00:00:00,2024-01-13 00:00:00,72,10.9,76.9,20.59,67.79,0.0,9.77,1007.45
2024-01-10 00:00:00,2024-01-13 00:00:00,72,10.9,77.1,25.05,70.44,0.0,11.11,1010.83
2024-01-10 00:00:00,2024-01-13 00:00:00,72,11.2,76.7,22.35,73.36,13.78,3.88,1009.19
2024-01-10 00:00:00,2024-01-13 00:00:00,72,11.2,76.9,24.72,59.07,0.0,12.6,1010.8
2024-01-10 00:00:00,2024-01-13 00:00:00,72,11.2,77.1,24.23,67.58,0.0,13.11,1009.58
2024-01-11 00:00:00,2024-01-12 00:00:00,24,10.3,76.7,23.44,48.18,0.0,15.78,1013.95
2024-01-11 00:00:00,2024-01-12 00:00:00,24,10.3,76.9,22.96,59.95,0.0,12.84,1011.48
2024-01-11 00:00:00,2024-01-12 00:00:00,24,10.3,77.1,25.95,69.06,0.0,14.47,1009.71
2024-01-11 00:00:00,2024-01-12 00:00:00,24,10.6,76.7,22.29,81.14,0.0,11.87,1012.67
2024-01-11 00:00:00,2024-01-12 00:00:00,24,10.6,76.9,21.04,70.4,1.54,18.78,1009.62
2024-01-11 00:00:00,2024-01-12 00:00:00,24,10.6,77.1,27.76,61.31,0.0,12.67,1008.34
2024-01-11 00:00:00,2024-01-12 00:00:00,24,10.9,76.7,23.87,65.46,0.0,13.14,1010.62
2024-01-11 00:00:00,2024-01-12 00:00:00,24,10.9,76.9,23.79,54.19,0.0,4.49,1011.2
2024-01-11 00:00:00,2024-01-12 00:00:00,24,10.9,77.1,24.45,72.23,0.0,17.06,1009.68
2024-01-11 00:00:00,2024-01-12 00:00:00,24,11.2,76.7,25.5,62.44,0.0,10.56,1009.92
2024-01-11 00:00:00,2024-01-12 00:00:00,24,11.2,76.9,21.38,70.57,0.0,17.24,1011.34
2024-01-11 00:00:00,2024-01-12 00:00:00,24,11.2,77.1,23.65,59.25,1.93,10.88,1010.59
2024-01-11 00:00:00,2024-01-13 00:00:00,48,10.3,76.7,22.67,58.35,2.16,16.54,1011.49
2024-01-11 00:00:00,2024-01-13 00:00:00,48,10.3,76.9,21.9,64.0,0.0,10.57,1012.21
2024-01-11 00:00:00,2024-01-13 00:00:00,48,10.3,77.1,26.07,57.87,0.0,20.23,1009.95
2024-01-11 00:00:00,2024-01-13 00:00:00,48,10.6,76.7,24.35,59.15,3.36,16.73,1009.61
2024-01-11 00:00:00,2024-01-13 00:00:00,48,10.6,76.9,23.65,52.6,0.0,10.68,1012.28
2024-01-11 00:00:00,2024-01-13 00:00:00,48,10.6,77.1,24.94,52.16,0.0,15.1,1010.28
2024-01-11 00:00:00,2024-01-13 00:00:00,48,10.9,76.7,23.47,58.24,0.0,12.48,1013.16
2024-01-11 00:00:00,2024-01-13 00:00:00,48,10.9,76.9,25.44,56.68,2.06,12.49,1009.53
2024-01-11 00:00:00,2024-01-13 00:00:00,48,10.9,77.1,27.34,56.72,0.0,6.62,1011.22
2024-01-11 00:00:00,2024-01-13 00:00:00,48,11.2,76.7,22.07,62.02,0.0,13.93,1008.89
2024-01-11 00:00:00,2024-01-13 00:00:00,48,11.2,76.9,22.14,59.02,0.0,8.54,1009.51
2024-01-11 00:00:00,2024-01-13 00:00:00,48,11.2,77.1,20.56,71.55,3.91,11.95,1008.25
2024-01-11 00:00:00,2024-01-14 00:00:00,72,10.3,76.7,19.45,66.3,0.0,10.09,1011.28
2024-01-11 00:00:00,2024-01-14 00:00:00,72,10.3,76.9,26.25,59.28,0.0,16.22,1008.58
2024-01-11 00:00:00,2024-01-14 00:00:00,72,10.3,77.1,22.52,61.97,2.44,10.66,1011.5
2024-01-11 00:00:00,2024-01-14 00:00:00,72,10.6,76.7,24.27,71.03,1.21,16.64,1009.16
2024-01-11 00:00:00,2024-01-14 00:00:00,72,10.6,76.9,26.07,83.68,0.0,14.18,1012.73
2024-01-11 00:00:00,2024-01-14 00:00:00,72,10.6,77.1,22.48,92.7,0.0,18.15,1010.5
2024-01-11 00:00:00,2024-01-14 00:00:00,72,10.9,76.7,26.62,70.54,0.0,15.25,1009.66
2024-01-11 00:00:00,2024-01-14 00:00:00,72,10.9,76.9,27.65,61.57,0.0,12.1,1010.34
2024-01-11 00:00:00,2024-01-14 00:00:00,72,10.9,77.1,25.08,78.38,0.0,15.46,1011.01
2024-01-11 00:00:00,2024-01-14 00:00:00,72,11.2,76.7,25.12,50.43,0.0,17.86,1008.09
2024-01-11 00:00:00,2024-01-14 00:00:00,72,11.2,76.9,23.1,66.83,0.0,13.42,1011.69
2024-01-11 00:00:00,2024-01-14 00:00:00,72,11.2,77.1,24.64,64.33,0.0,15.78,1011.27
2024-01-12 00:00:00,2024-01-13 00:00:00,24,10.3,76.7,23.99,73.36,0.0,14.26,1012.26
2024-01-12 00:00:00,2024-01-13 00:00:00,24,10.3,76.9,23.38,62.04,0.0,15.69,1013.83
2024-01-12 00:00:00,2024-01-13 00:00:00,24,10.3,77.1,23.57,68.58,0.0,13.47,1011.82
2024-01-12 00:00:00,2024-01-13 00:00:00,24,10.6,76.7,24.47,94.32,0.0,14.91,1011.17
2024-01-12 00:00:00,2024-01-13 00:00:00,24,10.6,76.9,22.01,63.27,0.0,15.48,1010.09
2024-01-12 00:00:00,2024-01-13 00:00:00,24,10.6,77.1,24.58,68.28,0.0,15.29,1009.2
2024-01-12 00:00:00,2024-01-13 00:00:00,24,10.9,76.7,25.26,64.93,0.0,13.23,1009.42
2024-01-12 00:00:00,2024-01-13 00:00:00,24,10.9,76.9,26.03,65.34,0.0,13.95,1010.08
2024-01-12 00:00:00,2024-01-13 00:00:00,24,10.9,77.1,23.43,56.13,0.0,13.1,1009.58
2024-01-12 00:00:00,2024-01-13 00:00:00,24,11.2,76.7,21.55,75.8,0.0,6.37,1010.5
2024-01-12 00:00:00,2024-01-13 00:00:00,24,11.2,76.9,27.23,62.22,0.0,16.07,1012.65
2024-01-12 00:00:00,2024-01-13 00:00:00,24,11.2,77.1,21.76,63.99,0.0,11.48,1008.03
2024-01-12 00:00:00,2024-01-14 00:00:00,48,10.3,76.7,24.79,66.84,0.75,18.96,1011.13
2024-01-12 00:00:00,2024-01-14 00:00:00,48,10.3,76.9,25.27,72.66,0.0,19.36,1010.97
2024-01-12 00:00:00,2024-01-14 00:00:00,48,10.3,77.1,18.26,52.74,0.0,6.12,1012.51
2024-01-12 00:00:00,2024-01-14 00:00:00,48,10.6,76.7,23.59,58.66,0.0,14.15,1010.63
2024-01-12 00:00:00,2024-01-14 00:00:00,48,10.6,76.9,24.54,82.8,0.0,9.23,1012.05
2024-01-12 00:00:00,2024-01-14 00:00:00,48,10.6,77.1,20.48,49.94,0.0,4.62,1008.64
2024-01-12 00:00:00,2024-01-14 00:00:00,48,10.9,76.7,26.13,68.06,0.0,20.91,1010.71
2024-01-12 00:00:00,2024-01-14 00:00:00,48,10.9,76.9,25.81,73.1,0.0,15.08,1011.14
2024-01-12 00:00:00,2024-01-14 00:00:00,48,10.9,77.1,25.21,72.61,0.0,9.93,1010.62
2024-01-12 00:00:00,2024-01-14 00:00:00,48,11.2,76.7,25.22,65.64,0.0,12.89,1011.69
2024-01-12 00:00:00,2024-01-14 00:00:00,48,11.2,76.9,21.68,71.32,0.0,18.32,1009.72
2024-01-12 00:00:00,2024-01-14 00:00:00,48,11.2,77.1,24.15,57.96,0.0,14.72,1008.76
2024-01-12 00:00:00,2024-01-15 00:00:00,72,10.3,76.7,27.18,59.55,0.0,10.96,1012.47
2024-01-12 00:00:00,2024-01-15 00:00:00,72,10.3,76.9,20.87,64.22,0.0,11.25,1010.91
2024-01-12 00:00:00,2024-01-15 00:00:00,72,10.3,77.1,27.45,71.37,0.0,15.48,1010.73
2024-01-12 00:00:00,2024-01-15 00:00:00,72,10.6,76.7,24.1,71.5,0.0,17.72,1009.74
2024-01-12 00:00:00,2024-01-15 00:00:00,72,10.6,76.9,20.1,55.8,0.0,11.3,1007.54
2024-01-12 00:00:00,2024-01-15 00:00:00,72,10.6,77.1,24.19,81.53,0.0,10.22,1013.18
2024-01-12 00:00:00,2024-01-15 00:00:00,72,10.9,76.7,25.51,78.22,0.0,9.6,1011.81
2024-01-12 00:00:00,2024-01-15 00:00:00,72,10.9,76.9,25.2,61.37,0.0,16.39,1007.48
2024-01-12 00:00:00,2024-01-15 00:00:00,72,10.9,77.1,23.97,77.76,0.0,9.56,1009.99
2024-01-12 00:00:00,2024-01-15 00:00:00,72,11.2,76.7,24.81,64.05,0.0,12.85,1011.32
2024-01-12 00:00:00,2024-01-15 00:00:00,72,11.2,76.9,24.63,48.4,0.0,16.28,1010.43
2024-01-12 00:00:00,2024-01-15 00:00:00,72,11.2,77.1,21.76,73.85,0.0,11.6,1006.91
2024-01-13 00:00:00,2024-01-14 00:00:00,24,10.3,76.7,23.45,67.71,0.0,12.66,1014.15
2024-01-13 00:00:00,2024-01-14 00:00:00,24,10.3,76.9,22.79,43.45,0.0,18.45,1013.08
2024-01-13 00:00:00,2024-01-14 00:00:00,24,10.3,77.1,26.33,65.5,0.0,9.05,1009.58
2024-01-13 00:00:00,2024-01-14 00:00:00,24,10.6,76.7,21.88,70.35,0.0,16.53,1009.59
2024-01-13 00:00:00,2024-01-14 00:00:00,24,10.6,76.9,24.68,63.67,0.0,14.05,1012.77
2024-01-13 00:00:00,2024-01-14 00:00:00,24,10.6,77.1,23.69,75.77,0.0,13.93,1010.47
2024-01-13 00:00:00,2024-01-14 00:00:00,24,10.9,76.7,22.14,56.46,0.0,11.69,1009.78
2024-01-13 00:00:00,2024-01-14 00:00:00,24,10.9,76.9,25.25,76.31,0.0,18.37,1010.05
2024-01-13 00:00:00,2024-01-14 00:00:00,24,10.9,77.1,25.36,75.55,0.0,12.33,1011.38
2024-01-13 00:00:00,2024-01-14 00:00:00,24,11.2,76.7,25.29,62.73,0.0,5.06,1007.26
2024-01-13 00:00:00,2024-01-14 00:00:00,24,11.2,76.9,25.35,61.22,0.0,12.27,1008.67
2024-01-13 00:00:00,2024-01-14 00:00:00,24,11.2,77.1,25.34,69.18,0.0,17.35,1012.42
2024-01-13 00:00:00,2024-01-15 00:00:00,48,10.3,76.7,27.31,70.22,0.86,13.53,1011.8
2024-01-13 00:00:00,2024-01-15 00:00:00,48,10.3,76.9,25.47,77.2,0.0,12.73,1012.71
2024-01-13 00:00:00,2024-01-15 00:00:00,48,10.3,77.1,23.65,69.71,0.0,13.87,1010.9
2024-01-13 00:00:00,2024-01-15 00:00:00,48,10.6,76.7,24.06,70.37,0.0,10.36,1011.32
2024-01-13 00:00:00,2024-01-15 00:00:00,48,10.6,76.9,23.77,58.75,0.0,19.55,1011.01
2024-01-13 00:00:00,2024-01-15 00:00:00,48,10.6,77.1,24.0,69.1,0.0,19.02,1013.42
2024-01-13 00:00:00,2024-01-15 00:00:00,48,10.9,76.7,26.48,66.57,0.0,13.9,1011.21
2024-01-13 00:00:00,2024-01-15 00:00:00,48,10.9,76.9,23.41,69.54,1.14,18.42,1010.71
2024-01-13 00:00:00,2024-01-15 00:00:00,48,10.9,77.1,23.2,68.35,0.0,17.85,1011.5
2024-01-13 00:00:00,2024-01-15 00:00:00,48,11.2,76.7,25.36,71.26,0.0,11.55,1009.3
2024-01-13 00:00:00,2024-01-15 00:00:00,48,11.2,76.9,22.68,58.08,0.0,8.1,1009.6
2024-01-13 00:00:00,2024-01-15 00:00:00,48,11.2,77.1,22.55,59.95,0.0,18.32,1009.74
2024-01-13 00:00:00,2024-01-16 00:00:00,72,10.3,76.7,29.44,48.74,0.0,16.21,1012.35
2024-01-13 00:00:00,2024-01-16 00:00:00,72,10.3,76.9,22.23,64.42,0.0,12.49,1012.6
2024-01-13 00:00:00,2024-01-16 00:00:00,72,10.3,77.1,24.42,68.94,0.0,15.67,1008.5
2024-01-13 00:00:00,2024-01-16 00:00:00,72,10.6,76.7,27.95,53.75,0.0,10.71,1011.21
2024-01-13 00:00:00,2024-01-16 00:00:00,72,10.6,76.9,29.93,67.64,0.0,10.43,1008.93
2024-01-13 00:00:00,2024-01-16 00:00:00,72,10.6,77.1,24.73,55.88,0.0,15.92,1011.7
2024-01-13 00:00:00,2024-01-16 00:00:00,72,10.9,76.7,22.43,51.55,0.0,8.15,1013.28
2024-01-13 00:00:00,2024-01-16 00:00:00,72,10.9,76.9,21.34,48.76,0.0,16.44,1008.42
2024-01-13 00:00:00,2024-01-16 00:00:00,72,10.9,77.1,24.88,57.9,0.0,12.93,1008.31
2024-01-13 00:00:00,2024-01-16 00:00:00,72,11.2,76.7,22.7,53.11,0.0,12.2,1007.18
2024-01-13 00:00:00,2024-01-16 00:00:00,72,11.2,76.9,25.0,72.15,0.0,12.08,1013.27
2024-01-13 00:00:00,2024-01-16 00:00:00,72,11.2,77.1,25.4,50.53,2.32,17.88,1006.75
2024-01-14 00:00:00,2024-01-15 00:00:00,24,10.3,76.7,24.64,56.77,0.0,13.94,1013.05
2024-01-14 00:00:00,2024-01-15 00:00:00,24,10.3,76.9,23.47,62.34,0.0,14.69,1011.82
2024-01-14 00:00:00,2024-01-15 00:00:00,24,10.3,77.1,26.02,75.35,0.0,15.4,1008.64
2024-01-14 00:00:00,2024-01-15 00:00:00,24,10.6,76.7,22.7,57.2,0.0,13.28,1010.96
2024-01-14 00:00:00,2024-01-15 00:00:00,24,10.6,76.9,25.12,62.33,0.0,16.63,1009.71
2024-01-14 00:00:00,2024-01-15 00:00:00,24,10.6,77.1,25.13,65.58,0.0,13.83,1011.26
2024-01-14 00:00:00,2024-01-15 00:00:00,24,10.9,76.7,23.24,72.77,0.0,12.86,1008.33
2024-01-14 00:00:00,2024-01-15 00:00:00,24,10.9,76.9,25.58,68.95,0.0,16.91,1008.63
2024-01-14 00:00:00,2024-01-15 00:00:00,24,10.9,77.1,24.88,67.02,0.0,21.86,1011.25
2024-01-14 00:00:00,2024-01-15 00:00:00,24,11.2,76.7,24.15,70.63,0.0,10.24,1006.76
2024-01-14 00:00:00,2024-01-15 00:00:00,24,11.2,76.9,23.66,65.36,0.0,9.27,1010.33
2024-01-14 00:00:00,2024-01-15 00:00:00,24,11.2,77.1,25.34,66.96,0.0,15.78,1008.76
2024-01-14 00:00:00,2024-01-16 00:00:00,48,10.3,76.7,22.23,75.25,7.89,11.09,1011.74
2024-01-14 00:00:00,2024-01-16 00:00:00,48,10.3,76.9,23.93,75.88,0.0,7.29,1009.37
2024-01-14 00:00:00,2024-01-16 00:00:00,48,10.3,77.1,24.12,60.53,0.0,13.25,1011.61
2024-01-14 00:00:00,2024-01-16 00:00:00,48,10.6,76.7,27.65,57.54,0.0,15.07,1009.96
2024-01-14 00:00:00,2024-01-16 00:00:00,48,10.6,76.9,22.04,76.03,0.0,12.98,1010.94
2024-01-14 00:00:00,2024-01-16 00:00:00,48,10.6,77.1,23.62,59.97,0.0,17.49,1010.19
2024-01-14 00:00:00,2024-01-16 00:00:00,48,10.9,76.7,24.22,61.44,0.0,14.34,1011.56
2024-01-14 00:00:00,2024-01-16 00:00:00,48,10.9,76.9,24.2,71.63,0.0,20.56,1010.98
2024-01-14 00:00:00,2024-01-16 00:00:00,48,10.9,77.1,25.1,69.57,0.0,15.59,1012.27
2024-01-14 00:00:00,2024-01-16 00:00:00,48,11.2,76.7,20.91,57.4,0.0,16.14,1009.31
2024-01-14 00:00:00,2024-01-16 00:00:00,48,11.2,76.9,26.79,67.26,0.0,14.61,1008.07
2024-01-14 00:00:00,2024-01-16 00:00:00,48,11.2,77.1,25.39,56.64,0.0,16.48,1008.45
2024-01-14 00:00:00,2024-01-17 00:00:00,72,10.3,76.7,24.3,56.7,0.0,18.28,1011.55
2024-01-14 00:00:00,2024-01-17 00:00:00,72,10.3,76.9,26.82,73.05,0.0,19.23,1010.8
2024-01-14 00:00:00,2024-01-17 00:00:00,72,10.3,77.1,31.64,76.49,0.0,10.9,1010.93
2024-01-14 00:00:00,2024-01-17 00:00:00,72,10.6,76.7,25.69,70.93,0.22,7.29,1013.15
2024-01-14 00:00:00,2024-01-17 00:00:00,72,10.6,76.9,23.08,72.02,0.0,11.62,1011.58
2024-01-14 00:00:00,2024-01-17 00:00:00,72,10.6,77.1,23.85,60.91,0.0,12.16,1009.05
2024-01-14 00:00:00,2024-01-17 00:00:00,72,10.9,76.7,22.22,63.44,0.0,15.57,1008.63
2024-01-14 00:00:00,2024-01-17 00:00:00,72,10.9,76.9,24.0,58.52,0.0,9.2,1010.32
2024-01-14 00:00:00,2024-01-17 00:00:00,72,10.9,77.1,23.4,45.7,0.0,16.55,1011.6
2024-01-14 00:00:00,2024-01-17 00:00:00,72,11.2,76.7,24.8,69.64,0.0,18.94,1011.97
2024-01-14 00:00:00,2024-01-17 00:00:00,72,11.2,76.9,25.22,76.24,0.0,3.18,1009.56
2024-01-14 00:00:00,2024-01-17 00:00:00,72,11.2,77.1,24.31,60.19,0.0,15.65,1009.9
2024-01-15 00:00:00,2024-01-16 00:00:00,24,10.3,76.7,25.0,57.7,0.0,13.7,1009.81
2024-01-15 00:00:00,2024-01-16 00:00:00,24,10.3,76.9,23.96,70.22,0.0,13.65,1013.34
2024-01-15 00:00:00,2024-01-16 00:00:00,24,10.3,77.1,24.12,65.58,7.88,15.59,1013.26
2024-01-15 00:00:00,2024-01-16 00:00:00,24,10.6,76.7,23.94,56.9,0.0,10.0,1011.98
2024-01-15 00:00:00,2024-01-16 00:00:00,24,10.6,76.9,22.03,71.96,0.0,14.28,1009.62
2024-01-15 00:00:00,2024-01-16 00:00:00,24,10.6,77.1,23.28,53.9,0.0,13.37,1008.96
2024-01-15 00:00:00,2024-01-16 00:00:00,24,10.9,76.7,24.02,56.05,0.0,10.05,1009.88
2024-01-15 00:00:00,2024-01-16 00:00:00,24,10.9,76.9,22.46,61.47,0.0,10.93,1013.07
2024-01-15 00:00:00,2024-01-16 00:00:00,24,10.9,77.1,23.54,75.95,0.0,14.53,1008.61
2024-01-15 00:00:00,2024-01-16 00:00:00,24,11.2,76.7,22.1,66.26,0.0,11.57,1009.5
2024-01-15 00:00:00,2024-01-16 00:00:00,24,11.2,76.9,24.6,64.64,0.0,8.16,1009.31
2024-01-15 00:00:00,2024-01-16 00:00:00,24,11.2,77.1,26.63,62.31,0.0,16.05,1009.21
2024-01-15 00:00:00,2024-01-17 00:00:00,48,10.3,76.7,24.73,60.97,0.0,11.77,1010.08
2024-01-15 00:00:00,2024-01-17 00:00:00,48,10.3,76.9,22.6,63.49,0.0,18.06,1012.12
2024-01-15 00:00:00,2024-01-17 00:00:00,48,10.3,77.1,25.55,62.08,0.0,12.25,1010.81
2024-01-15 00:00:00,2024-01-17 00:00:00,48,10.6,76.7,24.13,64.53,0.0,20.63,1011.39
2024-01-15 00:00:00,2024-01-17 00:00:00,48,10.6,76.9,24.85,57.97,0.0,10.42,1008.12
2024-01-15 00:00:00,2024-01-17 00:00:00,48,10.6,77.1,23.9,67.87,1.29,14.68,1011.49
2024-01-15 00:00:00,2024-01-17 00:00:00,48,10.9,76.7,24.92,66.23,0.0,16.06,1008.52
2024-01-15 00:00:00,2024-01-17 00:00:00,48,10.9,76.9,26.29,55.16,0.42,12.5,1011.45
2024-01-15 00:00:00,2024-01-17 00:00:00,48,10.9,77.1,26.97,66.23,4.14,9.06,1010.73
2024-01-15 00:00:00,2024-01-17 00:00:00,48,11.2,76.7,25.99,61.86,0.0,11.66,1009.69
2024-01-15 00:00:00,2024-01-17 00:00:00,48,11.2,76.9,23.65,49.56,0.0,15.28,1009.81
2024-01-15 00:00:00,2024-01-17 00:00:00,48,11.2,77.1,24.8,69.11,0.0,17.93,1009.66
2024-01-15 00:00:00,2024-01-18 00:00:00,72,10.3,76.7,24.38,68.79,0.0,16.55,1011.01
2024-01-15 00:00:00,2024-01-18 00:00:00,72,10.3,76.9,26.17,66.83,0.0,12.16,1011.0
2024-01-15 00:00:00,2024-01-18 00:00:00,72,10.3,77.1,22.63,81.11,0.0,11.37,1011.7
2024-01-15 00:00:00,2024-01-18 00:00:00,72,10.6,76.7,24.8,74.04,0.0,16.47,1009.83
2024-01-15 00:00:00,2024-01-18 00:00:00,72,10.6,76.9,20.91,69.66,0.0,2.97,1009.38
2024-01-15 00:00:00,2024-01-18 00:00:00,72,10.6,77.1,24.04,60.32,0.0,12.47,1009.53
2024-01-15 00:00:00,2024-01-18 00:00:00,72,10.9,76.7,22.59,63.81,0.0,13.14,1010.8
2024-01-15 00:00:00,2024-01-18 00:00:00,72,10.9,76.9,25.89,54.27,0.0,8.3,1012.55
2024-01-15 00:00:00,2024-01-18 00:00:00,72,10.9,77.1,24.89,60.39,0.0,10.1,1008.08
2024-01-15 00:00:00,2024-01-18 00:00:00,72,11.2,76.7,22.87,67.72,0.0,12.3,1010.83
2024-01-15 00:00:00,2024-01-18 00:00:00,72,11.2,76.9,22.83,60.71,0.0,16.26,1008.46
2024-01-15 00:00:00,2024-01-18 00:00:00,72,11.2,77.1,22.89,70.22,0.0,9.36,1009.5
2024-01-16 00:00:00,2024-01-17 00:00:00,24,10.3,76.7,24.98,59.2,0.0,15.32,1010.52
2024-01-16 00:00:00,2024-01-17 00:00:00,24,10.3,76.9,27.63,75.17,0.0,11.57,1010.34
2024-01-16 00:00:00,2024-01-17 00:00:00,24,10.3,77.1,22.99,67.41,0.0,20.68,1011.79
2024-01-16 00:00:00,2024-01-17 00:00:00,24,10.6,76.7,24.81,74.4,0.0,18.05,1009.81
2024-01-16 00:00:00,2024-01-17 00:00:00,24,10.6,76.9,23.74,61.18,0.0,11.11,1010.73
2024-01-16 00:00:00,2024-01-17 00:00:00,24,10.6,77.1,24.27,65.92,0.0,15.21,1011.67
2024-01-16 00:00:00,2024-01-17 00:00:00,24,10.9,76.7,24.51,64.22,7.12,18.23,1008.89
2024-01-16 00:00:00,2024-01-17 00:00:00,24,10.9,76.9,24.15,68.42,0.0,14.16,1009.92
2024-01-16 00:00:00,2024-01-17 00:00:00,24,10.9,77.1,23.52,65.07,0.0,14.73,1012.31
2024-01-16 00:00:00,2024-01-17 00:00:00,24,11.2,76.7,23.98,62.91,15.27,14.48,1009.89
2024-01-16 00:00:00,2024-01-17 00:00:00,24,11.2,76.9,25.23,72.95,0.0,12.76,1009.81
2024-01-16 00:00:00,2024-01-17 00:00:00,24,11.2,77.1,27.23,66.78,0.0,11.93,1009.5
2024-01-16 00:00:00,2024-01-18 00:00:00,48,10.3,76.7,23.03,71.78,0.0,13.33,1009.4
2024-01-16 00:00:00,2024-01-18 00:00:00,48,10.3,76.9,21.84,56.56,0.0,18.08,1011.16
2024-01-16 00:00:00,2024-01-18 00:00:00,48,10.3,77.1,22.28,66.92,0.0,12.97,1011.13
2024-01-16 00:00:00,2024-01-18 00:00:00,48,10.6,76.7,20.68,72.55,0.0,8.19,1009.82
2024-01-16 00:00:00,2024-01-18 00:00:00,48,10.6,76.9,27.92,68.95,0.0,15.21,1010.86
2024-01-16 00:00:00,2024-01-18 00:00:00,48,10.6,77.1,24.33,64.49,1.31,12.4,1011.84
2024-01-16 00:00:00,2024-01-18 00:00:00,48,10.9,76.7,19.72,63.15,0.0,14.26,1008.91
2024-01-16 00:00:00,2024-01-18 00:00:00,48,10.9,76.9,26.05,72.64,0.0,15.89,1011.06
2024-01-16 00:00:00,2024-01-18 00:00:00,48,10.9,77.1,23.8,71.37,0.0,9.45,1013.58
2024-01-16 00:00:00,2024-01-18 00:00:00,48,11.2,76.7,27.3,72.66,0.0,14.34,1009.58
2024-01-16 00:00:00,2024-01-18 00:00:00,48,11.2,76.9,24.72,66.83,0.0,8.78,1008.46
2024-01-16 00:00:00,2024-01-18 00:00:00,48,11.2,77.1,24.71,54.27,0.0,12.26,1006.28
2024-01-16 00:00:00,2024-01-19 00:00:00,72,10.3,76.7,26.54,73.81,0.0,9.6,1010.54
2024-01-16 00:00:00,2024-01-19 00:00:00,72,10.3,76.9,21.23,55.39,0.0,13.74,1008.71
2024-01-16 00:00:00,2024-01-19 00:00:00,72,10.3,77.1,25.8,54.12,0.0,10.34,1012.51
2024-01-16 00:00:00,2024-01-19 00:00:00,72,10.6,76.7,18.34,72.82,0.0,12.58,1011.61
2024-01-16 00:00:00,2024-01-19 00:00:00,72,10.6,76.9,21.21,74.39,0.0,15.6,1012.09
2024-01-16 00:00:00,2024-01-19 00:00:00,72,10.6,77.1,22.02,76.2,0.0,12.13,1009.39
2024-01-16 00:00:00,2024-01-19 00:00:00,72,10.9,76.7,25.48,68.7,0.0,8.61,1012.03
2024-01-16 00:00:00,2024-01-19 00:00:00,72,10.9,76.9,22.27,68.25,0.0,17.45,1010.02
2024-01-16 00:00:00,2024-01-19 00:00:00,72,10.9,77.1,25.19,66.15,0.0,18.32,1010.39
2024-01-16 00:00:00,2024-01-19 00:00:00,72,11.2,76.7,20.3,66.27,0.0,12.66,1010.33
2024-01-16 00:00:00,2024-01-19 00:00:00,72,11.2,76.9,29.15,79.19,0.0,10.28,1007.77
2024-01-16 00:00:00,2024-01-19 00:00:00,72,11.2,77.1,24.22,67.48,0.0,20.67,1008.67
2024-01-17 00:00:00,2024-01-18 00:00:00,24,10.3,76.7,25.29,74.85,0.0,13.84,1009.96
2024-01-17 00:00:00,2024-01-18 00:00:00,24,10.3,76.9,27.07,58.23,0.0,9.36,1013.58
2024-01-17 00:00:00,2024-01-18 00:00:00,24,10.3,77.1,24.75,64.66,0.0,13.06,1010.73
2024-01-17 00:00:00,2024-01-18 00:00:00,24,10.6,76.7,25.37,63.84,1.29,12.69,1013.25
2024-01-17 00:00:00,2024-01-18 00:00:00,24,10.6,76.9,24.01,60.18,0.0,19.79,1009.72
2024-01-17 00:00:00,2024-01-18 00:00:00,24,10.6,77.1,25.06,69.95,0.0,15.38,1012.3
2024-01-17 00:00:00,2024-01-18 00:00:00,24,10.9,76.7,24.74,66.65,0.0,15.58,1008.58
2024-01-17 00:00:00,2024-01-18 00:00:00,24,10.9,76.9,23.62,64.26,0.0,15.38,1010.65
2024-01-17 00:00:00,2024-01-18 00:00:00,24,10.9,77.1,25.05,42.02,0.0,14.31,1011.21
2024-01-17 00:00:00,2024-01-18 00:00:00,24,11.2,76.7,25.46,74.64,0.0,15.76,1011.38
2024-01-17 00:00:00,2024-01-18 00:00:00,24,11.2,76.9,23.55,54.97,0.0,19.24,1009.68
2024-01-17 00:00:00,2024-01-18 00:00:00,24,11.2,77.1,24.54,71.25,6.24,14.8,1009.87
2024-01-17 00:00:00,2024-01-19 00:00:00,48,10.3,76.7,24.96,66.97,0.0,14.0,1010.53
2024-01-17 00:00:00,2024-01-19 00:00:00,48,10.3,76.9,20.24,68.86,0.0,9.05,1010.44
2024-01-17 00:00:00,2024-01-19 00:00:00,48,10.3,77.1,30.74,68.02,0.0,19.35,1014.39
2024-01-17 00:00:00,2024-01-19 00:00:00,48,10.6,76.7,26.15,60.05,7.13,17.01,1010.99
2024-01-17 00:00:00,2024-01-19 00:00:00,48,10.6,76.9,23.42,65.16,0.0,11.93,1009.02
2024-01-17 00:00:00,2024-01-19 00:00:00,48,10.6,77.1,22.4,67.23,0.0,12.71,1009.51
2024-01-17 00:00:00,2024-01-19 00:00:00,48,10.9,76.7,24.68,65.91,0.0,11.67,1011.84
2024-01-17 00:00:00,2024-01-19 00:00:00,48,10.9,76.9,26.14,63.15,0.0,11.16,1010.83
2024-01-17 00:00:00,2024-01-19 00:00:00,48,10.9,77.1,22.79,81.45,0.0,15.27,1010.95
2024-01-17 00:00:00,2024-01-19 00:00:00,48,11.2,76.7,25.23,60.37,0.0,4.57,1011.29
2024-01-17 00:00:00,2024-01-19 00:00:00,48,11.2,76.9,22.31,76.2,0.0,18.62,1006.73
2024-01-17 00:00:00,2024-01-19 00:00:00,48,11.2,77.1,22.85,53.06,0.0,12.09,1007.36
2024-01-17 00:00:00,2024-01-20 00:00:00,72,10.3,76.7,21.76,62.33,0.0,12.32,1012.13
2024-01-17 00:00:00,2024-01-20 00:00:00,72,10.3,76.9,23.96,62.48,0.0,13.51,1010.55
2024-01-17 00:00:00,2024-01-20 00:00:00,72,10.3,77.1,23.46,71.06,0.0,10.67,1011.93
2024-01-17 00:00:00,2024-01-20 00:00:00,72,10.6,76.7,20.87,62.56,0.0,14.61,1015.2
2024-01-17 00:00:00,2024-01-20 00:00:00,72,10.6,76.9,22.01,85.54,0.0,14.56,1009.0
2024-01-17 00:00:00,2024-01-20 00:00:00,72,10.6,77.1,26.35,67.97,0.0,9.36,1011.01
2024-01-17 00:00:00,2024-01-20 00:00:00,72,10.9,76.7,28.74,56.03,5.17,14.9,1010.7
2024-01-17 00:00:00,2024-01-20 00:00:00,72,10.9,76.9,21.56,59.59,0.0,12.77,1010.77
2024-01-17 00:00:00,2024-01-20 00:00:00,72,10.9,77.1,22.43,66.11,0.0,17.38,1008.66
2024-01-17 00:00:00,2024-01-20 00:00:00,72,11.2,76.7,19.94,82.11,0.0,7.27,1009.9
2024-01-17 00:00:00,2024-01-20 00:00:00,72,11.2,76.9,23.07,64.46,0.0,18.63,1009.06
2024-01-17 00:00:00,2024-01-20 00:00:00,72,11.2,77.1,25.65,46.61,0.0,15.27,1009.64
2024-01-18 00:00:00,2024-01-19 00:00:00,24,10.3,76.7,24.34,68.92,0.0,15.84,1014.03
2024-01-18 00:00:00,2024-01-19 00:00:00,24,10.3,76.9,23.51,62.54,0.0,25.29,1012.3
2024-01-18 00:00:00,2024-01-19 00:00:00,24,10.3,77.1,26.26,48.6,0.0,15.73,1013.83
2024-01-18 00:00:00,2024-01-19 00:00:00,24,10.6,76.7,24.44,72.69,0.0,16.16,1011.04
2024-01-18 00:00:00,2024-01-19 00:00:00,24,10.6,76.9,22.98,54.19,0.0,11.58,1010.8
2024-01-18 00:00:00,2024-01-19 00:00:00,24,10.6,77.1,27.66,74.34,1.53,9.54,1010.64
2024-01-18 00:00:00,2024-01-19 00:00:00,24,10.9,76.7,24.62,71.92,0.0,5.77,1012.93
2024-01-18 00:00:00,2024-01-19 00:00:00,24,10.9,76.9,24.49,56.59,0.0,16.14,1009.52
2024-01-18 00:00:00,2024-01-19 00:00:00,24,10.9,77.1,26.41,66.74,0.0,12.55,1008.08
2024-01-18 00:00:00,2024-01-19 00:00:00,24,11.2,76.7,23.66,70.23,0.0,16.91,1011.93
2024-01-18 00:00:00,2024-01-19 00:00:00,24,11.2,76.9,23.48,48.62,0.0,12.43,1011.18
2024-01-18 00:00:00,2024-01-19 00:00:00,24,11.2,77.1,28.02,50.22,0.0,14.22,1008.43
2024-01-18 00:00:00,2024-01-20 00:00:00,48,10.3,76.7,25.51,70.37,0.0,13.11,1010.5
2024-01-18 00:00:00,2024-01-20 00:00:00,48,10.3,76.9,26.35,68.3,0.0,18.04,1011.14
2024-01-18 00:00:00,2024-01-20 00:00:00,48,10.3,77.1,26.94,67.11,0.0,20.07,1012.92
2024-01-18 00:00:00,2024-01-20 00:00:00,48,10.6,76.7,22.05,79.8,0.0,15.86,1010.86
2024-01-18 00:00:00,2024-01-20 00:00:00,48,10.6,76.9,26.07,65.58,0.0,9.72,1011.59
2024-01-18 00:00:00,2024-01-20 00:00:00,48,10.6,77.1,23.09,73.13,0.0,15.11,1008.77
2024-01-18 00:00:00,2024-01-20 00:00:00,48,10.9,76.7,25.64,59.87,0.0,10.1,1012.84
2024-01-18 00:00:00,2024-01-20 00:00:00,48,10.9,76.9,26.12,60.48,0.0,17.19,1007.21
2024-01-18 00:00:00,2024-01-20 00:00:00,48,10.9,77.1,21.66,51.59,0.0,17.95,1013.21
2024-01-18 00:00:00,2024-01-20 00:00:00,48,11.2,76.7,27.39,57.2,0.0,13.05,1010.32
2024-01-18 00:00:00,2024-01-20 00:00:00,48,11.2,76.9,25.01,79.95,0.0,13.8,1008.39
2024-01-18 00:00:00,2024-01-20 00:00:00,48,11.2,77.1,28.67,68.46,0.0,13.5,1011.55
2024-01-18 00:00:00,2024-01-21 00:00:00,72,10.3,76.7,20.18,66.97,0.0,9.88,1012.46
2024-01-18 00:00:00,2024-01-21 00:00:00,72,10.3,76.9,25.75,59.04,0.0,15.92,1008.83
2024-01-18 00:00:00,2024-01-21 00:00:00,72,10.3,77.1,19.2,74.93,0.0,13.52,1010.68
2024-01-18 00:00:00,2024-01-21 00:00:00,72,10.6,76.7,27.98,55.89,0.0,18.59,1010.56
2024-01-18 00:00:00,2024-01-21 00:00:00,72,10.6,76.9,28.24,62.87,0.0,12.03,1009.01
2024-01-18 00:00:00,2024-01-21 00:00:00,72,10.6,77.1,25.28,65.01,0.0,17.12,1011.16
2024-01-18 00:00:00,2024-01-21 00:00:00,72,10.9,76.7,25.9,61.56,0.0,15.5,1009.58
2024-01-18 00:00:00,2024-01-21 00:00:00,72,10.9,76.9,28.48,60.55,0.0,12.58,1009.03
2024-01-18 00:00:00,2024-01-21 00:00:00,72,10.9,77.1,20.55,67.68,0.0,11.85,1008.3
2024-01-18 00:00:00,2024-01-21 00:00:00,72,11.2,76.7,21.68,76.32,0.0,13.62,1009.08
2024-01-18 00:00:00,2024-01-21 00:00:00,72,11.2,76.9,24.52,62.62,0.0,9.15,1008.2
2024-01-18 00:00:00,2024-01-21 00:00:00,72,11.2,77.1,23.39,78.01,0.0,14.61,1010.79
2024-01-19 00:00:00,2024-01-20 00:00:00,24,10.3,76.7,24.58,47.63,5.15,21.48,1012.44
2024-01-19 00:00:00,2024-01-20 00:00:00,24,10.3,76.9,25.84,68.7,0.0,14.73,1011.47
2024-01-19 00:00:00,2024-01-20 00:00:00,24,10.3,77.1,27.2,74.33,0.0,14.44,1010.6
2024-01-19 00:00:00,2024-01-20 00:00:00,24,10.6,76.7,24.04,68.05,0.0,8.2,1012.75
2024-01-19 00:00:00,2024-01-20 00:00:00,24,10.6,76.9,24.99,69.64,0.0,14.24,1012.28
2024-01-19 00:00:00,2024-01-20 00:00:00,24,10.6,77.1,25.59,69.72,0.0,16.79,1010.02
2024-01-19 00:00:00,2024-01-20 00:00:00,24,10.9,76.7,25.36,58.0,11.24,8.19,1009.47
2024-01-19 00:00:00,2024-01-20 00:00:00,24,10.9,76.9,24.96,67.72,4.35,11.57,1008.15
2024-01-19 00:00:00,2024-01-20 00:00:00,24,10.9,77.1,24.99,71.73,0.0,15.46,1009.39
2024-01-19 00:00:00,2024-01-20 00:00:00,24,11.2,76.7,27.07,63.4,0.0,14.82,1009.11
2024-01-19 00:00:00,2024-01-20 00:00:00,24,11.2,76.9,23.62,64.46,0.0,13.26,1009.79
2024-01-19 00:00:00,2024-01-20 00:00:00,24,11.2,77.1,24.41,57.64,0.12,12.07,1010.47
2024-01-19 00:00:00,2024-01-21 00:00:00,48,10.3,76.7,25.55,72.38,0.0,13.54,1010.53
2024-01-19 00:00:00,2024-01-21 00:00:00,48,10.3,76.9,21.9,69.91,0.0,14.27,1013.02
2024-01-19 00:00:00,2024-01-21 00:00:00,48,10.3,77.1,21.65,65.48,0.96,16.92,1010.89
2024-01-19 00:00:00,2024-01-21 00:00:00,48,10.6,76.7,26.32,75.63,0.0,17.08,1009.97
2024-01-19 00:00:00,2024-01-21 00:00:00,48,10.6,76.9,25.04,76.11,0.0,11.37,1010.28
2024-01-19 00:00:00,2024-01-21 00:00:00,48,10.6,77.1,28.18,69.52,0.0,17.1,1014.77
2024-01-19 00:00:00,2024-01-21 00:00:00,48,10.9,76.7,24.84,65.32,0.0,14.27,1012.51
2024-01-19 00:00:00,2024-01-21 00:00:00,48,10.9,76.9,24.33,62.74,7.37,15.22,1012.04
2024-01-19 00:00:00,2024-01-21 00:00:00,48,10.9,77.1,21.03,63.21,0.0,11.07,1009.21
2024-01-19 00:00:00,2024-01-21 00:00:00,48,11.2,76.7,23.53,56.65,0.0,14.48,1009.87
2024-01-19 00:00:00,2024-01-21 00:00:00,48,11.2,76.9,19.42,73.94,0.0,16.14,1005.75
2024-01-19 00:00:00,2024-01-21 00:00:00,48,11.2,77.1,27.37,51.56,0.0,14.6,1011.03
2024-01-19 00:00:00,2024-01-22 00:00:00,72,10.3,76.7,25.42,63.19,0.0,14.27,1007.56
2024-01-19 00:00:00,2024-01-22 00:00:00,72,10.3,76.9,27.84,77.1,0.11,15.96,1010.82
2024-01-19 00:00:00,2024-01-22 00:00:00,72,10.3,77.1,23.69,62.8,0.0,9.03,1014.51
2024-01-19 00:00:00,2024-01-22 00:00:00,72,10.6,76.7,24.65,57.08,0.0,13.41,1012.07
2024-01-19 00:00:00,2024-01-22 00:00:00,72,10.6,76.9,26.1,54.15,0.0,15.28,1010.72
2024-01-19 00:00:00,2024-01-22 00:00:00,72,10.6,77.1,24.3,78.27,0.0,8.15,1008.43
2024-01-19 00:00:00,2024-01-22 00:00:00,72,10.9,76.7,28.82,69.2,0.0,22.39,1014.74
2024-01-19 00:00:00,2024-01-22 00:00:00,72,10.9,76.9,21.95,85.57,0.01,16.47,1007.08
2024-01-19 00:00:00,2024-01-22 00:00:00,72,10.9,77.1,22.75,75.96,0.0,12.1,1012.74
2024-01-19 00:00:00,2024-01-22 00:00:00,72,11.2,76.7,23.68,65.15,0.0,20.35,1007.78
2024-01-19 00:00:00,2024-01-22 00:00:00,72,11.2,76.9,27.08,43.74,2.07,10.07,1008.16
2024-01-19 00:00:00,2024-01-22 00:00:00,72,11.2,77.1,32.51,73.14,0.0,12.57,1011.15
2024-01-20 00:00:00,2024-01-21 00:00:00,24,10.3,76.7,23.29,52.96,0.0,19.65,1014.18
2024-01-20 00:00:00,2024-01-21 00:00:00,24,10.3,76.9,21.53,69.94,0.0,11.21,1013.85
2024-01-20 00:00:00,2024-01-21 00:00:00,24,10.3,77.1,22.03,63.3,0.0,15.37,1012.44
2024-01-20 00:00:00,2024-01-21 00:00:00,24,10.6,76.7,25.91,63.91,4.16,15.58,1009.77
2024-01-20 00:00:00,2024-01-21 00:00:00,24,10.6,76.9,23.05,50.22,0.0,8.22,1009.37
2024-01-20 00:00:00,2024-01-21 00:00:00,24,10.6,77.1,26.01,65.53,0.0,9.04,1008.62
2024-01-20 00:00:00,2024-01-21 00:00:00,24,10.9,76.7,24.82,81.12,0.0,20.13,1009.49
2024-01-20 00:00:00,2024-01-21 00:00:00,24,10.9,76.9,25.86,73.69,0.0,11.57,1008.31
2024-01-20 00:00:00,2024-01-21 00:00:00,24,10.9,77.1,25.23,67.44,0.0,9.07,1010.56
2024-01-20 00:00:00,2024-01-21 00:00:00,24,11.2,76.7,24.54,51.83,0.0,12.6,1014.41
2024-01-20 00:00:00,2024-01-21 00:00:00,24,11.2,76.9,23.21,58.42,0.0,11.2,1012.39
2024-01-20 00:00:00,2024-01-21 00:00:00,24,11.2,77.1,23.73,75.66,0.0,8.38,1005.86
2024-01-20 00:00:00,2024-01-22 00:00:00,48,10.3,76.7,24.72,72.15,0.0,9.84,1013.17
2024-01-20 00:00:00,2024-01-22 00:00:00,48,10.3,76.9,26.94,60.3,0.39,12.49,1012.12
2024-01-20 00:00:00,2024-01-22 00:00:00,48,10.3,77.1,21.91,69.04,1.64,15.59,1013.16
2024-01-20 00:00:00,2024-01-22 00:00:00,48,10.6,76.7,22.65,70.63,0.0,18.59,1009.65
2024-01-20 00:00:00,2024-01-22 00:00:00,48,10.6,76.9,20.42,52.38,0.0,14.72,1011.63
2024-01-20 00:00:00,2024-01-22 00:00:00,48,10.6,77.1,24.01,65.58,1.09,13.3,1011.21
2024-01-20 00:00:00,2024-01-22 00:00:00,48,10.9,76.7,27.49,80.37,0.0,14.46,1013.29
2024-01-20 00:00:00,2024-01-22 00:00:00,48,10.9,76.9,25.89,68.45,0.0,14.23,1012.69
2024-01-20 00:00:00,2024-01-22 00:00:00,48,10.9,77.1,26.75,64.08,0.0,16.16,1010.6
2024-01-20 00:00:00,2024-01-22 00:00:00,48,11.2,76.7,23.14,71.65,0.0,14.0,1010.81
2024-01-20 00:00:00,2024-01-22 00:00:00,48,11.2,76.9,25.49,53.52,0.0,13.37,1007.22
2024-01-20 00:00:00,2024-01-22 00:00:00,48,11.2,77.1,24.93,74.47,0.0,13.49,1011.88
2024-01-20 00:00:00,2024-01-23 00:00:00,72,10.3,76.7,25.49,62.52,0.0,16.96,1010.68
2024-01-20 00:00:00,2024-01-23 00:00:00,72,10.3,76.9,22.18,76.95,0.0,10.53,1011.1
2024-01-20 00:00:00,2024-01-23 00:00:00,72,10.3,77.1,20.44,44.89,0.0,10.61,1010.82
2024-01-20 00:00:00,2024-01-23 00:00:00,72,10.6,76.7,25.23,66.73,0.0,12.09,1011.56
2024-01-20 00:00:00,2024-01-23 00:00:00,72,10.6,76.9,28.74,63.93,0.0,11.03,1012.87
2024-01-20 00:00:00,2024-01-23 00:00:00,72,10.6,77.1,23.01,63.29,0.0,12.78,1012.1
2024-01-20 00:00:00,2024-01-23 00:00:00,72,10.9,76.7,23.53,77.38,0.0,16.57,1009.79
2024-01-20 00:00:00,2024-01-23 00:00:00,72,10.9,76.9,24.83,61.1,0.0,16.36,1009.05
2024-01-20 00:00:00,2024-01-23 00:00:00,72,10.9,77.1,25.02,80.05,0.0,14.35,1010.1
2024-01-20 00:00:00,2024-01-23 00:00:00,72,11.2,76.7,29.14,66.35,0.0,12.83,1010.23
2024-01-20 00:00:00,2024-01-23 00:00:00,72,11.2,76.9,28.1,85.59,0.0,8.37,1009.24
2024-01-20 00:00:00,2024-01-23 00:00:00,72,11.2,77.1,24.86,60.77,0.0,16.19,1011.71
2024-01-21 00:00:00,2024-01-22 00:00:00,24,10.3,76.7,26.32,74.62,0.0,21.82,1011.58
2024-01-21 00:00:00,2024-01-22 00:00:00,24,10.3,76.9,25.36,65.91,0.0,12.43,1012.15
2024-01-21 00:00:00,2024-01-22 00:00:00,24,10.3,77.1,24.07,79.74,0.0,15.02,1010.53
2024-01-21 00:00:00,2024-01-22 00:00:00,24,10.6,76.7,24.7,64.69,0.0,14.32,1010.71
2024-01-21 00:00:00,2024-01-22 00:00:00,24,10.6,76.9,24.42,59.95,0.0,10.36,1010.06
2024-01-21 00:00:00,2024-01-22 00:00:00,24,10.6,77.1,24.51,68.13,0.0,17.1,1008.62
2024-01-21 00:00:00,2024-01-22 00:00:00,24,10.9,76.7,23.98,64.83,0.0,12.59,1008.34
2024-01-21 00:00:00,2024-01-22 00:00:00,24,10.9,76.9,23.55,74.31,0.0,14.76,1010.53
2024-01-21 00:00:00,2024-01-22 00:00:00,24,10.9,77.1,25.9,71.51,0.0,14.64,1008.94
2024-01-21 00:00:00,2024-01-22 00:00:00,24,11.2,76.7,23.95,65.47,0.0,13.71,1011.85
2024-01-21 00:00:00,2024-01-22 00:00:00,24,11.2,76.9,25.57,82.08,0.0,12.31,1009.67
2024-01-21 00:00:00,2024-01-22 00:00:00,24,11.2,77.1,26.05,55.07,12.08,12.54,1008.34
2024-01-21 00:00:00,2024-01-23 00:00:00,48,10.3,76.7,23.2,79.58,0.0,15.64,1011.66
2024-01-21 00:00:00,2024-01-23 00:00:00,48,10.3,76.9,26.33,67.93,0.0,13.51,1011.06
2024-01-21 00:00:00,2024-01-23 00:00:00,48,10.3,77.1,27.27,61.46,0.0,12.84,1011.82
2024-01-21 00:00:00,2024-01-23 00:00:00,48,10.6,76.7,23.02,56.97,0.0,11.66,1014.19
2024-01-21 00:00:00,2024-01-23 00:00:00,48,10.6,76.9,23.9,62.08,0.0,9.7,1011.1
2024-01-21 00:00:00,2024-01-23 00:00:00,48,10.6,77.1,24.99,59.23,0.0,10.61,1010.44
2024-01-21 00:00:00,2024-01-23 00:00:00,48,10.9,76.7,23.97,67.51,0.0,13.25,1010.49
2024-01-21 00:00:00,2024-01-23 00:00:00,48,10.9,76.9,27.32,71.27,0.0,15.02,1010.51
2024-01-21 00:00:00,2024-01-23 00:00:00,48,10.9,77.1,23.73,56.41,0.0,10.94,1011.86
2024-01-21 00:00:00,2024-01-23 00:00:00,48,11.2,76.7,19.33,64.77,0.0,14.75,1010.96
2024-01-21 00:00:00,2024-01-23 00:00:00,48,11.2,76.9,27.41,73.32,0.0,12.33,1006.67
2024-01-21 00:00:00,2024-01-23 00:00:00,48,11.2,77.1,25.81,64.62,0.0,5.82,1007.59
2024-01-21 00:00:00,2024-01-24 00:00:00,72,10.3,76.7,28.26,67.75,0.0,15.93,1010.46
2024-01-21 00:00:00,2024-01-24 00:00:00,72,10.3,76.9,22.52,53.98,0.0,10.71,1011.39
2024-01-21 00:00:00,2024-01-24 00:00:00,72,10.3,77.1,27.21,59.72,0.51,20.35,1010.3
2024-01-21 00:00:00,2024-01-24 00:00:00,72,10.6,76.7,23.82,60.97,0.0,16.49,1011.09
2024-01-21 00:00:00,2024-01-24 00:00:00,72,10.6,76.9,26.0,69.28,0.0,16.06,1009.39
2024-01-21 00:00:00,2024-01-24 00:00:00,72,10.6,77.1,26.4,78.44,0.0,14.87,1012.81
2024-01-21 00:00:00,2024-01-24 00:00:00,72,10.9,76.7,26.07,71.55,0.0,13.84,1011.42
2024-01-21 00:00:00,2024-01-24 00:00:00,72,10.9,76.9,26.87,71.33,0.0,16.24,1009.32
2024-01-21 00:00:00,2024-01-24 00:00:00,72,10.9,77.1,25.11,63.8,0.0,12.68,1008.43
2024-01-21 00:00:00,2024-01-24 00:00:00,72,11.2,76.7,21.01,64.65,0.0,12.38,1008.52
2024-01-21 00:00:00,2024-01-24 00:00:00,72,11.2,76.9,21.42,73.94,0.0,14.52,1008.13
2024-01-21 00:00:00,2024-01-24 00:00:00,72,11.2,77.1,23.79,68.85,0.0,10.68,1008.81
2024-01-22 00:00:00,2024-01-23 00:00:00,24,10.3,76.7,27.43,68.27,0.0,14.66,1012.5
2024-01-22 00:00:00,2024-01-23 00:00:00,24,10.3,76.9,22.68,79.04,0.0,17.49,1010.31
2024-01-22 00:00:00,2024-01-23 00:00:00,24,10.3,77.1,24.02,63.21,0.0,15.49,1011.24
2024-01-22 00:00:00,2024-01-23 00:00:00,24,10.6,76.7,24.92,59.88,0.0,9.01,1008.7
2024-01-22 00:00:00,2024-01-23 00:00:00,24,10.6,76.9,23.23,68.74,0.0,14.35,1011.66
2024-01-22 00:00:00,2024-01-23 00:00:00,24,10.6,77.1,24.33,70.99,0.0,11.75,1009.42
2024-01-22 00:00:00,2024-01-23 00:00:00,24,10.9,76.7,24.51,74.29,0.0,10.69,1012.92
2024-01-22 00:00:00,2024-01-23 00:00:00,24,10.9,76.9,24.15,71.33,0.0,14.43,1010.04
2024-01-22 00:00:00,2024-01-23 00:00:00,24,10.9,77.1,23.75,72.55,0.0,13.12,1011.15
2024-01-22 00:00:00,2024-01-23 00:00:00,24,11.2,76.7,26.37,62.2,0.0,16.63,1010.01
2024-01-22 00:00:00,2024-01-23 00:00:00,24,11.2,76.9,25.51,58.44,0.0,8.71,1006.94
2024-01-22 00:00:00,2024-01-23 00:00:00,24,11.2,77.1,21.79,54.97,0.0,13.25,1007.76
2024-01-22 00:00:00,2024-01-24 00:00:00,48,10.3,76.7,25.54,64.63,0.0,15.55,1011.07
2024-01-22 00:00:00,2024-01-24 00:00:00,48,10.3,76.9,24.69,71.28,0.0,15.6,1011.97
2024-01-22 00:00:00,2024-01-24 00:00:00,48,10.3,77.1,25.6,62.72,0.0,13.99,1008.95
2024-01-22 00:00:00,2024-01-24 00:00:00,48,10.6,76.7,21.14,63.2,0.0,8.18,1008.59
2024-01-22 00:00:00,2024-01-24 00:00:00,48,10.6,76.9,22.57,65.79,0.0,12.45,1012.49
2024-01-22 00:00:00,2024-01-24 00:00:00,48,10.6,77.1,26.42,63.78,0.0,16.83,1012.16
2024-01-22 00:00:00,2024-01-24 00:00:00,48,10.9,76.7,22.75,69.3,0.0,13.89,1010.79
2024-01-22 00:00:00,2024-01-24 00:00:00,48,10.9,76.9,29.6,58.55,0.0,16.76,1011.63
2024-01-22 00:00:00,2024-01-24 00:00:00,48,10.9,77.1,28.66,64.0,0.0,12.46,1011.71
2024-01-22 00:00:00,2024-01-24 00:00:00,48,11.2,76.7,22.87,70.85,0.0,14.98,1007.8
2024-01-22 00:00:00,2024-01-24 00:00:00,48,11.2,76.9,23.91,72.06,0.0,12.07,1007.56
2024-01-22 00:00:00,2024-01-24 00:00:00,48,11.2,77.1,23.75,58.02,0.0,11.75,1012.23
2024-01-22 00:00:00,2024-01-25 00:00:00,72,10.3,76.7,28.75,52.92,0.0,12.1,1009.27
2024-01-22 00:00:00,2024-01-25 00:00:00,72,10.3,76.9,24.79,69.83,6.03,11.03,1011.21
2024-01-22 00:00:00,2024-01-25 00:00:00,72,10.3,77.1,24.45,54.04,4.28,11.6,1011.12
2024-01-22 00:00:00,2024-01-25 00:00:00,72,10.6,76.7,28.24,58.78,0.0,13.27,1010.14
2024-01-22 00:00:00,2024-01-25 00:00:00,72,10.6,76.9,22.79,58.39,3.89,12.93,1011.61
2024-01-22 00:00:00,2024-01-25 00:00:00,72,10.6,77.1,24.3,72.96,0.0,11.69,1010.32
2024-01-22 00:00:00,2024-01-25 00:00:00,72,10.9,76.7,25.29,59.29,0.0,16.5,1008.29
2024-01-22 00:00:00,2024-01-25 00:00:00,72,10.9,76.9,23.2,66.52,0.0,16.0,1009.93
2024-01-22 00:00:00,2024-01-25 00:00:00,72,10.9,77.1,30.24,52.52,2.19,13.93,1007.35
2024-01-22 00:00:00,2024-01-25 00:00:00,72,11.2,76.7,22.69,64.21,0.0,17.38,1009.49
2024-01-22 00:00:00,2024-01-25 00:00:00,72,11.2,76.9,24.74,59.36,0.0,13.34,1011.13
2024-01-22 00:00:00,2024-01-25 00:00:00,72,11.2,77.1,30.02,68.44,0.0,12.39,1010.57
2024-01-23 00:00:00,2024-01-24 00:00:00,24,10.3,76.7,25.46,68.75,0.0,10.05,1008.17
2024-01-23 00:00:00,2024-01-24 00:00:00,24,10.3,76.9,22.72,61.68,0.0,16.26,1013.7
2024-01-23 00:00:00,2024-01-24 00:00:00,24,10.3,77.1,23.35,57.59,0.0,15.99,1010.47
2024-01-23 00:00:00,2024-01-24 00:00:00,24,10.6,76.7,25.26,68.72,0.0,15.35,1014.75
2024-01-23 00:00:00,2024-01-24 00:00:00,24,10.6,76.9,25.18,66.24,0.0,9.69,1011.38
2024-01-23 00:00:00,2024-01-24 00:00:00,24,10.6,77.1,26.87,72.93,0.0,15.25,1011.33
2024-01-23 00:00:00,2024-01-24 00:00:00,24,10.9,76.7,24.39,66.77,0.0,13.19,1010.71
2024-01-23 00:00:00,2024-01-24 00:00:00,24,10.9,76.9,23.3,51.6,0.0,12.75,1011.03
2024-01-23 00:00:00,2024-01-24 00:00:00,24,10.9,77.1,24.83,61.53,0.0,22.11,1011.52
2024-01-23 00:00:00,2024-01-24 00:00:00,24,11.2,76.7,23.06,66.53,0.0,17.71,1010.46
2024-01-23 00:00:00,2024-01-24 00:00:00,24,11.2,76.9,26.2,70.01,9.02,16.39,1008.01
2024-01-23 00:00:00,2024-01-24 00:00:00,24,11.2,77.1,25.5,61.16,0.0,4.16,1009.78
2024-01-23 00:00:00,2024-01-25 00:00:00,48,10.3,76.7,24.98,67.05,0.0,16.11,1013.86
2024-01-23 00:00:00,2024-01-25 00:00:00,48,10.3,76.9,25.43,63.13,0.0,14.22,1009.83
2024-01-23 00:00:00,2024-01-25 00:00:00,48,10.3,77.1,25.61,63.13,0.0,11.32,1008.66
2024-01-23 00:00:00,2024-01-25 00:00:00,48,10.6,76.7,26.65,67.21,0.0,8.45,1010.77
2024-01-23 00:00:00,2024-01-25 00:00:00,48,10.6,76.9,24.43,58.19,0.0,7.98,1010.95
2024-01-23 00:00:00,2024-01-25 00:00:00,48,10.6,77.1,22.52,57.83,0.0,10.91,1009.51
2024-01-23 00:00:00,2024-01-25 00:00:00,48,10.9,76.7,24.28,67.86,0.0,15.85,1009.69
2024-01-23 00:00:00,2024-01-25 00:00:00,48,10.9,76.9,26.7,64.09,0.0,9.99,1011.8
2024-01-23 00:00:00,2024-01-25 00:00:00,48,10.9,77.1,21.88,53.8,0.0,11.29,1009.3
2024-01-23 00:00:00,2024-01-25 00:00:00,48,11.2,76.7,25.09,60.49,0.0,9.01,1009.78
2024-01-23 00:00:00,2024-01-25 00:00:00,48,11.2,76.9,25.46,78.1,0.0,12.21,1007.13
2024-01-23 00:00:00,2024-01-25 00:00:00,48,11.2,77.1,24.61,66.16,0.0,8.82,1006.94
2024-01-23 00:00:00,2024-01-26 00:00:00,72,10.3,76.7,27.48,69.59,0.0,18.74,1011.29
2024-01-23 00:00:00,2024-01-26 00:00:00,72,10.3,76.9,24.85,56.81,0.0,14.38,1009.75
2024-01-23 00:00:00,2024-01-26 00:00:00,72,10.3,77.1,23.59,65.02,0.0,11.99,1011.4
2024-01-23 00:00:00,2024-01-26 00:00:00,72,10.6,76.7,23.37,66.74,0.0,10.11,1010.17
2024-01-23 00:00:00,2024-01-26 00:00:00,72,10.6,76.9,25.53,46.22,0.0,14.35,1009.57
2024-01-23 00:00:00,2024-01-26 00:00:00,72,10.6,77.1,23.24,60.66,0.0,13.57,1011.31
2024-01-23 00:00:00,2024-01-26 00:00:00,72,10.9,76.7,22.13,45.6,0.0,13.93,1010.45
2024-01-23 00:00:00,2024-01-26 00:00:00,72,10.9,76.9,24.12,75.94,0.0,15.09,1009.98
2024-01-23 00:00:00,2024-01-26 00:00:00,72,10.9,77.1,23.03,51.12,1.23,20.89,1010.34
2024-01-23 00:00:00,2024-01-26 00:00:00,72,11.2,76.7,23.96,68.72,0.0,12.99,1007.83
2024-01-23 00:00:00,2024-01-26 00:00:00,72,11.2,76.9,23.12,68.78,0.0,12.14,1010.24
2024-01-23 00:00:00,2024-01-26 00:00:00,72,11.2,77.1,24.04,49.51,0.0,17.12,1009.47
2024-01-24 00:00:00,2024-01-25 00:00:00,24,10.3,76.7,24.36,61.87,8.01,15.01,1013.4
2024-01-24 00:00:00,2024-01-25 00:00:00,24,10.3,76.9,24.25,63.8,0.0,13.18,1009.12
2024-01-24 00:00:00,2024-01-25 00:00:00,24,10.3,77.1,23.86,61.13,0.0,13.54,1012.22
2024-01-24 00:00:00,2024-01-25 00:00:00,24,10.6,76.7,26.42,76.0,0.0,12.23,1014.17
2024-01-24 00:00:00,2024-01-25 00:00:00,24,10.6,76.9,25.97,68.43,0.0,15.23,1010.39
2024-01-24 00:00:00,2024-01-25 00:00:00,24,10.6,77.1,26.52,63.84,0.0,11.03,1009.82
2024-01-24 00:00:00,2024-01-25 00:00:00,24,10.9,76.7,24.17,63.54,0.0,8.21,1012.2
2024-01-24 00:00:00,2024-01-25 00:00:00,24,10.9,76.9,25.52,53.06,0.0,12.94,1010.22
2024-01-24 00:00:00,2024-01-25 00:00:00,24,10.9,77.1,23.76,52.0,0.0,14.27,1007.7
2024-01-24 00:00:00,2024-01-25 00:00:00,24,11.2,76.7,25.78,67.62,0.0,8.08,1008.89
2024-01-24 00:00:00,2024-01-25 00:00:00,24,11.2,76.9,23.98,89.72,0.0,16.67,1009.81
2024-01-24 00:00:00,2024-01-25 00:00:00,24,11.2,77.1,22.67,72.69,0.0,9.52,1009.43
2024-01-24 00:00:00,2024-01-26 00:00:00,48,10.3,76.7,22.08,74.0,0.0,17.55,1014.45
2024-01-24 00:00:00,2024-01-26 00:00:00,48,10.3,76.9,22.55,68.71,0.0,13.61,1010.15
2024-01-24 00:00:00,2024-01-26 00:00:00,48,10.3,77.1,22.46,65.82,0.0,9.94,1012.14
2024-01-24 00:00:00,2024-01-26 00:00:00,48,10.6,76.7,24.4,62.59,0.0,15.03,1009.61
2024-01-24 00:00:00,2024-01-26 00:00:00,48,10.6,76.9,23.91,62.64,0.0,15.29,1011.49
2024-01-24 00:00:00,2024-01-26 00:00:00,48,10.6,77.1,20.69,62.94,0.0,7.22,1009.63
2024-01-24 00:00:00,2024-01-26 00:00:00,48,10.9,76.7,22.69,60.56,0.0,15.07,1010.1
2024-01-24 00:00:00,2024-01-26 00:00:00,48,10.9,76.9,25.14,61.67,0.0,20.54,1008.09
2024-01-24 00:00:00,2024-01-26 00:00:00,48,10.9,77.1,24.07,59.43,0.0,10.34,1009.08
2024-01-24 00:00:00,2024-01-26 00:00:00,48,11.2,76.7,27.35,65.37,0.0,13.53,1007.82
2024-01-24 00:00:00,2024-01-26 00:00:00,48,11.2,76.9,22.33,59.56,0.0,16.31,1012.02
2024-01-24 00:00:00,2024-01-26 00:00:00,48,11.2,77.1,23.25,67.71,0.0,13.22,1011.72
2024-01-24 00:00:00,2024-01-27 00:00:00,72,10.3,76.7,23.0,74.64,0.0,10.11,1009.73
2024-01-24 00:00:00,2024-01-27 00:00:00,72,10.3,76.9,27.12,68.22,0.0,21.66,1013.11
2024-01-24 00:00:00,2024-01-27 00:00:00,72,10.3,77.1,25.44,72.12,0.0,12.93,1012.17
2024-01-24 00:00:00,2024-01-27 00:00:00,72,10.6,76.7,19.55,60.12,0.0,15.32,1013.07
2024-01-24 00:00:00,2024-01-27 00:00:00,72,10.6,76.9,22.45,69.72,0.0,12.46,1010.88
2024-01-24 00:00:00,2024-01-27 00:00:00,72,10.6,77.1,24.43,60.67,0.0,13.33,1010.23
2024-01-24 00:00:00,2024-01-27 00:00:00,72,10.9,76.7,22.43,44.11,0.0,10.48,1008.86
2024-01-24 00:00:00,2024-01-27 00:00:00,72,10.9,76.9,28.98,67.35,0.0,11.76,1010.46
2024-01-24 00:00:00,2024-01-27 00:00:00,72,10.9,77.1,20.97,67.4,0.0,12.44,1008.68
2024-01-24 00:00:00,2024-01-27 00:00:00,72,11.2,76.7,22.78,77.84,0.0,11.56,1007.43
2024-01-24 00:00:00,2024-01-27 00:00:00,72,11.2,76.9,26.34,67.33,0.0,13.17,1008.24
2024-01-24 00:00:00,2024-01-27 00:00:00,72,11.2,77.1,24.96,66.47,0.0,14.91,1009.62
2024-01-25 00:00:00,2024-01-26 00:00:00,24,10.3,76.7,26.5,71.77,0.0,14.76,1010.3
2024-01-25 00:00:00,2024-01-26 00:00:00,24,10.3,76.9,24.65,59.14,0.0,11.77,1011.58
2024-01-25 00:00:00,2024-01-26 00:00:00,24,10.3,77.1,23.85,65.47,0.0,15.43,1009.06
2024-01-25 00:00:00,2024-01-26 00:00:00,24,10.6,76.7,25.59,77.03,0.0,15.69,1008.86
2024-01-25 00:00:00,2024-01-26 00:00:00,24,10.6,76.9,24.52,65.43,0.0,11.35,1008.77
2024-01-25 00:00:00,2024-01-26 00:00:00,24,10.6,77.1,24.94,48.3,0.0,11.38,1011.94
2024-01-25 00:00:00,2024-01-26 00:00:00,24,10.9,76.7,23.55,65.47,0.0,13.67,1010.99
2024-01-25 00:00:00,2024-01-26 00:00:00,24,10.9,76.9,25.58,59.26,0.0,12.23,1009.4
2024-01-25 00:00:00,2024-01-26 00:00:00,24,10.9,77.1,25.16,71.18,0.0,16.3,1010.3
2024-01-25 00:00:00,2024-01-26 00:00:00,24,11.2,76.7,25.36,54.23,0.0,17.85,1011.14
2024-01-25 00:00:00,2024-01-26 00:00:00,24,11.2,76.9,21.98,66.11,0.0,6.41,1008.52
2024-01-25 00:00:00,2024-01-26 00:00:00,24,11.2,77.1,25.61,58.69,0.0,17.45,1006.89
2024-01-25 00:00:00,2024-01-27 00:00:00,48,10.3,76.7,26.17,65.06,0.0,9.34,1011.97
2024-01-25 00:00:00,2024-01-27 00:00:00,48,10.3,76.9,23.3,56.75,0.0,12.87,1012.67
2024-01-25 00:00:00,2024-01-27 00:00:00,48,10.3,77.1,19.65,69.87,0.0,9.64,1010.97
2024-01-25 00:00:00,2024-01-27 00:00:00,48,10.6,76.7,26.71,54.27,0.0,17.54,1008.26
2024-01-25 00:00:00,2024-01-27 00:00:00,48,10.6,76.9,30.05,50.82,0.0,14.14,1011.82
2024-01-25 00:00:00,2024-01-27 00:00:00,48,10.6,77.1,26.88,55.72,0.75,16.82,1011.05
2024-01-25 00:00:00,2024-01-27 00:00:00,48,10.9,76.7,25.16,77.0,0.9,11.78,1011.25
2024-01-25 00:00:00,2024-01-27 00:00:00,48,10.9,76.9,25.22,73.23,0.0,16.9,1012.67
2024-01-25 00:00:00,2024-01-27 00:00:00,48,10.9,77.1,26.6,77.63,0.0,14.3,1008.79
2024-01-25 00:00:00,2024-01-27 00:00:00,48,11.2,76.7,29.32,68.44,0.0,11.48,1006.92
2024-01-25 00:00:00,2024-01-27 00:00:00,48,11.2,76.9,23.4,68.28,0.0,9.2,1008.54
2024-01-25 00:00:00,2024-01-27 00:00:00,48,11.2,77.1,24.48,70.5,0.0,13.87,1010.57
2024-01-25 00:00:00,2024-01-28 00:00:00,72,10.3,76.7,25.94,72.58,0.0,11.19,1012.11
2024-01-25 00:00:00,2024-01-28 00:00:00,72,10.3,76.9,23.8,58.15,0.0,12.35,1013.74
2024-01-25 00:00:00,2024-01-28 00:00:00,72,10.3,77.1,24.04,82.4,0.0,9.24,1012.03
2024-01-25 00:00:00,2024-01-28 00:00:00,72,10.6,76.7,23.77,61.47,0.0,12.93,1009.39
2024-01-25 00:00:00,2024-01-28 00:00:00,72,10.6,76.9,25.08,56.06,0.0,19.42,1013.63
2024-01-25 00:00:00,2024-01-28 00:00:00,72,10.6,77.1,23.17,70.29,0.0,10.67,1011.14
2024-01-25 00:00:00,2024-01-28 00:00:00,72,10.9,76.7,21.33,52.06,0.0,15.49,1011.9
2024-01-25 00:00:00,2024-01-28 00:00:00,72,10.9,76.9,24.99,66.04,0.0,10.57,1010.8
2024-01-25 00:00:00,2024-01-28 00:00:00,72,10.9,77.1,20.29,46.4,0.0,18.72,1012.08
2024-01-25 00:00:00,2024-01-28 00:00:00,72,11.2,76.7,24.05,74.97,0.0,16.33,1005.16
2024-01-25 00:00:00,2024-01-28 00:00:00,72,11.2,76.9,23.25,65.08,0.0,9.16,1010.35
2024-01-25 00:00:00,2024-01-28 00:00:00,72,11.2,77.1,22.55,72.68,0.0,16.63,1009.38
2024-01-26 00:00:00,2024-01-27 00:00:00,24,10.3,76.7,24.65,66.86,0.0,10.83,1012.31
2024-01-26 00:00:00,2024-01-27 00:00:00,24,10.3,76.9,23.74,61.79,0.0,12.03,1011.1
2024-01-26 00:00:00,2024-01-27 00:00:00,24,10.3,77.1,22.11,64.38,0.0,15.33,1010.41
2024-01-26 00:00:00,2024-01-27 00:00:00,24,10.6,76.7,23.22,69.49,0.0,12.0,1009.61
2024-01-26 00:00:00,2024-01-27 00:00:00,24,10.6,76.9,22.76,77.38,0.0,13.71,1011.59
2024-01-26 00:00:00,2024-01-27 00:00:00,24,10.6,77.1,25.37,58.81,0.0,14.87,1009.89
2024-01-26 00:00:00,2024-01-27 00:00:00,24,10.9,76.7,23.98,63.88,1.86,18.18,1009.88
2024-01-26 00:00:00,2024-01-27 00:00:00,24,10.9,76.9,25.92,65.38,0.0,16.07,1011.6
2024-01-26 00:00:00,2024-01-27 00:00:00,24,10.9,77.1,26.29,55.95,3.89,19.39,1010.21
2024-01-26 00:00:00,2024-01-27 00:00:00,24,11.2,76.7,23.63,58.56,0.0,17.95,1012.14
2024-01-26 00:00:00,2024-01-27 00:00:00,24,11.2,76.9,24.02,59.21,0.0,11.55,1008.92
2024-01-26 00:00:00,2024-01-27 00:00:00,24,11.2,77.1,22.73,68.8,0.0,12.03,1011.43
2024-01-26 00:00:00,2024-01-28 00:00:00,48,10.3,76.7,27.4,53.04,2.82,15.99,1011.99
2024-01-26 00:00:00,2024-01-28 00:00:00,48,10.3,76.9,25.02,57.57,0.0,10.83,1009.96
2024-01-26 00:00:00,2024-01-28 00:00:00,48,10.3,77.1,22.61,68.41,0.0,11.15,1008.5
2024-01-26 00:00:00,2024-01-28 00:00:00,48,10.6,76.7,21.06,64.17,0.0,14.39,1011.24
2024-01-26 00:00:00,2024-01-28 00:00:00,48,10.6,76.9,27.53,53.63,0.0,16.74,1009.56
2024-01-26 00:00:00,2024-01-28 00:00:00,48,10.6,77.1,23.27,53.66,0.0,11.34,1009.37
2024-01-26 00:00:00,2024-01-28 00:00:00,48,10.9,76.7,25.76,75.71,0.0,14.02,1010.53
2024-01-26 00:00:00,2024-01-28 00:00:00,48,10.9,76.9,23.25,70.71,0.0,13.24,1009.68
2024-01-26 00:00:00,2024-01-28 00:00:00,48,10.9,77.1,18.25,76.42,0.0,16.98,1007.65
2024-01-26 00:00:00,2024-01-28 00:00:00,48,11.2,76.7,24.89,76.52,0.0,14.75,1008.36
2024-01-26 00:00:00,2024-01-28 00:00:00,48,11.2,76.9,24.15,64.85,0.0,15.75,1009.17
2024-01-26 00:00:00,2024-01-28 00:00:00,48,11.2,77.1,23.86,63.33,0.0,13.94,1008.92
2024-01-26 00:00:00,2024-01-29 00:00:00,72,10.3,76.7,28.0,60.42,0.0,15.05,1012.91
2024-01-26 00:00:00,2024-01-29 00:00:00,72,10.3,76.9,24.08,78.19,0.0,18.39,1012.03
2024-01-26 00:00:00,2024-01-29 00:00:00,72,10.3,77.1,24.13,68.75,0.0,7.07,1010.81
2024-01-26 00:00:00,2024-01-29 00:00:00,72,10.6,76.7,27.03,75.26,0.0,13.81,1008.96
2024-01-26 00:00:00,2024-01-29 00:00:00,72,10.6,76.9,27.44,69.04,7.98,17.98,1010.18
2024-01-26 00:00:00,2024-01-29 00:00:00,72,10.6,77.1,27.43,70.62,0.0,10.8,1008.9
2024-01-26 00:00:00,2024-01-29 00:00:00,72,10.9,76.7,28.85,65.7,1.95,14.42,1012.62
2024-01-26 00:00:00,2024-01-29 00:00:00,72,10.9,76.9,21.77,66.0,0.0,15.54,1008.45
2024-01-26 00:00:00,2024-01-29 00:00:00,72,10.9,77.1,23.26,44.4,0.0,14.73,1010.36
2024-01-26 00:00:00,2024-01-29 00:00:00,72,11.2,76.7,23.94,69.84,0.0,14.7,1010.09
2024-01-26 00:00:00,2024-01-29 00:00:00,72,11.2,76.9,28.96,53.61,0.0,9.6,1010.99
2024-01-26 00:00:00,2024-01-29 00:00:00,72,11.2,77.1,22.14,63.55,0.0,8.72,1009.72
2024-01-27 00:00:00,2024-01-28 00:00:00,24,10.3,76.7,21.95,65.26,0.0,15.79,1009.94
2024-01-27 00:00:00,2024-01-28 00:00:00,24,10.3,76.9,23.61,55.07,0.75,10.37,1009.36
2024-01-27 00:00:00,2024-01-28 00:00:00,24,10.3,77.1,26.76,74.32,0.0,15.47,1014.53
2024-01-27 00:00:00,2024-01-28 00:00:00,24,10.6,76.7,24.95,65.04,0.0,10.9,1012.33
2024-01-27 00:00:00,2024-01-28 00:00:00,24,10.6,76.9,25.22,54.64,0.0,15.3,1011.34
2024-01-27 00:00:00,2024-01-28 00:00:00,24,10.6,77.1,24.2,44.96,0.0,10.18,1012.66
2024-01-27 00:00:00,2024-01-28 00:00:00,24,10.9,76.7,24.08,59.06,0.0,11.23,1008.94
2024-01-27 00:00:00,2024-01-28 00:00:00,24,10.9,76.9,24.8,58.22,0.0,10.24,1011.29
2024-01-27 00:00:00,2024-01-28 00:00:00,24,10.9,77.1,24.53,61.06,0.0,10.14,1011.27
2024-01-27 00:00:00,2024-01-28 00:00:00,24,11.2,76.7,25.06,46.67,0.0,13.76,1008.05
2024-01-27 00:00:00,2024-01-28 00:00:00,24,11.2,76.9,25.59,52.28,0.0,8.35,1010.59
2024-01-27 00:00:00,2024-01-28 00:00:00,24,11.2,77.1,24.81,67.3,0.0,8.61,1011.63
2024-01-27 00:00:00,2024-01-29 00:00:00,48,10.3,76.7,23.67,64.04,1.21,11.4,1011.05
2024-01-27 00:00:00,2024-01-29 00:00:00,48,10.3,76.9,26.7,61.5,1.75,12.76,1008.4
2024-01-27 00:00:00,2024-01-29 00:00:00,48,10.3,77.1,25.65,65.57,0.0,11.27,1011.95
2024-01-27 00:00:00,2024-01-29 00:00:00,48,10.6,76.7,28.35,61.52,0.0,11.23,1007.72
2024-01-27 00:00:00,2024-01-29 00:00:00,48,10.6,76.9,22.56,65.28,0.43,17.8,1010.13
2024-01-27 00:00:00,2024-01-29 00:00:00,48,10.6,77.1,24.86,80.18,0.0,18.14,1010.31
2024-01-27 00:00:00,2024-01-29 00:00:00,48,10.9,76.7,18.79,69.52,0.0,10.37,1012.31
2024-01-27 00:00:00,2024-01-29 00:00:00,48,10.9,76.9,23.94,45.38,0.0,13.79,1010.96
2024-01-27 00:00:00,2024-01-29 00:00:00,48,10.9,77.1,24.78,66.02,0.0,12.64,1012.71
2024-01-27 00:00:00,2024-01-29 00:00:00,48,11.2,76.7,22.88,65.49,0.0,9.42,1009.76
2024-01-27 00:00:00,2024-01-29 00:00:00,48,11.2,76.9,22.01,66.84,0.0,7.09,1008.86
2024-01-27 00:00:00,2024-01-29 00:00:00,48,11.2,77.1,27.75,77.65,0.58,18.4,1009.43
2024-01-27 00:00:00,2024-01-30 00:00:00,72,10.3,76.7,26.98,59.82,0.0,11.0,1010.48
2024-01-27 00:00:00,2024-01-30 00:00:00,72,10.3,76.9,22.82,65.77,0.0,18.15,1012.78
2024-01-27 00:00:00,2024-01-30 00:00:00,72,10.3,77.1,20.39,63.53,0.0,12.49,1011.25
2024-01-27 00:00:00,2024-01-30 00:00:00,72,10.6,76.7,25.2,80.7,1.32,21.77,1010.99
2024-01-27 00:00:00,2024-01-30 00:00:00,72,10.6,76.9,27.05,74.86,0.0,15.72,1011.74
2024-01-27 00:00:00,2024-01-30 00:00:00,72,10.6,77.1,21.33,68.45,0.0,12.89,1010.88
2024-01-27 00:00:00,2024-01-30 00:00:00,72,10.9,76.7,27.05,62.77,0.0,15.52,1008.69
2024-01-27 00:00:00,2024-01-30 00:00:00,72,10.9,76.9,25.63,73.04,0.0,21.39,1010.68
2024-01-27 00:00:00,2024-01-30 00:00:00,72,10.9,77.1,23.01,63.82,0.0,17.33,1009.76
2024-01-27 00:00:00,2024-01-30 00:00:00,72,11.2,76.7,24.18,58.86,0.0,3.46,1010.71
2024-01-27 00:00:00,2024-01-30 00:00:00,72,11.2,76.9,24.0,62.3,0.0,12.27,1011.82
2024-01-27 00:00:00,2024-01-30 00:00:00,72,11.2,77.1,22.33,60.58,0.0,22.86,1010.77
2024-01-28 00:00:00,2024-01-29 00:00:00,24,10.3,76.7,23.71,71.32,0.0,11.82,1011.84
2024-01-28 00:00:00,2024-01-29 00:00:00,24,10.3,76.9,23.69,61.79,0.0,20.71,1011.42
2024-01-28 00:00:00,2024-01-29 00:00:00,24,10.3,77.1,24.7,66.98,0.0,15.73,1009.92
2024-01-28 00:00:00,2024-01-29 00:00:00,24,10.6,76.7,25.27,71.9,0.0,11.67,1012.27
2024-01-28 00:00:00,2024-01-29 00:00:00,24,10.6,76.9,24.63,63.36,0.0,12.06,1011.95
2024-01-28 00:00:00,2024-01-29 00:00:00,24,10.6,77.1,25.8,69.68,0.0,17.43,1011.3
2024-01-28 00:00:00,2024-01-29 00:00:00,24,10.9,76.7,26.96,69.35,0.0,11.5,1009.59
2024-01-28 00:00:00,2024-01-29 00:00:00,24,10.9,76.9,23.71,46.27,0.0,13.65,1009.34
2024-01-28 00:00:00,2024-01-29 00:00:00,24,10.9,77.1,26.54,70.03,0.0,11.0,1006.77
2024-01-28 00:00:00,2024-01-29 00:00:00,24,11.2,76.7,25.55,69.97,0.0,17.07,1009.95
2024-01-28 00:00:00,2024-01-29 00:00:00,24,11.2,76.9,23.19,68.08,8.61,13.64,1009.33
2024-01-28 00:00:00,2024-01-29 00:00:00,24,11.2,77.1,23.47,62.94,0.0,17.33,1009.3
2024-01-28 00:00:00,2024-01-30 00:00:00,48,10.3,76.7,21.65,67.84,0.0,14.63,1013.3
2024-01-28 00:00:00,2024-01-30 00:00:00,48,10.3,76.9,19.15,70.94,0.0,18.47,1011.96
2024-01-28 00:00:00,2024-01-30 00:00:00,48,10.3,77.1,24.83,58.66,1.74,15.91,1009.6
2024-01-28 00:00:00,2024-01-30 00:00:00,48,10.6,76.7,25.42,61.05,0.0,13.42,1010.55
2024-01-28 00:00:00,2024-01-30 00:00:00,48,10.6,76.9,28.37,65.77,0.0,16.49,1010.21
2024-01-28 00:00:00,2024-01-30 00:00:00,48,10.6,77.1,22.93,65.34,0.0,16.86,1011.15
2024-01-28 00:00:00,2024-01-30 00:00:00,48,10.9,76.7,23.56,63.32,0.0,16.52,1011.81
2024-01-28 00:00:00,2024-01-30 00:00:00,48,10.9,76.9,25.73,62.57,0.0,14.0,1009.24
2024-01-28 00:00:00,2024-01-30 00:00:00,48,10.9,77.1,24.67,57.73,0.0,17.54,1009.99
2024-01-28 00:00:00,2024-01-30 00:00:00,48,11.2,76.7,24.53,69.61,0.0,13.74,1010.05
2024-01-28 00:00:00,2024-01-30 00:00:00,48,11.2,76.9,24.95,59.43,0.0,14.28,1008.91
2024-01-28 00:00:00,2024-01-30 00:00:00,48,11.2,77.1,25.02,62.02,0.0,9.97,1007.72
2024-01-28 00:00:00,2024-01-31 00:00:00,72,10.3,76.7,23.91,57.53,0.0,9.44,1011.78
2024-01-28 00:00:00,2024-01-31 00:00:00,72,10.3,76.9,25.33,60.63,0.0,12.1,1008.71
2024-01-28 00:00:00,2024-01-31 00:00:00,72,10.3,77.1,24.6,77.47,0.0,12.78,1010.45
2024-01-28 00:00:00,2024-01-31 00:00:00,72,10.6,76.7,25.74,61.11,0.0,7.17,1008.58
2024-01-28 00:00:00,2024-01-31 00:00:00,72,10.6,76.9,23.8,82.63,0.0,11.96,1013.61
2024-01-28 00:00:00,2024-01-31 00:00:00,72,10.6,77.1,24.65,52.64,0.0,13.36,1009.56
2024-01-28 00:00:00,2024-01-31 00:00:00,72,10.9,76.7,21.46,56.92,0.0,14.72,1007.39
2024-01-28 00:00:00,2024-01-31 00:00:00,72,10.9,76.9,26.49,45.64,0.0,22.16,1009.79
2024-01-28 00:00:00,2024-01-31 00:00:00,72,10.9,77.1,24.43,71.6,0.0,10.95,1008.26
2024-01-28 00:00:00,2024-01-31 00:00:00,72,11.2,76.7,22.59,63.5,0.0,8.71,1007.47
2024-01-28 00:00:00,2024-01-31 00:00:00,72,11.2,76.9,22.31,70.8,7.57,18.43,1008.52
2024-01-28 00:00:00,2024-01-31 00:00:00,72,11.2,77.1,24.25,64.05,0.0,18.56,1009.05
2024-01-29 00:00:00,2024-01-30 00:00:00,24,10.3,76.7,23.32,67.07,0.0,15.91,1011.94
2024-01-29 00:00:00,2024-01-30 00:00:00,24,10.3,76.9,23.05,79.39,0.0,15.72,1010.8
2024-01-29 00:00:00,2024-01-30 00:00:00,24,10.3,77.1,26.12,59.9,0.0,14.27,1010.58
2024-01-29 00:00:00,2024-01-30 00:00:00,24,10.6,76.7,23.62,50.07,0.0,11.79,1011.76
2024-01-29 00:00:00,2024-01-30 00:00:00,24,10.6,76.9,25.25,77.58,0.0,18.81,1009.23
2024-01-29 00:00:00,2024-01-30 00:00:00,24,10.6,77.1,23.66,64.31,0.0,14.81,1012.47
2024-01-29 00:00:00,2024-01-30 00:00:00,24,10.9,76.7,22.94,71.67,0.0,17.24,1008.39
2024-01-29 00:00:00,2024-01-30 00:00:00,24,10.9,76.9,23.04,67.08,0.0,11.1,1009.91
2024-01-29 00:00:00,2024-01-30 00:00:00,24,10.9,77.1,26.02,64.68,0.0,12.32,1009.96
2024-01-29 00:00:00,2024-01-30 00:00:00,24,11.2,76.7,24.62,59.7,0.0,11.74,1008.83
2024-01-29 00:00:00,2024-01-30 00:00:00,24,11.2,76.9,24.71,68.32,0.0,12.22,1009.69
2024-01-29 00:00:00,2024-01-30 00:00:00,24,11.2,77.1,23.08,58.75,0.0,10.57,1007.72
2024-01-29 00:00:00,2024-01-31 00:00:00,48,10.3,76.7,19.38,64.21,0.0,17.89,1010.13
2024-01-29 00:00:00,2024-01-31 00:00:00,48,10.3,76.9,22.69,69.93,0.0,13.55,1012.36
2024-01-29 00:00:00,2024-01-31 00:00:00,48,10.3,77.1,25.2,57.91,0.0,15.55,1014.27
2024-01-29 00:00:00,2024-01-31 00:00:00,48,10.6,76.7,22.1,61.1,0.0,12.62,1010.11
2024-01-29 00:00:00,2024-01-31 00:00:00,48,10.6,76.9,23.13,69.53,0.0,10.51,1011.38
2024-01-29 00:00:00,2024-01-31 00:00:00,48,10.6,77.1,22.37,52.68,0.0,16.43,1012.3
2024-01-29 00:00:00,2024-01-31 00:00:00,48,10.9,76.7,22.56,54.58,0.0,17.18,1010.88
2024-01-29 00:00:00,2024-01-31 00:00:00,48,10.9,76.9,24.4,67.89,0.0,16.99,1010.49
2024-01-29 00:00:00,2024-01-31 00:00:00,48,10.9,77.1,23.25,71.63,0.0,14.59,1010.98
2024-01-29 00:00:00,2024-01-31 00:00:00,48,11.2,76.7,21.16,60.79,0.0,13.88,1010.84
2024-01-29 00:00:00,2024-01-31 00:00:00,48,11.2,76.9,25.41,76.31,0.0,15.09,1009.99
2024-01-29 00:00:00,2024-01-31 00:00:00,48,11.2,77.1,26.88,41.64,3.1,10.39,1010.44
2024-01-29 00:00:00,2024-02-01 00:00:00,72,10.3,76.7,25.66,64.03,0.0,9.01,1013.26
2024-01-29 00:00:00,2024-02-01 00:00:00,72,10.3,76.9,23.39,72.47,0.0,15.91,1011.73
2024-01-29 00:00:00,2024-02-01 00:00:00,72,10.3,77.1,23.88,56.98,0.0,9.5,1009.54
2024-01-29 00:00:00,2024-02-01 00:00:00,72,10.6,76.7,27.95,66.7,0.0,11.88,1009.99
2024-01-29 00:00:00,2024-02-01 00:00:00,72,10.6,76.9,22.19,68.52,0.0,12.77,1011.51
2024-01-29 00:00:00,2024-02-01 00:00:00,72,10.6,77.1,24.89,66.91,0.0,8.06,1008.55
2024-01-29 00:00:00,2024-02-01 00:00:00,72,10.9,76.7,22.47,61.79,0.0,13.99,1010.44
2024-01-29 00:00:00,2024-02-01 00:00:00,72,10.9,76.9,25.43,56.87,0.0,13.48,1012.15
2024-01-29 00:00:00,2024-02-01 00:00:00,72,10.9,77.1,20.66,67.02,0.0,14.6,1009.57
2024-01-29 00:00:00,2024-02-01 00:00:00,72,11.2,76.7,23.66,52.41,0.0,12.94,1010.7
2024-01-29 00:00:00,2024-02-01 00:00:00,72,11.2,76.9,28.84,56.45,0.0,13.67,1007.43
2024-01-29 00:00:00,2024-02-01 00:00:00,72,11.2,77.1,28.34,70.93,0.0,13.59,1009.24
2024-01-30 00:00:00,2024-01-31 00:00:00,24,10.3,76.7,24.91,83.25,0.0,12.72,1012.97
2024-01-30 00:00:00,2024-01-31 00:00:00,24,10.3,76.9,23.71,67.23,0.0,15.17,1010.51
2024-01-30 00:00:00,2024-01-31 00:00:00,24,10.3,77.1,26.93,54.79,0.0,11.81,1011.51
2024-01-30 00:00:00,2024-01-31 00:00:00,24,10.6,76.7,25.89,52.55,0.0,14.96,1007.6
2024-01-30 00:00:00,2024-01-31 00:00:00,24,10.6,76.9,25.71,80.24,0.0,13.53,1009.2
2024-01-30 00:00:00,2024-01-31 00:00:00,24,10.6,77.1,26.09,51.92,0.0,11.08,1009.63
2024-01-30 00:00:00,2024-01-31 00:00:00,24,10.9,76.7,23.89,63.08,0.0,17.22,1010.82
2024-01-30 00:00:00,2024-01-31 00:00:00,24,10.9,76.9,26.9,52.33,0.0,12.75,1010.24
2024-01-30 00:00:00,2024-01-31 00:00:00,24,10.9,77.1,25.98,68.08,0.0,11.45,1011.92
2024-01-30 00:00:00,2024-01-31 00:00:00,24,11.2,76.7,24.03,74.67,0.0,14.3,1010.04
2024-01-30 00:00:00,2024-01-31 00:00:00,24,11.2,76.9,20.43,62.08,0.0,7.41,1011.1
2024-01-30 00:00:00,2024-01-31 00:00:00,24,11.2,77.1,25.47,66.31,0.0,4.69,1012.4
2024-01-30 00:00:00,2024-02-01 00:00:00,48,10.3,76.7,24.67,53.97,0.0,17.43,1008.51
2024-01-30 00:00:00,2024-02-01 00:00:00,48,10.3,76.9,25.35,59.77,0.0,15.88,1012.11
2024-01-30 00:00:00,2024-02-01 00:00:00,48,10.3,77.1,27.49,57.04,0.0,19.91,1008.79
2024-01-30 00:00:00,2024-02-01 00:00:00,48,10.6,76.7,29.64,65.1,0.0,19.13,1010.77
2024-01-30 00:00:00,2024-02-01 00:00:00,48,10.6,76.9,25.61,67.25,0.0,12.06,1010.72
2024-01-30 00:00:00,2024-02-01 00:00:00,48,10.6,77.1,25.67,75.9,0.0,9.89,1011.57
2024-01-30 00:00:00,2024-02-01 00:00:00,48,10.9,76.7,26.11,65.91,0.0,12.61,1010.32
2024-01-30 00:00:00,2024-02-01 00:00:00,48,10.9,76.9,24.8,61.41,2.16,9.66,1012.11
2024-01-30 00:00:00,2024-02-01 00:00:00,48,10.9,77.1,22.07,66.4,0.0,21.24,1008.91
2024-01-30 00:00:00,2024-02-01 00:00:00,48,11.2,76.7,25.35,63.78,0.0,12.0,1009.28
2024-01-30 00:00:00,2024-02-01 00:00:00,48,11.2,76.9,26.89,48.87,0.0,11.43,1010.79
2024-01-30 00:00:00,2024-02-01 00:00:00,48,11.2,77.1,22.46,71.58,0.0,16.25,1011.54
2024-01-30 00:00:00,2024-02-02 00:00:00,72,10.3,76.7,22.69,63.02,0.0,10.45,1009.76
2024-01-30 00:00:00,2024-02-02 00:00:00,72,10.3,76.9,21.69,71.53,0.0,16.58,1012.76
2024-01-30 00:00:00,2024-02-02 00:00:00,72,10.3,77.1,25.42,53.03,0.0,22.54,1013.71
2024-01-30 00:00:00,2024-02-02 00:00:00,72,10.6,76.7,23.49,48.5,0.0,16.6,1009.91
2024-01-30 00:00:00,2024-02-02 00:00:00,72,10.6,76.9,28.22,73.78,0.0,12.31,1012.04
2024-01-30 00:00:00,2024-02-02 00:00:00,72,10.6,77.1,22.54,64.7,0.0,7.58,1011.86
2024-01-30 00:00:00,2024-02-02 00:00:00,72,10.9,76.7,21.89,58.4,0.0,12.44,1012.23
2024-01-30 00:00:00,2024-02-02 00:00:00,72,10.9,76.9,25.46,54.82,0.0,13.47,1009.54
2024-01-30 00:00:00,2024-02-02 00:00:00,72,10.9,77.1,25.23,66.0,8.94,20.42,1012.07
2024-01-30 00:00:00,2024-02-02 00:00:00,72,11.2,76.7,20.95,83.05,0.0,14.68,1010.5
2024-01-30 00:00:00,2024-02-02 00:00:00,72,11.2,76.9,27.65,68.89,2.86,20.98,1005.94
2024-01-30 00:00:00,2024-02-02 00:00:00,72,11.2,77.1,21.72,71.03,0.0,20.02,1011.18
2024-01-31 00:00:00,2024-02-01 00:00:00,24,10.3,76.7,24.89,58.62,0.0,18.98,1012.75
2024-01-31 00:00:00,2024-02-01 00:00:00,24,10.3,76.9,22.56,63.02,0.0,10.6,1011.48
2024-01-31 00:00:00,2024-02-01 00:00:00,24,10.3,77.1,25.37,65.8,0.0,17.79,1009.05
2024-01-31 00:00:00,2024-02-01 00:00:00,24,10.6,76.7,25.6,62.11,0.0,9.97,1010.23
2024-01-31 00:00:00,2024-02-01 00:00:00,24,10.6,76.9,21.58,65.54,0.0,18.12,1009.9
2024-01-31 00:00:00,2024-02-01 00:00:00,24,10.6,77.1,22.57,65.56,0.0,10.12,1011.24
2024-01-31 00:00:00,2024-02-01 00:00:00,24,10.9,76.7,23.31,64.28,0.0,11.49,1009.55
2024-01-31 00:00:00,2024-02-01 00:00:00,24,10.9,76.9,25.68,63.61,0.0,11.73,1007.69
2024-01-31 00:00:00,2024-02-01 00:00:00,24,10.9,77.1,25.07,64.69,0.0,9.94,1009.33
2024-01-31 00:00:00,2024-02-01 00:00:00,24,11.2,76.7,21.59,63.71,0.0,12.07,1010.56
2024-01-31 00:00:00,2024-02-01 00:00:00,24,11.2,76.9,25.1,74.89,0.0,16.36,1009.61
2024-01-31 00:00:00,2024-02-01 00:00:00,24,11.2,77.1,24.44,65.52,5.51,10.38,1010.06
2024-01-31 00:00:00,2024-02-02 00:00:00,48,10.3,76.7,26.31,60.37,0.0,15.91,1013.18
2024-01-31 00:00:00,2024-02-02 00:00:00,48,10.3,76.9,30.76,65.26,0.0,18.92,1011.82
2024-01-31 00:00:00,2024-02-02 00:00:00,48,10.3,77.1,24.01,68.92,0.0,19.03,1011.62
2024-01-31 00:00:00,2024-02-02 00:00:00,48,10.6,76.7,22.58,68.78,0.0,9.29,1011.39
2024-01-31 00:00:00,2024-02-02 00:00:00,48,10.6,76.9,22.81,66.31,4.25,13.84,1009.96
2024-01-31 00:00:00,2024-02-02 00:00:00,48,10.6,77.1,22.0,66.49,7.28,15.86,1013.44
2024-01-31 00:00:00,2024-02-02 00:00:00,48,10.9,76.7,25.02,61.97,0.0,18.83,1008.09
2024-01-31 00:00:00,2024-02-02 00:00:00,48,10.9,76.9,22.41,63.32,0.0,12.58,1009.91
2024-01-31 00:00:00,2024-02-02 00:00:00,48,10.9,77.1,19.78,80.17,0.0,9.07,1007.96
2024-01-31 00:00:00,2024-02-02 00:00:00,48,11.2,76.7,24.31,54.53,0.0,17.64,1010.82
2024-01-31 00:00:00,2024-02-02 00:00:00,48,11.2,76.9,22.24,68.48,0.2,14.51,1011.8
2024-01-31 00:00:00,2024-02-02 00:00:00,48,11.2,77.1,20.52,72.66,9.65,15.44,1010.44
2024-01-31 00:00:00,2024-02-03 00:00:00,72,10.3,76.7,22.25,62.21,0.0,13.96,1011.13
2024-01-31 00:00:00,2024-02-03 00:00:00,72,10.3,76.9,20.6,75.23,2.64,21.61,1010.43
2024-01-31 00:00:00,2024-02-03 00:00:00,72,10.3,77.1,22.46,76.46,0.0,12.98,1011.67
2024-01-31 00:00:00,2024-02-03 00:00:00,72,10.6,76.7,21.22,61.09,0.0,13.33,1011.38
2024-01-31 00:00:00,2024-02-03 00:00:00,72,10.6,76.9,20.35,59.76,0.0,6.04,1008.62
2024-01-31 00:00:00,2024-02-03 00:00:00,72,10.6,77.1,28.1,64.5,0.0,16.0,1010.23
2024-01-31 00:00:00,2024-02-03 00:00:00,72,10.9,76.7,23.33,65.37,0.0,19.26,1008.44
2024-01-31 00:00:00,2024-02-03 00:00:00,72,10.9,76.9,23.13,60.39,0.0,16.89,1008.16
2024-01-31 00:00:00,2024-02-03 00:00:00,72,10.9,77.1,24.48,61.8,0.0,16.34,1012.59
2024-01-31 00:00:00,2024-02-03 00:00:00,72,11.2,76.7,26.8,68.94,0.0,13.69,1008.42
2024-01-31 00:00:00,2024-02-03 00:00:00,72,11.2,76.9,25.62,62.37,0.0,1.58,1009.34
2024-01-31 00:00:00,2024-02-03 00:00:00,72,11.2,77.1,23.2,56.65,0.0,10.44,1006.44
2024-02-01 00:00:00,2024-02-02 00:00:00,24,10.3,76.7,23.02,55.34,0.0,9.83,1010.93
2024-02-01 00:00:00,2024-02-02 00:00:00,24,10.3,76.9,24.87,70.73,0.0,15.02,1013.9
2024-02-01 00:00:00,2024-02-02 00:00:00,24,10.3,77.1,21.7,52.02,0.0,18.22,1012.42
2024-02-01 00:00:00,2024-02-02 00:00:00,24,10.6,76.7,25.69,65.44,0.0,9.7,1012.12
2024-02-01 00:00:00,2024-02-02 00:00:00,24,10.6,76.9,25.22,62.26,0.0,18.5,1009.84
2024-02-01 00:00:00,2024-02-02 00:00:00,24,10.6,77.1,23.3,76.65,0.0,16.21,1009.84
2024-02-01 00:00:00,2024-02-02 00:00:00,24,10.9,76.7,24.82,58.41,0.0,9.4,1009.61
2024-02-01 00:00:00,2024-02-02 00:00:00,24,10.9,76.9,23.14,75.63,0.0,7.09,1009.74
2024-02-01 00:00:00,2024-02-02 00:00:00,24,10.9,77.1,23.84,53.89,0.0,16.59,1008.18
2024-02-01 00:00:00,2024-02-02 00:00:00,24,11.2,76.7,25.04,61.68,0.0,14.96,1009.03
2024-02-01 00:00:00,2024-02-02 00:00:00,24,11.2,76.9,23.67,59.15,0.0,13.93,1009.71
2024-02-01 00:00:00,2024-02-02 00:00:00,24,11.2,77.1,26.67,74.06,0.0,13.51,1011.36
2024-02-01 00:00:00,2024-02-03 00:00:00,48,10.3,76.7,21.45,57.74,0.0,15.73,1012.56
2024-02-01 00:00:00,2024-02-03 00:00:00,48,10.3,76.9,23.88,64.94,0.51,9.4,1013.75
2024-02-01 00:00:00,2024-02-03 00:00:00,48,10.3,77.1,28.2,70.65,0.0,12.05,1013.45
2024-02-01 00:00:00,2024-02-03 00:00:00,48,10.6,76.7,25.29,51.17,0.0,15.17,1008.6
2024-02-01 00:00:00,2024-02-03 00:00:00,48,10.6,76.9,24.52,65.73,5.75,12.51,1011.28
2024-02-01 00:00:00,2024-02-03 00:00:00,48,10.6,77.1,24.69,62.08,0.0,15.45,1009.1
2024-02-01 00:00:00,2024-02-03 00:00:00,48,10.9,76.7,27.76,81.19,0.0,13.02,1009.6
2024-02-01 00:00:00,2024-02-03 00:00:00,48,10.9,76.9,26.96,67.1,0.0,15.75,1013.25
2024-02-01 00:00:00,2024-02-03 00:00:00,48,10.9,77.1,25.61,53.39,0.0,13.6,1008.88
2024-02-01 00:00:00,2024-02-03 00:00:00,48,11.2,76.7,24.6,80.63,0.0,12.14,1008.41
2024-02-01 00:00:00,2024-02-03 00:00:00,48,11.2,76.9,26.68,71.32,0.0,16.39,1008.86
2024-02-01 00:00:00,2024-02-03 00:00:00,48,11.2,77.1,24.21,65.64,0.0,15.34,1009.69
2024-02-01 00:00:00,2024-02-04 00:00:00,72,10.3,76.7,28.43,61.96,0.0,17.71,1011.21
2024-02-01 00:00:00,2024-02-04 00:00:00,72,10.3,76.9,24.59,67.92,0.0,12.27,1011.7
2024-02-01 00:00:00,2024-02-04 00:00:00,72,10.3,77.1,24.71,68.96,0.0,16.27,1010.34
2024-02-01 00:00:00,2024-02-04 00:00:00,72,10.6,76.7,25.68,68.44,0.0,7.33,1009.7
2024-02-01 00:00:00,2024-02-04 00:00:00,72,10.6,76.9,25.18,59.72,0.0,18.48,1011.85
2024-02-01 00:00:00,2024-02-04 00:00:00,72,10.6,77.1,27.32,48.7,0.0,17.14,1011.28
2024-02-01 00:00:00,2024-02-04 00:00:00,72,10.9,76.7,24.17,67.42,0.0,19.97,1009.48
2024-02-01 00:00:00,2024-02-04 00:00:00,72,10.9,76.9,25.76,62.44,0.0,14.71,1010.82
2024-02-01 00:00:00,2024-02-04 00:00:00,72,10.9,77.1,29.24,69.82,0.0,19.78,1008.84
2024-02-01 00:00:00,2024-02-04 00:00:00,72,11.2,76.7,23.51,53.15,0.0,15.25,1008.37
2024-02-01 00:00:00,2024-02-04 00:00:00,72,11.2,76.9,26.79,72.07,0.0,13.53,1008.74
2024-02-01 00:00:00,2024-02-04 00:00:00,72,11.2,77.1,28.17,55.05,0.0,19.24,1009.77
2024-02-02 00:00:00,2024-02-03 00:00:00,24,10.3,76.7,27.08,81.02,0.04,8.06,1010.23
2024-02-02 00:00:00,2024-02-03 00:00:00,24,10.3,76.9,24.87,75.26,0.0,13.75,1013.0
2024-02-02 00:00:00,2024-02-03 00:00:00,24,10.3,77.1,24.96,59.59,0.0,13.58,1009.95
2024-02-02 00:00:00,2024-02-03 00:00:00,24,10.6,76.7,24.29,57.9,0.0,10.54,1011.95
2024-02-02 00:00:00,2024-02-03 00:00:00,24,10.6,76.9,25.33,55.46,0.0,13.1,1008.88
2024-02-02 00:00:00,2024-02-03 00:00:00,24,10.6,77.1,23.45,64.22,0.0,16.01,1012.31
2024-02-02 00:00:00,2024-02-03 00:00:00,24,10.9,76.7,25.21,70.85,0.0,15.08,1007.95
2024-02-02 00:00:00,2024-02-03 00:00:00,24,10.9,76.9,25.62,64.73,0.0,18.06,1009.2
2024-02-02 00:00:00,2024-02-03 00:00:00,24,10.9,77.1,24.21,51.32,0.0,11.94,1012.78
2024-02-02 00:00:00,2024-02-03 00:00:00,24,11.2,76.7,25.91,67.56,0.0,7.08,1008.81
2024-02-02 00:00:00,2024-02-03 00:00:00,24,11.2,76.9,24.23,66.06,0.0,9.03,1010.34
2024-02-02 00:00:00,2024-02-03 00:00:00,24,11.2,77.1,23.87,67.86,0.0,15.68,1009.78
2024-02-02 00:00:00,2024-02-04 00:00:00,48,10.3,76.7,26.33,68.52,0.0,15.81,1009.19
2024-02-02 00:00:00,2024-02-04 00:00:00,48,10.3,76.9,28.12,66.6,0.0,17.29,1008.61
2024-02-02 00:00:00,2024-02-04 00:00:00,48,10.3,77.1,25.42,78.15,0.0,14.59,1012.93
2024-02-02 00:00:00,2024-02-04 00:00:00,48,10.6,76.7,24.66,62.7,2.8,14.59,1009.74
2024-02-02 00:00:00,2024-02-04 00:00:00,48,10.6,76.9,23.1,50.8,3.84,12.39,1011.24
2024-02-02 00:00:00,2024-02-04 00:00:00,48,10.6,77.1,26.21,81.63,0.0,14.84,1010.55
2024-02-02 00:00:00,2024-02-04 00:00:00,48,10.9,76.7,20.96,57.32,0.0,9.28,1008.98
2024-02-02 00:00:00,2024-02-04 00:00:00,48,10.9,76.9,21.25,66.59,0.0,17.31,1010.99
2024-02-02 00:00:00,2024-02-04 00:00:00,48,10.9,77.1,20.7,64.52,0.0,14.8,1010.42
2024-02-02 00:00:00,2024-02-04 00:00:00,48,11.2,76.7,22.51,71.15,0.0,2.12,1010.49
2024-02-02 00:00:00,2024-02-04 00:00:00,48,11.2,76.9,24.35,73.64,0.0,17.36,1009.03
2024-02-02 00:00:00,2024-02-04 00:00:00,48,11.2,77.1,27.43,61.86,0.0,12.5,1010.33
2024-02-02 00:00:00,2024-02-05 00:00:00,72,10.3,76.7,22.49,65.43,0.0,15.38,1010.2
2024-02-02 00:00:00,2024-02-05 00:00:00,72,10.3,76.9,25.32,62.69,0.0,13.92,1012.96
2024-02-02 00:00:00,2024-02-05 00:00:00,72,10.3,77.1,22.32,58.12,0.0,16.38,1012.64
2024-02-02 00:00:00,2024-02-05 00:00:00,72,10.6,76.7,22.67,66.62,0.0,10.67,1010.22
2024-02-02 00:00:00,2024-02-05 00:00:00,72,10.6,76.9,25.44,69.19,16.28,14.34,1011.02
2024-02-02 00:00:00,2024-02-05 00:00:00,72,10.6,77.1,27.42,48.97,0.0,10.94,1012.98
2024-02-02 00:00:00,2024-02-05 00:00:00,72,10.9,76.7,23.62,60.02,0.0,14.91,1010.74
2024-02-02 00:00:00,2024-02-05 00:00:00,72,10.9,76.9,25.08,58.26,0.0,21.29,1010.85
2024-02-02 00:00:00,2024-02-05 00:00:00,72,10.9,77.1,27.0,70.84,0.0,10.17,1013.29
2024-02-02 00:00:00,2024-02-05 00:00:00,72,11.2,76.7,23.44,68.57,0.0,13.26,1010.74
2024-02-02 00:00:00,2024-02-05 00:00:00,72,11.2,76.9,20.58,68.94,0.0,16.99,1008.75
2024-02-02 00:00:00,2024-02-05 00:00:00,72,11.2,77.1,21.27,53.1,0.0,20.9,1010.21
2024-02-03 00:00:00,2024-02-04 00:00:00,24,10.3,76.7,22.71,55.06,0.0,10.68,1011.68
2024-02-03 00:00:00,2024-02-04 00:00:00,24,10.3,76.9,24.58,59.07,0.0,9.3,1011.08
2024-02-03 00:00:00,2024-02-04 00:00:00,24,10.3,77.1,22.85,59.08,0.0,13.68,1012.78
2024-02-03 00:00:00,2024-02-04 00:00:00,24,10.6,76.7,25.51,59.65,0.0,15.38,1008.86
2024-02-03 00:00:00,2024-02-04 00:00:00,24,10.6,76.9,26.4,75.09,0.0,11.31,1009.44
2024-02-03 00:00:00,2024-02-04 00:00:00,24,10.6,77.1,26.75,57.19,0.0,16.41,1010.04
2024-02-03 00:00:00,2024-02-04 00:00:00,24,10.9,76.7,24.39,62.38,0.0,9.06,1011.79
2024-02-03 00:00:00,2024-02-04 00:00:00,24,10.9,76.9,24.69,51.89,0.0,19.4,1011.32
2024-02-03 00:00:00,2024-02-04 00:00:00,24,10.9,77.1,27.42,69.26,0.0,13.72,1008.61
2024-02-03 00:00:00,2024-02-04 00:00:00,24,11.2,76.7,25.24,62.98,4.39,15.8,1007.14
2024-02-03 00:00:00,2024-02-04 00:00:00,24,11.2,76.9,23.43,62.24,0.0,12.53,1006.05
2024-02-03 00:00:00,2024-02-04 00:00:00,24,11.2,77.1,25.48,59.97,0.0,12.33,1011.35
2024-02-03 00:00:00,2024-02-05 00:00:00,48,10.3,76.7,22.73,67.18,0.0,11.91,1012.24
2024-02-03 00:00:00,2024-02-05 00:00:00,48,10.3,76.9,23.44,71.62,0.0,10.05,1010.07
2024-02-03 00:00:00,2024-02-05 00:00:00,48,10.3,77.1,24.85,67.53,0.0,11.0,1009.0
2024-02-03 00:00:00,2024-02-05 00:00:00,48,10.6,76.7,22.57,69.96,0.0,9.07,1010.87
2024-02-03 00:00:00,2024-02-05 00:00:00,48,10.6,76.9,24.23,58.38,0.0,10.43,1012.18
2024-02-03 00:00:00,2024-02-05 00:00:00,48,10.6,77.1,28.45,66.31,0.0,10.44,1007.2
2024-02-03 00:00:00,2024-02-05 00:00:00,48,10.9,76.7,27.84,78.95,0.0,11.67,1011.94
2024-02-03 00:00:00,2024-02-05 00:00:00,48,10.9,76.9,23.22,53.52,0.0,8.18,1011.93
2024-02-03 00:00:00,2024-02-05 00:00:00,48,10.9,77.1,25.25,73.59,0.0,10.99,1010.3
2024-02-03 00:00:00,2024-02-05 00:00:00,48,11.2,76.7,22.52,79.05,0.0,14.64,1009.7
2024-02-03 00:00:00,2024-02-05 00:00:00,48,11.2,76.9,24.66,63.53,0.0,21.76,1010.45
2024-02-03 00:00:00,2024-02-05 00:00:00,48,11.2,77.1,28.54,55.43,0.0,14.74,1008.97
2024-02-03 00:00:00,2024-02-06 00:00:00,72,10.3,76.7,23.38,54.89,0.0,11.21,1009.69
2024-02-03 00:00:00,2024-02-06 00:00:00,72,10.3,76.9,30.5,61.08,4.01,13.75,1009.47
2024-02-03 00:00:00,2024-02-06 00:00:00,72,10.3,77.1,24.03,70.5,0.0,13.78,1012.61
2024-02-03 00:00:00,2024-02-06 00:00:00,72,10.6,76.7,28.52,62.19,0.0,11.81,1013.73
2024-02-03 00:00:00,2024-02-06 00:00:00,72,10.6,76.9,22.32,62.59,18.48,12.0,1011.88
2024-02-03 00:00:00,2024-02-06 00:00:00,72,10.6,77.1,20.8,58.07,0.0,19.37,1010.31
2024-02-03 00:00:00,2024-02-06 00:00:00,72,10.9,76.7,22.95,71.68,0.0,17.68,1008.76
2024-02-03 00:00:00,2024-02-06 00:00:00,72,10.9,76.9,27.62,74.42,0.0,20.35,1008.94
2024-02-03 00:00:00,2024-02-06 00:00:00,72,10.9,77.1,21.49,52.52,0.0,18.18,1008.41
2024-02-03 00:00:00,2024-02-06 00:00:00,72,11.2,76.7,22.56,68.77,0.0,12.85,1011.77
2024-02-03 00:00:00,2024-02-06 00:00:00,72,11.2,76.9,19.87,67.3,0.0,11.85,1009.21
2024-02-03 00:00:00,2024-02-06 00:00:00,72,11.2,77.1,26.0,58.58,0.0,10.58,1009.74
2024-02-04 00:00:00,2024-02-05 00:00:00,24,10.3,76.7,24.04,65.12,0.06,13.87,1011.99
2024-02-04 00:00:00,2024-02-05 00:00:00,24,10.3,76.9,22.83,70.8,0.0,17.38,1012.36
2024-02-04 00:00:00,2024-02-05 00:00:00,24,10.3,77.1,22.17,76.9,0.0,19.79,1015.32
2024-02-04 00:00:00,2024-02-05 00:00:00,24,10.6,76.7,25.83,69.48,0.0,10.62,1010.47
2024-02-04 00:00:00,2024-02-05 00:00:00,24,10.6,76.9,26.41,62.2,0.0,15.87,1010.94
2024-02-04 00:00:00,2024-02-05 00:00:00,24,10.6,77.1,24.13,76.09,0.0,14.61,1012.22
2024-02-04 00:00:00,2024-02-05 00:00:00,24,10.9,76.7,25.03,59.48,0.0,14.21,1006.29
2024-02-04 00:00:00,2024-02-05 00:00:00,24,10.9,76.9,26.84,63.88,0.0,19.85,1008.58
2024-02-04 00:00:00,2024-02-05 00:00:00,24,10.9,77.1,22.6,58.24,0.0,18.9,1007.6
2024-02-04 00:00:00,2024-02-05 00:00:00,24,11.2,76.7,25.55,59.57,0.0,15.58,1009.99
2024-02-04 00:00:00,2024-02-05 00:00:00,24,11.2,76.9,24.49,83.3,0.0,17.64,1011.2
2024-02-04 00:00:00,2024-02-05 00:00:00,24,11.2,77.1,24.29,77.67,0.0,14.56,1007.27
2024-02-04 00:00:00,2024-02-06 00:00:00,48,10.3,76.7,25.33,71.5,0.0,12.83,1012.61
2024-02-04 00:00:00,2024-02-06 00:00:00,48,10.3,76.9,26.09,79.82,0.0,11.07,1011.41
2024-02-04 00:00:00,2024-02-06 00:00:00,48,10.3,77.1,25.92,52.6,0.0,14.85,1011.56
2024-02-04 00:00:00,2024-02-06 00:00:00,48,10.6,76.7,27.63,64.24,0.0,8.46,1009.38
2024-02-04 00:00:00,2024-02-06 00:00:00,48,10.6,76.9,25.91,82.63,0.0,9.08,1011.37
2024-02-04 00:00:00,2024-02-06 00:00:00,48,10.6,77.1,27.14,77.29,0.0,10.36,1009.05
2024-02-04 00:00:00,2024-02-06 00:00:00,48,10.9,76.7,23.12,54.0,0.0,20.24,1010.86
2024-02-04 00:00:00,2024-02-06 00:00:00,48,10.9,76.9,24.14,58.83,0.0,13.71,1012.0
2024-02-04 00:00:00,2024-02-06 00:00:00,48,10.9,77.1,24.18,60.6,2.95,15.01,1011.27
2024-02-04 00:00:00,2024-02-06 00:00:00,48,11.2,76.7,22.98,60.51,0.0,12.28,1008.11
2024-02-04 00:00:00,2024-02-06 00:00:00,48,11.2,76.9,22.34,62.78,0.0,17.32,1009.54
2024-02-04 00:00:00,2024-02-06 00:00:00,48,11.2,77.1,24.69,53.23,0.0,12.13,1012.55
2024-02-04 00:00:00,2024-02-07 00:00:00,72,10.3,76.7,25.73,58.79,0.0,7.81,1009.72
2024-02-04 00:00:00,2024-02-07 00:00:00,72,10.3,76.9,20.85,82.06,0.0,10.81,1010.77
2024-02-04 00:00:00,2024-02-07 00:00:00,72,10.3,77.1,24.34,69.0,0.0,13.44,1008.4
2024-02-04 00:00:00,2024-02-07 00:00:00,72,10.6,76.7,22.96,57.61,0.0,13.44,1009.44
2024-02-04 00:00:00,2024-02-07 00:00:00,72,10.6,76.9,24.74,74.05,0.0,18.81,1012.38
2024-02-04 00:00:00,2024-02-07 00:00:00,72,10.6,77.1,23.78,73.64,0.0,16.64,1012.91
2024-02-04 00:00:00,2024-02-07 00:00:00,72,10.9,76.7,23.38,65.53,0.0,12.51,1008.03
2024-02-04 00:00:00,2024-02-07 00:00:00,72,10.9,76.9,26.32,52.98,0.0,13.5,1010.89
2024-02-04 00:00:00,2024-02-07 00:00:00,72,10.9,77.1,24.0,52.34,0.0,16.09,1009.48
2024-02-04 00:00:00,2024-02-07 00:00:00,72,11.2,76.7,22.27,60.92,0.0,14.07,1006.2
2024-02-04 00:00:00,2024-02-07 00:00:00,72,11.2,76.9,30.53,59.09,0.0,15.19,1011.01
2024-02-04 00:00:00,2024-02-07 00:00:00,72,11.2,77.1,24.38,56.89,0.0,14.86,1010.53
2024-02-05 00:00:00,2024-02-06 00:00:00,24,10.3,76.7,23.32,66.52,0.0,21.75,1010.77
2024-02-05 00:00:00,2024-02-06 00:00:00,24,10.3,76.9,25.18,65.38,0.0,7.35,1013.35
2024-02-05 00:00:00,2024-02-06 00:00:00,24,10.3,77.1,24.32,67.07,0.0,13.77,1011.31
2024-02-05 00:00:00,2024-02-06 00:00:00,24,10.6,76.7,24.43,79.0,0.0,8.77,1010.18
2024-02-05 00:00:00,2024-02-06 00:00:00,24,10.6,76.9,26.91,59.11,0.0,12.04,1010.8
2024-02-05 00:00:00,2024-02-06 00:00:00,24,10.6,77.1,26.31,67.43,0.0,12.88,1010.89
2024-02-05 00:00:00,2024-02-06 00:00:00,24,10.9,76.7,23.97,52.29,0.0,17.26,1009.25
2024-02-05 00:00:00,2024-02-06 00:00:00,24,10.9,76.9,23.57,67.5,0.0,15.44,1007.85
2024-02-05 00:00:00,2024-02-06 00:00:00,24,10.9,77.1,23.8,53.72,0.0,13.05,1009.8
2024-02-05 00:00:00,2024-02-06 00:00:00,24,11.2,76.7,26.21,76.89,0.0,11.34,1010.49
2024-02-05 00:00:00,2024-02-06 00:00:00,24,11.2,76.9,26.75,63.09,0.0,13.6,1009.69
2024-02-05 00:00:00,2024-02-06 00:00:00,24,11.2,77.1,24.46,77.23,0.0,14.91,1009.95
2024-02-05 00:00:00,2024-02-07 00:00:00,48,10.3,76.7,25.59,57.66,0.0,17.47,1009.89
2024-02-05 00:00:00,2024-02-07 00:00:00,48,10.3,76.9,25.6,68.47,0.0,15.88,1010.64
2024-02-05 00:00:00,2024-02-07 00:00:00,48,10.3,77.1,24.33,75.03,0.0,9.54,1013.09
2024-02-05 00:00:00,2024-02-07 00:00:00,48,10.6,76.7,25.79,54.54,0.0,16.95,1013.59
2024-02-05 00:00:00,2024-02-07 00:00:00,48,10.6,76.9,25.65,71.33,0.0,16.52,1011.39
2024-02-05 00:00:00,2024-02-07 00:00:00,48,10.6,77.1,23.19,48.54,0.0,15.63,1011.96
2024-02-05 00:00:00,2024-02-07 00:00:00,48,10.9,76.7,23.63,75.16,0.0,9.26,1010.36
2024-02-05 00:00:00,2024-02-07 00:00:00,48,10.9,76.9,25.76,70.31,0.0,14.76,1009.72
2024-02-05 00:00:00,2024-02-07 00:00:00,48,10.9,77.1,25.31,76.0,0.0,16.35,1008.63
2024-02-05 00:00:00,2024-02-07 00:00:00,48,11.2,76.7,24.21,62.96,0.0,16.8,1007.08
2024-02-05 00:00:00,2024-02-07 00:00:00,48,11.2,76.9,25.18,63.9,0.0,10.84,1009.35
2024-02-05 00:00:00,2024-02-07 00:00:00,48,11.2,77.1,23.04,67.06,0.0,13.3,1009.9
2024-02-05 00:00:00,2024-02-08 00:00:00,72,10.3,76.7,29.0,53.08,0.0,9.99,1010.01
2024-02-05 00:00:00,2024-02-08 00:00:00,72,10.3,76.9,22.56,54.97,0.0,14.53,1011.14
2024-02-05 00:00:00,2024-02-08 00:00:00,72,10.3,77.1,23.9,83.11,1.37,14.0,1011.63
2024-02-05 00:00:00,2024-02-08 00:00:00,72,10.6,76.7,23.13,62.49,0.0,15.44,1011.45
2024-02-05 00:00:00,2024-02-08 00:00:00,72,10.6,76.9,27.2,72.31,0.0,13.22,1010.01
2024-02-05 00:00:00,2024-02-08 00:00:00,72,10.6,77.1,22.44,79.73,0.0,8.33,1011.96
2024-02-05 00:00:00,2024-02-08 00:00:00,72,10.9,76.7,26.49,57.1,0.0,11.48,1010.31
2024-02-05 00:00:00,2024-02-08 00:00:00,72,10.9,76.9,26.39,69.95,0.0,12.57,1010.12
2024-02-05 00:00:00,2024-02-08 00:00:00,72,10.9,77.1,23.36,63.73,0.0,12.36,1010.94
2024-02-05 00:00:00,2024-02-08 00:00:00,72,11.2,76.7,27.55,60.58,0.0,17.61,1009.71
2024-02-05 00:00:00,2024-02-08 00:00:00,72,11.2,76.9,23.99,81.6,0.0,17.96,1010.71
2024-02-05 00:00:00,2024-02-08 00:00:00,72,11.2,77.1,25.1,66.35,0.0,9.35,1010.21
2024-02-06 00:00:00,2024-02-07 00:00:00,24,10.3,76.7,24.26,64.32,0.0,11.14,1011.97
2024-02-06 00:00:00,2024-02-07 00:00:00,24,10.3,76.9,25.08,62.04,7.21,12.4,1010.7
2024-02-06 00:00:00,2024-02-07 00:00:00,24,10.3,77.1,25.8,57.77,0.0,11.94,1009.25
2024-02-06 00:00:00,2024-02-07 00:00:00,24,10.6,76.7,26.81,63.05,0.0,8.86,1010.27
2024-02-06 00:00:00,2024-02-07 00:00:00,24,10.6,76.9,22.73,64.68,4.95,13.67,1007.15
2024-02-06 00:00:00,2024-02-07 00:00:00,24,10.6,77.1,25.34,65.93,0.0,9.19,1010.29
2024-02-06 00:00:00,2024-02-07 00:00:00,24,10.9,76.7,24.57,71.58,0.0,11.46,1012.0
2024-02-06 00:00:00,2024-02-07 00:00:00,24,10.9,76.9,27.22,59.99,0.0,13.57,1007.91
2024-02-06 00:00:00,2024-02-07 00:00:00,24,10.9,77.1,24.97,70.96,0.0,10.68,1009.36
2024-02-06 00:00:00,2024-02-07 00:00:00,24,11.2,76.7,22.85,75.86,0.0,11.22,1009.57
2024-02-06 00:00:00,2024-02-07 00:00:00,24,11.2,76.9,22.31,73.45,0.0,14.18,1009.33
2024-02-06 00:00:00,2024-02-07 00:00:00,24,11.2,77.1,27.39,76.45,0.0,15.2,1010.49
2024-02-06 00:00:00,2024-02-08 00:00:00,48,10.3,76.7,22.03,52.86,0.0,14.42,1010.71
2024-02-06 00:00:00,2024-02-08 00:00:00,48,10.3,76.9,23.17,64.16,0.0,14.58,1009.63
2024-02-06 00:00:00,2024-02-08 00:00:00,48,10.3,77.1,25.11,58.92,0.0,14.33,1009.11
2024-02-06 00:00:00,2024-02-08 00:00:00,48,10.6,76.7,24.01,74.22,0.0,11.73,1010.96
2024-02-06 00:00:00,2024-02-08 00:00:00,48,10.6,76.9,25.45,69.62,1.5,19.48,1010.71
2024-02-06 00:00:00,2024-02-08 00:00:00,48,10.6,77.1,20.03,67.11,0.0,9.52,1012.29
2024-02-06 00:00:00,2024-02-08 00:00:00,48,10.9,76.7,23.14,60.39,0.0,18.18,1013.17
2024-02-06 00:00:00,2024-02-08 00:00:00,48,10.9,76.9,26.8,62.49,0.0,13.91,1010.39
2024-02-06 00:00:00,2024-02-08 00:00:00,48,10.9,77.1,21.92,62.12,0.0,12.32,1010.63
2024-02-06 00:00:00,2024-02-08 00:00:00,48,11.2,76.7,27.78,73.37,0.0,15.8,1010.12
2024-02-06 00:00:00,2024-02-08 00:00:00,48,11.2,76.9,25.38,58.95,0.0,17.27,1009.22
2024-02-06 00:00:00,2024-02-08 00:00:00,48,11.2,77.1,23.12,64.83,0.0,10.01,1008.96
2024-02-06 00:00:00,2024-02-09 00:00:00,72,10.3,76.7,20.06,66.62,0.0,18.02,1011.84
2024-02-06 00:00:00,2024-02-09 00:00:00,72,10.3,76.9,23.28,78.57,0.0,15.63,1011.97
2024-02-06 00:00:00,2024-02-09 00:00:00,72,10.3,77.1,23.2,54.4,0.0,6.92,1009.61
2024-02-06 00:00:00,2024-02-09 00:00:00,72,10.6,76.7,24.23,73.87,0.0,9.78,1012.9
2024-02-06 00:00:00,2024-02-09 00:00:00,72,10.6,76.9,30.11,57.47,0.0,14.83,1011.49
2024-02-06 00:00:00,2024-02-09 00:00:00,72,10.6,77.1,27.36,61.34,0.0,14.57,1010.37
2024-02-06 00:00:00,2024-02-09 00:00:00,72,10.9,76.7,21.7,71.63,0.0,14.59,1010.77
2024-02-06 00:00:00,2024-02-09 00:00:00,72,10.9,76.9,23.96,63.31,0.0,10.83,1009.64
2024-02-06 00:00:00,2024-02-09 00:00:00,72,10.9,77.1,25.69,63.29,5.25,14.43,1011.52
2024-02-06 00:00:00,2024-02-09 00:00:00,72,11.2,76.7,23.48,59.03,0.0,13.97,1010.12
2024-02-06 00:00:00,2024-02-09 00:00:00,72,11.2,76.9,29.08,67.66,0.0,15.52,1011.04
2024-02-06 00:00:00,2024-02-09 00:00:00,72,11.2,77.1,21.51,65.0,0.0,8.59,1010.74
2024-02-07 00:00:00,2024-02-08 00:00:00,24,10.3,76.7,24.69,66.22,23.17,20.46,1009.68
2024-02-07 00:00:00,2024-02-08 00:00:00,24,10.3,76.9,26.13,65.97,0.0,14.25,1011.62
2024-02-07 00:00:00,2024-02-08 00:00:00,24,10.3,77.1,25.13,70.7,0.0,12.76,1010.81
2024-02-07 00:00:00,2024-02-08 00:00:00,24,10.6,76.7,26.08,68.25,0.0,16.89,1012.77
2024-02-07 00:00:00,2024-02-08 00:00:00,24,10.6,76.9,25.12,70.19,0.0,12.66,1012.81
2024-02-07 00:00:00,2024-02-08 00:00:00,24,10.6,77.1,24.87,61.0,0.0,7.25,1011.08
2024-02-07 00:00:00,2024-02-08 00:00:00,24,10.9,76.7,22.89,73.27,0.0,12.52,1008.53
2024-02-07 00:00:00,2024-02-08 00:00:00,24,10.9,76.9,23.21,74.34,0.0,9.91,1010.19
2024-02-07 00:00:00,2024-02-08 00:00:00,24,10.9,77.1,25.69,53.74,0.0,18.1,1012.27
2024-02-07 00:00:00,2024-02-08 00:00:00,24,11.2,76.7,24.31,72.96,0.0,14.93,1006.78
2024-02-07 00:00:00,2024-02-08 00:00:00,24,11.2,76.9,22.19,61.69,0.0,14.64,1007.7
2024-02-07 00:00:00,2024-02-08 00:00:00,24,11.2,77.1,24.41,53.93,0.0,6.58,1008.96
2024-02-07 00:00:00,2024-02-09 00:00:00,48,10.3,76.7,25.09,73.3,0.0,17.74,1013.86
2024-02-07 00:00:00,2024-02-09 00:00:00,48,10.3,76.9,29.97,74.77,0.0,17.87,1012.98
2024-02-07 00:00:00,2024-02-09 00:00:00,48,10.3,77.1,28.45,55.48,0.0,14.69,1011.49
2024-02-07 00:00:00,2024-02-09 00:00:00,48,10.6,76.7,27.92,76.62,0.0,12.54,1011.47
2024-02-07 00:00:00,2024-02-09 00:00:00,48,10.6,76.9,25.5,63.27,0.0,14.89,1012.76
2024-02-07 00:00:00,2024-02-09 00:00:00,48,10.6,77.1,24.59,75.58,0.0,9.55,1010.12
2024-02-07 00:00:00,2024-02-09 00:00:00,48,10.9,76.7,23.25,64.02,0.0,19.3,1010.67
2024-02-07 00:00:00,2024-02-09 00:00:00,48,10.9,76.9,24.91,65.84,0.0,9.73,1009.27
2024-02-07 00:00:00,2024-02-09 00:00:00,48,10.9,77.1,19.83,51.19,0.0,7.77,1009.53
2024-02-07 00:00:00,2024-02-09 00:00:00,48,11.2,76.7,22.62,66.21,0.0,14.56,1008.67
2024-02-07 00:00:00,2024-02-09 00:00:00,48,11.2,76.9,25.21,52.77,0.0,14.18,1010.71
2024-02-07 00:00:00,2024-02-09 00:00:00,48,11.2,77.1,30.35,77.69,0.0,14.15,1008.14
2024-02-07 00:00:00,2024-02-10 00:00:00,72,10.3,76.7,27.24,72.22,0.0,14.02,1012.63
2024-02-07 00:00:00,2024-02-10 00:00:00,72,10.3,76.9,25.96,75.0,0.0,11.23,1008.26
2024-02-07 00:00:00,2024-02-10 00:00:00,72,10.3,77.1,22.64,62.76,0.0,14.71,1013.12
2024-02-07 00:00:00,2024-02-10 00:00:00,72,10.6,76.7,29.84,67.87,0.0,13.15,1008.59
2024-02-07 00:00:00,2024-02-10 00:00:00,72,10.6,76.9,25.35,65.6,0.0,12.06,1008.08
2024-02-07 00:00:00,2024-02-10 00:00:00,72,10.6,77.1,21.39,60.05,0.0,12.96,1011.7
2024-02-07 00:00:00,2024-02-10 00:00:00,72,10.9,76.7,28.33,57.52,0.0,18.03,1008.37
2024-02-07 00:00:00,2024-02-10 00:00:00,72,10.9,76.9,23.83,67.74,0.0,18.08,1007.37
2024-02-07 00:00:00,2024-02-10 00:00:00,72,10.9,77.1,27.53,57.16,0.0,17.73,1010.84
2024-02-07 00:00:00,2024-02-10 00:00:00,72,11.2,76.7,26.84,56.62,6.01,10.84,1007.15
2024-02-07 00:00:00,2024-02-10 00:00:00,72,11.2,76.9,28.84,58.93,0.0,16.17,1008.33
2024-02-07 00:00:00,2024-02-10 00:00:00,72,11.2,77.1,27.09,49.52,2.44,5.39,1011.48
2024-02-08 00:00:00,2024-02-09 00:00:00,24,10.3,76.7,24.16,62.11,0.0,13.77,1011.89
2024-02-08 00:00:00,2024-02-09 00:00:00,24,10.3,76.9,25.63,59.79,0.0,12.59,1010.36
2024-02-08 00:00:00,2024-02-09 00:00:00,24,10.3,77.1,26.4,80.67,0.0,10.0,1012.62
2024-02-08 00:00:00,2024-02-09 00:00:00,24,10.6,76.7,23.24,72.03,0.0,14.09,1012.84
2024-02-08 00:00:00,2024-02-09 00:00:00,24,10.6,76.9,25.86,70.05,0.0,7.58,1010.7
2024-02-08 00:00:00,2024-02-09 00:00:00,24,10.6,77.1,27.83,57.26,0.0,12.89,1010.29
2024-02-08 00:00:00,2024-02-09 00:00:00,24,10.9,76.7,22.31,68.05,0.0,16.21,1008.98
2024-02-08 00:00:00,2024-02-09 00:00:00,24,10.9,76.9,26.52,72.4,0.0,12.41,1013.22
2024-02-08 00:00:00,2024-02-09 00:00:00,24,10.9,77.1,25.27,54.19,0.0,16.91,1010.64
2024-02-08 00:00:00,2024-02-09 00:00:00,24,11.2,76.7,22.71,60.72,0.0,12.35,1008.99
2024-02-08 00:00:00,2024-02-09 00:00:00,24,11.2,76.9,27.27,67.25,0.0,16.56,1009.43
2024-02-08 00:00:00,2024-02-09 00:00:00,24,11.2,77.1,23.3,57.79,0.0,16.08,1007.9
2024-02-08 00:00:00,2024-02-10 00:00:00,48,10.3,76.7,22.51,59.41,0.0,7.64,1009.48
2024-02-08 00:00:00,2024-02-10 00:00:00,48,10.3,76.9,23.87,45.82,0.0,11.06,1009.7
2024-02-08 00:00:00,2024-02-10 00:00:00,48,10.3,77.1,22.21,81.08,0.0,10.08,1011.75
2024-02-08 00:00:00,2024-02-10 00:00:00,48,10.6,76.7,27.39,71.6,0.0,15.87,1010.76
2024-02-08 00:00:00,2024-02-10 00:00:00,48,10.6,76.9,23.29,64.29,0.0,12.53,1011.28
2024-02-08 00:00:00,2024-02-10 00:00:00,48,10.6,77.1,21.98,79.1,0.0,19.64,1011.63
2024-02-08 00:00:00,2024-02-10 00:00:00,48,10.9,76.7,25.03,69.36,2.09,19.94,1009.34
2024-02-08 00:00:00,2024-02-10 00:00:00,48,10.9,76.9,26.01,71.04,0.0,12.05,1010.9
2024-02-08 00:00:00,2024-02-10 00:00:00,48,10.9,77.1,24.37,64.97,0.0,11.43,1008.86
2024-02-08 00:00:00,2024-02-10 00:00:00,48,11.2,76.7,27.97,62.85,0.0,9.53,1008.07
2024-02-08 00:00:00,2024-02-10 00:00:00,48,11.2,76.9,25.89,66.81,0.0,13.66,1010.59
2024-02-08 00:00:00,2024-02-10 00:00:00,48,11.2,77.1,25.68,74.6,0.0,20.4,1005.84
2024-02-08 00:00:00,2024-02-11 00:00:00,72,10.3,76.7,21.76,61.53,1.62,14.74,1008.09
2024-02-08 00:00:00,2024-02-11 00:00:00,72,10.3,76.9,25.91,53.54,0.0,8.64,1008.84
2024-02-08 00:00:00,2024-02-11 00:00:00,72,10.3,77.1,21.64,75.49,0.0,16.38,1011.53
2024-02-08 00:00:00,2024-02-11 00:00:00,72,10.6,76.7,22.25,72.67,0.0,13.35,1010.92
2024-02-08 00:00:00,2024-02-11 00:00:00,72,10.6,76.9,22.99,63.4,0.0,10.26,1010.45
2024-02-08 00:00:00,2024-02-11 00:00:00,72,10.6,77.1,24.55,64.51,0.0,19.77,1009.04
2024-02-08 00:00:00,2024-02-11 00:00:00,72,10.9,76.7,26.66,58.08,0.0,15.44,1010.52
2024-02-08 00:00:00,2024-02-11 00:00:00,72,10.9,76.9,27.6,70.29,0.0,18.81,1007.92
2024-02-08 00:00:00,2024-02-11 00:00:00,72,10.9,77.1,25.26,69.8,0.0,15.29,1011.73
2024-02-08 00:00:00,2024-02-11 00:00:00,72,11.2,76.7,24.57,55.52,0.0,14.72,1012.55
2024-02-08 00:00:00,2024-02-11 00:00:00,72,11.2,76.9,23.29,57.41,0.0,15.04,1010.21
2024-02-08 00:00:00,2024-02-11 00:00:00,72,11.2,77.1,25.65,57.33,0.0,9.95,1010.12
2024-02-09 00:00:00,2024-02-10 00:00:00,24,10.3,76.7,24.77,69.68,0.0,15.83,1009.6
2024-02-09 00:00:00,2024-02-10 00:00:00,24,10.3,76.9,24.17,69.62,0.0,10.78,1012.2
2024-02-09 00:00:00,2024-02-10 00:00:00,24,10.3,77.1,24.27,61.6,0.0,17.34,1009.6
2024-02-09 00:00:00,2024-02-10 00:00:00,24,10.6,76.7,25.14,66.3,0.0,16.18,1010.45
2024-02-09 00:00:00,2024-02-10 00:00:00,24,10.6,76.9,25.4,60.13,0.0,14.25,1011.47
2024-02-09 00:00:00,2024-02-10 00:00:00,24,10.6,77.1,25.71,76.2,0.0,14.91,1009.4
2024-02-09 00:00:00,2024-02-10 00:00:00,24,10.9,76.7,25.19,47.74,0.0,13.75,1009.93
2024-02-09 00:00:00,2024-02-10 00:00:00,24,10.9,76.9,24.11,76.55,0.0,14.5,1013.21
2024-02-09 00:00:00,2024-02-10 00:00:00,24,10.9,77.1,24.68,58.99,0.0,12.84,1013.29
2024-02-09 00:00:00,2024-02-10 00:00:00,24,11.2,76.7,25.77,57.44,0.0,10.55,1008.62
2024-02-09 00:00:00,2024-02-10 00:00:00,24,11.2,76.9,25.83,61.58,0.0,11.73,1011.21
2024-02-09 00:00:00,2024-02-10 00:00:00,24,11.2,77.1,23.75,68.3,0.0,15.05,1010.16
2024-02-09 00:00:00,2024-02-11 00:00:00,48,10.3,76.7,27.63,63.69,0.0,10.19,1012.68
2024-02-09 00:00:00,2024-02-11 00:00:00,48,10.3,76.9,23.26,58.2,0.0,8.4,1010.91
2024-02-09 00:00:00,2024-02-11 00:00:00,48,10.3,77.1,21.96,70.61,0.0,17.41,1013.67
2024-02-09 00:00:00,2024-02-11 00:00:00,48,10.6,76.7,24.18,50.1,0.14,21.38,1012.71
2024-02-09 00:00:00,2024-02-11 00:00:00,48,10.6,76.9,23.27,57.66,0.0,10.09,1007.92
2024-02-09 00:00:00,2024-02-11 00:00:00,48,10.6,77.1,25.5,79.75,0.0,10.96,1011.83
2024-02-09 00:00:00,2024-02-11 00:00:00,48,10.9,76.7,21.93,70.61,0.0,10.43,1011.99
2024-02-09 00:00:00,2024-02-11 00:00:00,48,10.9,76.9,26.41,65.3,0.0,18.01,1009.88
2024-02-09 00:00:00,2024-02-11 00:00:00,48,10.9,77.1,26.61,74.7,0.0,18.9,1011.5
2024-02-09 00:00:00,2024-02-11 00:00:00,48,11.2,76.7,22.96,74.36,0.0,15.41,1011.38
2024-02-09 00:00:00,2024-02-11 00:00:00,48,11.2,76.9,22.69,75.68,0.0,10.31,1011.21
2024-02-09 00:00:00,2024-02-11 00:00:00,48,11.2,77.1,24.65,70.18,0.0,23.97,1009.72
2024-02-09 00:00:00,2024-02-12 00:00:00,72,10.3,76.7,27.0,70.36,0.0,16.6,1012.47
2024-02-09 00:00:00,2024-02-12 00:00:00,72,10.3,76.9,25.2,66.26,0.0,14.91,1011.26
2024-02-09 00:00:00,2024-02-12 00:00:00,72,10.3,77.1,25.89,63.17,0.0,9.41,1011.47
2024-02-09 00:00:00,2024-02-12 00:00:00,72,10.6,76.7,21.05,59.1,0.0,15.68,1012.05
2024-02-09 00:00:00,2024-02-12 00:00:00,72,10.6,76.9,25.74,55.32,0.0,20.7,1012.9
2024-02-09 00:00:00,2024-02-12 00:00:00,72,10.6,77.1,20.34,58.5,0.0,14.62,1011.18
2024-02-09 00:00:00,2024-02-12 00:00:00,72,10.9,76.7,26.49,56.93,0.0,17.88,1009.43
2024-02-09 00:00:00,2024-02-12 00:00:00,72,10.9,76.9,22.7,57.8,0.0,14.94,1013.9
2024-02-09 00:00:00,2024-02-12 00:00:00,72,10.9,77.1,26.21,77.53,0.0,8.8,1012.71
2024-02-09 00:00:00,2024-02-12 00:00:00,72,11.2,76.7,23.45,50.56,0.0,7.96,1011.31
2024-02-09 00:00:00,2024-02-12 00:00:00,72,11.2,76.9,27.67,75.75,1.34,16.51,1010.37
2024-02-09 00:00:00,2024-02-12 00:00:00,72,11.2,77.1,27.0,64.94,0.0,15.08,1009.11
2024-02-10 00:00:00,2024-02-11 00:00:00,24,10.3,76.7,25.43,61.53,0.0,15.15,1011.76
2024-02-10 00:00:00,2024-02-11 00:00:00,24,10.3,76.9,24.85,69.86,0.0,11.89,1011.5
2024-02-10 00:00:00,2024-02-11 00:00:00,24,10.3,77.1,25.86,68.62,0.0,10.25,1011.74
2024-02-10 00:00:00,2024-02-11 00:00:00,24,10.6,76.7,23.97,66.29,0.0,17.24,1012.42
2024-02-10 00:00:00,2024-02-11 00:00:00,24,10.6,76.9,23.55,55.56,0.0,14.92,1011.77
2024-02-10 00:00:00,2024-02-11 00:00:00,24,10.6,77.1,22.64,67.07,0.0,12.89,1011.51
2024-02-10 00:00:00,2024-02-11 00:00:00,24,10.9,76.7,27.48,49.53,0.0,8.74,1012.98
2024-02-10 00:00:00,2024-02-11 00:00:00,24,10.9,76.9,25.26,79.29,0.0,4.25,1011.6
2024-02-10 00:00:00,2024-02-11 00:00:00,24,10.9,77.1,23.7,67.02,0.0,13.86,1009.71
2024-02-10 00:00:00,2024-02-11 00:00:00,24,11.2,76.7,24.48,72.93,0.0,12.97,1012.22
2024-02-10 00:00:00,2024-02-11 00:00:00,24,11.2,76.9,23.33,69.0,0.0,10.07,1009.42
2024-02-10 00:00:00,2024-02-11 00:00:00,24,11.2,77.1,23.79,77.2,0.0,11.38,1009.44
2024-02-10 00:00:00,2024-02-12 00:00:00,48,10.3,76.7,26.5,44.79,0.0,18.36,1011.82
2024-02-10 00:00:00,2024-02-12 00:00:00,48,10.3,76.9,25.85,67.1,0.0,14.42,1010.46
2024-02-10 00:00:00,2024-02-12 00:00:00,48,10.3,77.1,23.3,64.73,0.0,14.89,1012.31
2024-02-10 00:00:00,2024-02-12 00:00:00,48,10.6,76.7,26.96,74.92,0.0,13.92,1013.33
2024-02-10 00:00:00,2024-02-12 00:00:00,48,10.6,76.9,24.66,64.76,4.25,8.47,1010.5
2024-02-10 00:00:00,2024-02-12 00:00:00,48,10.6,77.1,27.62,59.99,0.0,14.0,1013.39
2024-02-10 00:00:00,2024-02-12 00:00:00,48,10.9,76.7,26.26,65.3,0.0,15.79,1009.05
2024-02-10 00:00:00,2024-02-12 00:00:00,48,10.9,76.9,20.89,74.96,0.0,6.83,1011.91
2024-02-10 00:00:00,2024-02-12 00:00:00,48,10.9,77.1,23.16,65.27,0.0,17.06,1009.38
2024-02-10 00:00:00,2024-02-12 00:00:00,48,11.2,76.7,26.69,88.24,0.0,9.25,1008.59
2024-02-10 00:00:00,2024-02-12 00:00:00,48,11.2,76.9,25.61,78.6,0.0,12.97,1008.61
2024-02-10 00:00:00,2024-02-12 00:00:00,48,11.2,77.1,23.35,62.01,0.0,10.9,1011.03
2024-02-10 00:00:00,2024-02-13 00:00:00,72,10.3,76.7,26.85,62.39,6.98,15.44,1008.99
2024-02-10 00:00:00,2024-02-13 00:00:00,72,10.3,76.9,21.48,62.78,0.0,13.49,1009.5
2024-02-10 00:00:00,2024-02-13 00:00:00,72,10.3,77.1,21.77,70.68,0.0,15.63,1012.09
2024-02-10 00:00:00,2024-02-13 00:00:00,72,10.6,76.7,28.13,63.95,0.0,12.55,1009.85
2024-02-10 00:00:00,2024-02-13 00:00:00,72,10.6,76.9,24.35,54.54,0.0,8.44,1008.94
2024-02-10 00:00:00,2024-02-13 00:00:00,72,10.6,77.1,24.98,62.27,0.0,14.57,1009.83
2024-02-10 00:00:00,2024-02-13 00:00:00,72,10.9,76.7,23.8,61.69,0.0,9.16,1010.56
2024-02-10 00:00:00,2024-02-13 00:00:00,72,10.9,76.9,28.88,69.78,0.0,14.14,1011.89
2024-02-10 00:00:00,2024-02-13 00:00:00,72,10.9,77.1,26.92,60.47,0.0,14.79,1008.98
2024-02-10 00:00:00,2024-02-13 00:00:00,72,11.2,76.7,26.9,64.1,0.0,14.71,1009.82
2024-02-10 00:00:00,2024-02-13 00:00:00,72,11.2,76.9,29.87,67.93,0.0,13.29,1010.3
2024-02-10 00:00:00,2024-02-13 00:00:00,72,11.2,77.1,21.7,48.22,0.0,12.67,1013.37
2024-02-11 00:00:00,2024-02-12 00:00:00,24,10.3,76.7,23.57,63.81,0.0,11.3,1011.68
2024-02-11 00:00:00,2024-02-12 00:00:00,24,10.3,76.9,23.92,59.2,0.0,15.8,1010.95
2024-02-11 00:00:00,2024-02-12 00:00:00,24,10.3,77.1,24.02,61.67,0.0,11.88,1010.25
2024-02-11 00:00:00,2024-02-12 00:00:00,24,10.6,76.7,22.96,70.32,0.0,3.01,1011.82
2024-02-11 00:00:00,2024-02-12 00:00:00,24,10.6,76.9,24.1,70.66,0.0,17.41,1009.86
2024-02-11 00:00:00,2024-02-12 00:00:00,24,10.6,77.1,22.37,59.0,0.0,14.97,1006.83
2024-02-11 00:00:00,2024-02-12 00:00:00,24,10.9,76.7,25.25,62.98,0.0,12.43,1009.59
2024-02-11 00:00:00,2024-02-12 00:00:00,24,10.9,76.9,24.71,62.75,0.0,19.27,1009.1
2024-02-11 00:00:00,2024-02-12 00:00:00,24,10.9,77.1,26.6,68.54,0.0,20.19,1010.22
2024-02-11 00:00:00,2024-02-12 00:00:00,24,11.2,76.7,25.39,64.84,0.0,8.71,1008.1
2024-02-11 00:00:00,2024-02-12 00:00:00,24,11.2,76.9,25.63,69.13,0.0,12.19,1010.51
2024-02-11 00:00:00,2024-02-12 00:00:00,24,11.2,77.1,25.84,70.33,0.0,16.85,1008.47
2024-02-11 00:00:00,2024-02-13 00:00:00,48,10.3,76.7,25.94,79.61,0.0,14.86,1011.37
2024-02-11 00:00:00,2024-02-13 00:00:00,48,10.3,76.9,25.34,60.55,6.18,15.38,1011.09
2024-02-11 00:00:00,2024-02-13 00:00:00,48,10.3,77.1,27.57,71.12,0.0,14.16,1007.61
2024-02-11 00:00:00,2024-02-13 00:00:00,48,10.6,76.7,25.38,69.06,0.0,18.82,1013.33
2024-02-11 00:00:00,2024-02-13 00:00:00,48,10.6,76.9,26.51,58.77,0.0,6.69,1010.35
2024-02-11 00:00:00,2024-02-13 00:00:00,48,10.6,77.1,25.63,51.39,0.0,15.45,1011.63
2024-02-11 00:00:00,2024-02-13 00:00:00,48,10.9,76.7,24.97,60.07,7.2,16.47,1008.74
2024-02-11 00:00:00,2024-02-13 00:00:00,48,10.9,76.9,24.56,65.08,0.0,6.74,1009.59
2024-02-11 00:00:00,2024-02-13 00:00:00,48,10.9,77.1,22.09,66.31,0.0,13.42,1012.82
2024-02-11 00:00:00,2024-02-13 00:00:00,48,11.2,76.7,21.79,63.67,0.0,13.99,1006.74
2024-02-11 00:00:00,2024-02-13 00:00:00,48,11.2,76.9,24.59,59.92,0.0,15.33,1010.37
2024-02-11 00:00:00,2024-02-13 00:00:00,48,11.2,77.1,24.55,61.74,0.0,18.69,1009.67
2024-02-11 00:00:00,2024-02-14 00:00:00,72,10.3,76.7,22.58,84.66,0.0,15.3,1008.66
2024-02-11 00:00:00,2024-02-14 00:00:00,72,10.3,76.9,23.29,65.69,0.0,11.01,1010.38
2024-02-11 00:00:00,2024-02-14 00:00:00,72,10.3,77.1,24.86,67.56,0.0,13.61,1009.47
2024-02-11 00:00:00,2024-02-14 00:00:00,72,10.6,76.7,30.73,59.69,0.0,9.82,1011.06
2024-02-11 00:00:00,2024-02-14 00:00:00,72,10.6,76.9,23.93,74.7,0.0,12.09,1010.56
2024-02-11 00:00:00,2024-02-14 00:00:00,72,10.6,77.1,24.02,68.89,0.0,17.07,1012.91
2024-02-11 00:00:00,2024-02-14 00:00:00,72,10.9,76.7,25.55,66.01,0.0,13.69,1010.19
2024-02-11 00:00:00,2024-02-14 00:00:00,72,10.9,76.9,23.34,73.68,1.9,10.18,1010.13
2024-02-11 00:00:00,2024-02-14 00:00:00,72,10.9,77.1,24.02,52.1,0.0,12.97,1010.21
2024-02-11 00:00:00,2024-02-14 00:00:00,72,11.2,76.7,26.15,63.66,0.52,20.64,1010.28
2024-02-11 00:00:00,2024-02-14 00:00:00,72,11.2,76.9,30.0,60.09,0.0,10.47,1010.21
2024-02-11 00:00:00,2024-02-14 00:00:00,72,11.2,77.1,20.68,56.28,0.0,13.05,1008.73
2024-02-12 00:00:00,2024-02-13 00:00:00,24,10.3,76.7,22.58,62.99,0.0,17.29,1010.95
2024-02-12 00:00:00,2024-02-13 00:00:00,24,10.3,76.9,26.55,67.5,11.23,16.81,1011.02
2024-02-12 00:00:00,2024-02-13 00:00:00,24,10.3,77.1,24.92,58.46,0.0,13.71,1010.72
2024-02-12 00:00:00,2024-02-13 00:00:00,24,10.6,76.7,22.94,68.93,0.0,13.36,1007.44
2024-02-12 00:00:00,2024-02-13 00:00:00,24,10.6,76.9,23.91,73.18,0.54,6.75,1009.21
2024-02-12 00:00:00,2024-02-13 00:00:00,24,10.6,77.1,23.94,51.37,0.0,13.95,1009.9
2024-02-12 00:00:00,2024-02-13 00:00:00,24,10.9,76.7,21.48,54.58,0.0,14.64,1008.98
2024-02-12 00:00:00,2024-02-13 00:00:00,24,10.9,76.9,24.25,65.76,21.11,13.96,1008.93
2024-02-12 00:00:00,2024-02-13 00:00:00,24,10.9,77.1,23.74,65.04,0.0,18.52,1008.87
2024-02-12 00:00:00,2024-02-13 00:00:00,24,11.2,76.7,22.8,63.23,0.0,16.58,1012.2
2024-02-12 00:00:00,2024-02-13 00:00:00,24,11.2,76.9,25.02,64.55,0.0,12.72,1007.81
2024-02-12 00:00:00,2024-02-13 00:00:00,24,11.2,77.1,25.92,78.68,0.0,12.57,1008.11
2024-02-12 00:00:00,2024-02-14 00:00:00,48,10.3,76.7,24.26,67.06,0.0,14.32,1013.31
2024-02-12 00:00:00,2024-02-14 00:00:00,48,10.3,76.9,25.03,79.26,0.0,19.25,1011.39
2024-02-12 00:00:00,2024-02-14 00:00:00,48,10.3,77.1,25.12,58.13,0.0,11.4,1009.93
2024-02-12 00:00:00,2024-02-14 00:00:00,48,10.6,76.7,25.97,66.32,0.0,10.04,1009.13
2024-02-12 00:00:00,2024-02-14 00:00:00,48,10.6,76.9,24.34,60.4,0.0,12.6,1010.68
2024-02-12 00:00:00,2024-02-14 00:00:00,48,10.6,77.1,27.29,70.44,0.0,16.07,1011.81
2024-02-12 00:00:00,2024-02-14 00:00:00,48,10.9,76.7,26.11,68.97,0.0,10.47,1010.56
2024-02-12 00:00:00,2024-02-14 00:00:00,48,10.9,76.9,28.49,80.61,0.0,10.45,1008.75
2024-02-12 00:00:00,2024-02-14 00:00:00,48,10.9,77.1,24.87,65.4,0.0,7.7,1010.68
2024-02-12 00:00:00,2024-02-14 00:00:00,48,11.2,76.7,25.42,73.42,0.0,8.47,1007.64
2024-02-12 00:00:00,2024-02-14 00:00:00,48,11.2,76.9,25.72,57.9,0.0,17.32,1011.08
2024-02-12 00:00:00,2024-02-14 00:00:00,48,11.2,77.1,25.78,61.75,0.0,9.73,1008.74
2024-02-12 00:00:00,2024-02-15 00:00:00,72,10.3,76.7,23.24,65.48,0.0,11.3,1013.46
2024-02-12 00:00:00,2024-02-15 00:00:00,72,10.3,76.9,22.29,55.86,0.0,11.83,1011.22
2024-02-12 00:00:00,2024-02-15 00:00:00,72,10.3,77.1,25.56,76.6,0.0,14.38,1010.09
2024-02-12 00:00:00,2024-02-15 00:00:00,72,10.6,76.7,26.07,64.47,0.0,17.2,1008.78
2024-02-12 00:00:00,2024-02-15 00:00:00,72,10.6,76.9,26.37,55.96,0.0,19.2,1009.37
2024-02-12 00:00:00,2024-02-15 00:00:00,72,10.6,77.1,19.54,66.69,0.0,16.66,1010.31
2024-02-12 00:00:00,2024-02-15 00:00:00,72,10.9,76.7,26.11,63.97,0.0,12.25,1009.56
2024-02-12 00:00:00,2024-02-15 00:00:00,72,10.9,76.9,21.78,69.74,0.0,13.37,1009.7
2024-02-12 00:00:00,2024-02-15 00:00:00,72,10.9,77.1,21.26,72.31,0.0,17.04,1010.16
2024-02-12 00:00:00,2024-02-15 00:00:00,72,11.2,76.7,29.3,70.55,0.0,16.43,1011.65
2024-02-12 00:00:00,2024-02-15 00:00:00,72,11.2,76.9,21.87,46.33,2.03,17.99,1007.65
2024-02-12 00:00:00,2024-02-15 00:00:00,72,11.2,77.1,23.45,65.77,0.0,8.91,1010.58
2024-02-13 00:00:00,2024-02-14 00:00:00,24,10.3,76.7,26.08,66.07,0.0,11.86,1012.39
2024-02-13 00:00:00,2024-02-14 00:00:00,24,10.3,76.9,24.17,64.36,0.0,15.29,1011.97
2024-02-13 00:00:00,2024-02-14 00:00:00,24,10.3,77.1,26.34,72.44,0.0,17.4,1012.2
2024-02-13 00:00:00,2024-02-14 00:00:00,24,10.6,76.7,25.48,57.02,0.0,12.55,1010.64
2024-02-13 00:00:00,2024-02-14 00:00:00,24,10.6,76.9,21.81,54.09,0.0,11.07,1010.91
2024-02-13 00:00:00,2024-02-14 00:00:00,24,10.6,77.1,21.96,67.52,0.59,10.51,1007.74
2024-02-13 00:00:00,2024-02-14 00:00:00,24,10.9,76.7,27.58,56.53,0.0,8.82,1010.51
2024-02-13 00:00:00,2024-02-14 00:00:00,24,10.9,76.9,23.42,64.82,0.0,11.38,1011.59
2024-02-13 00:00:00,2024-02-14 00:00:00,24,10.9,77.1,25.59,63.84,0.0,14.69,1009.34
2024-02-13 00:00:00,2024-02-14 00:00:00,24,11.2,76.7,25.54,49.25,0.0,9.53,1010.84
2024-02-13 00:00:00,2024-02-14 00:00:00,24,11.2,76.9,25.98,59.47,0.0,12.37,1007.99
2024-02-13 00:00:00,2024-02-14 00:00:00,24,11.2,77.1,28.92,75.62,0.0,10.95,1010.29
2024-02-13 00:00:00,2024-02-15 00:00:00,48,10.3,76.7,27.41,68.79,1.84,21.44,1010.0
2024-02-13 00:00:00,2024-02-15 00:00:00,48,10.3,76.9,24.31,72.54,11.6,13.92,1010.51
2024-02-13 00:00:00,2024-02-15 00:00:00,48,10.3,77.1,27.9,61.21,0.0,16.77,1013.27
2024-02-13 00:00:00,2024-02-15 00:00:00,48,10.6,76.7,26.6,60.11,0.0,22.02,1008.84
2024-02-13 00:00:00,2024-02-15 00:00:00,48,10.6,76.9,23.47,59.02,0.0,14.04,1011.52
2024-02-13 00:00:00,2024-02-15 00:00:00,48,10.6,77.1,23.82,64.18,0.0,9.63,1011.88
2024-02-13 00:00:00,2024-02-15 00:00:00,48,10.9,76.7,27.27,66.21,0.0,17.57,1009.71
2024-02-13 00:00:00,2024-02-15 00:00:00,48,10.9,76.9,22.09,64.36,0.0,16.58,1010.65
2024-02-13 00:00:00,2024-02-15 00:00:00,48,10.9,77.1,24.19,63.98,0.0,13.75,1011.75
2024-02-13 00:00:00,2024-02-15 00:00:00,48,11.2,76.7,28.98,61.7,0.0,16.94,1007.81
2024-02-13 00:00:00,2024-02-15 00:00:00,48,11.2,76.9,22.77,57.1,0.0,12.97,1006.05
2024-02-13 00:00:00,2024-02-15 00:00:00,48,11.2,77.1,19.72,55.36,1.4,18.75,1007.93
2024-02-13 00:00:00,2024-02-16 00:00:00,72,10.3,76.7,20.75,42.01,0.0,12.66,1013.15
2024-02-13 00:00:00,2024-02-16 00:00:00,72,10.3,76.9,28.34,57.21,0.0,14.03,1011.41
2024-02-13 00:00:00,2024-02-16 00:00:00,72,10.3,77.1,24.72,57.46,4.63,17.31,1009.98
2024-02-13 00:00:00,2024-02-16 00:00:00,72,10.6,76.7,24.91,60.62,0.0,16.08,1009.65
2024-02-13 00:00:00,2024-02-16 00:00:00,72,10.6,76.9,22.34,68.15,0.0,3.67,1011.24
2024-02-13 00:00:00,2024-02-16 00:00:00,72,10.6,77.1,22.96,73.75,0.0,13.85,1010.72
2024-02-13 00:00:00,2024-02-16 00:00:00,72,10.9,76.7,22.52,66.63,0.0,15.44,1010.11
2024-02-13 00:00:00,2024-02-16 00:00:00,72,10.9,76.9,23.11,44.05,14.15,12.27,1009.76
2024-02-13 00:00:00,2024-02-16 00:00:00,72,10.9,77.1,22.28,70.86,0.0,14.95,1008.83
2024-02-13 00:00:00,2024-02-16 00:00:00,72,11.2,76.7,22.28,68.38,0.0,13.88,1008.4
2024-02-13 00:00:00,2024-02-16 00:00:00,72,11.2,76.9,26.65,70.88,0.0,15.4,1010.46
2024-02-13 00:00:00,2024-02-16 00:00:00,72,11.2,77.1,20.31,66.94,0.0,11.05,1009.9
2024-02-14 00:00:00,2024-02-15 00:00:00,24,10.3,76.7,22.62,59.56,0.0,16.47,1010.86
2024-02-14 00:00:00,2024-02-15 00:00:00,24,10.3,76.9,22.21,48.58,0.0,13.96,1014.04
2024-02-14 00:00:00,2024-02-15 00:00:00,24,10.3,77.1,24.32,65.95,0.39,14.44,1013.26
2024-02-14 00:00:00,2024-02-15 00:00:00,24,10.6,76.7,26.61,67.99,0.0,15.81,1008.97
2024-02-14 00:00:00,2024-02-15 00:00:00,24,10.6,76.9,22.83,68.19,0.0,10.87,1011.69
2024-02-14 00:00:00,2024-02-15 00:00:00,24,10.6,77.1,25.98,64.29,0.0,12.01,1011.4
2024-02-14 00:00:00,2024-02-15 00:00:00,24,10.9,76.7,24.61,65.82,0.0,16.06,1011.59
2024-02-14 00:00:00,2024-02-15 00:00:00,24,10.9,76.9,25.35,69.75,0.0,12.1,1009.21
2024-02-14 00:00:00,2024-02-15 00:00:00,24,10.9,77.1,26.11,56.89,0.0,18.4,1011.65
2024-02-14 00:00:00,2024-02-15 00:00:00,24,11.2,76.7,24.26,63.95,0.0,17.5,1010.13
2024-02-14 00:00:00,2024-02-15 00:00:00,24,11.2,76.9,25.65,82.64,0.0,14.71,1007.31
2024-02-14 00:00:00,2024-02-15 00:00:00,24,11.2,77.1,23.81,53.73,0.0,15.28,1009.66
2024-02-14 00:00:00,2024-02-16 00:00:00,48,10.3,76.7,26.11,65.04,0.0,13.44,1008.81
2024-02-14 00:00:00,2024-02-16 00:00:00,48,10.3,76.9,22.41,69.51,0.0,19.43,1011.4
2024-02-14 00:00:00,2024-02-16 00:00:00,48,10.3,77.1,21.23,73.63,0.0,11.66,1010.24
2024-02-14 00:00:00,2024-02-16 00:00:00,48,10.6,76.7,26.94,62.36,0.0,11.67,1008.75
2024-02-14 00:00:00,2024-02-16 00:00:00,48,10.6,76.9,24.24,70.55,0.0,11.8,1010.99
2024-02-14 00:00:00,2024-02-16 00:00:00,48,10.6,77.1,24.51,58.71,0.0,10.01,1010.29
2024-02-14 00:00:00,2024-02-16 00:00:00,48,10.9,76.7,21.35,52.57,0.0,10.66,1007.78
2024-02-14 00:00:00,2024-02-16 00:00:00,48,10.9,76.9,23.7,58.38,0.0,13.47,1008.23
2024-02-14 00:00:00,2024-02-16 00:00:00,48,10.9,77.1,27.53,74.63,0.0,20.0,1010.21
2024-02-14 00:00:00,2024-02-16 00:00:00,48,11.2,76.7,26.54,68.58,0.0,10.17,1009.95
2024-02-14 00:00:00,2024-02-16 00:00:00,48,11.2,76.9,23.49,65.27,0.0,17.03,1008.06
2024-02-14 00:00:00,2024-02-16 00:00:00,48,11.2,77.1,22.5,52.99,0.0,18.58,1007.54
2024-02-14 00:00:00,2024-02-17 00:00:00,72,10.3,76.7,26.07,66.68,0.0,11.49,1010.21
2024-02-14 00:00:00,2024-02-17 00:00:00,72,10.3,76.9,23.97,57.54,7.15,14.57,1012.27
2024-02-14 00:00:00,2024-02-17 00:00:00,72,10.3,77.1,26.36,56.36,0.0,9.29,1012.25
2024-02-14 00:00:00,2024-02-17 00:00:00,72,10.6,76.7,18.82,51.81,0.0,12.79,1012.13
2024-02-14 00:00:00,2024-02-17 00:00:00,72,10.6,76.9,24.56,69.97,0.0,12.87,1009.81
2024-02-14 00:00:00,2024-02-17 00:00:00,72,10.6,77.1,23.24,77.81,1.41,16.91,1009.85
2024-02-14 00:00:00,2024-02-17 00:00:00,72,10.9,76.7,25.71,69.97,0.0,16.62,1010.32
2024-02-14 00:00:00,2024-02-17 00:00:00,72,10.9,76.9,21.96,73.24,0.0,19.15,1008.81
2024-02-14 00:00:00,2024-02-17 00:00:00,72,10.9,77.1,21.82,72.93,0.0,16.84,1010.55
2024-02-14 00:00:00,2024-02-17 00:00:00,72,11.2,76.7,22.34,55.81,0.0,15.44,1010.19
2024-02-14 00:00:00,2024-02-17 00:00:00,72,11.2,76.9,24.14,65.98,0.0,11.63,1010.61
2024-02-14 00:00:00,2024-02-17 00:00:00,72,11.2,77.1,27.32,57.36,0.0,10.44,1008.9
2024-02-15 00:00:00,2024-02-16 00:00:00,24,10.3,76.7,26.42,68.19,3.86,8.66,1010.42
2024-02-15 00:00:00,2024-02-16 00:00:00,24,10.3,76.9,25.97,69.96,0.0,13.83,1013.46
2024-02-15 00:00:00,2024-02-16 00:00:00,24,10.3,77.1,24.22,60.49,0.0,7.87,1012.0
2024-02-15 00:00:00,2024-02-16 00:00:00,24,10.6,76.7,25.76,65.9,0.0,13.82,1010.42
2024-02-15 00:00:00,2024-02-16 00:00:00,24,10.6,76.9,22.93,71.84,0.0,18.46,1010.71
2024-02-15 00:00:00,2024-02-16 00:00:00,24,10.6,77.1,25.64,73.2,0.75,9.98,1009.98
2024-02-15 00:00:00,2024-02-16 00:00:00,24,10.9,76.7,23.6,68.65,0.0,10.73,1012.14
2024-02-15 00:00:00,2024-02-16 00:00:00,24,10.9,76.9,25.28,67.88,0.0,9.71,1011.33
2024-02-15 00:00:00,2024-02-16 00:00:00,24,10.9,77.1,26.15,68.25,0.0,17.13,1010.69
2024-02-15 00:00:00,2024-02-16 00:00:00,24,11.2,76.7,24.25,59.44,0.0,15.03,1011.64
2024-02-15 00:00:00,2024-02-16 00:00:00,24,11.2,76.9,23.0,59.07,0.0,19.91,1010.04
2024-02-15 00:00:00,2024-02-16 00:00:00,24,11.2,77.1,25.88,59.57,0.0,12.78,1012.65
2024-02-15 00:00:00,2024-02-17 00:00:00,48,10.3,76.7,25.97,68.69,0.0,12.78,1013.08
2024-02-15 00:00:00,2024-02-17 00:00:00,48,10.3,76.9,24.05,71.41,0.0,16.0,1009.65
2024-02-15 00:00:00,2024-02-17 00:00:00,48,10.3,77.1,24.0,74.33,0.0,13.53,1011.24
2024-02-15 00:00:00,2024-02-17 00:00:00,48,10.6,76.7,23.45,60.23,0.0,19.47,1010.91
2024-02-15 00:00:00,2024-02-17 00:00:00,48,10.6,76.9,27.15,72.26,0.0,15.67,1010.85
2024-02-15 00:00:00,2024-02-17 00:00:00,48,10.6,77.1,27.0,64.79,0.0,11.6,1010.02
2024-02-15 00:00:00,2024-02-17 00:00:00,48,10.9,76.7,23.8,53.46,3.71,18.2,1011.66
2024-02-15 00:00:00,2024-02-17 00:00:00,48,10.9,76.9,24.52,72.16,0.0,14.58,1011.68
2024-02-15 00:00:00,2024-02-17 00:00:00,48,10.9,77.1,24.45,65.35,0.0,17.93,1010.0
2024-02-15 00:00:00,2024-02-17 00:00:00,48,11.2,76.7,23.97,60.52,0.0,9.45,1008.09
2024-02-15 00:00:00,2024-02-17 00:00:00,48,11.2,76.9,24.1,70.68,0.0,18.87,1008.09
2024-02-15 00:00:00,2024-02-17 00:00:00,48,11.2,77.1,25.9,67.17,0.0,8.52,1012.85
2024-02-15 00:00:00,2024-02-18 00:00:00,72,10.3,76.7,22.06,58.99,0.0,18.13,1015.05
2024-02-15 00:00:00,2024-02-18 00:00:00,72,10.3,76.9,22.81,64.87,0.0,9.2,1010.64
2024-02-15 00:00:00,2024-02-18 00:00:00,72,10.3,77.1,22.06,59.51,0.0,9.71,1009.22
2024-02-15 00:00:00,2024-02-18 00:00:00,72,10.6,76.7,22.03,71.28,0.0,8.82,1009.22
2024-02-15 00:00:00,2024-02-18 00:00:00,72,10.6,76.9,22.32,57.04,0.0,13.15,1009.8
2024-02-15 00:00:00,2024-02-18 00:00:00,72,10.6,77.1,23.52,64.49,0.0,10.99,1010.23
2024-02-15 00:00:00,2024-02-18 00:00:00,72,10.9,76.7,26.84,65.5,0.0,7.72,1008.85
2024-02-15 00:00:00,2024-02-18 00:00:00,72,10.9,76.9,23.31,63.04,0.0,7.87,1012.26
2024-02-15 00:00:00,2024-02-18 00:00:00,72,10.9,77.1,24.48,60.66,0.0,7.14,1009.18
2024-02-15 00:00:00,2024-02-18 00:00:00,72,11.2,76.7,26.22,60.49,0.0,19.2,1012.47
2024-02-15 00:00:00,2024-02-18 00:00:00,72,11.2,76.9,23.47,62.47,0.0,13.51,1009.73
2024-02-15 00:00:00,2024-02-18 00:00:00,72,11.2,77.1,25.79,73.12,0.0,9.01,1009.92
2024-02-16 00:00:00,2024-02-17 00:00:00,24,10.3,76.7,24.52,74.3,0.0,16.0,1012.43
2024-02-16 00:00:00,2024-02-17 00:00:00,24,10.3,76.9,26.85,58.62,0.0,15.9,1012.0
2024-02-16 00:00:00,2024-02-17 00:00:00,24,10.3,77.1,25.22,64.12,0.0,19.9,1010.72
2024-02-16 00:00:00,2024-02-17 00:00:00,24,10.6,76.7,24.97,65.72,0.0,15.49,1009.49
2024-02-16 00:00:00,2024-02-17 00:00:00,24,10.6,76.9,24.95,75.62,0.0,12.79,1009.99
2024-02-16 00:00:00,2024-02-17 00:00:00,24,10.6,77.1,23.63,56.27,0.0,15.8,1011.28
2024-02-16 00:00:00,2024-02-17 00:00:00,24,10.9,76.7,24.85,70.66,0.0,7.42,1012.95
2024-02-16 00:00:00,2024-02-17 00:00:00,24,10.9,76.9,25.15,60.95,0.0,16.08,1011.43
2024-02-16 00:00:00,2024-02-17 00:00:00,24,10.9,77.1,23.44,49.62,0.0,14.53,1010.92
2024-02-16 00:00:00,2024-02-17 00:00:00,24,11.2,76.7,24.41,73.04,0.0,11.07,1008.89
2024-02-16 00:00:00,2024-02-17 00:00:00,24,11.2,76.9,25.54,63.14,0.0,15.86,1010.42
2024-02-16 00:00:00,2024-02-17 00:00:00,24,11.2,77.1,25.72,59.57,0.0,13.69,1008.06
2024-02-16 00:00:00,2024-02-18 00:00:00,48,10.3,76.7,27.52,54.4,0.0,11.62,1010.41
2024-02-16 00:00:00,2024-02-18 00:00:00,48,10.3,76.9,25.12,66.07,0.0,12.77,1009.89
2024-02-16 00:00:00,2024-02-18 00:00:00,48,10.3,77.1,23.98,77.98,0.0,14.48,1011.17
2024-02-16 00:00:00,2024-02-18 00:00:00,48,10.6,76.7,25.11,60.41,0.0,13.89,1011.23
2024-02-16 00:00:00,2024-02-18 00:00:00,48,10.6,76.9,22.35,75.99,0.0,18.11,1011.14
2024-02-16 00:00:00,2024-02-18 00:00:00,48,10.6,77.1,25.47,52.59,0.0,10.17,1009.54
2024-02-16 00:00:00,2024-02-18 00:00:00,48,10.9,76.7,21.14,60.5,0.0,16.33,1010.48
2024-02-16 00:00:00,2024-02-18 00:00:00,48,10.9,76.9,23.31,59.44,0.0,10.13,1009.44
2024-02-16 00:00:00,2024-02-18 00:00:00,48,10.9,77.1,25.0,72.36,0.0,16.95,1009.47
2024-02-16 00:00:00,2024-02-18 00:00:00,48,11.2,76.7,25.62,64.73,0.0,16.13,1009.06
2024-02-16 00:00:00,2024-02-18 00:00:00,48,11.2,76.9,23.96,69.49,0.0,18.41,1008.03
2024-02-16 00:00:00,2024-02-18 00:00:00,48,11.2,77.1,24.16,71.01,0.0,12.88,1008.47
2024-02-16 00:00:00,2024-02-19 00:00:00,72,10.3,76.7,22.39,62.64,0.0,17.17,1009.45
2024-02-16 00:00:00,2024-02-19 00:00:00,72,10.3,76.9,23.63,70.87,0.0,15.5,1012.76
2024-02-16 00:00:00,2024-02-19 00:00:00,72,10.3,77.1,24.07,53.76,0.0,4.95,1009.11
2024-02-16 00:00:00,2024-02-19 00:00:00,72,10.6,76.7,23.28,62.18,0.0,19.33,1010.57
2024-02-16 00:00:00,2024-02-19 00:00:00,72,10.6,76.9,22.37,62.8,0.0,13.98,1010.19
2024-02-16 00:00:00,2024-02-19 00:00:00,72,10.6,77.1,24.47,58.51,0.0,12.92,1008.58
2024-02-16 00:00:00,2024-02-19 00:00:00,72,10.9,76.7,22.37,72.05,0.0,13.48,1009.68
2024-02-16 00:00:00,2024-02-19 00:00:00,72,10.9,76.9,21.46,69.69,0.0,14.92,1009.95
2024-02-16 00:00:00,2024-02-19 00:00:00,72,10.9,77.1,23.43,71.38,0.0,9.71,1007.07
2024-02-16 00:00:00,2024-02-19 00:00:00,72,11.2,76.7,21.99,63.38,0.0,17.27,1009.5
2024-02-16 00:00:00,2024-02-19 00:00:00,72,11.2,76.9,22.73,76.84,0.0,17.82,1011.03
2024-02-16 00:00:00,2024-02-19 00:00:00,72,11.2,77.1,21.5,60.3,0.0,15.21,1008.67
2024-02-17 00:00:00,2024-02-18 00:00:00,24,10.3,76.7,23.85,66.61,0.0,16.82,1011.38
2024-02-17 00:00:00,2024-02-18 00:00:00,24,10.3,76.9,22.42,67.7,0.0,16.44,1014.23
2024-02-17 00:00:00,2024-02-18 00:00:00,24,10.3,77.1,27.11,61.75,0.0,12.66,1010.68
2024-02-17 00:00:00,2024-02-18 00:00:00,24,10.6,76.7,23.09,68.66,0.0,12.75,1009.26
2024-02-17 00:00:00,2024-02-18 00:00:00,24,10.6,76.9,22.6,58.2,0.0,13.18,1010.88
2024-02-17 00:00:00,2024-02-18 00:00:00,24,10.6,77.1,24.4,63.67,0.0,11.01,1011.03
2024-02-17 00:00:00,2024-02-18 00:00:00,24,10.9,76.7,21.56,77.56,0.0,12.02,1009.67
2024-02-17 00:00:00,2024-02-18 00:00:00,24,10.9,76.9,21.72,66.37,0.0,13.05,1013.46
2024-02-17 00:00:00,2024-02-18 00:00:00,24,10.9,77.1,24.09,72.36,0.0,10.78,1008.95
2024-02-17 00:00:00,2024-02-18 00:00:00,24,11.2,76.7,23.39,71.83,0.0,16.38,1008.52
2024-02-17 00:00:00,2024-02-18 00:00:00,24,11.2,76.9,25.8,71.06,0.0,12.27,1010.42
2024-02-17 00:00:00,2024-02-18 00:00:00,24,11.2,77.1,27.69,48.97,0.0,18.44,1010.24
2024-02-17 00:00:00,2024-02-19 00:00:00,48,10.3,76.7,24.16,58.15,0.0,10.16,1012.55
2024-02-17 00:00:00,2024-02-19 00:00:00,48,10.3,76.9,26.72,58.61,0.0,16.83,1009.84
2024-02-17 00:00:00,2024-02-19 00:00:00,48,10.3,77.1,27.16,60.53,0.0,7.72,1011.23
2024-02-17 00:00:00,2024-02-19 00:00:00,48,10.6,76.7,22.6,74.82,0.0,21.93,1010.58
2024-02-17 00:00:00,2024-02-19 00:00:00,48,10.6,76.9,26.62,60.46,0.06,14.62,1009.81
2024-02-17 00:00:00,2024-02-19 00:00:00,48,10.6,77.1,24.32,57.99,0.0,14.49,1013.58
2024-02-17 00:00:00,2024-02-19 00:00:00,48,10.9,76.7,26.94,74.05,0.0,16.98,1009.9
2024-02-17 00:00:00,2024-02-19 00:00:00,48,10.9,76.9,23.6,53.72,0.0,14.72,1008.75
2024-02-17 00:00:00,2024-02-19 00:00:00,48,10.9,77.1,20.11,69.74,0.0,6.66,1011.93
2024-02-17 00:00:00,2024-02-19 00:00:00,48,11.2,76.7,23.27,54.24,0.0,11.41,1010.76
2024-02-17 00:00:00,2024-02-19 00:00:00,48,11.2,76.9,26.95,63.57,0.0,14.97,1009.42
2024-02-17 00:00:00,2024-02-19 00:00:00,48,11.2,77.1,22.55,76.12,0.0,17.75,1008.03
2024-02-17 00:00:00,2024-02-20 00:00:00,72,10.3,76.7,24.57,57.75,0.0,12.6,1010.54
2024-02-17 00:00:00,2024-02-20 00:00:00,72,10.3,76.9,24.3,71.5,2.19,15.01,1013.99
2024-02-17 00:00:00,2024-02-20 00:00:00,72,10.3,77.1,24.25,52.74,0.0,11.26,1014.65
2024-02-17 00:00:00,2024-02-20 00:00:00,72,10.6,76.7,21.26,64.33,0.0,17.86,1012.17
2024-02-17 00:00:00,2024-02-20 00:00:00,72,10.6,76.9,24.25,71.81,0.0,12.31,1008.6
2024-02-17 00:00:00,2024-02-20 00:00:00,72,10.6,77.1,28.39,71.04,0.0,12.46,1011.21
2024-02-17 00:00:00,2024-02-20 00:00:00,72,10.9,76.7,27.27,66.1,0.0,15.26,1010.15
2024-02-17 00:00:00,2024-02-20 00:00:00,72,10.9,76.9,22.64,60.21,0.0,18.04,1009.53
2024-02-17 00:00:00,2024-02-20 00:00:00,72,10.9,77.1,26.32,71.35,0.0,12.46,1011.33
2024-02-17 00:00:00,2024-02-20 00:00:00,72,11.2,76.7,25.72,71.31,0.0,14.99,1011.94
2024-02-17 00:00:00,2024-02-20 00:00:00,72,11.2,76.9,23.31,68.48,0.0,15.71,1008.22
2024-02-17 00:00:00,2024-02-20 00:00:00,72,11.2,77.1,24.24,65.29,0.0,18.25,1009.25
2024-02-18 00:00:00,2024-02-19 00:00:00,24,10.3,76.7,23.57,67.44,0.0,16.49,1012.88
2024-02-18 00:00:00,2024-02-19 00:00:00,24,10.3,76.9,22.81,61.29,0.0,11.34,1012.5
2024-02-18 00:00:00,2024-02-19 00:00:00,24,10.3,77.1,24.28,66.03,0.0,12.0,1010.42
2024-02-18 00:00:00,2024-02-19 00:00:00,24,10.6,76.7,26.2,52.43,0.0,22.09,1014.5
2024-02-18 00:00:00,2024-02-19 00:00:00,24,10.6,76.9,25.06,61.5,0.0,17.35,1010.54
2024-02-18 00:00:00,2024-02-19 00:00:00,24,10.6,77.1,23.11,64.17,0.0,15.35,1012.55
2024-02-18 00:00:00,2024-02-19 00:00:00,24,10.9,76.7,26.13,54.63,0.0,8.08,1012.0
2024-02-18 00:00:00,2024-02-19 00:00:00,24,10.9,76.9,23.96,70.2,0.0,12.8,1008.93
2024-02-18 00:00:00,2024-02-19 00:00:00,24,10.9,77.1,23.17,69.05,0.0,16.62,1007.74
2024-02-18 00:00:00,2024-02-19 00:00:00,24,11.2,76.7,21.56,63.26,0.0,16.01,1007.72
2024-02-18 00:00:00,2024-02-19 00:00:00,24,11.2,76.9,26.72,59.0,0.0,14.76,1006.13
2024-02-18 00:00:00,2024-02-19 00:00:00,24,11.2,77.1,25.93,80.04,0.0,11.54,1010.0
2024-02-18 00:00:00,2024-02-20 00:00:00,48,10.3,76.7,24.56,80.51,0.0,13.61,1013.86
2024-02-18 00:00:00,2024-02-20 00:00:00,48,10.3,76.9,23.06,60.61,0.0,15.56,1011.6
2024-02-18 00:00:00,2024-02-20 00:00:00,48,10.3,77.1,27.08,64.36,0.0,13.87,1013.26
2024-02-18 00:00:00,2024-02-20 00:00:00,48,10.6,76.7,24.9,58.66,0.0,12.47,1014.55
2024-02-18 00:00:00,2024-02-20 00:00:00,48,10.6,76.9,24.91,71.17,0.0,10.89,1010.71
2024-02-18 00:00:00,2024-02-20 00:00:00,48,10.6,77.1,24.88,64.02,0.0,18.29,1012.17
2024-02-18 00:00:00,2024-02-20 00:00:00,48,10.9,76.7,23.5,65.03,0.0,10.28,1011.07
2024-02-18 00:00:00,2024-02-20 00:00:00,48,10.9,76.9,25.92,65.19,0.0,11.51,1010.04
2024-02-18 00:00:00,2024-02-20 00:00:00,48,10.9,77.1,25.26,65.18,0.0,17.59,1008.97
2024-02-18 00:00:00,2024-02-20 00:00:00,48,11.2,76.7,31.13,62.87,7.11,17.79,1010.24
2024-02-18 00:00:00,2024-02-20 00:00:00,48,11.2,76.9,21.62,69.66,0.0,9.6,1010.24
2024-02-18 00:00:00,2024-02-20 00:00:00,48,11.2,77.1,22.49,81.48,0.0,10.32,1011.34
2024-02-18 00:00:00,2024-02-21 00:00:00,72,10.3,76.7,22.8,68.18,0.0,16.16,1011.71
2024-02-18 00:00:00,2024-02-21 00:00:00,72,10.3,76.9,27.37,56.93,0.0,7.26,1008.47
2024-02-18 00:00:00,2024-02-21 00:00:00,72,10.3,77.1,23.21,45.14,0.0,13.82,1010.58
2024-02-18 00:00:00,2024-02-21 00:00:00,72,10.6,76.7,26.42,61.57,4.71,12.29,1008.73
2024-02-18 00:00:00,2024-02-21 00:00:00,72,10.6,76.9,29.39,75.48,0.0,18.62,1010.45
2024-02-18 00:00:00,2024-02-21 00:00:00,72,10.6,77.1,25.22,73.43,0.0,8.35,1009.87
2024-02-18 00:00:00,2024-02-21 00:00:00,72,10.9,76.7,25.56,59.72,0.0,11.15,1006.81
2024-02-18 00:00:00,2024-02-21 00:00:00,72,10.9,76.9,26.25,60.31,0.0,12.23,1008.47
2024-02-18 00:00:00,2024-02-21 00:00:00,72,10.9,77.1,21.63,62.0,0.0,18.42,1012.04
2024-02-18 00:00:00,2024-02-21 00:00:00,72,11.2,76.7,25.5,65.16,0.0,14.05,1011.62
2024-02-18 00:00:00,2024-02-21 00:00:00,72,11.2,76.9,23.16,62.21,0.0,14.17,1008.77
2024-02-18 00:00:00,2024-02-21 00:00:00,72,11.2,77.1,23.74,66.66,0.0,15.57,1010.47
2024-02-19 00:00:00,2024-02-20 00:00:00,24,10.3,76.7,21.81,65.17,0.0,9.96,1011.65
2024-02-19 00:00:00,2024-02-20 00:00:00,24,10.3,76.9,22.16,73.93,0.0,15.61,1012.87
2024-02-19 00:00:00,2024-02-20 00:00:00,24,10.3,77.1,26.59,64.78,0.0,9.03,1009.98
2024-02-19 00:00:00,2024-02-20 00:00:00,24,10.6,76.7,24.22,71.14,0.0,22.55,1010.34
2024-02-19 00:00:00,2024-02-20 00:00:00,24,10.6,76.9,23.92,64.05,0.0,16.02,1012.78
2024-02-19 00:00:00,2024-02-20 00:00:00,24,10.6,77.1,23.69,69.0,0.0,11.72,1009.78
2024-02-19 00:00:00,2024-02-20 00:00:00,24,10.9,76.7,24.34,71.09,0.0,13.65,1008.14
2024-02-19 00:00:00,2024-02-20 00:00:00,24,10.9,76.9,24.94,48.76,0.0,12.19,1007.06
2024-02-19 00:00:00,2024-02-20 00:00:00,24,10.9,77.1,23.27,61.82,0.0,20.91,1008.54
2024-02-19 00:00:00,2024-02-20 00:00:00,24,11.2,76.7,22.7,56.59,0.0,11.66,1009.46
2024-02-19 00:00:00,2024-02-20 00:00:00,24,11.2,76.9,24.72,63.4,0.0,10.46,1009.51
2024-02-19 00:00:00,2024-02-20 00:00:00,24,11.2,77.1,24.8,64.01,0.0,11.46,1009.43
2024-02-19 00:00:00,2024-02-21 00:00:00,48,10.3,76.7,24.25,72.13,0.0,15.82,1012.17
2024-02-19 00:00:00,2024-02-21 00:00:00,48,10.3,76.9,24.32,75.38,0.0,15.67,1008.24
2024-02-19 00:00:00,2024-02-21 00:00:00,48,10.3,77.1,25.84,62.81,0.0,15.51,1013.07
2024-02-19 00:00:00,2024-02-21 00:00:00,48,10.6,76.7,28.02,70.25,0.0,8.25,1011.58
2024-02-19 00:00:00,2024-02-21 00:00:00,48,10.6,76.9,20.69,53.0,0.0,14.02,1013.57
2024-02-19 00:00:00,2024-02-21 00:00:00,48,10.6,77.1,22.15,72.24,0.0,13.54,1008.71
2024-02-19 00:00:00,2024-02-21 00:00:00,48,10.9,76.7,25.98,60.41,0.0,20.52,1010.77
2024-02-19 00:00:00,2024-02-21 00:00:00,48,10.9,76.9,24.43,76.43,8.88,11.96,1011.51
2024-02-19 00:00:00,2024-02-21 00:00:00,48,10.9,77.1,23.79,73.98,0.0,14.65,1009.99
2024-02-19 00:00:00,2024-02-21 00:00:00,48,11.2,76.7,24.79,65.47,0.0,18.91,1007.41
2024-02-19 00:00:00,2024-02-21 00:00:00,48,11.2,76.9,25.97,68.29,0.55,15.9,1008.85
2024-02-19 00:00:00,2024-02-21 00:00:00,48,11.2,77.1,22.68,76.66,0.0,16.15,1008.65
2024-02-19 00:00:00,2024-02-22 00:00:00,72,10.3,76.7,23.1,72.28,0.0,16.26,1013.76
2024-02-19 00:00:00,2024-02-22 00:00:00,72,10.3,76.9,23.02,62.3,0.0,16.81,1008.93
2024-02-19 00:00:00,2024-02-22 00:00:00,72,10.3,77.1,23.32,45.8,0.0,4.44,1014.51
2024-02-19 00:00:00,2024-02-22 00:00:00,72,10.6,76.7,27.45,55.62,0.0,15.27,1010.38
2024-02-19 00:00:00,2024-02-22 00:00:00,72,10.6,76.9,18.18,68.89,0.0,13.32,1010.43
2024-02-19 00:00:00,2024-02-22 00:00:00,72,10.6,77.1,27.71,67.43,0.0,14.11,1010.76
2024-02-19 00:00:00,2024-02-22 00:00:00,72,10.9,76.7,24.46,53.46,0.0,13.79,1009.44
2024-02-19 00:00:00,2024-02-22 00:00:00,72,10.9,76.9,26.67,67.71,0.0,14.57,1010.59
2024-02-19 00:00:00,2024-02-22 00:00:00,72,10.9,77.1,26.36,68.23,0.0,10.5,1010.29
2024-02-19 00:00:00,2024-02-22 00:00:00,72,11.2,76.7,23.93,65.91,0.0,7.31,1008.99
2024-02-19 00:00:00,2024-02-22 00:00:00,72,11.2,76.9,24.67,67.44,0.0,12.18,1007.48
2024-02-19 00:00:00,2024-02-22 00:00:00,72,11.2,77.1,30.52,63.39,0.0,8.07,1011.53
2024-02-20 00:00:00,2024-02-21 00:00:00,24,10.3,76.7,21.97,68.52,0.0,10.95,1012.48
2024-02-20 00:00:00,2024-02-21 00:00:00,24,10.3,76.9,25.03,65.62,0.0,19.83,1016.15
2024-02-20 00:00:00,2024-02-21 00:00:00,24,10.3,77.1,25.98,71.87,0.0,13.99,1010.28
2024-02-20 00:00:00,2024-02-21 00:00:00,24,10.6,76.7,22.06,66.11,0.0,10.56,1011.01
2024-02-20 00:00:00,2024-02-21 00:00:00,24,10.6,76.9,26.83,71.12,0.0,13.76,1014.0
2024-02-20 00:00:00,2024-02-21 00:00:00,24,10.6,77.1,22.5,78.61,0.0,18.23,1012.03
2024-02-20 00:00:00,2024-02-21 00:00:00,24,10.9,76.7,26.21,76.52,0.0,6.73,1009.77
2024-02-20 00:00:00,2024-02-21 00:00:00,24,10.9,76.9,24.81,67.08,0.0,10.31,1008.05
2024-02-20 00:00:00,2024-02-21 00:00:00,24,10.9,77.1,25.31,55.7,2.83,7.88,1010.89
2024-02-20 00:00:00,2024-02-21 00:00:00,24,11.2,76.7,25.75,71.1,0.0,14.27,1008.87
2024-02-20 00:00:00,2024-02-21 00:00:00,24,11.2,76.9,26.27,64.2,0.0,16.58,1007.69
2024-02-20 00:00:00,2024-02-21 00:00:00,24,11.2,77.1,23.25,69.24,0.0,19.68,1009.63
2024-02-20 00:00:00,2024-02-22 00:00:00,48,10.3,76.7,26.04,64.46,0.0,16.45,1014.0
2024-02-20 00:00:00,2024-02-22 00:00:00,48,10.3,76.9,25.49,63.84,0.0,16.13,1010.27
2024-02-20 00:00:00,2024-02-22 00:00:00,48,10.3,77.1,23.15,68.52,0.0,11.53,1014.29
2024-02-20 00:00:00,2024-02-22 00:00:00,48,10.6,76.7,22.01,68.34,0.0,14.61,1007.74
2024-02-20 00:00:00,2024-02-22 00:00:00,48,10.6,76.9,22.34,66.73,0.0,14.53,1014.35
2024-02-20 00:00:00,2024-02-22 00:00:00,48,10.6,77.1,24.69,71.21,0.0,14.08,1009.45
2024-02-20 00:00:00,2024-02-22 00:00:00,48,10.9,76.7,26.52,65.49,0.0,17.06,1011.1
2024-02-20 00:00:00,2024-02-22 00:00:00,48,10.9,76.9,23.04,63.86,0.0,19.39,1012.1
2024-02-20 00:00:00,2024-02-22 00:00:00,48,10.9,77.1,26.06,69.02,0.0,10.91,1009.65
2024-02-20 00:00:00,2024-02-22 00:00:00,48,11.2,76.7,25.08,54.53,0.0,14.35,1012.32
2024-02-20 00:00:00,2024-02-22 00:00:00,48,11.2,76.9,26.73,75.98,0.0,16.89,1010.86
2024-02-20 00:00:00,2024-02-22 00:00:00,48,11.2,77.1,26.24,69.4,0.0,14.88,1012.06
2024-02-20 00:00:00,2024-02-23 00:00:00,72,10.3,76.7,28.34,77.93,0.0,9.16,1010.16
2024-02-20 00:00:00,2024-02-23 00:00:00,72,10.3,76.9,22.21,61.78,0.0,14.37,1011.64
2024-02-20 00:00:00,2024-02-23 00:00:00,72,10.3,77.1,29.51,58.86,0.0,13.23,1011.16
2024-02-20 00:00:00,2024-02-23 00:00:00,72,10.6,76.7,22.37,62.27,0.0,13.16,1011.26
2024-02-20 00:00:00,2024-02-23 00:00:00,72,10.6,76.9,25.88,72.16,1.73,8.03,1011.37
2024-02-20 00:00:00,2024-02-23 00:00:00,72,10.6,77.1,24.21,67.29,0.0,8.97,1009.31
2024-02-20 00:00:00,2024-02-23 00:00:00,72,10.9,76.7,24.19,53.49,0.0,9.77,1011.35
2024-02-20 00:00:00,2024-02-23 00:00:00,72,10.9,76.9,26.18,63.99,0.0,13.96,1006.02
2024-02-20 00:00:00,2024-02-23 00:00:00,72,10.9,77.1,21.14,60.15,0.0,20.08,1008.56
2024-02-20 00:00:00,2024-02-23 00:00:00,72,11.2,76.7,24.06,53.28,0.0,14.4,1009.1
2024-02-20 00:00:00,2024-02-23 00:00:00,72,11.2,76.9,24.36,63.65,0.0,10.11,1011.2
2024-02-20 00:00:00,2024-02-23 00:00:00,72,11.2,77.1,26.84,65.84,8.03,10.5,1009.12
2024-02-21 00:00:00,2024-02-22 00:00:00,24,10.3,76.7,24.37,68.33,0.0,25.08,1011.91
2024-02-21 00:00:00,2024-02-22 00:00:00,24,10.3,76.9,25.84,68.15,0.0,12.14,1009.32
2024-02-21 00:00:00,2024-02-22 00:00:00,24,10.3,77.1,24.98,75.52,0.0,16.49,1012.33
2024-02-21 00:00:00,2024-02-22 00:00:00,24,10.6,76.7,24.82,62.21,0.0,16.05,1009.68
2024-02-21 00:00:00,2024-02-22 00:00:00,24,10.6,76.9,26.15,60.13,1.77,12.31,1010.26
2024-02-21 00:00:00,2024-02-22 00:00:00,24,10.6,77.1,21.54,63.8,0.0,14.03,1012.8
2024-02-21 00:00:00,2024-02-22 00:00:00,24,10.9,76.7,24.31,56.41,0.0,11.93,1008.15
2024-02-21 00:00:00,2024-02-22 00:00:00,24,10.9,76.9,23.19,49.34,0.0,13.88,1006.7
2024-02-21 00:00:00,2024-02-22 00:00:00,24,10.9,77.1,25.45,70.54,0.0,12.05,1008.97
2024-02-21 00:00:00,2024-02-22 00:00:00,24,11.2,76.7,27.89,46.22,0.0,13.27,1009.31
2024-02-21 00:00:00,2024-02-22 00:00:00,24,11.2,76.9,23.25,57.26,0.0,10.36,1010.73
2024-02-21 00:00:00,2024-02-22 00:00:00,24,11.2,77.1,24.66,87.03,1.41,17.21,1010.22
2024-02-21 00:00:00,2024-02-23 00:00:00,48,10.3,76.7,26.05,63.2,3.95,17.44,1011.61
2024-02-21 00:00:00,2024-02-23 00:00:00,48,10.3,76.9,26.97,75.76,0.0,6.94,1011.88
2024-02-21 00:00:00,2024-02-23 00:00:00,48,10.3,77.1,27.2,64.8,0.0,16.95,1012.08
2024-02-21 00:00:00,2024-02-23 00:00:00,48,10.6,76.7,22.58,73.8,0.0,13.87,1009.58
2024-02-21 00:00:00,2024-02-23 00:00:00,48,10.6,76.9,25.15,65.8,0.0,14.09,1011.3
2024-02-21 00:00:00,2024-02-23 00:00:00,48,10.6,77.1,21.02,60.87,0.0,12.98,1010.0
2024-02-21 00:00:00,2024-02-23 00:00:00,48,10.9,76.7,25.69,65.86,0.0,10.12,1009.4
2024-02-21 00:00:00,2024-02-23 00:00:00,48,10.9,76.9,24.33,67.57,0.0,14.49,1010.09
2024-02-21 00:00:00,2024-02-23 00:00:00,48,10.9,77.1,27.36,55.28,0.0,10.33,1012.37
2024-02-21 00:00:00,2024-02-23 00:00:00,48,11.2,76.7,23.9,68.61,0.0,18.76,1009.6
2024-02-21 00:00:00,2024-02-23 00:00:00,48,11.2,76.9,24.14,62.18,0.0,15.31,1006.19
2024-02-21 00:00:00,2024-02-23 00:00:00,48,11.2,77.1,24.5,65.16,0.0,11.85,1010.08
2024-02-21 00:00:00,2024-02-24 00:00:00,72,10.3,76.7,20.68,61.3,0.0,12.01,1010.41
2024-02-21 00:00:00,2024-02-24 00:00:00,72,10.3,76.9,24.8,59.2,0.0,18.37,1011.51
2024-02-21 00:00:00,2024-02-24 00:00:00,72,10.3,77.1,25.42,64.63,0.77,17.11,1011.8
2024-02-21 00:00:00,2024-02-24 00:00:00,72,10.6,76.7,25.09,72.9,0.0,9.32,1010.27
2024-02-21 00:00:00,2024-02-24 00:00:00,72,10.6,76.9,23.16,44.9,0.0,9.53,1008.84
2024-02-21 00:00:00,2024-02-24 00:00:00,72,10.6,77.1,24.71,56.68,0.0,16.33,1012.32
2024-02-21 00:00:00,2024-02-24 00:00:00,72,10.9,76.7,23.92,68.9,0.0,12.88,1009.08
2024-02-21 00:00:00,2024-02-24 00:00:00,72,10.9,76.9,23.61,74.2,0.0,10.83,1009.19
2024-02-21 00:00:00,2024-02-24 00:00:00,72,10.9,77.1,28.74,59.24,0.0,16.49,1008.53
2024-02-21 00:00:00,2024-02-24 00:00:00,72,11.2,76.7,21.21,73.97,0.0,13.08,1009.59
2024-02-21 00:00:00,2024-02-24 00:00:00,72,11.2,76.9,27.07,59.49,0.0,14.13,1009.57
2024-02-21 00:00:00,2024-02-24 00:00:00,72,11.2,77.1,25.62,64.31,0.0,12.89,1009.48
2024-02-22 00:00:00,2024-02-23 00:00:00,24,10.3,76.7,26.2,60.44,0.0,13.65,1008.92
2024-02-22 00:00:00,2024-02-23 00:00:00,24,10.3,76.9,25.7,73.63,0.0,15.18,1010.26
2024-02-22 00:00:00,2024-02-23 00:00:00,24,10.3,77.1,26.24,66.38,0.0,12.15,1012.59
2024-02-22 00:00:00,2024-02-23 00:00:00,24,10.6,76.7,24.14,53.82,0.0,8.47,1012.09
2024-02-22 00:00:00,2024-02-23 00:00:00,24,10.6,76.9,21.75,63.38,0.0,16.44,1011.84
2024-02-22 00:00:00,2024-02-23 00:00:00,24,10.6,77.1,22.68,58.7,0.0,10.43,1012.58
2024-02-22 00:00:00,2024-02-23 00:00:00,24,10.9,76.7,23.56,55.79,2.33,17.43,1010.94
2024-02-22 00:00:00,2024-02-23 00:00:00,24,10.9,76.9,24.07,57.85,0.0,18.46,1008.58
2024-02-22 00:00:00,2024-02-23 00:00:00,24,10.9,77.1,24.35,61.47,0.0,11.9,1010.95
2024-02-22 00:00:00,2024-02-23 00:00:00,24,11.2,76.7,24.59,83.71,0.0,14.84,1008.36
2024-02-22 00:00:00,2024-02-23 00:00:00,24,11.2,76.9,25.17,61.66,0.0,21.86,1009.95
2024-02-22 00:00:00,2024-02-23 00:00:00,24,11.2,77.1,25.58,65.56,0.0,16.53,1011.29
2024-02-22 00:00:00,2024-02-24 00:00:00,48,10.3,76.7,21.96,56.2,0.0,12.25,1010.15
2024-02-22 00:00:00,2024-02-24 00:00:00,48,10.3,76.9,24.77,69.44,0.0,15.03,1012.6
2024-02-22 00:00:00,2024-02-24 00:00:00,48,10.3,77.1,24.31,60.32,0.0,15.99,1013.69
2024-02-22 00:00:00,2024-02-24 00:00:00,48,10.6,76.7,27.54,57.74,0.0,11.28,1011.86
2024-02-22 00:00:00,2024-02-24 00:00:00,48,10.6,76.9,23.49,62.55,0.0,19.34,1009.66
2024-02-22 00:00:00,2024-02-24 00:00:00,48,10.6,77.1,28.35,58.45,0.0,13.3,1011.33
2024-02-22 00:00:00,2024-02-24 00:00:00,48,10.9,76.7,21.08,49.44,0.0,17.72,1011.06
2024-02-22 00:00:00,2024-02-24 00:00:00,48,10.9,76.9,24.01,63.32,0.0,18.89,1010.98
2024-02-22 00:00:00,2024-02-24 00:00:00,48,10.9,77.1,26.18,68.97,0.0,15.3,1012.04
2024-02-22 00:00:00,2024-02-24 00:00:00,48,11.2,76.7,22.52,58.5,0.0,12.28,1011.56
2024-02-22 00:00:00,2024-02-24 00:00:00,48,11.2,76.9,22.47,59.09,0.0,13.78,1011.47
2024-02-22 00:00:00,2024-02-24 00:00:00,48,11.2,77.1,24.53,69.33,0.0,12.08,1008.92
2024-02-22 00:00:00,2024-02-25 00:00:00,72,10.3,76.7,21.44,75.76,0.0,18.83,1008.52
2024-02-22 00:00:00,2024-02-25 00:00:00,72,10.3,76.9,22.33,63.86,0.0,11.13,1013.0
2024-02-22 00:00:00,2024-02-25 00:00:00,72,10.3,77.1,23.6,64.37,0.0,14.01,1011.91
2024-02-22 00:00:00,2024-02-25 00:00:00,72,10.6,76.7,22.81,75.5,0.0,17.12,1011.14
2024-02-22 00:00:00,2024-02-25 00:00:00,72,10.6,76.9,27.33,60.0,4.63,13.27,1008.71
2024-02-22 00:00:00,2024-02-25 00:00:00,72,10.6,77.1,25.93,81.75,0.0,10.7,1012.17
2024-02-22 00:00:00,2024-02-25 00:00:00,72,10.9,76.7,28.17,72.42,0.0,14.89,1011.7
2024-02-22 00:00:00,2024-02-25 00:00:00,72,10.9,76.9,26.16,54.54,0.0,10.91,1010.3
2024-02-22 00:00:00,2024-02-25 00:00:00,72,10.9,77.1,23.17,59.55,0.0,11.27,1011.64
2024-02-22 00:00:00,2024-02-25 00:00:00,72,11.2,76.7,25.1,64.91,0.0,9.45,1012.54
2024-02-22 00:00:00,2024-02-25 00:00:00,72,11.2,76.9,26.41,67.78,0.0,18.39,1009.06
2024-02-22 00:00:00,2024-02-25 00:00:00,72,11.2,77.1,22.85,53.54,0.0,10.36,1007.75
2024-02-23 00:00:00,2024-02-24 00:00:00,24,10.3,76.7,26.19,55.42,0.0,13.1,1012.87
2024-02-23 00:00:00,2024-02-24 00:00:00,24,10.3,76.9,25.21,63.13,0.0,13.4,1012.81
2024-02-23 00:00:00,2024-02-24 00:00:00,24,10.3,77.1,24.32,77.63,0.0,10.2,1010.15
2024-02-23 00:00:00,2024-02-24 00:00:00,24,10.6,76.7,25.75,64.51,0.0,21.73,1008.64
2024-02-23 00:00:00,2024-02-24 00:00:00,24,10.6,76.9,24.65,73.71,0.0,13.6,1010.67
2024-02-23 00:00:00,2024-02-24 00:00:00,24,10.6,77.1,21.56,68.19,2.25,19.64,1012.05
2024-02-23 00:00:00,2024-02-24 00:00:00,24,10.9,76.7,24.8,59.98,0.0,15.87,1010.39
2024-02-23 00:00:00,2024-02-24 00:00:00,24,10.9,76.9,25.79,68.83,0.0,15.03,1010.89
2024-02-23 00:00:00,2024-02-24 00:00:00,24,10.9,77.1,26.08,78.56,0.0,14.45,1009.74
2024-02-23 00:00:00,2024-02-24 00:00:00,24,11.2,76.7,26.13,59.0,0.0,11.67,1011.51
2024-02-23 00:00:00,2024-02-24 00:00:00,24,11.2,76.9,23.89,57.54,0.0,16.12,1007.18
2024-02-23 00:00:00,2024-02-24 00:00:00,24,11.2,77.1,23.84,74.07,0.0,17.97,1006.56
2024-02-23 00:00:00,2024-02-25 00:00:00,48,10.3,76.7,21.47,77.44,0.51,15.02,1010.99
2024-02-23 00:00:00,2024-02-25 00:00:00,48,10.3,76.9,23.13,65.3,0.0,14.04,1012.81
2024-02-23 00:00:00,2024-02-25 00:00:00,48,10.3,77.1,24.82,64.4,0.0,11.22,1012.58
2024-02-23 00:00:00,2024-02-25 00:00:00,48,10.6,76.7,23.95,66.87,0.95,16.82,1009.91
2024-02-23 00:00:00,2024-02-25 00:00:00,48,10.6,76.9,25.47,52.85,0.0,13.63,1009.05
2024-02-23 00:00:00,2024-02-25 00:00:00,48,10.6,77.1,25.89,62.72,0.0,18.94,1009.56
2024-02-23 00:00:00,2024-02-25 00:00:00,48,10.9,76.7,23.97,51.18,0.0,12.48,1006.1
2024-02-23 00:00:00,2024-02-25 00:00:00,48,10.9,76.9,23.56,54.65,0.0,17.88,1009.34
2024-02-23 00:00:00,2024-02-25 00:00:00,48,10.9,77.1,27.44,63.13,0.0,14.3,1013.84
2024-02-23 00:00:00,2024-02-25 00:00:00,48,11.2,76.7,22.6,59.73,0.0,13.95,1006.68
2024-02-23 00:00:00,2024-02-25 00:00:00,48,11.2,76.9,23.82,66.79,0.0,14.78,1007.56
2024-02-23 00:00:00,2024-02-25 00:00:00,48,11.2,77.1,23.31,62.64,0.0,16.1,1011.25
2024-02-23 00:00:00,2024-02-26 00:00:00,72,10.3,76.7,26.01,76.55,0.0,16.37,1011.95
2024-02-23 00:00:00,2024-02-26 00:00:00,72,10.3,76.9,23.88,66.76,0.0,11.39,1011.44
2024-02-23 00:00:00,2024-02-26 00:00:00,72,10.3,77.1,26.68,65.05,0.0,6.06,1011.54
2024-02-23 00:00:00,2024-02-26 00:00:00,72,10.6,76.7,23.68,68.71,0.0,13.09,1013.46
2024-02-23 00:00:00,2024-02-26 00:00:00,72,10.6,76.9,26.03,61.3,0.0,12.38,1012.54
2024-02-23 00:00:00,2024-02-26 00:00:00,72,10.6,77.1,26.41,69.97,0.0,12.41,1013.61
2024-02-23 00:00:00,2024-02-26 00:00:00,72,10.9,76.7,23.6,76.49,0.0,18.52,1009.67
2024-02-23 00:00:00,2024-02-26 00:00:00,72,10.9,76.9,21.71,65.58,0.0,15.45,1012.15
2024-02-23 00:00:00,2024-02-26 00:00:00,72,10.9,77.1,23.32,71.04,0.0,16.39,1010.73
2024-02-23 00:00:00,2024-02-26 00:00:00,72,11.2,76.7,26.33,68.78,0.0,16.14,1009.13
2024-02-23 00:00:00,2024-02-26 00:00:00,72,11.2,76.9,28.2,61.21,0.0,20.78,1009.83
2024-02-23 00:00:00,2024-02-26 00:00:00,72,11.2,77.1,24.26,73.63,0.0,15.58,1008.59
2024-02-24 00:00:00,2024-02-25 00:00:00,24,10.3,76.7,24.22,55.87,0.0,18.81,1009.74
2024-02-24 00:00:00,2024-02-25 00:00:00,24,10.3,76.9,22.76,73.0,0.0,11.33,1007.82
2024-02-24 00:00:00,2024-02-25 00:00:00,24,10.3,77.1,25.7,59.86,0.0,19.84,1013.15
2024-02-24 00:00:00,2024-02-25 00:00:00,24,10.6,76.7,22.63,68.55,0.0,13.83,1011.92
2024-02-24 00:00:00,2024-02-25 00:00:00,24,10.6,76.9,25.11,66.99,0.0,15.95,1009.01
2024-02-24 00:00:00,2024-02-25 00:00:00,24,10.6,77.1,23.57,57.56,0.0,10.79,1011.96
2024-02-24 00:00:00,2024-02-25 00:00:00,24,10.9,76.7,24.34,57.87,0.0,11.13,1010.49
2024-02-24 00:00:00,2024-02-25 00:00:00,24,10.9,76.9,22.27,58.25,0.0,10.27,1009.08
2024-02-24 00:00:00,2024-02-25 00:00:00,24,10.9,77.1,23.44,54.95,4.87,12.78,1012.93
2024-02-24 00:00:00,2024-02-25 00:00:00,24,11.2,76.7,25.8,65.44,0.0,19.35,1009.72
2024-02-24 00:00:00,2024-02-25 00:00:00,24,11.2,76.9,23.95,66.94,0.0,16.68,1007.29
2024-02-24 00:00:00,2024-02-25 00:00:00,24,11.2,77.1,23.39,68.84,0.0,16.66,1010.49
2024-02-24 00:00:00,2024-02-26 00:00:00,48,10.3,76.7,28.55,66.55,1.94,18.17,1013.5
2024-02-24 00:00:00,2024-02-26 00:00:00,48,10.3,76.9,27.13,73.35,0.0,14.47,1010.71
2024-02-24 00:00:00,2024-02-26 00:00:00,48,10.3,77.1,23.2,60.5,16.16,18.3,1012.49
2024-02-24 00:00:00,2024-02-26 00:00:00,48,10.6,76.7,28.9,65.77,0.0,13.64,1009.99
2024-02-24 00:00:00,2024-02-26 00:00:00,48,10.6,76.9,23.67,72.88,0.0,12.02,1010.37
2024-02-24 00:00:00,2024-02-26 00:00:00,48,10.6,77.1,25.76,65.39,0.0,17.33,1011.7
2024-02-24 00:00:00,2024-02-26 00:00:00,48,10.9,76.7,22.73,49.11,0.0,19.35,1011.05
2024-02-24 00:00:00,2024-02-26 00:00:00,48,10.9,76.9,22.61,59.5,0.0,14.96,1013.4
2024-02-24 00:00:00,2024-02-26 00:00:00,48,10.9,77.1,25.97,67.01,0.0,17.26,1010.24
2024-02-24 00:00:00,2024-02-26 00:00:00,48,11.2,76.7,24.66,68.76,0.0,9.28,1010.2
2024-02-24 00:00:00,2024-02-26 00:00:00,48,11.2,76.9,24.47,65.94,0.0,7.85,1010.64
2024-02-24 00:00:00,2024-02-26 00:00:00,48,11.2,77.1,27.29,74.85,0.0,15.66,1009.79
2024-02-24 00:00:00,2024-02-27 00:00:00,72,10.3,76.7,19.32,57.6,0.0,22.95,1009.01
2024-02-24 00:00:00,2024-02-27 00:00:00,72,10.3,76.9,22.28,57.96,0.0,14.89,1015.56
2024-02-24 00:00:00,2024-02-27 00:00:00,72,10.3,77.1,26.1,79.02,12.64,11.6,1010.62
2024-02-24 00:00:00,2024-02-27 00:00:00,72,10.6,76.7,22.53,62.71,0.0,11.98,1012.66
2024-02-24 00:00:00,2024-02-27 00:00:00,72,10.6,76.9,24.06,61.8,0.0,9.9,1011.96
2024-02-24 00:00:00,2024-02-27 00:00:00,72,10.6,77.1,24.11,61.59,0.0,16.74,1011.23
2024-02-24 00:00:00,2024-02-27 00:00:00,72,10.9,76.7,23.21,71.34,0.0,13.17,1009.83
2024-02-24 00:00:00,2024-02-27 00:00:00,72,10.9,76.9,22.94,65.78,0.0,20.21,1007.61
2024-02-24 00:00:00,2024-02-27 00:00:00,72,10.9,77.1,20.97,72.87,0.0,16.71,1009.4
2024-02-24 00:00:00,2024-02-27 00:00:00,72,11.2,76.7,23.28,73.23,0.0,13.11,1012.07
2024-02-24 00:00:00,2024-02-27 00:00:00,72,11.2,76.9,22.34,60.28,0.0,10.34,1012.21
2024-02-24 00:00:00,2024-02-27 00:00:00,72,11.2,77.1,21.27,61.24,0.0,16.73,1008.8
2024-02-25 00:00:00,2024-02-26 00:00:00,24,10.3,76.7,24.57,62.54,0.0,13.1,1009.99
2024-02-25 00:00:00,2024-02-26 00:00:00,24,10.3,76.9,25.32,68.41,0.0,17.18,1012.41
2024-02-25 00:00:00,2024-02-26 00:00:00,24,10.3,77.1,24.19,65.26,0.0,14.05,1011.11
2024-02-25 00:00:00,2024-02-26 00:00:00,24,10.6,76.7,23.47,63.19,1.34,12.84,1011.37
2024-02-25 00:00:00,2024-02-26 00:00:00,24,10.6,76.9,25.54,63.85,5.25,16.57,1011.3
2024-02-25 00:00:00,2024-02-26 00:00:00,24,10.6,77.1,23.67,64.19,0.0,16.21,1010.75
2024-02-25 00:00:00,2024-02-26 00:00:00,24,10.9,76.7,24.93,63.85,0.0,9.95,1011.68
2024-02-25 00:00:00,2024-02-26 00:00:00,24,10.9,76.9,24.47,73.69,0.0,18.02,1011.03
2024-02-25 00:00:00,2024-02-26 00:00:00,24,10.9,77.1,22.56,55.36,0.0,15.18,1010.92
2024-02-25 00:00:00,2024-02-26 00:00:00,24,11.2,76.7,25.63,68.75,0.0,18.04,1009.67
2024-02-25 00:00:00,2024-02-26 00:00:00,24,11.2,76.9,25.69,72.79,0.0,14.97,1012.94
2024-02-25 00:00:00,2024-02-26 00:00:00,24,11.2,77.1,25.47,57.3,0.0,17.59,1010.48
2024-02-25 00:00:00,2024-02-27 00:00:00,48,10.3,76.7,23.89,61.67,9.32,16.81,1011.12
2024-02-25 00:00:00,2024-02-27 00:00:00,48,10.3,76.9,24.96,63.95,0.0,10.45,1009.0
2024-02-25 00:00:00,2024-02-27 00:00:00,48,10.3,77.1,25.48,63.53,0.0,15.3,1011.53
2024-02-25 00:00:00,2024-02-27 00:00:00,48,10.6,76.7,20.63,74.64,0.0,21.97,1009.28
2024-02-25 00:00:00,2024-02-27 00:00:00,48,10.6,76.9,27.4,51.77,0.0,15.25,1010.94
2024-02-25 00:00:00,2024-02-27 00:00:00,48,10.6,77.1,28.6,73.36,0.0,22.62,1005.94
2024-02-25 00:00:00,2024-02-27 00:00:00,48,10.9,76.7,25.39,73.12,0.0,7.0,1008.07
2024-02-25 00:00:00,2024-02-27 00:00:00,48,10.9,76.9,24.68,53.31,1.33,16.1,1009.75
2024-02-25 00:00:00,2024-02-27 00:00:00,48,10.9,77.1,25.21,60.82,0.0,13.51,1010.96
2024-02-25 00:00:00,2024-02-27 00:00:00,48,11.2,76.7,26.28,64.88,0.0,10.33,1009.37
2024-02-25 00:00:00,2024-02-27 00:00:00,48,11.2,76.9,26.95,61.23,8.28,14.25,1011.25
2024-02-25 00:00:00,2024-02-27 00:00:00,48,11.2,77.1,26.49,82.42,0.0,12.71,1009.28
2024-02-25 00:00:00,2024-02-28 00:00:00,72,10.3,76.7,25.18,53.98,0.0,17.74,1013.17
2024-02-25 00:00:00,2024-02-28 00:00:00,72,10.3,76.9,24.87,67.54,0.0,12.83,1011.23
2024-02-25 00:00:00,2024-02-28 00:00:00,72,10.3,77.1,27.04,72.3,0.0,17.6,1014.14
2024-02-25 00:00:00,2024-02-28 00:00:00,72,10.6,76.7,23.56,59.97,0.0,12.04,1012.35
2024-02-25 00:00:00,2024-02-28 00:00:00,72,10.6,76.9,23.11,51.61,0.0,15.4,1012.07
2024-02-25 00:00:00,2024-02-28 00:00:00,72,10.6,77.1,26.9,60.82,0.0,12.78,1012.96
2024-02-25 00:00:00,2024-02-28 00:00:00,72,10.9,76.7,23.1,66.96,0.0,13.49,1011.42
2024-02-25 00:00:00,2024-02-28 00:00:00,72,10.9,76.9,21.91,65.66,0.84,14.02,1013.12
2024-02-25 00:00:00,2024-02-28 00:00:00,72,10.9,77.1,18.5,55.5,0.0,12.85,1011.15
2024-02-25 00:00:00,2024-02-28 00:00:00,72,11.2,76.7,21.36,64.03,0.0,9.98,1010.57
2024-02-25 00:00:00,2024-02-28 00:00:00,72,11.2,76.9,20.83,66.29,0.0,16.41,1009.98
2024-02-25 00:00:00,2024-02-28 00:00:00,72,11.2,77.1,23.25,59.71,0.0,22.63,1009.38
2024-02-26 00:00:00,2024-02-27 00:00:00,24,10.3,76.7,24.78,77.42,0.0,15.11,1011.57
2024-02-26 00:00:00,2024-02-27 00:00:00,24,10.3,76.9,22.94,59.46,0.0,18.83,1008.88
2024-02-26 00:00:00,2024-02-27 00:00:00,24,10.3,77.1,24.55,63.02,0.0,12.44,1013.11
2024-02-26 00:00:00,2024-02-27 00:00:00,24,10.6,76.7,21.81,58.01,0.0,14.64,1011.31
2024-02-26 00:00:00,2024-02-27 00:00:00,24,10.6,76.9,20.3,42.46,0.0,17.47,1009.86
2024-02-26 00:00:00,2024-02-27 00:00:00,24,10.6,77.1,24.59,69.71,0.0,10.14,1011.56
2024-02-26 00:00:00,2024-02-27 00:00:00,24,10.9,76.7,24.0,58.88,0.0,15.89,1009.81
2024-02-26 00:00:00,2024-02-27 00:00:00,24,10.9,76.9,25.09,71.83,0.0,7.05,1009.73
2024-02-26 00:00:00,2024-02-27 00:00:00,24,10.9,77.1,25.5,55.1,0.0,8.84,1009.48
2024-02-26 00:00:00,2024-02-27 00:00:00,24,11.2,76.7,29.66,75.05,0.0,14.2,1008.46
2024-02-26 00:00:00,2024-02-27 00:00:00,24,11.2,76.9,24.22,77.51,0.0,19.91,1007.5
2024-02-26 00:00:00,2024-02-27 00:00:00,24,11.2,77.1,25.27,73.05,0.0,19.71,1012.07
2024-02-26 00:00:00,2024-02-28 00:00:00,48,10.3,76.7,19.26,55.03,0.0,8.93,1012.36
2024-02-26 00:00:00,2024-02-28 00:00:00,48,10.3,76.9,29.06,71.75,0.0,10.65,1011.67
2024-02-26 00:00:00,2024-02-28 00:00:00,48,10.3,77.1,23.32,68.92,0.0,16.45,1010.52
2024-02-26 00:00:00,2024-02-28 00:00:00,48,10.6,76.7,25.26,58.65,0.0,9.41,1008.74
2024-02-26 00:00:00,2024-02-28 00:00:00,48,10.6,76.9,23.12,73.6,0.0,16.0,1011.91
2024-02-26 00:00:00,2024-02-28 00:00:00,48,10.6,77.1,24.39,53.99,0.0,11.8,1010.68
2024-02-26 00:00:00,2024-02-28 00:00:00,48,10.9,76.7,24.94,74.14,0.0,13.92,1009.5
2024-02-26 00:00:00,2024-02-28 00:00:00,48,10.9,76.9,23.5,77.33,0.0,16.24,1007.65
2024-02-26 00:00:00,2024-02-28 00:00:00,48,10.9,77.1,25.53,74.32,0.0,14.47,1010.11
2024-02-26 00:00:00,2024-02-28 00:00:00,48,11.2,76.7,20.45,63.41,0.39,13.44,1010.53
2024-02-26 00:00:00,2024-02-28 00:00:00,48,11.2,76.9,21.5,71.17,0.0,8.49,1009.15
2024-02-26 00:00:00,2024-02-28 00:00:00,48,11.2,77.1,22.75,74.38,0.0,15.48,1011.37
2024-02-26 00:00:00,2024-02-29 00:00:00,72,10.3,76.7,21.25,52.62,0.0,12.17,1011.6
2024-02-26 00:00:00,2024-02-29 00:00:00,72,10.3,76.9,25.63,59.64,0.0,11.88,1012.18
2024-02-26 00:00:00,2024-02-29 00:00:00,72,10.3,77.1,22.12,84.53,0.0,10.09,1010.54
2024-02-26 00:00:00,2024-02-29 00:00:00,72,10.6,76.7,22.41,63.16,0.0,11.08,1013.64
2024-02-26 00:00:00,2024-02-29 00:00:00,72,10.6,76.9,24.02,56.95,0.0,12.28,1012.38
2024-02-26 00:00:00,2024-02-29 00:00:00,72,10.6,77.1,27.79,76.81,0.0,14.46,1013.17
2024-02-26 00:00:00,2024-02-29 00:00:00,72,10.9,76.7,24.16,69.24,0.0,14.71,1009.55
2024-02-26 00:00:00,2024-02-29 00:00:00,72,10.9,76.9,24.84,61.25,0.0,8.9,1012.3
2024-02-26 00:00:00,2024-02-29 00:00:00,72,10.9,77.1,24.11,68.46,0.0,13.39,1010.39
2024-02-26 00:00:00,2024-02-29 00:00:00,72,11.2,76.7,21.45,64.26,0.0,12.54,1007.62
2024-02-26 00:00:00,2024-02-29 00:00:00,72,11.2,76.9,25.9,72.93,0.0,15.91,1010.62
2024-02-26 00:00:00,2024-02-29 00:00:00,72,11.2,77.1,25.38,69.53,0.0,15.1,1008.84
2024-02-27 00:00:00,2024-02-28 00:00:00,24,10.3,76.7,23.97,57.16,0.0,18.98,1010.56
2024-02-27 00:00:00,2024-02-28 00:00:00,24,10.3,76.9,27.13,65.43,0.0,8.41,1011.21
2024-02-27 00:00:00,2024-02-28 00:00:00,24,10.3,77.1,25.13,78.92,0.0,11.57,1011.25
2024-02-27 00:00:00,2024-02-28 00:00:00,24,10.6,76.7,24.67,89.77,0.0,15.94,1010.3
2024-02-27 00:00:00,2024-02-28 00:00:00,24,10.6,76.9,27.61,54.53,0.0,16.24,1009.67
2024-02-27 00:00:00,2024-02-28 00:00:00,24,10.6,77.1,24.92,65.73,0.0,8.15,1010.71
2024-02-27 00:00:00,2024-02-28 00:00:00,24,10.9,76.7,25.15,65.18,0.0,11.26,1008.87
2024-02-27 00:00:00,2024-02-28 00:00:00,24,10.9,76.9,27.19,63.62,0.0,10.72,1010.78
2024-02-27 00:00:00,2024-02-28 00:00:00,24,10.9,77.1,25.41,81.71,0.0,15.72,1013.38
2024-02-27 00:00:00,2024-02-28 00:00:00,24,11.2,76.7,24.77,61.19,0.0,19.53,1011.05
2024-02-27 00:00:00,2024-02-28 00:00:00,24,11.2,76.9,24.63,66.46,0.0,18.93,1008.33
2024-02-27 00:00:00,2024-02-28 00:00:00,24,11.2,77.1,26.39,63.27,0.0,13.05,1010.21
2024-02-27 00:00:00,2024-02-29 00:00:00,48,10.3,76.7,24.63,50.5,0.0,15.8,1012.32
2024-02-27 00:00:00,2024-02-29 00:00:00,48,10.3,76.9,23.28,70.96,0.0,12.76,1011.03
2024-02-27 00:00:00,2024-02-29 00:00:00,48,10.3,77.1,21.27,55.8,0.0,12.5,1014.51
2024-02-27 00:00:00,2024-02-29 00:00:00,48,10.6,76.7,23.1,71.31,0.0,12.26,1012.31
2024-02-27 00:00:00,2024-02-29 00:00:00,48,10.6,76.9,27.52,60.44,0.0,14.25,1012.4
2024-02-27 00:00:00,2024-02-29 00:00:00,48,10.6,77.1,24.73,62.53,0.0,9.2,1012.47
2024-02-27 00:00:00,2024-02-29 00:00:00,48,10.9,76.7,26.63,67.94,0.0,22.49,1011.38
2024-02-27 00:00:00,2024-02-29 00:00:00,48,10.9,76.9,28.3,66.27,0.0,9.08,1013.12
2024-02-27 00:00:00,2024-02-29 00:00:00,48,10.9,77.1,23.28,70.81,0.0,13.24,1011.21
2024-02-27 00:00:00,2024-02-29 00:00:00,48,11.2,76.7,22.71,57.63,0.0,11.28,1011.1
2024-02-27 00:00:00,2024-02-29 00:00:00,48,11.2,76.9,21.94,64.89,0.0,7.9,1010.04
2024-02-27 00:00:00,2024-02-29 00:00:00,48,11.2,77.1,25.84,64.52,0.0,7.62,1010.9
2024-02-27 00:00:00,2024-03-01 00:00:00,72,10.3,76.7,26.4,79.82,0.0,17.59,1015.44
2024-02-27 00:00:00,2024-03-01 00:00:00,72,10.3,76.9,23.29,64.12,0.0,13.81,1012.65
2024-02-27 00:00:00,2024-03-01 00:00:00,72,10.3,77.1,24.71,67.99,0.0,7.97,1012.79
2024-02-27 00:00:00,2024-03-01 00:00:00,72,10.6,76.7,22.07,66.36,0.0,14.78,1009.11
2024-02-27 00:00:00,2024-03-01 00:00:00,72,10.6,76.9,26.43,81.15,0.0,10.65,1011.96
2024-02-27 00:00:00,2024-03-01 00:00:00,72,10.6,77.1,28.0,69.85,0.0,15.22,1011.19
2024-02-27 00:00:00,2024-03-01 00:00:00,72,10.9,76.7,23.56,80.01,0.0,10.68,1009.92
2024-02-27 00:00:00,2024-03-01 00:00:00,72,10.9,76.9,22.98,75.33,0.0,6.48,1010.35
2024-02-27 00:00:00,2024-03-01 00:00:00,72,10.9,77.1,24.22,66.61,0.0,10.72,1009.28
2024-02-27 00:00:00,2024-03-01 00:00:00,72,11.2,76.7,22.02,77.13,0.0,12.43,1010.14
2024-02-27 00:00:00,2024-03-01 00:00:00,72,11.2,76.9,25.65,60.85,0.0,15.19,1009.79
2024-02-27 00:00:00,2024-03-01 00:00:00,72,11.2,77.1,25.46,60.84,0.0,21.77,1012.05
2024-02-28 00:00:00,2024-02-29 00:00:00,24,10.3,76.7,25.14,57.42,0.0,15.53,1010.05
2024-02-28 00:00:00,2024-02-29 00:00:00,24,10.3,76.9,22.64,64.09,0.0,14.21,1007.07
2024-02-28 00:00:00,2024-02-29 00:00:00,24,10.3,77.1,25.94,76.04,0.0,8.66,1010.64
2024-02-28 00:00:00,2024-02-29 00:00:00,24,10.6,76.7,25.13,56.93,0.0,13.66,1011.88
2024-02-28 00:00:00,2024-02-29 00:00:00,24,10.6,76.9,24.73,75.55,0.0,14.08,1008.86
2024-02-28 00:00:00,2024-02-29 00:00:00,24,10.6,77.1,24.01,65.14,0.0,7.39,1012.21
2024-02-28 00:00:00,2024-02-29 00:00:00,24,10.9,76.7,22.86,71.19,0.0,12.27,1009.89
2024-02-28 00:00:00,2024-02-29 00:00:00,24,10.9,76.9,25.13,67.41,0.0,9.48,1007.85
2024-02-28 00:00:00,2024-02-29 00:00:00,24,10.9,77.1,24.56,77.1,7.54,9.64,1010.89
2024-02-28 00:00:00,2024-02-29 00:00:00,24,11.2,76.7,20.73,56.57,0.0,14.38,1011.65
2024-02-28 00:00:00,2024-02-29 00:00:00,24,11.2,76.9,25.38,60.51,0.0,11.15,1007.45
2024-02-28 00:00:00,2024-02-29 00:00:00,24,11.2,77.1,23.13,71.99,0.0,13.24,1009.43
2024-02-28 00:00:00,2024-03-01 00:00:00,48,10.3,76.7,21.53,71.42,0.0,15.28,1010.4
2024-02-28 00:00:00,2024-03-01 00:00:00,48,10.3,76.9,24.42,70.39,0.0,10.19,1011.57
2024-02-28 00:00:00,2024-03-01 00:00:00,48,10.3,77.1,25.24,63.22,0.0,14.46,1011.84
2024-02-28 00:00:00,2024-03-01 00:00:00,48,10.6,76.7,23.4,60.34,0.0,14.95,1011.3
2024-02-28 00:00:00,2024-03-01 00:00:00,48,10.6,76.9,22.32,62.25,0.0,12.77,1009.14
2024-02-28 00:00:00,2024-03-01 00:00:00,48,10.6,77.1,24.21,48.32,0.0,11.58,1011.49
2024-02-28 00:00:00,2024-03-01 00:00:00,48,10.9,76.7,23.94,54.51,0.0,9.59,1013.13
2024-02-28 00:00:00,2024-03-01 00:00:00,48,10.9,76.9,23.53,69.31,0.0,12.84,1010.5
2024-02-28 00:00:00,2024-03-01 00:00:00,48,10.9,77.1,25.63,65.38,0.0,14.99,1011.52
2024-02-28 00:00:00,2024-03-01 00:00:00,48,11.2,76.7,24.93,58.79,0.0,14.94,1007.53
2024-02-28 00:00:00,2024-03-01 00:00:00,48,11.2,76.9,30.01,67.7,0.0,16.92,1010.35
2024-02-28 00:00:00,2024-03-01 00:00:00,48,11.2,77.1,20.87,49.44,0.18,13.46,1009.98
2024-02-28 00:00:00,2024-03-02 00:00:00,72,10.3,76.7,24.98,59.17,0.0,17.05,1012.05
2024-02-28 00:00:00,2024-03-02 00:00:00,72,10.3,76.9,26.19,62.7,0.0,14.82,1012.53
2024-02-28 00:00:00,2024-03-02 00:00:00,72,10.3,77.1,21.39,66.38,0.0,11.36,1012.05
2024-02-28 00:00:00,2024-03-02 00:00:00,72,10.6,76.7,23.34,63.42,0.0,17.16,1010.49
2024-02-28 00:00:00,2024-03-02 00:00:00,72,10.6,76.9,24.87,61.57,0.0,16.67,1008.74
2024-02-28 00:00:00,2024-03-02 00:00:00,72,10.6,77.1,25.83,73.96,0.0,12.69,1010.35
2024-02-28 00:00:00,2024-03-02 00:00:00,72,10.9,76.7,24.16,79.34,1.59,15.82,1010.48
2024-02-28 00:00:00,2024-03-02 00:00:00,72,10.9,76.9,24.82,65.63,0.0,12.74,1010.83
2024-02-28 00:00:00,2024-03-02 00:00:00,72,10.9,77.1,27.22,70.23,0.0,19.05,1008.33
2024-02-28 00:00:00,2024-03-02 00:00:00,72,11.2,76.7,24.77,65.26,0.0,8.52,1008.96
2024-02-28 00:00:00,2024-03-02 00:00:00,72,11.2,76.9,27.02,65.68,0.0,19.91,1010.67
2024-02-28 00:00:00,2024-03-02 00:00:00,72,11.2,77.1,25.28,53.34,0.0,12.37,1008.06
2024-02-29 00:00:00,2024-03-01 00:00:00,24,10.3,76.7,24.75,54.44,4.6,17.75,1011.94
2024-02-29 00:00:00,2024-03-01 00:00:00,24,10.3,76.9,23.93,69.15,0.0,13.85,1012.47
2024-02-29 00:00:00,2024-03-01 00:00:00,24,10.3,77.1,22.9,68.32,0.0,11.12,1009.2
2024-02-29 00:00:00,2024-03-01 00:00:00,24,10.6,76.7,24.29,69.22,0.0,13.21,1010.96
2024-02-29 00:00:00,2024-03-01 00:00:00,24,10.6,76.9,24.74,65.83,0.0,15.31,1009.02
2024-02-29 00:00:00,2024-03-01 00:00:00,24,10.6,77.1,27.27,62.46,0.0,11.44,1012.59
2024-02-29 00:00:00,2024-03-01 00:00:00,24,10.9,76.7,24.59,76.88,0.0,13.37,1008.63
2024-02-29 00:00:00,2024-03-01 00:00:00,24,10.9,76.9,25.33,69.53,0.0,12.35,1010.29
2024-02-29 00:00:00,2024-03-01 00:00:00,24,10.9,77.1,22.06,68.05,0.0,15.69,1010.64
2024-02-29 00:00:00,2024-03-01 00:00:00,24,11.2,76.7,23.39,56.3,0.0,16.69,1008.91
2024-02-29 00:00:00,2024-03-01 00:00:00,24,11.2,76.9,21.47,68.12,0.0,15.12,1009.37
2024-02-29 00:00:00,2024-03-01 00:00:00,24,11.2,77.1,23.43,76.65,0.0,11.3,1008.73
2024-02-29 00:00:00,2024-03-02 00:00:00,48,10.3,76.7,23.63,69.92,0.0,16.78,1009.68
2024-02-29 00:00:00,2024-03-02 00:00:00,48,10.3,76.9,24.88,58.77,0.0,18.13,1012.08
2024-02-29 00:00:00,2024-03-02 00:00:00,48,10.3,77.1,22.21,53.79,0.0,16.26,1011.51
2024-02-29 00:00:00,2024-03-02 00:00:00,48,10.6,76.7,25.4,79.43,0.0,14.22,1009.5
2024-02-29 00:00:00,2024-03-02 00:00:00,48,10.6,76.9,27.01,69.02,0.0,18.05,1013.06
2024-02-29 00:00:00,2024-03-02 00:00:00,48,10.6,77.1,26.1,65.84,0.0,9.17,1008.97
2024-02-29 00:00:00,2024-03-02 00:00:00,48,10.9,76.7,22.99,49.63,0.99,14.38,1009.43
2024-02-29 00:00:00,2024-03-02 00:00:00,48,10.9,76.9,24.87,75.69,0.0,12.73,1010.93
2024-02-29 00:00:00,2024-03-02 00:00:00,48,10.9,77.1,23.54,74.34,0.0,15.42,1012.14
2024-02-29 00:00:00,2024-03-02 00:00:00,48,11.2,76.7,24.92,72.74,0.0,10.38,1011.99
2024-02-29 00:00:00,2024-03-02 00:00:00,48,11.2,76.9,24.73,75.1,0.0,16.74,1007.8
2024-02-29 00:00:00,2024-03-02 00:00:00,48,11.2,77.1,24.84,70.87,0.0,14.8,1007.97
2024-02-29 00:00:00,2024-03-03 00:00:00,72,10.3,76.7,25.41,64.21,0.0,13.04,1010.43
2024-02-29 00:00:00,2024-03-03 00:00:00,72,10.3,76.9,30.4,56.85,0.0,16.31,1010.89
2024-02-29 00:00:00,2024-03-03 00:00:00,72,10.3,77.1,26.96,58.08,0.0,10.23,1012.84
2024-02-29 00:00:00,2024-03-03 00:00:00,72,10.6,76.7,25.63,64.29,0.0,10.63,1010.02
2024-02-29 00:00:00,2024-03-03 00:00:00,72,10.6,76.9,26.8,66.93,0.0,17.74,1006.53
2024-02-29 00:00:00,2024-03-03 00:00:00,72,10.6,77.1,27.7,61.58,0.0,16.34,1010.46
2024-02-29 00:00:00,2024-03-03 00:00:00,72,10.9,76.7,22.12,78.25,0.0,12.78,1010.79
2024-02-29 00:00:00,2024-03-03 00:00:00,72,10.9,76.9,22.82,62.8,0.83,16.23,1010.69
2024-02-29 00:00:00,2024-03-03 00:00:00,72,10.9,77.1,29.23,65.99,0.0,14.76,1010.15
2024-02-29 00:00:00,2024-03-03 00:00:00,72,11.2,76.7,20.07,54.89,0.0,13.2,1012.04
2024-02-29 00:00:00,2024-03-03 00:00:00,72,11.2,76.9,24.28,57.43,0.0,6.03,1007.79
2024-02-29 00:00:00,2024-03-03 00:00:00,72,11.2,77.1,20.15,75.39,0.0,12.83,1006.82
2024-03-01 00:00:00,2024-03-02 00:00:00,24,10.3,76.7,25.59,70.19,0.0,13.41,1011.36
2024-03-01 00:00:00,2024-03-02 00:00:00,24,10.3,76.9,26.71,61.53,0.0,6.52,1011.04
2024-03-01 00:00:00,2024-03-02 00:00:00,24,10.3,77.1,21.98,69.52,0.0,12.59,1011.15
2024-03-01 00:00:00,2024-03-02 00:00:00,24,10.6,76.7,23.75,62.39,0.0,13.51,1008.3
2024-03-01 00:00:00,2024-03-02 00:00:00,24,10.6,76.9,25.56,63.18,0.0,8.38,1008.5
2024-03-01 00:00:00,2024-03-02 00:00:00,24,10.6,77.1,22.92,51.0,0.21,16.04,1012.28
2024-03-01 00:00:00,2024-03-02 00:00:00,24,10.9,76.7,25.87,73.57,0.0,20.85,1010.7
2024-03-01 00:00:00,2024-03-02 00:00:00,24,10.9,76.9,24.47,59.36,0.0,17.26,1011.67
2024-03-01 00:00:00,2024-03-02 00:00:00,24,10.9,77.1,25.81,77.19,0.0,11.4,1009.18
2024-03-01 00:00:00,2024-03-02 00:00:00,24,11.2,76.7,22.82,63.44,0.0,10.33,1007.27
2024-03-01 00:00:00,2024-03-02 00:00:00,24,11.2,76.9,22.94,62.42,0.0,8.58,1008.48
2024-03-01 00:00:00,2024-03-02 00:00:00,24,11.2,77.1,26.27,81.86,0.0,6.36,1008.48
2024-03-01 00:00:00,2024-03-03 00:00:00,48,10.3,76.7,25.87,65.82,3.9,14.06,1010.62
2024-03-01 00:00:00,2024-03-03 00:00:00,48,10.3,76.9,22.23,73.74,0.0,12.25,1012.31
2024-03-01 00:00:00,2024-03-03 00:00:00,48,10.3,77.1,22.3,65.65,0.0,15.66,1014.25
2024-03-01 00:00:00,2024-03-03 00:00:00,48,10.6,76.7,24.59,73.96,0.0,18.89,1012.06
2024-03-01 00:00:00,2024-03-03 00:00:00,48,10.6,76.9,27.11,68.33,0.0,16.4,1009.84
2024-03-01 00:00:00,2024-03-03 00:00:00,48,10.6,77.1,24.05,62.05,0.0,17.46,1009.25
2024-03-01 00:00:00,2024-03-03 00:00:00,48,10.9,76.7,28.53,60.36,0.0,13.21,1010.42
2024-03-01 00:00:00,2024-03-03 00:00:00,48,10.9,76.9,25.04,61.52,0.0,13.32,1009.16
2024-03-01 00:00:00,2024-03-03 00:00:00,48,10.9,77.1,23.51,56.46,0.0,15.56,1010.83
2024-03-01 00:00:00,2024-03-03 00:00:00,48,11.2,76.7,28.61,64.2,0.0,12.88,1009.5
2024-03-01 00:00:00,2024-03-03 00:00:00,48,11.2,76.9,23.08,60.52,0.0,12.42,1009.39
2024-03-01 00:00:00,2024-03-03 00:00:00,48,11.2,77.1,20.96,67.94,0.0,18.73,1011.88
2024-03-01 00:00:00,2024-03-04 00:00:00,72,10.3,76.7,27.36,72.61,0.0,16.62,1012.7
2024-03-01 00:00:00,2024-03-04 00:00:00,72,10.3,76.9,25.79,61.63,0.0,13.21,1009.24
2024-03-01 00:00:00,2024-03-04 00:00:00,72,10.3,77.1,25.78,58.11,0.0,7.88,1010.31
2024-03-01 00:00:00,2024-03-04 00:00:00,72,10.6,76.7,25.2,65.81,0.0,12.18,1010.73
2024-03-01 00:00:00,2024-03-04 00:00:00,72,10.6,76.9,27.69,76.03,0.0,11.95,1011.27
2024-03-01 00:00:00,2024-03-04 00:00:00,72,10.6,77.1,22.32,60.18,0.0,16.06,1008.84
2024-03-01 00:00:00,2024-03-04 00:00:00,72,10.9,76.7,21.57,57.78,5.87,16.94,1010.12
2024-03-01 00:00:00,2024-03-04 00:00:00,72,10.9,76.9,26.06,79.81,3.03,17.56,1010.4
2024-03-01 00:00:00,2024-03-04 00:00:00,72,10.9,77.1,24.84,59.96,0.49,16.52,1010.29
2024-03-01 00:00:00,2024-03-04 00:00:00,72,11.2,76.7,25.98,61.45,2.24,7.04,1009.75
2024-03-01 00:00:00,2024-03-04 00:00:00,72,11.2,76.9,27.8,63.46,0.0,9.89,1010.88
2024-03-01 00:00:00,2024-03-04 00:00:00,72,11.2,77.1,23.21,56.6,0.0,16.04,1007.22
2024-03-02 00:00:00,2024-03-03 00:00:00,24,10.3,76.7,27.43,50.38,0.0,15.4,1011.51
2024-03-02 00:00:00,2024-03-03 00:00:00,24,10.3,76.9,27.95,59.24,0.0,12.89,1010.65
2024-03-02 00:00:00,2024-03-03 00:00:00,24,10.3,77.1,25.57,47.41,0.0,13.03,1010.09
2024-03-02 00:00:00,2024-03-03 00:00:00,24,10.6,76.7,23.76,77.69,0.0,11.58,1012.75
2024-03-02 00:00:00,2024-03-03 00:00:00,24,10.6,76.9,23.21,62.89,0.0,8.09,1012.54
2024-03-02 00:00:00,2024-03-03 00:00:00,24,10.6,77.1,24.94,62.55,0.0,10.47,1008.92
2024-03-02 00:00:00,2024-03-03 00:00:00,24,10.9,76.7,23.03,64.08,0.0,13.18,1011.85
2024-03-02 00:00:00,2024-03-03 00:00:00,24,10.9,76.9,24.47,47.0,0.0,11.09,1009.92
2024-03-02 00:00:00,2024-03-03 00:00:00,24,10.9,77.1,24.81,59.88,0.0,20.35,1009.94
2024-03-02 00:00:00,2024-03-03 00:00:00,24,11.2,76.7,24.16,79.9,0.0,17.03,1009.29
2024-03-02 00:00:00,2024-03-03 00:00:00,24,11.2,76.9,27.09,63.92,0.0,7.8,1008.69
2024-03-02 00:00:00,2024-03-03 00:00:00,24,11.2,77.1,25.32,59.49,0.0,13.67,1008.03
2024-03-02 00:00:00,2024-03-04 00:00:00,48,10.3,76.7,23.93,73.8,0.0,17.39,1011.18
2024-03-02 00:00:00,2024-03-04 00:00:00,48,10.3,76.9,22.33,56.42,0.0,12.88,1008.64
2024-03-02 00:00:00,2024-03-04 00:00:00,48,10.3,77.1,21.03,52.65,0.0,17.07,1011.04
2024-03-02 00:00:00,2024-03-04 00:00:00,48,10.6,76.7,23.44,55.68,0.0,12.96,1012.58
2024-03-02 00:00:00,2024-03-04 00:00:00,48,10.6,76.9,25.6,66.81,0.0,17.99,1009.69
2024-03-02 00:00:00,2024-03-04 00:00:00,48,10.6,77.1,25.9,77.85,0.0,18.11,1007.98
2024-03-02 00:00:00,2024-03-04 00:00:00,48,10.9,76.7,23.18,62.24,3.08,8.4,1008.56
2024-03-02 00:00:00,2024-03-04 00:00:00,48,10.9,76.9,23.73,73.51,0.0,15.39,1007.44
2024-03-02 00:00:00,2024-03-04 00:00:00,48,10.9,77.1,25.16,62.68,0.0,13.81,1009.3
2024-03-02 00:00:00,2024-03-04 00:00:00,48,11.2,76.7,25.53,62.91,0.0,21.34,1008.94
2024-03-02 00:00:00,2024-03-04 00:00:00,48,11.2,76.9,27.22,63.27,0.83,10.4,1009.02
2024-03-02 00:00:00,2024-03-04 00:00:00,48,11.2,77.1,25.53,62.21,0.0,14.87,1010.16
2024-03-02 00:00:00,2024-03-05 00:00:00,72,10.3,76.7,23.07,65.8,0.0,14.7,1009.33
2024-03-02 00:00:00,2024-03-05 00:00:00,72,10.3,76.9,20.85,74.77,0.0,14.05,1006.5
2024-03-02 00:00:00,2024-03-05 00:00:00,72,10.3,77.1,24.36,66.36,0.0,12.98,1011.0
2024-03-02 00:00:00,2024-03-05 00:00:00,72,10.6,76.7,28.75,80.17,0.0,13.74,1009.72
2024-03-02 00:00:00,2024-03-05 00:00:00,72,10.6,76.9,24.24,63.0,0.0,10.77,1011.47
2024-03-02 00:00:00,2024-03-05 00:00:00,72,10.6,77.1,22.0,65.55,0.0,12.25,1010.9
2024-03-02 00:00:00,2024-03-05 00:00:00,72,10.9,76.7,22.93,66.5,0.0,14.61,1010.48
2024-03-02 00:00:00,2024-03-05 00:00:00,72,10.9,76.9,26.45,63.67,0.0,9.96,1010.44
2024-03-02 00:00:00,2024-03-05 00:00:00,72,10.9,77.1,25.59,55.49,0.0,18.65,1010.6
2024-03-02 00:00:00,2024-03-05 00:00:00,72,11.2,76.7,22.54,84.2,0.83,12.84,1010.75
2024-03-02 00:00:00,2024-03-05 00:00:00,72,11.2,76.9,25.57,56.95,0.0,14.5,1010.26
2024-03-02 00:00:00,2024-03-05 00:00:00,72,11.2,77.1,25.86,60.97,0.0,10.09,1011.8
2024-03-03 00:00:00,2024-03-04 00:00:00,24,10.3,76.7,25.72,65.54,0.0,13.33,1011.8
2024-03-03 00:00:00,2024-03-04 00:00:00,24,10.3,76.9,20.92,63.35,0.0,9.21,1009.17
2024-03-03 00:00:00,2024-03-04 00:00:00,24,10.3,77.1,25.51,58.6,0.0,16.17,1013.29
2024-03-03 00:00:00,2024-03-04 00:00:00,24,10.6,76.7,26.26,61.46,0.0,14.78,1010.97
2024-03-03 00:00:00,2024-03-04 00:00:00,24,10.6,76.9,22.74,73.55,0.0,11.35,1011.79
2024-03-03 00:00:00,2024-03-04 00:00:00,24,10.6,77.1,21.01,81.43,0.0,5.02,1009.06
2024-03-03 00:00:00,2024-03-04 00:00:00,24,10.9,76.7,26.68,69.81,0.0,14.22,1010.57
2024-03-03 00:00:00,2024-03-04 00:00:00,24,10.9,76.9,24.49,55.34,0.0,15.04,1011.86
2024-03-03 00:00:00,2024-03-04 00:00:00,24,10.9,77.1,23.97,54.11,0.0,24.06,1009.33
2024-03-03 00:00:00,2024-03-04 00:00:00,24,11.2,76.7,26.37,63.1,0.0,20.52,1011.28
2024-03-03 00:00:00,2024-03-04 00:00:00,24,11.2,76.9,26.87,67.6,0.0,21.58,1010.76
2024-03-03 00:00:00,2024-03-04 00:00:00,24,11.2,77.1,25.62,58.4,0.0,13.29,1005.93
2024-03-03 00:00:00,2024-03-05 00:00:00,48,10.3,76.7,23.48,71.34,0.0,18.52,1013.08
2024-03-03 00:00:00,2024-03-05 00:00:00,48,10.3,76.9,26.49,67.28,0.0,9.05,1012.7
2024-03-03 00:00:00,2024-03-05 00:00:00,48,10.3,77.1,26.9,63.36,0.0,13.24,1011.39
2024-03-03 00:00:00,2024-03-05 00:00:00,48,10.6,76.7,24.68,68.11,0.0,15.08,1009.1
2024-03-03 00:00:00,2024-03-05 00:00:00,48,10.6,76.9,25.42,69.38,0.0,12.04,1009.55
2024-03-03 00:00:00,2024-03-05 00:00:00,48,10.6,77.1,27.98,48.29,0.0,17.66,1009.12
2024-03-03 00:00:00,2024-03-05 00:00:00,48,10.9,76.7,26.46,69.96,0.0,14.81,1010.36
2024-03-03 00:00:00,2024-03-05 00:00:00,48,10.9,76.9,23.96,59.67,0.0,11.51,1010.94
2024-03-03 00:00:00,2024-03-05 00:00:00,48,10.9,77.1,24.42,51.88,0.0,10.93,1009.33
2024-03-03 00:00:00,2024-03-05 00:00:00,48,11.2,76.7,25.43,61.24,0.0,18.62,1008.53
2024-03-03 00:00:00,2024-03-05 00:00:00,48,11.2,76.9,25.76,73.12,5.22,13.53,1008.16
2024-03-03 00:00:00,2024-03-05 00:00:00,48,11.2,77.1,23.66,58.72,0.0,13.27,1007.47
2024-03-03 00:00:00,2024-03-06 00:00:00,72,10.3,76.7,25.95,64.79,0.0,9.43,1013.33
2024-03-03 00:00:00,2024-03-06 00:00:00,72,10.3,76.9,27.85,63.47,0.0,11.63,1013.07
2024-03-03 00:00:00,2024-03-06 00:00:00,72,10.3,77.1,23.05,65.48,6.73,17.3,1011.71
2024-03-03 00:00:00,2024-03-06 00:00:00,72,10.6,76.7,31.03,57.65,0.0,18.54,1013.75
2024-03-03 00:00:00,2024-03-06 00:00:00,72,10.6,76.9,25.69,64.19,0.0,17.75,1010.42
2024-03-03 00:00:00,2024-03-06 00:00:00,72,10.6,77.1,21.59,59.59,0.0,14.24,1008.15
2024-03-03 00:00:00,2024-03-06 00:00:00,72,10.9,76.7,26.98,57.88,0.0,19.27,1011.91
2024-03-03 00:00:00,2024-03-06 00:00:00,72,10.9,76.9,21.16,60.94,0.0,11.3,1010.22
2024-03-03 00:00:00,2024-03-06 00:00:00,72,10.9,77.1,30.28,56.17,0.0,13.83,1009.18
2024-03-03 00:00:00,2024-03-06 00:00:00,72,11.2,76.7,21.92,51.92,0.0,9.3,1012.16
2024-03-03 00:00:00,2024-03-06 00:00:00,72,11.2,76.9,24.82,79.02,0.0,16.4,1010.75
2024-03-03 00:00:00,2024-03-06 00:00:00,72,11.2,77.1,28.46,68.99,0.0,15.41,1009.29
2024-03-04 00:00:00,2024-03-05 00:00:00,24,10.3,76.7,24.34,77.09,0.0,16.43,1008.06
2024-03-04 00:00:00,2024-03-05 00:00:00,24,10.3,76.9,26.18,71.07,0.0,14.68,1011.75
2024-03-04 00:00:00,2024-03-05 00:00:00,24,10.3,77.1,25.06,56.34,0.0,18.4,1010.31
2024-03-04 00:00:00,2024-03-05 00:00:00,24,10.6,76.7,23.54,60.58,0.45,16.8,1011.09
2024-03-04 00:00:00,2024-03-05 00:00:00,24,10.6,76.9,27.83,68.46,0.0,14.87,1012.82
2024-03-04 00:00:00,2024-03-05 00:00:00,24,10.6,77.1,25.78,71.33,0.0,24.39,1010.1
2024-03-04 00:00:00,2024-03-05 00:00:00,24,10.9,76.7,24.18,67.02,0.0,16.94,1010.66
2024-03-04 00:00:00,2024-03-05 00:00:00,24,10.9,76.9,26.99,67.37,0.0,11.85,1012.76
2024-03-04 00:00:00,2024-03-05 00:00:00,24,10.9,77.1,25.6,65.36,0.0,18.68,1010.09
2024-03-04 00:00:00,2024-03-05 00:00:00,24,11.2,76.7,23.71,67.76,0.0,6.55,1012.57
2024-03-04 00:00:00,2024-03-05 00:00:00,24,11.2,76.9,24.71,72.21,0.0,14.38,1007.42
2024-03-04 00:00:00,2024-03-05 00:00:00,24,11.2,77.1,23.67,70.04,0.0,12.43,1010.72
2024-03-04 00:00:00,2024-03-06 00:00:00,48,10.3,76.7,27.11,60.26,0.0,16.58,1010.63
2024-03-04 00:00:00,2024-03-06 00:00:00,48,10.3,76.9,24.61,75.95,0.0,11.3,1010.3
2024-03-04 00:00:00,2024-03-06 00:00:00,48,10.3,77.1,24.67,59.38,0.0,7.09,1010.42
2024-03-04 00:00:00,2024-03-06 00:00:00,48,10.6,76.7,19.88,71.97,0.0,13.73,1009.94
2024-03-04 00:00:00,2024-03-06 00:00:00,48,10.6,76.9,25.82,71.56,0.0,10.04,1012.93
2024-03-04 00:00:00,2024-03-06 00:00:00,48,10.6,77.1,22.59,56.2,0.0,18.4,1009.09
2024-03-04 00:00:00,2024-03-06 00:00:00,48,10.9,76.7,26.8,76.79,0.0,10.17,1010.75
2024-03-04 00:00:00,2024-03-06 00:00:00,48,10.9,76.9,25.84,76.09,0.0,5.17,1010.54
2024-03-04 00:00:00,2024-03-06 00:00:00,48,10.9,77.1,23.55,78.47,2.7,16.54,1013.41
2024-03-04 00:00:00,2024-03-06 00:00:00,48,11.2,76.7,23.15,76.33,0.0,21.73,1009.41
2024-03-04 00:00:00,2024-03-06 00:00:00,48,11.2,76.9,25.21,61.74,0.0,19.36,1010.69
2024-03-04 00:00:00,2024-03-06 00:00:00,48,11.2,77.1,26.48,72.47,0.0,7.33,1009.3
2024-03-04 00:00:00,2024-03-07 00:00:00,72,10.3,76.7,25.99,70.7,0.0,10.1,1010.88
2024-03-04 00:00:00,2024-03-07 00:00:00,72,10.3,76.9,24.4,78.01,0.0,17.03,1009.32
2024-03-04 00:00:00,2024-03-07 00:00:00,72,10.3,77.1,23.32,69.11,0.0,11.76,1009.61
2024-03-04 00:00:00,2024-03-07 00:00:00,72,10.6,76.7,27.45,83.08,0.0,14.82,1011.48
2024-03-04 00:00:00,2024-03-07 00:00:00,72,10.6,76.9,24.5,54.97,0.0,11.16,1007.12
2024-03-04 00:00:00,2024-03-07 00:00:00,72,10.6,77.1,27.56,69.54,3.79,13.71,1010.41
2024-03-04 00:00:00,2024-03-07 00:00:00,72,10.9,76.7,24.94,76.48,0.0,18.77,1013.46
2024-03-04 00:00:00,2024-03-07 00:00:00,72,10.9,76.9,26.81,66.21,1.87,18.62,1008.97
2024-03-04 00:00:00,2024-03-07 00:00:00,72,10.9,77.1,23.97,65.72,0.0,11.95,1011.68
2024-03-04 00:00:00,2024-03-07 00:00:00,72,11.2,76.7,22.87,70.21,0.0,13.45,1006.25
2024-03-04 00:00:00,2024-03-07 00:00:00,72,11.2,76.9,21.92,69.69,0.0,11.28,1008.82
2024-03-04 00:00:00,2024-03-07 00:00:00,72,11.2,77.1,19.26,57.39,0.0,9.51,1011.8
2024-03-05 00:00:00,2024-03-06 00:00:00,24,10.3,76.7,22.79,67.23,0.0,13.31,1014.04
2024-03-05 00:00:00,2024-03-06 00:00:00,24,10.3,76.9,23.81,71.04,0.0,15.38,1011.13
2024-03-05 00:00:00,2024-03-06 00:00:00,24,10.3,77.1,25.03,71.33,0.0,9.95,1009.49
2024-03-05 00:00:00,2024-03-06 00:00:00,24,10.6,76.7,24.54,73.53,0.0,12.64,1010.05
2024-03-05 00:00:00,2024-03-06 00:00:00,24,10.6,76.9,26.33,70.78,0.0,12.68,1010.25
2024-03-05 00:00:00,2024-03-06 00:00:00,24,10.6,77.1,22.85,69.11,0.0,17.0,1010.29
2024-03-05 00:00:00,2024-03-06 00:00:00,24,10.9,76.7,25.15,61.85,0.0,12.29,1006.98
2024-03-05 00:00:00,2024-03-06 00:00:00,24,10.9,76.9,23.74,69.13,0.0,18.49,1009.74
2024-03-05 00:00:00,2024-03-06 00:00:00,24,10.9,77.1,23.09,53.02,0.0,12.61,1010.87
2024-03-05 00:00:00,2024-03-06 00:00:00,24,11.2,76.7,26.65,67.48,0.0,8.7,1011.08
2024-03-05 00:00:00,2024-03-06 00:00:00,24,11.2,76.9,24.77,71.27,0.0,12.56,1009.19
2024-03-05 00:00:00,2024-03-06 00:00:00,24,11.2,77.1,25.14,75.47,0.0,20.68,1008.01
2024-03-05 00:00:00,2024-03-07 00:00:00,48,10.3,76.7,23.83,66.88,0.0,10.62,1010.81
2024-03-05 00:00:00,2024-03-07 00:00:00,48,10.3,76.9,25.4,60.18,0.0,15.72,1013.39
2024-03-05 00:00:00,2024-03-07 00:00:00,48,10.3,77.1,24.66,74.5,0.0,16.52,1011.2
2024-03-05 00:00:00,2024-03-07 00:00:00,48,10.6,76.7,22.76,77.1,6.58,16.35,1011.08
2024-03-05 00:00:00,2024-03-07 00:00:00,48,10.6,76.9,21.9,53.07,0.0,14.61,1011.76
2024-03-05 00:00:00,2024-03-07 00:00:00,48,10.6,77.1,25.9,52.96,0.0,15.82,1007.74
2024-03-05 00:00:00,2024-03-07 00:00:00,48,10.9,76.7,26.91,73.04,0.0,17.76,1010.14
2024-03-05 00:00:00,2024-03-07 00:00:00,48,10.9,76.9,24.13,62.57,0.0,10.95,1009.82
2024-03-05 00:00:00,2024-03-07 00:00:00,48,10.9,77.1,25.66,76.67,0.0,9.79,1010.13
2024-03-05 00:00:00,2024-03-07 00:00:00,48,11.2,76.7,26.21,75.46,0.0,18.14,1008.92
2024-03-05 00:00:00,2024-03-07 00:00:00,48,11.2,76.9,24.36,76.59,0.0,10.51,1010.31
2024-03-05 00:00:00,2024-03-07 00:00:00,48,11.2,77.1,23.94,53.77,0.0,15.21,1008.9
2024-03-05 00:00:00,2024-03-08 00:00:00,72,10.3,76.7,26.71,61.8,0.0,12.15,1011.99
2024-03-05 00:00:00,2024-03-08 00:00:00,72,10.3,76.9,22.54,63.24,0.0,14.23,1012.32
2024-03-05 00:00:00,2024-03-08 00:00:00,72,10.3,77.1,27.72,63.82,0.0,14.69,1008.56
2024-03-05 00:00:00,2024-03-08 00:00:00,72,10.6,76.7,20.43,67.95,0.0,8.4,1010.67
2024-03-05 00:00:00,2024-03-08 00:00:00,72,10.6,76.9,24.11,76.58,0.0,11.46,1009.51
2024-03-05 00:00:00,2024-03-08 00:00:00,72,10.6,77.1,22.25,53.17,0.0,13.71,1008.84
2024-03-05 00:00:00,2024-03-08 00:00:00,72,10.9,76.7,24.26,69.17,0.0,12.55,1010.73
2024-03-05 00:00:00,2024-03-08 00:00:00,72,10.9,76.9,24.36,59.93,0.0,9.36,1009.48
2024-03-05 00:00:00,2024-03-08 00:00:00,72,10.9,77.1,27.16,49.95,0.0,13.63,1010.69
2024-03-05 00:00:00,2024-03-08 00:00:00,72,11.2,76.7,25.35,66.45,0.0,8.42,1007.13
2024-03-05 00:00:00,2024-03-08 00:00:00,72,11.2,76.9,28.7,63.66,0.0,11.91,1011.76
2024-03-05 00:00:00,2024-03-08 00:00:00,72,11.2,77.1,23.89,64.61,0.0,18.23,1009.4
2024-03-06 00:00:00,2024-03-07 00:00:00,24,10.3,76.7,25.09,71.51,0.0,16.1,1011.68
2024-03-06 00:00:00,2024-03-07 00:00:00,24,10.3,76.9,24.81,57.69,8.31,16.24,1011.2
2024-03-06 00:00:00,2024-03-07 00:00:00,24,10.3,77.1,19.36,60.45,6.02,12.09,1011.11
2024-03-06 00:00:00,2024-03-07 00:00:00,24,10.6,76.7,22.12,48.04,0.0,9.5,1012.21
2024-03-06 00:00:00,2024-03-07 00:00:00,24,10.6,76.9,24.99,61.23,0.0,17.81,1010.99
2024-03-06 00:00:00,2024-03-07 00:00:00,24,10.6,77.1,23.64,61.12,0.0,10.99,1009.74
2024-03-06 00:00:00,2024-03-07 00:00:00,24,10.9,76.7,22.7,55.99,0.0,9.92,1009.74
2024-03-06 00:00:00,2024-03-07 00:00:00,24,10.9,76.9,25.44,57.5,0.0,9.36,1009.61
2024-03-06 00:00:00,2024-03-07 00:00:00,24,10.9,77.1,23.02,58.75,0.0,18.17,1010.68
2024-03-06 00:00:00,2024-03-07 00:00:00,24,11.2,76.7,26.81,54.45,2.09,11.45,1008.83
2024-03-06 00:00:00,2024-03-07 00:00:00,24,11.2,76.9,26.54,57.52,0.0,13.58,1009.25
2024-03-06 00:00:00,2024-03-07 00:00:00,24,11.2,77.1,23.75,45.06,0.0,13.75,1008.87
2024-03-06 00:00:00,2024-03-08 00:00:00,48,10.3,76.7,24.82,69.97,0.0,15.26,1009.44
2024-03-06 00:00:00,2024-03-08 00:00:00,48,10.3,76.9,24.38,54.43,0.0,15.1,1012.36
2024-03-06 00:00:00,2024-03-08 00:00:00,48,10.3,77.1,22.54,68.43,0.0,15.68,1010.13
2024-03-06 00:00:00,2024-03-08 00:00:00,48,10.6,76.7,23.87,58.21,0.0,14.04,1010.28
2024-03-06 00:00:00,2024-03-08 00:00:00,48,10.6,76.9,22.2,71.54,0.0,15.74,1008.61
2024-03-06 00:00:00,2024-03-08 00:00:00,48,10.6,77.1,26.12,65.1,0.0,9.55,1012.42
2024-03-06 00:00:00,2024-03-08 00:00:00,48,10.9,76.7,25.65,73.95,0.0,12.72,1011.62
2024-03-06 00:00:00,2024-03-08 00:00:00,48,10.9,76.9,28.98,59.46,0.0,16.18,1010.85
2024-03-06 00:00:00,2024-03-08 00:00:00,48,10.9,77.1,25.38,78.94,0.0,13.83,1010.37
2024-03-06 00:00:00,2024-03-08 00:00:00,48,11.2,76.7,24.09,53.65,0.0,15.69,1007.31
2024-03-06 00:00:00,2024-03-08 00:00:00,48,11.2,76.9,22.31,67.54,0.0,14.92,1009.67
2024-03-06 00:00:00,2024-03-08 00:00:00,48,11.2,77.1,26.75,67.88,0.0,15.7,1008.82
2024-03-06 00:00:00,2024-03-09 00:00:00,72,10.3,76.7,23.77,64.71,0.0,17.46,1010.65
2024-03-06 00:00:00,2024-03-09 00:00:00,72,10.3,76.9,19.63,66.6,0.0,18.13,1012.65
2024-03-06 00:00:00,2024-03-09 00:00:00,72,10.3,77.1,23.23,53.32,0.0,12.88,1009.25
2024-03-06 00:00:00,2024-03-09 00:00:00,72,10.6,76.7,27.19,74.48,0.0,19.3,1010.9
2024-03-06 00:00:00,2024-03-09 00:00:00,72,10.6,76.9,22.49,61.91,0.0,15.84,1010.4
2024-03-06 00:00:00,2024-03-09 00:00:00,72,10.6,77.1,23.46,47.04,0.0,19.51,1010.32
2024-03-06 00:00:00,2024-03-09 00:00:00,72,10.9,76.7,22.65,70.16,1.91,14.61,1010.3
2024-03-06 00:00:00,2024-03-09 00:00:00,72,10.9,76.9,22.63,78.25,0.0,17.4,1011.94
2024-03-06 00:00:00,2024-03-09 00:00:00,72,10.9,77.1,22.35,67.27,0.0,18.4,1012.55
2024-03-06 00:00:00,2024-03-09 00:00:00,72,11.2,76.7,23.29,51.83,0.0,16.8,1009.57
2024-03-06 00:00:00,2024-03-09 00:00:00,72,11.2,76.9,26.88,76.26,0.0,10.3,1010.69
2024-03-06 00:00:00,2024-03-09 00:00:00,72,11.2,77.1,19.72,58.39,0.0,16.36,1011.77
2024-03-07 00:00:00,2024-03-08 00:00:00,24,10.3,76.7,24.29,46.64,0.0,17.33,1011.23
2024-03-07 00:00:00,2024-03-08 00:00:00,24,10.3,76.9,23.28,62.28,0.0,12.55,1012.54
2024-03-07 00:00:00,2024-03-08 00:00:00,24,10.3,77.1,25.24,56.94,0.0,14.95,1013.77
2024-03-07 00:00:00,2024-03-08 00:00:00,24,10.6,76.7,27.34,54.26,0.0,21.87,1010.02
2024-03-07 00:00:00,2024-03-08 00:00:00,24,10.6,76.9,22.16,60.11,0.0,16.57,1011.25
2024-03-07 00:00:00,2024-03-08 00:00:00,24,10.6,77.1,22.51,52.5,0.0,15.51,1008.5
2024-03-07 00:00:00,2024-03-08 00:00:00,24,10.9,76.7,24.78,67.83,0.0,11.72,1013.9
2024-03-07 00:00:00,2024-03-08 00:00:00,24,10.9,76.9,26.05,86.57,0.0,9.49,1011.21
2024-03-07 00:00:00,2024-03-08 00:00:00,24,10.9,77.1,22.87,62.26,0.0,15.72,1010.38
2024-03-07 00:00:00,2024-03-08 00:00:00,24,11.2,76.7,25.15,87.62,0.0,7.19,1007.2
2024-03-07 00:00:00,2024-03-08 00:00:00,24,11.2,76.9,27.98,61.4,0.0,14.49,1007.13
2024-03-07 00:00:00,2024-03-08 00:00:00,24,11.2,77.1,24.37,63.48,0.0,14.27,1008.43
2024-03-07 00:00:00,2024-03-09 00:00:00,48,10.3,76.7,23.86,63.48,0.0,18.19,1012.51
2024-03-07 00:00:00,2024-03-09 00:00:00,48,10.3,76.9,26.02,63.91,0.0,15.61,1010.71
2024-03-07 00:00:00,2024-03-09 00:00:00,48,10.3,77.1,23.95,54.91,0.0,12.67,1013.24
2024-03-07 00:00:00,2024-03-09 00:00:00,48,10.6,76.7,22.94,73.71,4.66,19.53,1008.01
2024-03-07 00:00:00,2024-03-09 00:00:00,48,10.6,76.9,26.36,64.33,0.0,16.22,1014.71
2024-03-07 00:00:00,2024-03-09 00:00:00,48,10.6,77.1,21.92,59.78,0.0,17.34,1010.99
2024-03-07 00:00:00,2024-03-09 00:00:00,48,10.9,76.7,24.01,71.59,0.0,6.57,1011.49
2024-03-07 00:00:00,2024-03-09 00:00:00,48,10.9,76.9,23.73,59.41,0.0,9.07,1008.73
2024-03-07 00:00:00,2024-03-09 00:00:00,48,10.9,77.1,23.3,68.68,0.0,7.17,1008.58
2024-03-07 00:00:00,2024-03-09 00:00:00,48,11.2,76.7,23.59,68.57,0.0,13.85,1009.75
2024-03-07 00:00:00,2024-03-09 00:00:00,48,11.2,76.9,28.56,66.51,0.0,16.11,1012.97
2024-03-07 00:00:00,2024-03-09 00:00:00,48,11.2,77.1,24.27,63.29,0.0,14.97,1008.41
2024-03-07 00:00:00,2024-03-10 00:00:00,72,10.3,76.7,21.57,52.13,2.63,10.96,1011.19
2024-03-07 00:00:00,2024-03-10 00:00:00,72,10.3,76.9,25.71,65.63,0.0,17.75,1010.92
2024-03-07 00:00:00,2024-03-10 00:00:00,72,10.3,77.1,23.96,55.24,0.0,11.26,1010.03
2024-03-07 00:00:00,2024-03-10 00:00:00,72,10.6,76.7,26.33,71.52,0.0,14.52,1012.02
2024-03-07 00:00:00,2024-03-10 00:00:00,72,10.6,76.9,22.64,75.32,0.0,11.91,1009.79
2024-03-07 00:00:00,2024-03-10 00:00:00,72,10.6,77.1,22.82,81.2,2.53,12.58,1013.95
2024-03-07 00:00:00,2024-03-10 00:00:00,72,10.9,76.7,27.29,73.01,0.49,15.63,1010.15
2024-03-07 00:00:00,2024-03-10 00:00:00,72,10.9,76.9,23.67,58.63,0.0,15.76,1010.8
2024-03-07 00:00:00,2024-03-10 00:00:00,72,10.9,77.1,27.63,60.47,0.0,14.76,1011.62
2024-03-07 00:00:00,2024-03-10 00:00:00,72,11.2,76.7,23.73,54.5,0.0,16.74,1008.82
2024-03-07 00:00:00,2024-03-10 00:00:00,72,11.2,76.9,27.91,69.99,0.0,18.86,1009.69
2024-03-07 00:00:00,2024-03-10 00:00:00,72,11.2,77.1,23.34,58.64,0.0,12.62,1007.35
2024-03-08 00:00:00,2024-03-09 00:00:00,24,10.3,76.7,24.53,55.23,0.41,11.04,1011.22
2024-03-08 00:00:00,2024-03-09 00:00:00,24,10.3,76.9,24.44,63.62,0.0,15.51,1009.25
2024-03-08 00:00:00,2024-03-09 00:00:00,24,10.3,77.1,24.02,59.12,0.0,17.39,1012.16
2024-03-08 00:00:00,2024-03-09 00:00:00,24,10.6,76.7,22.73,68.52,0.0,14.45,1008.82
2024-03-08 00:00:00,2024-03-09 00:00:00,24,10.6,76.9,24.05,72.29,0.0,17.99,1010.41
2024-03-08 00:00:00,2024-03-09 00:00:00,24,10.6,77.1,24.7,64.26,0.0,13.49,1012.53
2024-03-08 00:00:00,2024-03-09 00:00:00,24,10.9,76.7,23.58,57.23,0.0,13.42,1010.37
2024-03-08 00:00:00,2024-03-09 00:00:00,24,10.9,76.9,22.3,56.19,0.0,11.65,1008.68
2024-03-08 00:00:00,2024-03-09 00:00:00,24,10.9,77.1,22.65,51.05,0.0,22.0,1011.82
2024-03-08 00:00:00,2024-03-09 00:00:00,24,11.2,76.7,25.08,63.97,0.0,14.08,1008.3
2024-03-08 00:00:00,2024-03-09 00:00:00,24,11.2,76.9,25.54,72.94,0.0,14.3,1010.55
2024-03-08 00:00:00,2024-03-09 00:00:00,24,11.2,77.1,25.42,54.3,0.69,7.41,1011.45
2024-03-08 00:00:00,2024-03-10 00:00:00,48,10.3,76.7,26.36,68.5,0.0,11.46,1012.93
2024-03-08 00:00:00,2024-03-10 00:00:00,48,10.3,76.9,25.48,68.5,0.0,19.85,1009.63
2024-03-08 00:00:00,2024-03-10 00:00:00,48,10.3,77.1,24.26,57.37,0.0,16.3,1011.6
2024-03-08 00:00:00,2024-03-10 00:00:00,48,10.6,76.7,28.36,62.65,0.0,13.57,1010.83
2024-03-08 00:00:00,2024-03-10 00:00:00,48,10.6,76.9,25.54,70.81,0.0,18.86,1009.65
2024-03-08 00:00:00,2024-03-10 00:00:00,48,10.6,77.1,19.83,65.05,0.0,14.63,1008.84
2024-03-08 00:00:00,2024-03-10 00:00:00,48,10.9,76.7,30.2,54.15,0.0,14.32,1009.44
2024-03-08 00:00:00,2024-03-10 00:00:00,48,10.9,76.9,24.63,68.31,0.0,10.39,1011.53
2024-03-08 00:00:00,2024-03-10 00:00:00,48,10.9,77.1,26.02,79.33,11.89,10.02,1011.29
2024-03-08 00:00:00,2024-03-10 00:00:00,48,11.2,76.7,25.07,79.06,0.0,14.24,1008.44
2024-03-08 00:00:00,2024-03-10 00:00:00,48,11.2,76.9,26.17,68.22,0.0,13.62,1010.77
2024-03-08 00:00:00,2024-03-10 00:00:00,48,11.2,77.1,25.74,52.2,0.0,20.88,1009.6
2024-03-08 00:00:00,2024-03-11 00:00:00,72,10.3,76.7,27.7,56.48,0.0,18.43,1011.14
2024-03-08 00:00:00,2024-03-11 00:00:00,72,10.3,76.9,22.0,62.35,0.0,13.01,1010.64
2024-03-08 00:00:00,2024-03-11 00:00:00,72,10.3,77.1,25.6,64.59,0.0,10.36,1013.56
2024-03-08 00:00:00,2024-03-11 00:00:00,72,10.6,76.7,26.59,67.23,0.0,21.57,1010.51
2024-03-08 00:00:00,2024-03-11 00:00:00,72,10.6,76.9,25.32,69.13,0.0,15.79,1009.36
2024-03-08 00:00:00,2024-03-11 00:00:00,72,10.6,77.1,24.22,66.17,0.0,15.3,1011.07
2024-03-08 00:00:00,2024-03-11 00:00:00,72,10.9,76.7,25.02,66.33,0.0,14.23,1012.5
2024-03-08 00:00:00,2024-03-11 00:00:00,72,10.9,76.9,21.96,67.99,0.0,12.57,1011.06
2024-03-08 00:00:00,2024-03-11 00:00:00,72,10.9,77.1,22.57,61.48,0.0,13.18,1010.16
2024-03-08 00:00:00,2024-03-11 00:00:00,72,11.2,76.7,23.29,65.45,0.0,21.84,1012.12
2024-03-08 00:00:00,2024-03-11 00:00:00,72,11.2,76.9,24.73,59.75,0.0,12.62,1009.98
2024-03-08 00:00:00,2024-03-11 00:00:00,72,11.2,77.1,22.02,61.64,2.29,15.21,1008.83
2024-03-09 00:00:00,2024-03-10 00:00:00,24,10.3,76.7,26.05,60.3,0.0,8.92,1012.45
2024-03-09 00:00:00,2024-03-10 00:00:00,24,10.3,76.9,24.01,65.97,0.0,12.49,1011.1
2024-03-09 00:00:00,2024-03-10 00:00:00,24,10.3,77.1,26.63,62.31,0.0,11.58,1009.79
2024-03-09 00:00:00,2024-03-10 00:00:00,24,10.6,76.7,23.0,70.48,0.0,11.97,1012.42
2024-03-09 00:00:00,2024-03-10 00:00:00,24,10.6,76.9,24.03,66.42,0.0,15.46,1010.72
2024-03-09 00:00:00,2024-03-10 00:00:00,24,10.6,77.1,24.63,65.61,0.0,11.47,1011.1
2024-03-09 00:00:00,2024-03-10 00:00:00,24,10.9,76.7,24.95,69.85,0.0,18.97,1010.87
2024-03-09 00:00:00,2024-03-10 00:00:00,24,10.9,76.9,23.46,58.46,0.0,18.02,1010.42
2024-03-09 00:00:00,2024-03-10 00:00:00,24,10.9,77.1,23.36,72.93,0.0,16.17,1009.27
2024-03-09 00:00:00,2024-03-10 00:00:00,24,11.2,76.7,24.52,50.11,0.0,15.6,1011.06
2024-03-09 00:00:00,2024-03-10 00:00:00,24,11.2,76.9,25.84,71.6,0.0,10.09,1007.23
2024-03-09 00:00:00,2024-03-10 00:00:00,24,11.2,77.1,25.27,71.78,0.0,18.09,1009.58
2024-03-09 00:00:00,2024-03-11 00:00:00,48,10.3,76.7,23.8,67.86,0.0,14.22,1013.18
2024-03-09 00:00:00,2024-03-11 00:00:00,48,10.3,76.9,21.9,59.58,3.24,11.72,1009.99
2024-03-09 00:00:00,2024-03-11 00:00:00,48,10.3,77.1,24.17,56.06,0.0,21.89,1010.76
2024-03-09 00:00:00,2024-03-11 00:00:00,48,10.6,76.7,25.6,61.54,0.0,11.34,1012.67
2024-03-09 00:00:00,2024-03-11 00:00:00,48,10.6,76.9,25.14,70.89,0.0,11.59,1009.51
2024-03-09 00:00:00,2024-03-11 00:00:00,48,10.6,77.1,23.13,63.97,0.0,11.91,1007.06
2024-03-09 00:00:00,2024-03-11 00:00:00,48,10.9,76.7,26.14,74.55,0.0,14.75,1010.58
2024-03-09 00:00:00,2024-03-11 00:00:00,48,10.9,76.9,22.37,73.82,0.0,13.34,1010.68
2024-03-09 00:00:00,2024-03-11 00:00:00,48,10.9,77.1,23.86,56.52,0.0,15.88,1008.81
2024-03-09 00:00:00,2024-03-11 00:00:00,48,11.2,76.7,28.1,69.53,0.0,13.39,1009.96
2024-03-09 00:00:00,2024-03-11 00:00:00,48,11.2,76.9,24.6,61.98,0.0,9.72,1009.9
2024-03-09 00:00:00,2024-03-11 00:00:00,48,11.2,77.1,21.86,58.09,0.0,19.53,1009.62
2024-03-09 00:00:00,2024-03-12 00:00:00,72,10.3,76.7,25.62,72.32,0.0,14.04,1011.13
2024-03-09 00:00:00,2024-03-12 00:00:00,72,10.3,76.9,27.84,65.6,0.0,14.68,1011.47
2024-03-09 00:00:00,2024-03-12 00:00:00,72,10.3,77.1,25.25,59.74,0.0,10.42,1010.71
2024-03-09 00:00:00,2024-03-12 00:00:00,72,10.6,76.7,24.3,64.35,0.0,15.23,1009.43
2024-03-09 00:00:00,2024-03-12 00:00:00,72,10.6,76.9,25.89,61.76,1.79,14.97,1011.47
2024-03-09 00:00:00,2024-03-12 00:00:00,72,10.6,77.1,23.45,77.34,0.0,14.09,1010.6
2024-03-09 00:00:00,2024-03-12 00:00:00,72,10.9,76.7,23.2,60.23,0.0,15.92,1011.26
2024-03-09 00:00:00,2024-03-12 00:00:00,72,10.9,76.9,18.39,49.92,5.72,8.31,1012.1
2024-03-09 00:00:00,2024-03-12 00:00:00,72,10.9,77.1,28.36,74.92,0.0,12.56,1011.02
2024-03-09 00:00:00,2024-03-12 00:00:00,72,11.2,76.7,27.15,71.37,0.0,14.27,1007.86
2024-03-09 00:00:00,2024-03-12 00:00:00,72,11.2,76.9,22.71,74.41,0.0,14.78,1010.83
2024-03-09 00:00:00,2024-03-12 00:00:00,72,11.2,77.1,26.13,65.07,0.0,11.21,1008.94
2024-03-10 00:00:00,2024-03-11 00:00:00,24,10.3,76.7,23.74,73.5,2.24,17.64,1010.56
2024-03-10 00:00:00,2024-03-11 00:00:00,24,10.3,76.9,22.21,71.19,0.0,17.41,1009.59
2024-03-10 00:00:00,2024-03-11 00:00:00,24,10.3,77.1,22.41,60.47,0.0,20.48,1011.1
2024-03-10 00:00:00,2024-03-11 00:00:00,24,10.6,76.7,26.06,55.33,0.0,10.89,1011.54
2024-03-10 00:00:00,2024-03-11 00:00:00,24,10.6,76.9,23.94,70.74,0.0,12.53,1010.18
2024-03-10 00:00:00,2024-03-11 00:00:00,24,10.6,77.1,24.74,69.73,10.91,9.69,1011.52
2024-03-10 00:00:00,2024-03-11 00:00:00,24,10.9,76.7,25.46,81.16,0.0,10.47,1010.66
2024-03-10 00:00:00,2024-03-11 00:00:00,24,10.9,76.9,24.22,71.33,0.0,14.62,1011.78
2024-03-10 00:00:00,2024-03-11 00:00:00,24,10.9,77.1,25.18,68.96,0.0,9.0,1009.41
2024-03-10 00:00:00,2024-03-11 00:00:00,24,11.2,76.7,25.37,59.48,0.0,14.12,1007.87
2024-03-10 00:00:00,2024-03-11 00:00:00,24,11.2,76.9,27.65,51.22,0.0,13.85,1005.43
2024-03-10 00:00:00,2024-03-11 00:00:00,24,11.2,77.1,23.29,61.33,0.0,11.85,1009.72
2024-03-10 00:00:00,2024-03-12 00:00:00,48,10.3,76.7,22.19,71.44,0.0,12.36,1013.2
2024-03-10 00:00:00,2024-03-12 00:00:00,48,10.3,76.9,27.04,62.97,0.03,14.16,1011.17
2024-03-10 00:00:00,2024-03-12 00:00:00,48,10.3,77.1,26.64,72.93,0.0,17.83,1013.49
2024-03-10 00:00:00,2024-03-12 00:00:00,48,10.6,76.7,21.78,64.08,0.0,9.45,1010.63
2024-03-10 00:00:00,2024-03-12 00:00:00,48,10.6,76.9,28.86,67.37,0.0,9.53,1011.64
2024-03-10 00:00:00,2024-03-12 00:00:00,48,10.6,77.1,25.83,57.23,0.0,15.03,1008.06
2024-03-10 00:00:00,2024-03-12 00:00:00,48,10.9,76.7,24.75,62.04,0.0,10.71,1011.9
2024-03-10 00:00:00,2024-03-12 00:00:00,48,10.9,76.9,26.71,67.89,0.0,11.42,1009.06
2024-03-10 00:00:00,2024-03-12 00:00:00,48,10.9,77.1,23.74,52.76,0.8,14.35,1011.67
2024-03-10 00:00:00,2024-03-12 00:00:00,48,11.2,76.7,24.37,57.47,0.0,10.96,1009.59
2024-03-10 00:00:00,2024-03-12 00:00:00,48,11.2,76.9,21.73,68.05,0.0,8.6,1008.36
2024-03-10 00:00:00,2024-03-12 00:00:00,48,11.2,77.1,24.97,66.43,0.0,13.58,1011.85
2024-03-10 00:00:00,2024-03-13 00:00:00,72,10.3,76.7,23.95,68.98,0.0,14.88,1011.33
2024-03-10 00:00:00,2024-03-13 00:00:00,72,10.3,76.9,23.76,74.22,0.0,15.45,1013.27
2024-03-10 00:00:00,2024-03-13 00:00:00,72,10.3,77.1,26.01,61.93,0.0,19.64,1011.97
2024-03-10 00:00:00,2024-03-13 00:00:00,72,10.6,76.7,22.77,68.83,0.0,14.57,1011.85
2024-03-10 00:00:00,2024-03-13 00:00:00,72,10.6,76.9,23.81,65.4,0.0,18.84,1011.21
2024-03-10 00:00:00,2024-03-13 00:00:00,72,10.6,77.1,25.94,69.39,0.0,14.43,1011.5
2024-03-10 00:00:00,2024-03-13 00:00:00,72,10.9,76.7,25.2,69.92,0.0,12.68,1010.91
2024-03-10 00:00:00,2024-03-13 00:00:00,72,10.9,76.9,23.49,68.86,0.0,14.73,1011.73
2024-03-10 00:00:00,2024-03-13 00:00:00,72,10.9,77.1,23.4,58.27,0.0,17.38,1008.14
2024-03-10 00:00:00,2024-03-13 00:00:00,72,11.2,76.7,23.77,70.22,0.0,10.8,1009.37
2024-03-10 00:00:00,2024-03-13 00:00:00,72,11.2,76.9,26.77,73.34,5.42,15.35,1008.91
2024-03-10 00:00:00,2024-03-13 00:00:00,72,11.2,77.1,26.46,68.81,0.0,19.24,1011.94
2024-03-11 00:00:00,2024-03-12 00:00:00,24,10.3,76.7,25.56,53.02,0.0,15.78,1010.16
2024-03-11 00:00:00,2024-03-12 00:00:00,24,10.3,76.9,23.91,68.96,0.0,15.56,1010.8
2024-03-11 00:00:00,2024-03-12 00:00:00,24,10.3,77.1,26.37,57.78,0.0,17.07,1013.45
2024-03-11 00:00:00,2024-03-12 00:00:00,24,10.6,76.7,25.53,72.46,5.95,16.74,1010.87
2024-03-11 00:00:00,2024-03-12 00:00:00,24,10.6,76.9,24.45,65.7,7.49,15.86,1013.14
2024-03-11 00:00:00,2024-03-12 00:00:00,24,10.6,77.1,26.23,67.82,0.0,14.57,1007.91
2024-03-11 00:00:00,2024-03-12 00:00:00,24,10.9,76.7,22.58,39.82,0.0,17.04,1013.09
2024-03-11 00:00:00,2024-03-12 00:00:00,24,10.9,76.9,23.27,52.95,0.0,15.57,1007.26
2024-03-11 00:00:00,2024-03-12 00:00:00,24,10.9,77.1,22.77,58.39,0.0,10.16,1008.83
2024-03-11 00:00:00,2024-03-12 00:00:00,24,11.2,76.7,24.78,63.35,0.0,9.13,1007.7
2024-03-11 00:00:00,2024-03-12 00:00:00,24,11.2,76.9,25.52,54.89,0.7,16.48,1009.01
2024-03-11 00:00:00,2024-03-12 00:00:00,24,11.2,77.1,25.36,64.61,0.0,11.38,1009.99
2024-03-11 00:00:00,2024-03-13 00:00:00,48,10.3,76.7,25.16,57.63,0.0,18.86,1010.6
2024-03-11 00:00:00,2024-03-13 00:00:00,48,10.3,76.9,23.96,61.2,0.0,8.71,1009.02
2024-03-11 00:00:00,2024-03-13 00:00:00,48,10.3,77.1,25.74,69.01,4.67,13.38,1012.39
2024-03-11 00:00:00,2024-03-13 00:00:00,48,10.6,76.7,22.96,68.68,0.0,15.74,1012.37
2024-03-11 00:00:00,2024-03-13 00:00:00,48,10.6,76.9,23.47,87.85,0.0,17.06,1010.81
2024-03-11 00:00:00,2024-03-13 00:00:00,48,10.6,77.1,26.78,62.18,0.0,15.3,1008.75
2024-03-11 00:00:00,2024-03-13 00:00:00,48,10.9,76.7,25.4,73.13,0.01,21.7,1010.45
2024-03-11 00:00:00,2024-03-13 00:00:00,48,10.9,76.9,27.78,61.54,0.0,15.26,1009.65
2024-03-11 00:00:00,2024-03-13 00:00:00,48,10.9,77.1,23.28,63.35,0.0,18.44,1011.17
2024-03-11 00:00:00,2024-03-13 00:00:00,48,11.2,76.7,23.83,65.48,0.0,13.95,1010.55
2024-03-11 00:00:00,2024-03-13 00:00:00,48,11.2,76.9,24.67,70.32,0.0,13.89,1007.15
2024-03-11 00:00:00,2024-03-13 00:00:00,48,11.2,77.1,22.03,68.88,0.0,16.37,1010.84
2024-03-11 00:00:00,2024-03-14 00:00:00,72,10.3,76.7,24.53,63.45,1.95,17.87,1010.42
2024-03-11 00:00:00,2024-03-14 00:00:00,72,10.3,76.9,26.0,69.09,0.0,16.76,1013.08
2024-03-11 00:00:00,2024-03-14 00:00:00,72,10.3,77.1,23.93,74.78,2.51,15.9,1011.4
2024-03-11 00:00:00,2024-03-14 00:00:00,72,10.6,76.7,25.41,67.48,6.18,12.92,1010.97
2024-03-11 00:00:00,2024-03-14 00:00:00,72,10.6,76.9,22.33,71.83,0.0,17.07,1009.54
2024-03-11 00:00:00,2024-03-14 00:00:00,72,10.6,77.1,23.39,63.57,0.0,11.32,1009.64
2024-03-11 00:00:00,2024-03-14 00:00:00,72,10.9,76.7,24.69,74.87,0.0,16.33,1012.05
2024-03-11 00:00:00,2024-03-14 00:00:00,72,10.9,76.9,20.22,65.64,0.0,18.44,1011.07
2024-03-11 00:00:00,2024-03-14 00:00:00,72,10.9,77.1,23.57,71.9,0.0,16.46,1011.73
2024-03-11 00:00:00,2024-03-14 00:00:00,72,11.2,76.7,24.81,61.97,0.0,10.13,1010.1
2024-03-11 00:00:00,2024-03-14 00:00:00,72,11.2,76.9,20.41,42.6,0.0,7.1,1010.11
2024-03-11 00:00:00,2024-03-14 00:00:00,72,11.2,77.1,25.44,49.95,0.0,17.09,1007.21
2024-03-12 00:00:00,2024-03-13 00:00:00,24,10.3,76.7,27.54,64.09,0.0,22.0,1012.88
2024-03-12 00:00:00,2024-03-13 00:00:00,24,10.3,76.9,25.66,73.33,0.0,9.34,1012.98
2024-03-12 00:00:00,2024-03-13 00:00:00,24,10.3,77.1,26.74,72.9,0.0,22.08,1012.54
2024-03-12 00:00:00,2024-03-13 00:00:00,24,10.6,76.7,23.66,77.09,0.0,14.46,1010.95
2024-03-12 00:00:00,2024-03-13 00:00:00,24,10.6,76.9,23.35,72.75,0.0,13.84,1013.08
2024-03-12 00:00:00,2024-03-13 00:00:00,24,10.6,77.1,22.19,64.27,0.0,19.75,1011.3
2024-03-12 00:00:00,2024-03-13 00:00:00,24,10.9,76.7,24.34,62.62,0.0,15.24,1008.59
2024-03-12 00:00:00,2024-03-13 00:00:00,24,10.9,76.9,23.86,53.75,0.0,16.05,1009.06
2024-03-12 00:00:00,2024-03-13 00:00:00,24,10.9,77.1,24.79,66.38,0.0,12.83,1009.28
2024-03-12 00:00:00,2024-03-13 00:00:00,24,11.2,76.7,25.59,65.03,0.0,23.04,1010.82
2024-03-12 00:00:00,2024-03-13 00:00:00,24,11.2,76.9,23.6,56.3,0.0,8.33,1011.8
2024-03-12 00:00:00,2024-03-13 00:00:00,24,11.2,77.1,25.16,83.21,0.0,14.61,1008.36
2024-03-12 00:00:00,2024-03-14 00:00:00,48,10.3,76.7,26.36,61.07,0.0,15.87,1011.12
2024-03-12 00:00:00,2024-03-14 00:00:00,48,10.3,76.9,24.92,68.01,0.0,10.42,1009.48
2024-03-12 00:00:00,2024-03-14 00:00:00,48,10.3,77.1,25.13,66.48,0.0,9.96,1013.58
2024-03-12 00:00:00,2024-03-14 00:00:00,48,10.6,76.7,23.95,61.96,0.0,16.14,1012.03
2024-03-12 00:00:00,2024-03-14 00:00:00,48,10.6,76.9,24.38,54.16,0.0,12.73,1012.5
2024-03-12 00:00:00,2024-03-14 00:00:00,48,10.6,77.1,20.6,66.41,0.0,10.99,1013.74
2024-03-12 00:00:00,2024-03-14 00:00:00,48,10.9,76.7,25.68,74.43,0.0,17.99,1012.01
2024-03-12 00:00:00,2024-03-14 00:00:00,48,10.9,76.9,23.33,59.07,0.0,10.98,1009.77
2024-03-12 00:00:00,2024-03-14 00:00:00,48,10.9,77.1,24.3,75.0,0.0,17.87,1010.66
2024-03-12 00:00:00,2024-03-14 00:00:00,48,11.2,76.7,25.63,75.26,0.0,11.76,1008.72
2024-03-12 00:00:00,2024-03-14 00:00:00,48,11.2,76.9,25.89,67.65,0.0,11.24,1008.99
2024-03-12 00:00:00,2024-03-14 00:00:00,48,11.2,77.1,23.37,75.96,2.8,8.75,1008.99
2024-03-12 00:00:00,2024-03-15 00:00:00,72,10.3,76.7,21.97,41.97,0.0,15.97,1010.64
2024-03-12 00:00:00,2024-03-15 00:00:00,72,10.3,76.9,25.97,65.65,0.0,10.54,1009.58
2024-03-12 00:00:00,2024-03-15 00:00:00,72,10.3,77.1,24.57,65.21,0.0,13.65,1011.01
2024-03-12 00:00:00,2024-03-15 00:00:00,72,10.6,76.7,23.59,82.35,0.0,12.64,1011.62
2024-03-12 00:00:00,2024-03-15 00:00:00,72,10.6,76.9,25.3,42.72,18.78,12.68,1014.01
2024-03-12 00:00:00,2024-03-15 00:00:00,72,10.6,77.1,22.81,76.89,0.0,10.0,1010.7
2024-03-12 00:00:00,2024-03-15 00:00:00,72,10.9,76.7,22.51,79.73,0.0,13.32,1010.78
2024-03-12 00:00:00,2024-03-15 00:00:00,72,10.9,76.9,22.16,59.48,0.0,11.32,1009.35
2024-03-12 00:00:00,2024-03-15 00:00:00,72,10.9,77.1,23.14,73.49,0.0,13.73,1010.32
2024-03-12 00:00:00,2024-03-15 00:00:00,72,11.2,76.7,25.77,80.2,0.0,16.73,1010.59
2024-03-12 00:00:00,2024-03-15 00:00:00,72,11.2,76.9,23.41,69.64,4.41,16.25,1006.41
2024-03-12 00:00:00,2024-03-15 00:00:00,72,11.2,77.1,17.8,72.08,0.0,17.64,1008.38
2024-03-13 00:00:00,2024-03-14 00:00:00,24,10.3,76.7,25.05,76.2,0.0,12.15,1010.91
2024-03-13 00:00:00,2024-03-14 00:00:00,24,10.3,76.9,23.05,60.0,0.0,11.05,1012.16
2024-03-13 00:00:00,2024-03-14 00:00:00,24,10.3,77.1,24.47,61.88,0.0,17.72,1011.57
2024-03-13 00:00:00,2024-03-14 00:00:00,24,10.6,76.7,24.72,74.11,0.0,12.92,1009.4
2024-03-13 00:00:00,2024-03-14 00:00:00,24,10.6,76.9,23.38,60.31,0.0,17.0,1010.44
2024-03-13 00:00:00,2024-03-14 00:00:00,24,10.6,77.1,25.27,61.63,0.0,16.75,1007.17
2024-03-13 00:00:00,2024-03-14 00:00:00,24,10.9,76.7,26.16,70.13,0.0,16.63,1008.77
2024-03-13 00:00:00,2024-03-14 00:00:00,24,10.9,76.9,25.7,66.25,0.0,13.1,1008.93
2024-03-13 00:00:00,2024-03-14 00:00:00,24,10.9,77.1,22.6,63.84,0.0,13.38,1011.1
2024-03-13 00:00:00,2024-03-14 00:00:00,24,11.2,76.7,27.7,57.97,0.0,12.44,1011.71
2024-03-13 00:00:00,2024-03-14 00:00:00,24,11.2,76.9,27.77,60.13,0.0,8.44,1011.21
2024-03-13 00:00:00,2024-03-14 00:00:00,24,11.2,77.1,24.91,64.46,0.0,7.57,1009.99
2024-03-13 00:00:00,2024-03-15 00:00:00,48,10.3,76.7,25.05,70.05,0.0,10.79,1009.9
2024-03-13 00:00:00,2024-03-15 00:00:00,48,10.3,76.9,22.2,61.22,0.0,18.22,1011.74
2024-03-13 00:00:00,2024-03-15 00:00:00,48,10.3,77.1,26.19,75.46,0.0,15.47,1013.25
2024-03-13 00:00:00,2024-03-15 00:00:00,48,10.6,76.7,23.06,60.52,0.0,18.83,1013.23
2024-03-13 00:00:00,2024-03-15 00:00:00,48,10.6,76.9,24.69,68.61,0.0,18.0,1011.1
2024-03-13 00:00:00,2024-03-15 00:00:00,48,10.6,77.1,24.75,51.52,0.0,5.99,1009.16
2024-03-13 00:00:00,2024-03-15 00:00:00,48,10.9,76.7,24.05,57.19,0.0,11.65,1009.22
2024-03-13 00:00:00,2024-03-15 00:00:00,48,10.9,76.9,26.83,79.9,0.0,13.7,1010.96
2024-03-13 00:00:00,2024-03-15 00:00:00,48,10.9,77.1,22.79,79.02,0.0,13.66,1010.31
2024-03-13 00:00:00,2024-03-15 00:00:00,48,11.2,76.7,25.97,74.81,0.0,14.4,1009.91
2024-03-13 00:00:00,2024-03-15 00:00:00,48,11.2,76.9,23.46,68.85,0.0,13.05,1009.38
2024-03-13 00:00:00,2024-03-15 00:00:00,48,11.2,77.1,24.86,73.01,0.0,16.88,1008.58
2024-03-13 00:00:00,2024-03-16 00:00:00,72,10.3,76.7,25.88,72.01,0.0,17.87,1010.78
2024-03-13 00:00:00,2024-03-16 00:00:00,72,10.3,76.9,26.0,58.84,0.0,6.21,1011.77
2024-03-13 00:00:00,2024-03-16 00:00:00,72,10.3,77.1,24.12,53.2,0.0,16.04,1011.8
2024-03-13 00:00:00,2024-03-16 00:00:00,72,10.6,76.7,24.63,76.62,0.0,17.7,1009.24
2024-03-13 00:00:00,2024-03-16 00:00:00,72,10.6,76.9,20.4,68.64,5.64,14.85,1012.08
2024-03-13 00:00:00,2024-03-16 00:00:00,72,10.6,77.1,25.32,65.91,0.0,11.99,1013.14
2024-03-13 00:00:00,2024-03-16 00:00:00,72,10.9,76.7,20.18,54.66,0.0,15.02,1011.57
2024-03-13 00:00:00,2024-03-16 00:00:00,72,10.9,76.9,25.36,68.24,0.0,14.69,1008.53
2024-03-13 00:00:00,2024-03-16 00:00:00,72,10.9,77.1,21.12,60.56,0.0,19.42,1011.57
2024-03-13 00:00:00,2024-03-16 00:00:00,72,11.2,76.7,27.69,50.25,0.0,21.19,1010.36
2024-03-13 00:00:00,2024-03-16 00:00:00,72,11.2,76.9,22.94,50.43,0.0,11.28,1006.06
2024-03-13 00:00:00,2024-03-16 00:00:00,72,11.2,77.1,26.79,75.43,0.0,16.87,1009.17
2024-03-14 00:00:00,2024-03-15 00:00:00,24,10.3,76.7,22.99,71.75,0.0,14.95,1009.86
2024-03-14 00:00:00,2024-03-15 00:00:00,24,10.3,76.9,26.44,78.16,0.0,21.28,1008.73
2024-03-14 00:00:00,2024-03-15 00:00:00,24,10.3,77.1,26.42,63.08,0.0,9.59,1011.27
2024-03-14 00:00:00,2024-03-15 00:00:00,24,10.6,76.7,24.59,59.76,0.0,19.77,1011.4
2024-03-14 00:00:00,2024-03-15 00:00:00,24,10.6,76.9,22.4,60.4,9.78,19.18,1011.01
2024-03-14 00:00:00,2024-03-15 00:00:00,24,10.6,77.1,25.53,64.12,0.0,19.65,1009.51
2024-03-14 00:00:00,2024-03-15 00:00:00,24,10.9,76.7,23.83,55.69,0.0,15.36,1013.43
2024-03-14 00:00:00,2024-03-15 00:00:00,24,10.9,76.9,23.67,69.67,0.0,9.87,1011.36
2024-03-14 00:00:00,2024-03-15 00:00:00,24,10.9,77.1,27.46,72.74,0.0,19.42,1008.93
2024-03-14 00:00:00,2024-03-15 00:00:00,24,11.2,76.7,23.99,57.39,0.0,11.6,1009.14
2024-03-14 00:00:00,2024-03-15 00:00:00,24,11.2,76.9,24.77,52.98,3.6,12.82,1009.66
2024-03-14 00:00:00,2024-03-15 00:00:00,24,11.2,77.1,27.86,58.17,0.0,11.27,1008.38
2024-03-14 00:00:00,2024-03-16 00:00:00,48,10.3,76.7,24.92,66.0,0.0,17.28,1009.57
2024-03-14 00:00:00,2024-03-16 00:00:00,48,10.3,76.9,22.88,59.1,0.0,16.92,1012.72
2024-03-14 00:00:00,2024-03-16 00:00:00,48,10.3,77.1,21.45,58.45,0.0,14.27,1013.26
2024-03-14 00:00:00,2024-03-16 00:00:00,48,10.6,76.7,25.65,66.78,0.0,10.21,1012.44
2024-03-14 00:00:00,2024-03-16 00:00:00,48,10.6,76.9,21.66,63.3,0.0,16.43,1009.54
2024-03-14 00:00:00,2024-03-16 00:00:00,48,10.6,77.1,26.87,70.38,0.0,14.49,1012.87
2024-03-14 00:00:00,2024-03-16 00:00:00,48,10.9,76.7,26.72,73.28,0.0,21.99,1010.14
2024-03-14 00:00:00,2024-03-16 00:00:00,48,10.9,76.9,25.69,58.64,0.0,21.48,1014.69
2024-03-14 00:00:00,2024-03-16 00:00:00,48,10.9,77.1,27.24,53.64,0.0,7.64,1009.39
2024-03-14 00:00:00,2024-03-16 00:00:00,48,11.2,76.7,26.32,52.36,0.0,14.86,1009.14
2024-03-14 00:00:00,2024-03-16 00:00:00,48,11.2,76.9,23.89,74.9,0.0,18.51,1009.69
2024-03-14 00:00:00,2024-03-16 00:00:00,48,11.2,77.1,21.58,74.89,0.0,14.01,1008.56
2024-03-14 00:00:00,2024-03-17 00:00:00,72,10.3,76.7,26.63,62.81,0.0,15.57,1010.12
2024-03-14 00:00:00,2024-03-17 00:00:00,72,10.3,76.9,21.17,60.52,0.0,19.01,1011.32
2024-03-14 00:00:00,2024-03-17 00:00:00,72,10.3,77.1,27.41,72.41,0.0,10.29,1012.61
2024-03-14 00:00:00,2024-03-17 00:00:00,72,10.6,76.7,25.54,70.1,0.0,14.72,1010.55
2024-03-14 00:00:00,2024-03-17 00:00:00,72,10.6,76.9,20.66,52.03,0.0,14.97,1012.28
2024-03-14 00:00:00,2024-03-17 00:00:00,72,10.6,77.1,24.38,58.96,0.0,12.45,1011.02
2024-03-14 00:00:00,2024-03-17 00:00:00,72,10.9,76.7,24.43,51.51,0.0,15.83,1009.48
2024-03-14 00:00:00,2024-03-17 00:00:00,72,10.9,76.9,22.94,69.62,0.0,14.94,1009.03
2024-03-14 00:00:00,2024-03-17 00:00:00,72,10.9,77.1,25.97,60.18,0.0,21.37,1007.83
2024-03-14 00:00:00,2024-03-17 00:00:00,72,11.2,76.7,21.21,68.78,0.0,12.41,1007.45
2024-03-14 00:00:00,2024-03-17 00:00:00,72,11.2,76.9,26.64,72.17,0.0,11.07,1010.58
2024-03-14 00:00:00,2024-03-17 00:00:00,72,11.2,77.1,21.32,87.76,0.0,20.13,1008.16
2024-03-15 00:00:00,2024-03-16 00:00:00,24,10.3,76.7,25.88,55.32,1.69,13.97,1009.52
2024-03-15 00:00:00,2024-03-16 00:00:00,24,10.3,76.9,23.78,60.47,0.0,11.22,1011.55
2024-03-15 00:00:00,2024-03-16 00:00:00,24,10.3,77.1,24.98,55.94,0.0,16.42,1010.51
2024-03-15 00:00:00,2024-03-16 00:00:00,24,10.6,76.7,22.75,76.24,0.0,14.59,1009.85
2024-03-15 00:00:00,2024-03-16 00:00:00,24,10.6,76.9,23.83,74.88,0.0,10.95,1010.28
2024-03-15 00:00:00,2024-03-16 00:00:00,24,10.6,77.1,25.4,73.72,0.0,14.83,1011.87
2024-03-15 00:00:00,2024-03-16 00:00:00,24,10.9,76.7,24.69,79.36,0.0,14.13,1008.53
2024-03-15 00:00:00,2024-03-16 00:00:00,24,10.9,76.9,24.85,57.39,0.0,9.45,1012.35
2024-03-15 00:00:00,2024-03-16 00:00:00,24,10.9,77.1,23.78,63.14,0.0,11.39,1011.76
2024-03-15 00:00:00,2024-03-16 00:00:00,24,11.2,76.7,23.85,74.88,0.0,13.34,1012.38
2024-03-15 00:00:00,2024-03-16 00:00:00,24,11.2,76.9,24.24,50.79,0.0,16.69,1006.18
2024-03-15 00:00:00,2024-03-16 00:00:00,24,11.2,77.1,23.81,54.23,0.0,6.22,1007.69
2024-03-15 00:00:00,2024-03-17 00:00:00,48,10.3,76.7,25.87,73.32,0.0,19.47,1012.9
2024-03-15 00:00:00,2024-03-17 00:00:00,48,10.3,76.9,25.49,79.83,0.0,11.19,1012.1
2024-03-15 00:00:00,2024-03-17 00:00:00,48,10.3,77.1,23.83,67.77,0.0,11.47,1012.72
2024-03-15 00:00:00,2024-03-17 00:00:00,48,10.6,76.7,24.59,64.89,3.03,15.95,1009.41
2024-03-15 00:00:00,2024-03-17 00:00:00,48,10.6,76.9,23.57,72.88,0.0,17.66,1010.93
2024-03-15 00:00:00,2024-03-17 00:00:00,48,10.6,77.1,22.81,69.0,0.0,9.4,1011.5
2024-03-15 00:00:00,2024-03-17 00:00:00,48,10.9,76.7,22.81,70.46,0.0,12.85,1010.9
2024-03-15 00:00:00,2024-03-17 00:00:00,48,10.9,76.9,23.87,65.0,0.0,16.16,1012.56
2024-03-15 00:00:00,2024-03-17 00:00:00,48,10.9,77.1,27.23,63.08,0.0,15.73,1012.2
2024-03-15 00:00:00,2024-03-17 00:00:00,48,11.2,76.7,26.32,61.26,0.0,8.89,1009.56
2024-03-15 00:00:00,2024-03-17 00:00:00,48,11.2,76.9,24.1,68.73,0.0,15.14,1009.74
2024-03-15 00:00:00,2024-03-17 00:00:00,48,11.2,77.1,23.46,63.47,0.0,19.35,1009.83
2024-03-15 00:00:00,2024-03-18 00:00:00,72,10.3,76.7,24.3,52.35,1.52,11.53,1013.99
2024-03-15 00:00:00,2024-03-18 00:00:00,72,10.3,76.9,24.36,63.5,0.0,16.36,1014.86
2024-03-15 00:00:00,2024-03-18 00:00:00,72,10.3,77.1,26.26,57.08,0.0,8.78,1011.08
2024-03-15 00:00:00,2024-03-18 00:00:00,72,10.6,76.7,26.79,60.53,0.0,10.7,1010.61
2024-03-15 00:00:00,2024-03-18 00:00:00,72,10.6,76.9,23.58,64.04,0.0,12.5,1008.03
2024-03-15 00:00:00,2024-03-18 00:00:00,72,10.6,77.1,24.11,60.7,0.0,14.43,1012.74
2024-03-15 00:00:00,2024-03-18 00:00:00,72,10.9,76.7,24.17,71.19,0.0,11.97,1010.2
2024-03-15 00:00:00,2024-03-18 00:00:00,72,10.9,76.9,25.21,57.03,0.0,13.27,1011.99
2024-03-15 00:00:00,2024-03-18 00:00:00,72,10.9,77.1,24.94,70.06,0.32,10.6,1010.85
2024-03-15 00:00:00,2024-03-18 00:00:00,72,11.2,76.7,22.21,52.23,0.0,14.3,1008.95
2024-03-15 00:00:00,2024-03-18 00:00:00,72,11.2,76.9,27.09,51.02,0.0,15.09,1012.37
2024-03-15 00:00:00,2024-03-18 00:00:00,72,11.2,77.1,27.25,68.21,0.0,11.52,1008.91
2024-03-16 00:00:00,2024-03-17 00:00:00,24,10.3,76.7,25.22,62.45,0.0,13.61,1011.23
2024-03-16 00:00:00,2024-03-17 00:00:00,24,10.3,76.9,24.15,70.42,0.0,17.86,1011.22
2024-03-16 00:00:00,2024-03-17 00:00:00,24,10.3,77.1,25.67,55.06,3.16,15.49,1013.49
2024-03-16 00:00:00,2024-03-17 00:00:00,24,10.6,76.7,23.7,68.13,0.0,16.63,1008.96
2024-03-16 00:00:00,2024-03-17 00:00:00,24,10.6,76.9,24.38,68.91,0.0,19.21,1011.03
2024-03-16 00:00:00,2024-03-17 00:00:00,24,10.6,77.1,23.59,67.78,0.0,16.98,1013.52
2024-03-16 00:00:00,2024-03-17 00:00:00,24,10.9,76.7,24.06,58.9,0.0,10.25,1009.12
2024-03-16 00:00:00,2024-03-17 00:00:00,24,10.9,76.9,26.1,66.61,0.0,16.46,1009.85
2024-03-16 00:00:00,2024-03-17 00:00:00,24,10.9,77.1,22.98,64.27,0.0,9.84,1008.98
2024-03-16 00:00:00,2024-03-17 00:00:00,24,11.2,76.7,25.91,58.08,0.0,16.44,1011.32
2024-03-16 00:00:00,2024-03-17 00:00:00,24,11.2,76.9,24.24,54.5,0.0,14.8,1011.01
2024-03-16 00:00:00,2024-03-17 00:00:00,24,11.2,77.1,22.58,80.03,0.0,22.52,1011.67
2024-03-16 00:00:00,2024-03-18 00:00:00,48,10.3,76.7,21.77,62.35,0.0,14.68,1014.04
2024-03-16 00:00:00,2024-03-18 00:00:00,48,10.3,76.9,24.69,63.72,0.0,16.12,1011.27
2024-03-16 00:00:00,2024-03-18 00:00:00,48,10.3,77.1,27.98,66.49,0.0,13.17,1011.21
2024-03-16 00:00:00,2024-03-18 00:00:00,48,10.6,76.7,23.34,68.12,0.0,14.4,1011.88
2024-03-16 00:00:00,2024-03-18 00:00:00,48,10.6,76.9,25.15,73.98,0.0,12.11,1012.54
2024-03-16 00:00:00,2024-03-18 00:00:00,48,10.6,77.1,19.93,61.21,0.0,21.44,1011.59
2024-03-16 00:00:00,2024-03-18 00:00:00,48,10.9,76.7,24.33,57.84,0.0,14.38,1011.71
2024-03-16 00:00:00,2024-03-18 00:00:00,48,10.9,76.9,24.57,65.14,0.0,8.16,1009.62
2024-03-16 00:00:00,2024-03-18 00:00:00,48,10.9,77.1,26.64,79.21,0.0,16.81,1011.0
2024-03-16 00:00:00,2024-03-18 00:00:00,48,11.2,76.7,22.43,50.62,0.0,12.96,1012.42
2024-03-16 00:00:00,2024-03-18 00:00:00,48,11.2,76.9,24.95,67.25,0.0,7.68,1009.79
2024-03-16 00:00:00,2024-03-18 00:00:00,48,11.2,77.1,21.92,53.9,0.0,12.95,1009.71
2024-03-16 00:00:00,2024-03-19 00:00:00,72,10.3,76.7,26.48,70.61,0.0,10.03,1011.31
2024-03-16 00:00:00,2024-03-19 00:00:00,72,10.3,76.9,26.24,69.87,0.0,16.69,1011.43
2024-03-16 00:00:00,2024-03-19 00:00:00,72,10.3,77.1,24.86,65.44,0.0,19.7,1012.33
2024-03-16 00:00:00,2024-03-19 00:00:00,72,10.6,76.7,22.96,65.74,0.0,7.09,1011.02
2024-03-16 00:00:00,2024-03-19 00:00:00,72,10.6,76.9,24.56,61.65,0.0,8.2,1012.79
2024-03-16 00:00:00,2024-03-19 00:00:00,72,10.6,77.1,27.85,76.76,0.0,12.96,1007.22
2024-03-16 00:00:00,2024-03-19 00:00:00,72,10.9,76.7,26.69,52.2,0.0,12.37,1009.84
2024-03-16 00:00:00,2024-03-19 00:00:00,72,10.9,76.9,22.14,73.4,0.0,18.33,1011.88
2024-03-16 00:00:00,2024-03-19 00:00:00,72,10.9,77.1,24.93,61.37,0.0,17.96,1010.71
2024-03-16 00:00:00,2024-03-19 00:00:00,72,11.2,76.7,20.91,67.4,0.0,7.1,1009.56
2024-03-16 00:00:00,2024-03-19 00:00:00,72,11.2,76.9,20.4,61.57,19.35,18.02,1012.6
2024-03-16 00:00:00,2024-03-19 00:00:00,72,11.2,77.1,22.11,60.61,0.0,16.17,1009.27
2024-03-17 00:00:00,2024-03-18 00:00:00,24,10.3,76.7,23.64,65.23,0.0,14.83,1011.39
2024-03-17 00:00:00,2024-03-18 00:00:00,24,10.3,76.9,25.21,60.84,0.0,11.84,1012.62
2024-03-17 00:00:00,2024-03-18 00:00:00,24,10.3,77.1,25.87,67.41,0.0,10.9,1010.74
2024-03-17 00:00:00,2024-03-18 00:00:00,24,10.6,76.7,23.23,80.18,0.0,13.92,1007.84
2024-03-17 00:00:00,2024-03-18 00:00:00,24,10.6,76.9,20.05,67.97,0.0,18.11,1012.51
2024-03-17 00:00:00,2024-03-18 00:00:00,24,10.6,77.1,27.27,66.16,0.0,12.37,1011.74
2024-03-17 00:00:00,2024-03-18 00:00:00,24,10.9,76.7,24.99,70.18,0.0,12.83,1012.23
2024-03-17 00:00:00,2024-03-18 00:00:00,24,10.9,76.9,24.95,69.34,0.0,15.79,1007.47
2024-03-17 00:00:00,2024-03-18 00:00:00,24,10.9,77.1,24.74,61.79,0.0,21.14,1011.07
2024-03-17 00:00:00,2024-03-18 00:00:00,24,11.2,76.7,25.37,72.51,0.0,20.59,1009.48
2024-03-17 00:00:00,2024-03-18 00:00:00,24,11.2,76.9,22.8,52.19,0.0,5.44,1010.72
2024-03-17 00:00:00,2024-03-18 00:00:00,24,11.2,77.1,22.26,70.35,0.0,12.35,1012.47
2024-03-17 00:00:00,2024-03-19 00:00:00,48,10.3,76.7,26.43,64.12,0.0,13.44,1008.65
2024-03-17 00:00:00,2024-03-19 00:00:00,48,10.3,76.9,19.36,68.52,0.0,18.93,1011.84
2024-03-17 00:00:00,2024-03-19 00:00:00,48,10.3,77.1,25.56,57.33,2.65,14.49,1011.76
2024-03-17 00:00:00,2024-03-19 00:00:00,48,10.6,76.7,23.35,60.83,0.0,15.45,1011.53
2024-03-17 00:00:00,2024-03-19 00:00:00,48,10.6,76.9,23.71,67.02,0.0,12.33,1012.8
2024-03-17 00:00:00,2024-03-19 00:00:00,48,10.6,77.1,22.89,49.18,0.0,20.46,1011.64
2024-03-17 00:00:00,2024-03-19 00:00:00,48,10.9,76.7,26.33,71.04,0.0,15.52,1011.31
2024-03-17 00:00:00,2024-03-19 00:00:00,48,10.9,76.9,27.31,68.31,0.0,9.26,1010.95
2024-03-17 00:00:00,2024-03-19 00:00:00,48,10.9,77.1,25.99,70.7,0.0,8.54,1012.17
2024-03-17 00:00:00,2024-03-19 00:00:00,48,11.2,76.7,25.46,64.73,0.0,12.28,1009.31
2024-03-17 00:00:00,2024-03-19 00:00:00,48,11.2,76.9,25.14,59.95,0.0,12.77,1006.66
2024-03-17 00:00:00,2024-03-19 00:00:00,48,11.2,77.1,26.98,70.51,0.0,8.84,1007.18
2024-03-17 00:00:00,2024-03-20 00:00:00,72,10.3,76.7,22.93,61.53,0.0,13.38,1011.58
2024-03-17 00:00:00,2024-03-20 00:00:00,72,10.3,76.9,29.95,65.8,1.22,16.26,1011.37
2024-03-17 00:00:00,2024-03-20 00:00:00,72,10.3,77.1,24.91,74.29,0.0,15.4,1010.96
2024-03-17 00:00:00,2024-03-20 00:00:00,72,10.6,76.7,25.01,59.68,0.0,14.92,1008.45
2024-03-17 00:00:00,2024-03-20 00:00:00,72,10.6,76.9,30.5,69.33,0.0,13.52,1010.52
2024-03-17 00:00:00,2024-03-20 00:00:00,72,10.6,77.1,25.32,62.55,0.0,13.53,1008.67
2024-03-17 00:00:00,2024-03-20 00:00:00,72,10.9,76.7,23.82,64.15,0.0,14.64,1009.78
2024-03-17 00:00:00,2024-03-20 00:00:00,72,10.9,76.9,23.2,50.68,0.0,14.16,1007.59
2024-03-17 00:00:00,2024-03-20 00:00:00,72,10.9,77.1,29.93,59.7,0.0,19.87,1006.82
2024-03-17 00:00:00,2024-03-20 00:00:00,72,11.2,76.7,26.42,54.64,0.0,10.83,1009.06
2024-03-17 00:00:00,2024-03-20 00:00:00,72,11.2,76.9,24.82,66.74,2.75,13.92,1011.51
2024-03-17 00:00:00,2024-03-20 00:00:00,72,11.2,77.1,26.13,81.7,0.0,13.05,1011.1
2024-03-18 00:00:00,2024-03-19 00:00:00,24,10.3,76.7,22.58,67.94,0.0,13.95,1011.6
2024-03-18 00:00:00,2024-03-19 00:00:00,24,10.3,76.9,24.61,66.32,0.0,6.59,1013.83
2024-03-18 00:00:00,2024-03-19 00:00:00,24,10.3,77.1,24.99,59.76,0.0,12.04,1010.72
2024-03-18 00:00:00,2024-03-19 00:00:00,24,10.6,76.7,25.17,65.84,0.0,10.76,1010.26
2024-03-18 00:00:00,2024-03-19 00:00:00,24,10.6,76.9,24.16,63.6,0.92,12.05,1009.83
2024-03-18 00:00:00,2024-03-19 00:00:00,24,10.6,77.1,23.07,62.49,0.0,15.17,1011.06
2024-03-18 00:00:00,2024-03-19 00:00:00,24,10.9,76.7,23.48,70.15,0.0,5.81,1010.17
2024-03-18 00:00:00,2024-03-19 00:00:00,24,10.9,76.9,24.27,66.22,0.0,18.21,1010.21
2024-03-18 00:00:00,2024-03-19 00:00:00,24,10.9,77.1,21.85,72.75,0.0,11.57,1011.28
2024-03-18 00:00:00,2024-03-19 00:00:00,24,11.2,76.7,23.59,79.04,0.0,12.77,1008.72
2024-03-18 00:00:00,2024-03-19 00:00:00,24,11.2,76.9,21.56,78.86,0.0,10.73,1009.62
2024-03-18 00:00:00,2024-03-19 00:00:00,24,11.2,77.1,27.07,72.5,0.0,19.71,1010.63
2024-03-18 00:00:00,2024-03-20 00:00:00,48,10.3,76.7,23.31,58.08,0.0,13.86,1012.28
2024-03-18 00:00:00,2024-03-20 00:00:00,48,10.3,76.9,25.3,65.02,0.0,11.91,1012.93
2024-03-18 00:00:00,2024-03-20 00:00:00,48,10.3,77.1,26.32,68.54,2.87,16.24,1012.67
2024-03-18 00:00:00,2024-03-20 00:00:00,48,10.6,76.7,25.92,69.46,0.0,11.56,1008.2
2024-03-18 00:00:00,2024-03-20 00:00:00,48,10.6,76.9,24.17,74.12,0.0,7.51,1011.47
2024-03-18 00:00:00,2024-03-20 00:00:00,48,10.6,77.1,25.29,71.07,0.0,9.57,1012.39
2024-03-18 00:00:00,2024-03-20 00:00:00,48,10.9,76.7,22.77,54.6,0.0,14.73,1010.16
2024-03-18 00:00:00,2024-03-20 00:00:00,48,10.9,76.9,25.04,66.3,5.83,16.56,1010.08
2024-03-18 00:00:00,2024-03-20 00:00:00,48,10.9,77.1,24.7,74.0,0.0,12.18,1009.77
2024-03-18 00:00:00,2024-03-20 00:00:00,48,11.2,76.7,25.59,56.94,0.0,13.89,1007.63
2024-03-18 00:00:00,2024-03-20 00:00:00,48,11.2,76.9,21.42,55.34,0.0,18.53,1010.83
2024-03-18 00:00:00,2024-03-20 00:00:00,48,11.2,77.1,24.26,59.88,0.0,16.34,1012.16
2024-03-18 00:00:00,2024-03-21 00:00:00,72,10.3,76.7,26.42,65.26,0.0,15.17,1011.79
2024-03-18 00:00:00,2024-03-21 00:00:00,72,10.3,76.9,20.32,54.8,0.0,13.98,1009.81
2024-03-18 00:00:00,2024-03-21 00:00:00,72,10.3,77.1,21.62,62.0,0.0,11.59,1010.24
2024-03-18 00:00:00,2024-03-21 00:00:00,72,10.6,76.7,24.94,62.04,0.0,17.56,1010.87
2024-03-18 00:00:00,2024-03-21 00:00:00,72,10.6,76.9,27.61,54.1,0.0,8.57,1010.47
2024-03-18 00:00:00,2024-03-21 00:00:00,72,10.6,77.1,25.74,52.15,0.0,17.91,1009.9
2024-03-18 00:00:00,2024-03-21 00:00:00,72,10.9,76.7,24.83,74.57,0.0,9.19,1010.88
2024-03-18 00:00:00,2024-03-21 00:00:00,72,10.9,76.9,26.36,79.43,0.0,16.96,1009.32
2024-03-18 00:00:00,2024-03-21 00:00:00,72,10.9,77.1,24.67,64.02,0.0,14.57,1010.25
2024-03-18 00:00:00,2024-03-21 00:00:00,72,11.2,76.7,27.78,58.78,0.0,14.0,1008.9
2024-03-18 00:00:00,2024-03-21 00:00:00,72,11.2,76.9,20.13,53.61,0.0,13.7,1009.15
2024-03-18 00:00:00,2024-03-21 00:00:00,72,11.2,77.1,25.33,78.61,0.0,14.46,1009.41
2024-03-19 00:00:00,2024-03-20 00:00:00,24,10.3,76.7,23.59,54.23,0.0,17.07,1011.78
2024-03-19 00:00:00,2024-03-20 00:00:00,24,10.3,76.9,27.07,73.18,0.0,19.91,1012.68
2024-03-19 00:00:00,2024-03-20 00:00:00,24,10.3,77.1,26.13,66.31,0.0,13.75,1012.08
2024-03-19 00:00:00,2024-03-20 00:00:00,24,10.6,76.7,23.77,77.92,0.0,10.64,1014.33
2024-03-19 00:00:00,2024-03-20 00:00:00,24,10.6,76.9,25.36,61.13,0.0,14.44,1011.82
2024-03-19 00:00:00,2024-03-20 00:00:00,24,10.6,77.1,25.13,75.36,0.0,11.9,1010.53
2024-03-19 00:00:00,2024-03-20 00:00:00,24,10.9,76.7,23.04,60.85,0.0,10.65,1010.94
2024-03-19 00:00:00,2024-03-20 00:00:00,24,10.9,76.9,23.77,57.02,0.0,18.75,1011.56
2024-03-19 00:00:00,2024-03-20 00:00:00,24,10.9,77.1,23.96,73.92,0.0,15.47,1008.68
2024-03-19 00:00:00,2024-03-20 00:00:00,24,11.2,76.7,22.29,86.09,0.0,20.85,1010.05
2024-03-19 00:00:00,2024-03-20 00:00:00,24,11.2,76.9,25.03,69.87,0.0,24.25,1013.38
2024-03-19 00:00:00,2024-03-20 00:00:00,24,11.2,77.1,26.93,70.65,0.0,13.96,1009.83
2024-03-19 00:00:00,2024-03-21 00:00:00,48,10.3,76.7,22.99,56.15,0.0,6.75,1013.66
2024-03-19 00:00:00,2024-03-21 00:00:00,48,10.3,76.9,26.41,67.62,0.0,14.6,1010.28
2024-03-19 00:00:00,2024-03-21 00:00:00,48,10.3,77.1,25.14,64.88,0.0,13.03,1014.51
2024-03-19 00:00:00,2024-03-21 00:00:00,48,10.6,76.7,27.18,65.15,0.0,14.21,1012.65
2024-03-19 00:00:00,2024-03-21 00:00:00,48,10.6,76.9,25.01,64.12,0.0,14.7,1010.24
2024-03-19 00:00:00,2024-03-21 00:00:00,48,10.6,77.1,26.26,63.43,0.0,18.95,1010.77
2024-03-19 00:00:00,2024-03-21 00:00:00,48,10.9,76.7,24.8,40.85,0.0,11.21,1009.72
2024-03-19 00:00:00,2024-03-21 00:00:00,48,10.9,76.9,25.79,47.73,0.0,16.2,1009.76
2024-03-19 00:00:00,2024-03-21 00:00:00,48,10.9,77.1,23.88,66.74,0.0,11.25,1008.89
2024-03-19 00:00:00,2024-03-21 00:00:00,48,11.2,76.7,23.48,67.34,0.0,15.57,1009.53
2024-03-19 00:00:00,2024-03-21 00:00:00,48,11.2,76.9,21.65,65.57,0.0,14.14,1010.18
2024-03-19 00:00:00,2024-03-21 00:00:00,48,11.2,77.1,26.54,54.09,0.0,7.86,1010.14
2024-03-19 00:00:00,2024-03-22 00:00:00,72,10.3,76.7,28.07,58.33,0.0,15.68,1006.66
2024-03-19 00:00:00,2024-03-22 00:00:00,72,10.3,76.9,27.71,65.79,0.0,14.54,1011.02
2024-03-19 00:00:00,2024-03-22 00:00:00,72,10.3,77.1,24.65,62.32,0.0,9.29,1008.58
2024-03-19 00:00:00,2024-03-22 00:00:00,72,10.6,76.7,23.33,71.95,0.0,13.13,1010.39
2024-03-19 00:00:00,2024-03-22 00:00:00,72,10.6,76.9,27.04,84.06,1.91,16.31,1009.07
2024-03-19 00:00:00,2024-03-22 00:00:00,72,10.6,77.1,29.47,62.36,0.0,16.99,1010.1
2024-03-19 00:00:00,2024-03-22 00:00:00,72,10.9,76.7,25.53,57.18,0.0,17.29,1011.63
2024-03-19 00:00:00,2024-03-22 00:00:00,72,10.9,76.9,25.47,50.24,0.0,14.47,1010.33
2024-03-19 00:00:00,2024-03-22 00:00:00,72,10.9,77.1,29.25,72.11,0.0,12.27,1009.77
2024-03-19 00:00:00,2024-03-22 00:00:00,72,11.2,76.7,22.34,65.24,0.0,13.1,1009.98
2024-03-19 00:00:00,2024-03-22 00:00:00,72,11.2,76.9,23.41,55.99,0.0,17.69,1008.12
2024-03-19 00:00:00,2024-03-22 00:00:00,72,11.2,77.1,25.45,77.99,0.0,19.25,1008.77
2024-03-20 00:00:00,2024-03-21 00:00:00,24,10.3,76.7,25.9,63.15,0.0,21.58,1013.36
2024-03-20 00:00:00,2024-03-21 00:00:00,24,10.3,76.9,24.99,70.8,0.0,13.17,1008.22
2024-03-20 00:00:00,2024-03-21 00:00:00,24,10.3,77.1,21.3,70.81,0.0,12.41,1013.35
2024-03-20 00:00:00,2024-03-21 00:00:00,24,10.6,76.7,24.94,63.58,0.0,11.12,1009.48
2024-03-20 00:00:00,2024-03-21 00:00:00,24,10.6,76.9,23.35,71.35,0.0,16.56,1010.9
2024-03-20 00:00:00,2024-03-21 00:00:00,24,10.6,77.1,22.82,73.74,0.0,20.03,1012.51
2024-03-20 00:00:00,2024-03-21 00:00:00,24,10.9,76.7,23.96,54.96,0.0,16.23,1008.62
2024-03-20 00:00:00,2024-03-21 00:00:00,24,10.9,76.9,25.77,68.22,0.0,8.69,1009.56
2024-03-20 00:00:00,2024-03-21 00:00:00,24,10.9,77.1,23.31,56.48,0.0,13.22,1010.67
2024-03-20 00:00:00,2024-03-21 00:00:00,24,11.2,76.7,24.43,78.33,0.0,18.01,1007.62
2024-03-20 00:00:00,2024-03-21 00:00:00,24,11.2,76.9,24.23,65.24,0.0,4.7,1007.65
2024-03-20 00:00:00,2024-03-21 00:00:00,24,11.2,77.1,24.01,57.84,0.0,20.26,1011.02
2024-03-20 00:00:00,2024-03-22 00:00:00,48,10.3,76.7,27.31,72.42,0.0,16.4,1012.07
2024-03-20 00:00:00,2024-03-22 00:00:00,48,10.3,76.9,24.24,53.1,0.0,13.07,1010.19
2024-03-20 00:00:00,2024-03-22 00:00:00,48,10.3,77.1,27.49,65.75,0.0,18.0,1012.44
2024-03-20 00:00:00,2024-03-22 00:00:00,48,10.6,76.7,26.55,61.98,0.0,14.18,1013.34
2024-03-20 00:00:00,2024-03-22 00:00:00,48,10.6,76.9,28.25,70.07,0.0,17.54,1009.81
2024-03-20 00:00:00,2024-03-22 00:00:00,48,10.6,77.1,24.01,64.18,0.0,16.63,1012.0
2024-03-20 00:00:00,2024-03-22 00:00:00,48,10.9,76.7,22.83,59.28,0.0,10.54,1010.59
2024-03-20 00:00:00,2024-03-22 00:00:00,48,10.9,76.9,24.64,58.7,0.0,9.5,1009.02
2024-03-20 00:00:00,2024-03-22 00:00:00,48,10.9,77.1,26.94,58.96,0.0,18.82,1009.54
2024-03-20 00:00:00,2024-03-22 00:00:00,48,11.2,76.7,23.91,68.14,0.0,15.0,1010.45
2024-03-20 00:00:00,2024-03-22 00:00:00,48,11.2,76.9,25.1,70.79,2.79,11.54,1007.03
2024-03-20 00:00:00,2024-03-22 00:00:00,48,11.2,77.1,24.16,62.76,0.0,9.73,1011.46
2024-03-20 00:00:00,2024-03-23 00:00:00,72,10.3,76.7,25.7,57.58,0.0,9.8,1008.81
2024-03-20 00:00:00,2024-03-23 00:00:00,72,10.3,76.9,23.96,63.35,0.0,10.24,1010.86
2024-03-20 00:00:00,2024-03-23 00:00:00,72,10.3,77.1,20.2,64.82,0.0,15.33,1011.83
2024-03-20 00:00:00,2024-03-23 00:00:00,72,10.6,76.7,25.41,57.49,0.0,18.24,1008.3
2024-03-20 00:00:00,2024-03-23 00:00:00,72,10.6,76.9,27.26,66.39,0.0,12.99,1009.28
2024-03-20 00:00:00,2024-03-23 00:00:00,72,10.6,77.1,22.79,47.45,0.0,10.62,1011.69
2024-03-20 00:00:00,2024-03-23 00:00:00,72,10.9,76.7,18.63,79.07,0.0,15.01,1009.63
2024-03-20 00:00:00,2024-03-23 00:00:00,72,10.9,76.9,29.22,60.56,0.0,16.06,1009.93
2024-03-20 00:00:00,2024-03-23 00:00:00,72,10.9,77.1,22.31,71.0,0.0,16.4,1010.78
2024-03-20 00:00:00,2024-03-23 00:00:00,72,11.2,76.7,25.81,58.39,0.0,19.63,1007.61
2024-03-20 00:00:00,2024-03-23 00:00:00,72,11.2,76.9,27.27,73.38,0.0,12.81,1011.73
2024-03-20 00:00:00,2024-03-23 00:00:00,72,11.2,77.1,28.76,53.69,0.0,14.86,1008.24
2024-03-21 00:00:00,2024-03-22 00:00:00,24,10.3,76.7,27.29,77.06,0.0,10.7,1010.14
2024-03-21 00:00:00,2024-03-22 00:00:00,24,10.3,76.9,23.67,70.28,0.0,15.19,1010.13
2024-03-21 00:00:00,2024-03-22 00:00:00,24,10.3,77.1,25.99,77.21,0.0,10.07,1011.33
2024-03-21 00:00:00,2024-03-22 00:00:00,24,10.6,76.7,27.38,61.85,0.0,19.42,1010.43
2024-03-21 00:00:00,2024-03-22 00:00:00,24,10.6,76.9,24.05,61.49,0.0,12.54,1010.56
2024-03-21 00:00:00,2024-03-22 00:00:00,24,10.6,77.1,23.63,52.02,0.0,13.16,1011.03
2024-03-21 00:00:00,2024-03-22 00:00:00,24,10.9,76.7,23.35,69.68,0.0,10.8,1011.0
2024-03-21 00:00:00,2024-03-22 00:00:00,24,10.9,76.9,28.1,67.07,0.0,14.61,1010.73
2024-03-21 00:00:00,2024-03-22 00:00:00,24,10.9,77.1,23.73,52.96,0.0,12.22,1011.94
2024-03-21 00:00:00,2024-03-22 00:00:00,24,11.2,76.7,25.57,78.57,0.0,6.58,1010.77
2024-03-21 00:00:00,2024-03-22 00:00:00,24,11.2,76.9,27.23,77.14,0.0,13.4,1008.28
2024-03-21 00:00:00,2024-03-22 00:00:00,24,11.2,77.1,22.61,66.51,0.0,16.96,1010.8
2024-03-21 00:00:00,2024-03-23 00:00:00,48,10.3,76.7,25.06,62.56,0.0,19.37,1011.83
2024-03-21 00:00:00,2024-03-23 00:00:00,48,10.3,76.9,23.2,62.45,0.0,14.05,1010.09
2024-03-21 00:00:00,2024-03-23 00:00:00,48,10.3,77.1,23.65,71.58,0.0,12.09,1012.58
2024-03-21 00:00:00,2024-03-23 00:00:00,48,10.6,76.7,25.87,76.39,0.0,10.58,1009.71
2024-03-21 00:00:00,2024-03-23 00:00:00,48,10.6,76.9,24.87,69.81,0.0,16.04,1012.12
2024-03-21 00:00:00,2024-03-23 00:00:00,48,10.6,77.1,22.13,62.7,0.0,11.95,1013.39
2024-03-21 00:00:00,2024-03-23 00:00:00,48,10.9,76.7,23.92,52.89,0.0,14.71,1011.91
2024-03-21 00:00:00,2024-03-23 00:00:00,48,10.9,76.9,22.32,75.13,0.0,12.26,1007.77
2024-03-21 00:00:00,2024-03-23 00:00:00,48,10.9,77.1,24.55,58.13,1.99,15.55,1011.23
2024-03-21 00:00:00,2024-03-23 00:00:00,48,11.2,76.7,27.43,61.84,0.0,12.82,1008.92
2024-03-21 00:00:00,2024-03-23 00:00:00,48,11.2,76.9,25.7,61.87,0.0,13.5,1009.91
2024-03-21 00:00:00,2024-03-23 00:00:00,48,11.2,77.1,26.81,71.36,0.0,16.37,1011.22
2024-03-21 00:00:00,2024-03-24 00:00:00,72,10.3,76.7,27.09,64.4,0.0,10.38,1010.39
2024-03-21 00:00:00,2024-03-24 00:00:00,72,10.3,76.9,23.66,59.24,0.0,21.07,1012.08
2024-03-21 00:00:00,2024-03-24 00:00:00,72,10.3,77.1,27.14,69.79,0.0,13.62,1012.44
2024-03-21 00:00:00,2024-03-24 00:00:00,72,10.6,76.7,22.04,50.84,0.0,13.01,1011.0
2024-03-21 00:00:00,2024-03-24 00:00:00,72,10.6,76.9,22.78,60.46,0.0,14.59,1010.92
2024-03-21 00:00:00,2024-03-24 00:00:00,72,10.6,77.1,26.64,70.43,0.0,16.51,1008.99
2024-03-21 00:00:00,2024-03-24 00:00:00,72,10.9,76.7,26.7,65.41,0.0,19.06,1011.03
2024-03-21 00:00:00,2024-03-24 00:00:00,72,10.9,76.9,23.73,59.04,0.0,15.85,1009.43
2024-03-21 00:00:00,2024-03-24 00:00:00,72,10.9,77.1,24.75,46.31,0.0,18.6,1008.03
2024-03-21 00:00:00,2024-03-24 00:00:00,72,11.2,76.7,20.67,66.64,0.0,10.41,1011.72
2024-03-21 00:00:00,2024-03-24 00:00:00,72,11.2,76.9,24.7,57.39,0.0,13.37,1009.53
2024-03-21 00:00:00,2024-03-24 00:00:00,72,11.2,77.1,24.8,64.73,0.0,11.86,1009.51
2024-03-22 00:00:00,2024-03-23 00:00:00,24,10.3,76.7,24.9,66.45,0.0,16.78,1008.51
2024-03-22 00:00:00,2024-03-23 00:00:00,24,10.3,76.9,24.65,50.91,0.0,8.37,1012.35
2024-03-22 00:00:00,2024-03-23 00:00:00,24,10.3,77.1,23.04,51.2,0.0,8.35,1008.26
2024-03-22 00:00:00,2024-03-23 00:00:00,24,10.6,76.7,24.7,59.32,0.0,16.99,1010.8
2024-03-22 00:00:00,2024-03-23 00:00:00,24,10.6,76.9,22.46,66.67,0.0,15.31,1011.16
2024-03-22 00:00:00,2024-03-23 00:00:00,24,10.6,77.1,23.85,62.58,0.0,10.98,1009.78
2024-03-22 00:00:00,2024-03-23 00:00:00,24,10.9,76.7,26.99,60.54,0.0,18.62,1009.18
2024-03-22 00:00:00,2024-03-23 00:00:00,24,10.9,76.9,26.57,58.37,0.0,9.54,1010.39
2024-03-22 00:00:00,2024-03-23 00:00:00,24,10.9,77.1,24.63,70.26,0.0,6.24,1009.3
2024-03-22 00:00:00,2024-03-23 00:00:00,24,11.2,76.7,25.47,61.86,0.0,16.4,1008.16
2024-03-22 00:00:00,2024-03-23 00:00:00,24,11.2,76.9,22.84,63.31,0.0,10.35,1009.64
2024-03-22 00:00:00,2024-03-23 00:00:00,24,11.2,77.1,24.47,48.3,0.14,10.08,1010.21
2024-03-22 00:00:00,2024-03-24 00:00:00,48,10.3,76.7,23.09,70.67,0.0,16.07,1011.15
2024-03-22 00:00:00,2024-03-24 00:00:00,48,10.3,76.9,23.92,64.06,0.0,18.45,1012.28
2024-03-22 00:00:00,2024-03-24 00:00:00,48,10.3,77.1,23.36,65.34,0.0,11.53,1008.95
2024-03-22 00:00:00,2024-03-24 00:00:00,48,10.6,76.7,28.55,54.01,0.0,15.5,1010.25
2024-03-22 00:00:00,2024-03-24 00:00:00,48,10.6,76.9,24.87,70.36,0.0,14.2,1011.79
2024-03-22 00:00:00,2024-03-24 00:00:00,48,10.6,77.1,23.33,64.15,0.0,13.85,1010.58
2024-03-22 00:00:00,2024-03-24 00:00:00,48,10.9,76.7,26.27,61.51,0.0,17.2,1008.55
2024-03-22 00:00:00,2024-03-24 00:00:00,48,10.9,76.9,25.09,57.51,1.81,15.89,1011.51
2024-03-22 00:00:00,2024-03-24 00:00:00,48,10.9,77.1,27.43,64.85,0.0,17.38,1009.9
2024-03-22 00:00:00,2024-03-24 00:00:00,48,11.2,76.7,19.72,65.45,0.0,18.07,1009.48
2024-03-22 00:00:00,2024-03-24 00:00:00,48,11.2,76.9,25.87,57.39,0.0,9.37,1010.34
2024-03-22 00:00:00,2024-03-24 00:00:00,48,11.2,77.1,26.39,61.19,1.37,13.72,1009.82
2024-03-22 00:00:00,2024-03-25 00:00:00,72,10.3,76.7,18.9,79.4,2.51,10.19,1010.63
2024-03-22 00:00:00,2024-03-25 00:00:00,72,10.3,76.9,27.4,58.07,0.0,15.24,1011.74
2024-03-22 00:00:00,2024-03-25 00:00:00,72,10.3,77.1,26.49,50.45,0.0,15.45,1008.57
2024-03-22 00:00:00,2024-03-25 00:00:00,72,10.6,76.7,23.61,55.24,0.0,16.71,1011.89
2024-03-22 00:00:00,2024-03-25 00:00:00,72,10.6,76.9,27.39,69.53,0.0,9.15,1009.45
2024-03-22 00:00:00,2024-03-25 00:00:00,72,10.6,77.1,21.75,55.65,0.0,12.76,1012.2
2024-03-22 00:00:00,2024-03-25 00:00:00,72,10.9,76.7,20.98,64.33,0.0,11.67,1010.79
2024-03-22 00:00:00,2024-03-25 00:00:00,72,10.9,76.9,26.12,74.87,0.0,9.76,1010.04
2024-03-22 00:00:00,2024-03-25 00:00:00,72,10.9,77.1,26.71,79.43,0.0,9.64,1008.21
2024-03-22 00:00:00,2024-03-25 00:00:00,72,11.2,76.7,22.28,67.82,0.0,17.73,1006.97
2024-03-22 00:00:00,2024-03-25 00:00:00,72,11.2,76.9,19.27,63.43,0.0,14.39,1010.38
2024-03-22 00:00:00,2024-03-25 00:00:00,72,11.2,77.1,24.28,68.46,0.0,7.79,1010.1
2024-03-23 00:00:00,2024-03-24 00:00:00,24,10.3,76.7,23.63,82.28,0.0,14.48,1012.81
2024-03-23 00:00:00,2024-03-24 00:00:00,24,10.3,76.9,26.36,70.12,0.0,15.22,1012.18
2024-03-23 00:00:00,2024-03-24 00:00:00,24,10.3,77.1,23.72,73.76,0.0,15.57,1013.76
2024-03-23 00:00:00,2024-03-24 00:00:00,24,10.6,76.7,23.33,63.26,0.0,22.58,1014.41
2024-03-23 00:00:00,2024-03-24 00:00:00,24,10.6,76.9,24.95,65.7,0.0,18.86,1010.36
2024-03-23 00:00:00,2024-03-24 00:00:00,24,10.6,77.1,22.43,53.9,0.0,13.83,1009.17
2024-03-23 00:00:00,2024-03-24 00:00:00,24,10.9,76.7,20.76,67.16,0.0,17.19,1008.76
2024-03-23 00:00:00,2024-03-24 00:00:00,24,10.9,76.9,25.36,58.88,1.03,17.12,1010.89
2024-03-23 00:00:00,2024-03-24 00:00:00,24,10.9,77.1,23.75,68.65,7.91,9.99,1009.38
2024-03-23 00:00:00,2024-03-24 00:00:00,24,11.2,76.7,26.93,57.85,0.0,10.72,1008.96
2024-03-23 00:00:00,2024-03-24 00:00:00,24,11.2,76.9,26.35,68.47,0.0,12.93,1009.33
2024-03-23 00:00:00,2024-03-24 00:00:00,24,11.2,77.1,22.88,71.63,0.0,14.15,1011.14
2024-03-23 00:00:00,2024-03-25 00:00:00,48,10.3,76.7,24.8,52.71,0.0,17.84,1011.36
2024-03-23 00:00:00,2024-03-25 00:00:00,48,10.3,76.9,23.13,65.46,0.0,9.51,1011.17
2024-03-23 00:00:00,2024-03-25 00:00:00,48,10.3,77.1,23.1,65.95,0.0,17.97,1010.31
2024-03-23 00:00:00,2024-03-25 00:00:00,48,10.6,76.7,25.51,73.91,0.0,15.3,1011.01
2024-03-23 00:00:00,2024-03-25 00:00:00,48,10.6,76.9,23.63,73.48,0.0,15.18,1011.82
2024-03-23 00:00:00,2024-03-25 00:00:00,48,10.6,77.1,23.67,62.71,0.0,16.78,1011.87
2024-03-23 00:00:00,2024-03-25 00:00:00,48,10.9,76.7,24.03,71.84,0.0,11.97,1011.98
2024-03-23 00:00:00,2024-03-25 00:00:00,48,10.9,76.9,24.0,51.82,0.0,12.95,1007.25
2024-03-23 00:00:00,2024-03-25 00:00:00,48,10.9,77.1,23.91,70.84,0.0,21.53,1010.17
2024-03-23 00:00:00,2024-03-25 00:00:00,48,11.2,76.7,25.44,75.53,0.0,12.83,1007.86
2024-03-23 00:00:00,2024-03-25 00:00:00,48,11.2,76.9,24.03,64.1,0.0,11.78,1009.06
2024-03-23 00:00:00,2024-03-25 00:00:00,48,11.2,77.1,23.57,85.36,0.26,15.29,1011.18
2024-03-23 00:00:00,2024-03-26 00:00:00,72,10.3,76.7,22.91,56.95,0.0,7.89,1009.4
2024-03-23 00:00:00,2024-03-26 00:00:00,72,10.3,76.9,25.37,66.37,0.0,12.39,1010.48
2024-03-23 00:00:00,2024-03-26 00:00:00,72,10.3,77.1,24.65,61.76,0.0,10.72,1011.88
2024-03-23 00:00:00,2024-03-26 00:00:00,72,10.6,76.7,22.05,58.5,10.06,10.3,1009.88
2024-03-23 00:00:00,2024-03-26 00:00:00,72,10.6,76.9,24.58,70.71,0.0,22.23,1007.6
2024-03-23 00:00:00,2024-03-26 00:00:00,72,10.6,77.1,24.7,59.71,6.38,12.4,1013.34
2024-03-23 00:00:00,2024-03-26 00:00:00,72,10.9,76.7,27.94,70.03,0.0,14.51,1010.63
2024-03-23 00:00:00,2024-03-26 00:00:00,72,10.9,76.9,24.6,53.02,0.0,17.3,1009.71
2024-03-23 00:00:00,2024-03-26 00:00:00,72,10.9,77.1,26.04,60.84,0.0,9.34,1009.02
2024-03-23 00:00:00,2024-03-26 00:00:00,72,11.2,76.7,23.81,65.49,0.0,14.77,1009.17
2024-03-23 00:00:00,2024-03-26 00:00:00,72,11.2,76.9,28.02,56.8,4.19,16.24,1011.17
2024-03-23 00:00:00,2024-03-26 00:00:00,72,11.2,77.1,23.96,60.84,0.0,12.98,1008.19
2024-03-24 00:00:00,2024-03-25 00:00:00,24,10.3,76.7,24.21,58.49,0.0,14.31,1012.03
2024-03-24 00:00:00,2024-03-25 00:00:00,24,10.3,76.9,21.94,53.72,0.0,16.09,1012.13
2024-03-24 00:00:00,2024-03-25 00:00:00,24,10.3,77.1,23.53,62.46,0.0,8.14,1014.11
2024-03-24 00:00:00,2024-03-25 00:00:00,24,10.6,76.7,25.87,70.41,0.0,16.08,1010.51
2024-03-24 00:00:00,2024-03-25 00:00:00,24,10.6,76.9,26.27,56.16,0.0,21.14,1009.58
2024-03-24 00:00:00,2024-03-25 00:00:00,24,10.6,77.1,24.69,71.99,0.0,17.26,1011.92
2024-03-24 00:00:00,2024-03-25 00:00:00,24,10.9,76.7,24.08,67.0,0.0,15.14,1008.56
2024-03-24 00:00:00,2024-03-25 00:00:00,24,10.9,76.9,22.44,55.79,0.0,13.64,1007.9
2024-03-24 00:00:00,2024-03-25 00:00:00,24,10.9,77.1,24.06,73.86,1.08,17.02,1011.66
2024-03-24 00:00:00,2024-03-25 00:00:00,24,11.2,76.7,21.78,65.31,0.0,18.96,1010.45
2024-03-24 00:00:00,2024-03-25 00:00:00,24,11.2,76.9,24.59,60.54,0.0,10.65,1009.65
2024-03-24 00:00:00,2024-03-25 00:00:00,24,11.2,77.1,25.38,80.69,0.0,13.86,1008.17
2024-03-24 00:00:00,2024-03-26 00:00:00,48,10.3,76.7,25.83,58.16,0.0,12.26,1010.46
2024-03-24 00:00:00,2024-03-26 00:00:00,48,10.3,76.9,22.46,56.23,0.0,13.29,1010.68
2024-03-24 00:00:00,2024-03-26 00:00:00,48,10.3,77.1,24.44,74.28,0.0,9.73,1013.22
2024-03-24 00:00:00,2024-03-26 00:00:00,48,10.6,76.7,27.33,68.47,0.0,10.78,1011.23
2024-03-24 00:00:00,2024-03-26 00:00:00,48,10.6,76.9,22.73,54.9,0.0,9.4,1010.69
2024-03-24 00:00:00,2024-03-26 00:00:00,48,10.6,77.1,27.42,77.6,0.0,14.58,1011.01
2024-03-24 00:00:00,2024-03-26 00:00:00,48,10.9,76.7,23.17,77.2,0.0,5.38,1008.96
2024-03-24 00:00:00,2024-03-26 00:00:00,48,10.9,76.9,25.98,57.47,0.0,9.88,1011.02
2024-03-24 00:00:00,2024-03-26 00:00:00,48,10.9,77.1,25.09,64.42,0.0,8.65,1009.32
2024-03-24 00:00:00,2024-03-26 00:00:00,48,11.2,76.7,24.64,70.58,0.0,17.26,1008.26
2024-03-24 00:00:00,2024-03-26 00:00:00,48,11.2,76.9,23.58,63.27,0.0,14.56,1007.83
2024-03-24 00:00:00,2024-03-26 00:00:00,48,11.2,77.1,23.9,71.11,0.0,14.97,1007.36
2024-03-24 00:00:00,2024-03-27 00:00:00,72,10.3,76.7,29.72,59.75,0.0,9.19,1012.67
2024-03-24 00:00:00,2024-03-27 00:00:00,72,10.3,76.9,27.77,67.53,0.0,17.44,1010.64
2024-03-24 00:00:00,2024-03-27 00:00:00,72,10.3,77.1,23.45,59.05,11.29,9.28,1007.59
2024-03-24 00:00:00,2024-03-27 00:00:00,72,10.6,76.7,25.56,59.48,0.0,17.25,1012.5
2024-03-24 00:00:00,2024-03-27 00:00:00,72,10.6,76.9,27.44,70.15,0.0,11.06,1011.04
2024-03-24 00:00:00,2024-03-27 00:00:00,72,10.6,77.1,27.55,71.62,0.0,12.94,1011.64
2024-03-24 00:00:00,2024-03-27 00:00:00,72,10.9,76.7,27.86,72.42,0.0,18.74,1010.57
2024-03-24 00:00:00,2024-03-27 00:00:00,72,10.9,76.9,25.09,71.85,0.0,13.42,1007.2
2024-03-24 00:00:00,2024-03-27 00:00:00,72,10.9,77.1,25.15,70.02,0.0,10.6,1009.82
2024-03-24 00:00:00,2024-03-27 00:00:00,72,11.2,76.7,24.29,62.41,0.0,15.7,1009.68
2024-03-24 00:00:00,2024-03-27 00:00:00,72,11.2,76.9,22.94,69.36,0.0,14.41,1008.27
2024-03-24 00:00:00,2024-03-27 00:00:00,72,11.2,77.1,20.45,71.56,7.71,16.0,1008.73
2024-03-25 00:00:00,2024-03-26 00:00:00,24,10.3,76.7,26.03,65.57,0.0,8.08,1009.14
2024-03-25 00:00:00,2024-03-26 00:00:00,24,10.3,76.9,23.48,62.52,0.0,18.57,1012.23
2024-03-25 00:00:00,2024-03-26 00:00:00,24,10.3,77.1,25.6,66.5,0.39,7.17,1011.36
2024-03-25 00:00:00,2024-03-26 00:00:00,24,10.6,76.7,28.69,67.06,0.0,11.35,1009.6
2024-03-25 00:00:00,2024-03-26 00:00:00,24,10.6,76.9,25.0,77.06,0.0,6.37,1012.79
2024-03-25 00:00:00,2024-03-26 00:00:00,24,10.6,77.1,24.32,69.35,0.0,12.16,1009.2
2024-03-25 00:00:00,2024-03-26 00:00:00,24,10.9,76.7,24.48,55.5,0.0,12.83,1011.3
2024-03-25 00:00:00,2024-03-26 00:00:00,24,10.9,76.9,23.74,72.68,0.0,5.66,1009.58
2024-03-25 00:00:00,2024-03-26 00:00:00,24,10.9,77.1,24.35,66.62,0.0,16.49,1010.37
2024-03-25 00:00:00,2024-03-26 00:00:00,24,11.2,76.7,23.84,69.72,0.0,11.53,1006.75
2024-03-25 00:00:00,2024-03-26 00:00:00,24,11.2,76.9,24.36,78.18,0.0,18.54,1009.14
2024-03-25 00:00:00,2024-03-26 00:00:00,24,11.2,77.1,24.39,60.95,0.0,18.92,1011.0
2024-03-25 00:00:00,2024-03-27 00:00:00,48,10.3,76.7,28.7,52.89,0.0,16.58,1011.06
2024-03-25 00:00:00,2024-03-27 00:00:00,48,10.3,76.9,26.52,74.29,1.54,14.35,1013.97
2024-03-25 00:00:00,2024-03-27 00:00:00,48,10.3,77.1,21.88,67.65,0.0,7.66,1011.75
2024-03-25 00:00:00,2024-03-27 00:00:00,48,10.6,76.7,25.38,78.25,0.0,15.0,1010.94
2024-03-25 00:00:00,2024-03-27 00:00:00,48,10.6,76.9,20.53,76.59,0.0,12.73,1012.39
2024-03-25 00:00:00,2024-03-27 00:00:00,48,10.6,77.1,28.3,63.33,0.0,17.21,1010.36
2024-03-25 00:00:00,2024-03-27 00:00:00,48,10.9,76.7,24.73,68.84,0.0,14.17,1008.59
2024-03-25 00:00:00,2024-03-27 00:00:00,48,10.9,76.9,25.93,75.61,0.0,15.13,1007.15
2024-03-25 00:00:00,2024-03-27 00:00:00,48,10.9,77.1,27.92,61.54,0.0,17.11,1009.12
2024-03-25 00:00:00,2024-03-27 00:00:00,48,11.2,76.7,22.0,66.36,0.0,8.64,1007.84
2024-03-25 00:00:00,2024-03-27 00:00:00,48,11.2,76.9,23.92,65.92,0.0,9.53,1009.67
2024-03-25 00:00:00,2024-03-27 00:00:00,48,11.2,77.1,26.66,59.33,0.0,20.52,1009.11
2024-03-25 00:00:00,2024-03-28 00:00:00,72,10.3,76.7,25.3,53.66,0.0,13.28,1011.66
2024-03-25 00:00:00,2024-03-28 00:00:00,72,10.3,76.9,23.22,61.54,0.0,14.35,1011.39
2024-03-25 00:00:00,2024-03-28 00:00:00,72,10.3,77.1,25.82,53.33,0.0,11.43,1011.88
2024-03-25 00:00:00,2024-03-28 00:00:00,72,10.6,76.7,22.49,64.4,0.0,18.1,1011.57
2024-03-25 00:00:00,2024-03-28 00:00:00,72,10.6,76.9,22.34,56.73,2.42,13.08,1009.48
2024-03-25 00:00:00,2024-03-28 00:00:00,72,10.6,77.1,26.19,68.13,0.0,11.62,1012.49
2024-03-25 00:00:00,2024-03-28 00:00:00,72,10.9,76.7,22.01,56.54,0.0,13.65,1007.82
2024-03-25 00:00:00,2024-03-28 00:00:00,72,10.9,76.9,25.68,87.4,0.0,7.88,1007.89
2024-03-25 00:00:00,2024-03-28 00:00:00,72,10.9,77.1,23.63,63.71,0.0,20.2,1010.61
2024-03-25 00:00:00,2024-03-28 00:00:00,72,11.2,76.7,26.27,52.95,0.0,9.4,1006.62
2024-03-25 00:00:00,2024-03-28 00:00:00,72,11.2,76.9,25.37,67.6,0.0,12.92,1010.69
2024-03-25 00:00:00,2024-03-28 00:00:00,72,11.2,77.1,23.36,60.47,0.0,9.33,1009.75
2024-03-26 00:00:00,2024-03-27 00:00:00,24,10.3,76.7,26.82,64.38,0.0,9.97,1008.88
2024-03-26 00:00:00,2024-03-27 00:00:00,24,10.3,76.9,27.39,65.98,0.0,12.22,1010.98
2024-03-26 00:00:00,2024-03-27 00:00:00,24,10.3,77.1,26.39,76.06,0.0,14.9,1011.09
2024-03-26 00:00:00,2024-03-27 00:00:00,24,10.6,76.7,24.34,61.07,0.0,16.04,1013.02
2024-03-26 00:00:00,2024-03-27 00:00:00,24,10.6,76.9,23.66,60.03,0.0,16.53,1012.31
2024-03-26 00:00:00,2024-03-27 00:00:00,24,10.6,77.1,24.49,69.68,0.0,13.87,1011.08
2024-03-26 00:00:00,2024-03-27 00:00:00,24,10.9,76.7,25.06,61.59,2.09,15.08,1005.6
2024-03-26 00:00:00,2024-03-27 00:00:00,24,10.9,76.9,23.31,58.41,0.0,12.21,1009.79
2024-03-26 00:00:00,2024-03-27 00:00:00,24,10.9,77.1,23.9,69.29,0.0,15.02,1010.16
2024-03-26 00:00:00,2024-03-27 00:00:00,24,11.2,76.7,24.57,63.0,0.0,23.16,1007.48
2024-03-26 00:00:00,2024-03-27 00:00:00,24,11.2,76.9,24.65,76.78,0.0,13.22,1010.21
2024-03-26 00:00:00,2024-03-27 00:00:00,24,11.2,77.1,22.49,59.36,0.0,13.96,1008.8
2024-03-26 00:00:00,2024-03-28 00:00:00,48,10.3,76.7,25.91,73.53,0.0,11.16,1011.08
2024-03-26 00:00:00,2024-03-28 00:00:00,48,10.3,76.9,23.14,64.32,3.43,17.9,1010.89
2024-03-26 00:00:00,2024-03-28 00:00:00,48,10.3,77.1,23.44,72.05,0.0,17.27,1011.63
2024-03-26 00:00:00,2024-03-28 00:00:00,48,10.6,76.7,22.49,58.93,0.0,16.56,1008.8
2024-03-26 00:00:00,2024-03-28 00:00:00,48,10.6,76.9,23.9,73.07,0.0,13.64,1009.33
2024-03-26 00:00:00,2024-03-28 00:00:00,48,10.6,77.1,25.56,68.37,0.0,18.6,1011.39
2024-03-26 00:00:00,2024-03-28 00:00:00,48,10.9,76.7,27.23,57.58,0.0,12.12,1009.7
2024-03-26 00:00:00,2024-03-28 00:00:00,48,10.9,76.9,22.41,60.95,0.0,10.8,1008.5
2024-03-26 00:00:00,2024-03-28 00:00:00,48,10.9,77.1,22.96,58.9,0.0,19.68,1011.85
2024-03-26 00:00:00,2024-03-28 00:00:00,48,11.2,76.7,26.37,46.0,0.0,13.28,1006.66
2024-03-26 00:00:00,2024-03-28 00:00:00,48,11.2,76.9,21.2,53.79,0.0,8.6,1010.68
2024-03-26 00:00:00,2024-03-28 00:00:00,48,11.2,77.1,23.62,56.15,5.95,14.62,1010.01
2024-03-26 00:00:00,2024-03-29 00:00:00,72,10.3,76.7,21.64,53.77,0.0,17.26,1011.11
2024-03-26 00:00:00,2024-03-29 00:00:00,72,10.3,76.9,24.94,66.97,0.0,16.62,1009.07
2024-03-26 00:00:00,2024-03-29 00:00:00,72,10.3,77.1,25.33,65.29,0.0,12.07,1010.79
2024-03-26 00:00:00,2024-03-29 00:00:00,72,10.6,76.7,26.71,65.54,0.0,13.3,1012.11
2024-03-26 00:00:00,2024-03-29 00:00:00,72,10.6,76.9,21.96,72.75,0.0,9.36,1013.77
2024-03-26 00:00:00,2024-03-29 00:00:00,72,10.6,77.1,30.08,53.63,0.0,14.8,1010.13
2024-03-26 00:00:00,2024-03-29 00:00:00,72,10.9,76.7,26.14,71.68,0.0,9.61,1009.95
2024-03-26 00:00:00,2024-03-29 00:00:00,72,10.9,76.9,25.82,60.41,0.0,10.26,1009.82
2024-03-26 00:00:00,2024-03-29 00:00:00,72,10.9,77.1,22.83,61.58,3.14,19.81,1007.85
2024-03-26 00:00:00,2024-03-29 00:00:00,72,11.2,76.7,21.39,77.62,0.0,11.88,1007.93
2024-03-26 00:00:00,2024-03-29 00:00:00,72,11.2,76.9,25.42,47.59,0.0,6.71,1009.34
2024-03-26 00:00:00,2024-03-29 00:00:00,72,11.2,77.1,22.72,77.64,0.0,8.99,1009.14
2024-03-27 00:00:00,2024-03-28 00:00:00,24,10.3,76.7,23.95,75.83,0.0,7.97,1009.19
2024-03-27 00:00:00,2024-03-28 00:00:00,24,10.3,76.9,25.34,55.12,0.0,16.72,1012.44
2024-03-27 00:00:00,2024-03-28 00:00:00,24,10.3,77.1,24.96,76.13,0.0,17.54,1011.78
2024-03-27 00:00:00,2024-03-28 00:00:00,24,10.6,76.7,23.69,65.51,0.0,11.71,1009.89
2024-03-27 00:00:00,2024-03-28 00:00:00,24,10.6,76.9,24.66,68.01,0.0,18.02,1011.02
2024-03-27 00:00:00,2024-03-28 00:00:00,24,10.6,77.1,20.93,64.84,0.0,12.95,1010.68
2024-03-27 00:00:00,2024-03-28 00:00:00,24,10.9,76.7,21.7,65.38,0.0,9.56,1009.1
2024-03-27 00:00:00,2024-03-28 00:00:00,24,10.9,76.9,23.98,69.87,0.0,16.53,1010.22
2024-03-27 00:00:00,2024-03-28 00:00:00,24,10.9,77.1,26.25,66.78,5.42,15.17,1009.19
2024-03-27 00:00:00,2024-03-28 00:00:00,24,11.2,76.7,25.06,50.8,0.0,4.92,1008.79
2024-03-27 00:00:00,2024-03-28 00:00:00,24,11.2,76.9,24.92,62.95,0.0,6.37,1009.97
2024-03-27 00:00:00,2024-03-28 00:00:00,24,11.2,77.1,25.66,56.35,0.0,19.8,1009.54
2024-03-27 00:00:00,2024-03-29 00:00:00,48,10.3,76.7,31.33,73.71,0.0,20.06,1012.16
2024-03-27 00:00:00,2024-03-29 00:00:00,48,10.3,76.9,26.03,66.34,0.0,13.01,1011.87
2024-03-27 00:00:00,2024-03-29 00:00:00,48,10.3,77.1,26.5,68.49,0.0,13.08,1012.73
2024-03-27 00:00:00,2024-03-29 00:00:00,48,10.6,76.7,21.2,66.42,7.23,15.44,1013.15
2024-03-27 00:00:00,2024-03-29 00:00:00,48,10.6,76.9,25.26,59.12,0.0,12.64,1010.65
2024-03-27 00:00:00,2024-03-29 00:00:00,48,10.6,77.1,21.92,57.31,0.0,11.6,1011.03
2024-03-27 00:00:00,2024-03-29 00:00:00,48,10.9,76.7,25.26,61.03,10.53,16.47,1012.74
2024-03-27 00:00:00,2024-03-29 00:00:00,48,10.9,76.9,22.56,61.95,0.0,16.64,1007.91
2024-03-27 00:00:00,2024-03-29 00:00:00,48,10.9,77.1,24.18,40.48,3.65,13.11,1010.03
2024-03-27 00:00:00,2024-03-29 00:00:00,48,11.2,76.7,26.74,75.14,0.0,14.19,1008.8
2024-03-27 00:00:00,2024-03-29 00:00:00,48,11.2,76.9,26.29,56.3,0.0,17.52,1008.31
2024-03-27 00:00:00,2024-03-29 00:00:00,48,11.2,77.1,20.62,85.35,0.0,18.05,1008.59
2024-03-27 00:00:00,2024-03-30 00:00:00,72,10.3,76.7,22.15,58.0,0.0,17.73,1009.36
2024-03-27 00:00:00,2024-03-30 00:00:00,72,10.3,76.9,24.63,63.86,0.0,13.93,1011.6
2024-03-27 00:00:00,2024-03-30 00:00:00,72,10.3,77.1,26.79,40.88,0.0,14.38,1013.21
2024-03-27 00:00:00,2024-03-30 00:00:00,72,10.6,76.7,27.33,71.45,0.0,17.53,1010.37
2024-03-27 00:00:00,2024-03-30 00:00:00,72,10.6,76.9,31.83,73.39,0.0,10.45,1011.33
2024-03-27 00:00:00,2024-03-30 00:00:00,72,10.6,77.1,23.65,59.03,0.0,11.61,1009.77
2024-03-27 00:00:00,2024-03-30 00:00:00,72,10.9,76.7,22.24,63.59,0.0,13.61,1009.26
2024-03-27 00:00:00,2024-03-30 00:00:00,72,10.9,76.9,22.3,64.65,0.0,17.17,1008.99
2024-03-27 00:00:00,2024-03-30 00:00:00,72,10.9,77.1,26.16,59.58,0.0,12.18,1008.44
2024-03-27 00:00:00,2024-03-30 00:00:00,72,11.2,76.7,26.45,72.18,0.0,14.26,1007.44
2024-03-27 00:00:00,2024-03-30 00:00:00,72,11.2,76.9,22.63,63.47,2.15,11.86,1010.41
2024-03-27 00:00:00,2024-03-30 00:00:00,72,11.2,77.1,23.86,56.62,0.0,8.78,1009.21
2024-03-28 00:00:00,2024-03-29 00:00:00,24,10.3,76.7,23.91,62.54,0.0,12.2,1010.75
2024-03-28 00:00:00,2024-03-29 00:00:00,24,10.3,76.9,26.04,68.62,0.0,9.39,1009.81
2024-03-28 00:00:00,2024-03-29 00:00:00,24,10.3,77.1,24.04,61.18,0.83,13.4,1011.16
2024-03-28 00:00:00,2024-03-29 00:00:00,24,10.6,76.7,24.1,69.4,0.0,13.78,1008.8
2024-03-28 00:00:00,2024-03-29 00:00:00,24,10.6,76.9,24.92,61.91,0.0,20.26,1010.27
2024-03-28 00:00:00,2024-03-29 00:00:00,24,10.6,77.1,24.21,76.47,0.0,15.32,1011.17
2024-03-28 00:00:00,2024-03-29 00:00:00,24,10.9,76.7,27.4,52.21,3.37,7.85,1009.36
2024-03-28 00:00:00,2024-03-29 00:00:00,24,10.9,76.9,24.8,56.47,0.0,14.57,1010.68
2024-03-28 00:00:00,2024-03-29 00:00:00,24,10.9,77.1,24.44,66.91,0.0,13.05,1009.06
2024-03-28 00:00:00,2024-03-29 00:00:00,24,11.2,76.7,25.29,76.18,0.0,20.03,1009.33
2024-03-28 00:00:00,2024-03-29 00:00:00,24,11.2,76.9,28.07,57.6,0.0,15.98,1010.76
2024-03-28 00:00:00,2024-03-29 00:00:00,24,11.2,77.1,24.31,66.22,0.0,18.12,1008.97
2024-03-28 00:00:00,2024-03-30 00:00:00,48,10.3,76.7,25.39,56.85,0.0,19.48,1011.86
2024-03-28 00:00:00,2024-03-30 00:00:00,48,10.3,76.9,26.35,57.68,0.97,8.17,1014.7
2024-03-28 00:00:00,2024-03-30 00:00:00,48,10.3,77.1,24.75,63.15,0.0,9.0,1010.22
2024-03-28 00:00:00,2024-03-30 00:00:00,48,10.6,76.7,20.57,65.55,0.0,18.02,1009.97
2024-03-28 00:00:00,2024-03-30 00:00:00,48,10.6,76.9,26.57,66.26,4.84,17.66,1011.96
2024-03-28 00:00:00,2024-03-30 00:00:00,48,10.6,77.1,23.42,60.82,0.0,13.61,1011.69
2024-03-28 00:00:00,2024-03-30 00:00:00,48,10.9,76.7,27.34,63.01,0.0,11.91,1009.43
2024-03-28 00:00:00,2024-03-30 00:00:00,48,10.9,76.9,27.35,68.0,0.0,16.17,1009.83
2024-03-28 00:00:00,2024-03-30 00:00:00,48,10.9,77.1,27.58,59.16,0.0,14.0,1008.1
2024-03-28 00:00:00,2024-03-30 00:00:00,48,11.2,76.7,21.82,49.9,0.0,14.08,1010.09
2024-03-28 00:00:00,2024-03-30 00:00:00,48,11.2,76.9,24.34,85.07,0.0,16.76,1008.95
2024-03-28 00:00:00,2024-03-30 00:00:00,48,11.2,77.1,25.38,57.68,0.0,16.96,1006.34
2024-03-28 00:00:00,2024-03-31 00:00:00,72,10.3,76.7,28.74,66.99,0.0,9.26,1013.7
2024-03-28 00:00:00,2024-03-31 00:00:00,72,10.3,76.9,23.9,68.89,0.0,10.53,1011.96
2024-03-28 00:00:00,2024-03-31 00:00:00,72,10.3,77.1,21.99,65.43,0.0,10.51,1009.72
2024-03-28 00:00:00,2024-03-31 00:00:00,72,10.6,76.7,23.8,81.37,0.0,14.66,1008.78
2024-03-28 00:00:00,2024-03-31 00:00:00,72,10.6,76.9,23.92,73.25,0.0,16.96,1009.25
2024-03-28 00:00:00,2024-03-31 00:00:00,72,10.6,77.1,28.82,60.32,0.0,18.41,1011.54
2024-03-28 00:00:00,2024-03-31 00:00:00,72,10.9,76.7,27.2,64.21,0.0,20.46,1009.66
2024-03-28 00:00:00,2024-03-31 00:00:00,72,10.9,76.9,24.3,41.96,0.0,15.35,1007.89
2024-03-28 00:00:00,2024-03-31 00:00:00,72,10.9,77.1,25.02,76.04,0.0,13.16,1010.94
2024-03-28 00:00:00,2024-03-31 00:00:00,72,11.2,76.7,27.01,78.37,0.0,11.13,1010.6
2024-03-28 00:00:00,2024-03-31 00:00:00,72,11.2,76.9,21.54,69.34,0.0,11.41,1009.04
2024-03-28 00:00:00,2024-03-31 00:00:00,72,11.2,77.1,27.2,70.53,0.0,14.4,1005.52
2024-03-29 00:00:00,2024-03-30 00:00:00,24,10.3,76.7,26.2,65.42,0.0,15.07,1010.77
2024-03-29 00:00:00,2024-03-30 00:00:00,24,10.3,76.9,25.34,70.98,0.0,10.55,1012.16
2024-03-29 00:00:00,2024-03-30 00:00:00,24,10.3,77.1,23.62,53.04,0.0,14.29,1011.29
2024-03-29 00:00:00,2024-03-30 00:00:00,24,10.6,76.7,22.6,74.88,0.0,14.37,1013.78
2024-03-29 00:00:00,2024-03-30 00:00:00,24,10.6,76.9,27.79,74.62,0.0,17.32,1012.21
2024-03-29 00:00:00,2024-03-30 00:00:00,24,10.6,77.1,27.59,58.19,0.0,15.63,1010.04
2024-03-29 00:00:00,2024-03-30 00:00:00,24,10.9,76.7,22.64,66.73,0.0,14.48,1013.21
2024-03-29 00:00:00,2024-03-30 00:00:00,24,10.9,76.9,24.11,65.67,0.0,13.18,1007.6
2024-03-29 00:00:00,2024-03-30 00:00:00,24,10.9,77.1,29.09,57.18,0.0,12.73,1011.78
2024-03-29 00:00:00,2024-03-30 00:00:00,24,11.2,76.7,24.9,64.23,0.0,13.9,1010.65
2024-03-29 00:00:00,2024-03-30 00:00:00,24,11.2,76.9,23.08,77.46,0.0,10.02,1009.81
2024-03-29 00:00:00,2024-03-30 00:00:00,24,11.2,77.1,23.1,72.14,0.0,18.51,1009.92
2024-03-29 00:00:00,2024-03-31 00:00:00,48,10.3,76.7,26.86,54.69,3.07,14.03,1012.52
2024-03-29 00:00:00,2024-03-31 00:00:00,48,10.3,76.9,24.05,68.39,0.0,11.74,1010.16
2024-03-29 00:00:00,2024-03-31 00:00:00,48,10.3,77.1,24.6,64.25,0.0,12.06,1010.73
2024-03-29 00:00:00,2024-03-31 00:00:00,48,10.6,76.7,23.49,61.09,0.0,16.76,1009.98
2024-03-29 00:00:00,2024-03-31 00:00:00,48,10.6,76.9,23.97,60.11,0.0,9.73,1011.09
2024-03-29 00:00:00,2024-03-31 00:00:00,48,10.6,77.1,26.03,65.58,0.0,10.88,1007.69
2024-03-29 00:00:00,2024-03-31 00:00:00,48,10.9,76.7,28.14,65.78,0.66,13.79,1009.91
2024-03-29 00:00:00,2024-03-31 00:00:00,48,10.9,76.9,23.01,53.39,0.0,7.27,1014.09
2024-03-29 00:00:00,2024-03-31 00:00:00,48,10.9,77.1,25.56,74.16,0.0,14.43,1009.49
2024-03-29 00:00:00,2024-03-31 00:00:00,48,11.2,76.7,24.52,65.61,0.0,11.73,1008.09
2024-03-29 00:00:00,2024-03-31 00:00:00,48,11.2,76.9,23.39,58.7,0.0,7.73,1010.46
2024-03-29 00:00:00,2024-03-31 00:00:00,48,11.2,77.1,25.99,60.74,0.0,12.62,1010.53
2024-03-29 00:00:00,2024-04-01 00:00:00,72,10.3,76.7,17.71,51.58,0.0,15.41,1013.34
2024-03-29 00:00:00,2024-04-01 00:00:00,72,10.3,76.9,27.18,50.02,0.0,16.66,1011.38
2024-03-29 00:00:00,2024-04-01 00:00:00,72,10.3,77.1,26.76,73.01,0.0,5.48,1013.88
2024-03-29 00:00:00,2024-04-01 00:00:00,72,10.6,76.7,22.13,72.33,0.0,10.29,1011.65
2024-03-29 00:00:00,2024-04-01 00:00:00,72,10.6,76.9,22.24,66.4,0.0,21.26,1011.25
2024-03-29 00:00:00,2024-04-01 00:00:00,72,10.6,77.1,22.67,59.21,0.0,17.34,1010.14
2024-03-29 00:00:00,2024-04-01 00:00:00,72,10.9,76.7,26.81,59.42,0.0,11.48,1012.28
2024-03-29 00:00:00,2024-04-01 00:00:00,72,10.9,76.9,27.67,66.77,0.0,13.38,1009.99
2024-03-29 00:00:00,2024-04-01 00:00:00,72,10.9,77.1,23.52,68.76,0.0,8.67,1011.2
2024-03-29 00:00:00,2024-04-01 00:00:00,72,11.2,76.7,25.54,64.25,0.0,13.82,1010.77
2024-03-29 00:00:00,2024-04-01 00:00:00,72,11.2,76.9,23.03,71.01,0.0,15.99,1011.48
2024-03-29 00:00:00,2024-04-01 00:00:00,72,11.2,77.1,24.52,59.03,0.0,10.74,1011.39
2024-03-30 00:00:00,2024-03-31 00:00:00,24,10.3,76.7,24.42,63.17,0.0,11.74,1011.16
2024-03-30 00:00:00,2024-03-31 00:00:00,24,10.3,76.9,23.03,71.89,0.0,13.63,1014.67
2024-03-30 00:00:00,2024-03-31 00:00:00,24,10.3,77.1,22.65,69.92,0.0,12.24,1010.31
2024-03-30 00:00:00,2024-03-31 00:00:00,24,10.6,76.7,26.0,59.17,0.0,5.72,1010.93
2024-03-30 00:00:00,2024-03-31 00:00:00,24,10.6,76.9,21.99,67.09,0.0,9.67,1011.09
2024-03-30 00:00:00,2024-03-31 00:00:00,24,10.6,77.1,25.15,64.64,0.0,17.17,1010.25
2024-03-30 00:00:00,2024-03-31 00:00:00,24,10.9,76.7,21.16,62.71,0.0,7.63,1010.4
2024-03-30 00:00:00,2024-03-31 00:00:00,24,10.9,76.9,25.9,66.08,0.0,12.3,1009.66
2024-03-30 00:00:00,2024-03-31 00:00:00,24,10.9,77.1,25.64,55.71,0.0,17.15,1011.13
2024-03-30 00:00:00,2024-03-31 00:00:00,24,11.2,76.7,26.44,46.25,0.0,13.85,1009.96
2024-03-30 00:00:00,2024-03-31 00:00:00,24,11.2,76.9,23.31,68.45,0.0,12.33,1010.76
2024-03-30 00:00:00,2024-03-31 00:00:00,24,11.2,77.1,22.74,69.91,0.0,18.62,1007.37
2024-03-30 00:00:00,2024-04-01 00:00:00,48,10.3,76.7,25.35,79.11,0.0,9.83,1011.68
2024-03-30 00:00:00,2024-04-01 00:00:00,48,10.3,76.9,23.29,54.64,0.0,13.05,1010.96
2024-03-30 00:00:00,2024-04-01 00:00:00,48,10.3,77.1,27.75,64.32,0.0,13.51,1012.37
2024-03-30 00:00:00,2024-04-01 00:00:00,48,10.6,76.7,22.83,70.88,0.0,10.32,1009.11
2024-03-30 00:00:00,2024-04-01 00:00:00,48,10.6,76.9,22.53,69.03,0.0,17.06,1012.69
2024-03-30 00:00:00,2024-04-01 00:00:00,48,10.6,77.1,21.01,58.9,8.67,13.57,1010.5
2024-03-30 00:00:00,2024-04-01 00:00:00,48,10.9,76.7,26.22,68.8,0.0,12.91,1009.81
2024-03-30 00:00:00,2024-04-01 00:00:00,48,10.9,76.9,22.11,72.72,0.0,14.51,1007.18
2024-03-30 00:00:00,2024-04-01 00:00:00,48,10.9,77.1,22.97,62.07,0.0,6.34,1011.02
2024-03-30 00:00:00,2024-04-01 00:00:00,48,11.2,76.7,25.94,62.21,0.0,12.8,1009.12
2024-03-30 00:00:00,2024-04-01 00:00:00,48,11.2,76.9,27.64,63.7,0.0,16.3,1008.89
2024-03-30 00:00:00,2024-04-01 00:00:00,48,11.2,77.1,25.39,59.74,0.0,11.69,1007.71
2024-03-30 00:00:00,2024-04-02 00:00:00,72,10.3,76.7,24.08,68.01,0.0,12.26,1011.04
2024-03-30 00:00:00,2024-04-02 00:00:00,72,10.3,76.9,29.93,56.99,0.0,10.74,1010.49
2024-03-30 00:00:00,2024-04-02 00:00:00,72,10.3,77.1,24.73,52.19,0.0,14.43,1012.96
2024-03-30 00:00:00,2024-04-02 00:00:00,72,10.6,76.7,22.9,81.45,0.0,14.83,1011.74
2024-03-30 00:00:00,2024-04-02 00:00:00,72,10.6,76.9,24.17,73.53,0.0,13.04,1010.1
2024-03-30 00:00:00,2024-04-02 00:00:00,72,10.6,77.1,26.58,68.81,0.0,17.46,1011.29
2024-03-30 00:00:00,2024-04-02 00:00:00,72,10.9,76.7,24.17,60.82,3.01,18.6,1011.63
2024-03-30 00:00:00,2024-04-02 00:00:00,72,10.9,76.9,26.08,75.52,0.0,14.84,1010.2
2024-03-30 00:00:00,2024-04-02 00:00:00,72,10.9,77.1,22.49,69.0,0.0,11.35,1009.98
2024-03-30 00:00:00,2024-04-02 00:00:00,72,11.2,76.7,27.31,50.56,0.0,19.2,1008.73
2024-03-30 00:00:00,2024-04-02 00:00:00,72,11.2,76.9,26.4,62.07,0.0,17.68,1007.82
2024-03-30 00:00:00,2024-04-02 00:00:00,72,11.2,77.1,25.2,61.22,0.0,6.12,1010.72
2024-03-31 00:00:00,2024-04-01 00:00:00,24,10.3,76.7,24.65,71.71,0.0,19.5,1009.98
2024-03-31 00:00:00,2024-04-01 00:00:00,24,10.3,76.9,23.87,66.97,0.0,9.44,1011.25
2024-03-31 00:00:00,2024-04-01 00:00:00,24,10.3,77.1,23.78,58.98,0.0,19.92,1010.31
2024-03-31 00:00:00,2024-04-01 00:00:00,24,10.6,76.7,26.36,65.0,0.0,18.05,1012.8
2024-03-31 00:00:00,2024-04-01 00:00:00,24,10.6,76.9,23.79,77.4,0.0,10.93,1011.89
2024-03-31 00:00:00,2024-04-01 00:00:00,24,10.6,77.1,23.55,72.86,0.0,18.16,1011.01
2024-03-31 00:00:00,2024-04-01 00:00:00,24,10.9,76.7,24.24,67.39,0.0,13.43,1011.81
2024-03-31 00:00:00,2024-04-01 00:00:00,24,10.9,76.9,25.45,76.85,0.0,15.1,1009.41
2024-03-31 00:00:00,2024-04-01 00:00:00,24,10.9,77.1,25.46,66.24,0.0,16.39,1009.56
2024-03-31 00:00:00,2024-04-01 00:00:00,24,11.2,76.7,26.37,73.44,0.0,21.17,1009.46
2024-03-31 00:00:00,2024-04-01 00:00:00,24,11.2,76.9,23.21,59.61,0.0,12.96,1011.61
2024-03-31 00:00:00,2024-04-01 00:00:00,24,11.2,77.1,22.58,70.54,0.0,19.05,1011.26
2024-03-31 00:00:00,2024-04-02 00:00:00,48,10.3,76.7,23.7,45.46,0.0,17.85,1012.09
2024-03-31 00:00:00,2024-04-02 00:00:00,48,10.3,76.9,20.89,72.17,0.0,15.98,1009.9
2024-03-31 00:00:00,2024-04-02 00:00:00,48,10.3,77.1,26.31,62.11,0.0,10.0,1011.25
2024-03-31 00:00:00,2024-04-02 00:00:00,48,10.6,76.7,22.03,68.25,0.0,13.8,1009.94
2024-03-31 00:00:00,2024-04-02 00:00:00,48,10.6,76.9,24.29,64.7,10.45,9.0,1008.51
2024-03-31 00:00:00,2024-04-02 00:00:00,48,10.6,77.1,27.63,57.37,0.0,13.63,1011.31
2024-03-31 00:00:00,2024-04-02 00:00:00,48,10.9,76.7,26.39,72.43,0.0,20.97,1012.14
2024-03-31 00:00:00,2024-04-02 00:00:00,48,10.9,76.9,23.18,67.15,0.0,7.36,1011.52
2024-03-31 00:00:00,2024-04-02 00:00:00,48,10.9,77.1,23.59,65.11,0.0,12.7,1009.77
2024-03-31 00:00:00,2024-04-02 00:00:00,48,11.2,76.7,19.89,69.27,0.0,14.47,1009.42
2024-03-31 00:00:00,2024-04-02 00:00:00,48,11.2,76.9,19.53,82.16,0.0,10.64,1008.86
2024-03-31 00:00:00,2024-04-02 00:00:00,48,11.2,77.1,27.6,57.04,0.0,11.78,1007.3
2024-03-31 00:00:00,2024-04-03 00:00:00,72,10.3,76.7,21.33,60.04,0.0,20.09,1011.99
2024-03-31 00:00:00,2024-04-03 00:00:00,72,10.3,76.9,21.36,52.39,0.0,15.96,1013.87
2024-03-31 00:00:00,2024-04-03 00:00:00,72,10.3,77.1,25.44,75.69,0.0,6.19,1011.93
2024-03-31 00:00:00,2024-04-03 00:00:00,72,10.6,76.7,26.5,70.25,0.0,16.19,1011.01
2024-03-31 00:00:00,2024-04-03 00:00:00,72,10.6,76.9,25.19,49.95,0.0,12.86,1008.22
2024-03-31 00:00:00,2024-04-03 00:00:00,72,10.6,77.1,27.44,54.52,0.0,17.46,1011.85
2024-03-31 00:00:00,2024-04-03 00:00:00,72,10.9,76.7,25.67,58.81,0.0,13.1,1008.21
2024-03-31 00:00:00,2024-04-03 00:00:00,72,10.9,76.9,26.93,66.83,0.0,14.85,1008.72
2024-03-31 00:00:00,2024-04-03 00:00:00,72,10.9,77.1,21.43,66.1,10.78,15.99,1009.3
2024-03-31 00:00:00,2024-04-03 00:00:00,72,11.2,76.7,22.11,60.88,0.0,17.75,1008.29
2024-03-31 00:00:00,2024-04-03 00:00:00,72,11.2,76.9,21.49,54.81,0.0,18.68,1007.72
2024-03-31 00:00:00,2024-04-03 00:00:00,72,11.2,77.1,21.25,68.37,0.0,16.23,1007.22
2024-04-01 00:00:00,2024-04-02 00:00:00,24,10.3,76.7,24.86,67.83,0.0,15.96,1011.31
2024-04-01 00:00:00,2024-04-02 00:00:00,24,10.3,76.9,23.63,65.63,2.44,16.0,1012.08
2024-04-01 00:00:00,2024-04-02 00:00:00,24,10.3,77.1,24.43,59.45,0.0,11.88,1010.26
2024-04-01 00:00:00,2024-04-02 00:00:00,24,10.6,76.7,26.46,67.05,0.0,6.66,1009.06
2024-04-01 00:00:00,2024-04-02 00:00:00,24,10.6,76.9,25.38,65.29,0.0,11.81,1012.16
2024-04-01 00:00:00,2024-04-02 00:00:00,24,10.6,77.1,23.55,78.6,0.0,10.77,1012.2
2024-04-01 00:00:00,2024-04-02 00:00:00,24,10.9,76.7,21.78,66.28,0.0,13.41,1010.13
2024-04-01 00:00:00,2024-04-02 00:00:00,24,10.9,76.9,21.77,55.95,0.0,12.44,1012.43
2024-04-01 00:00:00,2024-04-02 00:00:00,24,10.9,77.1,24.45,73.48,0.0,10.98,1009.8
2024-04-01 00:00:00,2024-04-02 00:00:00,24,11.2,76.7,24.28,73.58,0.0,18.06,1010.19
2024-04-01 00:00:00,2024-04-02 00:00:00,24,11.2,76.9,21.81,57.02,0.0,16.54,1009.85
2024-04-01 00:00:00,2024-04-02 00:00:00,24,11.2,77.1,24.24,76.71,16.54,16.03,1009.03
2024-04-01 00:00:00,2024-04-03 00:00:00,48,10.3,76.7,26.94,69.44,0.0,17.73,1010.05
2024-04-01 00:00:00,2024-04-03 00:00:00,48,10.3,76.9,25.51,75.13,0.0,13.6,1012.65
2024-04-01 00:00:00,2024-04-03 00:00:00,48,10.3,77.1,25.89,63.05,0.0,16.09,1010.35
2024-04-01 00:00:00,2024-04-03 00:00:00,48,10.6,76.7,23.41,60.3,0.0,11.43,1009.62
2024-04-01 00:00:00,2024-04-03 00:00:00,48,10.6,76.9,22.96,73.9,0.0,9.78,1009.52
2024-04-01 00:00:00,2024-04-03 00:00:00,48,10.6,77.1,24.82,57.52,0.24,14.61,1011.77
2024-04-01 00:00:00,2024-04-03 00:00:00,48,10.9,76.7,24.53,69.78,0.0,7.91,1010.79
2024-04-01 00:00:00,2024-04-03 00:00:00,48,10.9,76.9,24.81,68.72,1.66,14.96,1012.9
2024-04-01 00:00:00,2024-04-03 00:00:00,48,10.9,77.1,23.56,67.57,0.0,17.4,1010.06
2024-04-01 00:00:00,2024-04-03 00:00:00,48,11.2,76.7,23.62,55.17,0.0,13.39,1011.15
2024-04-01 00:00:00,2024-04-03 00:00:00,48,11.2,76.9,24.72,66.12,0.0,14.14,1010.92
2024-04-01 00:00:00,2024-04-03 00:00:00,48,11.2,77.1,26.21,54.99,0.0,9.2,1011.23
2024-04-01 00:00:00,2024-04-04 00:00:00,72,10.3,76.7,24.88,70.77,0.0,11.33,1013.13
2024-04-01 00:00:00,2024-04-04 00:00:00,72,10.3,76.9,24.03,78.39,0.0,13.56,1010.53
2024-04-01 00:00:00,2024-04-04 00:00:00,72,10.3,77.1,22.63,59.94,0.0,7.81,1014.8
2024-04-01 00:00:00,2024-04-04 00:00:00,72,10.6,76.7,27.25,83.06,0.2,18.3,1009.98
2024-04-01 00:00:00,2024-04-04 00:00:00,72,10.6,76.9,27.12,64.18,0.0,12.63,1007.86
2024-04-01 00:00:00,2024-04-04 00:00:00,72,10.6,77.1,23.84,64.22,0.0,15.07,1011.46
2024-04-01 00:00:00,2024-04-04 00:00:00,72,10.9,76.7,24.42,74.3,0.0,12.66,1011.64
2024-04-01 00:00:00,2024-04-04 00:00:00,72,10.9,76.9,24.22,68.84,0.0,14.28,1011.03
2024-04-01 00:00:00,2024-04-04 00:00:00,72,10.9,77.1,24.56,60.2,0.0,14.8,1009.03
2024-04-01 00:00:00,2024-04-04 00:00:00,72,11.2,76.7,28.15,75.33,0.0,21.7,1009.91
2024-04-01 00:00:00,2024-04-04 00:00:00,72,11.2,76.9,26.06,46.7,0.0,8.46,1011.15
2024-04-01 00:00:00,2024-04-04 00:00:00,72,11.2,77.1,25.45,61.03,0.0,18.6,1011.88
2024-04-02 00:00:00,2024-04-03 00:00:00,24,10.3,76.7,24.07,84.1,0.0,19.3,1011.04
2024-04-02 00:00:00,2024-04-03 00:00:00,24,10.3,76.9,22.89,61.39,0.0,18.26,1011.04
2024-04-02 00:00:00,2024-04-03 00:00:00,24,10.3,77.1,26.07,56.44,0.0,14.97,1011.93
2024-04-02 00:00:00,2024-04-03 00:00:00,24,10.6,76.7,21.43,61.57,0.0,16.57,1009.22
2024-04-02 00:00:00,2024-04-03 00:00:00,24,10.6,76.9,22.17,64.91,0.0,16.63,1009.56
2024-04-02 00:00:00,2024-04-03 00:00:00,24,10.6,77.1,23.19,76.69,0.0,17.25,1011.8
2024-04-02 00:00:00,2024-04-03 00:00:00,24,10.9,76.7,26.25,52.33,10.92,13.14,1008.5
2024-04-02 00:00:00,2024-04-03 00:00:00,24,10.9,76.9,24.54,51.74,0.0,14.28,1009.0
2024-04-02 00:00:00,2024-04-03 00:00:00,24,10.9,77.1,24.11,73.43,0.0,10.32,1007.62
2024-04-02 00:00:00,2024-04-03 00:00:00,24,11.2,76.7,25.2,58.32,0.0,12.4,1010.05
2024-04-02 00:00:00,2024-04-03 00:00:00,24,11.2,76.9,27.4,65.53,0.0,14.3,1008.44
2024-04-02 00:00:00,2024-04-03 00:00:00,24,11.2,77.1,24.19,59.17,0.0,15.23,1005.61
2024-04-02 00:00:00,2024-04-04 00:00:00,48,10.3,76.7,27.8,67.78,0.0,12.11,1013.71
2024-04-02 00:00:00,2024-04-04 00:00:00,48,10.3,76.9,21.19,63.95,0.0,16.46,1011.58
2024-04-02 00:00:00,2024-04-04 00:00:00,48,10.3,77.1,25.93,67.99,0.0,12.57,1011.74
2024-04-02 00:00:00,2024-04-04 00:00:00,48,10.6,76.7,25.81,70.74,0.0,16.83,1011.68
2024-04-02 00:00:00,2024-04-04 00:00:00,48,10.6,76.9,25.47,62.75,0.0,12.25,1011.75
2024-04-02 00:00:00,2024-04-04 00:00:00,48,10.6,77.1,21.7,60.98,0.0,11.7,1009.87
2024-04-02 00:00:00,2024-04-04 00:00:00,48,10.9,76.7,24.25,64.85,4.16,14.52,1009.53
2024-04-02 00:00:00,2024-04-04 00:00:00,48,10.9,76.9,25.11,64.57,0.0,12.81,1008.37
2024-04-02 00:00:00,2024-04-04 00:00:00,48,10.9,77.1,24.55,66.49,0.0,12.85,1007.6
2024-04-02 00:00:00,2024-04-04 00:00:00,48,11.2,76.7,25.44,69.16,0.0,17.68,1007.3
2024-04-02 00:00:00,2024-04-04 00:00:00,48,11.2,76.9,25.39,71.95,0.0,16.84,1007.96
2024-04-02 00:00:00,2024-04-04 00:00:00,48,11.2,77.1,25.32,73.68,0.85,17.23,1010.33
2024-04-02 00:00:00,2024-04-05 00:00:00,72,10.3,76.7,27.17,67.47,0.0,13.38,1012.49
2024-04-02 00:00:00,2024-04-05 00:00:00,72,10.3,76.9,26.04,65.89,0.0,12.06,1012.93
2024-04-02 00:00:00,2024-04-05 00:00:00,72,10.3,77.1,26.86,51.07,0.0,11.4,1009.96
2024-04-02 00:00:00,2024-04-05 00:00:00,72,10.6,76.7,21.8,58.26,0.0,10.55,1010.52
2024-04-02 00:00:00,2024-04-05 00:00:00,72,10.6,76.9,26.78,69.68,0.0,14.35,1011.7
2024-04-02 00:00:00,2024-04-05 00:00:00,72,10.6,77.1,25.22,61.58,0.0,18.24,1009.6
2024-04-02 00:00:00,2024-04-05 00:00:00,72,10.9,76.7,26.62,55.36,0.0,14.37,1008.17
2024-04-02 00:00:00,2024-04-05 00:00:00,72,10.9,76.9,24.36,61.38,0.0,12.0,1012.73
2024-04-02 00:00:00,2024-04-05 00:00:00,72,10.9,77.1,27.64,56.73,0.0,14.09,1012.2
2024-04-02 00:00:00,2024-04-05 00:00:00,72,11.2,76.7,24.47,47.46,0.0,12.91,1009.46
2024-04-02 00:00:00,2024-04-05 00:00:00,72,11.2,76.9,22.82,64.48,0.0,14.32,1008.73
2024-04-02 00:00:00,2024-04-05 00:00:00,72,11.2,77.1,23.28,75.72,0.0,14.26,1010.84
2024-04-03 00:00:00,2024-04-04 00:00:00,24,10.3,76.7,25.78,66.23,0.0,16.27,1011.41
2024-04-03 00:00:00,2024-04-04 00:00:00,24,10.3,76.9,20.86,74.26,4.79,16.75,1007.15
2024-04-03 00:00:00,2024-04-04 00:00:00,24,10.3,77.1,24.32,54.01,0.0,10.44,1012.16
2024-04-03 00:00:00,2024-04-04 00:00:00,24,10.6,76.7,25.87,56.58,0.0,16.82,1011.18
2024-04-03 00:00:00,2024-04-04 00:00:00,24,10.6,76.9,23.49,75.37,1.16,12.77,1010.6
2024-04-03 00:00:00,2024-04-04 00:00:00,24,10.6,77.1,23.67,74.81,0.0,11.53,1013.71
2024-04-03 00:00:00,2024-04-04 00:00:00,24,10.9,76.7,25.54,69.93,0.0,8.1,1012.87
2024-04-03 00:00:00,2024-04-04 00:00:00,24,10.9,76.9,21.51,79.11,0.0,18.57,1010.3
2024-04-03 00:00:00,2024-04-04 00:00:00,24,10.9,77.1,23.56,66.35,0.0,15.98,1008.92
2024-04-03 00:00:00,2024-04-04 00:00:00,24,11.2,76.7,24.58,57.92,0.0,12.97,1008.81
2024-04-03 00:00:00,2024-04-04 00:00:00,24,11.2,76.9,24.8,54.93,0.0,13.66,1013.66
2024-04-03 00:00:00,2024-04-04 00:00:00,24,11.2,77.1,26.7,76.19,0.0,8.64,1010.34
2024-04-03 00:00:00,2024-04-05 00:00:00,48,10.3,76.7,24.71,76.11,0.0,7.39,1011.13
2024-04-03 00:00:00,2024-04-05 00:00:00,48,10.3,76.9,25.57,75.73,0.0,16.71,1009.58
2024-04-03 00:00:00,2024-04-05 00:00:00,48,10.3,77.1,26.21,62.13,0.0,11.32,1012.77
2024-04-03 00:00:00,2024-04-05 00:00:00,48,10.6,76.7,24.05,70.2,0.0,6.45,1010.65
2024-04-03 00:00:00,2024-04-05 00:00:00,48,10.6,76.9,24.43,66.21,0.0,13.75,1008.48
2024-04-03 00:00:00,2024-04-05 00:00:00,48,10.6,77.1,26.22,77.13,0.0,19.85,1010.37
2024-04-03 00:00:00,2024-04-05 00:00:00,48,10.9,76.7,23.44,54.71,0.0,14.43,1009.77
2024-04-03 00:00:00,2024-04-05 00:00:00,48,10.9,76.9,24.14,67.28,0.0,19.66,1010.62
2024-04-03 00:00:00,2024-04-05 00:00:00,48,10.9,77.1,23.18,80.88,11.25,15.11,1008.68
2024-04-03 00:00:00,2024-04-05 00:00:00,48,11.2,76.7,26.37,56.91,0.0,14.07,1009.79
2024-04-03 00:00:00,2024-04-05 00:00:00,48,11.2,76.9,24.15,64.78,0.0,19.14,1010.35
2024-04-03 00:00:00,2024-04-05 00:00:00,48,11.2,77.1,28.43,67.77,0.0,21.55,1009.28
2024-04-03 00:00:00,2024-04-06 00:00:00,72,10.3,76.7,24.98,83.49,0.0,14.04,1013.6
2024-04-03 00:00:00,2024-04-06 00:00:00,72,10.3,76.9,23.85,67.12,0.0,10.49,1009.38
2024-04-03 00:00:00,2024-04-06 00:00:00,72,10.3,77.1,25.46,78.33,0.0,13.1,1011.3
2024-04-03 00:00:00,2024-04-06 00:00:00,72,10.6,76.7,26.09,80.83,0.0,16.93,1009.63
2024-04-03 00:00:00,2024-04-06 00:00:00,72,10.6,76.9,29.5,67.24,4.75,19.35,1011.66
2024-04-03 00:00:00,2024-04-06 00:00:00,72,10.6,77.1,26.93,69.64,0.0,16.14,1011.19
2024-04-03 00:00:00,2024-04-06 00:00:00,72,10.9,76.7,21.48,65.76,0.0,17.39,1011.31
2024-04-03 00:00:00,2024-04-06 00:00:00,72,10.9,76.9,21.09,55.6,0.0,15.14,1009.63
2024-04-03 00:00:00,2024-04-06 00:00:00,72,10.9,77.1,26.69,74.48,0.0,18.05,1010.53
2024-04-03 00:00:00,2024-04-06 00:00:00,72,11.2,76.7,24.23,63.88,0.0,9.44,1009.25
2024-04-03 00:00:00,2024-04-06 00:00:00,72,11.2,76.9,26.55,74.83,0.0,14.45,1010.95
2024-04-03 00:00:00,2024-04-06 00:00:00,72,11.2,77.1,22.22,63.92,25.0,14.11,1010.64
2024-04-04 00:00:00,2024-04-05 00:00:00,24,10.3,76.7,23.89,55.26,0.0,13.19,1008.74
2024-04-04 00:00:00,2024-04-05 00:00:00,24,10.3,76.9,24.51,69.59,0.0,12.37,1011.04
2024-04-04 00:00:00,2024-04-05 00:00:00,24,10.3,77.1,23.72,76.11,0.0,11.44,1014.23
2024-04-04 00:00:00,2024-04-05 00:00:00,24,10.6,76.7,27.39,61.59,0.0,14.56,1008.88
2024-04-04 00:00:00,2024-04-05 00:00:00,24,10.6,76.9,22.32,69.13,0.0,9.51,1009.97
2024-04-04 00:00:00,2024-04-05 00:00:00,24,10.6,77.1,24.07,71.96,0.0,12.56,1010.74
2024-04-04 00:00:00,2024-04-05 00:00:00,24,10.9,76.7,26.1,75.84,0.0,7.15,1010.37
2024-04-04 00:00:00,2024-04-05 00:00:00,24,10.9,76.9,24.48,65.4,0.0,17.97,1011.96
2024-04-04 00:00:00,2024-04-05 00:00:00,24,10.9,77.1,24.59,68.14,0.0,18.04,1011.92
2024-04-04 00:00:00,2024-04-05 00:00:00,24,11.2,76.7,23.57,53.99,0.0,20.67,1010.09
2024-04-04 00:00:00,2024-04-05 00:00:00,24,11.2,76.9,25.02,67.72,0.0,17.91,1008.87
2024-04-04 00:00:00,2024-04-05 00:00:00,24,11.2,77.1,26.47,85.5,0.0,15.25,1006.16
2024-04-04 00:00:00,2024-04-06 00:00:00,48,10.3,76.7,25.2,72.38,0.0,18.52,1010.58
2024-04-04 00:00:00,2024-04-06 00:00:00,48,10.3,76.9,23.49,56.56,0.0,16.3,1010.71
2024-04-04 00:00:00,2024-04-06 00:00:00,48,10.3,77.1,23.72,55.63,0.0,22.31,1011.26
2024-04-04 00:00:00,2024-04-06 00:00:00,48,10.6,76.7,27.56,73.64,7.27,7.78,1012.05
2024-04-04 00:00:00,2024-04-06 00:00:00,48,10.6,76.9,21.88,48.52,0.0,9.95,1011.9
2024-04-04 00:00:00,2024-04-06 00:00:00,48,10.6,77.1,27.35,74.33,0.0,9.74,1012.13
2024-04-04 00:00:00,2024-04-06 00:00:00,48,10.9,76.7,25.91,62.5,0.0,11.09,1008.92
2024-04-04 00:00:00,2024-04-06 00:00:00,48,10.9,76.9,22.71,61.4,0.0,15.78,1010.94
2024-04-04 00:00:00,2024-04-06 00:00:00,48,10.9,77.1,28.13,54.48,0.0,15.41,1010.52
2024-04-04 00:00:00,2024-04-06 00:00:00,48,11.2,76.7,25.69,69.16,0.0,14.77,1008.88
2024-04-04 00:00:00,2024-04-06 00:00:00,48,11.2,76.9,27.36,66.95,0.0,9.63,1007.56
2024-04-04 00:00:00,2024-04-06 00:00:00,48,11.2,77.1,25.45,68.64,0.0,8.81,1009.62
2024-04-04 00:00:00,2024-04-07 00:00:00,72,10.3,76.7,24.73,59.59,0.0,10.37,1012.81
2024-04-04 00:00:00,2024-04-07 00:00:00,72,10.3,76.9,26.22,75.53,0.0,10.97,1014.33
2024-04-04 00:00:00,2024-04-07 00:00:00,72,10.3,77.1,24.6,55.68,0.0,17.02,1010.66
2024-04-04 00:00:00,2024-04-07 00:00:00,72,10.6,76.7,23.0,60.63,0.0,11.12,1010.74
2024-04-04 00:00:00,2024-04-07 00:00:00,72,10.6,76.9,28.62,55.93,0.0,17.29,1011.06
2024-04-04 00:00:00,2024-04-07 00:00:00,72,10.6,77.1,24.93,66.04,0.0,17.93,1010.8
2024-04-04 00:00:00,2024-04-07 00:00:00,72,10.9,76.7,18.22,49.72,0.0,10.32,1009.86
2024-04-04 00:00:00,2024-04-07 00:00:00,72,10.9,76.9,25.53,69.62,0.0,18.42,1010.15
2024-04-04 00:00:00,2024-04-07 00:00:00,72,10.9,77.1,25.89,69.18,0.0,14.38,1008.13
2024-04-04 00:00:00,2024-04-07 00:00:00,72,11.2,76.7,20.43,57.52,0.0,15.22,1009.93
2024-04-04 00:00:00,2024-04-07 00:00:00,72,11.2,76.9,23.5,58.09,0.0,18.22,1009.45
2024-04-04 00:00:00,2024-04-07 00:00:00,72,11.2,77.1,24.12,66.05,0.0,10.39,1010.35
2024-04-05 00:00:00,2024-04-06 00:00:00,24,10.3,76.7,25.98,59.49,0.0,8.47,1010.31
2024-04-05 00:00:00,2024-04-06 00:00:00,24,10.3,76.9,23.77,65.62,0.0,17.01,1010.74
2024-04-05 00:00:00,2024-04-06 00:00:00,24,10.3,77.1,24.15,66.22,0.0,19.93,1010.69
2024-04-05 00:00:00,2024-04-06 00:00:00,24,10.6,76.7,25.5,58.99,0.0,14.97,1009.83
2024-04-05 00:00:00,2024-04-06 00:00:00,24,10.6,76.9,22.95,60.93,0.0,13.93,1008.66
2024-04-05 00:00:00,2024-04-06 00:00:00,24,10.6,77.1,22.58,62.28,0.0,14.77,1009.1
2024-04-05 00:00:00,2024-04-06 00:00:00,24,10.9,76.7,23.27,85.62,0.0,11.99,1009.67
2024-04-05 00:00:00,2024-04-06 00:00:00,24,10.9,76.9,26.26,57.67,0.0,12.04,1011.66
2024-04-05 00:00:00,2024-04-06 00:00:00,24,10.9,77.1,25.56,63.42,0.0,17.93,1009.74
2024-04-05 00:00:00,2024-04-06 00:00:00,24,11.2,76.7,21.57,76.48,0.0,11.37,1006.48
2024-04-05 00:00:00,2024-04-06 00:00:00,24,11.2,76.9,26.33,67.69,0.0,5.93,1011.58
2024-04-05 00:00:00,2024-04-06 00:00:00,24,11.2,77.1,25.67,60.83,0.0,10.33,1008.77
2024-04-05 00:00:00,2024-04-07 00:00:00,48,10.3,76.7,26.38,60.24,0.0,13.33,1010.77
2024-04-05 00:00:00,2024-04-07 00:00:00,48,10.3,76.9,24.08,69.37,0.0,9.66,1009.67
2024-04-05 00:00:00,2024-04-07 00:00:00,48,10.3,77.1,26.7,62.72,2.27,10.24,1010.95
2024-04-05 00:00:00,2024-04-07 00:00:00,48,10.6,76.7,22.85,68.03,0.0,10.79,1014.33
2024-04-05 00:00:00,2024-04-07 00:00:00,48,10.6,76.9,27.13,68.33,0.0,20.3,1010.24
2024-04-05 00:00:00,2024-04-07 00:00:00,48,10.6,77.1,22.71,75.98,0.0,13.62,1009.71
2024-04-05 00:00:00,2024-04-07 00:00:00,48,10.9,76.7,21.64,56.47,0.0,8.97,1010.16
2024-04-05 00:00:00,2024-04-07 00:00:00,48,10.9,76.9,22.99,62.35,0.0,12.76,1010.47
2024-04-05 00:00:00,2024-04-07 00:00:00,48,10.9,77.1,26.27,62.23,0.0,17.36,1010.47
2024-04-05 00:00:00,2024-04-07 00:00:00,48,11.2,76.7,24.66,66.23,0.0,15.86,1009.67
2024-04-05 00:00:00,2024-04-07 00:00:00,48,11.2,76.9,22.77,68.9,0.0,21.48,1008.11
2024-04-05 00:00:00,2024-04-07 00:00:00,48,11.2,77.1,23.07,77.1,0.0,11.21,1011.51
2024-04-05 00:00:00,2024-04-08 00:00:00,72,10.3,76.7,28.64,58.26,0.64,15.13,1010.53
2024-04-05 00:00:00,2024-04-08 00:00:00,72,10.3,76.9,28.33,71.99,0.0,15.68,1008.11
2024-04-05 00:00:00,2024-04-08 00:00:00,72,10.3,77.1,23.82,43.6,0.0,19.9,1008.89
2024-04-05 00:00:00,2024-04-08 00:00:00,72,10.6,76.7,25.04,67.69,0.93,13.61,1009.05
2024-04-05 00:00:00,2024-04-08 00:00:00,72,10.6,76.9,27.53,60.0,0.0,15.97,1012.72
2024-04-05 00:00:00,2024-04-08 00:00:00,72,10.6,77.1,28.62,64.4,0.0,12.91,1008.15
2024-04-05 00:00:00,2024-04-08 00:00:00,72,10.9,76.7,25.96,71.42,0.0,9.72,1008.35
2024-04-05 00:00:00,2024-04-08 00:00:00,72,10.9,76.9,27.14,60.43,0.0,16.63,1006.82
2024-04-05 00:00:00,2024-04-08 00:00:00,72,10.9,77.1,21.44,62.92,0.0,8.89,1007.33
2024-04-05 00:00:00,2024-04-08 00:00:00,72,11.2,76.7,24.82,66.94,0.0,14.19,1010.18
2024-04-05 00:00:00,2024-04-08 00:00:00,72,11.2,76.9,25.97,78.87,0.0,15.72,1009.22
2024-04-05 00:00:00,2024-04-08 00:00:00,72,11.2,77.1,31.22,59.25,0.0,14.24,1008.13
2024-04-06 00:00:00,2024-04-07 00:00:00,24,10.3,76.7,27.66,56.61,0.0,18.32,1013.14
2024-04-06 00:00:00,2024-04-07 00:00:00,24,10.3,76.9,22.26,54.88,0.0,11.5,1012.97
2024-04-06 00:00:00,2024-04-07 00:00:00,24,10.3,77.1,22.77,66.56,0.0,11.43,1011.18
2024-04-06 00:00:00,2024-04-07 00:00:00,24,10.6,76.7,24.55,53.79,0.0,13.1,1011.35
2024-04-06 00:00:00,2024-04-07 00:00:00,24,10.6,76.9,24.1,57.38,0.0,14.91,1010.26
2024-04-06 00:00:00,2024-04-07 00:00:00,24,10.6,77.1,22.9,46.8,0.0,14.24,1009.12
2024-04-06 00:00:00,2024-04-07 00:00:00,24,10.9,76.7,26.16,56.26,0.0,10.31,1011.09
2024-04-06 00:00:00,2024-04-07 00:00:00,24,10.9,76.9,25.59,69.86,0.0,13.96,1011.11
2024-04-06 00:00:00,2024-04-07 00:00:00,24,10.9,77.1,22.65,52.29,0.0,11.87,1011.08
2024-04-06 00:00:00,2024-04-07 00:00:00,24,11.2,76.7,20.97,55.04,0.0,8.55,1009.55
2024-04-06 00:00:00,2024-04-07 00:00:00,24,11.2,76.9,21.91,62.38,0.0,11.68,1007.85
2024-04-06 00:00:00,2024-04-07 00:00:00,24,11.2,77.1,23.42,72.86,6.35,13.64,1008.72
2024-04-06 00:00:00,2024-04-08 00:00:00,48,10.3,76.7,23.03,68.7,0.0,10.56,1010.17
2024-04-06 00:00:00,2024-04-08 00:00:00,48,10.3,76.9,23.29,62.71,0.0,21.56,1011.13
2024-04-06 00:00:00,2024-04-08 00:00:00,48,10.3,77.1,24.18,51.24,0.0,11.82,1011.03
2024-04-06 00:00:00,2024-04-08 00:00:00,48,10.6,76.7,24.02,76.42,0.0,15.43,1011.19
2024-04-06 00:00:00,2024-04-08 00:00:00,48,10.6,76.9,23.84,68.97,0.0,13.64,1012.26
2024-04-06 00:00:00,2024-04-08 00:00:00,48,10.6,77.1,22.95,59.9,0.0,14.15,1011.32
2024-04-06 00:00:00,2024-04-08 00:00:00,48,10.9,76.7,25.82,58.98,0.0,14.76,1010.19
2024-04-06 00:00:00,2024-04-08 00:00:00,48,10.9,76.9,25.29,75.0,0.0,11.65,1009.93
2024-04-06 00:00:00,2024-04-08 00:00:00,48,10.9,77.1,23.73,64.1,0.0,10.6,1009.94
2024-04-06 00:00:00,2024-04-08 00:00:00,48,11.2,76.7,23.58,63.21,0.0,11.76,1007.58
2024-04-06 00:00:00,2024-04-08 00:00:00,48,11.2,76.9,25.14,60.44,0.0,15.72,1009.74
2024-04-06 00:00:00,2024-04-08 00:00:00,48,11.2,77.1,23.78,57.46,0.0,11.88,1008.18
2024-04-06 00:00:00,2024-04-09 00:00:00,72,10.3,76.7,27.82,64.18,0.0,11.11,1012.81
2024-04-06 00:00:00,2024-04-09 00:00:00,72,10.3,76.9,23.32,63.19,0.0,19.01,1010.01
2024-04-06 00:00:00,2024-04-09 00:00:00,72,10.3,77.1,24.06,64.94,0.0,15.63,1012.68
2024-04-06 00:00:00,2024-04-09 00:00:00,72,10.6,76.7,26.3,74.58,0.0,9.44,1012.7
2024-04-06 00:00:00,2024-04-09 00:00:00,72,10.6,76.9,25.94,74.44,0.0,14.25,1011.2
2024-04-06 00:00:00,2024-04-09 00:00:00,72,10.6,77.1,25.77,65.01,0.0,15.19,1011.38
2024-04-06 00:00:00,2024-04-09 00:00:00,72,10.9,76.7,20.53,71.32,0.0,15.4,1009.96
2024-04-06 00:00:00,2024-04-09 00:00:00,72,10.9,76.9,27.23,62.83,0.0,14.18,1010.23
2024-04-06 00:00:00,2024-04-09 00:00:00,72,10.9,77.1,21.14,69.73,0.0,12.76,1011.42
2024-04-06 00:00:00,2024-04-09 00:00:00,72,11.2,76.7,23.79,66.61,0.0,15.92,1007.07
2024-04-06 00:00:00,2024-04-09 00:00:00,72,11.2,76.9,30.04,60.99,0.0,21.79,1012.87
2024-04-06 00:00:00,2024-04-09 00:00:00,72,11.2,77.1,24.37,81.04,1.86,13.63,1010.05
2024-04-07 00:00:00,2024-04-08 00:00:00,24,10.3,76.7,22.5,68.1,0.0,13.14,1011.95
2024-04-07 00:00:00,2024-04-08 00:00:00,24,10.3,76.9,25.58,63.85,0.0,12.25,1012.46
2024-04-07 00:00:00,2024-04-08 00:00:00,24,10.3,77.1,24.61,51.36,0.0,14.09,1010.37
2024-04-07 00:00:00,2024-04-08 00:00:00,24,10.6,76.7,23.07,65.91,0.0,20.08,1010.31
2024-04-07 00:00:00,2024-04-08 00:00:00,24,10.6,76.9,24.85,67.79,0.0,18.45,1010.89
2024-04-07 00:00:00,2024-04-08 00:00:00,24,10.6,77.1,25.4,65.86,0.0,14.95,1009.79
2024-04-07 00:00:00,2024-04-08 00:00:00,24,10.9,76.7,24.83,56.37,0.0,12.82,1009.95
2024-04-07 00:00:00,2024-04-08 00:00:00,24,10.9,76.9,26.16,57.78,0.0,15.7,1009.68
2024-04-07 00:00:00,2024-04-08 00:00:00,24,10.9,77.1,23.19,53.55,0.0,10.06,1009.08
2024-04-07 00:00:00,2024-04-08 00:00:00,24,11.2,76.7,23.41,67.32,0.0,15.71,1011.87
2024-04-07 00:00:00,2024-04-08 00:00:00,24,11.2,76.9,22.12,61.61,0.0,15.11,1010.0
2024-04-07 00:00:00,2024-04-08 00:00:00,24,11.2,77.1,25.94,58.02,7.61,8.78,1007.91
2024-04-07 00:00:00,2024-04-09 00:00:00,48,10.3,76.7,20.7,55.16,0.0,14.28,1010.15
2024-04-07 00:00:00,2024-04-09 00:00:00,48,10.3,76.9,25.26,62.6,0.0,9.98,1011.57
2024-04-07 00:00:00,2024-04-09 00:00:00,48,10.3,77.1,28.35,80.4,0.0,14.1,1011.41
2024-04-07 00:00:00,2024-04-09 00:00:00,48,10.6,76.7,25.23,63.64,0.0,11.65,1010.03
2024-04-07 00:00:00,2024-04-09 00:00:00,48,10.6,76.9,23.48,46.28,0.0,8.02,1011.62
2024-04-07 00:00:00,2024-04-09 00:00:00,48,10.6,77.1,24.69,61.16,0.0,15.63,1011.17
2024-04-07 00:00:00,2024-04-09 00:00:00,48,10.9,76.7,26.71,57.78,0.0,13.2,1011.54
2024-04-07 00:00:00,2024-04-09 00:00:00,48,10.9,76.9,25.1,76.82,0.0,16.51,1012.41
2024-04-07 00:00:00,2024-04-09 00:00:00,48,10.9,77.1,22.9,63.4,0.0,10.68,1009.22
2024-04-07 00:00:00,2024-04-09 00:00:00,48,11.2,76.7,25.32,62.79,3.31,19.68,1008.98
2024-04-07 00:00:00,2024-04-09 00:00:00,48,11.2,76.9,24.49,62.21,0.0,13.12,1007.03
2024-04-07 00:00:00,2024-04-09 00:00:00,48,11.2,77.1,24.04,70.98,0.0,24.78,1007.98
2024-04-07 00:00:00,2024-04-10 00:00:00,72,10.3,76.7,20.21,67.81,0.3,12.75,1011.81
2024-04-07 00:00:00,2024-04-10 00:00:00,72,10.3,76.9,26.52,61.83,4.55,11.03,1012.02
2024-04-07 00:00:00,2024-04-10 00:00:00,72,10.3,77.1,24.38,71.23,0.0,11.78,1008.35
2024-04-07 00:00:00,2024-04-10 00:00:00,72,10.6,76.7,22.88,54.04,0.0,10.13,1011.41
2024-04-07 00:00:00,2024-04-10 00:00:00,72,10.6,76.9,28.11,64.95,0.0,7.88,1011.09
2024-04-07 00:00:00,2024-04-10 00:00:00,72,10.6,77.1,23.3,61.33,0.0,10.5,1009.32
2024-04-07 00:00:00,2024-04-10 00:00:00,72,10.9,76.7,27.88,73.74,0.0,11.79,1009.27
2024-04-07 00:00:00,2024-04-10 00:00:00,72,10.9,76.9,25.48,64.92,0.0,11.24,1009.45
2024-04-07 00:00:00,2024-04-10 00:00:00,72,10.9,77.1,23.01,59.56,0.0,5.04,1009.46
2024-04-07 00:00:00,2024-04-10 00:00:00,72,11.2,76.7,21.49,68.89,0.0,14.24,1008.32
2024-04-07 00:00:00,2024-04-10 00:00:00,72,11.2,76.9,29.63,70.47,0.0,13.96,1009.11
2024-04-07 00:00:00,2024-04-10 00:00:00,72,11.2,77.1,23.1,72.67,0.0,4.59,1008.77
2024-04-08 00:00:00,2024-04-09 00:00:00,24,10.3,76.7,22.54,45.92,0.0,14.94,1013.75
2024-04-08 00:00:00,2024-04-09 00:00:00,24,10.3,76.9,25.63,79.73,0.0,16.41,1012.38
2024-04-08 00:00:00,2024-04-09 00:00:00,24,10.3,77.1,26.16,54.57,0.0,12.05,1010.59
2024-04-08 00:00:00,2024-04-09 00:00:00,24,10.6,76.7,24.05,72.45,0.0,16.49,1010.57
2024-04-08 00:00:00,2024-04-09 00:00:00,24,10.6,76.9,25.56,79.58,0.0,12.71,1010.5
2024-04-08 00:00:00,2024-04-09 00:00:00,24,10.6,77.1,23.5,64.21,0.0,18.27,1009.75
2024-04-08 00:00:00,2024-04-09 00:00:00,24,10.9,76.7,21.79,50.23,0.0,22.43,1009.27
2024-04-08 00:00:00,2024-04-09 00:00:00,24,10.9,76.9,25.27,61.91,0.51,19.63,1009.28
2024-04-08 00:00:00,2024-04-09 00:00:00,24,10.9,77.1,23.05,66.76,0.0,18.38,1012.45
2024-04-08 00:00:00,2024-04-09 00:00:00,24,11.2,76.7,24.65,42.09,0.0,15.47,1010.59
2024-04-08 00:00:00,2024-04-09 00:00:00,24,11.2,76.9,27.07,56.91,0.0,14.53,1008.79
2024-04-08 00:00:00,2024-04-09 00:00:00,24,11.2,77.1,22.18,68.33,0.0,18.92,1010.9
2024-04-08 00:00:00,2024-04-10 00:00:00,48,10.3,76.7,25.83,69.75,0.0,12.13,1011.05
2024-04-08 00:00:00,2024-04-10 00:00:00,48,10.3,76.9,26.37,77.65,0.0,14.36,1010.99
2024-04-08 00:00:00,2024-04-10 00:00:00,48,10.3,77.1,23.37,59.02,0.0,12.35,1008.3
2024-04-08 00:00:00,2024-04-10 00:00:00,48,10.6,76.7,23.38,62.91,0.0,14.28,1009.7
2024-04-08 00:00:00,2024-04-10 00:00:00,48,10.6,76.9,24.24,77.47,2.16,14.52,1010.2
2024-04-08 00:00:00,2024-04-10 00:00:00,48,10.6,77.1,25.75,68.07,0.0,13.31,1009.77
2024-04-08 00:00:00,2024-04-10 00:00:00,48,10.9,76.7,28.25,58.91,0.0,11.19,1008.6
2024-04-08 00:00:00,2024-04-10 00:00:00,48,10.9,76.9,27.16,55.21,0.0,13.67,1009.35
2024-04-08 00:00:00,2024-04-10 00:00:00,48,10.9,77.1,25.18,57.96,0.0,22.63,1010.89
2024-04-08 00:00:00,2024-04-10 00:00:00,48,11.2,76.7,24.05,56.57,0.0,10.94,1007.98
2024-04-08 00:00:00,2024-04-10 00:00:00,48,11.2,76.9,22.7,76.43,0.0,15.7,1007.66
2024-04-08 00:00:00,2024-04-10 00:00:00,48,11.2,77.1,24.65,56.39,0.0,10.28,1013.52
2024-04-08 00:00:00,2024-04-11 00:00:00,72,10.3,76.7,23.12,74.38,0.0,14.95,1012.18
2024-04-08 00:00:00,2024-04-11 00:00:00,72,10.3,76.9,22.31,59.01,0.0,12.02,1010.96
2024-04-08 00:00:00,2024-04-11 00:00:00,72,10.3,77.1,21.01,49.87,0.0,11.35,1011.74
2024-04-08 00:00:00,2024-04-11 00:00:00,72,10.6,76.7,24.31,64.3,0.0,17.17,1010.63
2024-04-08 00:00:00,2024-04-11 00:00:00,72,10.6,76.9,30.1,56.18,0.0,17.69,1011.56
2024-04-08 00:00:00,2024-04-11 00:00:00,72,10.6,77.1,26.39,65.36,0.0,13.73,1009.03
2024-04-08 00:00:00,2024-04-11 00:00:00,72,10.9,76.7,22.96,61.64,0.0,10.27,1008.64
2024-04-08 00:00:00,2024-04-11 00:00:00,72,10.9,76.9,25.48,68.37,0.0,11.34,1010.0
2024-04-08 00:00:00,2024-04-11 00:00:00,72,10.9,77.1,29.8,57.36,0.0,13.23,1009.82
2024-04-08 00:00:00,2024-04-11 00:00:00,72,11.2,76.7,25.0,69.68,0.0,13.06,1008.68
2024-04-08 00:00:00,2024-04-11 00:00:00,72,11.2,76.9,24.72,61.16,0.0,13.17,1011.3
2024-04-08 00:00:00,2024-04-11 00:00:00,72,11.2,77.1,25.09,55.22,0.0,19.1,1009.22
2024-04-09 00:00:00,2024-04-10 00:00:00,24,10.3,76.7,25.33,76.46,0.0,16.01,1011.81
2024-04-09 00:00:00,2024-04-10 00:00:00,24,10.3,76.9,25.57,54.59,0.0,13.43,1013.15
2024-04-09 00:00:00,2024-04-10 00:00:00,24,10.3,77.1,24.22,67.21,0.0,9.72,1015.05
2024-04-09 00:00:00,2024-04-10 00:00:00,24,10.6,76.7,24.73,65.59,0.0,13.83,1009.92
2024-04-09 00:00:00,2024-04-10 00:00:00,24,10.6,76.9,25.55,64.43,0.0,7.71,1008.9
2024-04-09 00:00:00,2024-04-10 00:00:00,24,10.6,77.1,25.3,55.85,0.0,17.71,1008.94
2024-04-09 00:00:00,2024-04-10 00:00:00,24,10.9,76.7,23.94,67.16,0.0,13.04,1008.3
2024-04-09 00:00:00,2024-04-10 00:00:00,24,10.9,76.9,25.8,51.91,12.38,12.14,1009.62
2024-04-09 00:00:00,2024-04-10 00:00:00,24,10.9,77.1,25.8,45.59,0.0,16.88,1009.67
2024-04-09 00:00:00,2024-04-10 00:00:00,24,11.2,76.7,24.97,64.6,1.12,15.79,1007.4
2024-04-09 00:00:00,2024-04-10 00:00:00,24,11.2,76.9,24.57,63.61,0.0,15.55,1012.49
2024-04-09 00:00:00,2024-04-10 00:00:00,24,11.2,77.1,26.56,76.0,0.0,17.55,1012.06
2024-04-09 00:00:00,2024-04-11 00:00:00,48,10.3,76.7,26.47,76.71,0.0,22.34,1012.17
2024-04-09 00:00:00,2024-04-11 00:00:00,48,10.3,76.9,25.37,66.42,0.0,14.46,1009.93
2024-04-09 00:00:00,2024-04-11 00:00:00,48,10.3,77.1,25.51,70.79,0.0,9.1,1011.49
2024-04-09 00:00:00,2024-04-11 00:00:00,48,10.6,76.7,28.11,74.45,0.0,12.84,1008.25
2024-04-09 00:00:00,2024-04-11 00:00:00,48,10.6,76.9,27.09,43.79,0.0,8.78,1009.56
2024-04-09 00:00:00,2024-04-11 00:00:00,48,10.6,77.1,21.97,66.92,0.0,18.07,1013.95
2024-04-09 00:00:00,2024-04-11 00:00:00,48,10.9,76.7,24.03,67.64,0.0,12.2,1008.15
2024-04-09 00:00:00,2024-04-11 00:00:00,48,10.9,76.9,23.5,60.21,0.0,15.82,1008.57
2024-04-09 00:00:00,2024-04-11 00:00:00,48,10.9,77.1,22.96,73.36,0.0,12.42,1010.51
2024-04-09 00:00:00,2024-04-11 00:00:00,48,11.2,76.7,25.44,66.82,0.0,7.8,1006.92
2024-04-09 00:00:00,2024-04-11 00:00:00,48,11.2,76.9,24.63,74.33,0.0,12.06,1011.98
2024-04-09 00:00:00,2024-04-11 00:00:00,48,11.2,77.1,24.53,71.41,0.0,15.75,1010.35
2024-04-09 00:00:00,2024-04-12 00:00:00,72,10.3,76.7,26.51,46.89,0.0,19.71,1010.61
2024-04-09 00:00:00,2024-04-12 00:00:00,72,10.3,76.9,22.42,69.67,0.0,14.33,1010.0
2024-04-09 00:00:00,2024-04-12 00:00:00,72,10.3,77.1,20.68,86.3,0.0,7.69,1011.26
2024-04-09 00:00:00,2024-04-12 00:00:00,72,10.6,76.7,25.76,66.25,0.0,12.37,1011.56
2024-04-09 00:00:00,2024-04-12 00:00:00,72,10.6,76.9,27.07,75.25,0.0,6.5,1009.81
2024-04-09 00:00:00,2024-04-12 00:00:00,72,10.6,77.1,22.66,72.01,0.0,18.51,1010.99
2024-04-09 00:00:00,2024-04-12 00:00:00,72,10.9,76.7,29.07,69.43,0.0,10.91,1009.41
2024-04-09 00:00:00,2024-04-12 00:00:00,72,10.9,76.9,29.44,74.26,0.0,14.29,1009.42
2024-04-09 00:00:00,2024-04-12 00:00:00,72,10.9,77.1,27.09,75.9,0.0,13.79,1008.93
2024-04-09 00:00:00,2024-04-12 00:00:00,72,11.2,76.7,24.7,75.76,0.0,15.16,1008.8
2024-04-09 00:00:00,2024-04-12 00:00:00,72,11.2,76.9,24.18,63.47,0.0,10.22,1007.85
2024-04-09 00:00:00,2024-04-12 00:00:00,72,11.2,77.1,22.81,61.99,0.0,16.36,1008.79
2024-04-10 00:00:00,2024-04-11 00:00:00,24,10.3,76.7,23.94,74.63,0.0,13.5,1008.92
2024-04-10 00:00:00,2024-04-11 00:00:00,24,10.3,76.9,26.07,60.39,0.0,18.57,1012.87
2024-04-10 00:00:00,2024-04-11 00:00:00,24,10.3,77.1,22.62,67.55,0.0,11.34,1010.95
2024-04-10 00:00:00,2024-04-11 00:00:00,24,10.6,76.7,24.15,44.41,0.0,13.35,1012.43
2024-04-10 00:00:00,2024-04-11 00:00:00,24,10.6,76.9,22.13,71.06,1.45,16.7,1008.72
2024-04-10 00:00:00,2024-04-11 00:00:00,24,10.6,77.1,25.88,71.13,0.0,11.95,1011.36
2024-04-10 00:00:00,2024-04-11 00:00:00,24,10.9,76.7,25.02,68.14,0.0,14.89,1012.34
2024-04-10 00:00:00,2024-04-11 00:00:00,24,10.9,76.9,23.6,61.93,0.0,10.57,1010.22
2024-04-10 00:00:00,2024-04-11 00:00:00,24,10.9,77.1,26.31,71.31,0.0,17.13,1009.8
2024-04-10 00:00:00,2024-04-11 00:00:00,24,11.2,76.7,23.34,72.71,0.0,15.77,1009.58
2024-04-10 00:00:00,2024-04-11 00:00:00,24,11.2,76.9,21.42,65.89,0.0,18.21,1009.32
2024-04-10 00:00:00,2024-04-11 00:00:00,24,11.2,77.1,23.21,74.59,0.0,15.55,1010.43
2024-04-10 00:00:00,2024-04-12 00:00:00,48,10.3,76.7,30.33,62.68,0.0,8.32,1013.21
2024-04-10 00:00:00,2024-04-12 00:00:00,48,10.3,76.9,22.27,60.18,0.0,13.91,1012.05
2024-04-10 00:00:00,2024-04-12 00:00:00,48,10.3,77.1,25.89,59.0,0.0,15.79,1013.66
2024-04-10 00:00:00,2024-04-12 00:00:00,48,10.6,76.7,27.52,64.01,0.18,14.41,1011.97
2024-04-10 00:00:00,2024-04-12 00:00:00,48,10.6,76.9,27.49,75.08,0.0,17.39,1010.59
2024-04-10 00:00:00,2024-04-12 00:00:00,48,10.6,77.1,25.13,72.19,0.0,7.92,1012.31
2024-04-10 00:00:00,2024-04-12 00:00:00,48,10.9,76.7,24.18,66.96,0.0,17.44,1010.6
2024-04-10 00:00:00,2024-04-12 00:00:00,48,10.9,76.9,28.95,59.13,0.0,11.78,1012.08
2024-04-10 00:00:00,2024-04-12 00:00:00,48,10.9,77.1,22.27,80.24,0.0,15.37,1011.38
2024-04-10 00:00:00,2024-04-12 00:00:00,48,11.2,76.7,23.95,62.02,0.0,6.31,1009.07
2024-04-10 00:00:00,2024-04-12 00:00:00,48,11.2,76.9,24.41,73.07,0.0,10.33,1008.22
2024-04-10 00:00:00,2024-04-12 00:00:00,48,11.2,77.1,24.56,58.49,0.0,15.54,1010.16
2024-04-10 00:00:00,2024-04-13 00:00:00,72,10.3,76.7,22.87,62.92,0.0,17.22,1009.05
2024-04-10 00:00:00,2024-04-13 00:00:00,72,10.3,76.9,21.42,53.31,0.0,8.66,1009.66
2024-04-10 00:00:00,2024-04-13 00:00:00,72,10.3,77.1,24.96,56.28,0.0,17.13,1009.55
2024-04-10 00:00:00,2024-04-13 00:00:00,72,10.6,76.7,22.74,60.5,0.0,17.48,1011.62
2024-04-10 00:00:00,2024-04-13 00:00:00,72,10.6,76.9,21.7,73.41,0.0,12.15,1009.54
2024-04-10 00:00:00,2024-04-13 00:00:00,72,10.6,77.1,24.33,63.95,0.0,13.12,1009.82
2024-04-10 00:00:00,2024-04-13 00:00:00,72,10.9,76.7,21.98,74.83,0.0,16.93,1005.54
2024-04-10 00:00:00,2024-04-13 00:00:00,72,10.9,76.9,22.54,56.99,0.0,12.34,1010.19
2024-04-10 00:00:00,2024-04-13 00:00:00,72,10.9,77.1,27.26,65.43,0.0,23.19,1010.33
2024-04-10 00:00:00,2024-04-13 00:00:00,72,11.2,76.7,27.04,69.29,0.0,6.19,1010.74
2024-04-10 00:00:00,2024-04-13 00:00:00,72,11.2,76.9,24.3,61.43,0.0,14.69,1010.85
2024-04-10 00:00:00,2024-04-13 00:00:00,72,11.2,77.1,21.34,64.51,0.0,15.74,1010.96
2024-04-11 00:00:00,2024-04-12 00:00:00,24,10.3,76.7,24.91,68.33,0.0,5.74,1012.53
2024-04-11 00:00:00,2024-04-12 00:00:00,24,10.3,76.9,25.02,64.62,0.0,16.27,1015.15
2024-04-11 00:00:00,2024-04-12 00:00:00,24,10.3,77.1,25.31,62.44,0.0,14.69,1009.97
2024-04-11 00:00:00,2024-04-12 00:00:00,24,10.6,76.7,25.75,59.65,0.0,13.75,1010.32
2024-04-11 00:00:00,2024-04-12 00:00:00,24,10.6,76.9,25.61,65.54,0.0,10.9,1011.42
2024-04-11 00:00:00,2024-04-12 00:00:00,24,10.6,77.1,24.23,62.98,0.0,11.74,1008.69
2024-04-11 00:00:00,2024-04-12 00:00:00,24,10.9,76.7,23.72,79.57,0.0,14.12,1008.88
2024-04-11 00:00:00,2024-04-12 00:00:00,24,10.9,76.9,25.27,65.9,0.0,15.69,1008.79
2024-04-11 00:00:00,2024-04-12 00:00:00,24,10.9,77.1,24.01,62.98,0.0,15.85,1008.75
2024-04-11 00:00:00,2024-04-12 00:00:00,24,11.2,76.7,23.15,55.03,0.0,16.79,1007.2
2024-04-11 00:00:00,2024-04-12 00:00:00,24,11.2,76.9,25.39,66.7,0.0,15.02,1010.93
2024-04-11 00:00:00,2024-04-12 00:00:00,24,11.2,77.1,21.98,63.52,0.0,9.03,1011.01
2024-04-11 00:00:00,2024-04-13 00:00:00,48,10.3,76.7,23.1,78.82,0.0,13.04,1010.92
2024-04-11 00:00:00,2024-04-13 00:00:00,48,10.3,76.9,24.03,63.75,0.0,14.6,1012.03
2024-04-11 00:00:00,2024-04-13 00:00:00,48,10.3,77.1,25.75,60.91,0.0,17.26,1010.76
2024-04-11 00:00:00,2024-04-13 00:00:00,48,10.6,76.7,24.41,59.67,0.0,11.54,1011.01
2024-04-11 00:00:00,2024-04-13 00:00:00,48,10.6,76.9,25.24,58.5,0.0,7.78,1014.11
2024-04-11 00:00:00,2024-04-13 00:00:00,48,10.6,77.1,23.59,67.88,0.0,16.89,1010.88
2024-04-11 00:00:00,2024-04-13 00:00:00,48,10.9,76.7,26.48,63.3,0.0,20.39,1007.77
2024-04-11 00:00:00,2024-04-13 00:00:00,48,10.9,76.9,29.38,66.08,0.0,9.7,1009.65
2024-04-11 00:00:00,2024-04-13 00:00:00,48,10.9,77.1,25.54,67.37,0.0,9.71,1010.27
2024-04-11 00:00:00,2024-04-13 00:00:00,48,11.2,76.7,22.29,71.28,0.0,18.66,1010.37
2024-04-11 00:00:00,2024-04-13 00:00:00,48,11.2,76.9,27.13,53.06,0.0,7.77,1009.54
2024-04-11 00:00:00,2024-04-13 00:00:00,48,11.2,77.1,25.83,60.15,0.0,15.07,1009.97
2024-04-11 00:00:00,2024-04-14 00:00:00,72,10.3,76.7,25.91,77.18,0.0,16.07,1012.18
2024-04-11 00:00:00,2024-04-14 00:00:00,72,10.3,76.9,23.02,71.39,0.0,9.16,1011.33
2024-04-11 00:00:00,2024-04-14 00:00:00,72,10.3,77.1,25.4,72.82,0.0,14.3,1006.96
2024-04-11 00:00:00,2024-04-14 00:00:00,72,10.6,76.7,28.06,73.64,0.0,9.04,1010.76
2024-04-11 00:00:00,2024-04-14 00:00:00,72,10.6,76.9,18.97,66.5,0.0,19.59,1012.04
2024-04-11 00:00:00,2024-04-14 00:00:00,72,10.6,77.1,24.48,56.15,0.0,20.46,1010.86
2024-04-11 00:00:00,2024-04-14 00:00:00,72,10.9,76.7,22.49,53.92,0.0,5.34,1009.81
2024-04-11 00:00:00,2024-04-14 00:00:00,72,10.9,76.9,29.97,66.17,0.0,16.24,1009.45
2024-04-11 00:00:00,2024-04-14 00:00:00,72,10.9,77.1,25.1,56.21,0.0,17.42,1011.42
2024-04-11 00:00:00,2024-04-14 00:00:00,72,11.2,76.7,24.44,72.46,0.0,14.62,1011.38
2024-04-11 00:00:00,2024-04-14 00:00:00,72,11.2,76.9,23.96,82.48,0.99,16.34,1007.41
2024-04-11 00:00:00,2024-04-14 00:00:00,72,11.2,77.1,29.24,65.23,1.95,13.77,1010.26
2024-04-12 00:00:00,2024-04-13 00:00:00,24,10.3,76.7,24.74,63.85,0.0,13.65,1012.12
2024-04-12 00:00:00,2024-04-13 00:00:00,24,10.3,76.9,24.28,67.35,0.0,15.73,1011.99
2024-04-12 00:00:00,2024-04-13 00:00:00,24,10.3,77.1,25.67,74.79,0.0,8.99,1012.45
2024-04-12 00:00:00,2024-04-13 00:00:00,24,10.6,76.7,26.58,74.45,0.0,18.03,1013.12
2024-04-12 00:00:00,2024-04-13 00:00:00,24,10.6,76.9,24.22,62.41,0.0,15.99,1009.78
2024-04-12 00:00:00,2024-04-13 00:00:00,24,10.6,77.1,23.92,58.01,2.53,11.07,1010.38
2024-04-12 00:00:00,2024-04-13 00:00:00,24,10.9,76.7,26.37,70.61,0.0,19.74,1011.73
2024-04-12 00:00:00,2024-04-13 00:00:00,24,10.9,76.9,24.46,70.37,0.0,13.07,1009.23
2024-04-12 00:00:00,2024-04-13 00:00:00,24,10.9,77.1,22.84,62.11,0.0,14.0,1008.58
2024-04-12 00:00:00,2024-04-13 00:00:00,24,11.2,76.7,24.29,63.2,0.0,12.5,1009.59
2024-04-12 00:00:00,2024-04-13 00:00:00,24,11.2,76.9,25.48,86.19,0.0,13.03,1009.32
2024-04-12 00:00:00,2024-04-13 00:00:00,24,11.2,77.1,24.73,57.82,4.61,15.64,1011.1
2024-04-12 00:00:00,2024-04-14 00:00:00,48,10.3,76.7,23.54,52.08,0.0,12.72,1010.34
2024-04-12 00:00:00,2024-04-14 00:00:00,48,10.3,76.9,22.38,66.43,0.0,12.89,1012.55
2024-04-12 00:00:00,2024-04-14 00:00:00,48,10.3,77.1,24.24,69.32,0.0,13.13,1014.09
2024-04-12 00:00:00,2024-04-14 00:00:00,48,10.6,76.7,26.94,66.98,0.0,8.66,1011.12
2024-04-12 00:00:00,2024-04-14 00:00:00,48,10.6,76.9,23.36,73.17,0.0,15.58,1009.62
2024-04-12 00:00:00,2024-04-14 00:00:00,48,10.6,77.1,23.36,67.85,0.0,8.85,1009.8
2024-04-12 00:00:00,2024-04-14 00:00:00,48,10.9,76.7,23.49,57.99,0.0,17.9,1014.18
2024-04-12 00:00:00,2024-04-14 00:00:00,48,10.9,76.9,25.45,73.41,0.0,15.1,1010.36
2024-04-12 00:00:00,2024-04-14 00:00:00,48,10.9,77.1,24.21,63.88,0.0,10.93,1009.82
2024-04-12 00:00:00,2024-04-14 00:00:00,48,11.2,76.7,28.22,56.66,0.0,13.64,1010.22
2024-04-12 00:00:00,2024-04-14 00:00:00,48,11.2,76.9,25.09,63.27,0.0,12.29,1010.54
2024-04-12 00:00:00,2024-04-14 00:00:00,48,11.2,77.1,23.5,68.76,0.13,8.75,1007.2
2024-04-12 00:00:00,2024-04-15 00:00:00,72,10.3,76.7,21.24,65.34,0.0,9.99,1011.94
2024-04-12 00:00:00,2024-04-15 00:00:00,72,10.3,76.9,25.62,69.91,0.0,19.21,1009.78
2024-04-12 00:00:00,2024-04-15 00:00:00,72,10.3,77.1,25.78,60.02,0.0,12.96,1011.68
2024-04-12 00:00:00,2024-04-15 00:00:00,72,10.6,76.7,24.98,52.44,0.0,11.54,1010.36
2024-04-12 00:00:00,2024-04-15 00:00:00,72,10.6,76.9,24.24,75.68,0.0,9.47,1011.67
2024-04-12 00:00:00,2024-04-15 00:00:00,72,10.6,77.1,21.65,58.3,0.0,8.43,1011.23
2024-04-12 00:00:00,2024-04-15 00:00:00,72,10.9,76.7,26.71,62.32,0.0,9.28,1009.34
2024-04-12 00:00:00,2024-04-15 00:00:00,72,10.9,76.9,20.15,72.13,0.0,17.66,1011.52
2024-04-12 00:00:00,2024-04-15 00:00:00,72,10.9,77.1,24.13,79.23,0.0,15.11,1010.18
2024-04-12 00:00:00,2024-04-15 00:00:00,72,11.2,76.7,22.14,61.62,0.0,8.86,1012.73
2024-04-12 00:00:00,2024-04-15 00:00:00,72,11.2,76.9,25.32,64.41,0.0,12.12,1012.03
2024-04-12 00:00:00,2024-04-15 00:00:00,72,11.2,77.1,23.68,69.37,0.0,16.67,1008.64
2024-04-13 00:00:00,2024-04-14 00:00:00,24,10.3,76.7,22.49,67.29,0.0,12.43,1013.13
2024-04-13 00:00:00,2024-04-14 00:00:00,24,10.3,76.9,25.65,81.61,0.0,16.38,1012.91
2024-04-13 00:00:00,2024-04-14 00:00:00,24,10.3,77.1,23.63,69.93,0.0,11.51,1012.34
2024-04-13 00:00:00,2024-04-14 00:00:00,24,10.6,76.7,23.26,58.15,0.0,12.42,1012.03
2024-04-13 00:00:00,2024-04-14 00:00:00,24,10.6,76.9,26.39,57.72,0.0,9.98,1010.08
2024-04-13 00:00:00,2024-04-14 00:00:00,24,10.6,77.1,24.69,66.02,0.0,15.13,1010.63
2024-04-13 00:00:00,2024-04-14 00:00:00,24,10.9,76.7,24.28,67.74,0.0,12.92,1012.37
2024-04-13 00:00:00,2024-04-14 00:00:00,24,10.9,76.9,24.88,74.39,0.0,1.96,1011.33
2024-04-13 00:00:00,2024-04-14 00:00:00,24,10.9,77.1,25.77,67.57,0.0,11.87,1010.72
2024-04-13 00:00:00,2024-04-14 00:00:00,24,11.2,76.7,24.58,48.68,0.0,20.44,1009.67
2024-04-13 00:00:00,2024-04-14 00:00:00,24,11.2,76.9,21.26,70.7,0.0,7.57,1012.05
2024-04-13 00:00:00,2024-04-14 00:00:00,24,11.2,77.1,22.81,70.1,1.61,13.74,1010.43
2024-04-13 00:00:00,2024-04-15 00:00:00,48,10.3,76.7,23.33,54.23,0.0,15.12,1009.93
2024-04-13 00:00:00,2024-04-15 00:00:00,48,10.3,76.9,23.93,68.27,0.0,15.49,1011.09
2024-04-13 00:00:00,2024-04-15 00:00:00,48,10.3,77.1,21.09,53.84,0.0,13.99,1012.52
2024-04-13 00:00:00,2024-04-15 00:00:00,48,10.6,76.7,23.77,53.75,0.0,18.45,1008.55
2024-04-13 00:00:00,2024-04-15 00:00:00,48,10.6,76.9,25.05,67.95,0.0,14.42,1007.92
2024-04-13 00:00:00,2024-04-15 00:00:00,48,10.6,77.1,26.25,58.8,0.0,18.51,1011.27
2024-04-13 00:00:00,2024-04-15 00:00:00,48,10.9,76.7,25.19,56.12,0.0,14.49,1010.42
2024-04-13 00:00:00,2024-04-15 00:00:00,48,10.9,76.9,25.74,76.92,0.0,14.51,1010.28
2024-04-13 00:00:00,2024-04-15 00:00:00,48,10.9,77.1,24.67,66.97,0.0,12.11,1008.62
2024-04-13 00:00:00,2024-04-15 00:00:00,48,11.2,76.7,24.51,56.0,0.0,16.88,1006.68
2024-04-13 00:00:00,2024-04-15 00:00:00,48,11.2,76.9,24.3,68.78,0.0,16.03,1010.62
2024-04-13 00:00:00,2024-04-15 00:00:00,48,11.2,77.1,24.91,59.13,0.0,16.36,1009.06
2024-04-13 00:00:00,2024-04-16 00:00:00,72,10.3,76.7,26.51,73.76,0.0,14.24,1011.67
2024-04-13 00:00:00,2024-04-16 00:00:00,72,10.3,76.9,28.01,69.73,0.0,18.67,1009.97
2024-04-13 00:00:00,2024-04-16 00:00:00,72,10.3,77.1,23.8,59.63,0.0,16.05,1009.8
2024-04-13 00:00:00,2024-04-16 00:00:00,72,10.6,76.7,26.3,53.98,0.0,13.08,1011.81
2024-04-13 00:00:00,2024-04-16 00:00:00,72,10.6,76.9,24.68,74.08,0.0,10.68,1011.18
2024-04-13 00:00:00,2024-04-16 00:00:00,72,10.6,77.1,24.94,70.75,0.0,18.78,1007.21
2024-04-13 00:00:00,2024-04-16 00:00:00,72,10.9,76.7,23.49,63.4,0.0,9.58,1009.46
2024-04-13 00:00:00,2024-04-16 00:00:00,72,10.9,76.9,24.86,60.32,0.0,10.88,1008.98
2024-04-13 00:00:00,2024-04-16 00:00:00,72,10.9,77.1,22.71,69.55,0.0,14.7,1009.69
2024-04-13 00:00:00,2024-04-16 00:00:00,72,11.2,76.7,22.66,65.93,0.0,12.66,1011.4
2024-04-13 00:00:00,2024-04-16 00:00:00,72,11.2,76.9,21.43,71.8,0.0,8.26,1009.73
2024-04-13 00:00:00,2024-04-16 00:00:00,72,11.2,77.1,21.08,64.52,0.0,14.33,1009.04
2024-04-14 00:00:00,2024-04-15 00:00:00,24,10.3,76.7,24.06,54.49,0.0,12.84,1013.31
2024-04-14 00:00:00,2024-04-15 00:00:00,24,10.3,76.9,26.69,71.64,0.0,12.63,1013.86
2024-04-14 00:00:00,2024-04-15 00:00:00,24,10.3,77.1,23.91,70.34,0.0,14.76,1009.72
2024-04-14 00:00:00,2024-04-15 00:00:00,24,10.6,76.7,24.04,62.43,0.0,17.65,1012.47
2024-04-14 00:00:00,2024-04-15 00:00:00,24,10.6,76.9,24.36,71.92,0.0,13.06,1009.7
2024-04-14 00:00:00,2024-04-15 00:00:00,24,10.6,77.1,23.61,69.42,0.0,14.28,1010.94
2024-04-14 00:00:00,2024-04-15 00:00:00,24,10.9,76.7,23.9,60.52,1.06,14.18,1009.6
2024-04-14 00:00:00,2024-04-15 00:00:00,24,10.9,76.9,23.81,53.4,0.0,13.28,1009.35
2024-04-14 00:00:00,2024-04-15 00:00:00,24,10.9,77.1,26.49,64.16,0.0,13.23,1007.54
2024-04-14 00:00:00,2024-04-15 00:00:00,24,11.2,76.7,26.25,68.54,3.76,13.55,1009.07
2024-04-14 00:00:00,2024-04-15 00:00:00,24,11.2,76.9,26.27,69.88,0.0,12.39,1009.07
2024-04-14 00:00:00,2024-04-15 00:00:00,24,11.2,77.1,23.99,72.69,0.0,15.54,1006.51
2024-04-14 00:00:00,2024-04-16 00:00:00,48,10.3,76.7,24.22,66.43,0.0,14.9,1013.3
2024-04-14 00:00:00,2024-04-16 00:00:00,48,10.3,76.9,24.07,77.38,0.0,16.42,1011.19
2024-04-14 00:00:00,2024-04-16 00:00:00,48,10.3,77.1,23.5,58.9,0.0,17.15,1012.27
2024-04-14 00:00:00,2024-04-16 00:00:00,48,10.6,76.7,22.99,44.52,0.29,14.09,1011.37
2024-04-14 00:00:00,2024-04-16 00:00:00,48,10.6,76.9,19.47,68.62,0.0,13.55,1009.93
2024-04-14 00:00:00,2024-04-16 00:00:00,48,10.6,77.1,25.52,59.24,0.0,19.09,1009.49
2024-04-14 00:00:00,2024-04-16 00:00:00,48,10.9,76.7,26.08,67.72,0.0,11.11,1010.33
2024-04-14 00:00:00,2024-04-16 00:00:00,48,10.9,76.9,27.6,71.17,1.89,10.83,1009.63
2024-04-14 00:00:00,2024-04-16 00:00:00,48,10.9,77.1,24.51,53.71,0.0,16.23,1009.07
2024-04-14 00:00:00,2024-04-16 00:00:00,48,11.2,76.7,23.58,70.51,0.0,10.52,1009.38
2024-04-14 00:00:00,2024-04-16 00:00:00,48,11.2,76.9,20.27,60.61,0.0,11.24,1009.34
2024-04-14 00:00:00,2024-04-16 00:00:00,48,11.2,77.1,20.81,58.39,0.0,13.16,1007.8
2024-04-14 00:00:00,2024-04-17 00:00:00,72,10.3,76.7,23.56,59.84,0.0,17.51,1012.91
2024-04-14 00:00:00,2024-04-17 00:00:00,72,10.3,76.9,22.14,76.81,0.0,6.0,1010.91
2024-04-14 00:00:00,2024-04-17 00:00:00,72,10.3,77.1,25.22,71.66,0.0,16.22,1013.1
2024-04-14 00:00:00,2024-04-17 00:00:00,72,10.6,76.7,24.59,62.47,0.0,13.31,1011.49
2024-04-14 00:00:00,2024-04-17 00:00:00,72,10.6,76.9,22.82,52.54,0.0,14.26,1013.37
2024-04-14 00:00:00,2024-04-17 00:00:00,72,10.6,77.1,24.59,69.87,0.0,6.47,1010.04
2024-04-14 00:00:00,2024-04-17 00:00:00,72,10.9,76.7,25.06,46.25,0.0,11.59,1010.28
2024-04-14 00:00:00,2024-04-17 00:00:00,72,10.9,76.9,25.52,73.15,9.46,10.24,1009.9
2024-04-14 00:00:00,2024-04-17 00:00:00,72,10.9,77.1,25.6,58.36,0.0,9.9,1008.46
2024-04-14 00:00:00,2024-04-17 00:00:00,72,11.2,76.7,23.2,65.02,0.0,9.34,1007.28
2024-04-14 00:00:00,2024-04-17 00:00:00,72,11.2,76.9,21.74,75.09,0.0,9.15,1009.94
2024-04-14 00:00:00,2024-04-17 00:00:00,72,11.2,77.1,26.6,82.21,0.0,13.33,1010.45
2024-04-15 00:00:00,2024-04-16 00:00:00,24,10.3,76.7,24.91,60.39,0.0,12.34,1012.58
2024-04-15 00:00:00,2024-04-16 00:00:00,24,10.3,76.9,23.57,79.29,0.0,9.42,1012.37
2024-04-15 00:00:00,2024-04-16 00:00:00,24,10.3,77.1,23.25,59.31,0.0,18.72,1009.5
2024-04-15 00:00:00,2024-04-16 00:00:00,24,10.6,76.7,24.53,65.32,0.0,19.47,1009.62
2024-04-15 00:00:00,2024-04-16 00:00:00,24,10.6,76.9,21.85,66.7,0.0,12.92,1012.41
2024-04-15 00:00:00,2024-04-16 00:00:00,24,10.6,77.1,24.27,70.78,0.0,11.44,1012.51
2024-04-15 00:00:00,2024-04-16 00:00:00,24,10.9,76.7,27.41,56.71,0.0,15.26,1009.22
2024-04-15 00:00:00,2024-04-16 00:00:00,24,10.9,76.9,25.12,62.26,1.79,19.06,1009.52
2024-04-15 00:00:00,2024-04-16 00:00:00,24,10.9,77.1,22.94,59.29,3.57,10.69,1009.67
2024-04-15 00:00:00,2024-04-16 00:00:00,24,11.2,76.7,24.81,72.28,0.0,15.96,1009.2
2024-04-15 00:00:00,2024-04-16 00:00:00,24,11.2,76.9,26.05,65.32,0.0,12.05,1008.7
2024-04-15 00:00:00,2024-04-16 00:00:00,24,11.2,77.1,24.99,64.09,0.0,17.3,1009.32
2024-04-15 00:00:00,2024-04-17 00:00:00,48,10.3,76.7,24.87,72.99,0.0,10.84,1010.05
2024-04-15 00:00:00,2024-04-17 00:00:00,48,10.3,76.9,24.62,75.83,0.0,13.95,1010.94
2024-04-15 00:00:00,2024-04-17 00:00:00,48,10.3,77.1,26.02,60.0,0.0,16.48,1010.0
2024-04-15 00:00:00,2024-04-17 00:00:00,48,10.6,76.7,26.09,55.63,0.0,16.7,1008.57
2024-04-15 00:00:00,2024-04-17 00:00:00,48,10.6,76.9,22.42,78.9,0.0,11.88,1008.58
2024-04-15 00:00:00,2024-04-17 00:00:00,48,10.6,77.1,25.15,76.03,0.0,14.14,1007.81
2024-04-15 00:00:00,2024-04-17 00:00:00,48,10.9,76.7,23.6,73.74,0.0,7.92,1010.68
2024-04-15 00:00:00,2024-04-17 00:00:00,48,10.9,76.9,26.21,65.25,0.0,17.04,1012.8
2024-04-15 00:00:00,2024-04-17 00:00:00,48,10.9,77.1,27.63,65.2,0.0,15.95,1007.72
2024-04-15 00:00:00,2024-04-17 00:00:00,48,11.2,76.7,24.95,70.26,0.0,19.02,1008.3
2024-04-15 00:00:00,2024-04-17 00:00:00,48,11.2,76.9,19.94,51.69,0.0,17.7,1010.21
2024-04-15 00:00:00,2024-04-17 00:00:00,48,11.2,77.1,23.51,47.4,0.0,10.75,1007.87
2024-04-15 00:00:00,2024-04-18 00:00:00,72,10.3,76.7,22.35,61.04,0.0,8.23,1010.17
2024-04-15 00:00:00,2024-04-18 00:00:00,72,10.3,76.9,23.44,78.61,0.0,21.04,1008.5
2024-04-15 00:00:00,2024-04-18 00:00:00,72,10.3,77.1,24.0,70.31,0.0,18.57,1011.84
2024-04-15 00:00:00,2024-04-18 00:00:00,72,10.6,76.7,22.51,55.01,0.0,11.35,1009.36
2024-04-15 00:00:00,2024-04-18 00:00:00,72,10.6,76.9,24.98,77.23,0.0,11.36,1010.27
2024-04-15 00:00:00,2024-04-18 00:00:00,72,10.6,77.1,23.15,64.8,0.0,8.96,1010.17
2024-04-15 00:00:00,2024-04-18 00:00:00,72,10.9,76.7,25.13,68.43,0.0,6.61,1008.55
2024-04-15 00:00:00,2024-04-18 00:00:00,72,10.9,76.9,26.34,63.1,0.0,13.16,1009.9
2024-04-15 00:00:00,2024-04-18 00:00:00,72,10.9,77.1,27.24,71.39,0.0,11.88,1009.11
2024-04-15 00:00:00,2024-04-18 00:00:00,72,11.2,76.7,27.45,69.93,0.0,13.04,1010.82
2024-04-15 00:00:00,2024-04-18 00:00:00,72,11.2,76.9,23.24,78.74,7.71,19.0,1009.46
2024-04-15 00:00:00,2024-04-18 00:00:00,72,11.2,77.1,26.32,71.74,0.0,9.67,1010.09
2024-04-16 00:00:00,2024-04-17 00:00:00,24,10.3,76.7,25.29,55.83,0.0,16.98,1011.6
2024-04-16 00:00:00,2024-04-17 00:00:00,24,10.3,76.9,25.56,78.33,0.0,14.32,1011.36
2024-04-16 00:00:00,2024-04-17 00:00:00,24,10.3,77.1,22.61,65.96,0.0,19.15,1012.44
2024-04-16 00:00:00,2024-04-17 00:00:00,24,10.6,76.7,26.09,67.49,0.0,11.15,1011.43
2024-04-16 00:00:00,2024-04-17 00:00:00,24,10.6,76.9,25.28,50.27,0.0,14.18,1009.16
2024-04-16 00:00:00,2024-04-17 00:00:00,24,10.6,77.1,25.66,61.98,3.4,15.7,1011.83
2024-04-16 00:00:00,2024-04-17 00:00:00,24,10.9,76.7,24.6,56.5,0.0,7.88,1011.32
2024-04-16 00:00:00,2024-04-17 00:00:00,24,10.9,76.9,25.79,67.34,0.0,13.89,1010.96
2024-04-16 00:00:00,2024-04-17 00:00:00,24,10.9,77.1,26.54,70.7,0.0,14.84,1011.47
2024-04-16 00:00:00,2024-04-17 00:00:00,24,11.2,76.7,23.45,61.0,0.0,10.84,1008.12
2024-04-16 00:00:00,2024-04-17 00:00:00,24,11.2,76.9,24.72,57.73,0.0,15.72,1009.86
2024-04-16 00:00:00,2024-04-17 00:00:00,24,11.2,77.1,21.36,65.47,0.0,11.51,1011.12
2024-04-16 00:00:00,2024-04-18 00:00:00,48,10.3,76.7,25.83,66.08,0.0,7.87,1013.83
2024-04-16 00:00:00,2024-04-18 00:00:00,48,10.3,76.9,25.86,60.69,0.0,20.27,1009.98
2024-04-16 00:00:00,2024-04-18 00:00:00,48,10.3,77.1,25.19,66.02,0.0,15.08,1009.75
2024-04-16 00:00:00,2024-04-18 00:00:00,48,10.6,76.7,26.25,76.56,0.0,18.74,1011.44
2024-04-16 00:00:00,2024-04-18 00:00:00,48,10.6,76.9,21.81,62.48,0.0,12.66,1012.84
2024-04-16 00:00:00,2024-04-18 00:00:00,48,10.6,77.1,24.96,57.79,0.0,9.64,1008.67
2024-04-16 00:00:00,2024-04-18 00:00:00,48,10.9,76.7,25.38,79.63,0.0,14.18,1008.68
2024-04-16 00:00:00,2024-04-18 00:00:00,48,10.9,76.9,25.31,59.25,0.0,14.4,1010.89
2024-04-16 00:00:00,2024-04-18 00:00:00,48,10.9,77.1,25.35,64.79,0.0,13.54,1010.29
2024-04-16 00:00:00,2024-04-18 00:00:00,48,11.2,76.7,26.24,67.88,0.0,16.66,1010.68
2024-04-16 00:00:00,2024-04-18 00:00:00,48,11.2,76.9,20.64,60.54,0.0,11.22,1008.21
2024-04-16 00:00:00,2024-04-18 00:00:00,48,11.2,77.1,25.77,68.96,0.0,9.6,1010.23
2024-04-16 00:00:00,2024-04-19 00:00:00,72,10.3,76.7,26.74,57.16,0.0,13.07,1013.94
2024-04-16 00:00:00,2024-04-19 00:00:00,72,10.3,76.9,22.82,54.04,0.0,14.99,1009.96
2024-04-16 00:00:00,2024-04-19 00:00:00,72,10.3,77.1,24.9,78.58,0.89,7.25,1010.97
2024-04-16 00:00:00,2024-04-19 00:00:00,72,10.6,76.7,26.72,63.37,0.0,20.28,1008.5
2024-04-16 00:00:00,2024-04-19 00:00:00,72,10.6,76.9,28.51,65.06,0.0,10.69,1010.88
2024-04-16 00:00:00,2024-04-19 00:00:00,72,10.6,77.1,23.8,61.68,0.0,10.08,1011.99
2024-04-16 00:00:00,2024-04-19 00:00:00,72,10.9,76.7,22.92,56.61,0.0,11.97,1009.11
2024-04-16 00:00:00,2024-04-19 00:00:00,72,10.9,76.9,19.71,69.92,0.0,14.1,1008.53
2024-04-16 00:00:00,2024-04-19 00:00:00,72,10.9,77.1,24.74,64.59,0.0,8.69,1009.89
2024-04-16 00:00:00,2024-04-19 00:00:00,72,11.2,76.7,26.44,61.39,0.0,19.9,1010.61
2024-04-16 00:00:00,2024-04-19 00:00:00,72,11.2,76.9,26.3,47.74,0.0,12.49,1010.45
2024-04-16 00:00:00,2024-04-19 00:00:00,72,11.2,77.1,25.14,76.46,0.0,16.05,1010.72
2024-04-17 00:00:00,2024-04-18 00:00:00,24,10.3,76.7,23.46,54.59,4.6,12.73,1009.09
2024-04-17 00:00:00,2024-04-18 00:00:00,24,10.3,76.9,25.79,65.29,0.0,16.88,1010.17
2024-04-17 00:00:00,2024-04-18 00:00:00,24,10.3,77.1,24.88,65.56,0.0,11.01,1012.64
2024-04-17 00:00:00,2024-04-18 00:00:00,24,10.6,76.7,23.2,73.34,0.0,8.5,1009.97
2024-04-17 00:00:00,2024-04-18 00:00:00,24,10.6,76.9,25.94,60.92,0.0,12.78,1010.3
2024-04-17 00:00:00,2024-04-18 00:00:00,24,10.6,77.1,26.19,54.97,0.38,13.03,1012.25
2024-04-17 00:00:00,2024-04-18 00:00:00,24,10.9,76.7,23.97,65.04,0.0,17.07,1011.39
2024-04-17 00:00:00,2024-04-18 00:00:00,24,10.9,76.9,25.75,54.29,0.0,14.51,1008.4
2024-04-17 00:00:00,2024-04-18 00:00:00,24,10.9,77.1,26.32,63.34,0.0,13.61,1012.51
2024-04-17 00:00:00,2024-04-18 00:00:00,24,11.2,76.7,23.15,66.13,0.0,18.44,1013.29
2024-04-17 00:00:00,2024-04-18 00:00:00,24,11.2,76.9,24.08,72.09,0.0,13.54,1008.51
2024-04-17 00:00:00,2024-04-18 00:00:00,24,11.2,77.1,22.44,46.45,2.24,13.52,1009.06
2024-04-17 00:00:00,2024-04-19 00:00:00,48,10.3,76.7,25.56,66.88,0.0,11.69,1011.12
2024-04-17 00:00:00,2024-04-19 00:00:00,48,10.3,76.9,25.92,60.24,0.0,13.66,1013.49
2024-04-17 00:00:00,2024-04-19 00:00:00,48,10.3,77.1,24.81,58.54,0.0,18.43,1008.69
2024-04-17 00:00:00,2024-04-19 00:00:00,48,10.6,76.7,27.32,61.47,0.0,17.13,1009.75
2024-04-17 00:00:00,2024-04-19 00:00:00,48,10.6,76.9,23.21,71.57,0.0,17.45,1010.58
2024-04-17 00:00:00,2024-04-19 00:00:00,48,10.6,77.1,26.96,65.64,2.7,4.7,1012.97
2024-04-17 00:00:00,2024-04-19 00:00:00,48,10.9,76.7,25.04,70.8,0.0,9.09,1010.17
2024-04-17 00:00:00,2024-04-19 00:00:00,48,10.9,76.9,23.02,63.41,0.0,11.8,1010.27
2024-04-17 00:00:00,2024-04-19 00:00:00,48,10.9,77.1,25.43,66.5,0.0,19.29,1008.51
2024-04-17 00:00:00,2024-04-19 00:00:00,48,11.2,76.7,25.73,65.81,0.0,17.89,1007.77
2024-04-17 00:00:00,2024-04-19 00:00:00,48,11.2,76.9,25.39,65.45,0.0,15.49,1009.14
2024-04-17 00:00:00,2024-04-19 00:00:00,48,11.2,77.1,21.98,71.36,0.0,20.15,1007.87
2024-04-17 00:00:00,2024-04-20 00:00:00,72,10.3,76.7,25.33,67.68,0.0,13.41,1009.19
2024-04-17 00:00:00,2024-04-20 00:00:00,72,10.3,76.9,21.31,73.44,0.0,14.86,1010.5
2024-04-17 00:00:00,2024-04-20 00:00:00,72,10.3,77.1,20.91,61.87,0.0,15.32,1010.98
2024-04-17 00:00:00,2024-04-20 00:00:00,72,10.6,76.7,20.72,55.69,0.0,20.31,1007.07
2024-04-17 00:00:00,2024-04-20 00:00:00,72,10.6,76.9,22.1,64.03,0.03,16.2,1009.79
2024-04-17 00:00:00,2024-04-20 00:00:00,72,10.6,77.1,27.05,56.86,1.11,11.52,1009.64
2024-04-17 00:00:00,2024-04-20 00:00:00,72,10.9,76.7,28.04,66.36,0.0,18.09,1009.35
2024-04-17 00:00:00,2024-04-20 00:00:00,72,10.9,76.9,21.72,61.36,0.0,20.39,1008.25
2024-04-17 00:00:00,2024-04-20 00:00:00,72,10.9,77.1,27.15,49.18,0.0,12.8,1012.07
2024-04-17 00:00:00,2024-04-20 00:00:00,72,11.2,76.7,25.62,64.36,0.0,8.61,1011.28
2024-04-17 00:00:00,2024-04-20 00:00:00,72,11.2,76.9,22.64,72.45,0.0,8.66,1009.85
2024-04-17 00:00:00,2024-04-20 00:00:00,72,11.2,77.1,26.48,66.8,9.94,11.89,1010.04
2024-04-18 00:00:00,2024-04-19 00:00:00,24,10.3,76.7,23.37,61.59,2.85,14.92,1013.17
2024-04-18 00:00:00,2024-04-19 00:00:00,24,10.3,76.9,24.12,80.19,0.0,9.75,1009.39
2024-04-18 00:00:00,2024-04-19 00:00:00,24,10.3,77.1,24.95,67.54,0.0,15.01,1013.14
2024-04-18 00:00:00,2024-04-19 00:00:00,24,10.6,76.7,26.66,54.07,0.0,12.95,1009.73
2024-04-18 00:00:00,2024-04-19 00:00:00,24,10.6,76.9,22.08,72.1,0.0,21.81,1010.62
2024-04-18 00:00:00,2024-04-19 00:00:00,24,10.6,77.1,25.93,54.9,0.0,18.7,1010.63
2024-04-18 00:00:00,2024-04-19 00:00:00,24,10.9,76.7,22.26,60.59,0.0,6.7,1012.2
2024-04-18 00:00:00,2024-04-19 00:00:00,24,10.9,76.9,24.02,55.71,0.0,17.47,1009.96
2024-04-18 00:00:00,2024-04-19 00:00:00,24,10.9,77.1,27.46,60.07,0.0,15.43,1010.28
2024-04-18 00:00:00,2024-04-19 00:00:00,24,11.2,76.7,28.68,52.58,0.0,16.69,1010.76
2024-04-18 00:00:00,2024-04-19 00:00:00,24,11.2,76.9,23.73,68.15,0.0,9.03,1011.4
2024-04-18 00:00:00,2024-04-19 00:00:00,24,11.2,77.1,23.15,63.59,0.0,11.44,1011.4
2024-04-18 00:00:00,2024-04-20 00:00:00,48,10.3,76.7,24.29,63.59,0.0,13.79,1010.8
2024-04-18 00:00:00,2024-04-20 00:00:00,48,10.3,76.9,20.22,75.88,0.0,15.78,1009.7
2024-04-18 00:00:00,2024-04-20 00:00:00,48,10.3,77.1,23.83,71.57,0.0,7.9,1011.4
2024-04-18 00:00:00,2024-04-20 00:00:00,48,10.6,76.7,25.4,62.91,0.0,15.72,1011.49
2024-04-18 00:00:00,2024-04-20 00:00:00,48,10.6,76.9,24.71,60.56,0.0,15.35,1012.87
2024-04-18 00:00:00,2024-04-20 00:00:00,48,10.6,77.1,27.11,61.72,0.0,18.47,1011.79
2024-04-18 00:00:00,2024-04-20 00:00:00,48,10.9,76.7,25.45,73.33,0.0,13.21,1012.53
2024-04-18 00:00:00,2024-04-20 00:00:00,48,10.9,76.9,19.84,65.55,0.0,15.74,1011.54
2024-04-18 00:00:00,2024-04-20 00:00:00,48,10.9,77.1,26.01,49.59,2.55,17.55,1011.11
2024-04-18 00:00:00,2024-04-20 00:00:00,48,11.2,76.7,22.0,63.44,0.0,20.93,1010.32
2024-04-18 00:00:00,2024-04-20 00:00:00,48,11.2,76.9,22.83,73.72,0.0,18.99,1010.85
2024-04-18 00:00:00,2024-04-20 00:00:00,48,11.2,77.1,22.78,58.85,0.53,10.74,1009.82
2024-04-18 00:00:00,2024-04-21 00:00:00,72,10.3,76.7,22.86,70.43,0.0,25.07,1010.46
2024-04-18 00:00:00,2024-04-21 00:00:00,72,10.3,76.9,24.38,70.49,0.0,13.38,1006.98
2024-04-18 00:00:00,2024-04-21 00:00:00,72,10.3,77.1,23.21,70.8,0.0,11.91,1011.54
2024-04-18 00:00:00,2024-04-21 00:00:00,72,10.6,76.7,28.88,76.15,0.0,14.25,1009.33
2024-04-18 00:00:00,2024-04-21 00:00:00,72,10.6,76.9,24.49,75.96,0.0,13.46,1009.74
2024-04-18 00:00:00,2024-04-21 00:00:00,72,10.6,77.1,25.19,63.21,0.0,11.31,1009.53
2024-04-18 00:00:00,2024-04-21 00:00:00,72,10.9,76.7,24.83,70.48,0.0,12.55,1012.16
2024-04-18 00:00:00,2024-04-21 00:00:00,72,10.9,76.9,25.85,56.3,0.0,11.32,1011.98
2024-04-18 00:00:00,2024-04-21 00:00:00,72,10.9,77.1,18.9,61.32,0.0,10.48,1010.32
2024-04-18 00:00:00,2024-04-21 00:00:00,72,11.2,76.7,25.71,63.45,0.0,12.39,1009.72
2024-04-18 00:00:00,2024-04-21 00:00:00,72,11.2,76.9,32.89,72.11,0.0,15.53,1010.47
2024-04-18 00:00:00,2024-04-21 00:00:00,72,11.2,77.1,21.34,71.85,0.0,9.98,1009.88
2024-04-19 00:00:00,2024-04-20 00:00:00,24,10.3,76.7,25.77,67.29,0.0,9.74,1012.48
2024-04-19 00:00:00,2024-04-20 00:00:00,24,10.3,76.9,24.96,66.32,0.0,18.9,1010.23
2024-04-19 00:00:00,2024-04-20 00:00:00,24,10.3,77.1,23.48,71.58,0.0,14.2,1014.38
2024-04-19 00:00:00,2024-04-20 00:00:00,24,10.6,76.7,23.17,58.5,0.0,16.0,1009.56
2024-04-19 00:00:00,2024-04-20 00:00:00,24,10.6,76.9,24.16,70.05,0.0,15.3,1008.3
2024-04-19 00:00:00,2024-04-20 00:00:00,24,10.6,77.1,25.32,68.28,0.0,13.53,1009.74
2024-04-19 00:00:00,2024-04-20 00:00:00,24,10.9,76.7,23.76,57.75,0.0,5.55,1004.07
2024-04-19 00:00:00,2024-04-20 00:00:00,24,10.9,76.9,24.71,61.26,0.0,11.68,1013.22
2024-04-19 00:00:00,2024-04-20 00:00:00,24,10.9,77.1,26.42,56.36,0.0,22.86,1010.75
2024-04-19 00:00:00,2024-04-20 00:00:00,24,11.2,76.7,26.4,65.61,0.02,9.82,1008.73
2024-04-19 00:00:00,2024-04-20 00:00:00,24,11.2,76.9,26.29,73.96,0.0,19.86,1007.88
2024-04-19 00:00:00,2024-04-20 00:00:00,24,11.2,77.1,25.27,62.95,0.0,10.19,1012.3
2024-04-19 00:00:00,2024-04-21 00:00:00,48,10.3,76.7,22.05,74.51,0.0,11.29,1013.31
2024-04-19 00:00:00,2024-04-21 00:00:00,48,10.3,76.9,21.21,64.37,0.0,13.5,1009.52
2024-04-19 00:00:00,2024-04-21 00:00:00,48,10.3,77.1,25.16,57.55,0.0,9.05,1012.39
2024-04-19 00:00:00,2024-04-21 00:00:00,48,10.6,76.7,23.95,72.54,5.05,16.02,1010.75
2024-04-19 00:00:00,2024-04-21 00:00:00,48,10.6,76.9,23.59,79.26,0.0,19.72,1008.32
2024-04-19 00:00:00,2024-04-21 00:00:00,48,10.6,77.1,24.35,63.31,0.0,15.38,1007.87
2024-04-19 00:00:00,2024-04-21 00:00:00,48,10.9,76.7,26.32,73.8,0.0,16.76,1010.69
2024-04-19 00:00:00,2024-04-21 00:00:00,48,10.9,76.9,23.77,67.01,0.0,15.53,1012.43
2024-04-19 00:00:00,2024-04-21 00:00:00,48,10.9,77.1,28.57,53.23,0.0,9.78,1011.89
2024-04-19 00:00:00,2024-04-21 00:00:00,48,11.2,76.7,26.45,73.36,0.0,21.95,1008.78
2024-04-19 00:00:00,2024-04-21 00:00:00,48,11.2,76.9,26.32,64.25,0.0,12.48,1010.52
2024-04-19 00:00:00,2024-04-21 00:00:00,48,11.2,77.1,25.82,60.17,1.91,15.04,1009.76
2024-04-19 00:00:00,2024-04-22 00:00:00,72,10.3,76.7,23.36,64.74,0.0,18.9,1012.41
2024-04-19 00:00:00,2024-04-22 00:00:00,72,10.3,76.9,23.25,64.24,0.0,14.45,1009.9
2024-04-19 00:00:00,2024-04-22 00:00:00,72,10.3,77.1,24.34,66.03,0.0,11.84,1011.63
2024-04-19 00:00:00,2024-04-22 00:00:00,72,10.6,76.7,22.93,42.82,0.0,12.64,1009.18
2024-04-19 00:00:00,2024-04-22 00:00:00,72,10.6,76.9,27.4,72.83,0.0,13.24,1010.16
2024-04-19 00:00:00,2024-04-22 00:00:00,72,10.6,77.1,22.41,70.27,0.0,9.08,1012.07
2024-04-19 00:00:00,2024-04-22 00:00:00,72,10.9,76.7,21.88,64.31,0.0,13.87,1008.34
2024-04-19 00:00:00,2024-04-22 00:00:00,72,10.9,76.9,22.94,65.34,0.0,17.6,1008.63
2024-04-19 00:00:00,2024-04-22 00:00:00,72,10.9,77.1,22.66,59.96,0.0,16.67,1013.29
2024-04-19 00:00:00,2024-04-22 00:00:00,72,11.2,76.7,22.38,55.44,5.72,13.81,1008.46
2024-04-19 00:00:00,2024-04-22 00:00:00,72,11.2,76.9,27.68,66.02,0.0,8.76,1010.68
2024-04-19 00:00:00,2024-04-22 00:00:00,72,11.2,77.1,22.35,70.99,0.0,13.5,1010.79
2024-04-20 00:00:00,2024-04-21 00:00:00,24,10.3,76.7,23.46,59.33,0.0,19.2,1013.07
2024-04-20 00:00:00,2024-04-21 00:00:00,24,10.3,76.9,25.49,59.45,0.0,13.48,1013.19
2024-04-20 00:00:00,2024-04-21 00:00:00,24,10.3,77.1,24.73,68.66,0.0,12.16,1012.8
2024-04-20 00:00:00,2024-04-21 00:00:00,24,10.6,76.7,22.97,61.33,0.0,17.37,1008.35
2024-04-20 00:00:00,2024-04-21 00:00:00,24,10.6,76.9,26.82,70.7,5.79,10.55,1008.24
2024-04-20 00:00:00,2024-04-21 00:00:00,24,10.6,77.1,27.04,79.47,0.0,14.54,1011.26
2024-04-20 00:00:00,2024-04-21 00:00:00,24,10.9,76.7,25.44,52.18,0.0,16.3,1010.22
2024-04-20 00:00:00,2024-04-21 00:00:00,24,10.9,76.9,23.35,55.67,0.0,15.19,1005.8
2024-04-20 00:00:00,2024-04-21 00:00:00,24,10.9,77.1,24.76,75.87,0.0,16.76,1012.87
2024-04-20 00:00:00,2024-04-21 00:00:00,24,11.2,76.7,24.27,62.32,0.0,19.18,1010.43
2024-04-20 00:00:00,2024-04-21 00:00:00,24,11.2,76.9,23.52,51.68,0.0,16.12,1009.82
2024-04-20 00:00:00,2024-04-21 00:00:00,24,11.2,77.1,22.36,81.51,0.0,21.01,1008.51
2024-04-20 00:00:00,2024-04-22 00:00:00,48,10.3,76.7,26.41,71.93,0.0,11.83,1014.81
2024-04-20 00:00:00,2024-04-22 00:00:00,48,10.3,76.9,24.98,59.94,0.0,14.25,1012.7
2024-04-20 00:00:00,2024-04-22 00:00:00,48,10.3,77.1,24.34,59.22,0.0,15.93,1013.87
2024-04-20 00:00:00,2024-04-22 00:00:00,48,10.6,76.7,25.84,53.56,0.0,15.41,1010.32
2024-04-20 00:00:00,2024-04-22 00:00:00,48,10.6,76.9,22.15,55.32,0.0,14.18,1010.89
2024-04-20 00:00:00,2024-04-22 00:00:00,48,10.6,77.1,24.24,64.17,0.0,15.36,1013.3
2024-04-20 00:00:00,2024-04-22 00:00:00,48,10.9,76.7,22.36,58.54,0.0,18.72,1010.63
2024-04-20 00:00:00,2024-04-22 00:00:00,48,10.9,76.9,23.6,49.35,0.0,16.7,1009.58
2024-04-20 00:00:00,2024-04-22 00:00:00,48,10.9,77.1,24.76,48.95,0.0,13.65,1009.42
2024-04-20 00:00:00,2024-04-22 00:00:00,48,11.2,76.7,27.22,64.22,0.0,8.82,1009.51
2024-04-20 00:00:00,2024-04-22 00:00:00,48,11.2,76.9,27.55,64.77,0.0,11.19,1011.45
2024-04-20 00:00:00,2024-04-22 00:00:00,48,11.2,77.1,27.3,66.91,0.0,19.49,1011.06
2024-04-20 00:00:00,2024-04-23 00:00:00,72,10.3,76.7,27.79,65.55,0.0,12.75,1011.23
2024-04-20 00:00:00,2024-04-23 00:00:00,72,10.3,76.9,24.18,64.35,0.0,16.07,1008.82
2024-04-20 00:00:00,2024-04-23 00:00:00,72,10.3,77.1,25.44,58.05,0.0,10.25,1011.26
2024-04-20 00:00:00,2024-04-23 00:00:00,72,10.6,76.7,26.86,65.68,2.25,18.21,1008.69
2024-04-20 00:00:00,2024-04-23 00:00:00,72,10.6,76.9,26.81,61.98,0.0,14.73,1010.33
2024-04-20 00:00:00,2024-04-23 00:00:00,72,10.6,77.1,24.69,62.88,0.0,18.73,1012.23
2024-04-20 00:00:00,2024-04-23 00:00:00,72,10.9,76.7,22.44,62.7,0.0,17.76,1007.37
2024-04-20 00:00:00,2024-04-23 00:00:00,72,10.9,76.9,17.09,59.13,0.0,16.66,1012.83
2024-04-20 00:00:00,2024-04-23 00:00:00,72,10.9,77.1,26.27,62.66,0.0,12.96,1009.96
2024-04-20 00:00:00,2024-04-23 00:00:00,72,11.2,76.7,23.5,65.16,0.0,22.33,1008.89
2024-04-20 00:00:00,2024-04-23 00:00:00,72,11.2,76.9,22.17,58.96,0.0,10.35,1012.86
2024-04-20 00:00:00,2024-04-23 00:00:00,72,11.2,77.1,24.34,61.13,0.0,14.83,1012.09
2024-04-21 00:00:00,2024-04-22 00:00:00,24,10.3,76.7,21.54,70.74,4.46,16.88,1013.09
2024-04-21 00:00:00,2024-04-22 00:00:00,24,10.3,76.9,25.44,74.5,3.4,14.22,1012.45
2024-04-21 00:00:00,2024-04-22 00:00:00,24,10.3,77.1,24.69,64.33,0.0,16.76,1014.84
2024-04-21 00:00:00,2024-04-22 00:00:00,24,10.6,76.7,25.34,65.52,0.0,12.79,1011.41
2024-04-21 00:00:00,2024-04-22 00:00:00,24,10.6,76.9,25.75,78.45,0.0,22.9,1012.57
2024-04-21 00:00:00,2024-04-22 00:00:00,24,10.6,77.1,25.0,62.09,0.0,19.0,1010.18
2024-04-21 00:00:00,2024-04-22 00:00:00,24,10.9,76.7,23.92,66.31,0.0,23.07,1009.08
2024-04-21 00:00:00,2024-04-22 00:00:00,24,10.9,76.9,24.62,56.46,2.71,15.23,1009.09
2024-04-21 00:00:00,2024-04-22 00:00:00,24,10.9,77.1,22.26,79.26,7.37,10.06,1009.47
2024-04-21 00:00:00,2024-04-22 00:00:00,24,11.2,76.7,24.86,61.51,0.0,14.18,1007.75
2024-04-21 00:00:00,2024-04-22 00:00:00,24,11.2,76.9,23.97,70.66,0.0,15.5,1007.69
2024-04-21 00:00:00,2024-04-22 00:00:00,24,11.2,77.1,24.94,66.04,3.89,8.53,1010.37
2024-04-21 00:00:00,2024-04-23 00:00:00,48,10.3,76.7,22.66,59.31,0.0,9.67,1011.79
2024-04-21 00:00:00,2024-04-23 00:00:00,48,10.3,76.9,22.79,63.18,0.0,12.06,1013.53
2024-04-21 00:00:00,2024-04-23 00:00:00,48,10.3,77.1,26.04,62.41,0.0,20.48,1008.57
2024-04-21 00:00:00,2024-04-23 00:00:00,48,10.6,76.7,24.57,58.71,0.0,7.78,1010.37
2024-04-21 00:00:00,2024-04-23 00:00:00,48,10.6,76.9,22.07,70.38,0.0,14.18,1010.22
2024-04-21 00:00:00,2024-04-23 00:00:00,48,10.6,77.1,24.15,90.69,0.0,15.75,1010.92
2024-04-21 00:00:00,2024-04-23 00:00:00,48,10.9,76.7,25.34,76.34,4.11,16.06,1010.46
2024-04-21 00:00:00,2024-04-23 00:00:00,48,10.9,76.9,27.95,43.23,0.0,15.28,1011.28
2024-04-21 00:00:00,2024-04-23 00:00:00,48,10.9,77.1,26.21,62.82,0.0,15.49,1010.67
2024-04-21 00:00:00,2024-04-23 00:00:00,48,11.2,76.7,21.25,48.44,0.0,10.17,1009.84
2024-04-21 00:00:00,2024-04-23 00:00:00,48,11.2,76.9,22.24,80.82,0.0,14.21,1010.49
2024-04-21 00:00:00,2024-04-23 00:00:00,48,11.2,77.1,24.59,60.3,0.0,21.62,1009.27
2024-04-21 00:00:00,2024-04-24 00:00:00,72,10.3,76.7,27.86,58.18,0.0,12.36,1012.16
2024-04-21 00:00:00,2024-04-24 00:00:00,72,10.3,76.9,24.08,46.67,0.0,15.61,1010.89
2024-04-21 00:00:00,2024-04-24 00:00:00,72,10.3,77.1,23.2,63.38,0.0,9.72,1011.6
2024-04-21 00:00:00,2024-04-24 00:00:00,72,10.6,76.7,26.11,60.1,0.0,9.72,1008.44
2024-04-21 00:00:00,2024-04-24 00:00:00,72,10.6,76.9,23.52,67.13,0.0,13.79,1012.08
2024-04-21 00:00:00,2024-04-24 00:00:00,72,10.6,77.1,26.57,73.33,0.0,14.03,1010.0
2024-04-21 00:00:00,2024-04-24 00:00:00,72,10.9,76.7,26.44,61.79,0.0,15.33,1011.44
2024-04-21 00:00:00,2024-04-24 00:00:00,72,10.9,76.9,23.42,52.17,0.0,5.37,1012.75
2024-04-21 00:00:00,2024-04-24 00:00:00,72,10.9,77.1,29.28,73.28,0.0,6.38,1010.24
2024-04-21 00:00:00,2024-04-24 00:00:00,72,11.2,76.7,27.18,51.4,0.0,16.05,1008.81
2024-04-21 00:00:00,2024-04-24 00:00:00,72,11.2,76.9,20.45,63.02,0.0,20.2,1006.68
2024-04-21 00:00:00,2024-04-24 00:00:00,72,11.2,77.1,27.68,67.71,0.0,17.72,1009.44
2024-04-22 00:00:00,2024-04-23 00:00:00,24,10.3,76.7,24.16,55.7,0.0,10.52,1011.73
2024-04-22 00:00:00,2024-04-23 00:00:00,24,10.3,76.9,26.05,59.31,0.0,11.01,1012.29
2024-04-22 00:00:00,2024-04-23 00:00:00,24,10.3,77.1,25.75,70.15,0.0,19.1,1013.68
2024-04-22 00:00:00,2024-04-23 00:00:00,24,10.6,76.7,24.12,70.03,0.0,18.0,1009.15
2024-04-22 00:00:00,2024-04-23 00:00:00,24,10.6,76.9,25.2,55.51,0.0,15.74,1010.65
2024-04-22 00:00:00,2024-04-23 00:00:00,24,10.6,77.1,24.96,49.36,3.4,10.2,1009.51
2024-04-22 00:00:00,2024-04-23 00:00:00,24,10.9,76.7,23.21,59.15,0.0,14.06,1012.5
2024-04-22 00:00:00,2024-04-23 00:00:00,24,10.9,76.9,24.82,56.92,1.45,13.66,1010.18
2024-04-22 00:00:00,2024-04-23 00:00:00,24,10.9,77.1,23.17,57.83,0.0,14.39,1012.69
2024-04-22 00:00:00,2024-04-23 00:00:00,24,11.2,76.7,24.63,60.97,0.0,11.76,1009.56
2024-04-22 00:00:00,2024-04-23 00:00:00,24,11.2,76.9,22.91,78.59,0.0,14.12,1008.84
2024-04-22 00:00:00,2024-04-23 00:00:00,24,11.2,77.1,24.14,64.55,0.0,10.95,1006.74
2024-04-22 00:00:00,2024-04-24 00:00:00,48,10.3,76.7,22.55,62.77,0.38,12.06,1010.36
2024-04-22 00:00:00,2024-04-24 00:00:00,48,10.3,76.9,22.58,77.77,0.0,11.85,1009.89
2024-04-22 00:00:00,2024-04-24 00:00:00,48,10.3,77.1,22.72,57.81,0.0,17.02,1011.81
2024-04-22 00:00:00,2024-04-24 00:00:00,48,10.6,76.7,21.76,70.11,0.0,12.29,1014.3
2024-04-22 00:00:00,2024-04-24 00:00:00,48,10.6,76.9,25.86,63.88,0.0,8.38,1011.27
2024-04-22 00:00:00,2024-04-24 00:00:00,48,10.6,77.1,26.12,58.21,0.0,13.25,1013.12
2024-04-22 00:00:00,2024-04-24 00:00:00,48,10.9,76.7,24.79,54.86,0.0,19.46,1008.13
2024-04-22 00:00:00,2024-04-24 00:00:00,48,10.9,76.9,25.44,58.58,0.0,6.55,1008.4
2024-04-22 00:00:00,2024-04-24 00:00:00,48,10.9,77.1,25.62,59.23,0.0,16.0,1011.63
2024-04-22 00:00:00,2024-04-24 00:00:00,48,11.2,76.7,24.15,65.85,0.0,13.79,1008.07
2024-04-22 00:00:00,2024-04-24 00:00:00,48,11.2,76.9,26.68,64.44,0.0,14.76,1012.26
2024-04-22 00:00:00,2024-04-24 00:00:00,48,11.2,77.1,24.44,65.1,0.0,10.91,1009.03
2024-04-22 00:00:00,2024-04-25 00:00:00,72,10.3,76.7,26.52,54.41,0.0,11.99,1009.28
2024-04-22 00:00:00,2024-04-25 00:00:00,72,10.3,76.9,22.23,68.86,0.0,19.88,1012.02
2024-04-22 00:00:00,2024-04-25 00:00:00,72,10.3,77.1,23.64,76.8,0.0,11.89,1009.27
2024-04-22 00:00:00,2024-04-25 00:00:00,72,10.6,76.7,27.41,70.76,4.6,14.26,1008.01
2024-04-22 00:00:00,2024-04-25 00:00:00,72,10.6,76.9,26.37,57.69,0.0,11.46,1011.74
2024-04-22 00:00:00,2024-04-25 00:00:00,72,10.6,77.1,20.81,61.06,0.0,11.74,1009.27
2024-04-22 00:00:00,2024-04-25 00:00:00,72,10.9,76.7,23.21,72.99,4.2,14.56,1011.68
2024-04-22 00:00:00,2024-04-25 00:00:00,72,10.9,76.9,21.3,64.51,0.0,12.05,1011.85
2024-04-22 00:00:00,2024-04-25 00:00:00,72,10.9,77.1,22.82,63.46,0.0,13.49,1008.49
2024-04-22 00:00:00,2024-04-25 00:00:00,72,11.2,76.7,23.34,56.22,0.0,13.17,1009.63
2024-04-22 00:00:00,2024-04-25 00:00:00,72,11.2,76.9,25.29,68.92,0.0,17.45,1009.41
2024-04-22 00:00:00,2024-04-25 00:00:00,72,11.2,77.1,21.37,68.65,3.2,16.51,1013.05
2024-04-23 00:00:00,2024-04-24 00:00:00,24,10.3,76.7,24.48,62.3,0.0,13.64,1012.8
2024-04-23 00:00:00,2024-04-24 00:00:00,24,10.3,76.9,24.37,67.81,0.0,11.87,1009.7
2024-04-23 00:00:00,2024-04-24 00:00:00,24,10.3,77.1,24.6,66.84,0.0,16.54,1009.72
2024-04-23 00:00:00,2024-04-24 00:00:00,24,10.6,76.7,21.35,54.39,0.0,13.08,1009.81
2024-04-23 00:00:00,2024-04-24 00:00:00,24,10.6,76.9,26.09,66.83,0.0,15.67,1009.23
2024-04-23 00:00:00,2024-04-24 00:00:00,24,10.6,77.1,25.65,58.99,0.0,18.55,1012.04
2024-04-23 00:00:00,2024-04-24 00:00:00,24,10.9,76.7,26.84,64.78,0.0,19.89,1009.72
2024-04-23 00:00:00,2024-04-24 00:00:00,24,10.9,76.9,26.08,59.6,0.0,9.81,1010.5
2024-04-23 00:00:00,2024-04-24 00:00:00,24,10.9,77.1,23.86,72.65,0.0,16.8,1008.73
2024-04-23 00:00:00,2024-04-24 00:00:00,24,11.2,76.7,24.21,61.46,0.0,21.77,1010.4
2024-04-23 00:00:00,2024-04-24 00:00:00,24,11.2,76.9,26.49,66.81,0.0,14.85,1009.43
2024-04-23 00:00:00,2024-04-24 00:00:00,24,11.2,77.1,26.04,68.81,0.0,10.01,1008.41
2024-04-23 00:00:00,2024-04-25 00:00:00,48,10.3,76.7,24.6,46.78,0.0,16.78,1009.61
2024-04-23 00:00:00,2024-04-25 00:00:00,48,10.3,76.9,24.57,65.59,0.0,2.68,1013.43
2024-04-23 00:00:00,2024-04-25 00:00:00,48,10.3,77.1,27.48,58.98,0.0,12.26,1012.91
2024-04-23 00:00:00,2024-04-25 00:00:00,48,10.6,76.7,24.91,72.2,0.0,15.35,1012.38
2024-04-23 00:00:00,2024-04-25 00:00:00,48,10.6,76.9,25.61,72.52,0.0,17.59,1010.81
2024-04-23 00:00:00,2024-04-25 00:00:00,48,10.6,77.1,25.2,56.66,1.05,7.43,1011.58
2024-04-23 00:00:00,2024-04-25 00:00:00,48,10.9,76.7,23.28,58.26,0.0,17.4,1010.98
2024-04-23 00:00:00,2024-04-25 00:00:00,48,10.9,76.9,22.05,62.78,0.0,10.35,1008.01
2024-04-23 00:00:00,2024-04-25 00:00:00,48,10.9,77.1,24.08,67.99,0.0,11.89,1009.57
2024-04-23 00:00:00,2024-04-25 00:00:00,48,11.2,76.7,24.75,58.21,0.0,4.63,1010.75
2024-04-23 00:00:00,2024-04-25 00:00:00,48,11.2,76.9,24.87,61.4,0.0,16.4,1010.29
2024-04-23 00:00:00,2024-04-25 00:00:00,48,11.2,77.1,24.62,65.39,0.0,12.23,1007.58
2024-04-23 00:00:00,2024-04-26 00:00:00,72,10.3,76.7,26.57,62.57,0.0,13.57,1007.69
2024-04-23 00:00:00,2024-04-26 00:00:00,72,10.3,76.9,21.39,72.82,0.0,13.34,1010.47
2024-04-23 00:00:00,2024-04-26 00:00:00,72,10.3,77.1,26.22,50.18,0.77,14.48,1011.81
2024-04-23 00:00:00,2024-04-26 00:00:00,72,10.6,76.7,25.03,69.31,0.0,6.71,1012.47
2024-04-23 00:00:00,2024-04-26 00:00:00,72,10.6,76.9,24.3,71.73,0.0,13.21,1006.89
2024-04-23 00:00:00,2024-04-26 00:00:00,72,10.6,77.1,27.7,66.25,0.0,15.19,1008.2
2024-04-23 00:00:00,2024-04-26 00:00:00,72,10.9,76.7,26.4,69.85,0.0,13.67,1008.66
2024-04-23 00:00:00,2024-04-26 00:00:00,72,10.9,76.9,26.28,61.81,0.0,11.78,1010.47
2024-04-23 00:00:00,2024-04-26 00:00:00,72,10.9,77.1,22.12,53.13,0.0,20.97,1009.61
2024-04-23 00:00:00,2024-04-26 00:00:00,72,11.2,76.7,23.61,60.6,0.0,13.08,1008.57
2024-04-23 00:00:00,2024-04-26 00:00:00,72,11.2,76.9,25.73,68.05,0.0,3.0,1007.99
2024-04-23 00:00:00,2024-04-26 00:00:00,72,11.2,77.1,22.21,68.24,0.0,16.22,1010.07
2024-04-24 00:00:00,2024-04-25 00:00:00,24,10.3,76.7,22.57,64.33,0.0,16.24,1011.28
2024-04-24 00:00:00,2024-04-25 00:00:00,24,10.3,76.9,24.05,71.31,0.0,19.87,1011.52
2024-04-24 00:00:00,2024-04-25 00:00:00,24,10.3,77.1,26.4,53.84,0.01,14.37,1013.0
2024-04-24 00:00:00,2024-04-25 00:00:00,24,10.6,76.7,24.13,79.99,0.0,18.93,1013.92
2024-04-24 00:00:00,2024-04-25 00:00:00,24,10.6,76.9,26.98,72.63,0.0,12.3,1011.29
2024-04-24 00:00:00,2024-04-25 00:00:00,24,10.6,77.1,22.53,60.77,0.0,17.38,1011.23
2024-04-24 00:00:00,2024-04-25 00:00:00,24,10.9,76.7,26.44,43.82,0.0,13.87,1007.53
2024-04-24 00:00:00,2024-04-25 00:00:00,24,10.9,76.9,24.97,65.78,0.0,13.61,1011.86
2024-04-24 00:00:00,2024-04-25 00:00:00,24,10.9,77.1,22.27,60.42,0.0,17.27,1010.6
2024-04-24 00:00:00,2024-04-25 00:00:00,24,11.2,76.7,23.63,52.79,0.0,19.66,1010.05
2024-04-24 00:00:00,2024-04-25 00:00:00,24,11.2,76.9,24.97,57.56,0.0,12.86,1010.1
2024-04-24 00:00:00,2024-04-25 00:00:00,24,11.2,77.1,24.45,64.21,0.0,16.05,1010.69
2024-04-24 00:00:00,2024-04-26 00:00:00,48,10.3,76.7,24.74,64.95,0.0,23.1,1010.22
2024-04-24 00:00:00,2024-04-26 00:00:00,48,10.3,76.9,25.02,73.34,0.0,13.68,1011.51
2024-04-24 00:00:00,2024-04-26 00:00:00,48,10.3,77.1,25.06,51.05,0.0,13.77,1012.46
2024-04-24 00:00:00,2024-04-26 00:00:00,48,10.6,76.7,24.87,79.31,0.0,12.29,1011.43
2024-04-24 00:00:00,2024-04-26 00:00:00,48,10.6,76.9,25.08,45.82,0.0,19.45,1012.27
2024-04-24 00:00:00,2024-04-26 00:00:00,48,10.6,77.1,25.76,73.03,5.98,14.01,1010.86
2024-04-24 00:00:00,2024-04-26 00:00:00,48,10.9,76.7,26.37,69.27,0.0,8.05,1010.64
2024-04-24 00:00:00,2024-04-26 00:00:00,48,10.9,76.9,23.8,68.31,0.0,10.85,1010.14
2024-04-24 00:00:00,2024-04-26 00:00:00,48,10.9,77.1,24.51,61.69,0.0,15.82,1013.2
2024-04-24 00:00:00,2024-04-26 00:00:00,48,11.2,76.7,25.67,72.79,0.0,18.45,1009.76
2024-04-24 00:00:00,2024-04-26 00:00:00,48,11.2,76.9,20.88,81.46,2.7,11.06,1010.16
2024-04-24 00:00:00,2024-04-26 00:00:00,48,11.2,77.1,24.84,70.89,0.0,13.96,1008.5
2024-04-24 00:00:00,2024-04-27 00:00:00,72,10.3,76.7,24.27,54.17,0.0,17.89,1011.14
2024-04-24 00:00:00,2024-04-27 00:00:00,72,10.3,76.9,22.21,66.63,0.0,14.6,1009.19
2024-04-24 00:00:00,2024-04-27 00:00:00,72,10.3,77.1,26.63,59.7,0.0,14.9,1011.44
2024-04-24 00:00:00,2024-04-27 00:00:00,72,10.6,76.7,22.52,70.11,0.0,16.41,1013.4
2024-04-24 00:00:00,2024-04-27 00:00:00,72,10.6,76.9,23.49,59.66,0.0,17.98,1010.32
2024-04-24 00:00:00,2024-04-27 00:00:00,72,10.6,77.1,29.64,72.37,0.0,12.93,1010.06
2024-04-24 00:00:00,2024-04-27 00:00:00,72,10.9,76.7,28.23,62.24,0.0,13.71,1009.82
2024-04-24 00:00:00,2024-04-27 00:00:00,72,10.9,76.9,20.05,68.46,5.07,8.84,1008.89
2024-04-24 00:00:00,2024-04-27 00:00:00,72,10.9,77.1,25.09,71.12,0.0,10.95,1011.25
2024-04-24 00:00:00,2024-04-27 00:00:00,72,11.2,76.7,25.0,59.95,0.0,18.83,1011.29
2024-04-24 00:00:00,2024-04-27 00:00:00,72,11.2,76.9,23.42,83.44,0.0,13.36,1011.91
2024-04-24 00:00:00,2024-04-27 00:00:00,72,11.2,77.1,23.78,66.91,0.0,22.84,1008.77
2024-04-25 00:00:00,2024-04-26 00:00:00,24,10.3,76.7,25.49,72.79,0.0,11.54,1008.43
2024-04-25 00:00:00,2024-04-26 00:00:00,24,10.3,76.9,21.37,56.53,15.46,13.91,1011.06
2024-04-25 00:00:00,2024-04-26 00:00:00,24,10.3,77.1,26.71,59.16,0.0,8.65,1011.05
2024-04-25 00:00:00,2024-04-26 00:00:00,24,10.6,76.7,24.15,68.47,0.0,21.42,1008.71
2024-04-25 00:00:00,2024-04-26 00:00:00,24,10.6,76.9,27.15,85.94,0.0,12.85,1011.28
2024-04-25 00:00:00,2024-04-26 00:00:00,24,10.6,77.1,26.31,60.41,0.0,12.93,1009.28
2024-04-25 00:00:00,2024-04-26 00:00:00,24,10.9,76.7,24.77,78.78,0.0,14.92,1012.8
2024-04-25 00:00:00,2024-04-26 00:00:00,24,10.9,76.9,25.47,56.38,0.0,12.4,1009.13
2024-04-25 00:00:00,2024-04-26 00:00:00,24,10.9,77.1,25.01,66.71,0.0,14.67,1010.31
2024-04-25 00:00:00,2024-04-26 00:00:00,24,11.2,76.7,23.26,63.64,0.0,12.66,1008.36
2024-04-25 00:00:00,2024-04-26 00:00:00,24,11.2,76.9,23.09,59.15,0.0,19.72,1007.48
2024-04-25 00:00:00,2024-04-26 00:00:00,24,11.2,77.1,22.64,66.65,0.0,12.03,1009.45
2024-04-25 00:00:00,2024-04-27 00:00:00,48,10.3,76.7,26.37,65.05,0.0,12.16,1011.77
2024-04-25 00:00:00,2024-04-27 00:00:00,48,10.3,76.9,24.72,53.47,0.0,18.03,1011.23
2024-04-25 00:00:00,2024-04-27 00:00:00,48,10.3,77.1,20.46,65.79,0.0,12.2,1013.57
2024-04-25 00:00:00,2024-04-27 00:00:00,48,10.6,76.7,22.48,48.32,4.24,13.56,1011.26
2024-04-25 00:00:00,2024-04-27 00:00:00,48,10.6,76.9,25.35,64.82,0.0,18.82,1011.65
2024-04-25 00:00:00,2024-04-27 00:00:00,48,10.6,77.1,23.37,65.2,0.0,19.52,1011.22
2024-04-25 00:00:00,2024-04-27 00:00:00,48,10.9,76.7,20.7,65.35,7.44,16.54,1009.98
2024-04-25 00:00:00,2024-04-27 00:00:00,48,10.9,76.9,23.6,56.53,0.0,10.89,1008.74
2024-04-25 00:00:00,2024-04-27 00:00:00,48,10.9,77.1,23.41,63.57,0.0,15.06,1011.46
2024-04-25 00:00:00,2024-04-27 00:00:00,48,11.2,76.7,23.37,74.89,0.0,16.93,1010.47
2024-04-25 00:00:00,2024-04-27 00:00:00,48,11.2,76.9,22.07,62.42,0.0,17.55,1010.14
2024-04-25 00:00:00,2024-04-27 00:00:00,48,11.2,77.1,25.14,68.52,4.28,15.03,1008.45
2024-04-25 00:00:00,2024-04-28 00:00:00,72,10.3,76.7,19.52,63.12,1.63,21.79,1011.94
2024-04-25 00:00:00,2024-04-28 00:00:00,72,10.3,76.9,17.99,51.79,0.0,11.27,1011.51
2024-04-25 00:00:00,2024-04-28 00:00:00,72,10.3,77.1,25.07,63.54,0.0,15.93,1011.9
2024-04-25 00:00:00,2024-04-28 00:00:00,72,10.6,76.7,21.26,69.64,0.0,9.22,1009.9
2024-04-25 00:00:00,2024-04-28 00:00:00,72,10.6,76.9,17.09,74.53,0.0,19.32,1011.72
2024-04-25 00:00:00,2024-04-28 00:00:00,72,10.6,77.1,22.92,58.25,0.0,15.77,1010.25
2024-04-25 00:00:00,2024-04-28 00:00:00,72,10.9,76.7,24.84,69.93,0.0,17.21,1009.72
2024-04-25 00:00:00,2024-04-28 00:00:00,72,10.9,76.9,23.59,66.66,0.0,12.97,1007.89
2024-04-25 00:00:00,2024-04-28 00:00:00,72,10.9,77.1,32.01,60.83,0.0,16.51,1008.56
2024-04-25 00:00:00,2024-04-28 00:00:00,72,11.2,76.7,22.99,66.87,0.0,7.66,1006.18
2024-04-25 00:00:00,2024-04-28 00:00:00,72,11.2,76.9,21.36,62.52,0.0,15.9,1010.06
2024-04-25 00:00:00,2024-04-28 00:00:00,72,11.2,77.1,25.63,71.22,0.0,10.66,1008.83
2024-04-26 00:00:00,2024-04-27 00:00:00,24,10.3,76.7,23.81,61.31,0.0,18.76,1009.59
2024-04-26 00:00:00,2024-04-27 00:00:00,24,10.3,76.9,24.45,69.2,0.0,15.56,1011.75
2024-04-26 00:00:00,2024-04-27 00:00:00,24,10.3,77.1,23.04,69.17,0.0,10.52,1010.26
2024-04-26 00:00:00,2024-04-27 00:00:00,24,10.6,76.7,22.57,67.12,0.0,14.24,1010.58
2024-04-26 00:00:00,2024-04-27 00:00:00,24,10.6,76.9,23.19,75.75,0.0,12.8,1008.73
2024-04-26 00:00:00,2024-04-27 00:00:00,24,10.6,77.1,22.35,68.45,0.0,9.06,1009.75
2024-04-26 00:00:00,2024-04-27 00:00:00,24,10.9,76.7,24.98,62.78,0.0,12.61,1007.92
2024-04-26 00:00:00,2024-04-27 00:00:00,24,10.9,76.9,24.47,56.25,0.0,14.61,1012.02
2024-04-26 00:00:00,2024-04-27 00:00:00,24,10.9,77.1,25.63,61.2,13.77,12.57,1011.34
2024-04-26 00:00:00,2024-04-27 00:00:00,24,11.2,76.7,23.4,69.22,0.9,17.84,1008.72
2024-04-26 00:00:00,2024-04-27 00:00:00,24,11.2,76.9,24.57,67.5,0.0,9.06,1008.71
2024-04-26 00:00:00,2024-04-27 00:00:00,24,11.2,77.1,21.89,59.31,0.0,11.31,1009.2
2024-04-26 00:00:00,2024-04-28 00:00:00,48,10.3,76.7,20.5,61.48,0.0,10.01,1012.93
2024-04-26 00:00:00,2024-04-28 00:00:00,48,10.3,76.9,29.13,66.13,0.0,15.91,1009.8
2024-04-26 00:00:00,2024-04-28 00:00:00,48,10.3,77.1,24.07,53.59,0.0,13.39,1011.51
2024-04-26 00:00:00,2024-04-28 00:00:00,48,10.6,76.7,21.01,74.11,0.0,11.95,1010.78
2024-04-26 00:00:00,2024-04-28 00:00:00,48,10.6,76.9,25.54,58.89,1.02,13.87,1008.26
2024-04-26 00:00:00,2024-04-28 00:00:00,48,10.6,77.1,21.41,60.2,0.0,18.09,1011.24
2024-04-26 00:00:00,2024-04-28 00:00:00,48,10.9,76.7,24.66,59.18,1.28,14.32,1009.58
2024-04-26 00:00:00,2024-04-28 00:00:00,48,10.9,76.9,24.99,89.32,0.0,17.13,1007.05
2024-04-26 00:00:00,2024-04-28 00:00:00,48,10.9,77.1,26.77,65.78,0.0,14.82,1009.85
2024-04-26 00:00:00,2024-04-28 00:00:00,48,11.2,76.7,23.85,57.14,0.0,16.48,1008.06
2024-04-26 00:00:00,2024-04-28 00:00:00,48,11.2,76.9,25.54,55.98,7.76,18.19,1010.98
2024-04-26 00:00:00,2024-04-28 00:00:00,48,11.2,77.1,23.31,60.93,0.0,18.3,1010.27
2024-04-26 00:00:00,2024-04-29 00:00:00,72,10.3,76.7,21.75,73.53,0.0,16.14,1015.4
2024-04-26 00:00:00,2024-04-29 00:00:00,72,10.3,76.9,24.74,60.06,0.0,14.7,1010.93
2024-04-26 00:00:00,2024-04-29 00:00:00,72,10.3,77.1,23.1,59.22,0.0,12.98,1010.47
2024-04-26 00:00:00,2024-04-29 00:00:00,72,10.6,76.7,22.44,62.58,0.0,12.87,1012.6
2024-04-26 00:00:00,2024-04-29 00:00:00,72,10.6,76.9,29.07,73.94,0.0,12.67,1008.18
2024-04-26 00:00:00,2024-04-29 00:00:00,72,10.6,77.1,26.51,63.43,0.0,16.47,1012.37
2024-04-26 00:00:00,2024-04-29 00:00:00,72,10.9,76.7,24.96,67.51,0.0,12.52,1010.39
2024-04-26 00:00:00,2024-04-29 00:00:00,72,10.9,76.9,23.11,65.28,0.0,16.59,1008.52
2024-04-26 00:00:00,2024-04-29 00:00:00,72,10.9,77.1,26.63,65.12,0.0,13.78,1011.87
2024-04-26 00:00:00,2024-04-29 00:00:00,72,11.2,76.7,23.61,71.08,0.0,7.48,1009.8
2024-04-26 00:00:00,2024-04-29 00:00:00,72,11.2,76.9,28.37,71.68,5.34,17.68,1009.14
2024-04-26 00:00:00,2024-04-29 00:00:00,72,11.2,77.1,27.19,68.49,0.0,14.15,1009.43
2024-04-27 00:00:00,2024-04-28 00:00:00,24,10.3,76.7,24.35,57.75,0.0,10.64,1013.49
2024-04-27 00:00:00,2024-04-28 00:00:00,24,10.3,76.9,26.16,64.04,0.0,15.6,1012.56
2024-04-27 00:00:00,2024-04-28 00:00:00,24,10.3,77.1,24.82,59.15,0.0,10.87,1013.44
2024-04-27 00:00:00,2024-04-28 00:00:00,24,10.6,76.7,23.33,60.22,0.0,12.89,1006.91
2024-04-27 00:00:00,2024-04-28 00:00:00,24,10.6,76.9,27.32,71.62,0.0,11.32,1011.13
2024-04-27 00:00:00,2024-04-28 00:00:00,24,10.6,77.1,25.77,72.5,0.0,24.9,1011.89
2024-04-27 00:00:00,2024-04-28 00:00:00,24,10.9,76.7,23.13,70.2,0.0,6.33,1008.32
2024-04-27 00:00:00,2024-04-28 00:00:00,24,10.9,76.9,22.41,67.53,0.0,10.95,1011.48
2024-04-27 00:00:00,2024-04-28 00:00:00,24,10.9,77.1,21.64,84.14,0.46,15.62,1009.96
2024-04-27 00:00:00,2024-04-28 00:00:00,24,11.2,76.7,26.48,64.08,0.0,17.5,1012.79
2024-04-27 00:00:00,2024-04-28 00:00:00,24,11.2,76.9,23.92,82.71,0.0,16.21,1011.5
2024-04-27 00:00:00,2024-04-28 00:00:00,24,11.2,77.1,22.52,88.77,0.0,15.66,1007.8
2024-04-27 00:00:00,2024-04-29 00:00:00,48,10.3,76.7,23.15,44.83,0.0,17.73,1012.55
2024-04-27 00:00:00,2024-04-29 00:00:00,48,10.3,76.9,27.21,75.46,0.0,17.4,1009.88
2024-04-27 00:00:00,2024-04-29 00:00:00,48,10.3,77.1,22.1,67.23,0.0,7.85,1010.25
2024-04-27 00:00:00,2024-04-29 00:00:00,48,10.6,76.7,21.19,75.14,0.0,11.5,1010.69
2024-04-27 00:00:00,2024-04-29 00:00:00,48,10.6,76.9,23.03,70.27,0.0,12.64,1008.94
2024-04-27 00:00:00,2024-04-29 00:00:00,48,10.6,77.1,23.81,64.45,0.0,11.09,1012.88
2024-04-27 00:00:00,2024-04-29 00:00:00,48,10.9,76.7,24.7,47.0,0.0,12.71,1010.31
2024-04-27 00:00:00,2024-04-29 00:00:00,48,10.9,76.9,26.07,63.73,0.0,8.47,1011.59
2024-04-27 00:00:00,2024-04-29 00:00:00,48,10.9,77.1,22.34,65.84,3.0,15.04,1009.87
2024-04-27 00:00:00,2024-04-29 00:00:00,48,11.2,76.7,23.61,56.03,0.0,14.89,1006.52
2024-04-27 00:00:00,2024-04-29 00:00:00,48,11.2,76.9,23.34,75.68,0.0,8.2,1007.85
2024-04-27 00:00:00,2024-04-29 00:00:00,48,11.2,77.1,23.42,57.11,0.0,15.33,1010.42
2024-04-27 00:00:00,2024-04-30 00:00:00,72,10.3,76.7,27.05,66.54,0.0,17.0,1012.17
2024-04-27 00:00:00,2024-04-30 00:00:00,72,10.3,76.9,25.03,52.95,0.0,18.28,1011.66
2024-04-27 00:00:00,2024-04-30 00:00:00,72,10.3,77.1,23.61,61.03,0.0,12.01,1010.61
2024-04-27 00:00:00,2024-04-30 00:00:00,72,10.6,76.7,28.11,56.8,0.0,19.46,1011.99
2024-04-27 00:00:00,2024-04-30 00:00:00,72,10.6,76.9,25.69,58.15,0.0,15.64,1011.75
2024-04-27 00:00:00,2024-04-30 00:00:00,72,10.6,77.1,25.3,69.86,0.0,17.63,1013.57
2024-04-27 00:00:00,2024-04-30 00:00:00,72,10.9,76.7,23.57,72.63,0.0,15.13,1009.43
2024-04-27 00:00:00,2024-04-30 00:00:00,72,10.9,76.9,24.99,60.92,0.0,13.93,1009.69
2024-04-27 00:00:00,2024-04-30 00:00:00,72,10.9,77.1,25.35,73.76,0.0,12.32,1009.18
2024-04-27 00:00:00,2024-04-30 00:00:00,72,11.2,76.7,24.66,70.1,0.0,15.97,1011.17
2024-04-27 00:00:00,2024-04-30 00:00:00,72,11.2,76.9,25.63,66.61,0.0,14.82,1009.49
2024-04-27 00:00:00,2024-04-30 00:00:00,72,11.2,77.1,26.39,64.62,0.0,16.66,1009.86
2024-04-28 00:00:00,2024-04-29 00:00:00,24,10.3,76.7,24.75,67.59,0.0,11.5,1009.6
2024-04-28 00:00:00,2024-04-29 00:00:00,24,10.3,76.9,23.17,74.58,0.0,8.64,1011.04
2024-04-28 00:00:00,2024-04-29 00:00:00,24,10.3,77.1,24.75,64.8,0.0,10.73,1009.72
2024-04-28 00:00:00,2024-04-29 00:00:00,24,10.6,76.7,23.67,65.63,0.0,5.15,1009.64
2024-04-28 00:00:00,2024-04-29 00:00:00,24,10.6,76.9,23.17,58.17,0.0,13.89,1009.93
2024-04-28 00:00:00,2024-04-29 00:00:00,24,10.6,77.1,24.4,66.05,0.0,14.25,1006.66
2024-04-28 00:00:00,2024-04-29 00:00:00,24,10.9,76.7,24.52,52.54,0.0,7.65,1012.93
2024-04-28 00:00:00,2024-04-29 00:00:00,24,10.9,76.9,24.18,71.0,0.0,11.23,1008.87
2024-04-28 00:00:00,2024-04-29 00:00:00,24,10.9,77.1,24.22,64.49,0.0,15.23,1010.97
2024-04-28 00:00:00,2024-04-29 00:00:00,24,11.2,76.7,24.53,44.69,0.0,16.76,1010.95
2024-04-28 00:00:00,2024-04-29 00:00:00,24,11.2,76.9,23.94,58.56,0.0,20.29,1008.99
2024-04-28 00:00:00,2024-04-29 00:00:00,24,11.2,77.1,25.18,58.62,0.0,14.04,1009.99
2024-04-28 00:00:00,2024-04-30 00:00:00,48,10.3,76.7,25.43,71.33,0.0,4.78,1010.14
2024-04-28 00:00:00,2024-04-30 00:00:00,48,10.3,76.9,23.49,77.73,0.0,10.44,1011.57
2024-04-28 00:00:00,2024-04-30 00:00:00,48,10.3,77.1,28.45,70.13,0.0,20.8,1009.84
2024-04-28 00:00:00,2024-04-30 00:00:00,48,10.6,76.7,29.44,78.56,16.02,13.6,1011.63
2024-04-28 00:00:00,2024-04-30 00:00:00,48,10.6,76.9,24.17,75.88,0.0,15.75,1012.76
2024-04-28 00:00:00,2024-04-30 00:00:00,48,10.6,77.1,23.28,72.09,0.0,12.94,1010.83
2024-04-28 00:00:00,2024-04-30 00:00:00,48,10.9,76.7,23.82,67.12,0.0,17.31,1010.86
2024-04-28 00:00:00,2024-04-30 00:00:00,48,10.9,76.9,21.48,69.49,0.0,7.89,1013.39
2024-04-28 00:00:00,2024-04-30 00:00:00,48,10.9,77.1,23.96,75.31,0.0,11.5,1011.6
2024-04-28 00:00:00,2024-04-30 00:00:00,48,11.2,76.7,28.44,56.39,1.51,14.28,1008.92
2024-04-28 00:00:00,2024-04-30 00:00:00,48,11.2,76.9,23.68,65.52,0.0,19.14,1010.09
2024-04-28 00:00:00,2024-04-30 00:00:00,48,11.2,77.1,25.67,78.7,0.0,16.67,1011.89
2024-04-28 00:00:00,2024-05-01 00:00:00,72,10.3,76.7,26.9,62.29,3.76,16.07,1009.96
2024-04-28 00:00:00,2024-05-01 00:00:00,72,10.3,76.9,25.35,67.51,1.28,14.04,1009.57
2024-04-28 00:00:00,2024-05-01 00:00:00,72,10.3,77.1,20.9,73.13,0.0,18.34,1009.71
2024-04-28 00:00:00,2024-05-01 00:00:00,72,10.6,76.7,21.37,49.13,0.0,3.55,1012.62
2024-04-28 00:00:00,2024-05-01 00:00:00,72,10.6,76.9,24.32,57.55,0.0,17.1,1011.72
2024-04-28 00:00:00,2024-05-01 00:00:00,72,10.6,77.1,24.54,67.11,0.0,17.01,1014.44
2024-04-28 00:00:00,2024-05-01 00:00:00,72,10.9,76.7,22.65,63.7,0.0,9.79,1012.36
2024-04-28 00:00:00,2024-05-01 00:00:00,72,10.9,76.9,21.68,74.38,0.0,15.25,1010.58
2024-04-28 00:00:00,2024-05-01 00:00:00,72,10.9,77.1,23.6,55.91,0.0,12.56,1011.29
2024-04-28 00:00:00,2024-05-01 00:00:00,72,11.2,76.7,26.46,78.57,0.0,12.0,1007.73
2024-04-28 00:00:00,2024-05-01 00:00:00,72,11.2,76.9,29.23,78.4,4.99,15.56,1010.9
2024-04-28 00:00:00,2024-05-01 00:00:00,72,11.2,77.1,22.99,64.9,0.0,20.23,1007.76
2024-04-29 00:00:00,2024-04-30 00:00:00,24,10.3,76.7,25.5,75.45,0.0,10.9,1010.04
2024-04-29 00:00:00,2024-04-30 00:00:00,24,10.3,76.9,25.15,58.04,0.0,12.65,1012.11
2024-04-29 00:00:00,2024-04-30 00:00:00,24,10.3,77.1,27.03,53.98,0.0,13.26,1012.06
2024-04-29 00:00:00,2024-04-30 00:00:00,24,10.6,76.7,26.07,72.63,0.0,17.63,1012.79
2024-04-29 00:00:00,2024-04-30 00:00:00,24,10.6,76.9,22.44,61.2,0.0,15.92,1008.61
2024-04-29 00:00:00,2024-04-30 00:00:00,24,10.6,77.1,23.35,56.85,0.0,13.64,1010.5
2024-04-29 00:00:00,2024-04-30 00:00:00,24,10.9,76.7,25.45,70.94,0.0,12.06,1007.49
2024-04-29 00:00:00,2024-04-30 00:00:00,24,10.9,76.9,21.49,61.76,0.0,13.81,1009.63
2024-04-29 00:00:00,2024-04-30 00:00:00,24,10.9,77.1,27.23,50.38,0.0,16.0,1009.55
2024-04-29 00:00:00,2024-04-30 00:00:00,24,11.2,76.7,23.75,67.85,0.0,9.18,1008.8
2024-04-29 00:00:00,2024-04-30 00:00:00,24,11.2,76.9,22.34,58.43,0.0,15.77,1009.19
2024-04-29 00:00:00,2024-04-30 00:00:00,24,11.2,77.1,25.73,68.59,0.0,14.95,1008.63
2024-04-29 00:00:00,2024-05-01 00:00:00,48,10.3,76.7,19.92,66.79,0.0,14.78,1011.88
2024-04-29 00:00:00,2024-05-01 00:00:00,48,10.3,76.9,23.88,66.05,10.27,12.06,1010.56
2024-04-29 00:00:00,2024-05-01 00:00:00,48,10.3,77.1,28.17,82.15,0.0,13.84,1009.98
2024-04-29 00:00:00,2024-05-01 00:00:00,48,10.6,76.7,25.91,66.9,0.0,9.56,1009.41
2024-04-29 00:00:00,2024-05-01 00:00:00,48,10.6,76.9,23.14,67.53,0.0,10.72,1011.62
2024-04-29 00:00:00,2024-05-01 00:00:00,48,10.6,77.1,21.26,56.87,0.0,15.27,1012.09
2024-04-29 00:00:00,2024-05-01 00:00:00,48,10.9,76.7,22.49,74.69,0.0,16.98,1010.06
2024-04-29 00:00:00,2024-05-01 00:00:00,48,10.9,76.9,22.56,67.96,0.0,16.58,1009.36
2024-04-29 00:00:00,2024-05-01 00:00:00,48,10.9,77.1,26.57,63.31,0.0,7.73,1008.99
2024-04-29 00:00:00,2024-05-01 00:00:00,48,11.2,76.7,23.69,69.83,0.0,14.7,1009.03
2024-04-29 00:00:00,2024-05-01 00:00:00,48,11.2,76.9,24.57,55.3,0.0,16.67,1009.65
2024-04-29 00:00:00,2024-05-01 00:00:00,48,11.2,77.1,21.67,66.14,0.0,9.76,1008.92
2024-04-29 00:00:00,2024-05-02 00:00:00,72,10.3,76.7,22.89,68.27,0.0,16.95,1012.26
2024-04-29 00:00:00,2024-05-02 00:00:00,72,10.3,76.9,23.11,66.51,0.0,15.41,1010.26
2024-04-29 00:00:00,2024-05-02 00:00:00,72,10.3,77.1,23.19,65.51,0.0,18.89,1012.68
2024-04-29 00:00:00,2024-05-02 00:00:00,72,10.6,76.7,26.06,63.5,0.0,11.09,1009.13
2024-04-29 00:00:00,2024-05-02 00:00:00,72,10.6,76.9,24.45,59.74,0.0,17.3,1012.27
2024-04-29 00:00:00,2024-05-02 00:00:00,72,10.6,77.1,22.34,68.88,0.0,12.16,1009.37
2024-04-29 00:00:00,2024-05-02 00:00:00,72,10.9,76.7,23.41,56.51,0.0,12.14,1008.34
2024-04-29 00:00:00,2024-05-02 00:00:00,72,10.9,76.9,24.98,70.49,0.0,15.04,1010.38
2024-04-29 00:00:00,2024-05-02 00:00:00,72,10.9,77.1,21.19,67.69,0.0,13.66,1009.35
2024-04-29 00:00:00,2024-05-02 00:00:00,72,11.2,76.7,27.65,61.96,0.0,17.74,1009.76
2024-04-29 00:00:00,2024-05-02 00:00:00,72,11.2,76.9,27.48,54.21,0.0,18.65,1010.12
2024-04-29 00:00:00,2024-05-02 00:00:00,72,11.2,77.1,23.27,65.33,0.0,15.52,1008.28
2024-04-30 00:00:00,2024-05-01 00:00:00,24,10.3,76.7,23.41,72.23,0.0,15.11,1012.58
2024-04-30 00:00:00,2024-05-01 00:00:00,24,10.3,76.9,24.6,59.25,0.0,14.87,1014.27
2024-04-30 00:00:00,2024-05-01 00:00:00,24,10.3,77.1,23.73,81.92,0.0,14.11,1012.94
2024-04-30 00:00:00,2024-05-01 00:00:00,24,10.6,76.7,27.37,66.41,0.0,12.61,1009.82
2024-04-30 00:00:00,2024-05-01 00:00:00,24,10.6,76.9,24.18,79.71,0.0,21.77,1010.16
2024-04-30 00:00:00,2024-05-01 00:00:00,24,10.6,77.1,24.39,81.25,0.0,9.53,1011.72
2024-04-30 00:00:00,2024-05-01 00:00:00,24,10.9,76.7,25.83,67.6,0.0,13.29,1011.19
2024-04-30 00:00:00,2024-05-01 00:00:00,24,10.9,76.9,25.13,67.81,0.0,17.34,1009.92
2024-04-30 00:00:00,2024-05-01 00:00:00,24,10.9,77.1,24.58,66.23,0.0,16.13,1011.31
2024-04-30 00:00:00,2024-05-01 00:00:00,24,11.2,76.7,22.37,58.57,0.0,19.39,1009.45
2024-04-30 00:00:00,2024-05-01 00:00:00,24,11.2,76.9,27.64,60.06,0.0,14.58,1009.27
2024-04-30 00:00:00,2024-05-01 00:00:00,24,11.2,77.1,24.6,67.46,0.0,10.83,1011.04
2024-04-30 00:00:00,2024-05-02 00:00:00,48,10.3,76.7,23.31,60.96,0.0,9.69,1012.63
2024-04-30 00:00:00,2024-05-02 00:00:00,48,10.3,76.9,28.44,75.71,0.0,13.78,1009.67
2024-04-30 00:00:00,2024-05-02 00:00:00,48,10.3,77.1,26.4,70.71,0.0,16.06,1009.63
2024-04-30 00:00:00,2024-05-02 00:00:00,48,10.6,76.7,22.73,62.15,0.0,19.09,1010.26
2024-04-30 00:00:00,2024-05-02 00:00:00,48,10.6,76.9,22.91,65.93,0.0,16.31,1012.37
2024-04-30 00:00:00,2024-05-02 00:00:00,48,10.6,77.1,23.08,65.16,0.0,13.83,1011.55
2024-04-30 00:00:00,2024-05-02 00:00:00,48,10.9,76.7,22.33,69.39,0.0,12.21,1010.93
2024-04-30 00:00:00,2024-05-02 00:00:00,48,10.9,76.9,20.53,62.29,4.57,9.11,1011.9
2024-04-30 00:00:00,2024-05-02 00:00:00,48,10.9,77.1,25.38,56.82,2.62,9.86,1008.06
2024-04-30 00:00:00,2024-05-02 00:00:00,48,11.2,76.7,21.48,78.36,0.0,9.65,1009.6
2024-04-30 00:00:00,2024-05-02 00:00:00,48,11.2,76.9,22.19,58.59,0.0,10.17,1011.32
2024-04-30 00:00:00,2024-05-02 00:00:00,48,11.2,77.1,25.28,68.01,0.0,12.48,1007.02
2024-04-30 00:00:00,2024-05-03 00:00:00,72,10.3,76.7,22.21,70.07,1.48,14.18,1013.31
2024-04-30 00:00:00,2024-05-03 00:00:00,72,10.3,76.9,24.69,59.49,0.0,13.63,1009.55
2024-04-30 00:00:00,2024-05-03 00:00:00,72,10.3,77.1,25.97,57.55,0.0,6.5,1009.23
2024-04-30 00:00:00,2024-05-03 00:00:00,72,10.6,76.7,27.64,61.32,0.0,14.46,1010.49
2024-04-30 00:00:00,2024-05-03 00:00:00,72,10.6,76.9,25.9,69.34,0.0,13.44,1009.96
2024-04-30 00:00:00,2024-05-03 00:00:00,72,10.6,77.1,23.58,59.83,0.0,21.73,1012.91
2024-04-30 00:00:00,2024-05-03 00:00:00,72,10.9,76.7,27.95,58.13,0.0,16.27,1009.99
2024-04-30 00:00:00,2024-05-03 00:00:00,72,10.9,76.9,27.9,62.44,0.0,19.38,1010.42
2024-04-30 00:00:00,2024-05-03 00:00:00,72,10.9,77.1,19.48,67.53,0.0,17.55,1010.14
2024-04-30 00:00:00,2024-05-03 00:00:00,72,11.2,76.7,20.6,70.73,0.0,13.94,1008.5
2024-04-30 00:00:00,2024-05-03 00:00:00,72,11.2,76.9,25.57,61.56,0.0,18.56,1007.07
2024-04-30 00:00:00,2024-05-03 00:00:00,72,11.2,77.1,22.36,64.34,0.0,16.39,1011.18
2024-05-01 00:00:00,2024-05-02 00:00:00,24,10.3,76.7,24.88,63.36,0.0,13.26,1013.6
2024-05-01 00:00:00,2024-05-02 00:00:00,24,10.3,76.9,25.89,70.58,0.0,11.97,1009.94
2024-05-01 00:00:00,2024-05-02 00:00:00,24,10.3,77.1,25.56,58.34,0.0,9.44,1011.34
2024-05-01 00:00:00,2024-05-02 00:00:00,24,10.6,76.7,25.27,65.1,0.0,2.15,1012.65
2024-05-01 00:00:00,2024-05-02 00:00:00,24,10.6,76.9,25.86,68.5,0.0,14.61,1011.45
2024-05-01 00:00:00,2024-05-02 00:00:00,24,10.6,77.1,24.57,51.7,0.0,13.61,1012.55
2024-05-01 00:00:00,2024-05-02 00:00:00,24,10.9,76.7,24.78,62.54,0.0,12.19,1010.89
2024-05-01 00:00:00,2024-05-02 00:00:00,24,10.9,76.9,26.03,73.02,0.0,16.34,1009.74
2024-05-01 00:00:00,2024-05-02 00:00:00,24,10.9,77.1,25.28,64.82,0.0,18.71,1011.84
2024-05-01 00:00:00,2024-05-02 00:00:00,24,11.2,76.7,23.09,58.75,0.0,15.89,1008.68
2024-05-01 00:00:00,2024-05-02 00:00:00,24,11.2,76.9,22.63,69.32,0.0,14.7,1006.87
2024-05-01 00:00:00,2024-05-02 00:00:00,24,11.2,77.1,26.82,65.95,0.0,10.98,1008.71
2024-05-01 00:00:00,2024-05-03 00:00:00,48,10.3,76.7,21.55,71.9,0.0,14.11,1014.46
2024-05-01 00:00:00,2024-05-03 00:00:00,48,10.3,76.9,24.7,66.45,0.0,15.62,1010.43
2024-05-01 00:00:00,2024-05-03 00:00:00,48,10.3,77.1,23.64,74.73,0.0,13.78,1011.14
2024-05-01 00:00:00,2024-05-03 00:00:00,48,10.6,76.7,23.27,71.76,2.32,14.49,1009.63
2024-05-01 00:00:00,2024-05-03 00:00:00,48,10.6,76.9,26.62,58.97,4.8,11.64,1010.92
2024-05-01 00:00:00,2024-05-03 00:00:00,48,10.6,77.1,29.48,62.23,0.0,7.3,1008.88
2024-05-01 00:00:00,2024-05-03 00:00:00,48,10.9,76.7,23.63,56.21,0.0,17.01,1009.13
2024-05-01 00:00:00,2024-05-03 00:00:00,48,10.9,76.9,25.9,68.58,2.98,13.11,1010.51
2024-05-01 00:00:00,2024-05-03 00:00:00,48,10.9,77.1,24.27,63.99,0.0,14.85,1010.46
2024-05-01 00:00:00,2024-05-03 00:00:00,48,11.2,76.7,26.97,69.24,0.0,15.61,1010.78
2024-05-01 00:00:00,2024-05-03 00:00:00,48,11.2,76.9,24.91,56.38,0.0,19.74,1005.31
2024-05-01 00:00:00,2024-05-03 00:00:00,48,11.2,77.1,23.61,62.34,0.0,17.14,1008.28
2024-05-01 00:00:00,2024-05-04 00:00:00,72,10.3,76.7,24.06,63.35,0.0,23.27,1011.32
2024-05-01 00:00:00,2024-05-04 00:00:00,72,10.3,76.9,25.14,85.96,0.0,9.55,1010.43
2024-05-01 00:00:00,2024-05-04 00:00:00,72,10.3,77.1,22.55,69.4,0.0,9.18,1013.67
2024-05-01 00:00:00,2024-05-04 00:00:00,72,10.6,76.7,24.65,59.47,0.0,16.96,1010.76
2024-05-01 00:00:00,2024-05-04 00:00:00,72,10.6,76.9,23.75,78.02,0.0,11.58,1009.24
2024-05-01 00:00:00,2024-05-04 00:00:00,72,10.6,77.1,26.78,62.71,0.0,14.85,1010.9
2024-05-01 00:00:00,2024-05-04 00:00:00,72,10.9,76.7,20.61,61.1,0.0,19.39,1010.09
2024-05-01 00:00:00,2024-05-04 00:00:00,72,10.9,76.9,28.59,65.99,0.0,17.04,1009.02
2024-05-01 00:00:00,2024-05-04 00:00:00,72,10.9,77.1,19.43,49.2,0.0,17.42,1011.53
2024-05-01 00:00:00,2024-05-04 00:00:00,72,11.2,76.7,24.24,52.89,7.29,17.92,1010.94
2024-05-01 00:00:00,2024-05-04 00:00:00,72,11.2,76.9,26.75,72.34,0.0,12.66,1006.16
2024-05-01 00:00:00,2024-05-04 00:00:00,72,11.2,77.1,28.26,61.13,0.0,18.93,1008.57
2024-05-02 00:00:00,2024-05-03 00:00:00,24,10.3,76.7,21.72,58.28,0.0,16.51,1010.15
2024-05-02 00:00:00,2024-05-03 00:00:00,24,10.3,76.9,23.54,60.98,0.0,9.79,1012.5
2024-05-02 00:00:00,2024-05-03 00:00:00,24,10.3,77.1,25.09,49.86,0.0,13.76,1010.51
2024-05-02 00:00:00,2024-05-03 00:00:00,24,10.6,76.7,23.26,63.4,0.0,14.77,1009.71
2024-05-02 00:00:00,2024-05-03 00:00:00,24,10.6,76.9,22.71,57.64,0.0,13.82,1009.69
2024-05-02 00:00:00,2024-05-03 00:00:00,24,10.6,77.1,22.62,70.73,0.0,20.72,1012.17
2024-05-02 00:00:00,2024-05-03 00:00:00,24,10.9,76.7,25.68,59.32,0.0,11.02,1009.36
2024-05-02 00:00:00,2024-05-03 00:00:00,24,10.9,76.9,22.66,64.13,0.0,14.55,1009.39
2024-05-02 00:00:00,2024-05-03 00:00:00,24,10.9,77.1,24.1,77.2,0.0,10.09,1010.18
2024-05-02 00:00:00,2024-05-03 00:00:00,24,11.2,76.7,26.22,76.05,0.0,18.69,1011.0
2024-05-02 00:00:00,2024-05-03 00:00:00,24,11.2,76.9,23.59,66.46,0.0,13.13,1011.28
2024-05-02 00:00:00,2024-05-03 00:00:00,24,11.2,77.1,24.69,76.18,0.0,16.76,1010.47
2024-05-02 00:00:00,2024-05-04 00:00:00,48,10.3,76.7,26.51,68.19,0.0,12.94,1013.25
2024-05-02 00:00:00,2024-05-04 00:00:00,48,10.3,76.9,22.68,88.15,0.0,15.89,1012.33
2024-05-02 00:00:00,2024-05-04 00:00:00,48,10.3,77.1,22.86,65.02,0.0,17.95,1009.45
2024-05-02 00:00:00,2024-05-04 00:00:00,48,10.6,76.7,25.4,64.87,0.0,9.39,1011.29
2024-05-02 00:00:00,2024-05-04 00:00:00,48,10.6,76.9,22.93,62.13,0.0,13.26,1014.15
2024-05-02 00:00:00,2024-05-04 00:00:00,48,10.6,77.1,23.11,62.83,0.0,21.98,1011.0
2024-05-02 00:00:00,2024-05-04 00:00:00,48,10.9,76.7,23.12,58.24,0.0,14.56,1010.13
2024-05-02 00:00:00,2024-05-04 00:00:00,48,10.9,76.9,23.83,63.83,0.0,10.98,1010.93
2024-05-02 00:00:00,2024-05-04 00:00:00,48,10.9,77.1,25.76,58.63,0.0,16.93,1009.53
2024-05-02 00:00:00,2024-05-04 00:00:00,48,11.2,76.7,22.35,73.14,0.0,13.88,1008.17
2024-05-02 00:00:00,2024-05-04 00:00:00,48,11.2,76.9,22.24,63.99,0.0,15.67,1010.22
2024-05-02 00:00:00,2024-05-04 00:00:00,48,11.2,77.1,29.26,73.61,0.0,17.63,1009.72
2024-05-02 00:00:00,2024-05-05 00:00:00,72,10.3,76.7,24.26,60.9,0.0,15.83,1012.3
2024-05-02 00:00:00,2024-05-05 00:00:00,72,10.3,76.9,23.92,54.92,0.0,8.42,1011.64
2024-05-02 00:00:00,2024-05-05 00:00:00,72,10.3,77.1,25.53,58.28,0.0,17.78,1012.88
2024-05-02 00:00:00,2024-05-05 00:00:00,72,10.6,76.7,25.03,75.03,0.0,10.17,1009.9
2024-05-02 00:00:00,2024-05-05 00:00:00,72,10.6,76.9,21.81,59.14,0.0,18.11,1012.04
2024-05-02 00:00:00,2024-05-05 00:00:00,72,10.6,77.1,19.34,63.89,0.0,14.82,1010.62
2024-05-02 00:00:00,2024-05-05 00:00:00,72,10.9,76.7,25.15,72.38,0.0,17.2,1010.45
2024-05-02 00:00:00,2024-05-05 00:00:00,72,10.9,76.9,25.77,52.8,8.92,16.97,1010.75
2024-05-02 00:00:00,2024-05-05 00:00:00,72,10.9,77.1,28.25,65.2,0.0,16.27,1008.99
2024-05-02 00:00:00,2024-05-05 00:00:00,72,11.2,76.7,26.01,56.28,0.0,11.37,1008.56
2024-05-02 00:00:00,2024-05-05 00:00:00,72,11.2,76.9,23.42,74.09,0.0,13.45,1009.41
2024-05-02 00:00:00,2024-05-05 00:00:00,72,11.2,77.1,30.35,55.45,0.0,16.22,1008.84
2024-05-03 00:00:00,2024-05-04 00:00:00,24,10.3,76.7,24.37,62.85,0.0,11.97,1011.92
2024-05-03 00:00:00,2024-05-04 00:00:00,24,10.3,76.9,21.22,76.06,0.0,8.28,1012.62
2024-05-03 00:00:00,2024-05-04 00:00:00,24,10.3,77.1,26.83,70.27,0.0,9.4,1012.7
2024-05-03 00:00:00,2024-05-04 00:00:00,24,10.6,76.7,23.89,52.63,5.85,17.12,1010.93
2024-05-03 00:00:00,2024-05-04 00:00:00,24,10.6,76.9,24.79,64.76,0.0,17.03,1010.68
2024-05-03 00:00:00,2024-05-04 00:00:00,24,10.6,77.1,24.79,60.53,0.0,11.21,1011.6
2024-05-03 00:00:00,2024-05-04 00:00:00,24,10.9,76.7,25.36,48.73,0.0,15.31,1010.47
2024-05-03 00:00:00,2024-05-04 00:00:00,24,10.9,76.9,24.63,67.81,0.0,16.36,1010.9
2024-05-03 00:00:00,2024-05-04 00:00:00,24,10.9,77.1,24.08,59.78,6.39,13.96,1010.17
2024-05-03 00:00:00,2024-05-04 00:00:00,24,11.2,76.7,25.05,68.38,0.0,13.39,1008.17
2024-05-03 00:00:00,2024-05-04 00:00:00,24,11.2,76.9,26.48,58.14,0.0,15.61,1010.42
2024-05-03 00:00:00,2024-05-04 00:00:00,24,11.2,77.1,24.37,76.22,0.0,16.32,1009.7
2024-05-03 00:00:00,2024-05-05 00:00:00,48,10.3,76.7,29.13,74.6,0.0,13.77,1009.09
2024-05-03 00:00:00,2024-05-05 00:00:00,48,10.3,76.9,26.44,67.13,0.0,8.58,1010.57
2024-05-03 00:00:00,2024-05-05 00:00:00,48,10.3,77.1,23.97,55.42,0.0,16.3,1012.47
2024-05-03 00:00:00,2024-05-05 00:00:00,48,10.6,76.7,24.45,63.82,0.0,11.93,1008.87
2024-05-03 00:00:00,2024-05-05 00:00:00,48,10.6,76.9,24.92,63.52,0.0,5.05,1009.74
2024-05-03 00:00:00,2024-05-05 00:00:00,48,10.6,77.1,25.92,61.57,0.0,18.34,1012.19
2024-05-03 00:00:00,2024-05-05 00:00:00,48,10.9,76.7,23.85,68.06,0.0,12.48,1010.42
2024-05-03 00:00:00,2024-05-05 00:00:00,48,10.9,76.9,25.63,63.42,0.0,14.65,1008.98
2024-05-03 00:00:00,2024-05-05 00:00:00,48,10.9,77.1,23.89,64.96,0.0,19.64,1013.2
2024-05-03 00:00:00,2024-05-05 00:00:00,48,11.2,76.7,22.43,75.75,0.0,16.34,1007.18
2024-05-03 00:00:00,2024-05-05 00:00:00,48,11.2,76.9,26.81,54.31,0.0,17.68,1008.77
2024-05-03 00:00:00,2024-05-05 00:00:00,48,11.2,77.1,21.59,71.27,0.0,11.47,1011.46
2024-05-03 00:00:00,2024-05-06 00:00:00,72,10.3,76.7,27.25,59.15,0.0,15.82,1010.99
2024-05-03 00:00:00,2024-05-06 00:00:00,72,10.3,76.9,25.99,56.63,0.0,11.4,1012.04
2024-05-03 00:00:00,2024-05-06 00:00:00,72,10.3,77.1,23.95,68.49,0.0,14.57,1011.86
2024-05-03 00:00:00,2024-05-06 00:00:00,72,10.6,76.7,23.91,65.3,0.0,13.1,1012.57
2024-05-03 00:00:00,2024-05-06 00:00:00,72,10.6,76.9,20.3,73.3,0.0,15.44,1009.99
2024-05-03 00:00:00,2024-05-06 00:00:00,72,10.6,77.1,24.0,72.69,0.0,9.01,1013.49
2024-05-03 00:00:00,2024-05-06 00:00:00,72,10.9,76.7,28.6,57.38,0.0,14.74,1011.11
2024-05-03 00:00:00,2024-05-06 00:00:00,72,10.9,76.9,26.42,74.26,3.54,18.18,1008.86
2024-05-03 00:00:00,2024-05-06 00:00:00,72,10.9,77.1,19.3,54.54,0.53,8.04,1013.34
2024-05-03 00:00:00,2024-05-06 00:00:00,72,11.2,76.7,23.68,61.91,0.0,11.18,1009.2
2024-05-03 00:00:00,2024-05-06 00:00:00,72,11.2,76.9,21.22,54.23,0.0,13.51,1011.56
2024-05-03 00:00:00,2024-05-06 00:00:00,72,11.2,77.1,27.46,55.78,0.0,17.22,1011.53
2024-05-04 00:00:00,2024-05-05 00:00:00,24,10.3,76.7,23.05,52.77,0.0,14.29,1012.62
2024-05-04 00:00:00,2024-05-05 00:00:00,24,10.3,76.9,26.65,61.43,0.0,14.96,1014.53
2024-05-04 00:00:00,2024-05-05 00:00:00,24,10.3,77.1,25.71,63.56,0.0,11.95,1008.92
2024-05-04 00:00:00,2024-05-05 00:00:00,24,10.6,76.7,21.87,61.11,0.9,10.9,1009.66
2024-05-04 00:00:00,2024-05-05 00:00:00,24,10.6,76.9,25.19,44.69,0.0,14.36,1013.11
2024-05-04 00:00:00,2024-05-05 00:00:00,24,10.6,77.1,22.82,75.03,0.0,12.87,1010.81
2024-05-04 00:00:00,2024-05-05 00:00:00,24,10.9,76.7,23.34,69.22,0.0,22.06,1009.75
2024-05-04 00:00:00,2024-05-05 00:00:00,24,10.9,76.9,25.0,57.85,0.0,14.26,1008.35
2024-05-04 00:00:00,2024-05-05 00:00:00,24,10.9,77.1,25.24,68.47,6.21,15.34,1011.62
2024-05-04 00:00:00,2024-05-05 00:00:00,24,11.2,76.7,24.73,52.11,0.0,16.68,1010.35
2024-05-04 00:00:00,2024-05-05 00:00:00,24,11.2,76.9,23.43,53.08,0.0,13.49,1007.95
2024-05-04 00:00:00,2024-05-05 00:00:00,24,11.2,77.1,26.15,57.78,0.0,13.2,1008.48
2024-05-04 00:00:00,2024-05-06 00:00:00,48,10.3,76.7,23.72,73.96,0.0,7.38,1013.85
2024-05-04 00:00:00,2024-05-06 00:00:00,48,10.3,76.9,26.19,58.11,0.0,19.27,1012.24
2024-05-04 00:00:00,2024-05-06 00:00:00,48,10.3,77.1,26.31,70.9,0.0,9.72,1015.61
2024-05-04 00:00:00,2024-05-06 00:00:00,48,10.6,76.7,26.03,62.96,0.0,15.06,1008.12
2024-05-04 00:00:00,2024-05-06 00:00:00,48,10.6,76.9,23.98,67.49,0.0,12.05,1008.53
2024-05-04 00:00:00,2024-05-06 00:00:00,48,10.6,77.1,22.22,60.84,0.0,19.39,1010.4
2024-05-04 00:00:00,2024-05-06 00:00:00,48,10.9,76.7,23.53,51.28,0.0,17.03,1009.37
2024-05-04 00:00:00,2024-05-06 00:00:00,48,10.9,76.9,24.98,67.72,0.0,8.51,1010.62
2024-05-04 00:00:00,2024-05-06 00:00:00,48,10.9,77.1,20.67,58.65,0.0,9.37,1008.52
2024-05-04 00:00:00,2024-05-06 00:00:00,48,11.2,76.7,21.94,64.62,0.0,13.75,1009.59
2024-05-04 00:00:00,2024-05-06 00:00:00,48,11.2,76.9,22.78,79.71,0.0,13.21,1010.11
2024-05-04 00:00:00,2024-05-06 00:00:00,48,11.2,77.1,23.72,46.14,0.0,18.31,1011.2
2024-05-04 00:00:00,2024-05-07 00:00:00,72,10.3,76.7,23.19,69.5,0.0,12.57,1010.07
2024-05-04 00:00:00,2024-05-07 00:00:00,72,10.3,76.9,26.39,59.04,0.0,12.27,1010.5
2024-05-04 00:00:00,2024-05-07 00:00:00,72,10.3,77.1,21.82,63.34,0.0,15.3,1011.27
2024-05-04 00:00:00,2024-05-07 00:00:00,72,10.6,76.7,26.07,67.79,0.0,16.19,1009.94
2024-05-04 00:00:00,2024-05-07 00:00:00,72,10.6,76.9,24.88,68.76,0.0,9.91,1009.99
2024-05-04 00:00:00,2024-05-07 00:00:00,72,10.6,77.1,27.55,58.6,0.0,15.44,1008.57
2024-05-04 00:00:00,2024-05-07 00:00:00,72,10.9,76.7,25.52,78.53,0.0,20.56,1008.26
2024-05-04 00:00:00,2024-05-07 00:00:00,72,10.9,76.9,25.74,72.08,0.0,18.46,1010.57
2024-05-04 00:00:00,2024-05-07 00:00:00,72,10.9,77.1,26.14,60.86,0.0,11.08,1008.28
2024-05-04 00:00:00,2024-05-07 00:00:00,72,11.2,76.7,27.7,80.17,0.0,12.23,1010.71
2024-05-04 00:00:00,2024-05-07 00:00:00,72,11.2,76.9,23.86,65.08,0.0,12.34,1008.19
2024-05-04 00:00:00,2024-05-07 00:00:00,72,11.2,77.1,28.82,67.34,0.0,13.0,1011.96
2024-05-05 00:00:00,2024-05-06 00:00:00,24,10.3,76.7,23.47,66.65,0.0,10.4,1009.45
2024-05-05 00:00:00,2024-05-06 00:00:00,24,10.3,76.9,21.38,50.3,0.0,15.9,1009.43
2024-05-05 00:00:00,2024-05-06 00:00:00,24,10.3,77.1,30.77,73.1,0.0,12.12,1008.61
2024-05-05 00:00:00,2024-05-06 00:00:00,24,10.6,76.7,22.79,73.78,0.0,15.11,1012.52
2024-05-05 00:00:00,2024-05-06 00:00:00,24,10.6,76.9,23.52,73.47,0.0,13.8,1008.87
2024-05-05 00:00:00,2024-05-06 00:00:00,24,10.6,77.1,25.55,61.18,0.0,15.69,1009.41
2024-05-05 00:00:00,2024-05-06 00:00:00,24,10.9,76.7,24.34,57.85,0.0,17.98,1010.85
2024-05-05 00:00:00,2024-05-06 00:00:00,24,10.9,76.9,24.91,74.39,0.0,6.36,1012.47
2024-05-05 00:00:00,2024-05-06 00:00:00,24,10.9,77.1,24.51,67.29,0.0,11.62,1008.09
2024-05-05 00:00:00,2024-05-06 00:00:00,24,11.2,76.7,26.08,68.42,0.0,6.63,1009.8
2024-05-05 00:00:00,2024-05-06 00:00:00,24,11.2,76.9,24.55,68.81,0.0,13.74,1010.72
2024-05-05 00:00:00,2024-05-06 00:00:00,24,11.2,77.1,25.34,56.5,0.0,15.22,1009.59
2024-05-05 00:00:00,2024-05-07 00:00:00,48,10.3,76.7,23.57,63.53,0.0,12.03,1013.21
2024-05-05 00:00:00,2024-05-07 00:00:00,48,10.3,76.9,23.99,70.71,0.0,10.46,1012.89
2024-05-05 00:00:00,2024-05-07 00:00:00,48,10.3,77.1,25.38,60.36,0.0,15.27,1010.16
2024-05-05 00:00:00,2024-05-07 00:00:00,48,10.6,76.7,24.94,68.88,0.0,12.97,1011.89
2024-05-05 00:00:00,2024-05-07 00:00:00,48,10.6,76.9,21.75,56.82,0.0,9.88,1013.07
2024-05-05 00:00:00,2024-05-07 00:00:00,48,10.6,77.1,25.15,49.25,0.0,11.4,1009.71
2024-05-05 00:00:00,2024-05-07 00:00:00,48,10.9,76.7,26.59,65.56,0.0,12.9,1011.26
2024-05-05 00:00:00,2024-05-07 00:00:00,48,10.9,76.9,23.52,59.94,4.0,12.62,1006.85
2024-05-05 00:00:00,2024-05-07 00:00:00,48,10.9,77.1,27.17,63.7,0.0,16.08,1010.06
2024-05-05 00:00:00,2024-05-07 00:00:00,48,11.2,76.7,23.79,66.46,0.0,12.56,1008.02
2024-05-05 00:00:00,2024-05-07 00:00:00,48,11.2,76.9,29.05,81.02,0.0,14.24,1010.17
2024-05-05 00:00:00,2024-05-07 00:00:00,48,11.2,77.1,22.43,58.55,0.0,20.51,1010.12
2024-05-05 00:00:00,2024-05-08 00:00:00,72,10.3,76.7,26.69,70.18,0.0,14.77,1011.71
2024-05-05 00:00:00,2024-05-08 00:00:00,72,10.3,76.9,22.91,67.91,0.0,14.2,1008.68
2024-05-05 00:00:00,2024-05-08 00:00:00,72,10.3,77.1,25.88,54.74,0.0,13.67,1011.76
2024-05-05 00:00:00,2024-05-08 00:00:00,72,10.6,76.7,21.33,60.88,0.0,19.56,1009.79
2024-05-05 00:00:00,2024-05-08 00:00:00,72,10.6,76.9,22.26,71.63,0.0,11.07,1009.16
2024-05-05 00:00:00,2024-05-08 00:00:00,72,10.6,77.1,25.71,63.44,0.0,17.7,1008.43
2024-05-05 00:00:00,2024-05-08 00:00:00,72,10.9,76.7,26.37,64.3,0.0,13.54,1008.18
2024-05-05 00:00:00,2024-05-08 00:00:00,72,10.9,76.9,24.64,77.45,0.0,17.66,1011.42
2024-05-05 00:00:00,2024-05-08 00:00:00,72,10.9,77.1,22.32,60.7,2.19,13.83,1010.26
2024-05-05 00:00:00,2024-05-08 00:00:00,72,11.2,76.7,27.75,68.09,0.0,17.08,1011.63
2024-05-05 00:00:00,2024-05-08 00:00:00,72,11.2,76.9,28.2,73.47,0.0,12.88,1008.97
2024-05-05 00:00:00,2024-05-08 00:00:00,72,11.2,77.1,24.64,59.59,1.67,14.51,1009.84
2024-05-06 00:00:00,2024-05-07 00:00:00,24,10.3,76.7,23.17,55.42,0.0,17.35,1010.08
2024-05-06 00:00:00,2024-05-07 00:00:00,24,10.3,76.9,24.21,72.9,0.0,21.88,1013.93
2024-05-06 00:00:00,2024-05-07 00:00:00,24,10.3,77.1,27.82,68.59,0.0,10.02,1011.47
2024-05-06 00:00:00,2024-05-07 00:00:00,24,10.6,76.7,26.08,64.04,1.91,10.47,1010.58
2024-05-06 00:00:00,2024-05-07 00:00:00,24,10.6,76.9,25.18,61.45,0.0,12.8,1009.68
2024-05-06 00:00:00,2024-05-07 00:00:00,24,10.6,77.1,24.45,66.88,0.0,14.22,1010.61
2024-05-06 00:00:00,2024-05-07 00:00:00,24,10.9,76.7,23.25,64.76,0.0,19.88,1009.95
2024-05-06 00:00:00,2024-05-07 00:00:00,24,10.9,76.9,24.32,63.12,0.0,20.96,1008.55
2024-05-06 00:00:00,2024-05-07 00:00:00,24,10.9,77.1,23.69,64.2,0.0,17.88,1010.38
2024-05-06 00:00:00,2024-05-07 00:00:00,24,11.2,76.7,25.85,64.66,1.32,15.0,1012.94
2024-05-06 00:00:00,2024-05-07 00:00:00,24,11.2,76.9,22.53,71.15,0.0,16.99,1010.18
2024-05-06 00:00:00,2024-05-07 00:00:00,24,11.2,77.1,27.07,52.7,0.0,10.25,1010.58
2024-05-06 00:00:00,2024-05-08 00:00:00,48,10.3,76.7,22.9,67.3,0.0,19.42,1011.12
2024-05-06 00:00:00,2024-05-08 00:00:00,48,10.3,76.9,22.85,55.29,0.0,12.44,1008.52
2024-05-06 00:00:00,2024-05-08 00:00:00,48,10.3,77.1,26.11,64.61,0.0,21.61,1009.99
2024-05-06 00:00:00,2024-05-08 00:00:00,48,10.6,76.7,25.32,62.21,0.0,13.39,1010.47
2024-05-06 00:00:00,2024-05-08 00:00:00,48,10.6,76.9,25.23,45.19,0.0,14.83,1009.51
2024-05-06 00:00:00,2024-05-08 00:00:00,48,10.6,77.1,24.42,44.21,0.0,15.31,1012.26
2024-05-06 00:00:00,2024-05-08 00:00:00,48,10.9,76.7,27.57,51.55,0.0,10.6,1010.46
2024-05-06 00:00:00,2024-05-08 00:00:00,48,10.9,76.9,22.16,58.3,0.0,11.56,1006.96
2024-05-06 00:00:00,2024-05-08 00:00:00,48,10.9,77.1,26.06,62.48,0.0,19.46,1011.73
2024-05-06 00:00:00,2024-05-08 00:00:00,48,11.2,76.7,24.23,82.32,0.0,9.34,1009.89
2024-05-06 00:00:00,2024-05-08 00:00:00,48,11.2,76.9,25.61,45.5,0.0,19.66,1008.17
2024-05-06 00:00:00,2024-05-08 00:00:00,48,11.2,77.1,21.92,60.61,0.0,21.21,1010.52
2024-05-06 00:00:00,2024-05-09 00:00:00,72,10.3,76.7,27.05,70.34,0.0,12.47,1011.7
2024-05-06 00:00:00,2024-05-09 00:00:00,72,10.3,76.9,24.73,56.65,0.0,15.6,1008.54
2024-05-06 00:00:00,2024-05-09 00:00:00,72,10.3,77.1,25.25,68.92,0.0,15.05,1012.23
2024-05-06 00:00:00,2024-05-09 00:00:00,72,10.6,76.7,21.9,56.3,0.0,15.75,1012.42
2024-05-06 00:00:00,2024-05-09 00:00:00,72,10.6,76.9,22.53,69.03,0.0,12.84,1008.07
2024-05-06 00:00:00,2024-05-09 00:00:00,72,10.6,77.1,24.31,67.81,0.0,11.83,1007.99
2024-05-06 00:00:00,2024-05-09 00:00:00,72,10.9,76.7,26.33,62.0,0.0,14.55,1008.75
2024-05-06 00:00:00,2024-05-09 00:00:00,72,10.9,76.9,20.2,67.53,0.0,9.97,1012.81
2024-05-06 00:00:00,2024-05-09 00:00:00,72,10.9,77.1,27.38,58.45,0.24,11.97,1010.8
2024-05-06 00:00:00,2024-05-09 00:00:00,72,11.2,76.7,23.82,57.93,0.0,11.99,1009.3
2024-05-06 00:00:00,2024-05-09 00:00:00,72,11.2,76.9,20.26,58.87,0.0,12.56,1009.74
2024-05-06 00:00:00,2024-05-09 00:00:00,72,11.2,77.1,17.21,55.27,0.0,21.68,1009.35
2024-05-07 00:00:00,2024-05-08 00:00:00,24,10.3,76.7,23.02,73.39,0.0,13.17,1008.73
2024-05-07 00:00:00,2024-05-08 00:00:00,24,10.3,76.9,27.45,59.98,0.0,13.53,1012.22
2024-05-07 00:00:00,2024-05-08 00:00:00,24,10.3,77.1,24.21,67.85,0.0,23.98,1010.7
2024-05-07 00:00:00,2024-05-08 00:00:00,24,10.6,76.7,23.4,67.89,8.24,17.96,1010.68
2024-05-07 00:00:00,2024-05-08 00:00:00,24,10.6,76.9,24.0,68.16,0.0,15.17,1008.84
2024-05-07 00:00:00,2024-05-08 00:00:00,24,10.6,77.1,21.72,50.5,0.0,17.49,1012.16
2024-05-07 00:00:00,2024-05-08 00:00:00,24,10.9,76.7,24.62,65.17,0.0,18.49,1013.52
2024-05-07 00:00:00,2024-05-08 00:00:00,24,10.9,76.9,25.36,62.63,0.0,9.26,1009.54
2024-05-07 00:00:00,2024-05-08 00:00:00,24,10.9,77.1,24.93,64.42,0.0,8.2,1008.67
2024-05-07 00:00:00,2024-05-08 00:00:00,24,11.2,76.7,28.74,57.75,0.0,23.94,1010.72
2024-05-07 00:00:00,2024-05-08 00:00:00,24,11.2,76.9,24.13,58.35,0.0,19.6,1008.13
2024-05-07 00:00:00,2024-05-08 00:00:00,24,11.2,77.1,25.41,62.6,0.0,14.12,1009.07
2024-05-07 00:00:00,2024-05-09 00:00:00,48,10.3,76.7,25.48,62.63,0.0,7.6,1013.3
2024-05-07 00:00:00,2024-05-09 00:00:00,48,10.3,76.9,22.04,70.79,0.0,15.51,1012.72
2024-05-07 00:00:00,2024-05-09 00:00:00,48,10.3,77.1,20.59,55.11,2.67,22.76,1012.51
2024-05-07 00:00:00,2024-05-09 00:00:00,48,10.6,76.7,24.27,76.95,0.0,12.04,1011.16
2024-05-07 00:00:00,2024-05-09 00:00:00,48,10.6,76.9,25.76,72.73,0.0,13.57,1012.14
2024-05-07 00:00:00,2024-05-09 00:00:00,48,10.6,77.1,25.41,60.95,0.0,11.4,1011.64
2024-05-07 00:00:00,2024-05-09 00:00:00,48,10.9,76.7,26.04,69.18,0.0,6.48,1009.37
2024-05-07 00:00:00,2024-05-09 00:00:00,48,10.9,76.9,22.33,80.67,0.0,15.61,1012.68
2024-05-07 00:00:00,2024-05-09 00:00:00,48,10.9,77.1,23.12,75.03,0.0,16.74,1011.79
2024-05-07 00:00:00,2024-05-09 00:00:00,48,11.2,76.7,25.84,76.58,0.0,15.05,1009.14
2024-05-07 00:00:00,2024-05-09 00:00:00,48,11.2,76.9,25.51,56.73,0.0,10.66,1009.93
2024-05-07 00:00:00,2024-05-09 00:00:00,48,11.2,77.1,24.19,68.95,0.0,12.36,1008.86
2024-05-07 00:00:00,2024-05-10 00:00:00,72,10.3,76.7,24.15,61.62,0.0,17.7,1013.48
2024-05-07 00:00:00,2024-05-10 00:00:00,72,10.3,76.9,29.71,69.43,0.0,4.72,1011.35
2024-05-07 00:00:00,2024-05-10 00:00:00,72,10.3,77.1,30.11,60.21,0.0,12.41,1011.26
2024-05-07 00:00:00,2024-05-10 00:00:00,72,10.6,76.7,29.7,49.98,6.6,15.95,1012.47
2024-05-07 00:00:00,2024-05-10 00:00:00,72,10.6,76.9,26.34,69.37,0.0,12.25,1011.55
2024-05-07 00:00:00,2024-05-10 00:00:00,72,10.6,77.1,30.17,79.98,0.0,13.89,1012.08
2024-05-07 00:00:00,2024-05-10 00:00:00,72,10.9,76.7,28.08,65.25,0.0,16.0,1009.85
2024-05-07 00:00:00,2024-05-10 00:00:00,72,10.9,76.9,23.03,74.59,0.0,10.84,1009.04
2024-05-07 00:00:00,2024-05-10 00:00:00,72,10.9,77.1,25.06,60.17,0.0,18.32,1011.78
2024-05-07 00:00:00,2024-05-10 00:00:00,72,11.2,76.7,24.16,65.25,0.0,11.39,1011.73
2024-05-07 00:00:00,2024-05-10 00:00:00,72,11.2,76.9,26.98,74.53,0.0,9.87,1007.65
2024-05-07 00:00:00,2024-05-10 00:00:00,72,11.2,77.1,27.01,72.96,0.0,14.78,1011.03
2024-05-08 00:00:00,2024-05-09 00:00:00,24,10.3,76.7,25.51,53.89,0.0,7.66,1011.89
2024-05-08 00:00:00,2024-05-09 00:00:00,24,10.3,76.9,24.56,63.52,0.0,19.53,1013.15
2024-05-08 00:00:00,2024-05-09 00:00:00,24,10.3,77.1,23.15,66.85,0.0,14.53,1010.19
2024-05-08 00:00:00,2024-05-09 00:00:00,24,10.6,76.7,26.39,65.67,0.0,6.83,1009.31
2024-05-08 00:00:00,2024-05-09 00:00:00,24,10.6,76.9,24.31,54.68,0.0,9.07,1013.46
2024-05-08 00:00:00,2024-05-09 00:00:00,24,10.6,77.1,24.25,51.53,0.0,18.3,1010.32
2024-05-08 00:00:00,2024-05-09 00:00:00,24,10.9,76.7,24.74,54.78,0.0,12.47,1009.38
2024-05-08 00:00:00,2024-05-09 00:00:00,24,10.9,76.9,24.51,67.07,0.0,11.56,1010.19
2024-05-08 00:00:00,2024-05-09 00:00:00,24,10.9,77.1,23.8,70.8,0.0,20.26,1010.66
2024-05-08 00:00:00,2024-05-09 00:00:00,24,11.2,76.7,24.42,74.12,0.0,19.58,1009.81
2024-05-08 00:00:00,2024-05-09 00:00:00,24,11.2,76.9,24.02,62.44,0.0,11.5,1008.61
2024-05-08 00:00:00,2024-05-09 00:00:00,24,11.2,77.1,22.44,64.4,0.0,19.23,1009.38
2024-05-08 00:00:00,2024-05-10 00:00:00,48,10.3,76.7,24.69,68.71,0.0,13.44,1009.96
2024-05-08 00:00:00,2024-05-10 00:00:00,48,10.3,76.9,23.38,70.06,0.0,10.14,1012.04
2024-05-08 00:00:00,2024-05-10 00:00:00,48,10.3,77.1,27.27,70.93,0.0,14.21,1011.15
2024-05-08 00:00:00,2024-05-10 00:00:00,48,10.6,76.7,21.4,56.8,0.0,14.32,1011.48
2024-05-08 00:00:00,2024-05-10 00:00:00,48,10.6,76.9,19.61,56.79,0.0,16.75,1012.31
2024-05-08 00:00:00,2024-05-10 00:00:00,48,10.6,77.1,24.96,56.36,0.0,12.53,1008.71
2024-05-08 00:00:00,2024-05-10 00:00:00,48,10.9,76.7,25.01,54.47,0.0,16.24,1010.23
2024-05-08 00:00:00,2024-05-10 00:00:00,48,10.9,76.9,26.07,72.32,0.0,22.61,1009.51
2024-05-08 00:00:00,2024-05-10 00:00:00,48,10.9,77.1,28.51,60.64,0.0,16.32,1010.56
2024-05-08 00:00:00,2024-05-10 00:00:00,48,11.2,76.7,24.19,66.67,0.0,17.16,1008.75
2024-05-08 00:00:00,2024-05-10 00:00:00,48,11.2,76.9,22.01,69.7,0.0,15.71,1007.8
2024-05-08 00:00:00,2024-05-10 00:00:00,48,11.2,77.1,21.46,61.79,0.0,10.45,1010.1
2024-05-08 00:00:00,2024-05-11 00:00:00,72,10.3,76.7,25.66,55.7,0.0,20.35,1006.75
2024-05-08 00:00:00,2024-05-11 00:00:00,72,10.3,76.9,24.31,85.0,0.0,11.57,1013.15
2024-05-08 00:00:00,2024-05-11 00:00:00,72,10.3,77.1,27.08,62.35,0.0,10.71,1012.59
2024-05-08 00:00:00,2024-05-11 00:00:00,72,10.6,76.7,21.25,57.51,0.0,11.38,1013.49
2024-05-08 00:00:00,2024-05-11 00:00:00,72,10.6,76.9,25.01,75.92,0.0,15.53,1011.71
2024-05-08 00:00:00,2024-05-11 00:00:00,72,10.6,77.1,23.76,65.26,0.0,14.32,1010.12
2024-05-08 00:00:00,2024-05-11 00:00:00,72,10.9,76.7,27.52,79.38,0.0,18.06,1008.79
2024-05-08 00:00:00,2024-05-11 00:00:00,72,10.9,76.9,24.24,71.01,0.0,14.23,1011.36
2024-05-08 00:00:00,2024-05-11 00:00:00,72,10.9,77.1,28.76,67.19,0.0,15.76,1008.62
2024-05-08 00:00:00,2024-05-11 00:00:00,72,11.2,76.7,22.82,69.64,0.0,16.42,1008.59
2024-05-08 00:00:00,2024-05-11 00:00:00,72,11.2,76.9,25.25,69.49,0.0,13.48,1009.84
2024-05-08 00:00:00,2024-05-11 00:00:00,72,11.2,77.1,26.62,66.71,0.0,16.29,1008.93
2024-05-09 00:00:00,2024-05-10 00:00:00,24,10.3,76.7,25.46,68.26,2.17,17.11,1011.57
2024-05-09 00:00:00,2024-05-10 00:00:00,24,10.3,76.9,24.3,70.13,0.0,14.33,1012.17
2024-05-09 00:00:00,2024-05-10 00:00:00,24,10.3,77.1,26.67,76.8,0.0,14.73,1010.4
2024-05-09 00:00:00,2024-05-10 00:00:00,24,10.6,76.7,25.34,75.47,0.0,12.58,1009.22
2024-05-09 00:00:00,2024-05-10 00:00:00,24,10.6,76.9,23.71,65.81,0.0,17.89,1009.52
2024-05-09 00:00:00,2024-05-10 00:00:00,24,10.6,77.1,23.04,70.9,0.0,7.11,1011.55
2024-05-09 00:00:00,2024-05-10 00:00:00,24,10.9,76.7,25.54,60.52,0.0,10.93,1012.4
2024-05-09 00:00:00,2024-05-10 00:00:00,24,10.9,76.9,26.06,56.58,0.0,15.58,1009.7
2024-05-09 00:00:00,2024-05-10 00:00:00,24,10.9,77.1,23.04,65.28,0.0,20.13,1009.16
2024-05-09 00:00:00,2024-05-10 00:00:00,24,11.2,76.7,23.55,73.81,0.0,11.96,1011.29
2024-05-09 00:00:00,2024-05-10 00:00:00,24,11.2,76.9,25.18,63.05,0.0,6.83,1010.65
2024-05-09 00:00:00,2024-05-10 00:00:00,24,11.2,77.1,26.47,72.87,0.0,13.96,1009.99
2024-05-09 00:00:00,2024-05-11 00:00:00,48,10.3,76.7,24.07,72.39,0.0,16.33,1010.19
2024-05-09 00:00:00,2024-05-11 00:00:00,48,10.3,76.9,24.69,86.98,0.0,17.59,1010.47
2024-05-09 00:00:00,2024-05-11 00:00:00,48,10.3,77.1,21.42,76.13,3.04,11.53,1011.17
2024-05-09 00:00:00,2024-05-11 00:00:00,48,10.6,76.7,23.56,53.26,0.0,13.24,1009.45
2024-05-09 00:00:00,2024-05-11 00:00:00,48,10.6,76.9,23.38,59.79,0.0,10.66,1009.05
2024-05-09 00:00:00,2024-05-11 00:00:00,48,10.6,77.1,26.66,69.56,0.0,11.97,1010.35
2024-05-09 00:00:00,2024-05-11 00:00:00,48,10.9,76.7,23.02,55.31,0.0,12.15,1012.43
2024-05-09 00:00:00,2024-05-11 00:00:00,48,10.9,76.9,23.94,60.13,0.0,6.49,1007.37
2024-05-09 00:00:00,2024-05-11 00:00:00,48,10.9,77.1,25.76,68.2,0.0,15.63,1010.15
2024-05-09 00:00:00,2024-05-11 00:00:00,48,11.2,76.7,28.59,60.5,0.0,14.55,1008.83
2024-05-09 00:00:00,2024-05-11 00:00:00,48,11.2,76.9,23.73,65.55,0.0,17.89,1010.3
2024-05-09 00:00:00,2024-05-11 00:00:00,48,11.2,77.1,23.68,71.81,0.0,10.89,1014.77
2024-05-09 00:00:00,2024-05-12 00:00:00,72,10.3,76.7,26.49,62.8,0.0,13.68,1009.54
2024-05-09 00:00:00,2024-05-12 00:00:00,72,10.3,76.9,22.93,63.94,0.0,14.6,1014.16
2024-05-09 00:00:00,2024-05-12 00:00:00,72,10.3,77.1,24.35,73.45,0.0,16.23,1008.26
2024-05-09 00:00:00,2024-05-12 00:00:00,72,10.6,76.7,23.56,64.09,0.0,16.6,1011.4
2024-05-09 00:00:00,2024-05-12 00:00:00,72,10.6,76.9,24.66,71.64,0.0,12.61,1009.06
2024-05-09 00:00:00,2024-05-12 00:00:00,72,10.6,77.1,28.56,53.5,0.0,15.59,1012.76
2024-05-09 00:00:00,2024-05-12 00:00:00,72,10.9,76.7,32.28,55.38,4.82,16.27,1010.07
2024-05-09 00:00:00,2024-05-12 00:00:00,72,10.9,76.9,24.71,64.53,0.0,16.53,1009.81
2024-05-09 00:00:00,2024-05-12 00:00:00,72,10.9,77.1,27.61,61.43,0.0,18.33,1010.81
2024-05-09 00:00:00,2024-05-12 00:00:00,72,11.2,76.7,26.25,70.36,0.0,10.3,1009.25
2024-05-09 00:00:00,2024-05-12 00:00:00,72,11.2,76.9,24.6,64.02,0.0,10.91,1008.99
2024-05-09 00:00:00,2024-05-12 00:00:00,72,11.2,77.1,27.23,65.59,0.0,6.05,1009.58
2024-05-10 00:00:00,2024-05-11 00:00:00,24,10.3,76.7,26.46,52.44,0.0,8.77,1012.16
2024-05-10 00:00:00,2024-05-11 00:00:00,24,10.3,76.9,24.97,59.81,0.0,16.13,1011.21
2024-05-10 00:00:00,2024-05-11 00:00:00,24,10.3,77.1,24.91,69.46,0.0,17.1,1011.42
2024-05-10 00:00:00,2024-05-11 00:00:00,24,10.6,76.7,23.56,60.57,0.0,17.16,1010.71
2024-05-10 00:00:00,2024-05-11 00:00:00,24,10.6,76.9,27.26,47.57,0.0,17.18,1008.88
2024-05-10 00:00:00,2024-05-11 00:00:00,24,10.6,77.1,25.35,49.19,0.0,21.06,1010.55
2024-05-10 00:00:00,2024-05-11 00:00:00,24,10.9,76.7,25.61,74.41,0.0,16.89,1009.35
2024-05-10 00:00:00,2024-05-11 00:00:00,24,10.9,76.9,22.01,63.04,0.0,16.42,1010.68
2024-05-10 00:00:00,2024-05-11 00:00:00,24,10.9,77.1,25.51,65.01,0.0,6.2,1010.03
2024-05-10 00:00:00,2024-05-11 00:00:00,24,11.2,76.7,25.83,67.35,0.0,13.25,1007.17
2024-05-10 00:00:00,2024-05-11 00:00:00,24,11.2,76.9,23.33,70.37,0.0,16.58,1009.67
2024-05-10 00:00:00,2024-05-11 00:00:00,24,11.2,77.1,21.99,68.75,0.0,12.88,1009.52
2024-05-10 00:00:00,2024-05-12 00:00:00,48,10.3,76.7,22.93,55.28,0.0,8.71,1012.06
2024-05-10 00:00:00,2024-05-12 00:00:00,48,10.3,76.9,26.56,65.65,0.0,12.5,1010.77
2024-05-10 00:00:00,2024-05-12 00:00:00,48,10.3,77.1,25.06,72.47,0.0,20.34,1008.04
2024-05-10 00:00:00,2024-05-12 00:00:00,48,10.6,76.7,25.01,46.81,0.0,12.3,1010.41
2024-05-10 00:00:00,2024-05-12 00:00:00,48,10.6,76.9,25.82,56.29,0.0,18.25,1011.21
2024-05-10 00:00:00,2024-05-12 00:00:00,48,10.6,77.1,24.91,75.3,0.0,15.26,1012.46
2024-05-10 00:00:00,2024-05-12 00:00:00,48,10.9,76.7,26.23,63.97,0.0,20.24,1012.09
2024-05-10 00:00:00,2024-05-12 00:00:00,48,10.9,76.9,22.25,73.78,0.0,16.43,1009.31
2024-05-10 00:00:00,2024-05-12 00:00:00,48,10.9,77.1,25.42,78.09,0.0,8.71,1010.22
2024-05-10 00:00:00,2024-05-12 00:00:00,48,11.2,76.7,26.92,66.45,0.0,15.31,1008.56
2024-05-10 00:00:00,2024-05-12 00:00:00,48,11.2,76.9,25.41,73.11,0.0,16.23,1010.91
2024-05-10 00:00:00,2024-05-12 00:00:00,48,11.2,77.1,24.79,57.79,0.0,14.27,1009.42
2024-05-10 00:00:00,2024-05-13 00:00:00,72,10.3,76.7,27.07,76.2,0.0,13.73,1011.36
2024-05-10 00:00:00,2024-05-13 00:00:00,72,10.3,76.9,20.53,69.16,0.0,13.78,1010.58
2024-05-10 00:00:00,2024-05-13 00:00:00,72,10.3,77.1,26.25,55.86,0.0,7.88,1012.35
2024-05-10 00:00:00,2024-05-13 00:00:00,72,10.6,76.7,25.01,59.08,0.0,14.98,1010.73
2024-05-10 00:00:00,2024-05-13 00:00:00,72,10.6,76.9,20.6,69.34,0.0,22.02,1013.32
2024-05-10 00:00:00,2024-05-13 00:00:00,72,10.6,77.1,22.3,65.57,0.0,12.1,1009.74
2024-05-10 00:00:00,2024-05-13 00:00:00,72,10.9,76.7,27.07,65.22,0.0,10.95,1011.89
2024-05-10 00:00:00,2024-05-13 00:00:00,72,10.9,76.9,23.41,60.04,0.0,15.97,1008.67
2024-05-10 00:00:00,2024-05-13 00:00:00,72,10.9,77.1,22.96,72.84,0.0,12.64,1007.83
2024-05-10 00:00:00,2024-05-13 00:00:00,72,11.2,76.7,19.7,62.05,0.0,16.28,1010.38
2024-05-10 00:00:00,2024-05-13 00:00:00,72,11.2,76.9,26.09,69.25,0.0,13.27,1011.82
2024-05-10 00:00:00,2024-05-13 00:00:00,72,11.2,77.1,23.45,59.88,0.0,16.78,1009.41
2024-05-11 00:00:00,2024-05-12 00:00:00,24,10.3,76.7,23.75,66.88,0.0,16.25,1008.2
2024-05-11 00:00:00,2024-05-12 00:00:00,24,10.3,76.9,25.14,61.56,0.0,14.58,1011.32
2024-05-11 00:00:00,2024-05-12 00:00:00,24,10.3,77.1,23.76,63.45,0.0,13.25,1011.52
2024-05-11 00:00:00,2024-05-12 00:00:00,24,10.6,76.7,25.97,75.32,3.83,15.22,1011.96
2024-05-11 00:00:00,2024-05-12 00:00:00,24,10.6,76.9,25.21,53.56,0.0,12.46,1010.51
2024-05-11 00:00:00,2024-05-12 00:00:00,24,10.6,77.1,24.58,57.54,0.0,19.67,1009.26
2024-05-11 00:00:00,2024-05-12 00:00:00,24,10.9,76.7,25.33,75.8,0.0,9.79,1011.03
2024-05-11 00:00:00,2024-05-12 00:00:00,24,10.9,76.9,25.13,78.62,0.0,14.57,1010.97
2024-05-11 00:00:00,2024-05-12 00:00:00,24,10.9,77.1,25.37,79.64,0.0,17.3,1009.95
2024-05-11 00:00:00,2024-05-12 00:00:00,24,11.2,76.7,24.99,62.49,0.0,15.65,1007.57
2024-05-11 00:00:00,2024-05-12 00:00:00,24,11.2,76.9,26.65,41.16,0.0,12.76,1008.4
2024-05-11 00:00:00,2024-05-12 00:00:00,24,11.2,77.1,25.04,76.06,0.0,18.07,1007.54
2024-05-11 00:00:00,2024-05-13 00:00:00,48,10.3,76.7,23.75,60.39,5.51,14.25,1013.82
2024-05-11 00:00:00,2024-05-13 00:00:00,48,10.3,76.9,25.76,62.49,0.0,18.63,1009.2
2024-05-11 00:00:00,2024-05-13 00:00:00,48,10.3,77.1,29.73,67.22,0.0,11.7,1011.21
2024-05-11 00:00:00,2024-05-13 00:00:00,48,10.6,76.7,22.19,75.65,4.24,16.68,1010.81
2024-05-11 00:00:00,2024-05-13 00:00:00,48,10.6,76.9,24.0,86.56,0.0,12.46,1009.36
2024-05-11 00:00:00,2024-05-13 00:00:00,48,10.6,77.1,21.43,60.92,0.0,14.57,1010.68
2024-05-11 00:00:00,2024-05-13 00:00:00,48,10.9,76.7,25.0,71.2,0.0,16.57,1010.61
2024-05-11 00:00:00,2024-05-13 00:00:00,48,10.9,76.9,28.09,64.94,0.0,10.55,1010.48
2024-05-11 00:00:00,2024-05-13 00:00:00,48,10.9,77.1,25.0,63.5,0.0,15.18,1007.38
2024-05-11 00:00:00,2024-05-13 00:00:00,48,11.2,76.7,22.32,58.63,0.0,15.07,1007.8
2024-05-11 00:00:00,2024-05-13 00:00:00,48,11.2,76.9,25.19,64.58,0.0,18.13,1008.82
2024-05-11 00:00:00,2024-05-13 00:00:00,48,11.2,77.1,25.45,73.66,0.0,14.66,1010.36
2024-05-11 00:00:00,2024-05-14 00:00:00,72,10.3,76.7,24.58,75.3,0.0,17.04,1010.31
2024-05-11 00:00:00,2024-05-14 00:00:00,72,10.3,76.9,23.29,67.22,0.0,14.53,1012.51
2024-05-11 00:00:00,2024-05-14 00:00:00,72,10.3,77.1,23.61,71.57,0.0,13.29,1013.66
2024-05-11 00:00:00,2024-05-14 00:00:00,72,10.6,76.7,24.99,57.02,0.0,13.87,1007.86
2024-05-11 00:00:00,2024-05-14 00:00:00,72,10.6,76.9,22.71,59.09,0.0,12.61,1012.79
2024-05-11 00:00:00,2024-05-14 00:00:00,72,10.6,77.1,24.34,53.28,0.0,13.49,1010.62
2024-05-11 00:00:00,2024-05-14 00:00:00,72,10.9,76.7,25.94,67.47,0.0,13.98,1012.28
2024-05-11 00:00:00,2024-05-14 00:00:00,72,10.9,76.9,25.1,61.51,0.0,15.65,1009.08
2024-05-11 00:00:00,2024-05-14 00:00:00,72,10.9,77.1,24.47,66.56,0.0,18.38,1008.66
2024-05-11 00:00:00,2024-05-14 00:00:00,72,11.2,76.7,23.17,69.72,0.0,9.69,1010.88
2024-05-11 00:00:00,2024-05-14 00:00:00,72,11.2,76.9,21.02,60.25,0.0,13.58,1011.46
2024-05-11 00:00:00,2024-05-14 00:00:00,72,11.2,77.1,23.48,76.49,0.0,12.48,1009.86
2024-05-12 00:00:00,2024-05-13 00:00:00,24,10.3,76.7,27.38,48.87,0.0,11.77,1009.59
2024-05-12 00:00:00,2024-05-13 00:00:00,24,10.3,76.9,24.72,69.52,0.0,14.92,1012.17
2024-05-12 00:00:00,2024-05-13 00:00:00,24,10.3,77.1,24.91,53.1,0.0,12.2,1012.41
2024-05-12 00:00:00,2024-05-13 00:00:00,24,10.6,76.7,23.8,61.19,3.74,17.47,1013.62
2024-05-12 00:00:00,2024-05-13 00:00:00,24,10.6,76.9,25.9,56.24,0.0,14.03,1010.46
2024-05-12 00:00:00,2024-05-13 00:00:00,24,10.6,77.1,24.13,72.63,0.0,15.64,1012.02
2024-05-12 00:00:00,2024-05-13 00:00:00,24,10.9,76.7,27.58,73.78,0.0,19.07,1009.17
2024-05-12 00:00:00,2024-05-13 00:00:00,24,10.9,76.9,26.41,80.69,0.0,12.84,1011.28
2024-05-12 00:00:00,2024-05-13 00:00:00,24,10.9,77.1,25.42,58.93,0.0,14.77,1008.45
2024-05-12 00:00:00,2024-05-13 00:00:00,24,11.2,76.7,25.29,72.11,0.0,14.66,1009.5
2024-05-12 00:00:00,2024-05-13 00:00:00,24,11.2,76.9,25.73,56.63,0.0,15.36,1011.0
2024-05-12 00:00:00,2024-05-13 00:00:00,24,11.2,77.1,24.01,47.99,0.0,9.21,1009.21
2024-05-12 00:00:00,2024-05-14 00:00:00,48,10.3,76.7,24.24,66.91,0.0,16.11,1010.62
2024-05-12 00:00:00,2024-05-14 00:00:00,48,10.3,76.9,24.11,62.28,2.07,9.99,1012.22
2024-05-12 00:00:00,2024-05-14 00:00:00,48,10.3,77.1,24.51,64.04,0.0,16.84,1009.22
2024-05-12 00:00:00,2024-05-14 00:00:00,48,10.6,76.7,24.82,69.44,0.0,10.68,1010.43
2024-05-12 00:00:00,2024-05-14 00:00:00,48,10.6,76.9,25.41,70.81,0.0,7.09,1011.74
2024-05-12 00:00:00,2024-05-14 00:00:00,48,10.6,77.1,22.17,58.07,0.0,15.08,1012.54
2024-05-12 00:00:00,2024-05-14 00:00:00,48,10.9,76.7,25.73,63.62,0.0,5.06,1011.52
2024-05-12 00:00:00,2024-05-14 00:00:00,48,10.9,76.9,25.22,71.98,0.0,14.33,1008.89
2024-05-12 00:00:00,2024-05-14 00:00:00,48,10.9,77.1,24.53,66.75,0.0,11.94,1010.49
2024-05-12 00:00:00,2024-05-14 00:00:00,48,11.2,76.7,23.49,74.0,0.0,12.37,1011.22
2024-05-12 00:00:00,2024-05-14 00:00:00,48,11.2,76.9,24.31,69.44,0.0,18.98,1011.5
2024-05-12 00:00:00,2024-05-14 00:00:00,48,11.2,77.1,23.61,71.36,0.0,11.72,1009.04
2024-05-12 00:00:00,2024-05-15 00:00:00,72,10.3,76.7,23.48,69.43,0.0,15.04,1012.62
2024-05-12 00:00:00,2024-05-15 00:00:00,72,10.3,76.9,27.59,79.91,0.0,13.56,1010.17
2024-05-12 00:00:00,2024-05-15 00:00:00,72,10.3,77.1,28.78,53.65,0.0,14.45,1010.54
2024-05-12 00:00:00,2024-05-15 00:00:00,72,10.6,76.7,24.02,63.65,0.0,15.05,1011.9
2024-05-12 00:00:00,2024-05-15 00:00:00,72,10.6,76.9,22.14,69.54,0.0,18.42,1011.23
2024-05-12 00:00:00,2024-05-15 00:00:00,72,10.6,77.1,24.58,52.0,0.0,10.85,1012.35
2024-05-12 00:00:00,2024-05-15 00:00:00,72,10.9,76.7,28.13,68.5,0.0,20.77,1009.99
2024-05-12 00:00:00,2024-05-15 00:00:00,72,10.9,76.9,23.33,58.44,0.0,22.23,1007.92
2024-05-12 00:00:00,2024-05-15 00:00:00,72,10.9,77.1,25.31,78.85,0.0,17.63,1009.83
2024-05-12 00:00:00,2024-05-15 00:00:00,72,11.2,76.7,24.83,60.45,0.0,18.36,1008.79
2024-05-12 00:00:00,2024-05-15 00:00:00,72,11.2,76.9,21.51,55.32,0.0,12.03,1007.36
2024-05-12 00:00:00,2024-05-15 00:00:00,72,11.2,77.1,24.13,70.81,0.0,16.71,1011.07
2024-05-13 00:00:00,2024-05-14 00:00:00,24,10.3,76.7,24.1,56.08,0.0,13.38,1011.76
2024-05-13 00:00:00,2024-05-14 00:00:00,24,10.3,76.9,23.13,66.92,0.0,10.85,1008.94
2024-05-13 00:00:00,2024-05-14 00:00:00,24,10.3,77.1,25.03,62.54,0.0,12.71,1013.89
2024-05-13 00:00:00,2024-05-14 00:00:00,24,10.6,76.7,25.03,74.17,0.0,13.52,1010.92
2024-05-13 00:00:00,2024-05-14 00:00:00,24,10.6,76.9,27.82,65.78,0.0,16.29,1011.3
2024-05-13 00:00:00,2024-05-14 00:00:00,24,10.6,77.1,27.06,58.73,0.0,15.27,1011.2
2024-05-13 00:00:00,2024-05-14 00:00:00,24,10.9,76.7,22.81,80.9,0.0,21.63,1009.16
2024-05-13 00:00:00,2024-05-14 00:00:00,24,10.9,76.9,25.36,71.45,0.0,13.15,1012.97
2024-05-13 00:00:00,2024-05-14 00:00:00,24,10.9,77.1,21.61,76.49,0.0,10.56,1012.01
2024-05-13 00:00:00,2024-05-14 00:00:00,24,11.2,76.7,22.59,59.8,0.0,10.27,1007.44
2024-05-13 00:00:00,2024-05-14 00:00:00,24,11.2,76.9,23.89,77.56,0.0,16.93,1008.36
2024-05-13 00:00:00,2024-05-14 00:00:00,24,11.2,77.1,24.19,64.81,0.25,15.02,1011.15
2024-05-13 00:00:00,2024-05-15 00:00:00,48,10.3,76.7,26.15,78.81,0.0,10.46,1010.94
2024-05-13 00:00:00,2024-05-15 00:00:00,48,10.3,76.9,24.2,71.58,0.0,19.83,1012.22
2024-05-13 00:00:00,2024-05-15 00:00:00,48,10.3,77.1,25.29,70.6,0.0,9.67,1012.83
2024-05-13 00:00:00,2024-05-15 00:00:00,48,10.6,76.7,26.26,75.04,0.0,14.23,1009.32
2024-05-13 00:00:00,2024-05-15 00:00:00,48,10.6,76.9,26.41,66.79,0.0,12.84,1010.52
2024-05-13 00:00:00,2024-05-15 00:00:00,48,10.6,77.1,27.75,72.68,0.0,18.72,1010.2
2024-05-13 00:00:00,2024-05-15 00:00:00,48,10.9,76.7,23.05,84.19,0.0,11.74,1007.95
2024-05-13 00:00:00,2024-05-15 00:00:00,48,10.9,76.9,27.13,68.27,0.0,12.97,1008.28
2024-05-13 00:00:00,2024-05-15 00:00:00,48,10.9,77.1,26.44,72.75,0.0,20.44,1012.89
2024-05-13 00:00:00,2024-05-15 00:00:00,48,11.2,76.7,23.62,61.68,0.0,15.31,1006.96
2024-05-13 00:00:00,2024-05-15 00:00:00,48,11.2,76.9,27.78,57.76,0.0,11.56,1009.38
2024-05-13 00:00:00,2024-05-15 00:00:00,48,11.2,77.1,23.0,66.16,0.0,17.46,1008.9
2024-05-13 00:00:00,2024-05-16 00:00:00,72,10.3,76.7,26.1,51.56,0.0,13.86,1012.14
2024-05-13 00:00:00,2024-05-16 00:00:00,72,10.3,76.9,25.98,62.79,0.0,17.4,1012.38
2024-05-13 00:00:00,2024-05-16 00:00:00,72,10.3,77.1,22.75,69.26,3.18,10.54,1008.43
2024-05-13 00:00:00,2024-05-16 00:00:00,72,10.6,76.7,19.73,72.17,0.0,4.75,1011.57
2024-05-13 00:00:00,2024-05-16 00:00:00,72,10.6,76.9,28.0,61.95,0.0,15.77,1010.46
2024-05-13 00:00:00,2024-05-16 00:00:00,72,10.6,77.1,27.14,78.32,0.0,9.69,1010.31
2024-05-13 00:00:00,2024-05-16 00:00:00,72,10.9,76.7,25.75,67.15,0.0,12.42,1009.23
2024-05-13 00:00:00,2024-05-16 00:00:00,72,10.9,76.9,20.9,50.94,0.0,17.16,1008.75
2024-05-13 00:00:00,2024-05-16 00:00:00,72,10.9,77.1,29.82,48.71,0.0,17.21,1008.19
2024-05-13 00:00:00,2024-05-16 00:00:00,72,11.2,76.7,26.65,62.24,0.0,13.38,1007.5
2024-05-13 00:00:00,2024-05-16 00:00:00,72,11.2,76.9,22.56,66.35,0.0,10.44,1011.25
2024-05-13 00:00:00,2024-05-16 00:00:00,72,11.2,77.1,22.88,60.3,0.0,19.29,1011.72
2024-05-14 00:00:00,2024-05-15 00:00:00,24,10.3,76.7,25.03,69.31,0.0,14.29,1013.58
2024-05-14 00:00:00,2024-05-15 00:00:00,24,10.3,76.9,24.4,84.13,0.0,17.13,1011.7
2024-05-14 00:00:00,2024-05-15 00:00:00,24,10.3,77.1,23.65,69.45,0.0,12.97,1011.56
2024-05-14 00:00:00,2024-05-15 00:00:00,24,10.6,76.7,27.79,81.28,0.0,19.54,1011.84
2024-05-14 00:00:00,2024-05-15 00:00:00,24,10.6,76.9,27.73,68.24,0.0,8.66,1009.64
2024-05-14 00:00:00,2024-05-15 00:00:00,24,10.6,77.1,24.36,64.64,0.0,16.28,1008.1
2024-05-14 00:00:00,2024-05-15 00:00:00,24,10.9,76.7,24.03,57.74,0.0,12.34,1008.92
2024-05-14 00:00:00,2024-05-15 00:00:00,24,10.9,76.9,24.22,72.34,0.0,13.65,1011.17
2024-05-14 00:00:00,2024-05-15 00:00:00,24,10.9,77.1,24.61,82.51,2.16,15.07,1011.21
2024-05-14 00:00:00,2024-05-15 00:00:00,24,11.2,76.7,24.83,74.75,0.0,11.31,1011.1
2024-05-14 00:00:00,2024-05-15 00:00:00,24,11.2,76.9,22.9,68.6,0.0,15.89,1007.48
2024-05-14 00:00:00,2024-05-15 00:00:00,24,11.2,77.1,27.81,48.57,0.0,11.95,1009.85
2024-05-14 00:00:00,2024-05-16 00:00:00,48,10.3,76.7,24.34,71.89,0.0,8.84,1012.48
2024-05-14 00:00:00,2024-05-16 00:00:00,48,10.3,76.9,23.59,73.29,0.0,15.98,1010.9
2024-05-14 00:00:00,2024-05-16 00:00:00,48,10.3,77.1,25.91,60.08,0.0,15.91,1011.65
2024-05-14 00:00:00,2024-05-16 00:00:00,48,10.6,76.7,25.89,51.41,0.0,8.57,1008.52
2024-05-14 00:00:00,2024-05-16 00:00:00,48,10.6,76.9,27.28,84.6,0.0,15.38,1006.65
2024-05-14 00:00:00,2024-05-16 00:00:00,48,10.6,77.1,24.72,79.46,0.0,9.62,1010.27
2024-05-14 00:00:00,2024-05-16 00:00:00,48,10.9,76.7,28.58,55.54,0.0,13.95,1010.47
2024-05-14 00:00:00,2024-05-16 00:00:00,48,10.9,76.9,26.56,81.55,0.0,5.05,1010.74
2024-05-14 00:00:00,2024-05-16 00:00:00,48,10.9,77.1,20.95,61.14,3.94,16.55,1008.39
2024-05-14 00:00:00,2024-05-16 00:00:00,48,11.2,76.7,26.94,81.52,0.0,12.0,1010.19
2024-05-14 00:00:00,2024-05-16 00:00:00,48,11.2,76.9,22.93,54.44,0.0,15.13,1009.07
2024-05-14 00:00:00,2024-05-16 00:00:00,48,11.2,77.1,24.56,80.62,0.0,15.2,1007.59
2024-05-14 00:00:00,2024-05-17 00:00:00,72,10.3,76.7,25.61,70.1,0.0,13.24,1011.67
2024-05-14 00:00:00,2024-05-17 00:00:00,72,10.3,76.9,19.42,62.06,0.0,12.24,1011.65
2024-05-14 00:00:00,2024-05-17 00:00:00,72,10.3,77.1,25.07,55.35,0.0,14.28,1012.12
2024-05-14 00:00:00,2024-05-17 00:00:00,72,10.6,76.7,29.76,61.08,0.0,8.32,1010.92
2024-05-14 00:00:00,2024-05-17 00:00:00,72,10.6,76.9,28.64,61.62,0.0,16.66,1009.82
2024-05-14 00:00:00,2024-05-17 00:00:00,72,10.6,77.1,22.11,62.57,0.0,8.42,1011.22
2024-05-14 00:00:00,2024-05-17 00:00:00,72,10.9,76.7,24.55,72.2,0.0,7.22,1009.23
2024-05-14 00:00:00,2024-05-17 00:00:00,72,10.9,76.9,21.73,81.3,0.0,17.62,1010.88
2024-05-14 00:00:00,2024-05-17 00:00:00,72,10.9,77.1,22.87,71.91,0.0,17.27,1007.74
2024-05-14 00:00:00,2024-05-17 00:00:00,72,11.2,76.7,23.54,60.72,0.0,11.37,1012.66
2024-05-14 00:00:00,2024-05-17 00:00:00,72,11.2,76.9,24.98,65.45,0.0,7.9,1012.46
2024-05-14 00:00:00,2024-05-17 00:00:00,72,11.2,77.1,25.65,70.04,0.0,13.97,1009.84
2024-05-15 00:00:00,2024-05-16 00:00:00,24,10.3,76.7,23.99,49.24,0.0,13.89,1013.4
2024-05-15 00:00:00,2024-05-16 00:00:00,24,10.3,76.9,25.2,69.73,0.0,13.0,1010.77
2024-05-15 00:00:00,2024-05-16 00:00:00,24,10.3,77.1,20.74,60.93,0.0,14.78,1011.36
2024-05-15 00:00:00,2024-05-16 00:00:00,24,10.6,76.7,25.67,71.61,0.0,13.1,1009.22
2024-05-15 00:00:00,2024-05-16 00:00:00,24,10.6,76.9,25.61,63.48,0.0,21.14,1010.02
2024-05-15 00:00:00,2024-05-16 00:00:00,24,10.6,77.1,25.25,55.59,0.0,15.97,1011.52
2024-05-15 00:00:00,2024-05-16 00:00:00,24,10.9,76.7,25.02,66.31,0.0,11.71,1012.63
2024-05-15 00:00:00,2024-05-16 00:00:00,24,10.9,76.9,25.69,62.33,0.0,10.3,1011.37
2024-05-15 00:00:00,2024-05-16 00:00:00,24,10.9,77.1,24.62,54.43,0.0,16.04,1010.91
2024-05-15 00:00:00,2024-05-16 00:00:00,24,11.2,76.7,25.13,51.4,0.0,16.73,1009.39
2024-05-15 00:00:00,2024-05-16 00:00:00,24,11.2,76.9,22.49,64.99,0.0,11.78,1011.24
2024-05-15 00:00:00,2024-05-16 00:00:00,24,11.2,77.1,24.44,74.88,0.0,12.94,1009.88
2024-05-15 00:00:00,2024-05-17 00:00:00,48,10.3,76.7,21.06,66.09,0.0,9.41,1013.61
2024-05-15 00:00:00,2024-05-17 00:00:00,48,10.3,76.9,20.97,73.85,0.0,13.56,1011.81
2024-05-15 00:00:00,2024-05-17 00:00:00,48,10.3,77.1,23.25,64.71,0.0,13.23,1011.67
2024-05-15 00:00:00,2024-05-17 00:00:00,48,10.6,76.7,21.04,68.24,1.18,13.8,1012.84
2024-05-15 00:00:00,2024-05-17 00:00:00,48,10.6,76.9,25.07,66.96,0.0,13.74,1008.38
2024-05-15 00:00:00,2024-05-17 00:00:00,48,10.6,77.1,20.2,68.8,0.0,14.42,1010.94
2024-05-15 00:00:00,2024-05-17 00:00:00,48,10.9,76.7,22.95,68.32,0.0,18.46,1011.05
2024-05-15 00:00:00,2024-05-17 00:00:00,48,10.9,76.9,24.72,68.46,0.0,11.95,1010.1
2024-05-15 00:00:00,2024-05-17 00:00:00,48,10.9,77.1,26.14,63.33,0.0,12.41,1008.76
2024-05-15 00:00:00,2024-05-17 00:00:00,48,11.2,76.7,24.32,56.14,0.0,7.03,1007.15
2024-05-15 00:00:00,2024-05-17 00:00:00,48,11.2,76.9,20.21,65.59,0.0,18.28,1009.64
2024-05-15 00:00:00,2024-05-17 00:00:00,48,11.2,77.1,25.72,66.33,0.0,19.82,1010.24
2024-05-15 00:00:00,2024-05-18 00:00:00,72,10.3,76.7,27.17,80.12,0.0,18.77,1010.16
2024-05-15 00:00:00,2024-05-18 00:00:00,72,10.3,76.9,19.23,54.76,0.0,14.05,1013.84
2024-05-15 00:00:00,2024-05-18 00:00:00,72,10.3,77.1,21.31,55.77,0.0,13.56,1012.29
2024-05-15 00:00:00,2024-05-18 00:00:00,72,10.6,76.7,23.83,69.72,0.0,19.83,1009.13
2024-05-15 00:00:00,2024-05-18 00:00:00,72,10.6,76.9,23.48,64.94,0.0,14.9,1009.39
2024-05-15 00:00:00,2024-05-18 00:00:00,72,10.6,77.1,18.45,62.69,0.0,10.44,1010.12
2024-05-15 00:00:00,2024-05-18 00:00:00,72,10.9,76.7,22.54,46.84,0.0,17.12,1010.57
2024-05-15 00:00:00,2024-05-18 00:00:00,72,10.9,76.9,22.16,57.88,0.0,20.47,1010.2
2024-05-15 00:00:00,2024-05-18 00:00:00,72,10.9,77.1,22.84,72.9,0.0,19.94,1008.63
2024-05-15 00:00:00,2024-05-18 00:00:00,72,11.2,76.7,25.29,61.12,0.0,14.73,1011.24
2024-05-15 00:00:00,2024-05-18 00:00:00,72,11.2,76.9,21.79,78.18,0.0,10.26,1010.14
2024-05-15 00:00:00,2024-05-18 00:00:00,72,11.2,77.1,24.4,67.17,0.0,19.67,1009.67
2024-05-16 00:00:00,2024-05-17 00:00:00,24,10.3,76.7,24.08,64.32,0.0,16.03,1012.61
2024-05-16 00:00:00,2024-05-17 00:00:00,24,10.3,76.9,24.34,67.53,0.0,11.27,1010.27
2024-05-16 00:00:00,2024-05-17 00:00:00,24,10.3,77.1,23.95,59.6,0.0,13.91,1010.54
2024-05-16 00:00:00,2024-05-17 00:00:00,24,10.6,76.7,25.67,61.24,0.0,14.43,1011.32
2024-05-16 00:00:00,2024-05-17 00:00:00,24,10.6,76.9,25.15,70.28,0.0,18.81,1012.56
2024-05-16 00:00:00,2024-05-17 00:00:00,24,10.6,77.1,26.25,74.66,0.0,13.67,1010.02
2024-05-16 00:00:00,2024-05-17 00:00:00,24,10.9,76.7,20.91,56.46,0.0,16.1,1009.45
2024-05-16 00:00:00,2024-05-17 00:00:00,24,10.9,76.9,23.28,72.36,0.0,15.84,1009.74
2024-05-16 00:00:00,2024-05-17 00:00:00,24,10.9,77.1,23.04,73.29,0.0,23.99,1010.02
2024-05-16 00:00:00,2024-05-17 00:00:00,24,11.2,76.7,24.92,72.41,0.0,12.84,1009.25
2024-05-16 00:00:00,2024-05-17 00:00:00,24,11.2,76.9,22.87,59.66,0.0,7.02,1012.18
2024-05-16 00:00:00,2024-05-17 00:00:00,24,11.2,77.1,23.6,77.35,0.0,15.52,1009.87
2024-05-16 00:00:00,2024-05-18 00:00:00,48,10.3,76.7,25.55,72.42,0.0,10.78,1011.98
2024-05-16 00:00:00,2024-05-18 00:00:00,48,10.3,76.9,25.56,56.62,0.0,17.42,1013.54
2024-05-16 00:00:00,2024-05-18 00:00:00,48,10.3,77.1,23.94,60.33,0.0,16.75,1009.37
2024-05-16 00:00:00,2024-05-18 00:00:00,48,10.6,76.7,22.8,69.18,0.0,12.59,1008.91
2024-05-16 00:00:00,2024-05-18 00:00:00,48,10.6,76.9,23.99,78.14,0.0,19.34,1009.44
2024-05-16 00:00:00,2024-05-18 00:00:00,48,10.6,77.1,25.91,60.34,0.0,13.18,1012.4
2024-05-16 00:00:00,2024-05-18 00:00:00,48,10.9,76.7,25.53,41.34,0.0,17.97,1009.79
2024-05-16 00:00:00,2024-05-18 00:00:00,48,10.9,76.9,26.29,65.99,0.0,11.64,1008.66
2024-05-16 00:00:00,2024-05-18 00:00:00,48,10.9,77.1,23.96,52.65,0.0,11.97,1007.91
2024-05-16 00:00:00,2024-05-18 00:00:00,48,11.2,76.7,24.41,58.07,0.0,13.16,1009.48
2024-05-16 00:00:00,2024-05-18 00:00:00,48,11.2,76.9,24.92,71.38,0.0,13.06,1010.25
2024-05-16 00:00:00,2024-05-18 00:00:00,48,11.2,77.1,24.25,68.54,0.0,13.6,1009.04
2024-05-16 00:00:00,2024-05-19 00:00:00,72,10.3,76.7,27.62,73.55,0.0,9.04,1011.97
2024-05-16 00:00:00,2024-05-19 00:00:00,72,10.3,76.9,21.05,82.8,0.0,15.75,1013.52
2024-05-16 00:00:00,2024-05-19 00:00:00,72,10.3,77.1,21.89,69.29,0.0,11.67,1012.19
2024-05-16 00:00:00,2024-05-19 00:00:00,72,10.6,76.7,30.92,61.08,0.0,14.57,1010.99
2024-05-16 00:00:00,2024-05-19 00:00:00,72,10.6,76.9,21.05,52.87,0.0,16.04,1010.68
2024-05-16 00:00:00,2024-05-19 00:00:00,72,10.6,77.1,23.67,67.69,4.16,8.93,1009.42
2024-05-16 00:00:00,2024-05-19 00:00:00,72,10.9,76.7,23.66,62.94,0.0,22.0,1011.41
2024-05-16 00:00:00,2024-05-19 00:00:00,72,10.9,76.9,19.32,65.33,0.0,11.24,1010.64
2024-05-16 00:00:00,2024-05-19 00:00:00,72,10.9,77.1,24.24,68.23,0.0,0.11,1010.19
2024-05-16 00:00:00,2024-05-19 00:00:00,72,11.2,76.7,22.84,77.45,0.0,10.52,1006.34
2024-05-16 00:00:00,2024-05-19 00:00:00,72,11.2,76.9,23.12,73.3,0.0,16.43,1012.56
2024-05-16 00:00:00,2024-05-19 00:00:00,72,11.2,77.1,25.77,73.72,0.0,17.58,1006.0
2024-05-17 00:00:00,2024-05-18 00:00:00,24,10.3,76.7,22.51,54.79,0.0,13.81,1013.44
2024-05-17 00:00:00,2024-05-18 00:00:00,24,10.3,76.9,24.17,61.46,0.0,9.43,1009.56
2024-05-17 00:00:00,2024-05-18 00:00:00,24,10.3,77.1,25.2,64.42,0.0,14.89,1013.25
2024-05-17 00:00:00,2024-05-18 00:00:00,24,10.6,76.7,26.38,74.05,0.0,8.37,1012.2
2024-05-17 00:00:00,2024-05-18 00:00:00,24,10.6,76.9,23.68,67.32,0.0,23.81,1009.89
2024-05-17 00:00:00,2024-05-18 00:00:00,24,10.6,77.1,26.04,57.42,0.0,13.4,1012.0
2024-05-17 00:00:00,2024-05-18 00:00:00,24,10.9,76.7,25.8,58.8,0.0,12.16,1010.4
2024-05-17 00:00:00,2024-05-18 00:00:00,24,10.9,76.9,22.21,63.56,0.0,13.4,1010.29
2024-05-17 00:00:00,2024-05-18 00:00:00,24,10.9,77.1,26.95,70.25,0.0,11.18,1011.51
2024-05-17 00:00:00,2024-05-18 00:00:00,24,11.2,76.7,24.98,71.78,0.0,16.46,1007.9
2024-05-17 00:00:00,2024-05-18 00:00:00,24,11.2,76.9,23.09,67.59,0.0,13.85,1010.36
2024-05-17 00:00:00,2024-05-18 00:00:00,24,11.2,77.1,24.7,60.77,3.02,7.79,1006.42
2024-05-17 00:00:00,2024-05-19 00:00:00,48,10.3,76.7,25.22,46.03,0.0,11.02,1009.45
2024-05-17 00:00:00,2024-05-19 00:00:00,48,10.3,76.9,24.25,81.87,8.41,17.27,1011.97
2024-05-17 00:00:00,2024-05-19 00:00:00,48,10.3,77.1,29.56,66.09,0.0,10.06,1011.38
2024-05-17 00:00:00,2024-05-19 00:00:00,48,10.6,76.7,24.1,63.32,0.0,12.02,1010.93
2024-05-17 00:00:00,2024-05-19 00:00:00,48,10.6,76.9,25.06,51.45,0.0,13.53,1010.24
2024-05-17 00:00:00,2024-05-19 00:00:00,48,10.6,77.1,24.32,64.39,0.0,12.85,1010.98
2024-05-17 00:00:00,2024-05-19 00:00:00,48,10.9,76.7,23.66,64.19,0.0,11.08,1009.47
2024-05-17 00:00:00,2024-05-19 00:00:00,48,10.9,76.9,24.29,67.75,0.25,18.46,1010.24
2024-05-17 00:00:00,2024-05-19 00:00:00,48,10.9,77.1,24.25,74.73,0.0,12.19,1012.62
2024-05-17 00:00:00,2024-05-19 00:00:00,48,11.2,76.7,21.86,55.99,0.0,15.31,1008.49
2024-05-17 00:00:00,2024-05-19 00:00:00,48,11.2,76.9,22.81,69.93,2.21,18.14,1009.77
2024-05-17 00:00:00,2024-05-19 00:00:00,48,11.2,77.1,25.48,79.03,4.97,14.11,1009.66
2024-05-17 00:00:00,2024-05-20 00:00:00,72,10.3,76.7,28.62,55.64,0.0,12.62,1011.31
2024-05-17 00:00:00,2024-05-20 00:00:00,72,10.3,76.9,21.45,56.25,0.0,13.47,1011.41
2024-05-17 00:00:00,2024-05-20 00:00:00,72,10.3,77.1,22.57,66.03,0.0,8.2,1008.84
2024-05-17 00:00:00,2024-05-20 00:00:00,72,10.6,76.7,21.57,53.76,0.0,18.2,1011.63
2024-05-17 00:00:00,2024-05-20 00:00:00,72,10.6,76.9,26.3,69.13,0.0,11.83,1008.22
2024-05-17 00:00:00,2024-05-20 00:00:00,72,10.6,77.1,20.84,65.97,0.0,10.15,1011.43
2024-05-17 00:00:00,2024-05-20 00:00:00,72,10.9,76.7,20.7,55.15,0.0,7.88,1013.13
2024-05-17 00:00:00,2024-05-20 00:00:00,72,10.9,76.9,20.17,68.52,0.0,13.15,1008.67
2024-05-17 00:00:00,2024-05-20 00:00:00,72,10.9,77.1,25.57,64.63,0.0,16.31,1011.95
2024-05-17 00:00:00,2024-05-20 00:00:00,72,11.2,76.7,26.79,56.31,0.0,16.87,1007.73
2024-05-17 00:00:00,2024-05-20 00:00:00,72,11.2,76.9,25.15,70.48,0.0,15.41,1008.26
2024-05-17 00:00:00,2024-05-20 00:00:00,72,11.2,77.1,24.57,49.43,0.0,17.47,1012.25
2024-05-18 00:00:00,2024-05-19 00:00:00,24,10.3,76.7,23.68,72.05,0.0,20.3,1009.51
2024-05-18 00:00:00,2024-05-19 00:00:00,24,10.3,76.9,25.89,74.98,0.0,16.07,1012.75
2024-05-18 00:00:00,2024-05-19 00:00:00,24,10.3,77.1,27.45,56.94,0.0,13.06,1011.26
2024-05-18 00:00:00,2024-05-19 00:00:00,24,10.6,76.7,22.92,63.29,0.0,5.93,1010.27
2024-05-18 00:00:00,2024-05-19 00:00:00,24,10.6,76.9,26.13,72.63,0.0,16.18,1010.78
2024-05-18 00:00:00,2024-05-19 00:00:00,24,10.6,77.1,24.31,65.21,0.0,19.82,1010.27
2024-05-18 00:00:00,2024-05-19 00:00:00,24,10.9,76.7,23.12,74.31,0.0,14.85,1007.6
2024-05-18 00:00:00,2024-05-19 00:00:00,24,10.9,76.9,22.06,58.49,0.0,16.51,1010.81
2024-05-18 00:00:00,2024-05-19 00:00:00,24,10.9,77.1,24.79,66.12,0.0,9.55,1008.49
2024-05-18 00:00:00,2024-05-19 00:00:00,24,11.2,76.7,23.89,70.04,0.0,17.24,1009.59
2024-05-18 00:00:00,2024-05-19 00:00:00,24,11.2,76.9,23.47,67.69,0.0,13.21,1008.19
2024-05-18 00:00:00,2024-05-19 00:00:00,24,11.2,77.1,23.84,60.46,0.0,11.07,1009.67
2024-05-18 00:00:00,2024-05-20 00:00:00,48,10.3,76.7,24.76,54.98,7.52,12.94,1012.05
2024-05-18 00:00:00,2024-05-20 00:00:00,48,10.3,76.9,23.33,60.67,0.0,11.9,1012.21
2024-05-18 00:00:00,2024-05-20 00:00:00,48,10.3,77.1,26.14,66.29,0.0,14.75,1010.68
2024-05-18 00:00:00,2024-05-20 00:00:00,48,10.6,76.7,22.21,60.43,0.0,13.39,1010.67
2024-05-18 00:00:00,2024-05-20 00:00:00,48,10.6,76.9,21.81,71.13,0.0,11.06,1007.57
2024-05-18 00:00:00,2024-05-20 00:00:00,48,10.6,77.1,26.53,71.53,0.0,9.5,1009.47
2024-05-18 00:00:00,2024-05-20 00:00:00,48,10.9,76.7,21.27,51.71,0.0,23.29,1006.95
2024-05-18 00:00:00,2024-05-20 00:00:00,48,10.9,76.9,26.16,57.32,0.0,17.72,1008.55
2024-05-18 00:00:00,2024-05-20 00:00:00,48,10.9,77.1,23.66,62.21,0.0,12.85,1007.64
2024-05-18 00:00:00,2024-05-20 00:00:00,48,11.2,76.7,27.01,65.36,0.0,10.29,1010.16
2024-05-18 00:00:00,2024-05-20 00:00:00,48,11.2,76.9,26.3,64.08,0.0,18.15,1010.07
2024-05-18 00:00:00,2024-05-20 00:00:00,48,11.2,77.1,22.63,74.87,0.0,8.66,1009.91
2024-05-18 00:00:00,2024-05-21 00:00:00,72,10.3,76.7,26.78,60.12,0.6,11.49,1011.87
2024-05-18 00:00:00,2024-05-21 00:00:00,72,10.3,76.9,23.76,69.98,0.29,16.93,1012.07
2024-05-18 00:00:00,2024-05-21 00:00:00,72,10.3,77.1,20.68,61.85,0.0,11.41,1012.91
2024-05-18 00:00:00,2024-05-21 00:00:00,72,10.6,76.7,23.31,79.94,0.0,14.92,1010.21
2024-05-18 00:00:00,2024-05-21 00:00:00,72,10.6,76.9,27.54,60.9,0.0,14.97,1009.19
2024-05-18 00:00:00,2024-05-21 00:00:00,72,10.6,77.1,23.2,70.1,0.0,13.52,1009.19
2024-05-18 00:00:00,2024-05-21 00:00:00,72,10.9,76.7,30.6,75.85,0.0,14.54,1007.62
2024-05-18 00:00:00,2024-05-21 00:00:00,72,10.9,76.9,26.01,63.14,0.31,0.66,1009.95
2024-05-18 00:00:00,2024-05-21 00:00:00,72,10.9,77.1,19.4,62.35,0.0,7.08,1007.65
2024-05-18 00:00:00,2024-05-21 00:00:00,72,11.2,76.7,20.81,64.16,0.0,18.45,1009.67
2024-05-18 00:00:00,2024-05-21 00:00:00,72,11.2,76.9,23.14,69.76,0.0,12.66,1007.76
2024-05-18 00:00:00,2024-05-21 00:00:00,72,11.2,77.1,24.57,60.83,0.0,15.23,1011.12
2024-05-19 00:00:00,2024-05-20 00:00:00,24,10.3,76.7,24.03,66.34,0.0,9.77,1011.76
2024-05-19 00:00:00,2024-05-20 00:00:00,24,10.3,76.9,25.08,90.86,0.0,12.13,1012.41
2024-05-19 00:00:00,2024-05-20 00:00:00,24,10.3,77.1,25.93,61.93,0.0,15.13,1012.77
2024-05-19 00:00:00,2024-05-20 00:00:00,24,10.6,76.7,22.6,90.76,0.0,11.98,1009.39
2024-05-19 00:00:00,2024-05-20 00:00:00,24,10.6,76.9,25.03,55.72,0.0,13.78,1010.67
2024-05-19 00:00:00,2024-05-20 00:00:00,24,10.6,77.1,24.67,73.48,0.0,16.09,1011.5
2024-05-19 00:00:00,2024-05-20 00:00:00,24,10.9,76.7,24.66,63.92,0.0,13.75,1010.56
2024-05-19 00:00:00,2024-05-20 00:00:00,24,10.9,76.9,25.76,66.73,0.77,23.51,1010.12
2024-05-19 00:00:00,2024-05-20 00:00:00,24,10.9,77.1,23.53,55.39,0.0,17.25,1009.44
2024-05-19 00:00:00,2024-05-20 00:00:00,24,11.2,76.7,22.85,65.43,0.0,12.15,1011.21
2024-05-19 00:00:00,2024-05-20 00:00:00,24,11.2,76.9,23.54,71.43,0.0,14.6,1010.6
2024-05-19 00:00:00,2024-05-20 00:00:00,24,11.2,77.1,23.93,71.5,0.0,9.95,1009.63
2024-05-19 00:00:00,2024-05-21 00:00:00,48,10.3,76.7,23.2,60.84,0.0,17.82,1011.29
2024-05-19 00:00:00,2024-05-21 00:00:00,48,10.3,76.9,25.96,54.49,0.0,20.71,1009.43
2024-05-19 00:00:00,2024-05-21 00:00:00,48,10.3,77.1,26.64,67.81,0.0,13.53,1010.28
2024-05-19 00:00:00,2024-05-21 00:00:00,48,10.6,76.7,25.66,74.11,0.0,12.09,1010.31
2024-05-19 00:00:00,2024-05-21 00:00:00,48,10.6,76.9,22.8,61.99,0.0,10.61,1010.38
2024-05-19 00:00:00,2024-05-21 00:00:00,48,10.6,77.1,27.86,59.49,0.0,14.46,1010.14
2024-05-19 00:00:00,2024-05-21 00:00:00,48,10.9,76.7,28.98,76.29,0.0,9.0,1010.38
2024-05-19 00:00:00,2024-05-21 00:00:00,48,10.9,76.9,21.49,65.33,0.0,19.19,1011.02
2024-05-19 00:00:00,2024-05-21 00:00:00,48,10.9,77.1,21.7,57.22,0.0,10.39,1011.29
2024-05-19 00:00:00,2024-05-21 00:00:00,48,11.2,76.7,20.89,77.8,0.0,7.86,1011.2
2024-05-19 00:00:00,2024-05-21 00:00:00,48,11.2,76.9,25.46,66.62,0.0,15.15,1012.52
2024-05-19 00:00:00,2024-05-21 00:00:00,48,11.2,77.1,24.18,57.2,0.0,8.06,1012.43
2024-05-19 00:00:00,2024-05-22 00:00:00,72,10.3,76.7,29.21,66.09,0.0,15.37,1012.94
2024-05-19 00:00:00,2024-05-22 00:00:00,72,10.3,76.9,20.25,68.74,0.0,12.67,1010.23
2024-05-19 00:00:00,2024-05-22 00:00:00,72,10.3,77.1,23.94,54.79,0.0,14.37,1011.42
2024-05-19 00:00:00,2024-05-22 00:00:00,72,10.6,76.7,24.86,67.84,0.0,11.44,1009.54
2024-05-19 00:00:00,2024-05-22 00:00:00,72,10.6,76.9,22.77,68.89,0.0,10.13,1010.72
2024-05-19 00:00:00,2024-05-22 00:00:00,72,10.6,77.1,26.69,50.52,0.0,17.21,1013.19
2024-05-19 00:00:00,2024-05-22 00:00:00,72,10.9,76.7,25.81,72.07,0.0,12.46,1007.49
2024-05-19 00:00:00,2024-05-22 00:00:00,72,10.9,76.9,18.84,65.68,0.0,14.95,1008.93
2024-05-19 00:00:00,2024-05-22 00:00:00,72,10.9,77.1,23.83,69.11,0.0,12.89,1011.81
2024-05-19 00:00:00,2024-05-22 00:00:00,72,11.2,76.7,30.01,75.66,0.0,16.03,1012.86
2024-05-19 00:00:00,2024-05-22 00:00:00,72,11.2,76.9,23.67,59.59,0.0,14.44,1009.03
2024-05-19 00:00:00,2024-05-22 00:00:00,72,11.2,77.1,26.2,62.72,0.0,18.33,1010.58
2024-05-20 00:00:00,2024-05-21 00:00:00,24,10.3,76.7,24.37,68.53,0.0,10.17,1007.47
2024-05-20 00:00:00,2024-05-21 00:00:00,24,10.3,76.9,28.69,64.5,0.0,10.8,1012.85
2024-05-20 00:00:00,2024-05-21 00:00:00,24,10.3,77.1,23.4,53.37,0.0,12.85,1008.52
2024-05-20 00:00:00,2024-05-21 00:00:00,24,10.6,76.7,24.95,78.51,0.0,10.39,1009.22
2024-05-20 00:00:00,2024-05-21 00:00:00,24,10.6,76.9,22.53,61.38,0.0,10.3,1010.57
2024-05-20 00:00:00,2024-05-21 00:00:00,24,10.6,77.1,24.09,76.9,0.0,16.2,1011.86
2024-05-20 00:00:00,2024-05-21 00:00:00,24,10.9,76.7,24.84,61.09,1.42,12.48,1011.76
2024-05-20 00:00:00,2024-05-21 00:00:00,24,10.9,76.9,25.91,60.78,0.0,11.18,1010.47
2024-05-20 00:00:00,2024-05-21 00:00:00,24,10.9,77.1,22.44,71.99,0.0,7.25,1012.31
2024-05-20 00:00:00,2024-05-21 00:00:00,24,11.2,76.7,21.43,64.95,0.0,15.82,1011.69
2024-05-20 00:00:00,2024-05-21 00:00:00,24,11.2,76.9,23.78,66.98,0.0,5.68,1007.26
2024-05-20 00:00:00,2024-05-21 00:00:00,24,11.2,77.1,23.08,56.23,0.0,11.66,1010.48
2024-05-20 00:00:00,2024-05-22 00:00:00,48,10.3,76.7,23.63,85.98,0.0,14.5,1010.04
2024-05-20 00:00:00,2024-05-22 00:00:00,48,10.3,76.9,23.26,67.39,0.0,10.9,1013.86
2024-05-20 00:00:00,2024-05-22 00:00:00,48,10.3,77.1,23.17,69.39,0.0,8.82,1011.82
2024-05-20 00:00:00,2024-05-22 00:00:00,48,10.6,76.7,27.88,71.56,0.0,16.48,1012.27
2024-05-20 00:00:00,2024-05-22 00:00:00,48,10.6,76.9,23.09,51.37,0.0,11.88,1011.68
2024-05-20 00:00:00,2024-05-22 00:00:00,48,10.6,77.1,26.89,56.92,0.0,12.58,1010.64
2024-05-20 00:00:00,2024-05-22 00:00:00,48,10.9,76.7,21.06,65.89,0.0,19.0,1012.69
2024-05-20 00:00:00,2024-05-22 00:00:00,48,10.9,76.9,26.16,68.73,0.0,14.75,1009.85
2024-05-20 00:00:00,2024-05-22 00:00:00,48,10.9,77.1,17.55,58.35,0.0,14.81,1009.87
2024-05-20 00:00:00,2024-05-22 00:00:00,48,11.2,76.7,22.4,52.0,0.0,12.29,1009.34
2024-05-20 00:00:00,2024-05-22 00:00:00,48,11.2,76.9,24.17,65.09,0.0,18.45,1007.86
2024-05-20 00:00:00,2024-05-22 00:00:00,48,11.2,77.1,26.13,75.27,0.0,15.92,1009.0
2024-05-20 00:00:00,2024-05-23 00:00:00,72,10.3,76.7,30.8,74.88,0.0,13.17,1012.42
2024-05-20 00:00:00,2024-05-23 00:00:00,72,10.3,76.9,23.53,63.84,0.0,12.67,1011.32
2024-05-20 00:00:00,2024-05-23 00:00:00,72,10.3,77.1,25.77,61.71,0.0,11.91,1011.29
2024-05-20 00:00:00,2024-05-23 00:00:00,72,10.6,76.7,27.22,58.79,0.0,21.18,1009.43
2024-05-20 00:00:00,2024-05-23 00:00:00,72,10.6,76.9,26.24,69.92,0.0,17.96,1010.66
2024-05-20 00:00:00,2024-05-23 00:00:00,72,10.6,77.1,23.59,68.75,0.0,14.56,1011.26
2024-05-20 00:00:00,2024-05-23 00:00:00,72,10.9,76.7,23.2,62.46,0.0,17.81,1010.23
2024-05-20 00:00:00,2024-05-23 00:00:00,72,10.9,76.9,22.19,79.45,0.0,11.92,1009.96
2024-05-20 00:00:00,2024-05-23 00:00:00,72,10.9,77.1,22.14,66.63,0.0,16.01,1008.72
2024-05-20 00:00:00,2024-05-23 00:00:00,72,11.2,76.7,25.92,71.46,0.0,14.09,1007.65
2024-05-20 00:00:00,2024-05-23 00:00:00,72,11.2,76.9,22.6,65.47,0.0,14.32,1009.05
2024-05-20 00:00:00,2024-05-23 00:00:00,72,11.2,77.1,23.86,49.86,0.0,12.86,1008.33
2024-05-21 00:00:00,2024-05-22 00:00:00,24,10.3,76.7,23.85,85.46,0.0,11.77,1013.01
2024-05-21 00:00:00,2024-05-22 00:00:00,24,10.3,76.9,24.28,70.32,0.0,17.61,1012.25
2024-05-21 00:00:00,2024-05-22 00:00:00,24,10.3,77.1,24.45,62.49,0.0,14.48,1012.22
2024-05-21 00:00:00,2024-05-22 00:00:00,24,10.6,76.7,25.55,67.67,0.0,14.61,1010.81
2024-05-21 00:00:00,2024-05-22 00:00:00,24,10.6,76.9,23.65,67.49,0.0,13.16,1012.04
2024-05-21 00:00:00,2024-05-22 00:00:00,24,10.6,77.1,23.06,66.15,0.0,20.36,1011.42
2024-05-21 00:00:00,2024-05-22 00:00:00,24,10.9,76.7,24.14,62.54,0.0,8.85,1009.5
2024-05-21 00:00:00,2024-05-22 00:00:00,24,10.9,76.9,22.51,73.86,0.0,13.53,1010.59
2024-05-21 00:00:00,2024-05-22 00:00:00,24,10.9,77.1,23.47,66.74,0.0,9.23,1010.91
2024-05-21 00:00:00,2024-05-22 00:00:00,24,11.2,76.7,22.61,75.73,0.0,7.73,1007.95
2024-05-21 00:00:00,2024-05-22 00:00:00,24,11.2,76.9,25.16,68.96,0.0,13.94,1007.91
2024-05-21 00:00:00,2024-05-22 00:00:00,24,11.2,77.1,22.69,77.6,0.0,16.6,1008.29
2024-05-21 00:00:00,2024-05-23 00:00:00,48,10.3,76.7,22.32,64.85,0.0,15.5,1011.12
2024-05-21 00:00:00,2024-05-23 00:00:00,48,10.3,76.9,22.05,64.14,0.0,8.7,1010.7
2024-05-21 00:00:00,2024-05-23 00:00:00,48,10.3,77.1,28.7,62.45,0.0,17.08,1010.92
2024-05-21 00:00:00,2024-05-23 00:00:00,48,10.6,76.7,26.1,67.01,0.0,23.16,1011.67
2024-05-21 00:00:00,2024-05-23 00:00:00,48,10.6,76.9,24.58,57.96,0.0,13.64,1012.11
2024-05-21 00:00:00,2024-05-23 00:00:00,48,10.6,77.1,25.81,85.72,0.0,15.34,1010.02
2024-05-21 00:00:00,2024-05-23 00:00:00,48,10.9,76.7,22.48,67.66,0.0,19.92,1012.64
2024-05-21 00:00:00,2024-05-23 00:00:00,48,10.9,76.9,21.24,72.23,0.0,14.51,1008.98
2024-05-21 00:00:00,2024-05-23 00:00:00,48,10.9,77.1,24.78,72.59,22.51,15.65,1011.87
2024-05-21 00:00:00,2024-05-23 00:00:00,48,11.2,76.7,25.97,54.07,0.0,12.23,1009.5
2024-05-21 00:00:00,2024-05-23 00:00:00,48,11.2,76.9,25.06,78.05,0.0,16.82,1008.66
2024-05-21 00:00:00,2024-05-23 00:00:00,48,11.2,77.1,24.55,66.78,0.0,14.58,1009.29
2024-05-21 00:00:00,2024-05-24 00:00:00,72,10.3,76.7,21.82,76.72,0.0,6.32,1012.01
2024-05-21 00:00:00,2024-05-24 00:00:00,72,10.3,76.9,25.01,57.13,0.0,14.97,1011.1
2024-05-21 00:00:00,2024-05-24 00:00:00,72,10.3,77.1,23.85,56.74,0.0,12.17,1011.88
2024-05-21 00:00:00,2024-05-24 00:00:00,72,10.6,76.7,22.16,73.01,0.0,15.33,1011.48
2024-05-21 00:00:00,2024-05-24 00:00:00,72,10.6,76.9,20.16,74.66,0.0,14.4,1011.03
2024-05-21 00:00:00,2024-05-24 00:00:00,72,10.6,77.1,25.31,58.84,0.0,15.42,1013.01
2024-05-21 00:00:00,2024-05-24 00:00:00,72,10.9,76.7,26.21,59.4,0.0,15.38,1011.94
2024-05-21 00:00:00,2024-05-24 00:00:00,72,10.9,76.9,23.57,43.71,0.0,15.47,1010.66
2024-05-21 00:00:00,2024-05-24 00:00:00,72,10.9,77.1,26.85,67.17,0.0,11.82,1007.47
2024-05-21 00:00:00,2024-05-24 00:00:00,72,11.2,76.7,26.18,63.2,0.0,21.83,1009.99
2024-05-21 00:00:00,2024-05-24 00:00:00,72,11.2,76.9,23.2,65.0,0.0,19.17,1007.22
2024-05-21 00:00:00,2024-05-24 00:00:00,72,11.2,77.1,25.27,52.77,0.0,11.93,1009.34
2024-05-22 00:00:00,2024-05-23 00:00:00,24,10.3,76.7,24.76,49.11,0.0,12.78,1011.87
2024-05-22 00:00:00,2024-05-23 00:00:00,24,10.3,76.9,25.4,79.0,0.0,10.49,1017.13
2024-05-22 00:00:00,2024-05-23 00:00:00,24,10.3,77.1,23.21,54.31,0.0,6.96,1012.72
2024-05-22 00:00:00,2024-05-23 00:00:00,24,10.6,76.7,25.56,55.57,0.0,14.73,1011.01
2024-05-22 00:00:00,2024-05-23 00:00:00,24,10.6,76.9,23.43,60.28,0.0,16.34,1008.49
2024-05-22 00:00:00,2024-05-23 00:00:00,24,10.6,77.1,25.56,55.08,5.71,14.29,1010.83
2024-05-22 00:00:00,2024-05-23 00:00:00,24,10.9,76.7,24.98,74.18,0.0,13.61,1010.79
2024-05-22 00:00:00,2024-05-23 00:00:00,24,10.9,76.9,25.19,57.33,0.0,15.27,1009.05
2024-05-22 00:00:00,2024-05-23 00:00:00,24,10.9,77.1,25.39,64.26,0.0,11.84,1009.62
2024-05-22 00:00:00,2024-05-23 00:00:00,24,11.2,76.7,27.0,66.82,0.0,18.05,1010.94
2024-05-22 00:00:00,2024-05-23 00:00:00,24,11.2,76.9,23.51,66.1,0.0,15.84,1012.1
2024-05-22 00:00:00,2024-05-23 00:00:00,24,11.2,77.1,24.06,68.88,2.43,14.39,1007.74
2024-05-22 00:00:00,2024-05-24 00:00:00,48,10.3,76.7,27.02,61.09,0.0,12.58,1013.72
2024-05-22 00:00:00,2024-05-24 00:00:00,48,10.3,76.9,25.27,69.1,0.0,10.69,1011.21
2024-05-22 00:00:00,2024-05-24 00:00:00,48,10.3,77.1,20.68,62.98,0.0,18.02,1010.13
2024-05-22 00:00:00,2024-05-24 00:00:00,48,10.6,76.7,25.24,60.65,0.0,10.03,1011.31
2024-05-22 00:00:00,2024-05-24 00:00:00,48,10.6,76.9,26.64,51.35,0.0,11.13,1010.09
2024-05-22 00:00:00,2024-05-24 00:00:00,48,10.6,77.1,27.05,69.93,0.0,12.06,1011.74
2024-05-22 00:00:00,2024-05-24 00:00:00,48,10.9,76.7,25.8,75.36,0.0,14.67,1010.1
2024-05-22 00:00:00,2024-05-24 00:00:00,48,10.9,76.9,24.16,55.6,0.0,9.83,1008.57
2024-05-22 00:00:00,2024-05-24 00:00:00,48,10.9,77.1,23.36,64.52,0.0,15.57,1010.33
2024-05-22 00:00:00,2024-05-24 00:00:00,48,11.2,76.7,22.35,62.89,0.0,18.9,1010.34
2024-05-22 00:00:00,2024-05-24 00:00:00,48,11.2,76.9,24.36,56.75,0.0,7.48,1011.4
2024-05-22 00:00:00,2024-05-24 00:00:00,48,11.2,77.1,27.94,70.48,0.0,8.26,1008.43
2024-05-22 00:00:00,2024-05-25 00:00:00,72,10.3,76.7,27.13,56.15,0.0,17.1,1011.51
2024-05-22 00:00:00,2024-05-25 00:00:00,72,10.3,76.9,25.63,69.04,0.0,16.77,1011.89
2024-05-22 00:00:00,2024-05-25 00:00:00,72,10.3,77.1,23.19,63.15,0.0,14.15,1010.3
2024-05-22 00:00:00,2024-05-25 00:00:00,72,10.6,76.7,29.06,71.71,0.0,13.47,1011.02
2024-05-22 00:00:00,2024-05-25 00:00:00,72,10.6,76.9,28.11,74.37,0.0,15.4,1010.67
2024-05-22 00:00:00,2024-05-25 00:00:00,72,10.6,77.1,29.48,55.25,0.0,11.05,1007.48
2024-05-22 00:00:00,2024-05-25 00:00:00,72,10.9,76.7,22.01,57.9,0.0,18.3,1012.33
2024-05-22 00:00:00,2024-05-25 00:00:00,72,10.9,76.9,28.41,62.24,0.0,9.81,1011.61
2024-05-22 00:00:00,2024-05-25 00:00:00,72,10.9,77.1,26.34,60.5,0.0,18.11,1010.57
2024-05-22 00:00:00,2024-05-25 00:00:00,72,11.2,76.7,25.95,63.86,3.77,14.74,1009.38
2024-05-22 00:00:00,2024-05-25 00:00:00,72,11.2,76.9,23.06,75.04,0.0,15.12,1010.17
2024-05-22 00:00:00,2024-05-25 00:00:00,72,11.2,77.1,26.94,63.45,0.0,6.6,1009.93
2024-05-23 00:00:00,2024-05-24 00:00:00,24,10.3,76.7,22.95,70.46,0.0,13.15,1012.72
2024-05-23 00:00:00,2024-05-24 00:00:00,24,10.3,76.9,19.85,72.62,0.0,19.58,1009.0
2024-05-23 00:00:00,2024-05-24 00:00:00,24,10.3,77.1,26.9,73.36,0.0,12.12,1013.17
2024-05-23 00:00:00,2024-05-24 00:00:00,24,10.6,76.7,25.29,68.14,0.0,8.94,1010.5
2024-05-23 00:00:00,2024-05-24 00:00:00,24,10.6,76.9,25.06,50.28,0.0,12.14,1009.62
2024-05-23 00:00:00,2024-05-24 00:00:00,24,10.6,77.1,26.22,55.55,0.0,21.85,1008.54
2024-05-23 00:00:00,2024-05-24 00:00:00,24,10.9,76.7,23.0,68.76,0.0,12.93,1010.51
2024-05-23 00:00:00,2024-05-24 00:00:00,24,10.9,76.9,25.84,50.96,0.0,12.55,1009.14
2024-05-23 00:00:00,2024-05-24 00:00:00,24,10.9,77.1,21.89,62.0,0.0,11.81,1006.74
2024-05-23 00:00:00,2024-05-24 00:00:00,24,11.2,76.7,24.56,61.87,0.0,13.73,1007.36
2024-05-23 00:00:00,2024-05-24 00:00:00,24,11.2,76.9,25.62,61.77,0.0,11.26,1009.33
2024-05-23 00:00:00,2024-05-24 00:00:00,24,11.2,77.1,23.34,54.23,0.0,12.79,1009.93
2024-05-23 00:00:00,2024-05-25 00:00:00,48,10.3,76.7,24.01,62.08,1.68,14.46,1010.03
2024-05-23 00:00:00,2024-05-25 00:00:00,48,10.3,76.9,21.29,63.38,0.0,12.31,1008.65
2024-05-23 00:00:00,2024-05-25 00:00:00,48,10.3,77.1,21.14,71.72,0.0,12.4,1013.44
2024-05-23 00:00:00,2024-05-25 00:00:00,48,10.6,76.7,25.38,57.08,0.0,15.56,1009.85
2024-05-23 00:00:00,2024-05-25 00:00:00,48,10.6,76.9,24.39,78.18,0.0,16.86,1011.48
2024-05-23 00:00:00,2024-05-25 00:00:00,48,10.6,77.1,22.95,55.46,0.0,11.53,1010.86
2024-05-23 00:00:00,2024-05-25 00:00:00,48,10.9,76.7,24.87,59.15,0.0,13.67,1006.83
2024-05-23 00:00:00,2024-05-25 00:00:00,48,10.9,76.9,26.16,81.06,0.62,20.37,1009.97
2024-05-23 00:00:00,2024-05-25 00:00:00,48,10.9,77.1,26.31,58.69,0.41,17.74,1011.01
2024-05-23 00:00:00,2024-05-25 00:00:00,48,11.2,76.7,22.34,71.85,0.0,9.27,1010.64
2024-05-23 00:00:00,2024-05-25 00:00:00,48,11.2,76.9,25.03,64.94,0.0,19.01,1011.07
2024-05-23 00:00:00,2024-05-25 00:00:00,48,11.2,77.1,24.71,47.36,0.0,16.02,1007.96
2024-05-23 00:00:00,2024-05-26 00:00:00,72,10.3,76.7,28.66,61.21,0.0,13.68,1012.17
2024-05-23 00:00:00,2024-05-26 00:00:00,72,10.3,76.9,25.02,36.43,0.0,11.56,1008.49
2024-05-23 00:00:00,2024-05-26 00:00:00,72,10.3,77.1,28.95,76.47,0.0,19.68,1010.39
2024-05-23 00:00:00,2024-05-26 00:00:00,72,10.6,76.7,25.61,78.08,0.0,12.81,1011.89
2024-05-23 00:00:00,2024-05-26 00:00:00,72,10.6,76.9,29.09,72.61,0.0,18.24,1011.59
2024-05-23 00:00:00,2024-05-26 00:00:00,72,10.6,77.1,23.03,59.17,0.0,15.96,1011.82
2024-05-23 00:00:00,2024-05-26 00:00:00,72,10.9,76.7,27.69,63.76,0.0,16.64,1011.59
2024-05-23 00:00:00,2024-05-26 00:00:00,72,10.9,76.9,25.89,56.44,0.0,10.96,1009.55
2024-05-23 00:00:00,2024-05-26 00:00:00,72,10.9,77.1,26.82,70.31,0.0,12.04,1012.28
2024-05-23 00:00:00,2024-05-26 00:00:00,72,11.2,76.7,24.49,55.19,0.0,12.85,1007.36
2024-05-23 00:00:00,2024-05-26 00:00:00,72,11.2,76.9,28.93,78.51,0.0,19.02,1010.94
2024-05-23 00:00:00,2024-05-26 00:00:00,72,11.2,77.1,31.08,66.85,0.0,12.54,1011.17
2024-05-24 00:00:00,2024-05-25 00:00:00,24,10.3,76.7,26.13,62.53,0.0,18.56,1011.8
2024-05-24 00:00:00,2024-05-25 00:00:00,24,10.3,76.9,25.49,64.21,0.0,7.91,1010.52
2024-05-24 00:00:00,2024-05-25 00:00:00,24,10.3,77.1,25.71,80.59,0.0,10.12,1011.06
2024-05-24 00:00:00,2024-05-25 00:00:00,24,10.6,76.7,24.68,63.67,0.0,18.5,1011.34
2024-05-24 00:00:00,2024-05-25 00:00:00,24,10.6,76.9,24.23,60.97,0.0,12.66,1009.63
2024-05-24 00:00:00,2024-05-25 00:00:00,24,10.6,77.1,24.48,70.88,0.0,14.64,1010.34
2024-05-24 00:00:00,2024-05-25 00:00:00,24,10.9,76.7,25.38,66.55,0.0,12.82,1007.85
2024-05-24 00:00:00,2024-05-25 00:00:00,24,10.9,76.9,27.22,59.14,0.0,10.86,1011.21
2024-05-24 00:00:00,2024-05-25 00:00:00,24,10.9,77.1,24.25,78.43,0.0,14.21,1010.58
2024-05-24 00:00:00,2024-05-25 00:00:00,24,11.2,76.7,24.83,68.13,0.0,11.56,1008.95
2024-05-24 00:00:00,2024-05-25 00:00:00,24,11.2,76.9,25.66,64.0,0.0,16.65,1008.75
2024-05-24 00:00:00,2024-05-25 00:00:00,24,11.2,77.1,25.35,61.78,0.0,12.03,1011.34
2024-05-24 00:00:00,2024-05-26 00:00:00,48,10.3,76.7,23.43,79.25,5.21,14.34,1011.21
2024-05-24 00:00:00,2024-05-26 00:00:00,48,10.3,76.9,24.22,54.37,0.21,17.21,1009.35
2024-05-24 00:00:00,2024-05-26 00:00:00,48,10.3,77.1,25.33,75.13,0.0,14.83,1012.61
2024-05-24 00:00:00,2024-05-26 00:00:00,48,10.6,76.7,22.88,80.34,0.0,12.25,1010.25
2024-05-24 00:00:00,2024-05-26 00:00:00,48,10.6,76.9,28.64,59.09,0.0,7.21,1011.73
2024-05-24 00:00:00,2024-05-26 00:00:00,48,10.6,77.1,24.74,62.78,0.0,15.14,1013.11
2024-05-24 00:00:00,2024-05-26 00:00:00,48,10.9,76.7,24.94,45.77,0.0,11.06,1010.02
2024-05-24 00:00:00,2024-05-26 00:00:00,48,10.9,76.9,27.78,69.0,0.0,14.83,1010.12
2024-05-24 00:00:00,2024-05-26 00:00:00,48,10.9,77.1,23.02,51.74,0.0,15.47,1013.23
2024-05-24 00:00:00,2024-05-26 00:00:00,48,11.2,76.7,23.79,72.08,0.0,12.73,1011.17
2024-05-24 00:00:00,2024-05-26 00:00:00,48,11.2,76.9,25.44,60.14,0.0,17.62,1008.35
2024-05-24 00:00:00,2024-05-26 00:00:00,48,11.2,77.1,23.43,76.88,0.0,15.5,1010.13
2024-05-24 00:00:00,2024-05-27 00:00:00,72,10.3,76.7,25.2,59.89,0.0,18.15,1011.73
2024-05-24 00:00:00,2024-05-27 00:00:00,72,10.3,76.9,21.2,53.38,6.35,17.53,1012.51
2024-05-24 00:00:00,2024-05-27 00:00:00,72,10.3,77.1,27.87,68.74,0.0,16.03,1011.74
2024-05-24 00:00:00,2024-05-27 00:00:00,72,10.6,76.7,24.14,51.67,0.0,17.36,1012.12
2024-05-24 00:00:00,2024-05-27 00:00:00,72,10.6,76.9,25.88,57.48,0.0,18.03,1009.06
2024-05-24 00:00:00,2024-05-27 00:00:00,72,10.6,77.1,22.71,56.77,0.0,14.44,1008.39
2024-05-24 00:00:00,2024-05-27 00:00:00,72,10.9,76.7,27.39,60.46,0.0,11.32,1011.2
2024-05-24 00:00:00,2024-05-27 00:00:00,72,10.9,76.9,25.44,68.81,0.0,15.46,1009.73
2024-05-24 00:00:00,2024-05-27 00:00:00,72,10.9,77.1,27.15,64.34,0.0,22.43,1011.07
2024-05-24 00:00:00,2024-05-27 00:00:00,72,11.2,76.7,27.3,67.68,0.0,15.4,1009.75
2024-05-24 00:00:00,2024-05-27 00:00:00,72,11.2,76.9,23.85,73.16,0.0,14.31,1010.09
2024-05-24 00:00:00,2024-05-27 00:00:00,72,11.2,77.1,22.85,62.8,0.0,17.36,1009.9
2024-05-25 00:00:00,2024-05-26 00:00:00,24,10.3,76.7,26.61,69.93,0.0,16.67,1011.53
2024-05-25 00:00:00,2024-05-26 00:00:00,24,10.3,76.9,23.54,65.16,0.0,8.78,1010.35
2024-05-25 00:00:00,2024-05-26 00:00:00,24,10.3,77.1,25.23,78.96,0.0,15.51,1010.96
2024-05-25 00:00:00,2024-05-26 00:00:00,24,10.6,76.7,25.96,66.55,0.0,14.19,1008.72
2024-05-25 00:00:00,2024-05-26 00:00:00,24,10.6,76.9,22.11,79.42,0.0,15.17,1011.35
2024-05-25 00:00:00,2024-05-26 00:00:00,24,10.6,77.1,25.08,54.92,0.0,13.8,1011.34
2024-05-25 00:00:00,2024-05-26 00:00:00,24,10.9,76.7,24.47,65.09,0.0,13.75,1011.35
2024-05-25 00:00:00,2024-05-26 00:00:00,24,10.9,76.9,25.14,74.86,3.62,17.99,1012.75
2024-05-25 00:00:00,2024-05-26 00:00:00,24,10.9,77.1,22.09,79.69,8.89,16.45,1010.69
2024-05-25 00:00:00,2024-05-26 00:00:00,24,11.2,76.7,21.41,60.92,0.0,7.03,1009.21
2024-05-25 00:00:00,2024-05-26 00:00:00,24,11.2,76.9,24.57,69.05,0.0,10.43,1009.6
2024-05-25 00:00:00,2024-05-26 00:00:00,24,11.2,77.1,21.87,64.63,0.0,16.69,1008.87
2024-05-25 00:00:00,2024-05-27 00:00:00,48,10.3,76.7,24.25,64.87,0.0,21.64,1009.88
2024-05-25 00:00:00,2024-05-27 00:00:00,48,10.3,76.9,24.63,60.01,0.0,10.99,1012.17
2024-05-25 00:00:00,2024-05-27 00:00:00,48,10.3,77.1,26.22,77.21,0.0,16.41,1013.12
2024-05-25 00:00:00,2024-05-27 00:00:00,48,10.6,76.7,22.78,75.46,0.0,13.57,1007.0
2024-05-25 00:00:00,2024-05-27 00:00:00,48,10.6,76.9,25.33,62.51,0.0,17.31,1011.04
2024-05-25 00:00:00,2024-05-27 00:00:00,48,10.6,77.1,27.15,69.6,0.0,18.64,1009.24
2024-05-25 00:00:00,2024-05-27 00:00:00,48,10.9,76.7,23.64,67.78,0.0,19.56,1009.26
2024-05-25 00:00:00,2024-05-27 00:00:00,48,10.9,76.9,25.89,53.59,0.0,12.32,1012.31
2024-05-25 00:00:00,2024-05-27 00:00:00,48,10.9,77.1,26.1,69.36,0.0,11.86,1010.73
2024-05-25 00:00:00,2024-05-27 00:00:00,48,11.2,76.7,24.86,62.9,0.0,18.44,1009.9
2024-05-25 00:00:00,2024-05-27 00:00:00,48,11.2,76.9,25.41,62.55,0.0,13.14,1009.69
2024-05-25 00:00:00,2024-05-27 00:00:00,48,11.2,77.1,21.74,75.6,0.0,8.61,1008.67
2024-05-25 00:00:00,2024-05-28 00:00:00,72,10.3,76.7,22.95,67.98,0.0,14.93,1011.86
2024-05-25 00:00:00,2024-05-28 00:00:00,72,10.3,76.9,23.87,78.73,0.0,18.61,1011.53
2024-05-25 00:00:00,2024-05-28 00:00:00,72,10.3,77.1,25.53,63.6,0.0,16.85,1010.34
2024-05-25 00:00:00,2024-05-28 00:00:00,72,10.6,76.7,27.58,85.6,0.0,15.27,1010.78
2024-05-25 00:00:00,2024-05-28 00:00:00,72,10.6,76.9,19.45,59.99,4.11,17.11,1011.73
2024-05-25 00:00:00,2024-05-28 00:00:00,72,10.6,77.1,26.17,74.65,9.21,11.9,1009.48
2024-05-25 00:00:00,2024-05-28 00:00:00,72,10.9,76.7,22.92,72.96,0.0,17.89,1011.84
2024-05-25 00:00:00,2024-05-28 00:00:00,72,10.9,76.9,23.26,52.96,0.0,14.94,1008.13
2024-05-25 00:00:00,2024-05-28 00:00:00,72,10.9,77.1,25.72,67.46,0.0,14.11,1012.42
2024-05-25 00:00:00,2024-05-28 00:00:00,72,11.2,76.7,25.09,67.55,0.0,8.98,1007.45
2024-05-25 00:00:00,2024-05-28 00:00:00,72,11.2,76.9,25.8,73.84,3.36,16.71,1010.46
2024-05-25 00:00:00,2024-05-28 00:00:00,72,11.2,77.1,21.89,69.83,0.0,11.41,1009.68
2024-05-26 00:00:00,2024-05-27 00:00:00,24,10.3,76.7,23.74,71.19,2.47,17.84,1011.53
2024-05-26 00:00:00,2024-05-27 00:00:00,24,10.3,76.9,25.04,70.33,0.0,12.61,1009.42
2024-05-26 00:00:00,2024-05-27 00:00:00,24,10.3,77.1,23.96,62.29,0.0,12.39,1010.67
2024-05-26 00:00:00,2024-05-27 00:00:00,24,10.6,76.7,24.85,71.82,0.0,13.53,1010.78
2024-05-26 00:00:00,2024-05-27 00:00:00,24,10.6,76.9,25.85,50.14,0.0,17.6,1010.6
2024-05-26 00:00:00,2024-05-27 00:00:00,24,10.6,77.1,24.72,79.02,9.51,12.97,1009.9
2024-05-26 00:00:00,2024-05-27 00:00:00,24,10.9,76.7,22.77,78.39,0.0,16.81,1010.86
2024-05-26 00:00:00,2024-05-27 00:00:00,24,10.9,76.9,23.78,59.24,0.0,12.67,1008.12
2024-05-26 00:00:00,2024-05-27 00:00:00,24,10.9,77.1,24.98,67.04,0.0,16.46,1008.81
2024-05-26 00:00:00,2024-05-27 00:00:00,24,11.2,76.7,23.92,60.45,0.0,16.01,1009.98
2024-05-26 00:00:00,2024-05-27 00:00:00,24,11.2,76.9,23.02,63.44,0.0,22.15,1008.31
2024-05-26 00:00:00,2024-05-27 00:00:00,24,11.2,77.1,23.5,68.34,0.0,9.48,1010.36
2024-05-26 00:00:00,2024-05-28 00:00:00,48,10.3,76.7,25.26,68.57,1.34,11.37,1010.88
2024-05-26 00:00:00,2024-05-28 00:00:00,48,10.3,76.9,27.47,62.27,0.0,13.8,1013.82
2024-05-26 00:00:00,2024-05-28 00:00:00,48,10.3,77.1,21.61,63.56,0.0,12.21,1010.74
2024-05-26 00:00:00,2024-05-28 00:00:00,48,10.6,76.7,26.02,63.84,0.0,16.89,1013.94
2024-05-26 00:00:00,2024-05-28 00:00:00,48,10.6,76.9,24.72,63.89,0.0,16.19,1009.79
2024-05-26 00:00:00,2024-05-28 00:00:00,48,10.6,77.1,24.61,55.79,1.08,13.77,1012.39
2024-05-26 00:00:00,2024-05-28 00:00:00,48,10.9,76.7,22.29,65.3,0.0,16.16,1007.75
2024-05-26 00:00:00,2024-05-28 00:00:00,48,10.9,76.9,23.74,49.96,0.0,13.08,1010.33
2024-05-26 00:00:00,2024-05-28 00:00:00,48,10.9,77.1,23.51,63.41,0.0,12.06,1008.77
2024-05-26 00:00:00,2024-05-28 00:00:00,48,11.2,76.7,22.58,70.03,0.0,13.66,1008.22
2024-05-26 00:00:00,2024-05-28 00:00:00,48,11.2,76.9,25.64,59.72,0.0,11.63,1010.92
2024-05-26 00:00:00,2024-05-28 00:00:00,48,11.2,77.1,21.69,58.96,0.0,11.27,1010.1
2024-05-26 00:00:00,2024-05-29 00:00:00,72,10.3,76.7,23.37,49.95,0.0,14.9,1009.53
2024-05-26 00:00:00,2024-05-29 00:00:00,72,10.3,76.9,22.12,55.68,0.0,10.4,1014.04
2024-05-26 00:00:00,2024-05-29 00:00:00,72,10.3,77.1,21.31,82.68,0.0,11.88,1014.11
2024-05-26 00:00:00,2024-05-29 00:00:00,72,10.6,76.7,26.83,68.79,0.0,20.15,1010.74
2024-05-26 00:00:00,2024-05-29 00:00:00,72,10.6,76.9,23.68,53.79,0.0,13.28,1010.54
2024-05-26 00:00:00,2024-05-29 00:00:00,72,10.6,77.1,24.18,73.48,0.45,11.74,1010.83
2024-05-26 00:00:00,2024-05-29 00:00:00,72,10.9,76.7,26.52,84.89,0.0,14.66,1008.79
2024-05-26 00:00:00,2024-05-29 00:00:00,72,10.9,76.9,20.62,63.04,0.0,15.99,1009.76
2024-05-26 00:00:00,2024-05-29 00:00:00,72,10.9,77.1,26.28,71.07,0.0,11.16,1011.47
2024-05-26 00:00:00,2024-05-29 00:00:00,72,11.2,76.7,25.7,59.26,0.0,14.51,1008.51
2024-05-26 00:00:00,2024-05-29 00:00:00,72,11.2,76.9,27.12,68.28,0.0,8.97,1009.59
2024-05-26 00:00:00,2024-05-29 00:00:00,72,11.2,77.1,28.97,66.81,0.0,9.17,1008.09
2024-05-27 00:00:00,2024-05-28 00:00:00,24,10.3,76.7,24.78,62.17,0.0,13.32,1013.8
2024-05-27 00:00:00,2024-05-28 00:00:00,24,10.3,76.9,25.18,78.45,0.0,14.0,1010.5
2024-05-27 00:00:00,2024-05-28 00:00:00,24,10.3,77.1,23.71,75.05,0.0,14.68,1014.03
2024-05-27 00:00:00,2024-05-28 00:00:00,24,10.6,76.7,27.05,75.2,0.0,13.91,1011.6
2024-05-27 00:00:00,2024-05-28 00:00:00,24,10.6,76.9,26.62,55.91,0.0,11.78,1011.88
2024-05-27 00:00:00,2024-05-28 00:00:00,24,10.6,77.1,26.18,64.68,4.96,16.43,1012.1
2024-05-27 00:00:00,2024-05-28 00:00:00,24,10.9,76.7,24.94,70.48,0.0,10.36,1011.42
2024-05-27 00:00:00,2024-05-28 00:00:00,24,10.9,76.9,25.62,65.14,0.0,13.68,1010.74
2024-05-27 00:00:00,2024-05-28 00:00:00,24,10.9,77.1,23.16,59.68,0.0,14.97,1009.89
2024-05-27 00:00:00,2024-05-28 00:00:00,24,11.2,76.7,25.51,78.41,0.0,13.43,1008.36
2024-05-27 00:00:00,2024-05-28 00:00:00,24,11.2,76.9,23.52,62.68,0.0,17.69,1009.69
2024-05-27 00:00:00,2024-05-28 00:00:00,24,11.2,77.1,22.25,80.46,4.12,14.0,1009.91
2024-05-27 00:00:00,2024-05-29 00:00:00,48,10.3,76.7,23.54,66.43,0.0,10.47,1012.27
2024-05-27 00:00:00,2024-05-29 00:00:00,48,10.3,76.9,21.8,63.24,0.0,10.78,1011.58
2024-05-27 00:00:00,2024-05-29 00:00:00,48,10.3,77.1,26.85,67.76,0.0,10.82,1014.47
2024-05-27 00:00:00,2024-05-29 00:00:00,48,10.6,76.7,21.7,62.39,0.0,12.49,1011.53
2024-05-27 00:00:00,2024-05-29 00:00:00,48,10.6,76.9,24.99,69.89,0.0,13.91,1009.02
2024-05-27 00:00:00,2024-05-29 00:00:00,48,10.6,77.1,22.17,50.7,0.0,14.25,1010.45
2024-05-27 00:00:00,2024-05-29 00:00:00,48,10.9,76.7,25.64,82.45,0.0,14.42,1012.52
2024-05-27 00:00:00,2024-05-29 00:00:00,48,10.9,76.9,24.79,63.35,0.0,11.97,1009.81
2024-05-27 00:00:00,2024-05-29 00:00:00,48,10.9,77.1,22.98,62.95,0.0,18.33,1009.95
2024-05-27 00:00:00,2024-05-29 00:00:00,48,11.2,76.7,22.57,76.1,0.0,13.81,1006.74
2024-05-27 00:00:00,2024-05-29 00:00:00,48,11.2,76.9,28.78,72.22,0.0,14.13,1009.8
2024-05-27 00:00:00,2024-05-29 00:00:00,48,11.2,77.1,24.19,62.07,0.0,17.17,1008.81
2024-05-27 00:00:00,2024-05-30 00:00:00,72,10.3,76.7,24.73,65.18,4.74,15.9,1011.02
2024-05-27 00:00:00,2024-05-30 00:00:00,72,10.3,76.9,24.62,71.99,0.0,12.07,1012.26
2024-05-27 00:00:00,2024-05-30 00:00:00,72,10.3,77.1,24.16,44.94,0.0,16.37,1010.45
2024-05-27 00:00:00,2024-05-30 00:00:00,72,10.6,76.7,24.45,78.12,0.0,11.78,1009.87
2024-05-27 00:00:00,2024-05-30 00:00:00,72,10.6,76.9,23.97,72.12,0.0,7.39,1011.3
2024-05-27 00:00:00,2024-05-30 00:00:00,72,10.6,77.1,29.03,45.76,0.0,17.82,1011.52
2024-05-27 00:00:00,2024-05-30 00:00:00,72,10.9,76.7,21.29,57.53,0.0,8.83,1010.65
2024-05-27 00:00:00,2024-05-30 00:00:00,72,10.9,76.9,26.55,54.31,0.0,18.67,1009.22
2024-05-27 00:00:00,2024-05-30 00:00:00,72,10.9,77.1,24.54,75.64,0.0,10.71,1009.32
2024-05-27 00:00:00,2024-05-30 00:00:00,72,11.2,76.7,23.81,64.94,0.0,10.37,1006.92
2024-05-27 00:00:00,2024-05-30 00:00:00,72,11.2,76.9,22.2,65.09,0.0,7.46,1008.83
2024-05-27 00:00:00,2024-05-30 00:00:00,72,11.2,77.1,21.95,52.91,0.0,13.98,1010.02
2024-05-28 00:00:00,2024-05-29 00:00:00,24,10.3,76.7,23.06,58.66,0.0,11.33,1012.48
2024-05-28 00:00:00,2024-05-29 00:00:00,24,10.3,76.9,25.17,53.17,0.0,9.73,1012.36
2024-05-28 00:00:00,2024-05-29 00:00:00,24,10.3,77.1,24.29,69.0,0.0,16.34,1010.63
2024-05-28 00:00:00,2024-05-29 00:00:00,24,10.6,76.7,23.24,67.33,0.0,13.32,1010.66
2024-05-28 00:00:00,2024-05-29 00:00:00,24,10.6,76.9,25.86,66.27,0.0,18.99,1009.93
2024-05-28 00:00:00,2024-05-29 00:00:00,24,10.6,77.1,25.13,68.08,0.0,25.53,1012.35
2024-05-28 00:00:00,2024-05-29 00:00:00,24,10.9,76.7,27.18,70.68,0.0,11.72,1013.68
2024-05-28 00:00:00,2024-05-29 00:00:00,24,10.9,76.9,24.96,66.1,0.0,8.19,1009.71
2024-05-28 00:00:00,2024-05-29 00:00:00,24,10.9,77.1,23.08,62.56,0.0,16.77,1008.49
2024-05-28 00:00:00,2024-05-29 00:00:00,24,11.2,76.7,25.18,62.08,0.0,21.58,1012.12
2024-05-28 00:00:00,2024-05-29 00:00:00,24,11.2,76.9,25.47,65.91,0.0,16.13,1005.78
2024-05-28 00:00:00,2024-05-29 00:00:00,24,11.2,77.1,25.08,43.44,0.0,9.8,1008.22
2024-05-28 00:00:00,2024-05-30 00:00:00,48,10.3,76.7,27.96,66.17,0.0,15.12,1012.14
2024-05-28 00:00:00,2024-05-30 00:00:00,48,10.3,76.9,23.22,46.69,0.0,10.37,1007.12
2024-05-28 00:00:00,2024-05-30 00:00:00,48,10.3,77.1,24.95,73.81,0.0,16.98,1013.15
2024-05-28 00:00:00,2024-05-30 00:00:00,48,10.6,76.7,24.97,69.98,0.0,14.58,1011.83
2024-05-28 00:00:00,2024-05-30 00:00:00,48,10.6,76.9,25.68,59.4,0.0,11.19,1010.23
2024-05-28 00:00:00,2024-05-30 00:00:00,48,10.6,77.1,27.39,69.45,0.0,15.69,1010.78
2024-05-28 00:00:00,2024-05-30 00:00:00,48,10.9,76.7,25.88,69.3,0.0,11.61,1009.66
2024-05-28 00:00:00,2024-05-30 00:00:00,48,10.9,76.9,24.95,74.72,9.63,18.21,1009.18
2024-05-28 00:00:00,2024-05-30 00:00:00,48,10.9,77.1,22.78,66.4,0.0,11.74,1012.7
2024-05-28 00:00:00,2024-05-30 00:00:00,48,11.2,76.7,22.73,69.9,0.0,13.89,1009.44
2024-05-28 00:00:00,2024-05-30 00:00:00,48,11.2,76.9,23.52,64.14,0.0,22.85,1011.59
2024-05-28 00:00:00,2024-05-30 00:00:00,48,11.2,77.1,26.69,59.89,0.0,13.42,1008.14
2024-05-28 00:00:00,2024-05-31 00:00:00,72,10.3,76.7,22.06,50.7,2.75,14.77,1009.6
2024-05-28 00:00:00,2024-05-31 00:00:00,72,10.3,76.9,19.58,53.28,0.0,11.12,1008.76
2024-05-28 00:00:00,2024-05-31 00:00:00,72,10.3,77.1,24.68,65.23,0.0,18.53,1012.62
2024-05-28 00:00:00,2024-05-31 00:00:00,72,10.6,76.7,22.53,62.59,0.0,14.06,1009.42
2024-05-28 00:00:00,2024-05-31 00:00:00,72,10.6,76.9,26.38,74.0,0.0,10.49,1011.27
2024-05-28 00:00:00,2024-05-31 00:00:00,72,10.6,77.1,24.44,67.82,0.0,10.0,1009.39
2024-05-28 00:00:00,2024-05-31 00:00:00,72,10.9,76.7,25.96,57.69,0.0,13.78,1009.9
2024-05-28 00:00:00,2024-05-31 00:00:00,72,10.9,76.9,25.41,74.89,0.0,13.89,1010.23
2024-05-28 00:00:00,2024-05-31 00:00:00,72,10.9,77.1,24.8,80.64,0.0,14.9,1011.22
2024-05-28 00:00:00,2024-05-31 00:00:00,72,11.2,76.7,22.67,55.41,0.0,12.0,1009.27
2024-05-28 00:00:00,2024-05-31 00:00:00,72,11.2,76.9,28.25,65.04,0.0,16.37,1009.27
2024-05-28 00:00:00,2024-05-31 00:00:00,72,11.2,77.1,28.04,71.46,0.0,6.32,1007.99
2024-05-29 00:00:00,2024-05-30 00:00:00,24,10.3,76.7,25.73,67.57,0.0,15.01,1010.34
2024-05-29 00:00:00,2024-05-30 00:00:00,24,10.3,76.9,26.99,64.08,0.0,19.33,1010.24
2024-05-29 00:00:00,2024-05-30 00:00:00,24,10.3,77.1,25.34,61.74,0.0,14.9,1009.67
2024-05-29 00:00:00,2024-05-30 00:00:00,24,10.6,76.7,26.35,53.63,0.0,12.74,1009.84
2024-05-29 00:00:00,2024-05-30 00:00:00,24,10.6,76.9,27.47,65.66,0.0,10.72,1011.39
2024-05-29 00:00:00,2024-05-30 00:00:00,24,10.6,77.1,24.65,70.16,0.0,17.74,1009.96
2024-05-29 00:00:00,2024-05-30 00:00:00,24,10.9,76.7,26.18,72.64,0.0,15.31,1012.06
2024-05-29 00:00:00,2024-05-30 00:00:00,24,10.9,76.9,25.09,79.52,0.0,12.34,1008.52
2024-05-29 00:00:00,2024-05-30 00:00:00,24,10.9,77.1,21.11,66.95,0.0,15.33,1012.0
2024-05-29 00:00:00,2024-05-30 00:00:00,24,11.2,76.7,22.69,64.84,0.0,12.02,1011.98
2024-05-29 00:00:00,2024-05-30 00:00:00,24,11.2,76.9,23.15,64.11,5.77,12.82,1010.93
2024-05-29 00:00:00,2024-05-30 00:00:00,24,11.2,77.1,25.37,68.13,0.0,18.06,1009.84
2024-05-29 00:00:00,2024-05-31 00:00:00,48,10.3,76.7,25.48,62.34,0.0,16.04,1008.05
2024-05-29 00:00:00,2024-05-31 00:00:00,48,10.3,76.9,21.85,67.45,0.0,20.33,1010.35
2024-05-29 00:00:00,2024-05-31 00:00:00,48,10.3,77.1,26.22,67.41,0.0,15.67,1010.39
2024-05-29 00:00:00,2024-05-31 00:00:00,48,10.6,76.7,26.84,55.6,0.0,10.36,1010.56
2024-05-29 00:00:00,2024-05-31 00:00:00,48,10.6,76.9,21.7,79.9,0.0,17.41,1011.34
2024-05-29 00:00:00,2024-05-31 00:00:00,48,10.6,77.1,25.67,53.29,0.0,10.17,1011.22
2024-05-29 00:00:00,2024-05-31 00:00:00,48,10.9,76.7,24.35,66.23,0.0,16.78,1007.83
2024-05-29 00:00:00,2024-05-31 00:00:00,48,10.9,76.9,23.67,61.73,0.0,8.66,1012.43
2024-05-29 00:00:00,2024-05-31 00:00:00,48,10.9,77.1,25.57,49.52,0.0,13.7,1008.61
2024-05-29 00:00:00,2024-05-31 00:00:00,48,11.2,76.7,28.97,67.16,0.0,14.59,1007.66
2024-05-29 00:00:00,2024-05-31 00:00:00,48,11.2,76.9,23.34,64.05,0.0,9.1,1010.24
2024-05-29 00:00:00,2024-05-31 00:00:00,48,11.2,77.1,23.13,54.59,0.0,16.49,1012.54
2024-05-29 00:00:00,2024-06-01 00:00:00,72,10.3,76.7,26.33,78.7,0.0,19.22,1011.76
2024-05-29 00:00:00,2024-06-01 00:00:00,72,10.3,76.9,26.01,68.04,0.0,15.04,1011.47
2024-05-29 00:00:00,2024-06-01 00:00:00,72,10.3,77.1,22.37,61.77,0.0,13.27,1012.02
2024-05-29 00:00:00,2024-06-01 00:00:00,72,10.6,76.7,29.93,68.03,0.0,13.32,1010.24
2024-05-29 00:00:00,2024-06-01 00:00:00,72,10.6,76.9,22.29,71.35,0.0,13.52,1012.4
2024-05-29 00:00:00,2024-06-01 00:00:00,72,10.6,77.1,26.13,69.65,0.0,7.88,1012.3
2024-05-29 00:00:00,2024-06-01 00:00:00,72,10.9,76.7,27.0,70.31,0.0,21.43,1010.2
2024-05-29 00:00:00,2024-06-01 00:00:00,72,10.9,76.9,28.06,67.13,0.0,14.52,1008.3
2024-05-29 00:00:00,2024-06-01 00:00:00,72,10.9,77.1,25.53,59.33,0.0,12.45,1008.63
2024-05-29 00:00:00,2024-06-01 00:00:00,72,11.2,76.7,19.92,71.88,1.58,16.11,1009.74
2024-05-29 00:00:00,2024-06-01 00:00:00,72,11.2,76.9,23.44,59.06,0.0,22.6,1009.78
2024-05-29 00:00:00,2024-06-01 00:00:00,72,11.2,77.1,29.06,48.96,0.0,19.38,1009.92
2024-05-30 00:00:00,2024-05-31 00:00:00,24,10.3,76.7,26.13,77.72,0.0,9.78,1014.01
2024-05-30 00:00:00,2024-05-31 00:00:00,24,10.3,76.9,25.72,59.84,0.0,14.53,1012.3
2024-05-30 00:00:00,2024-05-31 00:00:00,24,10.3,77.1,23.95,70.16,0.0,13.42,1013.0
2024-05-30 00:00:00,2024-05-31 00:00:00,24,10.6,76.7,27.39,66.93,0.0,12.7,1011.1
2024-05-30 00:00:00,2024-05-31 00:00:00,24,10.6,76.9,21.84,66.47,3.77,16.33,1007.75
2024-05-30 00:00:00,2024-05-31 00:00:00,24,10.6,77.1,23.45,65.68,0.0,22.39,1009.19
2024-05-30 00:00:00,2024-05-31 00:00:00,24,10.9,76.7,24.73,59.48,0.0,20.07,1008.55
2024-05-30 00:00:00,2024-05-31 00:00:00,24,10.9,76.9,24.65,70.17,0.0,12.22,1012.42
2024-05-30 00:00:00,2024-05-31 00:00:00,24,10.9,77.1,26.51,69.38,0.0,13.88,1011.05
2024-05-30 00:00:00,2024-05-31 00:00:00,24,11.2,76.7,21.98,69.04,0.0,15.28,1008.32
2024-05-30 00:00:00,2024-05-31 00:00:00,24,11.2,76.9,23.92,64.9,0.0,9.08,1011.44
2024-05-30 00:00:00,2024-05-31 00:00:00,24,11.2,77.1,24.5,49.13,0.0,22.86,1009.9
2024-05-30 00:00:00,2024-06-01 00:00:00,48,10.3,76.7,24.92,73.13,0.0,11.18,1012.73
2024-05-30 00:00:00,2024-06-01 00:00:00,48,10.3,76.9,24.36,66.5,0.0,13.21,1012.3
2024-05-30 00:00:00,2024-06-01 00:00:00,48,10.3,77.1,27.35,73.03,0.0,9.35,1010.99
2024-05-30 00:00:00,2024-06-01 00:00:00,48,10.6,76.7,26.35,63.71,0.0,17.16,1009.82
2024-05-30 00:00:00,2024-06-01 00:00:00,48,10.6,76.9,26.8,62.9,0.0,11.4,1010.48
2024-05-30 00:00:00,2024-06-01 00:00:00,48,10.6,77.1,24.42,81.12,0.0,9.97,1009.9
2024-05-30 00:00:00,2024-06-01 00:00:00,48,10.9,76.7,25.07,78.85,0.0,13.47,1011.73
2024-05-30 00:00:00,2024-06-01 00:00:00,48,10.9,76.9,22.61,72.83,0.0,10.3,1006.8
2024-05-30 00:00:00,2024-06-01 00:00:00,48,10.9,77.1,22.33,76.45,0.0,10.77,1009.88
2024-05-30 00:00:00,2024-06-01 00:00:00,48,11.2,76.7,27.02,78.67,0.0,17.18,1011.78
2024-05-30 00:00:00,2024-06-01 00:00:00,48,11.2,76.9,25.04,71.16,0.81,10.47,1012.07
2024-05-30 00:00:00,2024-06-01 00:00:00,48,11.2,77.1,22.51,64.78,0.0,9.67,1009.65
2024-05-30 00:00:00,2024-06-02 00:00:00,72,10.3,76.7,23.42,64.4,0.0,19.4,1011.21
2024-05-30 00:00:00,2024-06-02 00:00:00,72,10.3,76.9,30.15,87.32,0.0,19.25,1010.96
2024-05-30 00:00:00,2024-06-02 00:00:00,72,10.3,77.1,23.53,55.67,0.0,7.64,1011.93
2024-05-30 00:00:00,2024-06-02 00:00:00,72,10.6,76.7,23.08,52.08,0.0,12.46,1010.09
2024-05-30 00:00:00,2024-06-02 00:00:00,72,10.6,76.9,21.29,66.09,0.0,13.35,1008.38
2024-05-30 00:00:00,2024-06-02 00:00:00,72,10.6,77.1,23.9,68.48,0.0,17.97,1011.7
2024-05-30 00:00:00,2024-06-02 00:00:00,72,10.9,76.7,21.23,62.32,0.0,21.46,1009.58
2024-05-30 00:00:00,2024-06-02 00:00:00,72,10.9,76.9,28.29,61.58,0.0,13.55,1010.31
2024-05-30 00:00:00,2024-06-02 00:00:00,72,10.9,77.1,26.87,68.26,0.0,14.03,1008.95
2024-05-30 00:00:00,2024-06-02 00:00:00,72,11.2,76.7,25.48,53.7,0.0,9.04,1007.46
2024-05-30 00:00:00,2024-06-02 00:00:00,72,11.2,76.9,24.45,78.97,0.0,12.13,1010.53
2024-05-30 00:00:00,2024-06-02 00:00:00,72,11.2,77.1,19.75,62.06,0.0,13.48,1007.7
2024-05-31 00:00:00,2024-06-01 00:00:00,24,10.3,76.7,22.76,60.05,0.0,12.16,1011.95
2024-05-31 00:00:00,2024-06-01 00:00:00,24,10.3,76.9,22.84,75.04,0.0,11.75,1011.01
2024-05-31 00:00:00,2024-06-01 00:00:00,24,10.3,77.1,21.58,66.27,0.0,11.47,1011.54
2024-05-31 00:00:00,2024-06-01 00:00:00,24,10.6,76.7,24.35,78.46,0.0,17.42,1011.1
2024-05-31 00:00:00,2024-06-01 00:00:00,24,10.6,76.9,27.41,73.88,0.0,12.27,1011.31
2024-05-31 00:00:00,2024-06-01 00:00:00,24,10.6,77.1,22.05,77.38,0.0,8.81,1011.4
2024-05-31 00:00:00,2024-06-01 00:00:00,24,10.9,76.7,21.45,72.72,0.0,11.97,1009.07
2024-05-31 00:00:00,2024-06-01 00:00:00,24,10.9,76.9,23.57,56.82,0.0,10.6,1011.29
2024-05-31 00:00:00,2024-06-01 00:00:00,24,10.9,77.1,23.7,64.65,0.0,17.64,1011.38
2024-05-31 00:00:00,2024-06-01 00:00:00,24,11.2,76.7,24.66,71.4,0.0,15.96,1009.91
2024-05-31 00:00:00,2024-06-01 00:00:00,24,11.2,76.9,24.97,59.63,4.6,15.33,1008.25
2024-05-31 00:00:00,2024-06-01 00:00:00,24,11.2,77.1,24.59,66.71,0.0,11.29,1010.97
2024-05-31 00:00:00,2024-06-02 00:00:00,48,10.3,76.7,27.1,64.72,0.0,14.06,1011.32
2024-05-31 00:00:00,2024-06-02 00:00:00,48,10.3,76.9,24.9,57.7,0.0,19.81,1008.73
2024-05-31 00:00:00,2024-06-02 00:00:00,48,10.3,77.1,26.75,55.61,0.0,15.34,1009.67
2024-05-31 00:00:00,2024-06-02 00:00:00,48,10.6,76.7,25.07,59.54,0.0,12.45,1011.15
2024-05-31 00:00:00,2024-06-02 00:00:00,48,10.6,76.9,27.45,61.68,0.0,7.94,1012.84
2024-05-31 00:00:00,2024-06-02 00:00:00,48,10.6,77.1,25.51,74.99,1.75,14.51,1010.74
2024-05-31 00:00:00,2024-06-02 00:00:00,48,10.9,76.7,25.57,59.95,0.0,15.28,1011.51
2024-05-31 00:00:00,2024-06-02 00:00:00,48,10.9,76.9,24.81,61.58,0.0,15.54,1007.08
2024-05-31 00:00:00,2024-06-02 00:00:00,48,10.9,77.1,23.1,63.06,0.0,14.27,1009.81
2024-05-31 00:00:00,2024-06-02 00:00:00,48,11.2,76.7,24.76,63.8,0.0,13.43,1010.48
2024-05-31 00:00:00,2024-06-02 00:00:00,48,11.2,76.9,23.56,64.8,0.0,14.73,1010.45
2024-05-31 00:00:00,2024-06-02 00:00:00,48,11.2,77.1,23.95,55.69,0.0,14.82,1011.72
2024-05-31 00:00:00,2024-06-03 00:00:00,72,10.3,76.7,23.6,58.71,0.0,19.73,1012.21
2024-05-31 00:00:00,2024-06-03 00:00:00,72,10.3,76.9,23.5,56.67,0.0,15.17,1012.65
2024-05-31 00:00:00,2024-06-03 00:00:00,72,10.3,77.1,21.6,71.71,0.0,7.28,1011.98
2024-05-31 00:00:00,2024-06-03 00:00:00,72,10.6,76.7,27.09,64.61,0.0,14.23,1008.93
2024-05-31 00:00:00,2024-06-03 00:00:00,72,10.6,76.9,24.16,65.59,0.0,14.28,1008.61
2024-05-31 00:00:00,2024-06-03 00:00:00,72,10.6,77.1,25.5,62.7,0.0,19.27,1010.28
2024-05-31 00:00:00,2024-06-03 00:00:00,72,10.9,76.7,26.76,61.98,0.0,15.94,1010.22
2024-05-31 00:00:00,2024-06-03 00:00:00,72,10.9,76.9,23.09,75.58,0.0,13.08,1009.83
2024-05-31 00:00:00,2024-06-03 00:00:00,72,10.9,77.1,24.41,61.95,0.0,16.49,1010.07
2024-05-31 00:00:00,2024-06-03 00:00:00,72,11.2,76.7,29.92,50.23,0.0,17.04,1008.0
2024-05-31 00:00:00,2024-06-03 00:00:00,72,11.2,76.9,25.17,56.24,0.0,13.27,1009.08
2024-05-31 00:00:00,2024-06-03 00:00:00,72,11.2,77.1,24.93,47.41,0.2,16.36,1009.1
2024-06-01 00:00:00,2024-06-02 00:00:00,24,10.3,76.7,25.48,55.23,0.0,9.01,1014.15
2024-06-01 00:00:00,2024-06-02 00:00:00,24,10.3,76.9,25.41,66.07,0.0,17.69,1009.98
2024-06-01 00:00:00,2024-06-02 00:00:00,24,10.3,77.1,24.56,75.05,0.0,22.21,1012.54
2024-06-01 00:00:00,2024-06-02 00:00:00,24,10.6,76.7,27.15,66.44,0.0,6.49,1010.13
2024-06-01 00:00:00,2024-06-02 00:00:00,24,10.6,76.9,24.19,75.54,0.0,14.45,1009.42
2024-06-01 00:00:00,2024-06-02 00:00:00,24,10.6,77.1,23.37,57.26,0.0,15.52,1013.49
2024-06-01 00:00:00,2024-06-02 00:00:00,24,10.9,76.7,23.38,71.16,0.0,8.52,1010.31
2024-06-01 00:00:00,2024-06-02 00:00:00,24,10.9,76.9,25.65,67.41,0.0,14.38,1011.04
2024-06-01 00:00:00,2024-06-02 00:00:00,24,10.9,77.1,23.32,73.36,0.0,5.63,1010.67
2024-06-01 00:00:00,2024-06-02 00:00:00,24,11.2,76.7,24.77,54.09,0.0,11.55,1007.84
2024-06-01 00:00:00,2024-06-02 00:00:00,24,11.2,76.9,26.68,72.74,0.0,11.43,1010.73
2024-06-01 00:00:00,2024-06-02 00:00:00,24,11.2,77.1,24.93,66.01,0.0,11.1,1008.94
2024-06-01 00:00:00,2024-06-03 00:00:00,48,10.3,76.7,25.8,80.66,0.0,14.14,1013.7
2024-06-01 00:00:00,2024-06-03 00:00:00,48,10.3,76.9,21.77,50.23,0.0,15.24,1010.75
2024-06-01 00:00:00,2024-06-03 00:00:00,48,10.3,77.1,24.35,63.18,0.0,12.12,1010.9
2024-06-01 00:00:00,2024-06-03 00:00:00,48,10.6,76.7,28.84,58.04,0.0,16.01,1010.81
2024-06-01 00:00:00,2024-06-03 00:00:00,48,10.6,76.9,25.47,54.23,0.0,7.66,1010.52
2024-06-01 00:00:00,2024-06-03 00:00:00,48,10.6,77.1,23.97,54.55,0.0,16.46,1010.35
2024-06-01 00:00:00,2024-06-03 00:00:00,48,10.9,76.7,24.78,78.83,0.0,14.84,1007.65
2024-06-01 00:00:00,2024-06-03 00:00:00,48,10.9,76.9,24.23,62.93,0.0,11.4,1010.63
2024-06-01 00:00:00,2024-06-03 00:00:00,48,10.9,77.1,22.38,66.1,0.0,16.77,1011.0
2024-06-01 00:00:00,2024-06-03 00:00:00,48,11.2,76.7,26.01,58.75,0.0,16.48,1010.96
2024-06-01 00:00:00,2024-06-03 00:00:00,48,11.2,76.9,23.29,56.79,0.0,22.75,1009.15
2024-06-01 00:00:00,2024-06-03 00:00:00,48,11.2,77.1,24.51,73.13,0.0,9.65,1013.22
2024-06-01 00:00:00,2024-06-04 00:00:00,72,10.3,76.7,25.76,76.05,0.0,12.45,1013.39
2024-06-01 00:00:00,2024-06-04 00:00:00,72,10.3,76.9,25.39,51.06,0.0,13.87,1013.69
2024-06-01 00:00:00,2024-06-04 00:00:00,72,10.3,77.1,25.02,70.87,0.0,10.14,1009.97
2024-06-01 00:00:00,2024-06-04 00:00:00,72,10.6,76.7,26.36,52.08,0.0,9.38,1009.55
2024-06-01 00:00:00,2024-06-04 00:00:00,72,10.6,76.9,31.62,72.94,0.0,10.73,1010.51
2024-06-01 00:00:00,2024-06-04 00:00:00,72,10.6,77.1,26.31,61.21,0.0,13.52,1011.99
2024-06-01 00:00:00,2024-06-04 00:00:00,72,10.9,76.7,26.65,50.38,0.0,14.97,1011.29
2024-06-01 00:00:00,2024-06-04 00:00:00,72,10.9,76.9,26.42,58.1,0.0,16.03,1009.93
2024-06-01 00:00:00,2024-06-04 00:00:00,72,10.9,77.1,27.38,77.75,0.0,11.82,1011.71
2024-06-01 00:00:00,2024-06-04 00:00:00,72,11.2,76.7,28.11,55.33,0.0,11.99,1010.86
2024-06-01 00:00:00,2024-06-04 00:00:00,72,11.2,76.9,24.51,56.43,0.0,20.25,1008.92
2024-06-01 00:00:00,2024-06-04 00:00:00,72,11.2,77.1,24.37,72.12,1.33,15.61,1010.91
2024-06-02 00:00:00,2024-06-03 00:00:00,24,10.3,76.7,21.54,67.03,0.0,8.42,1011.61
2024-06-02 00:00:00,2024-06-03 00:00:00,24,10.3,76.9,23.42,56.12,0.0,15.62,1012.94
2024-06-02 00:00:00,2024-06-03 00:00:00,24,10.3,77.1,23.31,65.83,0.0,12.81,1014.57
2024-06-02 00:00:00,2024-06-03 00:00:00,24,10.6,76.7,25.81,50.53,0.0,21.08,1012.67
2024-06-02 00:00:00,2024-06-03 00:00:00,24,10.6,76.9,23.85,61.4,0.0,11.09,1012.15
2024-06-02 00:00:00,2024-06-03 00:00:00,24,10.6,77.1,24.41,61.32,0.0,8.64,1009.9
2024-06-02 00:00:00,2024-06-03 00:00:00,24,10.9,76.7,24.05,74.13,0.0,22.37,1009.84
2024-06-02 00:00:00,2024-06-03 00:00:00,24,10.9,76.9,20.96,61.53,0.0,8.94,1010.86
2024-06-02 00:00:00,2024-06-03 00:00:00,24,10.9,77.1,26.21,65.79,0.0,14.05,1012.66
2024-06-02 00:00:00,2024-06-03 00:00:00,24,11.2,76.7,23.67,59.32,0.0,7.31,1009.65
2024-06-02 00:00:00,2024-06-03 00:00:00,24,11.2,76.9,26.71,53.45,1.64,14.44,1011.16
2024-06-02 00:00:00,2024-06-03 00:00:00,24,11.2,77.1,25.24,62.89,0.0,14.93,1008.13
2024-06-02 00:00:00,2024-06-04 00:00:00,48,10.3,76.7,25.36,68.89,0.0,15.24,1012.02
2024-06-02 00:00:00,2024-06-04 00:00:00,48,10.3,76.9,27.0,69.53,0.0,14.21,1010.71
2024-06-02 00:00:00,2024-06-04 00:00:00,48,10.3,77.1,27.86,70.19,0.0,15.86,1010.0
2024-06-02 00:00:00,2024-06-04 00:00:00,48,10.6,76.7,24.07,63.93,0.0,9.28,1012.17
2024-06-02 00:00:00,2024-06-04 00:00:00,48,10.6,76.9,23.08,87.62,0.0,12.93,1009.76
2024-06-02 00:00:00,2024-06-04 00:00:00,48,10.6,77.1,23.81,70.92,0.0,13.83,1012.35
2024-06-02 00:00:00,2024-06-04 00:00:00,48,10.9,76.7,26.21,64.04,0.0,12.46,1013.92
2024-06-02 00:00:00,2024-06-04 00:00:00,48,10.9,76.9,26.72,63.5,0.0,20.47,1013.24
2024-06-02 00:00:00,2024-06-04 00:00:00,48,10.9,77.1,26.97,73.1,0.0,14.87,1008.96
2024-06-02 00:00:00,2024-06-04 00:00:00,48,11.2,76.7,28.87,64.38,0.0,17.03,1007.91
2024-06-02 00:00:00,2024-06-04 00:00:00,48,11.2,76.9,26.48,71.44,0.0,14.48,1008.99
2024-06-02 00:00:00,2024-06-04 00:00:00,48,11.2,77.1,27.52,71.65,0.0,12.9,1010.06
2024-06-02 00:00:00,2024-06-05 00:00:00,72,10.3,76.7,25.12,51.91,0.0,13.16,1010.61
2024-06-02 00:00:00,2024-06-05 00:00:00,72,10.3,76.9,23.13,75.38,0.0,14.26,1011.19
2024-06-02 00:00:00,2024-06-05 00:00:00,72,10.3,77.1,25.92,57.61,0.0,12.8,1012.61
2024-06-02 00:00:00,2024-06-05 00:00:00,72,10.6,76.7,25.24,53.6,0.0,18.82,1010.13
2024-06-02 00:00:00,2024-06-05 00:00:00,72,10.6,76.9,20.07,70.69,0.0,10.18,1012.51
2024-06-02 00:00:00,2024-06-05 00:00:00,72,10.6,77.1,22.07,61.11,0.0,12.48,1010.01
2024-06-02 00:00:00,2024-06-05 00:00:00,72,10.9,76.7,25.13,60.51,0.0,13.32,1010.67
2024-06-02 00:00:00,2024-06-05 00:00:00,72,10.9,76.9,28.59,66.07,0.0,13.48,1007.22
2024-06-02 00:00:00,2024-06-05 00:00:00,72,10.9,77.1,23.62,65.65,0.0,19.74,1010.2
2024-06-02 00:00:00,2024-06-05 00:00:00,72,11.2,76.7,29.92,71.08,0.0,16.47,1008.63
2024-06-02 00:00:00,2024-06-05 00:00:00,72,11.2,76.9,26.65,64.77,0.0,13.67,1013.55
2024-06-02 00:00:00,2024-06-05 00:00:00,72,11.2,77.1,23.87,64.23,0.0,21.41,1008.27
2024-06-03 00:00:00,2024-06-04 00:00:00,24,10.3,76.7,23.98,72.96,0.0,15.68,1013.42
2024-06-03 00:00:00,2024-06-04 00:00:00,24,10.3,76.9,25.62,65.01,0.0,14.71,1011.3
2024-06-03 00:00:00,2024-06-04 00:00:00,24,10.3,77.1,26.54,52.08,0.0,13.19,1011.06
2024-06-03 00:00:00,2024-06-04 00:00:00,24,10.6,76.7,23.29,61.52,0.0,18.83,1011.11
2024-06-03 00:00:00,2024-06-04 00:00:00,24,10.6,76.9,24.71,75.39,0.0,12.17,1010.8
2024-06-03 00:00:00,2024-06-04 00:00:00,24,10.6,77.1,23.8,60.46,0.0,11.98,1011.74
2024-06-03 00:00:00,2024-06-04 00:00:00,24,10.9,76.7,23.59,71.66,0.0,17.07,1013.68
2024-06-03 00:00:00,2024-06-04 00:00:00,24,10.9,76.9,25.28,69.54,0.0,14.6,1012.93
2024-06-03 00:00:00,2024-06-04 00:00:00,24,10.9,77.1,26.37,81.39,0.0,17.76,1012.54
2024-06-03 00:00:00,2024-06-04 00:00:00,24,11.2,76.7,24.4,73.37,0.0,10.53,1010.4
2024-06-03 00:00:00,2024-06-04 00:00:00,24,11.2,76.9,24.31,74.3,0.0,15.65,1008.94
2024-06-03 00:00:00,2024-06-04 00:00:00,24,11.2,77.1,25.05,61.75,0.0,9.5,1010.38
2024-06-03 00:00:00,2024-06-05 00:00:00,48,10.3,76.7,25.06,60.47,0.0,11.31,1009.99
2024-06-03 00:00:00,2024-06-05 00:00:00,48,10.3,76.9,23.96,63.03,0.0,9.23,1011.49
2024-06-03 00:00:00,2024-06-05 00:00:00,48,10.3,77.1,21.32,76.45,0.0,18.3,1008.99
2024-06-03 00:00:00,2024-06-05 00:00:00,48,10.6,76.7,25.8,71.52,0.0,19.43,1009.22
2024-06-03 00:00:00,2024-06-05 00:00:00,48,10.6,76.9,26.56,62.44,0.0,17.3,1011.25
2024-06-03 00:00:00,2024-06-05 00:00:00,48,10.6,77.1,21.09,67.42,0.0,12.93,1011.15
2024-06-03 00:00:00,2024-06-05 00:00:00,48,10.9,76.7,22.78,61.48,0.0,7.79,1010.16
2024-06-03 00:00:00,2024-06-05 00:00:00,48,10.9,76.9,24.83,68.62,0.0,12.41,1010.83
2024-06-03 00:00:00,2024-06-05 00:00:00,48,10.9,77.1,24.93,59.91,0.0,16.17,1013.33
2024-06-03 00:00:00,2024-06-05 00:00:00,48,11.2,76.7,24.27,74.87,0.0,10.79,1009.07
2024-06-03 00:00:00,2024-06-05 00:00:00,48,11.2,76.9,25.03,78.96,0.0,19.26,1007.65
2024-06-03 00:00:00,2024-06-05 00:00:00,48,11.2,77.1,25.97,62.11,0.0,19.57,1008.94
2024-06-03 00:00:00,2024-06-06 00:00:00,72,10.3,76.7,27.51,70.26,0.0,7.23,1012.61
2024-06-03 00:00:00,2024-06-06 00:00:00,72,10.3,76.9,25.87,67.55,0.0,18.67,1011.86
2024-06-03 00:00:00,2024-06-06 00:00:00,72,10.3,77.1,25.19,63.24,0.0,11.25,1012.99
2024-06-03 00:00:00,2024-06-06 00:00:00,72,10.6,76.7,23.12,78.26,0.0,13.47,1010.42
2024-06-03 00:00:00,2024-06-06 00:00:00,72,10.6,76.9,28.97,48.59,0.0,14.97,1009.94
2024-06-03 00:00:00,2024-06-06 00:00:00,72,10.6,77.1,24.34,72.4,0.0,6.22,1012.1
2024-06-03 00:00:00,2024-06-06 00:00:00,72,10.9,76.7,23.18,72.41,0.0,17.45,1012.21
2024-06-03 00:00:00,2024-06-06 00:00:00,72,10.9,76.9,23.35,62.27,0.0,15.02,1011.15
2024-06-03 00:00:00,2024-06-06 00:00:00,72,10.9,77.1,18.92,54.87,0.0,11.95,1009.1
2024-06-03 00:00:00,2024-06-06 00:00:00,72,11.2,76.7,21.01,65.64,3.32,8.62,1008.92
2024-06-03 00:00:00,2024-06-06 00:00:00,72,11.2,76.9,23.49,58.91,0.0,12.86,1009.82
2024-06-03 00:00:00,2024-06-06 00:00:00,72,11.2,77.1,22.56,62.77,0.0,14.06,1009.83
2024-06-04 00:00:00,2024-06-05 00:00:00,24,10.3,76.7,24.63,63.92,0.0,18.03,1016.3
2024-06-04 00:00:00,2024-06-05 00:00:00,24,10.3,76.9,24.24,64.07,0.0,11.83,1012.15
2024-06-04 00:00:00,2024-06-05 00:00:00,24,10.3,77.1,23.01,52.97,0.0,7.9,1012.58
2024-06-04 00:00:00,2024-06-05 00:00:00,24,10.6,76.7,24.09,59.66,0.0,4.55,1011.77
2024-06-04 00:00:00,2024-06-05 00:00:00,24,10.6,76.9,24.78,63.03,0.0,13.17,1011.84
2024-06-04 00:00:00,2024-06-05 00:00:00,24,10.6,77.1,26.39,56.03,0.0,14.37,1010.41
2024-06-04 00:00:00,2024-06-05 00:00:00,24,10.9,76.7,21.96,51.64,0.0,11.71,1009.52
2024-06-04 00:00:00,2024-06-05 00:00:00,24,10.9,76.9,24.55,75.11,0.0,13.91,1011.37
2024-06-04 00:00:00,2024-06-05 00:00:00,24,10.9,77.1,23.91,68.39,0.0,16.22,1012.28
2024-06-04 00:00:00,2024-06-05 00:00:00,24,11.2,76.7,22.69,65.59,0.0,13.56,1009.32
2024-06-04 00:00:00,2024-06-05 00:00:00,24,11.2,76.9,23.51,58.8,0.0,8.15,1011.26
2024-06-04 00:00:00,2024-06-05 00:00:00,24,11.2,77.1,24.83,68.22,0.0,11.74,1010.87
2024-06-04 00:00:00,2024-06-06 00:00:00,48,10.3,76.7,24.63,67.35,0.0,18.37,1011.51
2024-06-04 00:00:00,2024-06-06 00:00:00,48,10.3,76.9,26.22,66.05,3.19,13.53,1007.0
2024-06-04 00:00:00,2024-06-06 00:00:00,48,10.3,77.1,23.4,75.79,0.0,17.15,1010.99
2024-06-04 00:00:00,2024-06-06 00:00:00,48,10.6,76.7,27.47,51.53,0.0,21.71,1011.15
2024-06-04 00:00:00,2024-06-06 00:00:00,48,10.6,76.9,24.5,68.12,0.0,13.6,1008.4
2024-06-04 00:00:00,2024-06-06 00:00:00,48,10.6,77.1,22.08,69.49,0.0,17.82,1010.31
2024-06-04 00:00:00,2024-06-06 00:00:00,48,10.9,76.7,24.05,64.11,0.0,11.01,1011.19
2024-06-04 00:00:00,2024-06-06 00:00:00,48,10.9,76.9,28.91,66.7,0.0,19.0,1008.33
2024-06-04 00:00:00,2024-06-06 00:00:00,48,10.9,77.1,27.86,72.58,0.0,6.77,1010.45
2024-06-04 00:00:00,2024-06-06 00:00:00,48,11.2,76.7,25.92,77.6,0.0,12.51,1008.8
2024-06-04 00:00:00,2024-06-06 00:00:00,48,11.2,76.9,25.63,75.18,0.0,13.85,1009.23
2024-06-04 00:00:00,2024-06-06 00:00:00,48,11.2,77.1,24.28,71.93,0.0,19.98,1009.28
2024-06-04 00:00:00,2024-06-07 00:00:00,72,10.3,76.7,25.65,84.89,3.13,17.15,1010.64
2024-06-04 00:00:00,2024-06-07 00:00:00,72,10.3,76.9,24.02,58.59,0.0,11.02,1011.41
2024-06-04 00:00:00,2024-06-07 00:00:00,72,10.3,77.1,25.72,73.99,0.0,12.31,1009.22
2024-06-04 00:00:00,2024-06-07 00:00:00,72,10.6,76.7,28.4,49.71,0.0,6.85,1009.53
2024-06-04 00:00:00,2024-06-07 00:00:00,72,10.6,76.9,20.77,70.51,0.0,15.64,1011.79
2024-06-04 00:00:00,2024-06-07 00:00:00,72,10.6,77.1,23.29,58.12,0.0,14.7,1009.41
2024-06-04 00:00:00,2024-06-07 00:00:00,72,10.9,76.7,22.65,67.49,0.0,6.87,1012.61
2024-06-04 00:00:00,2024-06-07 00:00:00,72,10.9,76.9,24.21,64.76,0.0,11.98,1010.51
2024-06-04 00:00:00,2024-06-07 00:00:00,72,10.9,77.1,24.18,62.07,0.0,9.02,1012.66
2024-06-04 00:00:00,2024-06-07 00:00:00,72,11.2,76.7,26.72,68.54,0.0,13.97,1010.17
2024-06-04 00:00:00,2024-06-07 00:00:00,72,11.2,76.9,21.37,73.43,0.0,11.93,1008.18
2024-06-04 00:00:00,2024-06-07 00:00:00,72,11.2,77.1,27.09,63.0,0.0,10.82,1011.49
2024-06-05 00:00:00,2024-06-06 00:00:00,24,10.3,76.7,24.58,70.33,0.0,17.43,1012.73
2024-06-05 00:00:00,2024-06-06 00:00:00,24,10.3,76.9,23.81,74.24,0.0,13.38,1012.79
2024-06-05 00:00:00,2024-06-06 00:00:00,24,10.3,77.1,25.45,71.67,0.0,9.61,1013.26
2024-06-05 00:00:00,2024-06-06 00:00:00,24,10.6,76.7,25.2,68.96,0.0,14.77,1008.32
2024-06-05 00:00:00,2024-06-06 00:00:00,24,10.6,76.9,24.89,63.6,1.47,18.15,1011.68
2024-06-05 00:00:00,2024-06-06 00:00:00,24,10.6,77.1,24.58,61.15,0.0,15.85,1013.97
2024-06-05 00:00:00,2024-06-06 00:00:00,24,10.9,76.7,25.52,73.14,0.0,13.81,1010.27
2024-06-05 00:00:00,2024-06-06 00:00:00,24,10.9,76.9,23.78,75.55,1.49,14.88,1013.52
2024-06-05 00:00:00,2024-06-06 00:00:00,24,10.9,77.1,23.93,71.56,0.0,9.91,1009.32
2024-06-05 00:00:00,2024-06-06 00:00:00,24,11.2,76.7,26.56,51.34,0.0,7.96,1009.78
2024-06-05 00:00:00,2024-06-06 00:00:00,24,11.2,76.9,22.61,65.28,1.36,13.67,1010.91
2024-06-05 00:00:00,2024-06-06 00:00:00,24,11.2,77.1,26.01,68.07,0.0,17.96,1011.65
2024-06-05 00:00:00,2024-06-07 00:00:00,48,10.3,76.7,23.64,69.03,0.0,14.17,1011.35
2024-06-05 00:00:00,2024-06-07 00:00:00,48,10.3,76.9,24.96,65.99,0.0,12.22,1010.76
2024-06-05 00:00:00,2024-06-07 00:00:00,48,10.3,77.1,25.49,59.19,0.0,16.39,1010.48
2024-06-05 00:00:00,2024-06-07 00:00:00,48,10.6,76.7,22.98,61.06,0.0,8.48,1010.6
2024-06-05 00:00:00,2024-06-07 00:00:00,48,10.6,76.9,21.08,64.57,0.0,21.57,1012.39
2024-06-05 00:00:00,2024-06-07 00:00:00,48,10.6,77.1,27.36,71.56,0.0,14.03,1011.25
2024-06-05 00:00:00,2024-06-07 00:00:00,48,10.9,76.7,26.06,78.68,4.15,15.55,1008.53
2024-06-05 00:00:00,2024-06-07 00:00:00,48,10.9,76.9,26.0,52.02,0.0,10.35,1010.39
2024-06-05 00:00:00,2024-06-07 00:00:00,48,10.9,77.1,23.9,52.58,0.0,17.2,1009.07
2024-06-05 00:00:00,2024-06-07 00:00:00,48,11.2,76.7,23.31,79.05,0.0,14.47,1011.49
2024-06-05 00:00:00,2024-06-07 00:00:00,48,11.2,76.9,21.0,61.91,0.0,12.06,1012.3
2024-06-05 00:00:00,2024-06-07 00:00:00,48,11.2,77.1,27.11,70.25,0.0,13.23,1008.98
2024-06-05 00:00:00,2024-06-08 00:00:00,72,10.3,76.7,22.52,63.34,0.0,12.99,1010.0
2024-06-05 00:00:00,2024-06-08 00:00:00,72,10.3,76.9,26.68,63.83,0.0,11.84,1010.87
2024-06-05 00:00:00,2024-06-08 00:00:00,72,10.3,77.1,20.67,60.25,0.0,14.62,1008.47
2024-06-05 00:00:00,2024-06-08 00:00:00,72,10.6,76.7,20.83,65.17,0.32,11.7,1011.58
2024-06-05 00:00:00,2024-06-08 00:00:00,72,10.6,76.9,22.16,49.6,0.0,12.18,1010.32
2024-06-05 00:00:00,2024-06-08 00:00:00,72,10.6,77.1,26.22,68.32,0.0,5.36,1011.77
2024-06-05 00:00:00,2024-06-08 00:00:00,72,10.9,76.7,24.37,51.5,0.0,4.71,1009.91
2024-06-05 00:00:00,2024-06-08 00:00:00,72,10.9,76.9,25.01,55.68,0.0,20.83,1011.86
2024-06-05 00:00:00,2024-06-08 00:00:00,72,10.9,77.1,26.7,65.59,0.0,15.33,1010.08
2024-06-05 00:00:00,2024-06-08 00:00:00,72,11.2,76.7,23.86,55.61,0.0,14.12,1010.95
2024-06-05 00:00:00,2024-06-08 00:00:00,72,11.2,76.9,27.63,64.65,0.0,19.39,1009.17
2024-06-05 00:00:00,2024-06-08 00:00:00,72,11.2,77.1,29.66,74.5,0.0,12.29,1008.52
2024-06-06 00:00:00,2024-06-07 00:00:00,24,10.3,76.7,22.98,57.88,0.0,12.75,1010.74
2024-06-06 00:00:00,2024-06-07 00:00:00,24,10.3,76.9,20.76,77.56,3.77,10.79,1011.51
2024-06-06 00:00:00,2024-06-07 00:00:00,24,10.3,77.1,26.4,60.91,0.0,19.59,1011.29
2024-06-06 00:00:00,2024-06-07 00:00:00,24,10.6,76.7,22.32,75.03,0.0,14.32,1010.47
2024-06-06 00:00:00,2024-06-07 00:00:00,24,10.6,76.9,25.09,50.32,0.0,18.71,1010.75
2024-06-06 00:00:00,2024-06-07 00:00:00,24,10.6,77.1,23.37,75.52,0.0,11.07,1008.38
2024-06-06 00:00:00,2024-06-07 00:00:00,24,10.9,76.7,21.98,59.34,0.0,9.22,1013.3
2024-06-06 00:00:00,2024-06-07 00:00:00,24,10.9,76.9,23.7,74.66,0.0,12.78,1011.52
2024-06-06 00:00:00,2024-06-07 00:00:00,24,10.9,77.1,21.18,60.48,0.0,15.98,1011.17
2024-06-06 00:00:00,2024-06-07 00:00:00,24,11.2,76.7,25.46,60.64,0.0,11.53,1009.15
2024-06-06 00:00:00,2024-06-07 00:00:00,24,11.2,76.9,27.52,55.31,0.0,19.93,1009.78
2024-06-06 00:00:00,2024-06-07 00:00:00,24,11.2,77.1,27.32,74.46,0.0,11.02,1010.54
2024-06-06 00:00:00,2024-06-08 00:00:00,48,10.3,76.7,22.34,75.43,0.0,7.44,1009.28
2024-06-06 00:00:00,2024-06-08 00:00:00,48,10.3,76.9,25.0,64.63,0.0,8.41,1011.0
2024-06-06 00:00:00,2024-06-08 00:00:00,48,10.3,77.1,26.05,60.07,0.0,14.19,1012.6
2024-06-06 00:00:00,2024-06-08 00:00:00,48,10.6,76.7,22.37,56.37,0.0,17.77,1009.73
2024-06-06 00:00:00,2024-06-08 00:00:00,48,10.6,76.9,26.33,64.34,0.0,7.99,1011.98
2024-06-06 00:00:00,2024-06-08 00:00:00,48,10.6,77.1,24.27,74.56,0.0,13.3,1010.97
2024-06-06 00:00:00,2024-06-08 00:00:00,48,10.9,76.7,21.01,58.98,0.0,16.14,1007.72
2024-06-06 00:00:00,2024-06-08 00:00:00,48,10.9,76.9,22.84,68.59,0.0,15.72,1011.55
2024-06-06 00:00:00,2024-06-08 00:00:00,48,10.9,77.1,25.39,59.75,0.0,17.4,1009.3
2024-06-06 00:00:00,2024-06-08 00:00:00,48,11.2,76.7,24.62,54.34,0.0,11.47,1009.54
2024-06-06 00:00:00,2024-06-08 00:00:00,48,11.2,76.9,24.14,64.5,2.31,17.62,1009.69
2024-06-06 00:00:00,2024-06-08 00:00:00,48,11.2,77.1,22.09,61.96,0.0,19.58,1009.78
2024-06-06 00:00:00,2024-06-09 00:00:00,72,10.3,76.7,21.26,66.45,0.0,23.5,1011.27
2024-06-06 00:00:00,2024-06-09 00:00:00,72,10.3,76.9,25.42,72.7,0.0,14.08,1010.72
2024-06-06 00:00:00,2024-06-09 00:00:00,72,10.3,77.1,25.06,50.06,0.0,9.77,1011.34
2024-06-06 00:00:00,2024-06-09 00:00:00,72,10.6,76.7,23.47,58.06,0.0,21.34,1012.95
2024-06-06 00:00:00,2024-06-09 00:00:00,72,10.6,76.9,22.25,69.85,0.0,5.93,1012.04
2024-06-06 00:00:00,2024-06-09 00:00:00,72,10.6,77.1,19.95,59.7,0.0,16.75,1013.07
2024-06-06 00:00:00,2024-06-09 00:00:00,72,10.9,76.7,26.19,79.0,0.0,15.02,1013.23
2024-06-06 00:00:00,2024-06-09 00:00:00,72,10.9,76.9,23.38,61.6,0.0,13.94,1009.34
2024-06-06 00:00:00,2024-06-09 00:00:00,72,10.9,77.1,25.06,67.06,0.0,12.45,1010.43
2024-06-06 00:00:00,2024-06-09 00:00:00,72,11.2,76.7,24.64,66.08,0.0,22.82,1010.09
2024-06-06 00:00:00,2024-06-09 00:00:00,72,11.2,76.9,24.94,57.44,0.0,19.55,1011.29
2024-06-06 00:00:00,2024-06-09 00:00:00,72,11.2,77.1,23.9,71.25,0.0,15.62,1008.06
2024-06-07 00:00:00,2024-06-08 00:00:00,24,10.3,76.7,23.97,61.92,0.0,19.74,1011.22
2024-06-07 00:00:00,2024-06-08 00:00:00,24,10.3,76.9,25.3,82.27,0.0,16.32,1011.67
2024-06-07 00:00:00,2024-06-08 00:00:00,24,10.3,77.1,22.75,63.75,0.0,13.65,1010.04
2024-06-07 00:00:00,2024-06-08 00:00:00,24,10.6,76.7,23.49,73.83,0.0,13.86,1010.22
2024-06-07 00:00:00,2024-06-08 00:00:00,24,10.6,76.9,23.65,60.51,0.0,18.06,1010.92
2024-06-07 00:00:00,2024-06-08 00:00:00,24,10.6,77.1,23.78,71.47,0.0,12.69,1010.8
2024-06-07 00:00:00,2024-06-08 00:00:00,24,10.9,76.7,24.91,61.27,0.0,8.91,1010.87
2024-06-07 00:00:00,2024-06-08 00:00:00,24,10.9,76.9,21.86,61.98,0.0,18.39,1009.27
2024-06-07 00:00:00,2024-06-08 00:00:00,24,10.9,77.1,23.88,65.01,0.0,10.47,1008.91
2024-06-07 00:00:00,2024-06-08 00:00:00,24,11.2,76.7,23.92,67.08,1.91,11.16,1010.07
2024-06-07 00:00:00,2024-06-08 00:00:00,24,11.2,76.9,24.57,53.84,0.0,8.77,1009.58
2024-06-07 00:00:00,2024-06-08 00:00:00,24,11.2,77.1,21.95,72.52,0.0,14.69,1007.84
2024-06-07 00:00:00,2024-06-09 00:00:00,48,10.3,76.7,25.03,74.92,0.0,14.51,1011.3
2024-06-07 00:00:00,2024-06-09 00:00:00,48,10.3,76.9,24.22,64.99,2.46,11.44,1009.68
2024-06-07 00:00:00,2024-06-09 00:00:00,48,10.3,77.1,23.0,61.39,0.0,12.82,1012.4
2024-06-07 00:00:00,2024-06-09 00:00:00,48,10.6,76.7,22.56,76.52,0.0,17.51,1012.19
2024-06-07 00:00:00,2024-06-09 00:00:00,48,10.6,76.9,25.49,76.18,0.0,9.75,1007.25
2024-06-07 00:00:00,2024-06-09 00:00:00,48,10.6,77.1,28.39,75.41,0.0,15.13,1007.46
2024-06-07 00:00:00,2024-06-09 00:00:00,48,10.9,76.7,25.84,66.52,0.0,21.78,1010.17
2024-06-07 00:00:00,2024-06-09 00:00:00,48,10.9,76.9,26.46,53.36,0.0,10.51,1012.37
2024-06-07 00:00:00,2024-06-09 00:00:00,48,10.9,77.1,24.5,58.73,0.0,11.81,1010.71
2024-06-07 00:00:00,2024-06-09 00:00:00,48,11.2,76.7,28.03,73.0,0.0,14.02,1009.58
2024-06-07 00:00:00,2024-06-09 00:00:00,48,11.2,76.9,23.07,54.08,0.0,16.24,1010.52
2024-06-07 00:00:00,2024-06-09 00:00:00,48,11.2,77.1,23.22,57.81,4.38,15.27,1009.92
2024-06-07 00:00:00,2024-06-10 00:00:00,72,10.3,76.7,25.84,70.19,0.0,17.31,1009.57
2024-06-07 00:00:00,2024-06-10 00:00:00,72,10.3,76.9,21.5,64.83,0.0,15.5,1012.13
2024-06-07 00:00:00,2024-06-10 00:00:00,72,10.3,77.1,28.79,60.46,0.0,14.38,1011.33
2024-06-07 00:00:00,2024-06-10 00:00:00,72,10.6,76.7,25.62,65.33,0.0,17.38,1006.91
2024-06-07 00:00:00,2024-06-10 00:00:00,72,10.6,76.9,20.61,63.93,0.0,17.45,1008.36
2024-06-07 00:00:00,2024-06-10 00:00:00,72,10.6,77.1,26.81,75.8,0.0,11.4,1009.36
2024-06-07 00:00:00,2024-06-10 00:00:00,72,10.9,76.7,27.91,70.04,0.0,14.76,1007.62
2024-06-07 00:00:00,2024-06-10 00:00:00,72,10.9,76.9,25.83,58.46,0.0,15.54,1009.94
2024-06-07 00:00:00,2024-06-10 00:00:00,72,10.9,77.1,26.24,56.88,0.0,21.22,1010.6
2024-06-07 00:00:00,2024-06-10 00:00:00,72,11.2,76.7,24.48,71.75,0.0,19.14,1010.9
2024-06-07 00:00:00,2024-06-10 00:00:00,72,11.2,76.9,25.48,73.56,0.0,7.6,1011.81
2024-06-07 00:00:00,2024-06-10 00:00:00,72,11.2,77.1,21.38,52.47,0.0,17.94,1009.03
2024-06-08 00:00:00,2024-06-09 00:00:00,24,10.3,76.7,23.87,78.76,0.0,16.89,1012.93
2024-06-08 00:00:00,2024-06-09 00:00:00,24,10.3,76.9,23.55,61.18,0.0,13.99,1011.48
2024-06-08 00:00:00,2024-06-09 00:00:00,24,10.3,77.1,24.3,58.75,0.0,11.76,1011.6
2024-06-08 00:00:00,2024-06-09 00:00:00,24,10.6,76.7,23.12,69.41,0.0,13.79,1011.51
2024-06-08 00:00:00,2024-06-09 00:00:00,24,10.6,76.9,23.4,66.21,0.0,10.6,1007.8
2024-06-08 00:00:00,2024-06-09 00:00:00,24,10.6,77.1,25.44,67.85,0.0,12.7,1011.33
2024-06-08 00:00:00,2024-06-09 00:00:00,24,10.9,76.7,23.5,62.55,0.0,16.76,1012.51
2024-06-08 00:00:00,2024-06-09 00:00:00,24,10.9,76.9,23.08,81.59,0.0,17.83,1009.37
2024-06-08 00:00:00,2024-06-09 00:00:00,24,10.9,77.1,25.7,72.6,0.0,17.44,1010.59
2024-06-08 00:00:00,2024-06-09 00:00:00,24,11.2,76.7,23.48,71.79,0.0,13.04,1010.55
2024-06-08 00:00:00,2024-06-09 00:00:00,24,11.2,76.9,25.11,69.33,0.0,14.41,1010.95
2024-06-08 00:00:00,2024-06-09 00:00:00,24,11.2,77.1,24.72,73.29,0.38,17.92,1009.71
2024-06-08 00:00:00,2024-06-10 00:00:00,48,10.3,76.7,25.54,60.09,0.0,11.2,1013.18
2024-06-08 00:00:00,2024-06-10 00:00:00,48,10.3,76.9,24.72,56.7,0.0,16.65,1010.38
2024-06-08 00:00:00,2024-06-10 00:00:00,48,10.3,77.1,25.04,56.63,0.0,8.72,1008.76
2024-06-08 00:00:00,2024-06-10 00:00:00,48,10.6,76.7,27.24,61.44,0.0,12.98,1010.35
2024-06-08 00:00:00,2024-06-10 00:00:00,48,10.6,76.9,23.33,62.85,0.0,13.3,1011.34
2024-06-08 00:00:00,2024-06-10 00:00:00,48,10.6,77.1,23.34,62.61,0.0,14.01,1009.29
2024-06-08 00:00:00,2024-06-10 00:00:00,48,10.9,76.7,27.87,58.01,1.71,6.62,1011.95
2024-06-08 00:00:00,2024-06-10 00:00:00,48,10.9,76.9,25.04,66.49,0.0,8.4,1011.83
2024-06-08 00:00:00,2024-06-10 00:00:00,48,10.9,77.1,23.66,72.25,0.0,8.69,1012.94
2024-06-08 00:00:00,2024-06-10 00:00:00,48,11.2,76.7,26.74,67.15,0.0,15.93,1010.07
2024-06-08 00:00:00,2024-06-10 00:00:00,48,11.2,76.9,24.58,49.69,0.0,14.96,1012.01
2024-06-08 00:00:00,2024-06-10 00:00:00,48,11.2,77.1,23.15,59.9,0.0,10.95,1009.63
2024-06-08 00:00:00,2024-06-11 00:00:00,72,10.3,76.7,21.02,51.76,0.0,10.28,1012.77
2024-06-08 00:00:00,2024-06-11 00:00:00,72,10.3,76.9,26.58,82.95,0.0,17.04,1012.16
2024-06-08 00:00:00,2024-06-11 00:00:00,72,10.3,77.1,21.99,70.59,0.0,11.81,1012.44
2024-06-08 00:00:00,2024-06-11 00:00:00,72,10.6,76.7,23.35,56.4,0.0,15.8,1012.81
2024-06-08 00:00:00,2024-06-11 00:00:00,72,10.6,76.9,18.78,64.55,0.0,15.81,1009.9
2024-06-08 00:00:00,2024-06-11 00:00:00,72,10.6,77.1,21.99,62.02,0.61,18.34,1010.92
2024-06-08 00:00:00,2024-06-11 00:00:00,72,10.9,76.7,22.29,61.92,0.0,18.11,1009.42
2024-06-08 00:00:00,2024-06-11 00:00:00,72,10.9,76.9,21.34,61.3,0.0,13.4,1011.76
2024-06-08 00:00:00,2024-06-11 00:00:00,72,10.9,77.1,21.51,68.54,0.0,11.69,1006.92
2024-06-08 00:00:00,2024-06-11 00:00:00,72,11.2,76.7,26.56,61.98,0.0,7.45,1006.15
2024-06-08 00:00:00,2024-06-11 00:00:00,72,11.2,76.9,23.81,61.46,0.0,16.72,1007.5
2024-06-08 00:00:00,2024-06-11 00:00:00,72,11.2,77.1,22.54,67.03,0.0,16.42,1009.14
2024-06-09 00:00:00,2024-06-10 00:00:00,24,10.3,76.7,25.19,78.99,0.0,17.77,1013.22
2024-06-09 00:00:00,2024-06-10 00:00:00,24,10.3,76.9,21.97,62.16,0.0,14.58,1013.61
2024-06-09 00:00:00,2024-06-10 00:00:00,24,10.3,77.1,22.26,61.33,0.0,11.29,1012.91
2024-06-09 00:00:00,2024-06-10 00:00:00,24,10.6,76.7,26.06,69.43,0.0,18.95,1011.05
2024-06-09 00:00:00,2024-06-10 00:00:00,24,10.6,76.9,23.78,68.19,0.0,10.55,1010.04
2024-06-09 00:00:00,2024-06-10 00:00:00,24,10.6,77.1,21.79,58.85,0.0,12.15,1009.42
2024-06-09 00:00:00,2024-06-10 00:00:00,24,10.9,76.7,22.4,65.58,0.0,13.43,1011.62
2024-06-09 00:00:00,2024-06-10 00:00:00,24,10.9,76.9,23.6,64.65,0.0,13.81,1006.9
2024-06-09 00:00:00,2024-06-10 00:00:00,24,10.9,77.1,23.48,64.27,0.0,11.26,1010.99
2024-06-09 00:00:00,2024-06-10 00:00:00,24,11.2,76.7,25.48,58.83,0.0,15.08,1010.64
2024-06-09 00:00:00,2024-06-10 00:00:00,24,11.2,76.9,23.04,75.3,5.26,13.25,1008.41
2024-06-09 00:00:00,2024-06-10 00:00:00,24,11.2,77.1,24.77,63.73,0.0,13.57,1010.43
2024-06-09 00:00:00,2024-06-11 00:00:00,48,10.3,76.7,23.65,67.08,0.0,13.54,1010.36
2024-06-09 00:00:00,2024-06-11 00:00:00,48,10.3,76.9,26.61,58.6,0.0,12.21,1010.38
2024-06-09 00:00:00,2024-06-11 00:00:00,48,10.3,77.1,26.6,76.66,0.0,11.77,1012.27
2024-06-09 00:00:00,2024-06-11 00:00:00,48,10.6,76.7,25.23,58.1,0.0,11.74,1011.46
2024-06-09 00:00:00,2024-06-11 00:00:00,48,10.6,76.9,23.44,76.68,0.0,15.92,1008.55
2024-06-09 00:00:00,2024-06-11 00:00:00,48,10.6,77.1,27.66,77.5,3.41,14.7,1011.28
2024-06-09 00:00:00,2024-06-11 00:00:00,48,10.9,76.7,24.53,55.87,0.0,11.08,1009.16
2024-06-09 00:00:00,2024-06-11 00:00:00,48,10.9,76.9,25.58,68.93,0.0,14.5,1008.65
2024-06-09 00:00:00,2024-06-11 00:00:00,48,10.9,77.1,25.55,81.87,0.0,13.79,1010.25
2024-06-09 00:00:00,2024-06-11 00:00:00,48,11.2,76.7,22.87,52.16,0.0,16.71,1010.94
2024-06-09 00:00:00,2024-06-11 00:00:00,48,11.2,76.9,28.04,63.45,0.0,13.77,1006.7
2024-06-09 00:00:00,2024-06-11 00:00:00,48,11.2,77.1,26.2,59.36,0.0,9.55,1009.6
2024-06-09 00:00:00,2024-06-12 00:00:00,72,10.3,76.7,31.03,67.42,0.0,16.18,1011.63
2024-06-09 00:00:00,2024-06-12 00:00:00,72,10.3,76.9,27.04,63.02,0.0,12.81,1011.54
2024-06-09 00:00:00,2024-06-12 00:00:00,72,10.3,77.1,23.94,68.9,0.0,9.81,1011.44
2024-06-09 00:00:00,2024-06-12 00:00:00,72,10.6,76.7,25.3,73.99,0.0,16.68,1010.66
2024-06-09 00:00:00,2024-06-12 00:00:00,72,10.6,76.9,22.96,55.25,0.0,13.0,1011.9
2024-06-09 00:00:00,2024-06-12 00:00:00,72,10.6,77.1,22.42,75.13,0.0,16.03,1012.53
2024-06-09 00:00:00,2024-06-12 00:00:00,72,10.9,76.7,30.14,76.0,0.0,17.81,1008.63
2024-06-09 00:00:00,2024-06-12 00:00:00,72,10.9,76.9,23.42,55.16,0.0,8.06,1010.78
2024-06-09 00:00:00,2024-06-12 00:00:00,72,10.9,77.1,23.9,75.52,0.0,14.3,1012.11
2024-06-09 00:00:00,2024-06-12 00:00:00,72,11.2,76.7,24.85,67.22,0.0,16.52,1011.34
2024-06-09 00:00:00,2024-06-12 00:00:00,72,11.2,76.9,23.49,60.98,0.0,15.3,1010.49
2024-06-09 00:00:00,2024-06-12 00:00:00,72,11.2,77.1,21.26,61.37,0.0,14.21,1008.15
2024-06-10 00:00:00,2024-06-11 00:00:00,24,10.3,76.7,23.54,66.32,0.0,15.91,1011.8
2024-06-10 00:00:00,2024-06-11 00:00:00,24,10.3,76.9,24.46,64.68,0.0,12.66,1010.9
2024-06-10 00:00:00,2024-06-11 00:00:00,24,10.3,77.1,25.06,63.45,0.0,7.59,1010.01
2024-06-10 00:00:00,2024-06-11 00:00:00,24,10.6,76.7,23.09,64.3,0.0,20.31,1010.15
2024-06-10 00:00:00,2024-06-11 00:00:00,24,10.6,76.9,23.59,69.47,0.0,8.94,1010.69
2024-06-10 00:00:00,2024-06-11 00:00:00,24,10.6,77.1,22.42,52.94,0.0,11.4,1009.71
2024-06-10 00:00:00,2024-06-11 00:00:00,24,10.9,76.7,24.21,72.75,0.0,13.57,1009.78
2024-06-10 00:00:00,2024-06-11 00:00:00,24,10.9,76.9,24.87,57.01,0.0,12.21,1009.64
2024-06-10 00:00:00,2024-06-11 00:00:00,24,10.9,77.1,25.23,66.43,0.0,16.95,1010.44
2024-06-10 00:00:00,2024-06-11 00:00:00,24,11.2,76.7,26.15,72.44,0.0,8.87,1008.6
2024-06-10 00:00:00,2024-06-11 00:00:00,24,11.2,76.9,26.75,59.39,0.0,13.84,1008.89
2024-06-10 00:00:00,2024-06-11 00:00:00,24,11.2,77.1,26.55,70.1,0.0,14.04,1007.14
2024-06-10 00:00:00,2024-06-12 00:00:00,48,10.3,76.7,25.2,77.88,0.0,11.37,1010.65
2024-06-10 00:00:00,2024-06-12 00:00:00,48,10.3,76.9,24.24,60.97,0.0,13.22,1012.25
2024-06-10 00:00:00,2024-06-12 00:00:00,48,10.3,77.1,21.94,62.73,0.0,17.59,1014.16
2024-06-10 00:00:00,2024-06-12 00:00:00,48,10.6,76.7,22.21,74.57,0.0,11.42,1011.24
2024-06-10 00:00:00,2024-06-12 00:00:00,48,10.6,76.9,24.04,84.26,0.0,9.11,1009.37
2024-06-10 00:00:00,2024-06-12 00:00:00,48,10.6,77.1,24.68,67.15,0.0,9.07,1011.64
2024-06-10 00:00:00,2024-06-12 00:00:00,48,10.9,76.7,24.91,75.18,0.0,18.3,1007.36
2024-06-10 00:00:00,2024-06-12 00:00:00,48,10.9,76.9,24.8,68.98,0.0,14.31,1010.87
2024-06-10 00:00:00,2024-06-12 00:00:00,48,10.9,77.1,25.45,53.0,0.0,16.63,1010.86
2024-06-10 00:00:00,2024-06-12 00:00:00,48,11.2,76.7,26.0,64.74,0.0,15.36,1008.26
2024-06-10 00:00:00,2024-06-12 00:00:00,48,11.2,76.9,24.52,56.44,0.0,12.75,1008.95
2024-06-10 00:00:00,2024-06-12 00:00:00,48,11.2,77.1,24.86,45.04,0.0,10.57,1007.18
2024-06-10 00:00:00,2024-06-13 00:00:00,72,10.3,76.7,25.02,62.35,8.85,8.71,1011.68
2024-06-10 00:00:00,2024-06-13 00:00:00,72,10.3,76.9,28.71,72.15,0.0,9.43,1011.56
2024-06-10 00:00:00,2024-06-13 00:00:00,72,10.3,77.1,24.6,65.45,0.0,23.37,1010.78
2024-06-10 00:00:00,2024-06-13 00:00:00,72,10.6,76.7,26.13,72.18,0.0,10.83,1011.58
2024-06-10 00:00:00,2024-06-13 00:00:00,72,10.6,76.9,22.05,76.0,0.0,13.53,1011.93
2024-06-10 00:00:00,2024-06-13 00:00:00,72,10.6,77.1,27.08,60.35,0.0,10.08,1013.57
2024-06-10 00:00:00,2024-06-13 00:00:00,72,10.9,76.7,22.53,66.45,0.0,11.24,1010.39
2024-06-10 00:00:00,2024-06-13 00:00:00,72,10.9,76.9,22.63,60.49,0.0,17.32,1008.91
2024-06-10 00:00:00,2024-06-13 00:00:00,72,10.9,77.1,20.85,62.88,0.0,13.58,1009.07
2024-06-10 00:00:00,2024-06-13 00:00:00,72,11.2,76.7,22.47,74.19,0.0,14.42,1008.78
2024-06-10 00:00:00,2024-06-13 00:00:00,72,11.2,76.9,24.67,77.61,0.0,11.16,1009.04
2024-06-10 00:00:00,2024-06-13 00:00:00,72,11.2,77.1,23.39,64.98,0.0,9.77,1008.88
2024-06-11 00:00:00,2024-06-12 00:00:00,24,10.3,76.7,22.11,58.27,0.0,17.04,1012.23
2024-06-11 00:00:00,2024-06-12 00:00:00,24,10.3,76.9,26.46,59.53,0.0,10.26,1011.0
2024-06-11 00:00:00,2024-06-12 00:00:00,24,10.3,77.1,23.61,69.31,0.0,12.66,1013.38
2024-06-11 00:00:00,2024-06-12 00:00:00,24,10.6,76.7,25.1,66.35,0.0,10.18,1010.44
2024-06-11 00:00:00,2024-06-12 00:00:00,24,10.6,76.9,27.56,75.4,0.0,10.85,1010.2
2024-06-11 00:00:00,2024-06-12 00:00:00,24,10.6,77.1,26.16,52.08,0.0,14.31,1011.42
2024-06-11 00:00:00,2024-06-12 00:00:00,24,10.9,76.7,22.72,63.46,0.0,12.38,1013.45
2024-06-11 00:00:00,2024-06-12 00:00:00,24,10.9,76.9,26.55,62.37,0.0,17.55,1010.75
2024-06-11 00:00:00,2024-06-12 00:00:00,24,10.9,77.1,23.19,66.82,0.0,15.22,1006.46
2024-06-11 00:00:00,2024-06-12 00:00:00,24,11.2,76.7,21.75,63.08,0.0,11.27,1011.26
2024-06-11 00:00:00,2024-06-12 00:00:00,24,11.2,76.9,25.74,76.33,0.0,16.03,1008.09
2024-06-11 00:00:00,2024-06-12 00:00:00,24,11.2,77.1,26.65,68.47,2.58,17.69,1006.38
2024-06-11 00:00:00,2024-06-13 00:00:00,48,10.3,76.7,22.74,70.85,0.0,10.95,1010.73
2024-06-11 00:00:00,2024-06-13 00:00:00,48,10.3,76.9,27.43,77.25,2.42,17.84,1010.79
2024-06-11 00:00:00,2024-06-13 00:00:00,48,10.3,77.1,23.84,72.28,0.0,8.17,1012.2
2024-06-11 00:00:00,2024-06-13 00:00:00,48,10.6,76.7,19.4,58.9,0.0,17.69,1014.5
2024-06-11 00:00:00,2024-06-13 00:00:00,48,10.6,76.9,24.3,69.03,0.0,11.7,1011.81
2024-06-11 00:00:00,2024-06-13 00:00:00,48,10.6,77.1,21.31,60.1,0.0,13.05,1011.97
2024-06-11 00:00:00,2024-06-13 00:00:00,48,10.9,76.7,24.43,68.92,0.0,10.67,1009.66
2024-06-11 00:00:00,2024-06-13 00:00:00,48,10.9,76.9,23.94,50.31,0.0,16.88,1009.0
2024-06-11 00:00:00,2024-06-13 00:00:00,48,10.9,77.1,25.98,63.76,0.0,14.89,1011.84
2024-06-11 00:00:00,2024-06-13 00:00:00,48,11.2,76.7,25.13,72.67,0.0,14.74,1007.66
2024-06-11 00:00:00,2024-06-13 00:00:00,48,11.2,76.9,26.38,69.17,0.0,13.97,1009.37
2024-06-11 00:00:00,2024-06-13 00:00:00,48,11.2,77.1,22.56,61.88,0.0,13.05,1011.15
2024-06-11 00:00:00,2024-06-14 00:00:00,72,10.3,76.7,25.38,77.27,0.0,11.17,1010.0
2024-06-11 00:00:00,2024-06-14 00:00:00,72,10.3,76.9,25.11,73.38,1.83,10.46,1010.58
2024-06-11 00:00:00,2024-06-14 00:00:00,72,10.3,77.1,23.42,71.56,0.0,19.4,1009.52
2024-06-11 00:00:00,2024-06-14 00:00:00,72,10.6,76.7,26.94,56.37,0.0,13.53,1011.39
2024-06-11 00:00:00,2024-06-14 00:00:00,72,10.6,76.9,18.66,81.71,0.0,12.16,1009.83
2024-06-11 00:00:00,2024-06-14 00:00:00,72,10.6,77.1,26.23,75.12,0.0,16.9,1012.01
2024-06-11 00:00:00,2024-06-14 00:00:00,72,10.9,76.7,23.62,67.93,0.0,11.82,1010.17
2024-06-11 00:00:00,2024-06-14 00:00:00,72,10.9,76.9,26.34,74.22,7.79,8.11,1009.63
2024-06-11 00:00:00,2024-06-14 00:00:00,72,10.9,77.1,20.36,76.81,0.0,10.29,1008.56
2024-06-11 00:00:00,2024-06-14 00:00:00,72,11.2,76.7,21.64,73.15,0.0,14.11,1010.12
2024-06-11 00:00:00,2024-06-14 00:00:00,72,11.2,76.9,21.08,67.53,0.0,13.69,1009.1
2024-06-11 00:00:00,2024-06-14 00:00:00,72,11.2,77.1,24.01,60.82,0.0,10.29,1009.68
2024-06-12 00:00:00,2024-06-13 00:00:00,24,10.3,76.7,23.81,66.74,0.0,14.14,1010.33
2024-06-12 00:00:00,2024-06-13 00:00:00,24,10.3,76.9,24.28,61.5,0.0,12.32,1013.18
2024-06-12 00:00:00,2024-06-13 00:00:00,24,10.3,77.1,22.69,58.51,0.0,10.09,1011.98
2024-06-12 00:00:00,2024-06-13 00:00:00,24,10.6,76.7,23.51,73.71,0.0,12.06,1012.18
2024-06-12 00:00:00,2024-06-13 00:00:00,24,10.6,76.9,23.58,55.89,0.0,13.95,1014.12
2024-06-12 00:00:00,2024-06-13 00:00:00,24,10.6,77.1,23.73,64.22,0.0,13.8,1010.81
2024-06-12 00:00:00,2024-06-13 00:00:00,24,10.9,76.7,25.98,59.38,0.0,16.47,1011.54
2024-06-12 00:00:00,2024-06-13 00:00:00,24,10.9,76.9,23.43,68.13,0.0,8.32,1010.25
2024-06-12 00:00:00,2024-06-13 00:00:00,24,10.9,77.1,24.4,60.9,0.0,14.72,1009.76
2024-06-12 00:00:00,2024-06-13 00:00:00,24,11.2,76.7,26.35,61.55,0.0,10.92,1010.51
2024-06-12 00:00:00,2024-06-13 00:00:00,24,11.2,76.9,22.62,55.79,0.0,11.48,1011.01
2024-06-12 00:00:00,2024-06-13 00:00:00,24,11.2,77.1,24.91,68.99,0.0,13.23,1009.09
2024-06-12 00:00:00,2024-06-14 00:00:00,48,10.3,76.7,26.47,50.13,0.0,14.16,1010.77
2024-06-12 00:00:00,2024-06-14 00:00:00,48,10.3,76.9,26.41,57.1,0.0,11.57,1011.4
2024-06-12 00:00:00,2024-06-14 00:00:00,48,10.3,77.1,21.8,76.88,0.0,20.45,1007.82
2024-06-12 00:00:00,2024-06-14 00:00:00,48,10.6,76.7,25.38,73.36,0.0,13.69,1013.02
2024-06-12 00:00:00,2024-06-14 00:00:00,48,10.6,76.9,24.11,72.98,0.0,10.85,1014.3
2024-06-12 00:00:00,2024-06-14 00:00:00,48,10.6,77.1,21.99,76.48,0.0,14.26,1007.01
2024-06-12 00:00:00,2024-06-14 00:00:00,48,10.9,76.7,26.87,62.78,0.0,9.19,1012.25
2024-06-12 00:00:00,2024-06-14 00:00:00,48,10.9,76.9,21.33,68.91,0.0,16.81,1011.83
2024-06-12 00:00:00,2024-06-14 00:00:00,48,10.9,77.1,25.66,62.74,0.0,12.15,1006.07
2024-06-12 00:00:00,2024-06-14 00:00:00,48,11.2,76.7,22.37,72.35,0.0,14.33,1007.06
2024-06-12 00:00:00,2024-06-14 00:00:00,48,11.2,76.9,25.47,77.76,0.0,12.3,1011.17
2024-06-12 00:00:00,2024-06-14 00:00:00,48,11.2,77.1,26.88,62.61,0.0,13.14,1007.27
2024-06-12 00:00:00,2024-06-15 00:00:00,72,10.3,76.7,24.73,54.3,0.0,9.61,1012.19
2024-06-12 00:00:00,2024-06-15 00:00:00,72,10.3,76.9,29.07,71.85,10.6,12.23,1008.34
2024-06-12 00:00:00,2024-06-15 00:00:00,72,10.3,77.1,22.88,72.06,0.0,11.4,1012.96
2024-06-12 00:00:00,2024-06-15 00:00:00,72,10.6,76.7,25.21,63.62,0.0,10.76,1011.85
2024-06-12 00:00:00,2024-06-15 00:00:00,72,10.6,76.9,27.22,62.35,0.0,19.08,1011.52
2024-06-12 00:00:00,2024-06-15 00:00:00,72,10.6,77.1,23.09,70.9,0.0,8.69,1006.62
2024-06-12 00:00:00,2024-06-15 00:00:00,72,10.9,76.7,27.06,68.83,0.0,17.3,1009.18
2024-06-12 00:00:00,2024-06-15 00:00:00,72,10.9,76.9,29.56,63.75,0.0,21.91,1009.94
2024-06-12 00:00:00,2024-06-15 00:00:00,72,10.9,77.1,27.01,61.52,2.62,17.93,1010.64
2024-06-12 00:00:00,2024-06-15 00:00:00,72,11.2,76.7,22.25,68.37,0.0,13.39,1011.34
2024-06-12 00:00:00,2024-06-15 00:00:00,72,11.2,76.9,25.64,70.57,0.0,11.42,1008.83
2024-06-12 00:00:00,2024-06-15 00:00:00,72,11.2,77.1,27.22,69.35,0.0,13.05,1011.99
2024-06-13 00:00:00,2024-06-14 00:00:00,24,10.3,76.7,24.36,52.3,7.41,17.7,1011.48
2024-06-13 00:00:00,2024-06-14 00:00:00,24,10.3,76.9,24.7,62.74,0.0,11.69,1009.63
2024-06-13 00:00:00,2024-06-14 00:00:00,24,10.3,77.1,25.57,64.27,0.0,9.75,1011.15
2024-06-13 00:00:00,2024-06-14 00:00:00,24,10.6,76.7,22.65,68.98,0.0,12.07,1013.9
2024-06-13 00:00:00,2024-06-14 00:00:00,24,10.6,76.9,24.85,59.4,0.0,15.69,1009.3
2024-06-13 00:00:00,2024-06-14 00:00:00,24,10.6,77.1,26.23,51.13,0.0,15.34,1011.06
2024-06-13 00:00:00,2024-06-14 00:00:00,24,10.9,76.7,25.73,69.24,0.0,12.21,1009.52
2024-06-13 00:00:00,2024-06-14 00:00:00,24,10.9,76.9,25.42,50.59,0.0,16.29,1010.63
2024-06-13 00:00:00,2024-06-14 00:00:00,24,10.9,77.1,24.08,56.84,5.25,15.85,1009.68
2024-06-13 00:00:00,2024-06-14 00:00:00,24,11.2,76.7,24.28,74.75,0.0,18.54,1007.72
2024-06-13 00:00:00,2024-06-14 00:00:00,24,11.2,76.9,25.73,55.69,0.0,9.81,1010.58
2024-06-13 00:00:00,2024-06-14 00:00:00,24,11.2,77.1,26.56,74.06,0.0,11.46,1010.79
2024-06-13 00:00:00,2024-06-15 00:00:00,48,10.3,76.7,26.67,64.65,0.0,13.49,1008.65
2024-06-13 00:00:00,2024-06-15 00:00:00,48,10.3,76.9,22.76,61.55,2.56,14.63,1009.37
2024-06-13 00:00:00,2024-06-15 00:00:00,48,10.3,77.1,20.34,51.78,0.0,15.04,1013.24
2024-06-13 00:00:00,2024-06-15 00:00:00,48,10.6,76.7,26.37,60.16,0.0,19.15,1012.31
2024-06-13 00:00:00,2024-06-15 00:00:00,48,10.6,76.9,24.37,75.3,0.0,15.74,1011.19
2024-06-13 00:00:00,2024-06-15 00:00:00,48,10.6,77.1,28.07,74.96,0.0,9.02,1009.76
2024-06-13 00:00:00,2024-06-15 00:00:00,48,10.9,76.7,22.55,77.63,0.0,18.81,1010.04
2024-06-13 00:00:00,2024-06-15 00:00:00,48,10.9,76.9,23.02,70.04,0.0,14.54,1008.2
2024-06-13 00:00:00,2024-06-15 00:00:00,48,10.9,77.1,24.45,62.42,0.0,23.06,1013.46
2024-06-13 00:00:00,2024-06-15 00:00:00,48,11.2,76.7,23.52,52.2,0.0,7.65,1008.55
2024-06-13 00:00:00,2024-06-15 00:00:00,48,11.2,76.9,25.55,64.46,0.0,16.41,1009.65
2024-06-13 00:00:00,2024-06-15 00:00:00,48,11.2,77.1,25.81,57.74,0.0,13.65,1012.48
2024-06-13 00:00:00,2024-06-16 00:00:00,72,10.3,76.7,25.7,52.33,2.97,17.16,1012.67
2024-06-13 00:00:00,2024-06-16 00:00:00,72,10.3,76.9,21.87,72.56,0.0,15.62,1009.35
2024-06-13 00:00:00,2024-06-16 00:00:00,72,10.3,77.1,27.71,59.77,0.48,7.55,1011.08
2024-06-13 00:00:00,2024-06-16 00:00:00,72,10.6,76.7,27.6,49.37,0.0,15.53,1011.35
2024-06-13 00:00:00,2024-06-16 00:00:00,72,10.6,76.9,22.3,62.57,0.0,19.37,1012.89
2024-06-13 00:00:00,2024-06-16 00:00:00,72,10.6,77.1,27.84,63.23,0.0,10.54,1010.31
2024-06-13 00:00:00,2024-06-16 00:00:00,72,10.9,76.7,29.15,59.79,0.0,18.89,1008.55
2024-06-13 00:00:00,2024-06-16 00:00:00,72,10.9,76.9,23.22,62.55,0.0,12.51,1011.02
2024-06-13 00:00:00,2024-06-16 00:00:00,72,10.9,77.1,21.31,54.05,0.0,17.15,1010.22
2024-06-13 00:00:00,2024-06-16 00:00:00,72,11.2,76.7,24.92,83.07,0.0,8.98,1010.19
2024-06-13 00:00:00,2024-06-16 00:00:00,72,11.2,76.9,24.01,56.67,0.0,9.01,1012.54
2024-06-13 00:00:00,2024-06-16 00:00:00,72,11.2,77.1,24.34,63.72,0.0,14.25,1007.82
2024-06-14 00:00:00,2024-06-15 00:00:00,24,10.3,76.7,24.62,58.65,2.37,16.14,1011.73
2024-06-14 00:00:00,2024-06-15 00:00:00,24,10.3,76.9,21.91,55.99,0.0,16.78,1011.19
2024-06-14 00:00:00,2024-06-15 00:00:00,24,10.3,77.1,26.59,76.76,0.0,15.22,1012.71
2024-06-14 00:00:00,2024-06-15 00:00:00,24,10.6,76.7,27.49,65.06,0.0,13.96,1011.94
2024-06-14 00:00:00,2024-06-15 00:00:00,24,10.6,76.9,25.12,58.59,0.0,18.36,1010.96
2024-06-14 00:00:00,2024-06-15 00:00:00,24,10.6,77.1,23.65,62.33,0.0,17.66,1008.65
2024-06-14 00:00:00,2024-06-15 00:00:00,24,10.9,76.7,24.35,81.31,0.0,12.37,1007.22
2024-06-14 00:00:00,2024-06-15 00:00:00,24,10.9,76.9,22.92,64.32,0.0,11.03,1007.15
2024-06-14 00:00:00,2024-06-15 00:00:00,24,10.9,77.1,23.03,64.48,4.09,8.17,1011.31
2024-06-14 00:00:00,2024-06-15 00:00:00,24,11.2,76.7,27.51,61.25,0.0,11.11,1009.46
2024-06-14 00:00:00,2024-06-15 00:00:00,24,11.2,76.9,24.17,68.96,0.0,12.89,1010.24
2024-06-14 00:00:00,2024-06-15 00:00:00,24,11.2,77.1,26.61,63.52,0.0,15.46,1011.21
2024-06-14 00:00:00,2024-06-16 00:00:00,48,10.3,76.7,25.07,57.53,0.0,13.47,1009.93
2024-06-14 00:00:00,2024-06-16 00:00:00,48,10.3,76.9,20.09,76.92,0.0,10.96,1010.82
2024-06-14 00:00:00,2024-06-16 00:00:00,48,10.3,77.1,26.0,69.9,0.0,15.48,1013.16
2024-06-14 00:00:00,2024-06-16 00:00:00,48,10.6,76.7,28.32,59.78,0.0,16.65,1010.94
2024-06-14 00:00:00,2024-06-16 00:00:00,48,10.6,76.9,24.44,70.25,0.0,12.4,1009.84
2024-06-14 00:00:00,2024-06-16 00:00:00,48,10.6,77.1,26.38,58.91,0.0,13.83,1010.1
2024-06-14 00:00:00,2024-06-16 00:00:00,48,10.9,76.7,26.64,53.38,0.0,16.01,1009.31
2024-06-14 00:00:00,2024-06-16 00:00:00,48,10.9,76.9,29.43,55.13,0.0,14.58,1008.61
2024-06-14 00:00:00,2024-06-16 00:00:00,48,10.9,77.1,24.7,66.66,0.0,11.73,1012.48
2024-06-14 00:00:00,2024-06-16 00:00:00,48,11.2,76.7,25.98,75.9,0.0,12.48,1008.35
2024-06-14 00:00:00,2024-06-16 00:00:00,48,11.2,76.9,25.15,74.28,0.0,18.65,1007.64
2024-06-14 00:00:00,2024-06-16 00:00:00,48,11.2,77.1,23.8,61.02,0.0,16.8,1011.23
2024-06-14 00:00:00,2024-06-17 00:00:00,72,10.3,76.7,26.15,54.51,0.0,21.33,1010.44
2024-06-14 00:00:00,2024-06-17 00:00:00,72,10.3,76.9,23.65,76.33,0.0,13.15,1013.05
2024-06-14 00:00:00,2024-06-17 00:00:00,72,10.3,77.1,22.39,67.8,0.0,17.66,1011.76
2024-06-14 00:00:00,2024-06-17 00:00:00,72,10.6,76.7,25.44,51.71,0.0,18.44,1008.24
2024-06-14 00:00:00,2024-06-17 00:00:00,72,10.6,76.9,25.33,72.29,0.0,11.68,1011.7
2024-06-14 00:00:00,2024-06-17 00:00:00,72,10.6,77.1,23.66,67.24,0.0,12.4,1010.23
2024-06-14 00:00:00,2024-06-17 00:00:00,72,10.9,76.7,23.48,65.55,0.0,7.31,1010.88
2024-06-14 00:00:00,2024-06-17 00:00:00,72,10.9,76.9,24.19,72.11,0.0,16.34,1008.66
2024-06-14 00:00:00,2024-06-17 00:00:00,72,10.9,77.1,25.5,51.6,0.0,8.34,1008.52
2024-06-14 00:00:00,2024-06-17 00:00:00,72,11.2,76.7,23.42,64.73,0.0,12.49,1009.13
2024-06-14 00:00:00,2024-06-17 00:00:00,72,11.2,76.9,18.93,62.34,6.9,8.59,1012.65
2024-06-14 00:00:00,2024-06-17 00:00:00,72,11.2,77.1,23.73,72.92,0.0,17.93,1012.74
2024-06-15 00:00:00,2024-06-16 00:00:00,24,10.3,76.7,23.6,61.55,0.0,15.4,1011.73
2024-06-15 00:00:00,2024-06-16 00:00:00,24,10.3,76.9,26.13,69.59,0.0,15.16,1011.18
2024-06-15 00:00:00,2024-06-16 00:00:00,24,10.3,77.1,20.94,76.91,0.0,14.52,1010.04
2024-06-15 00:00:00,2024-06-16 00:00:00,24,10.6,76.7,24.99,67.65,0.0,12.74,1010.51
2024-06-15 00:00:00,2024-06-16 00:00:00,24,10.6,76.9,25.39,82.89,0.0,11.69,1012.06
2024-06-15 00:00:00,2024-06-16 00:00:00,24,10.6,77.1,26.18,58.79,0.0,13.74,1010.22
2024-06-15 00:00:00,2024-06-16 00:00:00,24,10.9,76.7,22.75,63.01,0.0,14.88,1009.99
2024-06-15 00:00:00,2024-06-16 00:00:00,24,10.9,76.9,26.34,60.71,0.0,18.01,1010.5
2024-06-15 00:00:00,2024-06-16 00:00:00,24,10.9,77.1,25.44,59.59,0.0,14.07,1009.31
2024-06-15 00:00:00,2024-06-16 00:00:00,24,11.2,76.7,26.49,64.21,0.0,18.47,1010.61
2024-06-15 00:00:00,2024-06-16 00:00:00,24,11.2,76.9,26.17,64.12,0.0,23.37,1010.98
2024-06-15 00:00:00,2024-06-16 00:00:00,24,11.2,77.1,25.11,80.1,0.0,12.04,1010.68
2024-06-15 00:00:00,2024-06-17 00:00:00,48,10.3,76.7,22.75,66.63,0.0,11.98,1011.5
2024-06-15 00:00:00,2024-06-17 00:00:00,48,10.3,76.9,25.27,61.68,0.0,15.45,1011.67
2024-06-15 00:00:00,2024-06-17 00:00:00,48,10.3,77.1,24.96,61.55,0.0,10.97,1013.69
2024-06-15 00:00:00,2024-06-17 00:00:00,48,10.6,76.7,21.44,67.99,0.0,8.58,1011.73
2024-06-15 00:00:00,2024-06-17 00:00:00,48,10.6,76.9,24.49,52.78,0.0,14.91,1010.38
2024-06-15 00:00:00,2024-06-17 00:00:00,48,10.6,77.1,25.31,64.66,0.0,13.64,1012.45
2024-06-15 00:00:00,2024-06-17 00:00:00,48,10.9,76.7,27.59,58.59,0.0,14.29,1009.65
2024-06-15 00:00:00,2024-06-17 00:00:00,48,10.9,76.9,23.4,60.86,0.0,18.2,1010.71
2024-06-15 00:00:00,2024-06-17 00:00:00,48,10.9,77.1,22.84,69.02,0.0,10.78,1010.74
2024-06-15 00:00:00,2024-06-17 00:00:00,48,11.2,76.7,26.47,64.24,0.0,11.19,1009.32
2024-06-15 00:00:00,2024-06-17 00:00:00,48,11.2,76.9,27.28,53.97,0.0,20.44,1009.33
2024-06-15 00:00:00,2024-06-17 00:00:00,48,11.2,77.1,21.93,49.76,0.0,18.85,1012.07
2024-06-15 00:00:00,2024-06-18 00:00:00,72,10.3,76.7,23.77,68.63,0.0,13.22,1009.59
2024-06-15 00:00:00,2024-06-18 00:00:00,72,10.3,76.9,29.03,58.35,0.0,10.98,1010.83
2024-06-15 00:00:00,2024-06-18 00:00:00,72,10.3,77.1,25.23,65.23,0.0,12.61,1011.39
2024-06-15 00:00:00,2024-06-18 00:00:00,72,10.6,76.7,26.5,72.53,0.0,15.42,1010.0
2024-06-15 00:00:00,2024-06-18 00:00:00,72,10.6,76.9,26.08,66.83,0.0,15.06,1010.26
2024-06-15 00:00:00,2024-06-18 00:00:00,72,10.6,77.1,26.5,73.43,0.0,19.74,1009.75
2024-06-15 00:00:00,2024-06-18 00:00:00,72,10.9,76.7,20.79,65.82,0.0,19.19,1011.44
2024-06-15 00:00:00,2024-06-18 00:00:00,72,10.9,76.9,21.35,75.4,0.0,14.31,1010.11
2024-06-15 00:00:00,2024-06-18 00:00:00,72,10.9,77.1,19.05,42.69,0.0,7.7,1009.12
2024-06-15 00:00:00,2024-06-18 00:00:00,72,11.2,76.7,25.51,62.27,0.0,13.55,1009.98
2024-06-15 00:00:00,2024-06-18 00:00:00,72,11.2,76.9,26.16,56.04,0.0,20.28,1008.13
2024-06-15 00:00:00,2024-06-18 00:00:00,72,11.2,77.1,27.29,71.79,0.0,18.26,1009.29
2024-06-16 00:00:00,2024-06-17 00:00:00,24,10.3,76.7,25.1,75.94,0.0,14.95,1011.37
2024-06-16 00:00:00,2024-06-17 00:00:00,24,10.3,76.9,27.53,53.48,0.0,13.78,1010.53
2024-06-16 00:00:00,2024-06-17 00:00:00,24,10.3,77.1,25.68,55.59,0.0,8.96,1012.35
2024-06-16 00:00:00,2024-06-17 00:00:00,24,10.6,76.7,22.84,72.9,0.0,20.67,1010.56
2024-06-16 00:00:00,2024-06-17 00:00:00,24,10.6,76.9,25.46,54.28,0.0,15.59,1009.41
2024-06-16 00:00:00,2024-06-17 00:00:00,24,10.6,77.1,22.95,64.06,0.0,20.43,1010.0
2024-06-16 00:00:00,2024-06-17 00:00:00,24,10.9,76.7,27.88,66.01,0.0,17.72,1009.85
2024-06-16 00:00:00,2024-06-17 00:00:00,24,10.9,76.9,22.42,71.51,0.0,16.37,1011.25
2024-06-16 00:00:00,2024-06-17 00:00:00,24,10.9,77.1,23.69,73.33,0.0,9.85,1011.18
2024-06-16 00:00:00,2024-06-17 00:00:00,24,11.2,76.7,23.73,66.9,0.0,15.53,1009.79
2024-06-16 00:00:00,2024-06-17 00:00:00,24,11.2,76.9,24.29,51.58,0.0,11.49,1010.47
2024-06-16 00:00:00,2024-06-17 00:00:00,24,11.2,77.1,27.07,60.15,1.14,17.97,1008.76
2024-06-16 00:00:00,2024-06-18 00:00:00,48,10.3,76.7,24.71,78.07,0.0,12.72,1009.64
2024-06-16 00:00:00,2024-06-18 00:00:00,48,10.3,76.9,22.55,65.38,0.0,6.07,1012.06
2024-06-16 00:00:00,2024-06-18 00:00:00,48,10.3,77.1,22.54,54.99,0.0,11.98,1010.38
2024-06-16 00:00:00,2024-06-18 00:00:00,48,10.6,76.7,22.68,65.01,0.0,7.7,1009.15
2024-06-16 00:00:00,2024-06-18 00:00:00,48,10.6,76.9,21.51,63.05,0.0,17.0,1014.53
2024-06-16 00:00:00,2024-06-18 00:00:00,48,10.6,77.1,25.99,57.99,0.38,14.02,1011.29
2024-06-16 00:00:00,2024-06-18 00:00:00,48,10.9,76.7,24.98,64.96,0.0,14.14,1011.01
2024-06-16 00:00:00,2024-06-18 00:00:00,48,10.9,76.9,26.57,61.14,0.0,9.34,1011.47
2024-06-16 00:00:00,2024-06-18 00:00:00,48,10.9,77.1,25.11,76.54,0.0,10.96,1012.91
2024-06-16 00:00:00,2024-06-18 00:00:00,48,11.2,76.7,23.8,70.45,0.0,15.33,1007.73
2024-06-16 00:00:00,2024-06-18 00:00:00,48,11.2,76.9,26.96,88.19,4.02,12.15,1010.41
2024-06-16 00:00:00,2024-06-18 00:00:00,48,11.2,77.1,24.99,62.94,0.0,16.31,1012.13
2024-06-16 00:00:00,2024-06-19 00:00:00,72,10.3,76.7,28.16,66.0,0.0,14.43,1012.04
2024-06-16 00:00:00,2024-06-19 00:00:00,72,10.3,76.9,25.04,60.17,0.0,11.21,1010.54
2024-06-16 00:00:00,2024-06-19 00:00:00,72,10.3,77.1,27.36,59.43,0.0,15.53,1009.24
2024-06-16 00:00:00,2024-06-19 00:00:00,72,10.6,76.7,24.91,71.69,0.93,17.25,1008.39
2024-06-16 00:00:00,2024-06-19 00:00:00,72,10.6,76.9,27.81,50.76,0.0,12.96,1009.08
2024-06-16 00:00:00,2024-06-19 00:00:00,72,10.6,77.1,20.42,65.5,0.0,19.44,1011.13
2024-06-16 00:00:00,2024-06-19 00:00:00,72,10.9,76.7,23.53,60.91,6.64,7.72,1012.64
2024-06-16 00:00:00,2024-06-19 00:00:00,72,10.9,76.9,27.1,62.08,0.0,14.34,1011.58
2024-06-16 00:00:00,2024-06-19 00:00:00,72,10.9,77.1,27.85,63.41,0.0,11.76,1011.62
2024-06-16 00:00:00,2024-06-19 00:00:00,72,11.2,76.7,22.67,62.61,0.0,16.0,1008.69
2024-06-16 00:00:00,2024-06-19 00:00:00,72,11.2,76.9,25.2,73.98,3.66,7.66,1009.53
2024-06-16 00:00:00,2024-06-19 00:00:00,72,11.2,77.1,28.89,57.2,0.0,16.85,1008.76
2024-06-17 00:00:00,2024-06-18 00:00:00,24,10.3,76.7,25.24,62.21,0.0,12.77,1010.01
2024-06-17 00:00:00,2024-06-18 00:00:00,24,10.3,76.9,26.46,62.62,0.0,17.23,1010.56
2024-06-17 00:00:00,2024-06-18 00:00:00,24,10.3,77.1,25.51,52.63,0.0,7.31,1009.2
2024-06-17 00:00:00,2024-06-18 00:00:00,24,10.6,76.7,25.46,58.08,0.0,10.14,1009.83
2024-06-17 00:00:00,2024-06-18 00:00:00,24,10.6,76.9,21.6,79.43,0.0,12.45,1011.11
2024-06-17 00:00:00,2024-06-18 00:00:00,24,10.6,77.1,24.94,60.63,0.0,11.04,1011.9
2024-06-17 00:00:00,2024-06-18 00:00:00,24,10.9,76.7,21.53,58.42,0.0,10.74,1009.53
2024-06-17 00:00:00,2024-06-18 00:00:00,24,10.9,76.9,24.41,70.65,0.0,11.57,1009.28
2024-06-17 00:00:00,2024-06-18 00:00:00,24,10.9,77.1,25.7,62.21,0.0,13.27,1010.62
2024-06-17 00:00:00,2024-06-18 00:00:00,24,11.2,76.7,25.44,66.9,0.0,12.67,1010.15
2024-06-17 00:00:00,2024-06-18 00:00:00,24,11.2,76.9,22.91,55.43,0.0,14.31,1011.99
2024-06-17 00:00:00,2024-06-18 00:00:00,24,11.2,77.1,24.4,66.72,0.0,14.34,1008.7
2024-06-17 00:00:00,2024-06-19 00:00:00,48,10.3,76.7,22.51,55.88,0.0,12.64,1012.92
2024-06-17 00:00:00,2024-06-19 00:00:00,48,10.3,76.9,22.52,65.31,0.0,16.47,1013.09
2024-06-17 00:00:00,2024-06-19 00:00:00,48,10.3,77.1,28.71,63.58,0.0,23.44,1012.95
2024-06-17 00:00:00,2024-06-19 00:00:00,48,10.6,76.7,25.05,72.02,2.17,14.61,1011.58
2024-06-17 00:00:00,2024-06-19 00:00:00,48,10.6,76.9,22.99,87.01,0.0,10.37,1011.28
2024-06-17 00:00:00,2024-06-19 00:00:00,48,10.6,77.1,24.56,71.23,0.0,9.09,1013.71
2024-06-17 00:00:00,2024-06-19 00:00:00,48,10.9,76.7,25.74,72.34,0.0,11.97,1009.28
2024-06-17 00:00:00,2024-06-19 00:00:00,48,10.9,76.9,25.02,63.68,0.0,14.62,1009.82
2024-06-17 00:00:00,2024-06-19 00:00:00,48,10.9,77.1,23.23,62.74,1.28,13.56,1011.9
2024-06-17 00:00:00,2024-06-19 00:00:00,48,11.2,76.7,22.09,70.93,0.0,11.04,1010.9
2024-06-17 00:00:00,2024-06-19 00:00:00,48,11.2,76.9,23.12,81.25,0.0,14.38,1008.69
2024-06-17 00:00:00,2024-06-19 00:00:00,48,11.2,77.1,22.3,60.86,0.0,17.2,1010.06
2024-06-17 00:00:00,2024-06-20 00:00:00,72,10.3,76.7,23.46,72.74,0.0,16.96,1012.14
2024-06-17 00:00:00,2024-06-20 00:00:00,72,10.3,76.9,23.26,71.0,0.0,12.87,1011.29
2024-06-17 00:00:00,2024-06-20 00:00:00,72,10.3,77.1,26.03,74.55,0.0,9.2,1013.42
2024-06-17 00:00:00,2024-06-20 00:00:00,72,10.6,76.7,26.71,66.04,0.0,16.39,1012.99
2024-06-17 00:00:00,2024-06-20 00:00:00,72,10.6,76.9,23.96,63.25,0.0,11.55,1011.24
2024-06-17 00:00:00,2024-06-20 00:00:00,72,10.6,77.1,26.27,71.27,0.0,9.21,1011.36
2024-06-17 00:00:00,2024-06-20 00:00:00,72,10.9,76.7,22.56,68.86,0.0,14.11,1008.4
2024-06-17 00:00:00,2024-06-20 00:00:00,72,10.9,76.9,19.56,74.58,0.0,10.7,1010.84
2024-06-17 00:00:00,2024-06-20 00:00:00,72,10.9,77.1,23.69,66.2,0.0,8.66,1010.57
2024-06-17 00:00:00,2024-06-20 00:00:00,72,11.2,76.7,29.23,63.54,0.0,13.04,1008.71
2024-06-17 00:00:00,2024-06-20 00:00:00,72,11.2,76.9,24.01,61.61,0.0,17.87,1009.3
2024-06-17 00:00:00,2024-06-20 00:00:00,72,11.2,77.1,22.55,64.15,0.0,10.07,1007.78
2024-06-18 00:00:00,2024-06-19 00:00:00,24,10.3,76.7,25.72,58.01,2.07,11.57,1013.31
2024-06-18 00:00:00,2024-06-19 00:00:00,24,10.3,76.9,24.32,59.02,1.79,13.07,1013.38
2024-06-18 00:00:00,2024-06-19 00:00:00,24,10.3,77.1,25.67,65.21,0.0,15.16,1014.46
2024-06-18 00:00:00,2024-06-19 00:00:00,24,10.6,76.7,23.07,68.05,0.0,14.09,1011.07
2024-06-18 00:00:00,2024-06-19 00:00:00,24,10.6,76.9,27.09,70.7,0.0,14.72,1011.35
2024-06-18 00:00:00,2024-06-19 00:00:00,24,10.6,77.1,25.14,71.03,0.0,14.24,1008.49
2024-06-18 00:00:00,2024-06-19 00:00:00,24,10.9,76.7,22.68,48.49,8.02,11.74,1012.05
2024-06-18 00:00:00,2024-06-19 00:00:00,24,10.9,76.9,21.84,69.22,0.0,15.21,1010.47
2024-06-18 00:00:00,2024-06-19 00:00:00,24,10.9,77.1,23.89,51.57,0.0,15.3,1013.24
2024-06-18 00:00:00,2024-06-19 00:00:00,24,11.2,76.7,21.27,71.84,0.0,16.46,1010.34
2024-06-18 00:00:00,2024-06-19 00:00:00,24,11.2,76.9,24.54,57.43,0.0,11.51,1009.49
2024-06-18 00:00:00,2024-06-19 00:00:00,24,11.2,77.1,22.38,72.65,0.0,18.28,1009.93
2024-06-18 00:00:00,2024-06-20 00:00:00,48,10.3,76.7,26.01,60.66,0.0,12.94,1010.56
2024-06-18 00:00:00,2024-06-20 00:00:00,48,10.3,76.9,22.89,58.69,0.0,13.66,1014.05
2024-06-18 00:00:00,2024-06-20 00:00:00,48,10.3,77.1,23.41,70.3,0.0,17.74,1009.89
2024-06-18 00:00:00,2024-06-20 00:00:00,48,10.6,76.7,24.73,56.71,0.0,12.36,1010.9
2024-06-18 00:00:00,2024-06-20 00:00:00,48,10.6,76.9,26.37,63.83,0.0,17.97,1008.87
2024-06-18 00:00:00,2024-06-20 00:00:00,48,10.6,77.1,24.95,59.19,0.0,17.59,1009.22
2024-06-18 00:00:00,2024-06-20 00:00:00,48,10.9,76.7,24.63,73.31,0.0,19.31,1012.53
2024-06-18 00:00:00,2024-06-20 00:00:00,48,10.9,76.9,23.03,52.83,0.0,9.18,1010.15
2024-06-18 00:00:00,2024-06-20 00:00:00,48,10.9,77.1,25.84,68.24,0.0,16.98,1012.36
2024-06-18 00:00:00,2024-06-20 00:00:00,48,11.2,76.7,21.14,66.98,0.0,8.51,1008.87
2024-06-18 00:00:00,2024-06-20 00:00:00,48,11.2,76.9,23.51,71.22,0.0,6.4,1011.12
2024-06-18 00:00:00,2024-06-20 00:00:00,48,11.2,77.1,26.49,68.82,0.0,12.5,1007.52
2024-06-18 00:00:00,2024-06-21 00:00:00,72,10.3,76.7,25.92,66.98,0.0,15.63,1009.72
2024-06-18 00:00:00,2024-06-21 00:00:00,72,10.3,76.9,23.59,58.57,0.0,12.18,1010.44
2024-06-18 00:00:00,2024-06-21 00:00:00,72,10.3,77.1,25.42,60.99,0.0,10.81,1012.21
2024-06-18 00:00:00,2024-06-21 00:00:00,72,10.6,76.7,27.29,56.69,0.0,13.11,1012.2
2024-06-18 00:00:00,2024-06-21 00:00:00,72,10.6,76.9,24.54,68.72,0.0,10.51,1008.9
2024-06-18 00:00:00,2024-06-21 00:00:00,72,10.6,77.1,25.05,66.92,0.0,13.56,1011.45
2024-06-18 00:00:00,2024-06-21 00:00:00,72,10.9,76.7,26.72,58.46,0.0,12.65,1012.99
2024-06-18 00:00:00,2024-06-21 00:00:00,72,10.9,76.9,23.15,83.11,0.0,10.18,1010.66
2024-06-18 00:00:00,2024-06-21 00:00:00,72,10.9,77.1,21.52,71.24,0.0,7.1,1011.17
2024-06-18 00:00:00,2024-06-21 00:00:00,72,11.2,76.7,24.74,66.92,0.0,17.04,1009.1
2024-06-18 00:00:00,2024-06-21 00:00:00,72,11.2,76.9,26.44,64.36,0.0,12.16,1008.09
2024-06-18 00:00:00,2024-06-21 00:00:00,72,11.2,77.1,22.82,76.52,0.0,14.66,1007.84
2024-06-19 00:00:00,2024-06-20 00:00:00,24,10.3,76.7,23.34,63.11,0.0,9.69,1012.85
2024-06-19 00:00:00,2024-06-20 00:00:00,24,10.3,76.9,26.26,70.76,0.0,11.09,1011.82
2024-06-19 00:00:00,2024-06-20 00:00:00,24,10.3,77.1,22.8,63.93,0.0,16.41,1009.75
2024-06-19 00:00:00,2024-06-20 00:00:00,24,10.6,76.7,22.65,53.23,0.0,16.25,1010.6
2024-06-19 00:00:00,2024-06-20 00:00:00,24,10.6,76.9,26.31,64.61,0.0,7.04,1010.09
2024-06-19 00:00:00,2024-06-20 00:00:00,24,10.6,77.1,28.68,70.73,0.0,9.97,1009.49
2024-06-19 00:00:00,2024-06-20 00:00:00,24,10.9,76.7,22.79,50.03,0.0,11.81,1010.45
2024-06-19 00:00:00,2024-06-20 00:00:00,24,10.9,76.9,24.54,62.09,0.0,12.55,1008.67
2024-06-19 00:00:00,2024-06-20 00:00:00,24,10.9,77.1,25.65,71.59,0.0,11.45,1008.58
2024-06-19 00:00:00,2024-06-20 00:00:00,24,11.2,76.7,26.23,74.02,0.0,12.18,1010.64
2024-06-19 00:00:00,2024-06-20 00:00:00,24,11.2,76.9,22.29,68.96,0.0,14.26,1010.56
2024-06-19 00:00:00,2024-06-20 00:00:00,24,11.2,77.1,24.06,78.93,0.0,12.12,1008.23
2024-06-19 00:00:00,2024-06-21 00:00:00,48,10.3,76.7,23.2,61.96,0.0,12.59,1011.87
2024-06-19 00:00:00,2024-06-21 00:00:00,48,10.3,76.9,23.32,60.24,0.0,11.18,1013.93
2024-06-19 00:00:00,2024-06-21 00:00:00,48,10.3,77.1,23.96,62.64,11.61,18.95,1011.23
2024-06-19 00:00:00,2024-06-21 00:00:00,48,10.6,76.7,24.72,49.98,0.0,9.13,1009.56
2024-06-19 00:00:00,2024-06-21 00:00:00,48,10.6,76.9,21.29,63.1,0.0,12.11,1013.09
2024-06-19 00:00:00,2024-06-21 00:00:00,48,10.6,77.1,26.64,67.09,0.2,15.66,1009.1
2024-06-19 00:00:00,2024-06-21 00:00:00,48,10.9,76.7,23.83,69.95,0.0,15.76,1011.71
2024-06-19 00:00:00,2024-06-21 00:00:00,48,10.9,76.9,23.38,47.54,0.0,17.5,1010.22
2024-06-19 00:00:00,2024-06-21 00:00:00,48,10.9,77.1,26.89,60.99,0.0,12.04,1012.7
2024-06-19 00:00:00,2024-06-21 00:00:00,48,11.2,76.7,20.76,75.07,0.0,13.44,1008.9
2024-06-19 00:00:00,2024-06-21 00:00:00,48,11.2,76.9,22.53,66.85,0.0,16.04,1010.33
2024-06-19 00:00:00,2024-06-21 00:00:00,48,11.2,77.1,24.37,56.54,5.58,17.37,1008.28
2024-06-19 00:00:00,2024-06-22 00:00:00,72,10.3,76.7,23.92,83.9,0.0,27.1,1010.95
2024-06-19 00:00:00,2024-06-22 00:00:00,72,10.3,76.9,21.47,56.92,0.0,19.63,1013.75
2024-06-19 00:00:00,2024-06-22 00:00:00,72,10.3,77.1,30.5,66.04,10.13,20.98,1011.32
2024-06-19 00:00:00,2024-06-22 00:00:00,72,10.6,76.7,22.64,65.2,0.0,16.28,1011.19
2024-06-19 00:00:00,2024-06-22 00:00:00,72,10.6,76.9,25.95,55.24,0.0,9.84,1012.03
2024-06-19 00:00:00,2024-06-22 00:00:00,72,10.6,77.1,24.94,62.14,0.0,16.67,1010.39
2024-06-19 00:00:00,2024-06-22 00:00:00,72,10.9,76.7,23.84,50.34,0.0,16.24,1010.31
2024-06-19 00:00:00,2024-06-22 00:00:00,72,10.9,76.9,26.71,57.68,0.0,17.53,1009.26
2024-06-19 00:00:00,2024-06-22 00:00:00,72,10.9,77.1,26.19,61.7,0.0,14.07,1007.99
2024-06-19 00:00:00,2024-06-22 00:00:00,72,11.2,76.7,23.02,65.16,0.0,9.96,1008.19
2024-06-19 00:00:00,2024-06-22 00:00:00,72,11.2,76.9,26.55,75.77,0.0,15.38,1006.3
2024-06-19 00:00:00,2024-06-22 00:00:00,72,11.2,77.1,21.6,63.2,0.0,9.59,1010.34
2024-06-20 00:00:00,2024-06-21 00:00:00,24,10.3,76.7,24.28,65.51,0.0,21.95,1010.72
2024-06-20 00:00:00,2024-06-21 00:00:00,24,10.3,76.9,25.5,73.01,0.0,12.6,1011.95
2024-06-20 00:00:00,2024-06-21 00:00:00,24,10.3,77.1,23.09,65.06,0.0,12.14,1008.84
2024-06-20 00:00:00,2024-06-21 00:00:00,24,10.6,76.7,24.87,59.31,0.0,9.42,1013.73
2024-06-20 00:00:00,2024-06-21 00:00:00,24,10.6,76.9,26.71,47.9,0.0,14.63,1013.15
2024-06-20 00:00:00,2024-06-21 00:00:00,24,10.6,77.1,25.83,60.85,0.0,13.38,1011.2
2024-06-20 00:00:00,2024-06-21 00:00:00,24,10.9,76.7,24.21,68.62,0.0,16.19,1009.17
2024-06-20 00:00:00,2024-06-21 00:00:00,24,10.9,76.9,23.74,63.59,0.0,20.0,1011.01
2024-06-20 00:00:00,2024-06-21 00:00:00,24,10.9,77.1,25.25,75.06,0.57,15.26,1011.94
2024-06-20 00:00:00,2024-06-21 00:00:00,24,11.2,76.7,26.43,73.48,0.0,11.18,1010.01
2024-06-20 00:00:00,2024-06-21 00:00:00,24,11.2,76.9,26.15,66.81,0.0,8.18,1010.69
2024-06-20 00:00:00,2024-06-21 00:00:00,24,11.2,77.1,26.81,61.88,0.0,8.79,1011.74
2024-06-20 00:00:00,2024-06-22 00:00:00,48,10.3,76.7,28.17,73.68,0.0,16.25,1011.61
2024-06-20 00:00:00,2024-06-22 00:00:00,48,10.3,76.9,28.17,58.68,0.0,7.94,1010.8
2024-06-20 00:00:00,2024-06-22 00:00:00,48,10.3,77.1,23.67,64.46,0.0,10.76,1012.34
2024-06-20 00:00:00,2024-06-22 00:00:00,48,10.6,76.7,24.61,88.54,0.0,11.65,1011.94
2024-06-20 00:00:00,2024-06-22 00:00:00,48,10.6,76.9,26.61,60.1,0.0,15.19,1009.54
2024-06-20 00:00:00,2024-06-22 00:00:00,48,10.6,77.1,26.14,67.84,5.82,7.93,1012.81
2024-06-20 00:00:00,2024-06-22 00:00:00,48,10.9,76.7,23.0,73.94,0.0,13.03,1012.2
2024-06-20 00:00:00,2024-06-22 00:00:00,48,10.9,76.9,23.79,71.79,0.0,8.79,1009.55
2024-06-20 00:00:00,2024-06-22 00:00:00,48,10.9,77.1,26.89,61.71,0.0,19.22,1011.26
2024-06-20 00:00:00,2024-06-22 00:00:00,48,11.2,76.7,24.55,62.55,0.0,14.59,1011.07
2024-06-20 00:00:00,2024-06-22 00:00:00,48,11.2,76.9,21.83,73.32,0.0,17.02,1007.57
2024-06-20 00:00:00,2024-06-22 00:00:00,48,11.2,77.1,24.54,64.62,0.0,16.89,1011.25
2024-06-20 00:00:00,2024-06-23 00:00:00,72,10.3,76.7,26.27,62.46,0.0,10.57,1010.96
2024-06-20 00:00:00,2024-06-23 00:00:00,72,10.3,76.9,20.72,71.82,0.0,10.46,1011.79
2024-06-20 00:00:00,2024-06-23 00:00:00,72,10.3,77.1,20.48,58.14,20.47,11.03,1011.25
2024-06-20 00:00:00,2024-06-23 00:00:00,72,10.6,76.7,22.49,63.46,0.0,21.23,1012.06
2024-06-20 00:00:00,2024-06-23 00:00:00,72,10.6,76.9,23.05,71.36,0.0,17.66,1013.15
2024-06-20 00:00:00,2024-06-23 00:00:00,72,10.6,77.1,21.29,53.2,0.0,11.7,1009.5
2024-06-20 00:00:00,2024-06-23 00:00:00,72,10.9,76.7,23.23,69.96,0.0,18.67,1011.04
2024-06-20 00:00:00,2024-06-23 00:00:00,72,10.9,76.9,24.59,57.09,0.0,9.5,1009.86
2024-06-20 00:00:00,2024-06-23 00:00:00,72,10.9,77.1,26.46,75.0,3.25,22.69,1009.59
2024-06-20 00:00:00,2024-06-23 00:00:00,72,11.2,76.7,19.57,67.2,0.0,15.47,1012.65
2024-06-20 00:00:00,2024-06-23 00:00:00,72,11.2,76.9,25.08,65.29,0.0,7.28,1005.05
2024-06-20 00:00:00,2024-06-23 00:00:00,72,11.2,77.1,20.82,63.79,0.0,13.17,1008.16
2024-06-21 00:00:00,2024-06-22 00:00:00,24,10.3,76.7,23.8,65.65,0.0,8.7,1012.89
2024-06-21 00:00:00,2024-06-22 00:00:00,24,10.3,76.9,23.71,62.85,3.7,12.51,1012.97
2024-06-21 00:00:00,2024-06-22 00:00:00,24,10.3,77.1,24.16,65.73,0.0,15.53,1009.97
2024-06-21 00:00:00,2024-06-22 00:00:00,24,10.6,76.7,24.44,62.06,0.0,15.87,1013.24
2024-06-21 00:00:00,2024-06-22 00:00:00,24,10.6,76.9,25.42,57.48,0.0,16.61,1009.67
2024-06-21 00:00:00,2024-06-22 00:00:00,24,10.6,77.1,25.01,72.82,0.0,11.94,1009.71
2024-06-21 00:00:00,2024-06-22 00:00:00,24,10.9,76.7,21.88,77.43,0.0,18.96,1009.94
2024-06-21 00:00:00,2024-06-22 00:00:00,24,10.9,76.9,25.34,71.14,0.0,1.47,1009.17
2024-06-21 00:00:00,2024-06-22 00:00:00,24,10.9,77.1,22.26,60.49,0.0,16.35,1009.48
2024-06-21 00:00:00,2024-06-22 00:00:00,24,11.2,76.7,22.67,55.54,0.0,12.88,1010.69
2024-06-21 00:00:00,2024-06-22 00:00:00,24,11.2,76.9,24.26,63.0,0.0,9.28,1008.47
2024-06-21 00:00:00,2024-06-22 00:00:00,24,11.2,77.1,24.69,73.02,0.0,12.81,1012.74
2024-06-21 00:00:00,2024-06-23 00:00:00,48,10.3,76.7,25.21,79.56,0.0,16.03,1012.73
2024-06-21 00:00:00,2024-06-23 00:00:00,48,10.3,76.9,26.37,71.47,0.0,10.79,1009.83
2024-06-21 00:00:00,2024-06-23 00:00:00,48,10.3,77.1,29.24,58.56,0.0,7.71,1009.68
2024-06-21 00:00:00,2024-06-23 00:00:00,48,10.6,76.7,25.27,80.89,0.0,18.1,1011.86
2024-06-21 00:00:00,2024-06-23 00:00:00,48,10.6,76.9,22.43,65.63,0.0,14.07,1011.53
2024-06-21 00:00:00,2024-06-23 00:00:00,48,10.6,77.1,23.88,76.51,0.0,16.74,1011.1
2024-06-21 00:00:00,2024-06-23 00:00:00,48,10.9,76.7,24.27,55.97,17.72,9.09,1009.75
2024-06-21 00:00:00,2024-06-23 00:00:00,48,10.9,76.9,24.43,54.78,0.0,19.31,1008.2
2024-06-21 00:00:00,2024-06-23 00:00:00,48,10.9,77.1,25.74,66.07,0.0,13.26,1009.87
2024-06-21 00:00:00,2024-06-23 00:00:00,48,11.2,76.7,21.35,61.35,0.0,10.45,1009.81
2024-06-21 00:00:00,2024-06-23 00:00:00,48,11.2,76.9,23.81,62.63,0.0,18.55,1010.34
2024-06-21 00:00:00,2024-06-23 00:00:00,48,11.2,77.1,27.19,68.91,0.0,12.82,1009.41
2024-06-21 00:00:00,2024-06-24 00:00:00,72,10.3,76.7,25.16,61.26,0.0,7.46,1011.49
2024-06-21 00:00:00,2024-06-24 00:00:00,72,10.3,76.9,24.59,72.67,0.0,14.45,1012.31
2024-06-21 00:00:00,2024-06-24 00:00:00,72,10.3,77.1,20.66,70.8,0.0,5.79,1010.58
2024-06-21 00:00:00,2024-06-24 00:00:00,72,10.6,76.7,26.01,83.52,0.0,21.49,1012.86
2024-06-21 00:00:00,2024-06-24 00:00:00,72,10.6,76.9,24.83,70.41,0.0,16.23,1009.08
2024-06-21 00:00:00,2024-06-24 00:00:00,72,10.6,77.1,28.18,64.6,0.0,10.63,1011.5
2024-06-21 00:00:00,2024-06-24 00:00:00,72,10.9,76.7,27.12,69.64,0.0,7.62,1010.44
2024-06-21 00:00:00,2024-06-24 00:00:00,72,10.9,76.9,26.41,68.1,0.0,11.25,1010.49
2024-06-21 00:00:00,2024-06-24 00:00:00,72,10.9,77.1,25.34,70.96,0.0,19.27,1008.25
2024-06-21 00:00:00,2024-06-24 00:00:00,72,11.2,76.7,27.49,70.28,0.0,7.78,1008.34
2024-06-21 00:00:00,2024-06-24 00:00:00,72,11.2,76.9,29.18,66.74,0.0,18.22,1010.31
2024-06-21 00:00:00,2024-06-24 00:00:00,72,11.2,77.1,25.96,62.64,0.0,8.7,1008.77
2024-06-22 00:00:00,2024-06-23 00:00:00,24,10.3,76.7,25.47,68.24,0.0,20.19,1010.47
2024-06-22 00:00:00,2024-06-23 00:00:00,24,10.3,76.9,23.73,69.07,0.0,16.82,1014.76
2024-06-22 00:00:00,2024-06-23 00:00:00,24,10.3,77.1,24.46,61.27,0.0,9.03,1010.48
2024-06-22 00:00:00,2024-06-23 00:00:00,24,10.6,76.7,25.81,59.33,0.0,21.69,1012.21
2024-06-22 00:00:00,2024-06-23 00:00:00,24,10.6,76.9,25.31,69.07,7.96,16.91,1010.22
2024-06-22 00:00:00,2024-06-23 00:00:00,24,10.6,77.1,24.03,52.0,0.0,17.37,1011.36
2024-06-22 00:00:00,2024-06-23 00:00:00,24,10.9,76.7,24.43,66.24,0.0,15.21,1010.97
2024-06-22 00:00:00,2024-06-23 00:00:00,24,10.9,76.9,24.58,62.52,0.0,9.5,1009.27
2024-06-22 00:00:00,2024-06-23 00:00:00,24,10.9,77.1,22.89,45.18,0.0,14.07,1010.64
2024-06-22 00:00:00,2024-06-23 00:00:00,24,11.2,76.7,22.84,62.59,0.0,13.71,1009.83
2024-06-22 00:00:00,2024-06-23 00:00:00,24,11.2,76.9,24.13,61.65,0.0,13.93,1007.01
2024-06-22 00:00:00,2024-06-23 00:00:00,24,11.2,77.1,23.28,67.25,0.0,18.52,1011.75
2024-06-22 00:00:00,2024-06-24 00:00:00,48,10.3,76.7,24.13,66.69,0.0,10.82,1009.79
2024-06-22 00:00:00,2024-06-24 00:00:00,48,10.3,76.9,24.37,68.49,0.0,12.88,1010.45
2024-06-22 00:00:00,2024-06-24 00:00:00,48,10.3,77.1,24.49,61.82,0.0,16.0,1012.22
2024-06-22 00:00:00,2024-06-24 00:00:00,48,10.6,76.7,26.68,66.79,0.0,15.01,1012.99
2024-06-22 00:00:00,2024-06-24 00:00:00,48,10.6,76.9,25.82,62.7,0.0,9.48,1010.6
2024-06-22 00:00:00,2024-06-24 00:00:00,48,10.6,77.1,24.28,64.24,0.0,11.95,1011.18
2024-06-22 00:00:00,2024-06-24 00:00:00,48,10.9,76.7,24.48,71.57,0.0,20.42,1011.2
2024-06-22 00:00:00,2024-06-24 00:00:00,48,10.9,76.9,22.97,68.27,0.0,15.29,1011.06
2024-06-22 00:00:00,2024-06-24 00:00:00,48,10.9,77.1,21.2,76.22,0.0,9.4,1011.04
2024-06-22 00:00:00,2024-06-24 00:00:00,48,11.2,76.7,24.6,63.41,0.0,15.14,1009.56
2024-06-22 00:00:00,2024-06-24 00:00:00,48,11.2,76.9,23.37,72.93,0.0,14.65,1006.05
2024-06-22 00:00:00,2024-06-24 00:00:00,48,11.2,77.1,24.51,60.63,0.0,17.07,1010.34
2024-06-22 00:00:00,2024-06-25 00:00:00,72,10.3,76.7,24.8,78.75,0.0,14.66,1010.3
2024-06-22 00:00:00,2024-06-25 00:00:00,72,10.3,76.9,25.73,66.67,3.61,12.97,1013.39
2024-06-22 00:00:00,2024-06-25 00:00:00,72,10.3,77.1,28.86,53.46,0.0,11.36,1012.1
2024-06-22 00:00:00,2024-06-25 00:00:00,72,10.6,76.7,27.23,67.42,0.0,16.88,1008.89
2024-06-22 00:00:00,2024-06-25 00:00:00,72,10.6,76.9,27.91,63.83,0.0,9.34,1010.72
2024-06-22 00:00:00,2024-06-25 00:00:00,72,10.6,77.1,29.47,42.91,8.54,12.4,1011.12
2024-06-22 00:00:00,2024-06-25 00:00:00,72,10.9,76.7,23.15,66.18,0.0,14.67,1009.87
2024-06-22 00:00:00,2024-06-25 00:00:00,72,10.9,76.9,25.9,62.28,11.6,10.02,1011.55
2024-06-22 00:00:00,2024-06-25 00:00:00,72,10.9,77.1,22.55,59.04,0.0,15.42,1010.9
2024-06-22 00:00:00,2024-06-25 00:00:00,72,11.2,76.7,23.82,58.05,0.0,14.48,1009.04
2024-06-22 00:00:00,2024-06-25 00:00:00,72,11.2,76.9,24.98,74.34,0.0,19.09,1009.44
2024-06-22 00:00:00,2024-06-25 00:00:00,72,11.2,77.1,22.2,70.65,0.0,15.58,1010.92
2024-06-23 00:00:00,2024-06-24 00:00:00,24,10.3,76.7,27.48,53.75,0.0,16.47,1011.4
2024-06-23 00:00:00,2024-06-24 00:00:00,24,10.3,76.9,24.08,52.66,0.0,13.96,1014.19
2024-06-23 00:00:00,2024-06-24 00:00:00,24,10.3,77.1,25.85,80.69,0.0,14.45,1015.76
2024-06-23 00:00:00,2024-06-24 00:00:00,24,10.6,76.7,25.34,78.9,0.0,15.29,1013.43
2024-06-23 00:00:00,2024-06-24 00:00:00,24,10.6,76.9,23.86,66.59,0.0,14.2,1010.96
2024-06-23 00:00:00,2024-06-24 00:00:00,24,10.6,77.1,24.02,61.39,0.0,11.95,1010.73
2024-06-23 00:00:00,2024-06-24 00:00:00,24,10.9,76.7,25.49,61.83,0.0,13.46,1010.58
2024-06-23 00:00:00,2024-06-24 00:00:00,24,10.9,76.9,24.94,61.88,0.0,10.53,1007.37
2024-06-23 00:00:00,2024-06-24 00:00:00,24,10.9,77.1,26.38,65.18,0.0,16.96,1009.1
2024-06-23 00:00:00,2024-06-24 00:00:00,24,11.2,76.7,25.59,63.18,0.0,18.53,1008.55
2024-06-23 00:00:00,2024-06-24 00:00:00,24,11.2,76.9,23.72,56.82,0.0,19.91,1009.85
2024-06-23 00:00:00,2024-06-24 00:00:00,24,11.2,77.1,26.4,66.55,0.0,11.72,1008.74
2024-06-23 00:00:00,2024-06-25 00:00:00,48,10.3,76.7,23.6,49.08,0.0,14.18,1010.62
2024-06-23 00:00:00,2024-06-25 00:00:00,48,10.3,76.9,23.29,66.95,0.0,8.94,1010.94
2024-06-23 00:00:00,2024-06-25 00:00:00,48,10.3,77.1,25.19,78.76,8.95,9.35,1010.4
2024-06-23 00:00:00,2024-06-25 00:00:00,48,10.6,76.7,21.69,53.24,0.0,13.71,1012.26
2024-06-23 00:00:00,2024-06-25 00:00:00,48,10.6,76.9,21.95,74.97,0.0,14.07,1011.46
2024-06-23 00:00:00,2024-06-25 00:00:00,48,10.6,77.1,25.63,58.43,0.0,16.77,1011.4
2024-06-23 00:00:00,2024-06-25 00:00:00,48,10.9,76.7,24.77,64.5,0.0,18.79,1008.99
2024-06-23 00:00:00,2024-06-25 00:00:00,48,10.9,76.9,25.47,63.98,0.0,17.12,1009.4
2024-06-23 00:00:00,2024-06-25 00:00:00,48,10.9,77.1,26.33,53.43,0.0,12.27,1011.14
2024-06-23 00:00:00,2024-06-25 00:00:00,48,11.2,76.7,24.53,73.62,0.04,9.47,1008.41
2024-06-23 00:00:00,2024-06-25 00:00:00,48,11.2,76.9,26.99,56.96,0.0,14.51,1009.66
2024-06-23 00:00:00,2024-06-25 00:00:00,48,11.2,77.1,25.11,55.71,0.0,17.18,1011.42
2024-06-23 00:00:00,2024-06-26 00:00:00,72,10.3,76.7,26.39,70.56,0.0,14.71,1010.98
2024-06-23 00:00:00,2024-06-26 00:00:00,72,10.3,76.9,26.86,69.84,0.0,18.78,1011.44
2024-06-23 00:00:00,2024-06-26 00:00:00,72,10.3,77.1,28.11,65.33,0.0,10.34,1009.22
2024-06-23 00:00:00,2024-06-26 00:00:00,72,10.6,76.7,24.9,70.98,0.0,18.73,1012.34
2024-06-23 00:00:00,2024-06-26 00:00:00,72,10.6,76.9,24.83,75.49,0.0,20.37,1011.72
2024-06-23 00:00:00,2024-06-26 00:00:00,72,10.6,77.1,20.95,57.97,0.0,12.77,1010.19
2024-06-23 00:00:00,2024-06-26 00:00:00,72,10.9,76.7,24.7,54.3,0.0,17.46,1009.37
2024-06-23 00:00:00,2024-06-26 00:00:00,72,10.9,76.9,25.63,63.85,0.0,17.58,1011.55
2024-06-23 00:00:00,2024-06-26 00:00:00,72,10.9,77.1,20.94,66.64,6.44,16.76,1010.11
2024-06-23 00:00:00,2024-06-26 00:00:00,72,11.2,76.7,24.91,64.24,0.0,11.99,1005.73
2024-06-23 00:00:00,2024-06-26 00:00:00,72,11.2,76.9,23.73,78.42,0.0,17.21,1006.9
2024-06-23 00:00:00,2024-06-26 00:00:00,72,11.2,77.1,26.36,65.33,0.0,13.89,1008.69
2024-06-24 00:00:00,2024-06-25 00:00:00,24,10.3,76.7,25.32,76.61,0.0,18.59,1012.34
2024-06-24 00:00:00,2024-06-25 00:00:00,24,10.3,76.9,25.15,67.31,0.0,12.42,1009.05
2024-06-24 00:00:00,2024-06-25 00:00:00,24,10.3,77.1,23.34,70.55,0.0,12.5,1009.89
2024-06-24 00:00:00,2024-06-25 00:00:00,24,10.6,76.7,25.97,57.51,0.0,17.5,1010.26
2024-06-24 00:00:00,2024-06-25 00:00:00,24,10.6,76.9,26.09,66.6,0.0,18.5,1009.5
2024-06-24 00:00:00,2024-06-25 00:00:00,24,10.6,77.1,24.01,63.77,0.0,11.08,1013.95
2024-06-24 00:00:00,2024-06-25 00:00:00,24,10.9,76.7,23.39,64.59,0.0,15.76,1009.02
2024-06-24 00:00:00,2024-06-25 00:00:00,24,10.9,76.9,23.38,51.0,0.0,13.9,1008.78
2024-06-24 00:00:00,2024-06-25 00:00:00,24,10.9,77.1,23.03,68.72,0.0,16.66,1010.14
2024-06-24 00:00:00,2024-06-25 00:00:00,24,11.2,76.7,25.66,65.42,0.0,14.99,1011.1
2024-06-24 00:00:00,2024-06-25 00:00:00,24,11.2,76.9,24.89,64.98,0.0,15.64,1010.45
2024-06-24 00:00:00,2024-06-25 00:00:00,24,11.2,77.1,26.91,73.29,14.99,12.0,1006.45
2024-06-24 00:00:00,2024-06-26 00:00:00,48,10.3,76.7,21.97,78.94,3.79,18.83,1011.57
2024-06-24 00:00:00,2024-06-26 00:00:00,48,10.3,76.9,24.55,78.97,0.0,13.64,1012.08
2024-06-24 00:00:00,2024-06-26 00:00:00,48,10.3,77.1,24.09,71.17,0.0,12.56,1010.34
2024-06-24 00:00:00,2024-06-26 00:00:00,48,10.6,76.7,24.73,65.09,0.0,7.33,1008.72
2024-06-24 00:00:00,2024-06-26 00:00:00,48,10.6,76.9,24.18,69.51,0.0,13.89,1011.78
2024-06-24 00:00:00,2024-06-26 00:00:00,48,10.6,77.1,25.2,68.97,0.0,15.3,1010.19
2024-06-24 00:00:00,2024-06-26 00:00:00,48,10.9,76.7,24.29,66.8,0.0,18.04,1012.68
2024-06-24 00:00:00,2024-06-26 00:00:00,48,10.9,76.9,27.22,67.75,0.0,12.63,1010.62
2024-06-24 00:00:00,2024-06-26 00:00:00,48,10.9,77.1,28.12,59.53,0.0,10.37,1010.33
2024-06-24 00:00:00,2024-06-26 00:00:00,48,11.2,76.7,23.43,60.28,0.0,16.59,1008.44
2024-06-24 00:00:00,2024-06-26 00:00:00,48,11.2,76.9,25.42,47.73,0.0,12.58,1011.22
2024-06-24 00:00:00,2024-06-26 00:00:00,48,11.2,77.1,27.91,63.57,0.0,10.98,1007.92
2024-06-24 00:00:00,2024-06-27 00:00:00,72,10.3,76.7,27.66,65.99,0.0,20.64,1009.13
2024-06-24 00:00:00,2024-06-27 00:00:00,72,10.3,76.9,27.17,74.89,0.0,17.08,1009.64
2024-06-24 00:00:00,2024-06-27 00:00:00,72,10.3,77.1,26.06,64.49,0.0,14.98,1013.15
2024-06-24 00:00:00,2024-06-27 00:00:00,72,10.6,76.7,26.4,74.41,0.0,11.2,1012.35
2024-06-24 00:00:00,2024-06-27 00:00:00,72,10.6,76.9,20.44,53.24,0.0,14.78,1011.62
2024-06-24 00:00:00,2024-06-27 00:00:00,72,10.6,77.1,27.05,55.75,0.0,24.28,1010.09
2024-06-24 00:00:00,2024-06-27 00:00:00,72,10.9,76.7,30.85,56.21,0.0,19.09,1006.91
2024-06-24 00:00:00,2024-06-27 00:00:00,72,10.9,76.9,25.87,56.47,0.0,13.63,1010.73
2024-06-24 00:00:00,2024-06-27 00:00:00,72,10.9,77.1,28.31,68.13,0.0,13.27,1010.9
2024-06-24 00:00:00,2024-06-27 00:00:00,72,11.2,76.7,25.31,69.85,0.0,9.78,1008.59
2024-06-24 00:00:00,2024-06-27 00:00:00,72,11.2,76.9,21.48,77.62,0.0,17.86,1009.77
2024-06-24 00:00:00,2024-06-27 00:00:00,72,11.2,77.1,23.43,53.85,0.0,15.03,1010.47
2024-06-25 00:00:00,2024-06-26 00:00:00,24,10.3,76.7,25.78,60.18,0.0,13.23,1013.76
2024-06-25 00:00:00,2024-06-26 00:00:00,24,10.3,76.9,26.84,66.47,0.0,18.38,1012.25
2024-06-25 00:00:00,2024-06-26 00:00:00,24,10.3,77.1,23.89,60.13,0.0,16.29,1011.93
2024-06-25 00:00:00,2024-06-26 00:00:00,24,10.6,76.7,24.55,54.27,0.0,15.94,1009.73
2024-06-25 00:00:00,2024-06-26 00:00:00,24,10.6,76.9,21.75,51.73,0.0,12.76,1012.02
2024-06-25 00:00:00,2024-06-26 00:00:00,24,10.6,77.1,25.72,64.42,0.0,14.09,1009.52
2024-06-25 00:00:00,2024-06-26 00:00:00,24,10.9,76.7,25.1,68.09,0.86,15.51,1009.61
2024-06-25 00:00:00,2024-06-26 00:00:00,24,10.9,76.9,23.68,79.05,0.0,18.07,1010.44
2024-06-25 00:00:00,2024-06-26 00:00:00,24,10.9,77.1,26.21,58.43,0.0,4.94,1010.99
2024-06-25 00:00:00,2024-06-26 00:00:00,24,11.2,76.7,23.47,64.05,0.0,16.28,1009.39
2024-06-25 00:00:00,2024-06-26 00:00:00,24,11.2,76.9,23.93,51.11,0.0,10.04,1010.9
2024-06-25 00:00:00,2024-06-26 00:00:00,24,11.2,77.1,23.28,59.8,0.0,12.02,1010.98
2024-06-25 00:00:00,2024-06-27 00:00:00,48,10.3,76.7,26.74,59.74,0.0,18.81,1011.81
2024-06-25 00:00:00,2024-06-27 00:00:00,48,10.3,76.9,23.41,65.09,0.0,13.13,1009.31
2024-06-25 00:00:00,2024-06-27 00:00:00,48,10.3,77.1,22.09,50.25,0.0,11.34,1011.37
2024-06-25 00:00:00,2024-06-27 00:00:00,48,10.6,76.7,24.53,80.74,0.0,17.05,1009.87
2024-06-25 00:00:00,2024-06-27 00:00:00,48,10.6,76.9,26.46,54.87,0.0,10.56,1010.82
2024-06-25 00:00:00,2024-06-27 00:00:00,48,10.6,77.1,24.68,54.86,0.0,8.34,1009.16
2024-06-25 00:00:00,2024-06-27 00:00:00,48,10.9,76.7,25.33,70.71,0.0,13.9,1007.71
2024-06-25 00:00:00,2024-06-27 00:00:00,48,10.9,76.9,23.52,50.75,0.0,10.01,1009.01
2024-06-25 00:00:00,2024-06-27 00:00:00,48,10.9,77.1,24.4,62.54,0.0,11.44,1010.94
2024-06-25 00:00:00,2024-06-27 00:00:00,48,11.2,76.7,24.86,60.02,0.0,14.94,1012.65
2024-06-25 00:00:00,2024-06-27 00:00:00,48,11.2,76.9,29.69,65.94,0.0,18.22,1008.36
2024-06-25 00:00:00,2024-06-27 00:00:00,48,11.2,77.1,24.42,55.21,0.0,8.27,1006.54
2024-06-25 00:00:00,2024-06-28 00:00:00,72,10.3,76.7,22.21,67.33,0.0,6.97,1011.76
2024-06-25 00:00:00,2024-06-28 00:00:00,72,10.3,76.9,23.18,69.04,0.0,18.99,1013.94
2024-06-25 00:00:00,2024-06-28 00:00:00,72,10.3,77.1,23.08,51.69,0.0,14.16,1010.08
2024-06-25 00:00:00,2024-06-28 00:00:00,72,10.6,76.7,26.28,68.18,0.0,15.56,1011.77
2024-06-25 00:00:00,2024-06-28 00:00:00,72,10.6,76.9,26.17,71.54,0.0,13.91,1010.88
2024-06-25 00:00:00,2024-06-28 00:00:00,72,10.6,77.1,24.62,67.95,0.0,14.08,1013.45
2024-06-25 00:00:00,2024-06-28 00:00:00,72,10.9,76.7,22.44,67.68,0.0,17.64,1006.15
2024-06-25 00:00:00,2024-06-28 00:00:00,72,10.9,76.9,24.01,61.18,0.0,14.05,1011.31
2024-06-25 00:00:00,2024-06-28 00:00:00,72,10.9,77.1,25.44,75.63,0.0,10.94,1010.8
2024-06-25 00:00:00,2024-06-28 00:00:00,72,11.2,76.7,27.21,70.91,0.0,17.44,1006.47
2024-06-25 00:00:00,2024-06-28 00:00:00,72,11.2,76.9,25.06,67.31,2.62,11.43,1008.15
2024-06-25 00:00:00,2024-06-28 00:00:00,72,11.2,77.1,23.7,71.23,0.0,11.76,1010.37
2024-06-26 00:00:00,2024-06-27 00:00:00,24,10.3,76.7,22.15,69.97,0.0,14.32,1012.03
2024-06-26 00:00:00,2024-06-27 00:00:00,24,10.3,76.9,24.71,65.47,0.0,18.43,1013.27
2024-06-26 00:00:00,2024-06-27 00:00:00,24,10.3,77.1,21.7,73.12,0.0,20.75,1009.87
2024-06-26 00:00:00,2024-06-27 00:00:00,24,10.6,76.7,25.64,54.18,0.0,11.07,1012.56
2024-06-26 00:00:00,2024-06-27 00:00:00,24,10.6,76.9,24.65,71.54,0.0,20.62,1012.19
2024-06-26 00:00:00,2024-06-27 00:00:00,24,10.6,77.1,22.3,73.25,0.2,21.24,1009.0
2024-06-26 00:00:00,2024-06-27 00:00:00,24,10.9,76.7,25.02,65.3,0.0,10.84,1010.92
2024-06-26 00:00:00,2024-06-27 00:00:00,24,10.9,76.9,24.45,63.84,0.0,12.17,1010.17
2024-06-26 00:00:00,2024-06-27 00:00:00,24,10.9,77.1,24.63,73.52,0.0,13.9,1010.78
2024-06-26 00:00:00,2024-06-27 00:00:00,24,11.2,76.7,22.86,56.46,0.0,10.03,1010.22
2024-06-26 00:00:00,2024-06-27 00:00:00,24,11.2,76.9,23.61,48.33,5.44,12.59,1009.72
2024-06-26 00:00:00,2024-06-27 00:00:00,24,11.2,77.1,26.13,73.59,0.0,17.41,1010.3
2024-06-26 00:00:00,2024-06-28 00:00:00,48,10.3,76.7,24.47,69.91,0.0,7.18,1010.12
2024-06-26 00:00:00,2024-06-28 00:00:00,48,10.3,76.9,22.45,64.36,0.0,11.0,1012.44
2024-06-26 00:00:00,2024-06-28 00:00:00,48,10.3,77.1,26.6,60.72,0.0,20.72,1010.54
2024-06-26 00:00:00,2024-06-28 00:00:00,48,10.6,76.7,23.73,69.62,0.0,12.57,1009.23
2024-06-26 00:00:00,2024-06-28 00:00:00,48,10.6,76.9,25.05,46.9,0.0,17.76,1009.75
2024-06-26 00:00:00,2024-06-28 00:00:00,48,10.6,77.1,20.74,54.53,0.0,13.35,1008.44
2024-06-26 00:00:00,2024-06-28 00:00:00,48,10.9,76.7,24.76,60.25,0.0,21.25,1011.63
2024-06-26 00:00:00,2024-06-28 00:00:00,48,10.9,76.9,24.49,66.2,0.0,9.19,1010.83
2024-06-26 00:00:00,2024-06-28 00:00:00,48,10.9,77.1,23.22,80.37,0.0,8.38,1009.32
2024-06-26 00:00:00,2024-06-28 00:00:00,48,11.2,76.7,24.44,55.5,0.0,10.52,1013.86
2024-06-26 00:00:00,2024-06-28 00:00:00,48,11.2,76.9,23.25,68.15,0.0,14.94,1011.01
2024-06-26 00:00:00,2024-06-28 00:00:00,48,11.2,77.1,21.02,63.89,0.0,11.91,1011.68
2024-06-26 00:00:00,2024-06-29 00:00:00,72,10.3,76.7,22.63,66.21,0.0,18.02,1012.8
2024-06-26 00:00:00,2024-06-29 00:00:00,72,10.3,76.9,22.13,71.53,0.0,10.53,1013.0
2024-06-26 00:00:00,2024-06-29 00:00:00,72,10.3,77.1,23.08,67.24,0.0,11.45,1013.64
2024-06-26 00:00:00,2024-06-29 00:00:00,72,10.6,76.7,24.64,71.73,0.0,18.06,1011.4
2024-06-26 00:00:00,2024-06-29 00:00:00,72,10.6,76.9,28.0,73.41,9.46,11.97,1010.74
2024-06-26 00:00:00,2024-06-29 00:00:00,72,10.6,77.1,23.38,64.57,0.0,14.65,1009.77
2024-06-26 00:00:00,2024-06-29 00:00:00,72,10.9,76.7,21.24,61.85,0.0,8.79,1009.85
2024-06-26 00:00:00,2024-06-29 00:00:00,72,10.9,76.9,27.91,78.12,0.0,17.12,1008.73
2024-06-26 00:00:00,2024-06-29 00:00:00,72,10.9,77.1,24.56,51.36,0.0,18.1,1010.47
2024-06-26 00:00:00,2024-06-29 00:00:00,72,11.2,76.7,23.68,46.18,0.0,16.41,1005.79
2024-06-26 00:00:00,2024-06-29 00:00:00,72,11.2,76.9,25.22,66.8,0.0,16.28,1010.06
2024-06-26 00:00:00,2024-06-29 00:00:00,72,11.2,77.1,27.27,68.28,0.0,13.65,1008.2
2024-06-27 00:00:00,2024-06-28 00:00:00,24,10.3,76.7,25.6,48.79,0.0,13.19,1009.69
2024-06-27 00:00:00,2024-06-28 00:00:00,24,10.3,76.9,24.52,68.91,0.0,16.63,1011.83
2024-06-27 00:00:00,2024-06-28 00:00:00,24,10.3,77.1,25.87,60.22,0.0,13.49,1012.94
2024-06-27 00:00:00,2024-06-28 00:00:00,24,10.6,76.7,23.86,73.54,0.0,20.1,1009.66
2024-06-27 00:00:00,2024-06-28 00:00:00,24,10.6,76.9,22.43,78.36,0.0,20.05,1011.15
2024-06-27 00:00:00,2024-06-28 00:00:00,24,10.6,77.1,24.56,81.28,0.0,12.07,1012.03
2024-06-27 00:00:00,2024-06-28 00:00:00,24,10.9,76.7,24.15,47.39,0.0,12.74,1010.57
2024-06-27 00:00:00,2024-06-28 00:00:00,24,10.9,76.9,25.73,58.05,0.0,15.24,1009.23
2024-06-27 00:00:00,2024-06-28 00:00:00,24,10.9,77.1,27.22,63.41,0.0,17.95,1008.26
2024-06-27 00:00:00,2024-06-28 00:00:00,24,11.2,76.7,24.36,58.12,0.0,12.98,1009.34
2024-06-27 00:00:00,2024-06-28 00:00:00,24,11.2,76.9,19.41,71.88,0.0,13.21,1007.95
2024-06-27 00:00:00,2024-06-28 00:00:00,24,11.2,77.1,26.3,67.1,0.0,14.84,1011.02
2024-06-27 00:00:00,2024-06-29 00:00:00,48,10.3,76.7,24.2,59.07,0.0,16.44,1010.38
2024-06-27 00:00:00,2024-06-29 00:00:00,48,10.3,76.9,22.32,83.15,0.0,16.43,1011.62
2024-06-27 00:00:00,2024-06-29 00:00:00,48,10.3,77.1,23.56,75.25,0.0,12.66,1010.98
2024-06-27 00:00:00,2024-06-29 00:00:00,48,10.6,76.7,21.05,57.0,0.0,16.23,1012.34
2024-06-27 00:00:00,2024-06-29 00:00:00,48,10.6,76.9,21.27,57.77,0.0,17.51,1011.65
2024-06-27 00:00:00,2024-06-29 00:00:00,48,10.6,77.1,23.23,61.69,0.0,15.9,1011.98
2024-06-27 00:00:00,2024-06-29 00:00:00,48,10.9,76.7,24.18,61.11,0.0,14.78,1008.55
2024-06-27 00:00:00,2024-06-29 00:00:00,48,10.9,76.9,22.85,64.4,3.54,8.35,1009.76
2024-06-27 00:00:00,2024-06-29 00:00:00,48,10.9,77.1,27.29,59.6,0.0,15.68,1010.51
2024-06-27 00:00:00,2024-06-29 00:00:00,48,11.2,76.7,27.79,68.62,0.0,15.32,1009.03
2024-06-27 00:00:00,2024-06-29 00:00:00,48,11.2,76.9,24.2,78.52,0.0,10.35,1009.19
2024-06-27 00:00:00,2024-06-29 00:00:00,48,11.2,77.1,24.41,56.12,0.0,21.49,1010.75
2024-06-27 00:00:00,2024-06-30 00:00:00,72,10.3,76.7,27.25,80.23,0.0,13.55,1011.78
2024-06-27 00:00:00,2024-06-30 00:00:00,72,10.3,76.9,29.07,77.46,0.0,10.86,1008.71
2024-06-27 00:00:00,2024-06-30 00:00:00,72,10.3,77.1,25.55,57.75,0.0,12.94,1012.86
2024-06-27 00:00:00,2024-06-30 00:00:00,72,10.6,76.7,23.35,71.15,0.0,13.86,1010.09
2024-06-27 00:00:00,2024-06-30 00:00:00,72,10.6,76.9,25.57,66.96,2.52,10.4,1012.8
2024-06-27 00:00:00,2024-06-30 00:00:00,72,10.6,77.1,24.24,62.98,0.0,12.06,1011.96
2024-06-27 00:00:00,2024-06-30 00:00:00,72,10.9,76.7,21.66,64.62,0.0,11.62,1008.09
2024-06-27 00:00:00,2024-06-30 00:00:00,72,10.9,76.9,22.67,45.95,0.0,10.56,1009.47
2024-06-27 00:00:00,2024-06-30 00:00:00,72,10.9,77.1,24.35,54.72,0.0,16.63,1008.29
2024-06-27 00:00:00,2024-06-30 00:00:00,72,11.2,76.7,23.99,75.36,0.27,17.41,1011.07
2024-06-27 00:00:00,2024-06-30 00:00:00,72,11.2,76.9,26.16,66.07,0.0,19.26,1009.66
2024-06-27 00:00:00,2024-06-30 00:00:00,72,11.2,77.1,28.59,63.37,0.0,17.94,1009.68
2024-06-28 00:00:00,2024-06-29 00:00:00,24,10.3,76.7,23.68,58.06,0.0,17.2,1014.95
2024-06-28 00:00:00,2024-06-29 00:00:00,24,10.3,76.9,25.03,70.77,0.0,9.72,1009.52
2024-06-28 00:00:00,2024-06-29 00:00:00,24,10.3,77.1,24.64,65.49,0.0,7.58,1010.36
2024-06-28 00:00:00,2024-06-29 00:00:00,24,10.6,76.7,26.43,65.53,0.0,12.81,1012.03
2024-06-28 00:00:00,2024-06-29 00:00:00,24,10.6,76.9,24.29,65.57,0.0,17.52,1011.78
2024-06-28 00:00:00,2024-06-29 00:00:00,24,10.6,77.1,24.58,58.45,0.0,10.59,1010.07
2024-06-28 00:00:00,2024-06-29 00:00:00,24,10.9,76.7,26.94,53.23,0.0,20.74,1008.74
2024-06-28 00:00:00,2024-06-29 00:00:00,24,10.9,76.9,23.55,64.14,0.0,19.25,1009.39
2024-06-28 00:00:00,2024-06-29 00:00:00,24,10.9,77.1,24.17,62.4,0.0,12.01,1011.3
2024-06-28 00:00:00,2024-06-29 00:00:00,24,11.2,76.7,23.45,72.39,0.0,13.98,1006.7
2024-06-28 00:00:00,2024-06-29 00:00:00,24,11.2,76.9,24.64,53.65,0.0,11.39,1010.25
2024-06-28 00:00:00,2024-06-29 00:00:00,24,11.2,77.1,26.11,49.11,0.0,16.02,1008.11
2024-06-28 00:00:00,2024-06-30 00:00:00,48,10.3,76.7,22.56,73.9,0.0,14.74,1011.04
2024-06-28 00:00:00,2024-06-30 00:00:00,48,10.3,76.9,21.55,74.52,0.0,20.73,1011.44
2024-06-28 00:00:00,2024-06-30 00:00:00,48,10.3,77.1,26.51,63.66,0.0,14.72,1011.76
2024-06-28 00:00:00,2024-06-30 00:00:00,48,10.6,76.7,24.32,62.36,0.0,12.32,1011.49
2024-06-28 00:00:00,2024-06-30 00:00:00,48,10.6,76.9,27.13,77.44,0.0,13.54,1009.78
2024-06-28 00:00:00,2024-06-30 00:00:00,48,10.6,77.1,24.98,67.27,0.0,11.15,1012.64
2024-06-28 00:00:00,2024-06-30 00:00:00,48,10.9,76.7,22.61,65.16,0.0,19.7,1010.51
2024-06-28 00:00:00,2024-06-30 00:00:00,48,10.9,76.9,26.54,71.03,0.0,13.27,1007.65
2024-06-28 00:00:00,2024-06-30 00:00:00,48,10.9,77.1,22.88,79.19,0.0,15.7,1007.98
2024-06-28 00:00:00,2024-06-30 00:00:00,48,11.2,76.7,25.54,63.46,0.0,16.36,1009.84
2024-06-28 00:00:00,2024-06-30 00:00:00,48,11.2,76.9,22.02,63.52,0.0,17.27,1010.82
2024-06-28 00:00:00,2024-06-30 00:00:00,48,11.2,77.1,25.58,66.32,0.0,10.27,1009.08
2024-06-28 00:00:00,2024-07-01 00:00:00,72,10.3,76.7,27.39,56.86,0.0,22.07,1011.97
2024-06-28 00:00:00,2024-07-01 00:00:00,72,10.3,76.9,27.5,63.07,0.0,16.46,1010.0
2024-06-28 00:00:00,2024-07-01 00:00:00,72,10.3,77.1,22.27,69.38,0.0,10.84,1009.29
2024-06-28 00:00:00,2024-07-01 00:00:00,72,10.6,76.7,28.13,72.93,0.0,9.57,1010.42
2024-06-28 00:00:00,2024-07-01 00:00:00,72,10.6,76.9,29.8,72.87,7.56,20.93,1008.8
2024-06-28 00:00:00,2024-07-01 00:00:00,72,10.6,77.1,27.47,65.25,0.0,8.05,1009.88
2024-06-28 00:00:00,2024-07-01 00:00:00,72,10.9,76.7,22.49,60.67,0.0,7.8,1010.25
2024-06-28 00:00:00,2024-07-01 00:00:00,72,10.9,76.9,24.75,70.33,0.0,13.71,1008.02
2024-06-28 00:00:00,2024-07-01 00:00:00,72,10.9,77.1,25.99,66.04,0.0,18.36,1008.65
2024-06-28 00:00:00,2024-07-01 00:00:00,72,11.2,76.7,28.84,48.81,0.0,14.22,1008.5
2024-06-28 00:00:00,2024-07-01 00:00:00,72,11.2,76.9,27.75,70.31,0.0,11.72,1009.97
2024-06-28 00:00:00,2024-07-01 00:00:00,72,11.2,77.1,26.96,66.41,0.0,16.06,1010.14
2024-06-29 00:00:00,2024-06-30 00:00:00,24,10.3,76.7,23.55,69.52,0.0,14.68,1012.18
2024-06-29 00:00:00,2024-06-30 00:00:00,24,10.3,76.9,24.82,74.12,0.0,16.69,1012.34
2024-06-29 00:00:00,2024-06-30 00:00:00,24,10.3,77.1,26.34,52.35,0.0,10.7,1009.54
2024-06-29 00:00:00,2024-06-30 00:00:00,24,10.6,76.7,24.37,67.82,0.0,14.22,1014.58
2024-06-29 00:00:00,2024-06-30 00:00:00,24,10.6,76.9,24.2,78.82,2.47,12.33,1008.21
2024-06-29 00:00:00,2024-06-30 00:00:00,24,10.6,77.1,24.51,70.25,0.0,12.92,1011.42
2024-06-29 00:00:00,2024-06-30 00:00:00,24,10.9,76.7,24.54,77.57,0.0,14.59,1011.18
2024-06-29 00:00:00,2024-06-30 00:00:00,24,10.9,76.9,24.75,83.72,0.0,22.03,1008.76
2024-06-29 00:00:00,2024-06-30 00:00:00,24,10.9,77.1,23.35,81.66,0.0,14.5,1008.72
2024-06-29 00:00:00,2024-06-30 00:00:00,24,11.2,76.7,21.83,59.35,0.0,15.44,1009.14
2024-06-29 00:00:00,2024-06-30 00:00:00,24,11.2,76.9,22.88,52.89,8.18,13.23,1008.16
2024-06-29 00:00:00,2024-06-30 00:00:00,24,11.2,77.1,24.6,44.43,0.0,13.6,1009.15
2024-06-29 00:00:00,2024-07-01 00:00:00,48,10.3,76.7,23.8,53.14,0.0,17.82,1008.93
2024-06-29 00:00:00,2024-07-01 00:00:00,48,10.3,76.9,22.97,60.22,0.0,15.7,1010.91
2024-06-29 00:00:00,2024-07-01 00:00:00,48,10.3,77.1,22.84,77.68,0.0,9.97,1012.57
2024-06-29 00:00:00,2024-07-01 00:00:00,48,10.6,76.7,24.44,58.56,0.0,17.36,1013.66
2024-06-29 00:00:00,2024-07-01 00:00:00,48,10.6,76.9,22.97,56.74,0.0,4.89,1011.83
2024-06-29 00:00:00,2024-07-01 00:00:00,48,10.6,77.1,22.59,67.07,0.0,18.23,1010.29
2024-06-29 00:00:00,2024-07-01 00:00:00,48,10.9,76.7,26.34,58.76,0.0,10.38,1012.45
2024-06-29 00:00:00,2024-07-01 00:00:00,48,10.9,76.9,22.49,54.6,0.0,10.2,1011.15
2024-06-29 00:00:00,2024-07-01 00:00:00,48,10.9,77.1,23.51,59.22,0.0,11.85,1009.82
2024-06-29 00:00:00,2024-07-01 00:00:00,48,11.2,76.7,25.24,74.93,0.0,11.66,1009.62
2024-06-29 00:00:00,2024-07-01 00:00:00,48,11.2,76.9,23.71,63.04,0.0,11.62,1008.33
2024-06-29 00:00:00,2024-07-01 00:00:00,48,11.2,77.1,24.95,57.95,0.0,12.32,1010.7
2024-06-29 00:00:00,2024-07-02 00:00:00,72,10.3,76.7,24.32,72.15,0.0,19.4,1010.28
2024-06-29 00:00:00,2024-07-02 00:00:00,72,10.3,76.9,26.52,60.11,0.0,11.13,1012.56
2024-06-29 00:00:00,2024-07-02 00:00:00,72,10.3,77.1,30.56,61.26,0.0,16.78,1008.93
2024-06-29 00:00:00,2024-07-02 00:00:00,72,10.6,76.7,24.73,69.54,0.0,10.82,1009.74
2024-06-29 00:00:00,2024-07-02 00:00:00,72,10.6,76.9,22.51,66.26,0.0,15.94,1008.86
2024-06-29 00:00:00,2024-07-02 00:00:00,72,10.6,77.1,21.1,53.01,0.0,8.11,1009.63
2024-06-29 00:00:00,2024-07-02 00:00:00,72,10.9,76.7,22.77,56.49,0.0,12.19,1011.21
2024-06-29 00:00:00,2024-07-02 00:00:00,72,10.9,76.9,22.82,62.33,0.0,18.34,1011.25
2024-06-29 00:00:00,2024-07-02 00:00:00,72,10.9,77.1,26.34,85.34,0.0,10.17,1011.0
2024-06-29 00:00:00,2024-07-02 00:00:00,72,11.2,76.7,24.52,57.03,0.0,18.15,1010.56
2024-06-29 00:00:00,2024-07-02 00:00:00,72,11.2,76.9,29.39,60.33,0.0,12.69,1011.62
2024-06-29 00:00:00,2024-07-02 00:00:00,72,11.2,77.1,22.46,63.68,0.0,5.98,1006.25
2024-06-30 00:00:00,2024-07-01 00:00:00,24,10.3,76.7,26.34,65.59,3.97,12.65,1012.14
2024-06-30 00:00:00,2024-07-01 00:00:00,24,10.3,76.9,25.38,69.27,0.0,17.86,1010.87
2024-06-30 00:00:00,2024-07-01 00:00:00,24,10.3,77.1,26.02,56.63,0.0,16.96,1011.21
2024-06-30 00:00:00,2024-07-01 00:00:00,24,10.6,76.7,26.05,50.6,9.44,17.54,1010.62
2024-06-30 00:00:00,2024-07-01 00:00:00,24,10.6,76.9,24.69,67.37,7.0,5.45,1010.28
2024-06-30 00:00:00,2024-07-01 00:00:00,24,10.6,77.1,24.11,72.74,0.0,18.54,1009.96
2024-06-30 00:00:00,2024-07-01 00:00:00,24,10.9,76.7,22.98,55.53,0.0,16.37,1010.66
2024-06-30 00:00:00,2024-07-01 00:00:00,24,10.9,76.9,22.87,62.22,0.0,11.35,1008.53
2024-06-30 00:00:00,2024-07-01 00:00:00,24,10.9,77.1,26.39,56.82,0.0,13.51,1010.54
2024-06-30 00:00:00,2024-07-01 00:00:00,24,11.2,76.7,24.33,63.73,0.0,9.83,1011.88
2024-06-30 00:00:00,2024-07-01 00:00:00,24,11.2,76.9,27.09,71.71,0.0,21.35,1010.73
2024-06-30 00:00:00,2024-07-01 00:00:00,24,11.2,77.1,25.52,56.19,0.0,13.37,1008.6
2024-06-30 00:00:00,2024-07-02 00:00:00,48,10.3,76.7,27.62,67.69,4.05,18.25,1009.33
2024-06-30 00:00:00,2024-07-02 00:00:00,48,10.3,76.9,26.95,73.47,0.0,22.5,1009.73
2024-06-30 00:00:00,2024-07-02 00:00:00,48,10.3,77.1,25.69,53.86,0.0,8.84,1011.38
2024-06-30 00:00:00,2024-07-02 00:00:00,48,10.6,76.7,22.7,62.91,2.56,8.44,1011.26
2024-06-30 00:00:00,2024-07-02 00:00:00,48,10.6,76.9,24.11,73.25,0.0,14.9,1009.74
2024-06-30 00:00:00,2024-07-02 00:00:00,48,10.6,77.1,24.67,64.81,0.0,12.8,1012.18
2024-06-30 00:00:00,2024-07-02 00:00:00,48,10.9,76.7,26.86,62.42,8.12,16.85,1010.6
2024-06-30 00:00:00,2024-07-02 00:00:00,48,10.9,76.9,22.29,83.47,0.0,15.45,1009.43
2024-06-30 00:00:00,2024-07-02 00:00:00,48,10.9,77.1,26.5,75.76,0.0,13.72,1010.16
2024-06-30 00:00:00,2024-07-02 00:00:00,48,11.2,76.7,25.09,62.02,0.0,8.16,1006.45
2024-06-30 00:00:00,2024-07-02 00:00:00,48,11.2,76.9,24.32,63.96,0.0,10.59,1010.98
2024-06-30 00:00:00,2024-07-02 00:00:00,48,11.2,77.1,26.67,62.75,0.0,13.55,1012.76
2024-06-30 00:00:00,2024-07-03 00:00:00,72,10.3,76.7,26.81,76.35,3.82,11.88,1008.8
2024-06-30 00:00:00,2024-07-03 00:00:00,72,10.3,76.9,22.37,61.29,0.0,13.14,1013.49
2024-06-30 00:00:00,2024-07-03 00:00:00,72,10.3,77.1,29.0,50.37,0.0,15.01,1009.42
2024-06-30 00:00:00,2024-07-03 00:00:00,72,10.6,76.7,21.03,80.03,0.0,4.98,1010.03
2024-06-30 00:00:00,2024-07-03 00:00:00,72,10.6,76.9,27.1,65.32,0.0,9.41,1011.18
2024-06-30 00:00:00,2024-07-03 00:00:00,72,10.6,77.1,32.19,63.22,0.0,11.51,1010.03
2024-06-30 00:00:00,2024-07-03 00:00:00,72,10.9,76.7,24.17,65.59,0.0,13.47,1011.21
2024-06-30 00:00:00,2024-07-03 00:00:00,72,10.9,76.9,23.22,62.77,0.0,11.51,1011.13
2024-06-30 00:00:00,2024-07-03 00:00:00,72,10.9,77.1,24.79,59.65,0.0,13.48,1011.31
2024-06-30 00:00:00,2024-07-03 00:00:00,72,11.2,76.7,25.22,67.67,0.0,18.81,1009.89
2024-06-30 00:00:00,2024-07-03 00:00:00,72,11.2,76.9,24.01,64.04,1.59,17.63,1008.85
2024-06-30 00:00:00,2024-07-03 00:00:00,72,11.2,77.1,26.42,78.86,0.0,9.35,1008.97
