tree
version=v4
num_class=1
num_tree_per_iteration=1
label_index=0
max_feature_idx=24
objective=quantile
feature_names=forecast_temperature forecast_humidity forecast_rainfall lead_time_hours b2_humidity elevation_mean elevation_std elevation_range slope_mean slope_std aspect_sin aspect_cos tri_mean tri_std landcover_fraction_tree landcover_fraction_shrub landcover_fraction_grass landcover_fraction_cropland landcover_fraction_builtup landcover_fraction_water distance_to_nearest_water distance_to_forecast_grid_m day_of_year_sin day_of_year_cos month
feature_infos=[17.800000000000001:32.509999999999998] [38.549999999999997:92.700000000000003] [0:21.109999999999999] [24:72] [38.549999999999997:92.700000000000003] [354.08999999999997:899.00999999999999] [12.289999999999999:32.460000000000001] [45.369999999999997:118.16] [7.3899999999999997:18.890000000000001] [0.13:0.54000000000000004] [-0.46550000000000002:0.72440000000000004] [-0.99890000000000001:-0.68910000000000005] [9.5299999999999994:25.140000000000001] [0.17999999999999999:0.77000000000000002] none none none [0.024799999999999999:1] [0:0.97519999999999996] none [0:18225.799999999999] [3595.1999999999998:16825.540000000001] [0.034398060613608013:0.99998555065071859] [0.0053757315575838844:0.99940821160625981] [1:3]
tree_sizes=1398 1443 1486 1474 1472 1422 1435 1429 1462 1474 1425 1481 1468 1453 1457 1480 1465 1451 1468 1486 1464 1476 1513 1480 1472 1501 1464 1493 1503 1515 1508 1512 1480 1484 1485 1472 1485 1499 1488 1489 1489 1499 1439 1423 1478 1511 1476 1497 1462 1450 1472 1503 1470 1465 1485 1504 1494 1500 1466 1488 1450 1486 1510 1450 1496 1483 1483 1526 1485 1507 1530 1508 1493 1501 1485 1476 1514 1502 1516 1502 1533 1481 1476 1482 1489 1475 1476 1528 1505 1466 1500 1525 1488 1489 1486 1496 1477 1506 1502 1494

Tree=0
num_leaves=15
num_cat=0
split_feature=23 4 4 6 4 5 4 23 4 23 23 0 23 7
split_gain=38.412 9.76043 7.37461 5.16628 4.7025 4.53845 3.56748 3.60799 3.26522 3.58461 2.64392 1.59602 1.14405 0.872727
threshold=0.98045953152007548 61.215000000000011 46.830000000000005 30.380000000000006 63.905000000000008 739.99000000000012 70.470000000000013 0.99696839222562084 58.07500000000001 0.93234632485081093 0.53493525241775031 23.365000000000006 0.99696839222562084 68.540000000000006
decision_type=2 2 2 2 2 2 2 2 2 2 2 2 2 2
left_child=2 -2 11 8 10 6 7 -3 9 -4 -5 -1 -7 -13
right_child=1 5 3 4 -6 12 -8 -9 -10 -11 -12 13 -14 -15
leaf_value=24.828998196661484 25.646248273253377 24.965498305499647 24.656948175715957 25.095747990608309 24.648398167645894 25.22489836326838 24.500548202705421 24.618648222541832 24.189098276818225 25.098498342335255 25.236748242855175 25.475248277187347 25.135748292446145 25.30289818946121
leaf_weight=9.9999999999999982 51 70 272 43 138 28 32 23 1342 36 57 12.000000000000002 11.999999999999998 9.9999999999999982
leaf_count=10 51 70 272 43 138 28 32 23 1342 36 57 12 12 10
internal_value=24.715 24.735 24.7128 24.7124 24.7192 24.7291 24.7244 24.7294 24.7114 24.716 24.7275 24.7366 24.7437 24.7441
internal_weight=2136 216 1920 1888 238 165 125 93 1650 308 100 32 40 22
internal_count=2136 216 1920 1888 238 165 125 93 1650 308 100 32 40 22
is_linear=0
shrinkage=1


Tree=1
num_leaves=15
num_cat=0
split_feature=24 1 1 6 1 20 5 6 1 1 0 3 1 1
split_gain=14.5314 10.5237 3.43737 3.43675 2.98802 3.19866 2.56061 2.39739 1.5495 1.46507 1.36481 1.07375 1.02985 0.922692
threshold=1.5000000000000002 63.905000000000008 51.595000000000006 30.380000000000006 59.980000000000011 15014.405000000001 452.54500000000002 30.380000000000006 75.115000000000009 53.745000000000012 23.945000000000004 60.000000000000007 71.465000000000018 53.650000000000006
decision_type=2 2 2 2 2 2 2 2 2 2 2 2 2 2
left_child=1 2 -1 12 5 -2 -7 9 11 -4 -9 -5 -3 -8
right_child=4 3 7 8 -6 6 13 10 -10 -11 -12 -13 -14 -15
leaf_value=0.92407247044376861 -0.13959750838543758 0.0073430765974674935 -0.18544745508669058 0.18195007238564986 -0.50124925270898535 -0.11952972200804071 0.55916247732282398 0.30386259570121638 -0.27601995146453934 0.42548754594857885 0.63468755152820222 0.39622527224438242 -0.55341592351308566 0.27245254379270473
leaf_weight=48 256 227 18 27 1052 44 21 14.999999999999998 9.9999999999999982 198 19 13.999999999999998 120 67
leaf_count=48 256 227 18 27 1052 44 21 15 10 198 19 14 120 67
internal_value=-8.42709e-05 0.0058477 0.012953 0.000527637 -0.00295139 0.000798968 0.00712121 0.0106 0.0126471 0.00865741 0.0229412 0.0169512 -0.0012536 0.0120455
internal_weight=2136 696 298 398 1440 388 132 250 51 216 34 41 347 88
internal_count=2136 696 298 398 1440 388 132 250 51 216 34 41 347 88
is_linear=0
shrinkage=0.05


Tree=2
num_leaves=15
num_cat=0
split_feature=22 4 6 4 6 22 4 4 22 22 0 4 22 20
split_gain=34.7742 9.94201 4.91436 4.85823 3.46946 4.22114 3.28245 3.17232 2.51667 2.35631 2.21488 2.03891 1.76775 0.718761
threshold=0.19653276579064646 61.215000000000011 30.380000000000006 46.830000000000005 30.380000000000006 0.077330756371236084 63.905000000000008 69.035000000000011 0.85392600138668617 0.76347624337813269 23.915000000000003 58.07500000000001 0.24684749415872467 16775.780000000002
decision_type=2 2 2 2 2 2 2 2 2 2 2 2 2 2
left_child=1 13 3 10 5 -3 8 -7 9 -4 -2 12 -5 -1
right_child=2 4 6 11 -6 7 -8 -9 -10 -11 -12 -13 -14 -15
leaf_value=0.84903387539894237 0.10525989592038808 -0.19977588665110246 0.33331755712163386 0.2641007338622508 0.45306095806261215 0.28835066875600557 -0.049569614399460851 0.044057933732360513 0.38677472073604968 0.62250645576689001 0.80437567597479842 -0.49029561003786742 -0.022829070214690002 0.59891311021539939
leaf_weight=40 14.000000000000002 40 49 12.999999999999998 22 59 138 44 43 9.9999999999999982 15.999999999999998 1342 295 10.999999999999998
leaf_count=40 14 40 49 13 22 59 138 44 43 10 16 1342 295 11
internal_value=-0.000177904 0.0188426 -0.00231771 -0.00327381 0.0128788 0.010035 0.004375 0.0153883 0.0111765 0.0178814 0.0166667 -0.00363636 3.24663e-05 0.0381373
internal_weight=2136 216 1920 1680 165 143 240 103 102 59 30 1650 308 51
internal_count=2136 216 1920 1680 165 143 240 103 102 59 30 1650 308 51
is_linear=0
shrinkage=0.05


Tree=3
num_leaves=15
num_cat=0
split_feature=22 1 6 1 1 22 6 1 22 1 22 9 22 20
split_gain=28.798 11.942 4.53936 4.04027 3.01603 2.56135 2.56464 2.37051 2.25562 2.09212 1.8442 1.72925 1.55462 0.718761
threshold=0.19653276579064646 61.215000000000011 30.380000000000006 46.830000000000005 63.905000000000008 0.077330756371236084 13.005000000000001 70.470000000000013 0.85392600138668617 59.980000000000011 0.24684749415872467 0.46000000000000002 0.76347624337813269 16775.780000000002
decision_type=2 2 2 2 2 2 2 2 2 2 2 2 2 2
left_child=1 13 3 -2 8 11 -7 -8 12 10 -5 -3 -4 -1
right_child=2 5 4 9 -6 6 7 -9 -10 -11 -12 -13 -14 -15
leaf_value=0.80658218162899531 0.48015429170726459 -0.2003107668097126 0.3166516792655521 0.22749569006426429 -0.04709113367948789 -0.20166683409258612 0.30750891779535472 0.001952547299478269 0.36743598469924721 -0.50487775057048601 -0.026637130412497004 0.37174815136618689 0.59138113297854555 0.56896745470462951
leaf_weight=40 30 35 49 17 138 14.999999999999998 80 24 43 1211 422 10.999999999999998 9.9999999999999982 10.999999999999998
leaf_count=40 30 35 49 17 138 15 80 24 43 1211 422 11 10 11
internal_value=-0.000318353 0.0169907 -0.00226563 -0.00318453 0.00416667 0.0104545 0.0143277 0.0171154 0.0106863 -0.00351515 -0.000558088 0.000434781 0.0170339 0.0381373
internal_weight=2136 216 1920 1680 240 165 119 104 102 1650 439 46 59 51
internal_count=2136 216 1920 1680 240 165 119 104 102 1650 439 46 59 51
is_linear=0
shrinkage=0.05


Tree=4
num_leaves=15
num_cat=0
split_feature=23 1 6 1 1 20 23 23 0 1 1 10 23 13
split_gain=26.7584 12.2587 4.53936 4.04027 3.01603 2.37165 2.25562 2.24941 2.13333 1.94504 1.93406 1.7987 1.55462 1.53743
threshold=0.98045953152007548 60.705000000000005 30.380000000000006 46.830000000000005 63.905000000000008 16775.780000000002 0.53493525241775031 0.99696839222562084 24.155000000000005 69.035000000000011 59.980000000000011 0.65755000000000019 0.64577863604729235 0.6000000000000002
decision_type=2 2 2 2 2 2 2 2 2 2 2 2 2 2
left_child=2 -2 3 8 6 7 -4 9 -1 -3 11 -5 -8 -9
right_child=1 5 4 10 -6 -7 12 13 -10 -11 -12 -13 -14 -15
leaf_value=0.059858688379240459 0.76625304739437805 0.33000118735181772 0.34906418546428475 -0.076577942577335495 -0.044736576995513533 -0.0037505556449023204 0.56181207632961827 -0.106105104911678 0.74918082450928492 0.077459143272115713 -0.47963386304196165 0.24416770538022403 0.30081909530227458 0.35316074379787749
leaf_weight=15.000000000000002 50 50 43 378 138 43 9.9999999999999982 23 14.999999999999998 39 1211 61 49 10.999999999999998
leaf_count=15 50 50 43 378 138 43 10 23 15 39 1211 61 49 11
internal_value=-0.000388578 0.0162963 -0.00226563 -0.00318453 0.00416667 0.00975903 0.0106863 0.0132927 0.015 0.0174719 -0.00351515 -0.000671983 0.0170339 0.00235294
internal_weight=2136 216 1920 1680 240 166 102 123 30 89 1650 439 59 34
internal_count=2136 216 1920 1680 240 166 102 123 30 89 1650 439 59 34
is_linear=0
shrinkage=0.05


Tree=5
num_leaves=15
num_cat=0
split_feature=22 4 6 4 4 4 0 22 6 22 22 22 22 4
split_gain=23.5959 11.3253 4.28571 3.04665 2.83857 2.76088 2.28348 2.70931 2.14289 2.00886 1.92696 2.2343 1.70474 1.106
threshold=0.19653276579064646 60.705000000000005 30.380000000000006 53.650000000000006 70.470000000000013 63.905000000000008 25.025000000000002 0.077330756371236084 24.295000000000005 0.85392600138668617 0.3933211724509133 0.81613017994572579 0.76347624337813269 64.390000000000015
decision_type=2 2 2 2 2 2 2 2 2 2 2 2 2 2
left_child=1 -1 3 10 6 9 7 -3 -8 12 -2 -12 -4 -5
right_child=2 4 5 13 -6 -7 8 -9 -10 -11 11 -13 -14 -15
leaf_value=0.72794039502465913 0.45246614154832798 0.034161978347773063 0.28577814053716089 -0.1547932742564937 -0.023466090453988467 -0.042499748145737794 -0.040020909420259723 0.28810914630887802 0.29929566408492392 0.33161097619107044 -0.14405279860003609 0.28218819271713474 0.53372147251313728 -0.59675217339808673
leaf_weight=50 23 23 49 619 41 138 32 53 17 43 72 67 9.9999999999999982 899
leaf_count=50 23 23 49 619 41 138 32 53 17 43 72 67 10 899
internal_value=-0.000529027 0.0151389 -0.00229167 -0.00318453 0.00885542 0.00395833 0.0126 0.0180263 0.00418367 0.0101961 0.00333333 0.00111511 0.0161864 -0.00388011
internal_weight=2136 216 1920 1680 166 240 125 76 49 102 162 139 59 1518
internal_count=2136 216 1920 1680 166 240 125 76 49 102 162 139 59 1518
is_linear=0
shrinkage=0.05


Tree=6
num_leaves=15
num_cat=0
split_feature=23 1 1 6 23 21 6 23 1 23 23 10 6 23
split_gain=19.3489 10.5639 4.07527 3.65815 3.41349 2.91323 2.75807 2.69291 2.04613 2.12858 1.60808 1.13224 0.844149 0.71627
threshold=0.98045953152007548 59.980000000000011 63.905000000000008 30.380000000000006 0.048361154940047744 12658.940000000002 30.380000000000006 0.93842613001991437 70.470000000000013 0.99696839222562084 0.9052873537896472 -0.10059999999999999 30.380000000000006 0.15101078994440373
decision_type=2 2 2 2 2 2 2 2 2 2 2 2 2 2
left_child=2 11 3 4 5 -1 8 -6 9 -3 13 -2 -4 -5
right_child=1 6 12 10 7 -7 -8 -9 -10 -11 -12 -13 -14 -15
leaf_value=-0.025775439692106186 0.59673689614095504 0.22835217439044619 -0.55379282088221959 -0.26283778950719311 -0.1330756857684956 0.43342241360918854 0.38495969364576416 0.22045459242917542 -0.23469020088261672 -0.072307457111051535 0.40692874709869759 0.94385954321739218 -0.040374760738450956 0.41654565868246324
leaf_weight=19 19 88 939 11.999999999999998 632 18 22 72 35 28 18 24 138 72
leaf_count=19 19 88 939 12 632 18 22 72 35 28 18 24 138 72
internal_value=-0.000669477 0.0135185 -0.00226563 0.000338077 -0.000883942 0.0139189 0.00800578 -0.00166193 0.00559603 0.0087931 0.00921569 0.0356977 -0.00430362 0.00630952
internal_weight=2136 216 1920 843 741 37 173 704 151 116 102 43 1077 84
internal_count=2136 216 1920 843 741 37 173 704 151 116 102 43 1077 84
is_linear=0
shrinkage=0.05


Tree=7
num_leaves=15
num_cat=0
split_feature=22 1 6 1 20 1 1 6 22 22 22 5 10 1
split_gain=19.1014 10.7856 3.60119 2.79151 2.78597 2.28072 2.06309 2.01018 1.72642 1.49383 1.80783 1.34475 1.13224 0.897202
threshold=0.19653276579064646 59.980000000000011 30.380000000000006 53.650000000000006 16775.780000000002 66.13000000000001 63.905000000000008 24.295000000000005 0.42471264173135381 0.99094606287942044 0.3933211724509133 739.99000000000012 -0.10059999999999999 64.390000000000015
decision_type=2 2 2 2 2 2 2 2 2 2 2 2 2 2
left_child=1 12 3 9 5 7 8 -3 -4 10 -2 -7 -1 -5
right_child=2 4 6 13 -6 11 -8 -9 -10 -11 -12 -13 -14 -15
leaf_value=0.56690005133390742 0.41882010484945287 0.30433804069397741 0.38658230974376273 -0.15492365914114581 -0.023110294059149057 -0.011250581905903846 -0.038356022701528374 0.37346888679109908 0.3750739000338052 0.59780178356366664 -0.022423824421560642 0.19001617147321834 0.89666656605652251 -0.53922492368407138
leaf_weight=19 23 42 18 619 46 42 138 17 84 11.999999999999998 127 26 24 899
leaf_count=19 23 42 18 619 46 42 138 17 84 12 127 26 24 899
internal_value=-0.000809926 0.013287 -0.00239583 -0.00321429 0.00771676 0.0115354 0.00333333 0.0187288 0.00872549 0.00302469 0.00166667 0.00529412 0.0356977 -0.00388011
internal_weight=2136 216 1920 1680 173 127 240 59 102 162 150 68 43 1518
internal_count=2136 216 1920 1680 173 127 240 59 102 162 150 68 43 1518
is_linear=0
shrinkage=0.05


Tree=8
num_leaves=15
num_cat=0
split_feature=23 1 1 10 5 23 20 1 23 23 1 23 10 6
split_gain=17.3262 10.3395 3.42017 3.13973 2.73066 2.74445 2.48885 1.95231 2.43471 1.53761 1.20955 1.06319 0.861893 0.801764
threshold=0.98045953152007548 59.980000000000011 63.905000000000008 1.0000000180025095e-35 842.19500000000005 0.082689073440128144 16775.780000000002 70.295000000000016 0.99815109357002252 0.92599062340417404 59.730000000000011 0.048361154940047744 -0.10059999999999999 30.380000000000006
decision_type=2 2 2 2 2 2 2 2 2 2 2 2 2 2
left_child=2 12 3 9 5 -5 7 8 -3 11 -11 -1 -2 -4
right_child=1 6 13 4 -6 -7 -8 -9 -10 10 -12 -13 -14 -15
leaf_value=0.12699934143013911 0.53855504876721205 0.29672107818101917 -0.49914193365390513 0.25458220194869402 -0.082339773871738992 0.25107245109906107 -0.021954779356191674 -0.010353871348048993 -0.11582003258991572 0.28738243180322348 -0.22302586488265119 -0.27042568788785748 0.85183323775369635 -0.036438221566451968
leaf_weight=26 19 82 939 12.999999999999998 112 193 46 31 13.999999999999998 39 19 441 24 138
leaf_count=26 19 82 939 13 112 193 46 31 14 39 19 441 24 138
internal_value=-0.000833335 0.0125926 -0.00234375 4.15172e-05 0.00396226 0.00737864 0.00713873 0.010748 0.0142708 -0.00233333 0.00534483 -0.00328694 0.0345349 -0.00421077
internal_weight=2136 216 1920 843 318 206 173 127 96 525 58 467 43 1077
internal_count=2136 216 1920 843 318 206 173 127 96 525 58 467 43 1077
is_linear=0
shrinkage=0.05


Tree=9
num_leaves=15
num_cat=0
split_feature=23 4 4 5 23 23 21 6 6 23 23 23 4 23
split_gain=15.5802 9.90284 3.36026 2.7131 2.38951 2.56279 2.38187 2.14569 1.83129 1.48385 1.47575 1.95556 1.45618 1.56163
threshold=0.98045953152007548 59.980000000000011 59.345000000000006 739.99000000000012 0.048361154940047744 0.92599062340417404 12658.940000000002 30.380000000000006 30.380000000000006 0.94422823979932036 0.87394374251212481 0.94422823979932036 65.985000000000014 0.99696839222562084
decision_type=2 2 2 2 2 2 2 2 2 2 2 2 2 2
left_child=2 -2 4 12 6 8 -1 -4 -6 -7 -9 -12 13 -3
right_child=1 3 7 -5 5 9 -8 10 -10 -11 11 -13 -14 -15
leaf_value=0.011516193010504428 0.64067716997502411 0.2011752813500417 -0.35458386834959049 0.33220218901812559 -0.062607386497596063 0.40671749146298358 0.55551127959438296 -0.047752716697526634 0.37912799722274221 0.16599378054096087 0.15643591241371393 -0.10327095629138752 -0.012883828291003652 -0.086042924473151677
leaf_weight=14.000000000000002 43 47 1259 42 344 10.999999999999998 11.999999999999998 154 38 48 22 18 68 15.999999999999998
leaf_count=14 43 47 1259 42 344 11 12 154 38 48 22 18 68 16
internal_value=-0.000833335 0.0118981 -0.00226563 0.00656069 0.00142398 0.000555554 0.0161538 -0.00345148 -0.00094241 0.0102542 0.0014433 0.01 0.00301527 0.00849206
internal_weight=2136 216 1920 173 467 441 26 1453 382 59 194 40 131 63
internal_count=2136 216 1920 173 467 441 26 1453 382 59 194 40 131 63
is_linear=0
shrinkage=0.05


Tree=10
num_leaves=15
num_cat=0
split_feature=22 1 1 6 21 1 22 22 1 22 21 3 5 22
split_gain=14.1444 9.47559 3.12857 2.6662 1.9684 2.07207 1.50893 2.27306 1.24788 1.69272 1.1361 1.05057 0.89966 0.869249
threshold=0.19653276579064646 59.980000000000011 53.650000000000006 30.380000000000006 12333.330000000002 65.590000000000018 0.3933211724509133 0.89546819317495652 69.945000000000007 0.42471264173135381 12658.940000000002 60.000000000000007 739.99000000000012 0.99781321377224363
decision_type=2 2 2 2 2 2 2 2 2 2 2 2 2 2
left_child=1 -1 6 13 5 11 -2 -8 9 -5 -9 -3 -7 -4
right_child=2 4 3 8 -6 12 7 10 -10 -11 -12 -13 -14 -15
leaf_value=0.60864331147627304 0.4521697179544531 0.32280789451559422 -0.31777411003489242 0.19667281127217551 0.011111891468633235 -0.029887511645766765 -0.085627407367926137 0.098666974983939865 -0.2028165583573415 0.043029403267349615 0.35084609487636048 0.35347973307064851 0.14696694234900162 0.0096478412020089624
leaf_weight=43 24 22 1441 30 92 21 82 35 60 144 27 9.9999999999999982 28 77
leaf_count=43 24 22 1441 30 92 21 82 35 60 144 27 10 28 77
internal_value=-0.000926967 0.0112037 -0.00229167 -0.00291667 0.00598266 0.0116667 0.00422619 0.00229167 0.00205128 0.0041954 0.00951613 0.0215625 0.00520408 -0.00368248
internal_weight=2136 216 1920 1752 173 81 168 144 234 174 62 32 49 1518
internal_count=2136 216 1920 1752 173 81 168 144 234 174 62 32 49 1518
is_linear=0
shrinkage=0.05


Tree=11
num_leaves=15
num_cat=0
split_feature=22 4 4 10 5 22 5 22 4 4 4 22 22 9
split_gain=13.4495 9.68558 3.38356 3.13214 2.07853 2.19372 2.02109 1.70717 1.32807 1.21905 1.09201 1.04838 0.865801 0.824142
threshold=0.19653276579064646 59.980000000000011 64.110000000000014 1.0000000180025095e-35 842.19500000000005 0.88768027107944258 739.99000000000012 0.37744852145085445 62.790000000000006 70.250000000000014 52.010000000000012 0.99879288126755872 0.077330756371236084 0.36000000000000004
decision_type=2 2 2 2 2 2 2 2 2 2 2 2 2 2
left_child=1 13 3 7 5 -5 8 10 -3 12 -2 -9 -8 -1
right_child=2 6 -4 4 -6 -7 9 11 -10 -11 -12 -13 -14 -15
leaf_value=0.69230948647678869 0.41076463606713731 0.24493960329919073 -0.35334666597293962 0.14850874252827892 -0.08603594918271458 0.32065899823424415 0.23349635217779541 -0.24864751037663801 0.0024283850599356965 -0.0066250449542744451 0.077520965473882625 0.098751432261945424 0.32916804986394504 0.49351785625722511
leaf_weight=14.999999999999998 15.999999999999998 25 1051 133 114 82 10.999999999999998 453 106 9.9999999999999982 45 26 21 28
leaf_count=15 16 25 1051 133 114 82 11 453 106 10 45 26 21 28
internal_value=-0.000856743 0.0109722 -0.0021875 0.000120827 0.00396656 0.00686046 0.00569364 -0.00222222 0.00263359 0.0152381 0.00565574 -0.00322547 0.02 0.0322093
internal_weight=2136 216 1920 869 329 215 173 540 131 42 61 479 32 43
internal_count=2136 216 1920 869 329 215 173 540 131 42 61 479 32 43
is_linear=0
shrinkage=0.05


Tree=12
num_leaves=15
num_cat=0
split_feature=23 1 1 23 6 23 11 5 1 1 0 1 23 23
split_gain=13.5028 9.68558 3.43999 3.01771 2.3316 2.08761 2.15956 2.02109 1.32807 1.21905 1.2 1.11364 1.11491 1.05408
threshold=0.98045953152007548 59.980000000000011 56.180000000000007 0.048361154940047744 30.380000000000006 0.91245913578114801 -0.98919999999999997 739.99000000000012 62.790000000000006 70.250000000000014 25.085000000000004 69.945000000000007 0.91936090643431534 0.46038001402560286
decision_type=2 2 2 2 2 2 2 2 2 2 2 2 2 2
left_child=2 -2 3 -1 -4 13 -7 8 -3 10 -9 12 -6 -5
right_child=1 7 4 5 11 6 -8 9 -10 -11 -12 -13 -14 -15
leaf_value=0.54587639352439754 0.54558359783389543 0.2326926231342312 -0.28928502473920698 0.14572645181498131 0.045499306351395319 0.3432348960810041 0.076588002299337044 0.31489894845459476 0.0023069658069388948 -0.0062937927065608024 0.21499548491182516 -0.1750083971408275 0.17555837128579552 -0.092319301949380941
leaf_weight=9.9999999999999982 43 25 1428 85 141 10.999999999999998 29 20 106 9.9999999999999982 11.999999999999998 60 24 132
leaf_count=10 43 25 1428 85 141 11 29 20 106 10 12 60 24 132
internal_value=-0.000880151 0.0109722 -0.00221354 0.00305243 -0.00306413 0.00200389 0.0125 0.00569364 0.00263359 0.0152381 0.02 0.00166667 0.00378788 6.91232e-05
internal_weight=2136 216 1920 267 1653 257 40 173 131 42 32 225 165 217
internal_count=2136 216 1920 267 1653 257 40 173 131 42 32 225 165 217
is_linear=0
shrinkage=0.05


Tree=13
num_leaves=15
num_cat=0
split_feature=23 1 1 10 5 23 5 23 23 1 6 23 1 7
split_gain=12.4686 8.44714 3.03286 2.16421 1.96745 1.72686 4.28843 1.70068 1.50418 1.42189 1.30735 1.3022 1.21905 1.02857
threshold=0.98045953152007548 59.730000000000011 60.570000000000007 1.0000000180025095e-35 739.99000000000012 0.46038001402560286 739.99000000000012 0.91245913578114801 0.92599062340417404 62.790000000000006 30.380000000000006 0.048361154940047744 70.250000000000014 55.750000000000007
decision_type=2 2 2 2 2 2 2 2 2 2 2 2 2 2
left_child=2 -2 3 8 9 6 -5 -7 11 13 -4 -1 -6 -3
right_child=1 4 10 5 12 7 -8 -9 -10 -11 -12 -13 -14 -15
leaf_value=0.12191009218122775 0.54094739106091827 0.0040282926694514163 -0.3333866228794462 0.30603265844092348 0.28335659968264076 -0.059433222495495742 0.13195464794500786 0.24413597028783851 0.21969700662969271 0.0021916175165920221 0.0081458526229319615 -0.15481757893851936 -0.0059791030712327449 0.25310509578759977
leaf_weight=21 40 10.000000000000002 1171 29 32 98 55 30 46 106 182 288 9.9999999999999982 18
leaf_count=21 40 10 1171 29 32 98 55 30 46 106 182 288 10 18
internal_value=-0.000880151 0.0105093 -0.00216146 0.000908288 0.00579545 0.00490566 0.0104762 0.00125 -0.00147887 0.00283582 -0.00344789 -0.00273463 0.0152381 0.0128571
internal_weight=2136 216 1920 567 176 212 84 128 355 134 1353 309 42 28
internal_count=2136 216 1920 567 176 212 84 128 355 134 1353 309 42 28
is_linear=0
shrinkage=0.05


Tree=14
num_leaves=15
num_cat=0
split_feature=22 1 1 5 6 22 22 22 1 20 1 22 22 22
split_gain=10.3413 6.46734 3.02937 2.21135 2.11664 1.28617 1.27582 2.29971 1.21905 1.05138 1.5988 0.865801 0.84965 1.31154
threshold=0.19653276579064646 59.730000000000011 53.650000000000006 739.99000000000012 30.380000000000006 0.99094606287942044 0.42471264173135381 0.31288844364721724 70.250000000000014 16775.780000000002 65.985000000000014 0.077330756371236084 0.3933211724509133 0.78523795966413312
decision_type=2 2 2 2 2 2 2 2 2 2 2 2 2 2
left_child=1 -1 5 9 -4 12 7 -6 11 10 -3 -5 -2 -14
right_child=2 3 4 8 6 -7 -8 -9 -10 -11 -12 -13 13 -15
leaf_value=0.5139000215078724 0.39020903908923588 0.1623477110876457 -0.24701110852084973 0.19690392914824029 -0.16361202916915735 0.48352556828072202 -0.00098272241234532358 0.23410461802009072 -0.0056801479176710806 -0.034439168508938356 -0.010964686369637867 0.28279687234577017 -0.08019482885259778 0.14459105536066316
leaf_weight=40 24 44 1518 10.999999999999998 20 11.999999999999998 193 21 9.9999999999999982 47 43 21 74 58
leaf_count=40 24 44 1518 11 20 12 193 21 10 47 43 21 74 58
internal_value=-0.0010206 0.00935185 -0.0021875 0.00522727 -0.00280251 0.00422619 0.00162393 0.00963415 0.0152381 0.00208955 0.00534483 0.02 0.00301282 0.00143939
internal_weight=2136 216 1920 176 1752 168 234 41 42 134 87 32 156 132
internal_count=2136 216 1920 176 1752 168 234 41 42 134 87 32 156 132
is_linear=0
shrinkage=0.05


Tree=15
num_leaves=15
num_cat=0
split_feature=22 1 1 10 7 22 6 6 22 1 22 6 1 20
split_gain=9.88491 5.1193 2.69437 2.10028 2.09856 1.87619 4.28843 1.52453 1.3561 1.27293 1.35846 1.08635 1.07875 0.985773
threshold=0.19653276579064646 62.995000000000012 60.570000000000007 1.0000000180025095e-35 55.750000000000007 0.88768027107944258 16.460000000000004 30.380000000000006 0.24684749415872467 54.465000000000011 0.094468741652255758 30.380000000000006 45.220000000000006 16775.780000000002
decision_type=2 2 2 2 2 2 2 2 2 2 2 2 2 2
left_child=1 4 3 8 -1 7 -7 -5 -2 -6 -11 -4 -10 -3
right_child=2 13 11 5 9 6 -8 -9 12 10 -12 -13 -14 -15
leaf_value=0.11456076301968583 0.2470867198196757 0.085032383230652819 -0.30436673630943134 -0.076644405813979591 0.69726641579145832 0.29496595514929663 0.12595943126596701 0.33259791808594685 0.17769027878286858 0.089530514638021669 0.2956646405583398 0.0039671125760725187 -0.090897252725827118 -0.032717209638762422
leaf_weight=17 12.999999999999998 101 1171 89 9.9999999999999982 29 55 39 10.999999999999998 12.999999999999998 38 182 331 37
leaf_count=17 13 101 1171 89 10 29 55 39 11 13 38 182 331 37
internal_value=-0.0010206 0.00912037 -0.00216146 0.000731921 0.019359 0.00466981 0.0104762 0.000859374 -0.00161972 0.0236885 0.0204902 -0.00337398 -0.00222222 0.00333333
internal_weight=2136 216 1920 567 78 212 84 128 355 61 51 1353 342 138
internal_count=2136 216 1920 567 78 212 84 128 355 61 51 1353 342 138
is_linear=0
shrinkage=0.05


Tree=16
num_leaves=15
num_cat=0
split_feature=22 4 4 10 22 6 7 6 22 20 4 11 22 0
split_gain=9.52818 5.18201 2.44717 2.27716 2.05865 2.40667 2.01697 1.73789 1.29274 1.41951 1.18788 1.15741 1.10275 0.893997
threshold=0.19653276579064646 60.705000000000005 64.110000000000014 1.0000000180025095e-35 0.95338485815333007 16.460000000000004 55.750000000000007 30.380000000000006 0.077330756371236084 16775.780000000002 68.560000000000016 -0.99869999999999992 0.37744852145085445 26.155000000000005
decision_type=2 2 2 2 2 2 2 2 2 2 2 2 2 2
left_child=1 6 3 11 12 -6 -1 8 -3 -10 -9 13 -5 -2
right_child=2 7 -4 4 5 -7 -8 10 9 -11 -12 -13 -14 -15
leaf_value=0.12397360667437152 0.00063468858296134934 -0.21867938645032067 -0.28658994839855539 0.23438626552834607 0.24405321873433219 0.28838208830246242 0.42993263156052158 0.2413188650381918 0.10466376830869487 -0.0238274909841787 0.0018897664438340346 -0.16524471507771135 -0.0018065039371886237 0.10639699106900763
leaf_weight=10.999999999999998 87 40 1051 41 25 50 39 12.000000000000002 73 31 9.9999999999999982 432 213 21
leaf_count=11 87 40 1051 41 25 50 39 12 73 31 10 432 213 21
internal_value=-0.00106742 0.00888889 -0.0021875 -0.000224397 0.00305471 0.0103333 0.023 0.00463855 0.00263889 0.00557692 0.0177273 -0.00222222 0.000905511 0.00240741
internal_weight=2136 216 1920 869 329 75 50 166 144 104 22 540 254 108
internal_count=2136 216 1920 869 329 75 50 166 144 104 22 540 254 108
is_linear=0
shrinkage=0.05


Tree=17
num_leaves=15
num_cat=0
split_feature=22 1 5 22 1 22 1 1 11 22 6 1 22 20
split_gain=8.47577 5.05236 2.72338 2.59181 2.26406 1.97932 1.89072 1.57065 2.30003 6.57281 2.322 1.11111 0.839161 0.8291
threshold=0.36146417736073544 59.730000000000011 739.99000000000012 0.21336913576298863 45.220000000000006 0.31288844364721724 70.250000000000014 66.820000000000007 -0.74519999999999997 0.88768027107944258 30.380000000000006 54.465000000000011 0.19653276579064646 16775.780000000002
decision_type=2 2 2 2 2 2 2 2 2 2 2 2 2 2
left_child=1 3 13 11 -2 -5 12 8 10 -10 -6 -1 -4 -3
right_child=4 2 6 5 7 -7 -8 -9 9 -11 -12 -13 -14 -15
leaf_value=0.60701255394486786 0.42973189095854547 0.041101646622994058 0.22925291987192181 0.052966064646324119 -0.1915285645197036 0.34098482042304362 -0.045504686458922444 -0.47368932884917481 -0.22638935026811155 0.22297160790147219 0.21869812776359621 0.19567295430472276 0.15785302908638937 -0.076787984215649557
leaf_weight=14.999999999999998 12.999999999999998 176 32 38 735 13.999999999999998 22 685 71 51 125 30 33 96
leaf_count=15 13 176 32 38 735 14 22 685 71 51 125 30 33 96
internal_value=-0.00106742 0.00497807 0.00224234 0.0151031 -0.00270833 0.0075 0.00994253 -0.00287043 -0.0015886 0.00483606 -0.0025 0.0238889 0.0142308 -0.000220589
internal_weight=2136 456 359 97 1680 52 87 1667 982 122 860 45 65 272
internal_count=2136 456 359 97 1680 52 87 1667 982 122 860 45 65 272
is_linear=0
shrinkage=0.05


Tree=18
num_leaves=15
num_cat=0
split_feature=22 1 1 22 22 9 22 1 1 22 10 6 1 22
split_gain=7.64069 4.37607 2.20658 3.30784 2.07218 2.03642 1.69607 1.57763 1.55544 1.16128 1.38956 0.933081 0.901409 0.877635
threshold=0.36146417736073544 59.730000000000011 56.180000000000007 0.99879288126755872 0.17963823861099873 0.46000000000000002 0.31288844364721724 70.190000000000012 55.495000000000012 0.6547626423706755 0.65755000000000019 30.380000000000006 70.365000000000009 0.24684749415872467
decision_type=2 2 2 2 2 2 2 2 2 2 2 2 2 2
left_child=1 4 3 9 8 12 13 -7 -1 -2 -11 -4 -3 -6
right_child=2 5 11 -5 6 7 -8 -9 -10 10 -12 -13 -14 -15
leaf_value=0.58236192455485181 -0.10393125647263923 0.03332198626199704 -0.29151748947636341 0.45518386989022358 0.25665269464290213 0.19093826642277181 0.32393557940189149 -0.024959134520423101 0.15580172971500483 0.013652888929971624 0.23430314253416107 -0.0055461894754794162 -0.16224160310396146 -0.036800719575980655
leaf_weight=12.999999999999998 88 196 1250 9.9999999999999982 22 56 13.999999999999998 26 24 116 19 197 81 24
leaf_count=13 88 196 1250 10 22 56 14 26 24 116 19 197 81 24
internal_value=-0.00109083 0.00464912 -0.00264881 0.00186695 0.0140722 0.00210306 0.00833333 0.00902439 0.0233784 0.00060538 0.00351852 -0.00337595 5.41504e-05 0.00369565
internal_weight=2136 456 1680 233 97 359 60 82 37 223 135 1447 277 46
internal_count=2136 456 1680 233 97 359 60 82 37 223 135 1447 277 46
is_linear=0
shrinkage=0.05


Tree=19
num_leaves=15
num_cat=0
split_feature=23 1 1 23 23 5 23 23 23 1 10 10 23 1
split_gain=7.74601 4.27482 2.27017 2.3281 2.07218 1.97101 2.03256 1.76905 1.69607 1.55544 1.33188 0.90409 1.22025 2.29625
threshold=0.93234632485081093 59.730000000000011 57.305000000000007 0.048361154940047744 0.98369513783825568 739.99000000000012 0.94422823979932036 0.98369513783825568 0.94975093725139803 55.495000000000012 1.0000000180025095e-35 1.0000000180025095e-35 0.30163443639916493 66.820000000000007
decision_type=2 2 2 2 2 2 2 2 2 2 2 2 2 2
left_child=2 4 3 -1 8 -3 -7 -8 -2 -6 -5 -4 13 -13
right_child=1 5 11 10 9 6 7 -9 -10 -11 -12 12 -14 -15
leaf_value=0.32692290886427039 0.30773880043179697 0.0016492899404647221 -0.40110654372887455 -0.045074759620741818 0.55324382832710917 0.19500526829799303 -0.064060272496187648 0.18369637109646053 0.14511267229626121 0.14801164322925475 0.12752242406382916 0.17229712758467899 -0.10636121010912539 -0.12972324584982853
leaf_weight=15.999999999999998 13.999999999999998 272 863 177 12.999999999999998 9.9999999999999982 40 37 46 24 93 77 393 61
leaf_count=16 14 272 863 177 13 10 40 37 46 24 93 77 393 61
internal_value=-0.0010206 0.00475877 -0.00258929 0.00146853 0.0140722 0.00224234 0.0087931 0.00603896 0.00833333 0.0233784 0.000370369 -0.00342181 -0.00179849 0.00224638
internal_weight=2136 456 1680 286 97 359 87 77 60 37 270 1394 531 138
internal_count=2136 456 1680 286 97 359 87 77 60 37 270 1394 531 138
is_linear=0
shrinkage=0.05


Tree=20
num_leaves=15
num_cat=0
split_feature=22 1 1 9 1 0 8 9 22 10 9 1 1 10
split_gain=7.44785 4.558 2.6155 2.51996 2.16847 2.93496 1.64385 1.52247 1.44794 1.64484 1.4694 1.34706 0.927636 1.45061
threshold=0.24684749415872467 52.010000000000012 53.650000000000006 0.46000000000000002 65.385000000000005 23.455000000000002 17.745000000000005 0.36000000000000004 0.78523795966413312 -0.10059999999999999 0.37500000000000006 62.265000000000008 66.925000000000011 0.65755000000000019
decision_type=2 2 2 2 2 2 2 2 2 2 2 2 2 2
left_child=1 -1 8 7 5 -5 12 11 -2 -10 -11 -3 13 -4
right_child=2 3 6 4 -6 -7 -8 -9 9 10 -12 -13 -14 -15
leaf_value=0.52273163775713982 -0.0010984841118244903 0.21375081925045547 -0.20399406251473701 -0.016104607278349774 0.011266970396201503 0.24656858449641847 0.052813245764212702 -0.028550845664533767 -0.015104778138870191 0.13581544815983251 0.33862858491711706 0.037134681593023106 -0.48567465116049857 0.12201698782268643
leaf_weight=13.999999999999998 94 29 685 10.999999999999998 30 27 226 102 29 30 10.999999999999998 75 661 112
leaf_count=14 94 29 685 11 30 27 226 102 29 30 11 75 661 112
internal_value=-0.0010206 0.00645833 -0.00218615 0.0050365 0.0133824 0.0213158 -0.00277316 0.00228155 0.00384146 0.00928571 0.0157317 0.00653846 -0.0033882 -0.00223965
internal_weight=2136 288 1848 274 68 38 1684 206 164 70 41 104 1458 797
internal_count=2136 288 1848 274 68 38 1684 206 164 70 41 104 1458 797
is_linear=0
shrinkage=0.05


Tree=21
num_leaves=15
num_cat=0
split_feature=23 1 1 23 23 23 10 1 23 20 1 1 6 11
split_gain=8.03371 3.96167 2.12409 2.07905 1.89848 1.80692 4.51418 1.70776 2.71292 1.74758 1.55544 1.52564 1.12603 0.979227
threshold=0.93842613001991437 59.730000000000011 61.605000000000011 0.98369513783825568 0.94975093725139803 0.46038001402560286 0.65755000000000019 69.515000000000015 0.94422823979932036 16775.780000000002 55.495000000000012 56.475000000000001 30.380000000000006 -0.99869999999999992
decision_type=2 2 2 2 2 2 2 2 2 2 2 2 2 2
left_child=2 3 5 4 -2 6 13 8 -3 -10 -5 -8 -7 -1
right_child=1 7 -4 10 -6 12 11 -9 9 -11 -12 -13 -14 -15
leaf_value=0.10104218044839625 0.32007750286430398 0.18661749188257765 -0.26732027873857289 0.49944505502289654 0.12716949771892536 -0.1416122086629352 0.32020063111320324 -0.052169108665557497 0.12821836534020589 -0.061047615327524611 0.12877489922146265 0.16923139898010789 0.1804776695749693 -0.036133908392782244
leaf_weight=34 10.999999999999998 11.999999999999998 1120 12.999999999999998 46 291 12.999999999999998 123 151 52 24 21 38 187
leaf_count=34 11 12 1120 13 46 291 13 123 151 52 24 21 38 187
internal_value=-0.0010206 0.00506944 -0.00256456 0.0141489 0.00815789 -0.000119864 0.00303921 0.00254438 0.00523256 0.00386699 0.0233784 0.02 -0.00256839 0.000429863
internal_weight=2136 432 1704 94 57 584 255 338 215 203 37 34 329 221
internal_count=2136 432 1704 94 57 584 255 338 215 203 37 34 329 221
is_linear=0
shrinkage=0.05


Tree=22
num_leaves=15
num_cat=0
split_feature=22 4 6 4 4 4 4 10 0 7 22 22 7 4
split_gain=7.31899 4.38226 2.60186 2.43156 1.82713 1.48028 1.40881 2.08601 1.29082 0.923077 0.904156 4.87212 0.791771 0.745486
threshold=0.19653276579064646 62.995000000000012 30.380000000000006 46.830000000000005 55.495000000000012 56.180000000000007 66.925000000000011 0.65755000000000019 26.375000000000004 55.750000000000007 0.82594856731250699 0.77447169083781808 55.750000000000007 72.745000000000019
decision_type=2 2 2 2 2 2 2 2 2 2 2 2 2 2
left_child=1 4 3 -2 -1 -4 7 -5 9 -6 11 -7 -3 -14
right_child=2 12 5 6 8 10 -8 -9 -10 -11 -12 -13 13 -15
leaf_value=0.4659228048109107 0.22682250545315474 -0.024741733913637376 0.34734322352863622 -0.12404710380399098 -0.050900003430213669 0.0047240158725481152 -0.39851752216566982 0.10405597252451562 0.18673809167531671 0.19665235562540831 -0.086972912075567843 0.42274584426023659 0.040458129486551524 -0.07602212675416381
leaf_weight=15.999999999999998 30 37 14.999999999999998 826 12.999999999999998 111 690 134 9.9999999999999982 39 99 14.999999999999998 85 15.999999999999998
leaf_count=16 30 37 15 826 13 111 690 134 10 39 99 15 85 16
internal_value=-0.00076311 0.00796296 -0.00174479 -0.00244048 0.0174359 0.003125 -0.00269697 -0.00145833 0.0135484 0.0103846 0.00211111 0.00492063 0.00260869 0.00490099
internal_weight=2136 216 1920 1680 78 240 1650 960 62 52 225 126 138 101
internal_count=2136 216 1920 1680 78 240 1650 960 62 52 225 126 138 101
is_linear=0
shrinkage=0.05


Tree=23
num_leaves=15
num_cat=0
split_feature=22 4 4 22 5 22 22 22 22 6 22 10 10 4
split_gain=6.97055 3.9104 2.09773 2.19524 1.97101 2.03256 1.76905 1.71665 1.69607 1.36474 1.31452 1.7028 1.10684 0.954141
threshold=0.36146417736073544 59.730000000000011 56.180000000000007 0.99879288126755872 739.99000000000012 0.32917936166072764 0.17963823861099873 0.17963823861099873 0.31288844364721724 30.380000000000006 0.78523795966413312 0.65755000000000019 -0.10059999999999999 67.995000000000019
decision_type=2 2 2 2 2 2 2 2 2 2 2 2 2 2
left_child=1 7 3 10 -3 6 -6 12 -9 -4 -2 -12 -1 -11
right_child=2 4 9 -5 5 -7 -8 8 -10 13 11 -13 -14 -15
leaf_value=0.161978389356631 -0.09455043007280807 0.0029582451937107844 -0.23241165617621962 0.39078467083958346 0.15242958406595716 0.17497515521009607 -0.042245181905686546 0.12701337802317875 0.28970660676256987 0.14179521670147127 0.0067966425946096674 0.19184244959570618 0.43122666795591053 -0.10359321849754871
leaf_weight=17 112 272 1250 9.9999999999999982 37 9.9999999999999982 40 46 13.999999999999998 123 95 15.999999999999998 20 74
leaf_count=17 112 272 1250 10 37 10 40 46 14 123 95 16 20 74
internal_value=-0.000833335 0.00464912 -0.00232143 0.00208154 0.00224234 0.0087931 0.00603896 0.0135567 0.00833333 -0.00303041 0.00105381 0.00490991 0.022027 0.000837562
internal_weight=2136 456 1680 233 359 87 77 97 60 1447 223 111 37 197
internal_count=2136 456 1680 233 359 87 77 97 60 1447 223 111 37 197
is_linear=0
shrinkage=0.05


Tree=24
num_leaves=15
num_cat=0
split_feature=22 22 22 1 1 22 21 9 1 1 8 22 10 1
split_gain=6.52059 3.88902 2.76144 4.11188 2.14581 1.78726 1.68451 1.43644 1.37619 1.28768 1.23455 1.10505 2.79108 0.690099
threshold=0.34537287020513602 0.32917936166072764 0.24684749415872467 59.730000000000011 53.650000000000006 0.78523795966413312 12658.940000000002 0.46000000000000002 67.90000000000002 50.035000000000004 17.745000000000005 0.95338485815333007 0.65755000000000019 67.995000000000019
decision_type=2 2 2 2 2 2 2 2 2 2 2 2 2 2
left_child=1 2 3 9 5 -2 -7 -5 -3 -1 11 -6 -13 -12
right_child=4 8 -4 7 10 6 -8 -9 -10 -11 13 12 -14 -15
leaf_value=0.42991155164545081 -0.076215897479644676 0.27522127642444127 -0.084132099735378371 0.014278231166553124 -0.33642004476258758 0.11949612483032285 0.19559821169334152 0.13017111149214397 0.11296071248431212 0.12562496948230417 0.13656267798197111 -0.11527212496124627 0.17014426358535972 -0.088112592861708638
leaf_weight=11.999999999999998 77 14.000000000000002 120 177 1006 43 27 52 9.9999999999999982 47 132 293 50 76
leaf_count=12 77 14 120 177 1006 43 27 52 10 47 132 293 50 76
internal_value=-0.000880151 0.00460648 0.00345588 0.00611111 -0.00227113 0.0035034 0.00928571 0.0030786 0.0241667 0.0178814 -0.00281631 -0.00336916 -0.000918369 0.00076923
internal_weight=2136 432 408 288 1704 147 70 229 24 59 1557 1349 343 208
internal_count=2136 432 408 288 1704 147 70 229 24 59 1557 1349 343 208
is_linear=0
shrinkage=0.05


Tree=25
num_leaves=15
num_cat=0
split_feature=22 22 1 9 1 22 22 10 22 1 1 9 6 1
split_gain=6.08905 3.98162 3.066 3.02649 2.4993 2.18772 1.8591 1.79137 1.67511 2.01515 1.37619 0.757867 0.582641 0.489722
threshold=0.34537287020513602 0.32917936166072764 65.50500000000001 0.46000000000000002 46.830000000000005 0.24684749415872467 0.17963823861099873 1.0000000180025095e-35 0.77447169083781808 66.925000000000011 67.90000000000002 0.36000000000000004 30.380000000000006 57.400000000000006
decision_type=2 2 2 2 2 2 2 2 2 2 2 2 2 2
left_child=1 2 3 6 11 -5 -1 13 12 -10 -3 -2 -9 -6
right_child=4 10 -4 5 7 -7 -8 8 9 -11 -12 -13 -14 -15
leaf_value=0.17994348770661925 0.15107215557177922 0.26146021260321917 -0.021585274773003722 0.25090836221581098 -0.022470863791513196 0.030995669251416193 -0.057617806134928562 -0.43304225629049364 0.16299050993527797 -0.10942574383636879 0.10731267686009649 0.14275742920251164 -0.0017342825470401939 -0.3104722700585783
leaf_weight=73 13.000000000000002 14.000000000000002 199 43 180 15.999999999999998 77 180 218 139 9.9999999999999982 10.999999999999998 92 871
leaf_count=73 13 14 199 43 180 16 77 180 218 139 10 11 92 871
internal_value=-0.000926967 0.004375 0.00321078 0.00744019 -0.00227113 0.0170339 0.00366667 -0.0025 -0.000389508 0.00186274 0.0241667 0.01375 -0.00334559 -0.00376308
internal_weight=2136 432 408 209 1704 59 150 1680 629 357 24 24 272 1051
internal_count=2136 432 408 209 1704 59 150 1680 629 357 24 24 272 1051
is_linear=0
shrinkage=0.05


Tree=26
num_leaves=15
num_cat=0
split_feature=22 4 4 5 22 4 20 22 22 22 20 4 20 6
split_gain=6.20007 3.74341 1.7615 2.69958 1.64878 1.9566 1.58929 1.40625 1.89848 1.38206 1.37589 1.31055 1.27358 0.987734
threshold=0.34537287020513602 59.730000000000011 69.515000000000015 739.99000000000012 0.7957718639449195 64.035000000000011 17600.100000000002 0.17963823861099873 0.31288844364721724 0.88768027107944258 1.0000000180025095e-35 55.495000000000012 16775.780000000002 30.380000000000006
decision_type=2 2 2 2 2 2 2 2 2 2 2 2 2 2
left_child=1 7 3 12 13 6 10 11 -9 -8 -6 -1 -3 -2
right_child=4 2 -4 -5 5 -7 9 8 -10 -11 -12 -13 -14 -15
leaf_value=0.40216544684029326 -0.3556842616807484 0.074830214652996482 -0.045021525462591222 0.14668788224522425 0.11033379710498126 -0.15389848828903052 -0.08994064985173178 0.11726235095465108 0.26895657812177676 0.19487669304645083 -0.029395779690584961 0.08260369392846903 -0.056365455934812396 0.003572120980461055
leaf_weight=12.999999999999998 693 106 123 55 56 476 12.999999999999998 46 10.999999999999998 43 324 24 54 99
leaf_count=13 693 106 123 55 56 476 13 46 11 43 324 24 54 99
internal_value=-0.00109083 0.00425926 0.00180473 0.00453488 -0.00244718 -0.000997808 0.00142202 0.0130851 0.00815789 0.00928571 0.000263157 0.0206757 0.00125 -0.00411616
internal_weight=2136 432 338 215 1704 912 436 94 57 56 380 37 160 792
internal_count=2136 432 338 215 1704 912 436 94 57 56 380 37 160 792
is_linear=0
shrinkage=0.05


Tree=27
num_leaves=15
num_cat=0
split_feature=23 23 23 9 6 23 21 0 5 9 21 23 10 23
split_gain=5.32042 3.35635 2.25592 2.34375 1.46076 1.63789 1.50893 1.28125 1.125 1.04167 1.04167 0.766449 0.9 0.632476
threshold=0.93842613001991437 0.94422823979932036 0.96901616890815878 0.46000000000000002 30.380000000000006 0.065534810592492068 12658.940000000002 22.755000000000006 568.63000000000011 0.36000000000000004 12333.330000000002 0.61913436964878354 0.65755000000000019 0.563679860499117
decision_type=2 2 2 2 2 2 2 2 2 2 2 2 2 2
left_child=4 10 -3 9 5 6 -1 -5 -8 -4 -2 12 -7 -6
right_child=1 2 3 7 13 11 8 -9 -10 -11 -12 -13 -14 -15
leaf_value=-0.034592184881789771 0.24825510174229637 -0.086817044101851204 0.12100739567732791 -0.012573870091556642 -0.071019333348322555 -0.13693639741826877 0.18067293921957997 0.19718938566897848 -0.22268764231449381 -0.025210906254084842 0.11066660208696891 -0.35237816186040821 0.076351076872017393 0.12375410289448344
leaf_weight=48 12.000000000000002 120 108 12.999999999999998 105 630 24 59 11.999999999999998 108 11.999999999999998 672 105 108
leaf_count=48 12 120 108 13 105 630 24 59 12 108 12 672 105 108
internal_value=-0.00104401 0.00391204 0.00284314 0.00524305 -0.00230047 -0.00285379 0.00392857 0.0130556 0.0116667 0.00263889 0.0220833 -0.00325871 -0.00214286 0.00157277
internal_weight=2136 432 408 288 1704 1491 84 72 36 216 24 1407 735 213
internal_count=2136 432 408 288 1704 1491 84 72 36 216 24 1407 735 213
is_linear=0
shrinkage=0.05


Tree=28
num_leaves=15
num_cat=0
split_feature=4 23 23 4 9 23 4 0 10 21 7 6 4 4
split_gain=6.02303 4.29483 3.13791 1.89593 2.03762 1.64015 1.95165 1.16599 1.09566 0.890646 0.775641 0.564757 0.814858 0.364339
threshold=46.830000000000005 0.93842613001991437 0.94422823979932036 64.715000000000018 0.46000000000000002 0.63255009372278048 67.040000000000006 23.475000000000005 -0.10059999999999999 12333.330000000002 68.540000000000006 30.380000000000006 59.145000000000003 70.365000000000009
decision_type=2 2 2 2 2 2 2 2 2 2 2 2 2 2
left_child=7 5 9 4 -4 6 8 -1 -2 -3 -9 -7 -13 -5
right_child=1 2 3 13 -6 11 -8 10 -10 -11 -12 12 -14 -15
leaf_value=0.036251234310249951 -0.077082084316460034 0.17055955871565745 0.065674393882180479 0.0043038679744444456 0.13872962115108189 -0.35744807510451099 -0.21658678166253309 0.37415503764864488 0.080069994837670022 0.10513327198262046 0.37416357910499232 0.14880146651028658 -0.02516120200154881 -0.099026475624472532
leaf_weight=12.999999999999998 212 11.000000000000002 127 122 52 637 379 12.000000000000002 360 11.999999999999998 12.999999999999998 18 74 94
leaf_count=13 212 11 127 122 52 637 379 12 360 12 13 18 74 94
internal_value=-0.00104401 -0.00140134 0.00313397 0.00208861 0.00589385 -0.00252976 -0.00116194 0.0186842 0.000681817 0.021087 0.025 -0.00431413 -0.000652175 -0.00106482
internal_weight=2136 2098 418 395 179 1680 951 38 572 23 25 729 92 216
internal_count=2136 2098 418 395 179 1680 951 38 572 23 25 729 92 216
is_linear=0
shrinkage=0.05


Tree=29
num_leaves=15
num_cat=0
split_feature=1 22 22 20 1 6 22 1 0 1 21 7 1 22
split_gain=6.03733 4.34008 3.13791 1.64153 2.18026 1.49692 1.29132 1.35585 1.16599 0.915452 0.890646 0.775641 0.723223 0.393428
threshold=46.830000000000005 0.34537287020513602 0.32917936166072764 16775.780000000002 66.750000000000014 30.380000000000006 0.78523795966413312 64.035000000000011 23.475000000000005 59.235000000000007 12333.330000000002 68.540000000000006 58.585000000000008 0.77447169083781808
decision_type=2 2 2 2 2 2 2 2 2 2 2 2 2 2
left_child=8 2 3 4 -2 6 -3 -8 -1 12 -4 -10 -7 -11
right_child=1 5 10 -5 -6 9 7 -9 11 13 -12 -13 -14 -15
leaf_value=0.034438672594737478 0.11228738560444583 -0.34423523268748957 0.16203158077987467 -0.079559018003569487 -0.024337663502119123 0.16914627021743939 0.01369659112947479 -0.18769759668852051 0.35544728576621276 -0.021767258687319824 0.099876608383489454 0.35545540014974258 0.28436716122603584 0.034319299230877724
leaf_weight=12.999999999999998 170 658 11.000000000000002 99 126 27 381 429 12.000000000000002 73 11.999999999999998 12.999999999999998 9.9999999999999982 102
leaf_count=13 170 658 11 99 126 27 381 429 12 73 12 13 10 102
internal_value=-0.00106742 -0.00142517 0.00313397 0.00208861 0.0039527 -0.00255953 -0.0031267 -0.00179012 0.0186842 0.00136792 0.021087 0.025 0.00851351 -0.000142858
internal_weight=2136 2098 418 395 296 1680 1468 810 38 212 23 25 37 175
internal_count=2136 2098 418 395 296 1680 1468 810 38 212 23 25 37 175
is_linear=0
shrinkage=0.05


Tree=30
num_leaves=15
num_cat=0
split_feature=22 22 1 1 22 1 1 20 1 10 21 10 8 1
split_gain=4.64789 3.48584 2.58077 1.8836 1.5533 1.49992 1.48942 1.6851 1.14405 1.11873 0.666667 0.52993 0.523239 0.814858
threshold=0.34537287020513602 0.32917936166072764 48.310000000000009 46.830000000000005 0.77447169083781808 67.040000000000006 64.715000000000018 16775.780000000002 66.010000000000005 0.65755000000000019 12658.940000000002 -0.10059999999999999 17.745000000000005 59.145000000000003
decision_type=2 2 2 2 2 2 2 2 2 2 2 2 2 2
left_child=1 2 -1 10 12 9 7 -4 -3 -6 -2 -8 -5 -14
right_child=3 8 6 4 5 -7 11 -9 -10 -11 -12 -13 13 -15
leaf_value=0.33792254503272995 0.0019038605393529523 0.24525065699398818 0.11901593234513691 -0.32236390971491097 -0.0057665347576308949 -0.20525333862503725 -0.090840531208363107 -0.03117421897254076 0.086104428111561451 0.14828389173178855 0.27594309979309989 0.0066099833197343916 0.1271430351234705 -0.022814778967105424
leaf_weight=13.999999999999998 12.000000000000002 10.000000000000002 137 637 502 379 78 41 13.999999999999998 70 11.999999999999998 138 18 74
leaf_count=14 12 10 137 637 502 379 78 41 14 70 12 138 18 74
internal_value=-0.00106742 0.00356481 0.00247549 -0.00224179 -0.00244048 -0.00110936 0.00172589 0.00511236 0.0220833 0.000506992 0.0116667 -0.00106482 -0.00417696 -0.000652175
internal_weight=2136 432 408 1704 1680 951 394 178 24 572 24 216 729 92
internal_count=2136 432 408 1704 1680 951 394 178 24 572 24 216 729 92
is_linear=0
shrinkage=0.05


Tree=31
num_leaves=15
num_cat=0
split_feature=22 22 1 1 20 1 22 1 1 22 0 22 0 6
split_gain=4.97713 3.39924 2.52115 1.87566 1.57935 1.74096 1.25439 1.3734 1.14405 0.887322 0.666667 0.442329 0.550106 0.356383
threshold=0.34537287020513602 0.32917936166072764 48.310000000000009 46.830000000000005 16775.780000000002 66.750000000000014 0.77447169083781808 67.040000000000006 66.010000000000005 0.82594856731250699 23.915000000000003 0.40907743338811486 25.715000000000003 30.380000000000006
decision_type=2 2 2 2 2 2 2 2 2 2 2 2 2 2
left_child=1 2 -1 10 5 -4 11 9 -3 -8 -2 12 -5 -9
right_child=3 8 4 6 -6 -7 7 13 -10 -11 -12 -13 -14 -15
leaf_value=0.32102641778109331 0.014343316251580064 0.23298812414428874 0.10598542310896571 -0.054072006139569077 -0.075533728660598376 -0.022416380905902433 0.20638090576571813 -0.2575509184457721 0.081799206705983396 -0.0042061076989105975 0.26798814391702236 -0.31267358803359513 0.071201435649678471 -0.0049099050091500592
leaf_weight=13.999999999999998 12.000000000000002 10.000000000000002 169 64 99 126 71 335 13.999999999999998 501 11.999999999999998 634 31 44
leaf_count=14 12 10 169 64 99 126 71 335 14 501 12 634 31 44
internal_value=-0.000997192 0.0037963 0.00272059 -0.00221244 0.00197969 0.00381356 -0.00241072 -0.00121451 0.0220833 0.000332167 0.0116667 -0.00397119 -0.000789475 -0.00354881
internal_weight=2136 432 408 1704 394 295 1680 951 24 572 24 729 95 379
internal_count=2136 432 408 1704 394 295 1680 951 24 572 24 729 95 379
is_linear=0
shrinkage=0.05


Tree=32
num_leaves=15
num_cat=0
split_feature=22 1 21 0 0 1 8 0 22 22 1 0 11 22
split_gain=4.11317 2.89962 2.22644 1.68517 1.72861 1.67167 1.53578 1.3102 1.23355 1.15142 0.931388 0.856719 0.689479 0.651855
threshold=0.37744852145085445 64.715000000000018 8878.6050000000014 26.545000000000005 22.120000000000001 50.965000000000011 17.745000000000005 23.515000000000004 0.7957718639449195 0.98575081589502089 64.035000000000011 27.005000000000006 -0.98919999999999997 0.82594856731250699
decision_type=2 2 2 2 2 2 2 2 2 2 2 2 2 2
left_child=1 2 7 4 -4 9 8 -1 -7 -2 -10 -5 -3 -8
right_child=5 12 3 11 -6 6 13 -9 10 -11 -12 -13 -14 -15
leaf_value=0.11396492225935886 0.01134513705409072 0.018428199733633788 0.15886537236634701 0.26216166570507143 -0.019700935773728619 -0.32418178166882961 0.095449189767671708 0.20386987712039217 0.0041733461160922804 0.25493689067328568 -0.15664862700815929 0.082271091282099681 -0.037615455342883977 -0.062277615680685676
leaf_weight=20 46 103 23 11.000000000000002 111 624 100 41 357 11.999999999999998 413 11.999999999999998 159 104
leaf_count=20 46 103 23 11 111 624 100 41 357 12 413 12 159 104
internal_value=-0.000950376 0.003125 0.00738532 0.00423567 0.00208955 -0.00213164 -0.00243429 0.0154918 -0.00302726 0.0062069 -0.00168831 0.0167391 -0.000419849 0.00161765
internal_weight=2136 480 218 157 134 1656 1598 61 1394 58 770 23 262 204
internal_count=2136 480 218 157 134 1656 1598 61 1394 58 770 23 262 204
is_linear=0
shrinkage=0.05


Tree=33
num_leaves=15
num_cat=0
split_feature=22 4 4 22 22 10 10 9 9 22 22 22 22 4
split_gain=3.63098 4.13756 1.688 1.24577 3.2183 2.70173 2.03322 1.05051 1.05727 0.944694 1.265 0.805009 0.752759 0.67031
threshold=0.24684749415872467 52.010000000000012 67.015000000000015 0.95338485815333007 0.96319629568591714 -0.10059999999999999 0.65755000000000019 0.46000000000000002 0.36000000000000004 0.40907743338811486 0.31288844364721724 0.077330756371236084 0.77447169083781808 69.230000000000004
decision_type=2 2 2 2 2 2 2 2 2 2 2 2 2 2
left_child=1 -1 3 9 5 -5 -6 8 11 10 -2 -3 -11 -9
right_child=2 7 -4 4 6 -7 -8 13 -10 12 -12 -13 -14 -15
leaf_value=0.33118909392495421 -0.16471211925757853 -0.24406221658440314 -0.24092409106617027 0.025183182009932106 -0.011690766490891135 0.51943064816505724 0.16424940347884925 0.098502599074659886 -0.030042805237141385 -0.1654996132866848 0.087164095326567659 0.094961934506944401 -0.0044402472550704123 -0.021085712785618861
leaf_weight=13.999999999999998 56 18 749 11.000000000000002 211 9.9999999999999982 31 49 102 390 72 86 318 19
leaf_count=14 56 18 749 11 211 10 31 49 102 390 72 86 318 19
internal_value=-0.0010206 0.00420139 -0.00183442 -0.000586898 0.00241445 0.0211905 0.000785123 0.00284671 0.00106796 -0.0015311 0.00242187 0.00461538 -0.00224576 0.00823529
internal_weight=2136 288 1848 1099 263 21 242 274 206 836 128 104 708 68
internal_count=2136 288 1848 1099 263 21 242 274 206 836 128 104 708 68
is_linear=0
shrinkage=0.05


Tree=34
num_leaves=15
num_cat=0
split_feature=1 22 9 20 6 1 22 22 22 11 22 22 22 22
split_gain=4.43707 2.92509 1.89765 1.62214 1.49308 1.35471 1.6874 1.34108 1.05602 0.966463 0.871278 0.764095 5.04813 0.645378
threshold=46.830000000000005 0.37744852145085445 0.46000000000000002 2371.8400000000006 30.380000000000006 70.190000000000012 0.32917936166072764 0.78523795966413312 0.2965049369093406 -0.74519999999999997 0.31288844364721724 0.82594856731250699 0.77447169083781808 0.95843238470078729
decision_type=2 2 2 2 2 2 2 2 2 2 2 2 2 2
left_child=8 2 3 10 7 6 -4 -3 -1 -9 -2 12 -6 -13
right_child=1 4 5 -5 11 -7 -8 9 -10 -11 -12 13 -14 -15
leaf_value=0.30161838571346494 0.046683631351681951 -0.30486342079821305 0.096793786430270035 -0.040702096620426002 -0.0041275216099458476 -0.037444644010644741 0.15926386394488098 -0.088042787603295425 0.15056887573250538 0.10918527355036003 0.10310447086698311 -0.10897298103695158 0.40293516334124607 0.23920023760080819
leaf_weight=9.9999999999999982 93 617 76 231 86 29 11.999999999999998 695 28 115 24 54 14.999999999999998 51
leaf_count=10 93 617 76 231 86 29 12 695 28 115 24 54 15 51
internal_value=-0.000880151 -0.00118685 0.00231183 0.000459769 -0.0021831 0.00782051 0.0109091 -0.00275753 0.0160526 -0.00141975 0.00525641 0.00179612 0.00490099 -0.00119048
internal_weight=2136 2098 465 348 1633 117 88 1427 38 810 117 206 101 105
internal_count=2136 2098 465 348 1633 117 88 1427 38 810 117 206 101 105
is_linear=0
shrinkage=0.05


Tree=35
num_leaves=15
num_cat=0
split_feature=23 1 9 23 1 9 1 23 21 6 23 23 1 10
split_gain=3.54594 2.67593 1.65517 1.63828 1.58577 1.26724 1.26724 1.76736 1.09524 1.08667 4.86407 0.979425 0.752024 0.676613
threshold=0.92599062340417404 48.310000000000009 0.46000000000000002 0.63255009372278048 57.400000000000006 0.36000000000000004 70.190000000000012 0.94422823979932036 12658.940000000002 30.380000000000006 0.563679860499117 0.46038001402560286 62.725000000000001 0.65755000000000019
decision_type=2 2 2 2 2 2 2 2 2 2 2 2 2 2
left_child=3 -2 5 4 8 12 7 -4 -1 13 -11 -10 -3 -6
right_child=1 2 6 -5 9 -7 -8 -9 11 10 -12 -13 -14 -15
leaf_value=0.0045383156145730134 0.31640232691581066 0.12979173032219748 0.15130067074763701 -0.22129093945672193 -0.15910533867893506 -0.049232185859093315 -0.03557241181011251 0.093593879617083375 0.16532603252390654 -0.056311041222471117 0.38888569186708355 -0.0053743698188239535 0.0060705914005879788 0.07237955492367977
leaf_weight=92 15.999999999999998 51 11.999999999999998 696 592 174 29 75 48 96 13.999999999999998 21 123 97
leaf_count=92 16 51 12 696 592 174 29 75 48 96 14 21 123 97
internal_value=-0.00076311 0.00302083 0.00232759 -0.0018599 -0.000520835 0.000603447 0.0075 0.0105172 0.00400621 -0.00143304 0.00318182 0.00876811 0.00362069 -0.00216981
internal_weight=2136 480 464 1656 960 348 116 87 161 799 110 69 174 689
internal_count=2136 480 464 1656 960 348 116 87 161 799 110 69 174 689
is_linear=0
shrinkage=0.05


Tree=36
num_leaves=15
num_cat=0
split_feature=1 22 22 1 21 20 1 22 22 11 6 22 22 6
split_gain=4.44934 2.23008 2.76603 1.48068 1.30731 1.09921 1.15832 1.05602 1.0455 1.02775 0.547601 0.534212 2.58374 0.516625
threshold=46.830000000000005 0.34537287020513602 0.32917936166072764 64.110000000000014 12333.330000000002 16775.780000000002 66.750000000000014 0.2965049369093406 0.77447169083781808 -0.99869999999999992 30.380000000000006 0.95338485815333007 0.96319629568591714 30.380000000000006
decision_type=2 2 2 2 2 2 2 2 2 2 2 2 2 2
left_child=7 2 5 8 -4 6 -2 -1 10 -10 -3 13 -13 -5
right_child=1 3 4 11 -6 -7 -8 -9 9 -11 -12 12 -14 -15
leaf_value=0.27071735008200087 0.09434512019832568 -0.1158780077586179 0.14393356368755225 -0.37172956856855738 0.074490910185955175 -0.068744847892673905 -0.029236595271589588 0.14040170558670667 0.089998156712067429 0.0034548735518563113 0.054239881989381081 0.072091808832991697 -0.14504114189317879 -0.0048287321484027507
leaf_weight=9.9999999999999982 170 276 11.000000000000002 604 11.999999999999998 99 126 28 56 390 37 33 195 89
leaf_count=10 170 276 11 604 12 99 126 28 56 390 37 33 195 89
internal_value=-0.000903559 -0.00121068 0.00205742 -0.00202381 0.018913 0.00107595 0.00260135 0.0160526 -0.00038867 0.00116592 -0.00260384 -0.00337134 -0.00127193 -0.00406205
internal_weight=2136 2098 418 1680 23 395 296 38 759 446 313 921 228 693
internal_count=2136 2098 418 1680 23 395 296 38 759 446 313 921 228 693
is_linear=0
shrinkage=0.05


Tree=37
num_leaves=15
num_cat=0
split_feature=1 1 6 11 1 2 11 1 21 24 1 1 11 9
split_gain=3.20666 2.02096 1.78367 0.946142 0.686879 0.682722 0.561296 0.485203 0.659041 0.467308 0.338151 0.219305 0.57075 0.23864
threshold=46.830000000000005 66.820000000000007 30.380000000000006 -0.99869999999999992 61.810000000000009 1.0000000180025095e-35 -0.89854999999999985 42.310000000000009 12060.420000000002 2.5000000000000004 73.695000000000007 71.375000000000014 -0.99869999999999992 0.46000000000000002
decision_type=2 2 2 2 2 2 2 2 2 2 2 2 2 2
left_child=7 2 3 4 -2 9 -5 -1 -9 -4 11 13 -13 -3
right_child=1 10 5 6 -6 -7 -8 8 -10 -11 -12 12 -14 -15
leaf_value=0.23513193416334235 0.070235722673554046 -0.11157992932734664 0.13354201075340169 -0.070052991134212914 -0.02676016667915905 -0.12797896349416979 -0.0039586232319387326 0.3564917130295891 0.016842753280485172 0.18971885622536391 -0.34013078290593735 0.071437437422840075 -0.083352878425507496 -0.0056062318259770625
leaf_weight=10.999999999999998 87 328 85 457 62 14.999999999999998 461 10.000000000000002 17 53 286 21 132 111
leaf_count=11 87 328 85 457 62 15 461 10 17 53 286 21 132 111
internal_value=-0.000973784 -0.00123451 8.1966e-05 -0.000641988 0.00305369 0.00513072 -0.00124183 0.0134211 0.00981481 0.00623188 -0.00306378 -0.00238176 -0.000751635 -0.00294989
internal_weight=2136 2098 1220 1067 149 153 918 38 27 138 878 592 153 439
internal_count=2136 2098 1220 1067 149 153 918 38 27 138 878 592 153 439
is_linear=0
shrinkage=0.05


Tree=38
num_leaves=15
num_cat=0
split_feature=22 1 1 3 5 6 22 5 22 22 1 1 22 22
split_gain=2.90727 1.90139 1.72652 1.67467 1.7193 1.42261 1.72634 1.85387 0.831962 2.25709 0.775396 0.732129 0.709833 0.506494
threshold=0.17963823861099873 55.110000000000007 67.015000000000015 36.000000000000007 568.63000000000011 30.380000000000006 0.99781321377224363 568.63000000000011 0.82594856731250699 0.76347624337813269 69.890000000000015 52.305000000000007 0.95843238470078729 0.14569472580964501
decision_type=2 2 2 2 2 2 2 2 2 2 2 2 2 2
left_child=1 -1 5 13 -5 6 11 -8 9 -7 -6 -2 -10 -3
right_child=2 3 -4 4 10 8 7 -9 12 -11 -12 -13 -14 -15
leaf_value=0.30701887315694015 0.02233565318856635 -0.062861447255295452 -0.17632746888780018 0.0094708050471229103 0.097280510779844676 0.087495693376914777 0.12634124550453885 -0.20736840228523079 -0.1055611659193946 0.32876316755693535 0.0046227056637502149 -0.051665493855240802 0.23070665478768571 0.087844451799458975
leaf_weight=11.999999999999998 109 52 790 57 44 68 36 26 33 9.9999999999999982 12.999999999999998 838 34 13.999999999999998
leaf_count=12 109 52 790 57 44 68 36 26 33 10 13 838 34 14
internal_value=-0.000973784 0.00489583 -0.0015535 0.00361111 0.0072807 -0.000320625 -0.000986126 0.00709677 0.00431034 0.00782051 0.0134211 -0.00151531 0.000223879 -0.00272727
internal_weight=2136 192 1944 180 114 1154 1009 62 145 78 57 947 67 66
internal_count=2136 192 1944 180 114 1154 1009 62 145 78 57 947 67 66
is_linear=0
shrinkage=0.05


Tree=39
num_leaves=15
num_cat=0
split_feature=22 5 22 22 22 4 10 4 4 4 0 0 6 22
split_gain=2.69594 1.95069 1.87075 1.63828 1.47277 1.40503 1.02711 1.24076 1 0.995556 1.16312 1.5744 0.598522 0.595129
threshold=0.37744852145085445 739.99000000000012 0.32917936166072764 0.77447169083781808 0.17963823861099873 67.040000000000006 -0.10059999999999999 49.590000000000011 69.890000000000015 64.390000000000015 26.545000000000005 27.005000000000006 30.380000000000006 0.83552254320998587
decision_type=2 2 2 2 2 2 2 2 2 2 2 2 2 2
left_child=1 9 4 12 8 6 13 -8 -3 10 -1 -12 -2 -5
right_child=3 2 -4 5 -6 -7 7 -9 -10 -11 11 -13 -14 -15
leaf_value=0.042203371008144079 -0.2450146873560835 0.12932632552889728 0.060083952924588284 0.26741503908833469 -0.021255018026659515 -0.14381236415157247 0.22137318560594366 0.063042392639807751 -0.023283995561364759 -0.033502837265393784 0.20413517589163122 -0.021419351347781033 -0.0035927943900127221 -0.091955757588684975
leaf_weight=122 609 36 18 31 54 379 9.9999999999999982 357 11.999999999999998 210 16.000000000000004 11.999999999999998 87 183
leaf_count=122 609 36 18 31 54 379 10 357 12 210 16 12 87 183
internal_value=-0.000903559 0.00239583 0.00791667 -0.0018599 0.00529412 -0.000520835 0.0010241 0.00262943 0.0116667 0.000555554 0.00366667 0.0128571 -0.0037069 -0.00172897
internal_weight=2136 480 120 1656 102 960 581 367 48 360 150 28 696 214
internal_count=2136 480 120 1656 102 960 581 367 48 360 150 28 696 214
is_linear=0
shrinkage=0.05


Tree=40
num_leaves=15
num_cat=0
split_feature=1 6 23 23 23 23 23 1 23 10 10 23 23 1
split_gain=3.18583 2.2657 1.60011 1.62386 1.31014 4.36226 1.24348 1.11154 0.814424 0.748786 0.673989 0.645378 1.84766 0.331901
threshold=46.830000000000005 30.380000000000006 0.93842613001991437 0.94422823979932036 0.563679860499117 0.63255009372278048 0.60553543375389329 69.945000000000007 0.96901616890815878 0.65755000000000019 1.0000000180025095e-35 0.2851900856177319 0.21861778653020106 52.305000000000007
decision_type=2 2 2 2 2 2 2 2 2 2 2 2 2 2
left_child=10 2 6 -4 11 -6 9 -7 -5 -2 -1 12 -3 -8
right_child=1 4 3 8 5 7 13 -9 -10 -11 -12 -13 -14 -15
leaf_value=0.16670420023154739 -0.065279505217067033 -0.13150168857200681 0.11630583534758783 -0.21482982927855165 0.35343588534531689 0.057331741345823639 0.0015370992813416653 -0.049235771162829928 0.035530554744838135 0.10590910894901102 0.23350147970118088 -0.10514275979912074 0.43404861232280284 -0.25256358082900249
leaf_weight=23 677 39 20 99 14.999999999999998 104 36 40 247 112 14.999999999999998 54 11.999999999999998 643
leaf_count=23 677 39 20 99 15 104 36 40 247 112 15 54 12 643
internal_value=-0.000926967 -0.00118685 -0.00181025 0.00114754 0.00314394 0.00600629 -0.00254769 0.00333333 0.00034682 -0.00119772 0.0134211 -0.00119048 0.00284314 -0.00411635
internal_weight=2136 2098 1834 366 264 159 1468 144 346 789 38 105 51 679
internal_count=2136 2098 1834 366 264 159 1468 144 346 789 38 105 51 679
is_linear=0
shrinkage=0.05


Tree=41
num_leaves=15
num_cat=0
split_feature=1 1 22 20 22 10 1 22 22 1 0 22 22 0
split_gain=2.39007 2.06108 1.89009 1.55474 1.24642 0.744066 0.656748 0.536086 0.47728 0.588252 0.647302 0.316716 1.26607 0.286514
threshold=42.310000000000009 66.820000000000007 0.40907743338811486 16775.780000000002 0.77447169083781808 -0.10059999999999999 53.650000000000006 0.060169887675273891 0.3933211724509133 72.745000000000019 25.825000000000003 0.7957718639449195 0.82594856731250699 26.415000000000003
decision_type=2 2 2 2 2 2 2 2 2 2 2 2 2 2
left_child=-1 2 3 7 6 -6 -4 -2 9 10 -3 -10 -13 -5
right_child=1 8 4 13 5 -7 -8 -9 11 -11 -12 12 -14 -15
leaf_value=0.19744369252717839 -0.63010571188833353 -0.0046373676600383711 0.0078077918433186819 -0.027379432864860376 -0.062344632536873182 0.061603206907582822 -0.21531174502497988 0.087996419836626191 -0.41579601123464105 -0.10730060222013833 0.03538240530883794 0.10429529896338843 -0.14855843103024469 0.041500417057219269
leaf_weight=10.999999999999998 10.999999999999998 109 72 59 213 356 314 212 298 80 33 21 337 9.9999999999999982
leaf_count=11 11 109 72 59 213 356 314 212 298 80 33 21 337 10
internal_value=-0.000973784 -0.00109412 0.000212509 0.00373288 -0.000863876 0.0006239 -0.003057 0.00576233 -0.00294989 -0.000945947 0.000985914 -0.00362805 -0.0026257 -0.00282609
internal_weight=2136 2125 1247 292 955 569 386 223 878 222 142 656 358 69
internal_count=2136 2125 1247 292 955 569 386 223 878 222 142 656 358 69
is_linear=0
shrinkage=0.05


Tree=42
num_leaves=14
num_cat=0
split_feature=1 8 1 11 1 22 0 22 22 22 22 1 0
split_gain=2.40453 1.98366 1.4947 1.5737 1.22011 1.21148 0.973589 0.724868 1.40559 0.589632 0.535603 0.403292 0.0761905
threshold=42.310000000000009 17.745000000000005 64.110000000000014 -0.99869999999999992 54.465000000000011 0.17963823861099873 27.330000000000002 0.96767518139081532 0.94805520968785773 0.37744852145085445 0.95338485815333007 71.625000000000014 26.325000000000003
decision_type=2 2 2 2 2 2 2 2 2 2 2 2 2
left_child=-1 2 3 6 -3 -5 -2 8 -6 11 -11 -4 -9
right_child=1 4 9 5 7 -7 -8 12 -10 10 -12 -13 -14
leaf_value=0.18757150790081936 0.059545790490145446 0.34927095220296422 0.0072636568259528359 0.089446432679337801 0.01940826906012439 -0.044012437676870096 0.11257289270697375 -0.24816249732490375 0.40926602136128354 -0.35997668951287409 -0.02641411968397572 -0.16140851028077641 -0.85053939162140701
leaf_weight=10.999999999999998 105 9.9999999999999982 162 68 203 655 12.999999999999998 32 11.999999999999998 576 198 81 9.9999999999999982
leaf_count=11 105 10 162 68 203 655 13 32 12 576 198 81 10
internal_value=-0.00104401 -0.00116471 -0.00174381 -0.000184306 0.00286517 -0.00105809 0.00516949 0.00219844 0.00337209 -0.00303343 -0.00370801 -0.000884775 -0.00380953
internal_weight=2136 2125 1858 841 267 723 118 257 215 1017 774 243 42
internal_count=2136 2125 1858 841 267 723 118 257 215 1017 774 243 42
is_linear=0
shrinkage=0.05


Tree=43
num_leaves=14
num_cat=0
split_feature=1 6 1 1 22 22 5 22 22 22 22 1 0
split_gain=2.40453 1.98366 1.44453 1.22011 0.87181 0.867025 1.07253 0.889098 0.833108 0.724868 1.40559 0.520419 0.0761905
threshold=42.310000000000009 30.380000000000006 61.635000000000012 54.465000000000011 0.37744852145085445 0.40907743338811486 380.89500000000004 0.99947698988027445 0.81613017994572579 0.96767518139081532 0.94805520968785773 71.625000000000014 26.325000000000003
decision_type=2 2 2 2 2 2 2 2 2 2 2 2 2
left_child=-1 2 5 -3 11 6 -2 -7 -6 10 -5 -4 -11
right_child=1 3 4 9 8 7 -8 -9 -10 12 -12 -13 -14
leaf_value=0.17819293250577836 0.13399705825734468 0.33180740459281605 0.011186222193664684 0.018437855607118109 -0.34107909856565832 -0.013414666181555585 0.03572504784370744 0.05294696219328341 -0.069271260384173375 -0.23575437245865849 0.38880272029321938 -0.15333808476673763 -0.80801242204033663
leaf_weight=10.999999999999998 29 9.9999999999999982 210 203 463 477 109 21 468 32 11.999999999999998 81 9.9999999999999982
leaf_count=11 29 10 210 203 463 477 109 21 468 32 12 81 10
internal_value=-0.00104401 -0.00116471 -0.00174381 0.00286517 -0.00274959 0.000188678 0.00369565 -0.000783134 -0.00349624 0.00219844 0.00337209 -0.000360826 -0.00380953
internal_weight=2136 2125 1858 267 1222 636 138 498 931 257 215 291 42
internal_count=2136 2125 1858 267 1222 636 138 498 931 257 215 291 42
is_linear=0
shrinkage=0.05


Tree=44
num_leaves=15
num_cat=0
split_feature=1 1 22 20 22 22 22 6 22 22 22 22 22 0
split_gain=2.38526 1.85865 2.13563 1.8024 1.29579 1.18321 1.16489 1.12849 0.354907 0.465458 1.79535 0.340136 0.416176 0.301786
threshold=42.310000000000009 68.845000000000013 0.40907743338811486 16775.780000000002 0.32917936166072764 0.7957718639449195 0.82594856731250699 30.380000000000006 0.24684749415872467 0.95338485815333007 0.96319629568591714 0.14569472580964501 0.17963823861099873 26.415000000000003
decision_type=2 2 2 2 2 2 2 2 2 2 2 2 2 2
left_child=-1 2 3 4 -2 7 -7 -4 11 -10 -11 -3 -13 -5
right_child=1 8 5 13 -6 6 -8 -9 9 10 -12 12 -14 -15
leaf_value=0.16928328588048935 0.053952902313219767 -0.058975129394262964 -0.14828142790344098 -0.047928361195651983 0.1087605108494346 0.19753945874704318 -0.0048286944901795434 0.060152072922129901 -0.34209539100732905 0.084348703499629446 -0.23411290074838847 0.018245400288614967 -0.021274601236433877 0.033956808963105878
leaf_weight=10.999999999999998 203 42 415 70 55 58 562 59 451 25 119 19 37 9.9999999999999982
leaf_count=11 203 42 415 70 55 58 562 59 451 25 119 19 37 10
internal_value=-0.000950376 -0.00107059 -4.19006e-05 0.00343195 0.00546512 -0.00111517 0.000322579 -0.00299578 -0.00319625 -0.00365546 -0.00118056 -0.000408164 0.00214286 -0.003125
internal_weight=2136 2125 1432 338 258 1094 620 474 693 595 144 98 56 80
internal_count=2136 2125 1432 338 258 1094 620 474 693 595 144 98 56 80
is_linear=0
shrinkage=0.05


Tree=45
num_leaves=15
num_cat=0
split_feature=6 1 20 22 22 22 22 22 22 22 1 10 22 22
split_gain=2.21536 2.12169 1.58757 1.21924 1.85363 1.06033 0.763521 0.696491 0.893013 1.94155 0.63719 0.611506 0.604181 0.55082
threshold=30.380000000000006 61.635000000000012 1.0000000180025095e-35 0.36146417736073544 0.28003368959032676 0.17963823861099873 0.99094606287942044 0.37744852145085445 0.81613017994572579 0.82594856731250699 46.830000000000005 -0.013599999999999998 0.94244501643309719 0.9884946951290402
decision_type=2 2 2 2 2 2 2 2 2 2 2 2 2 2
left_child=1 2 6 4 -2 11 12 -3 -9 -10 -7 -4 -1 -5
right_child=3 7 5 13 -6 10 -8 8 9 -11 -12 -13 -14 -15
leaf_value=0.060804152417681494 0.04217649673425071 -0.011065341381471326 0.0175923107125616 0.070262753010149837 0.075744039673834196 0.032544362270967395 0.086009342610475992 -0.31742714148657308 0.53096670811197633 -0.089077725784645262 -0.031145394027348863 0.12897071351158873 -0.080487345759471765 -0.23348345908156071
leaf_weight=70 42 291 23 183 14.999999999999998 25 9.9999999999999982 463 9.9999999999999982 458 485 22 11.999999999999998 27
leaf_count=70 42 291 23 183 15 25 10 463 10 458 485 22 12 27
internal_value=-0.000833335 -0.00144195 0.00087326 0.00342697 0.00991228 -0.000135136 0.00695652 -0.00266776 -0.00333512 -0.00179487 -0.000784315 0.00722222 0.00536585 0.00166667
internal_weight=2136 1869 647 267 57 555 92 1222 931 468 510 45 82 210
internal_count=2136 1869 647 267 57 555 92 1222 931 468 510 45 82 210
is_linear=0
shrinkage=0.05


Tree=46
num_leaves=15
num_cat=0
split_feature=6 1 11 22 22 22 22 1 21 22 22 22 22 22
split_gain=2.16693 2.05047 1.46398 1.27404 1.21924 1.85363 0.805263 0.64287 0.618727 1.1001 3.30556 0.769912 0.55082 1.36129
threshold=30.380000000000006 61.990000000000002 -0.99869999999999992 0.17963823861099873 0.36146417736073544 0.28003368959032676 0.99094606287942044 46.830000000000005 12658.940000000002 0.95338485815333007 0.96319629568591714 0.42471264173135381 0.9884946951290402 0.95843238470078729
decision_type=2 2 2 2 2 2 2 2 2 2 2 2 2 2
left_child=1 2 6 -4 5 -2 -1 -5 -3 11 -11 -10 13 -6
right_child=4 8 3 7 12 -7 -8 -9 9 10 -12 -13 -14 -15
leaf_value=0.047155450385808824 0.040067671897538223 -0.19464621386939296 0.094932407030316107 0.030917144157418971 0.011646190931100997 0.071956837690142494 0.081708875479952134 -0.036355906596844706 0.0067833031368315869 0.1960643647188437 -0.0095042367769934636 -0.18388110736925589 -0.22180928612748263 0.19787161818885898
leaf_weight=85 42 684 47 25 159 14.999999999999998 9.9999999999999982 502 147 18 84 267 27 24
leaf_count=85 42 684 47 25 159 15 10 502 147 18 84 267 27 24
internal_value=-0.000786518 -0.00138844 0.000829595 -0.000121952 0.00342697 0.00991228 0.00657895 -0.000825428 -0.002625 -0.00131783 0.00333333 -0.00246377 0.00166667 0.00265027
internal_weight=2136 1869 669 574 267 57 95 527 1200 516 102 414 210 183
internal_count=2136 1869 669 574 267 57 95 527 1200 516 102 414 210 183
is_linear=0
shrinkage=0.05


Tree=47
num_leaves=15
num_cat=0
split_feature=10 1 22 22 22 6 1 6 0 3 1 22 5 22
split_gain=1.99778 1.95955 1.66383 1.87399 1.83356 1.79382 1.6254 1.28739 0.727814 0.711372 0.600294 0.413583 1.10969 0.402212
threshold=-0.10059999999999999 49.590000000000011 0.37744852145085445 0.88768027107944258 0.32917936166072764 16.055000000000003 71.625000000000014 30.380000000000006 21.505000000000006 60.000000000000007 62.660000000000004 0.40907743338811486 380.89500000000004 0.99879288126755872
decision_type=2 2 2 2 2 2 2 2 2 2 2 2 2 2
left_child=10 9 4 7 8 -5 -6 -4 -3 -2 11 12 -1 -13
right_child=1 2 3 5 6 -7 -8 -9 -10 -11 -12 13 -14 -15
leaf_value=0.12199028868374706 0.22014741762773182 0.10149696494846693 -0.14494735219235164 0.12849566069367033 0.084142981316478863 0.0015525403431170593 -0.06875826139307005 0.050282054836833769 0.010799345697607449 0.023704018234363716 -0.207251927302982 -0.2090749633423121 -0.06115778757588522 0.027417565792206108
leaf_weight=31 19 13.999999999999998 479 82 35 330 9.9999999999999982 121 229 15.999999999999998 491 221 45 12.999999999999998
leaf_count=31 19 14 479 82 35 330 10 121 229 16 491 221 45 13
internal_value=-0.000716293 0.000468164 0.000153845 -0.000800396 0.00350694 0.00179612 0.0127778 -0.00258333 0.00179012 0.0121429 -0.00269039 -0.000967743 0.00223684 -0.00200855
internal_weight=2136 1335 1300 1012 288 412 45 600 243 35 801 310 76 234
internal_count=2136 1335 1300 1012 288 412 45 600 243 35 801 310 76 234
is_linear=0
shrinkage=0.05


Tree=48
num_leaves=15
num_cat=0
split_feature=23 23 23 21 10 4 23 4 20 23 5 23 4 11
split_gain=1.97399 1.87134 1.50001 2.60093 1.56735 1.36552 1.24444 1.21671 1.18886 1.36427 1.64456 0.837033 0.793239 0.943214
threshold=0.91245913578114801 0.60553543375389329 0.563679860499117 12060.420000000002 0.65755000000000019 71.625000000000014 0.082689073440128144 59.585000000000008 16775.780000000002 0.94422823979932036 568.63000000000011 0.96901616890815878 53.745000000000012 -0.99869999999999992
decision_type=2 2 2 2 2 2 2 2 2 2 2 2 2 2
left_child=1 2 4 -4 7 8 -6 -1 9 10 -2 -11 13 -3
right_child=5 12 3 -5 6 -7 -8 -9 -10 11 -12 -13 -14 -15
leaf_value=0.028120271964947693 0.15309797649226922 0.018675243338668414 0.44164870343253448 -0.033451887936928097 0.13614992464094086 -0.07027249005284926 0.089076211087014301 -0.10604573011082562 -0.023301915501390862 -0.11485145875657383 0.016652037458440027 0.069805325210887489 -0.22184877135715877 -0.011453649004934891
leaf_weight=187 22 13.999999999999998 27 45 14.999999999999998 107 90 548 101 72 43 183 613 69
leaf_count=187 22 14 27 45 15 107 90 548 101 72 43 183 613 69
internal_value=-0.000739702 -0.0016107 -0.000120615 0.00680555 -0.000714287 0.00191288 0.005 -0.00153061 0.00319477 0.0046875 0.0111538 0.00303921 -0.00356322 0.0010241
internal_weight=2136 1608 912 72 840 528 105 735 421 320 65 255 696 83
internal_count=2136 1608 912 72 840 528 105 735 421 320 65 255 696 83
is_linear=0
shrinkage=0.05


Tree=49
num_leaves=15
num_cat=0
split_feature=1 11 23 0 6 6 23 3 0 1 9 23 23 20
split_gain=1.97652 1.68607 1.40017 1.45206 1.08338 1.07056 1.05372 0.958973 0.823686 0.932438 0.814801 0.689474 0.675607 0.659799
threshold=64.110000000000014 -0.99869999999999992 0.98369513783825568 26.415000000000003 30.380000000000006 30.380000000000006 0.46038001402560286 60.000000000000007 23.745000000000001 57.925000000000004 0.36000000000000004 0.92599062340417404 0.57780407610161799 2371.8400000000006
decision_type=2 2 2 2 2 2 2 2 2 2 2 2 2 2
left_child=1 7 4 10 6 11 -3 8 -1 -10 -4 -2 -6 -13
right_child=5 2 3 -5 12 -7 -8 -9 9 -11 -12 13 -14 -15
leaf_value=0.059267694641491578 -0.1951858991399569 0.019120215371068672 0.11006248046795489 0.12091920927435461 0.010430445705226022 0.0095532565831502204 -0.09122406081979624 0.0018235194706689086 0.08732604353987472 0.043412727277155887 -0.010982922682391139 0.012384812928946533 0.13839321313303971 -0.028273338027727343
leaf_weight=26 774 249 21 12.999999999999998 50 152 412 44 23 28 43 67 58 176
leaf_count=26 774 249 21 13 50 152 412 44 23 28 43 67 58 176
internal_value=-0.00062266 0.00104964 0.000260046 0.00668831 -0.000383616 -0.00200599 -0.00114221 0.00657025 0.00993506 0.0136274 0.00359375 -0.00259095 0.00425926 -0.000267491
internal_weight=2136 967 846 77 769 1169 661 121 77 51 64 1017 108 243
internal_count=2136 967 846 77 769 1169 661 121 77 51 64 1017 108 243
is_linear=0
shrinkage=0.05


Tree=50
num_leaves=15
num_cat=0
split_feature=1 22 22 10 22 22 6 22 1 6 0 22 20 22
split_gain=2.05384 2.03452 1.72004 1.4745 2.13198 1.78459 1.14829 1.16949 1.83073 0.928523 0.908627 0.54855 0.335149 0.424257
threshold=70.365000000000009 0.40907743338811486 0.7957718639449195 0.65755000000000019 0.99653827729370248 0.82594856731250699 13.005000000000001 0.32917936166072764 67.685000000000016 30.380000000000006 26.375000000000004 0.55923163791368669 1.0000000180025095e-35 0.95338485815333007
decision_type=2 2 2 2 2 2 2 2 2 2 2 2 2 2
left_child=1 6 9 5 -5 -4 -1 10 -9 11 -8 -3 13 -2
right_child=12 2 3 4 -6 -7 7 8 -10 -11 -12 -13 -14 -15
leaf_value=-0.23362261539541607 -0.078146378535622896 -0.016439968108534094 0.21918743165596269 0.11003850717839697 0.13972981582844157 -0.022828480350594267 0.019582294106744516 0.068901770089511455 0.15296001317248981 0.032390025189329728 0.079562319808442084 -0.23130703886273027 -0.21167886946463046 0.082265897975878757
leaf_weight=47 55 167 55 69 12.999999999999998 549 232 59 9.9999999999999982 65 45 292 461 17
leaf_count=47 55 167 55 69 13 549 232 59 10 65 45 292 461 17
internal_value=-0.00062266 0.000271365 -0.000743803 0.000903789 0.00719512 4.96677e-05 0.00339695 0.00439306 0.0102174 -0.00290076 0.00294224 -0.00369281 -0.00331145 -0.00013889
internal_weight=2136 1603 1210 686 82 604 393 346 69 524 277 459 533 72
internal_count=2136 1603 1210 686 82 604 393 346 69 524 277 459 533 72
is_linear=0
shrinkage=0.05


Tree=51
num_leaves=15
num_cat=0
split_feature=1 11 9 1 22 22 20 23 22 22 22 1 22 22
split_gain=1.99781 1.37477 1.6368 1.47459 1.13866 1.11597 2.57722 1.3699 0.965321 0.913359 0.782967 0.673073 0.522295 0.508478
threshold=68.465000000000018 -0.98919999999999997 0.24500000000000002 53.895000000000003 0.17963823861099873 0.99653827729370248 16775.780000000002 0.031173188443800608 0.17963823861099873 0.57340843044527534 0.077330756371236084 52.970000000000006 0.81613017994572579 0.24684749415872467
decision_type=2 2 2 2 2 2 2 2 2 2 2 2 2 2
left_child=1 2 4 11 -1 8 -7 -8 10 -5 -3 -4 -10 -2
right_child=13 5 3 9 -6 6 7 -9 12 -11 -12 -13 -14 -15
leaf_value=0.087194962667051332 0.0030304910613215379 -0.28600167143175914 0.1314374702285718 0.047825937074642319 -0.064474909159729921 -0.23213530128017301 0.019239470843568376 0.13194416494311878 -0.084260113968217282 0.037567921732918674 0.064231375899021934 0.15844438598713156 -0.009893239015333526 -0.17131021214549091
leaf_weight=14.999999999999998 99 19 27 113 156 30 10.000000000000002 12.999999999999998 454 198 65 9.9999999999999982 308 619
leaf_count=15 99 19 27 113 156 30 10 13 454 198 65 10 308 619
internal_value=-0.00062266 0.000465443 0.00251445 0.00448276 -0.00149123 -0.000717465 0.00632075 0.018913 -0.00115839 0.00336013 0.00392857 0.0139189 -0.00171916 -0.00277159
internal_weight=2136 1418 519 348 171 899 53 23 846 311 84 37 762 718
internal_count=2136 1418 519 348 171 899 53 23 846 311 84 37 762 718
is_linear=0
shrinkage=0.05


Tree=52
num_leaves=15
num_cat=0
split_feature=10 9 22 22 22 22 22 0 3 22 22 22 0 5
split_gain=1.6799 1.45618 2.5644 1.36111 1.03234 3.26003 1.03867 1.04144 0.888889 0.871277 0.748611 0.533489 0.843322 0.982334
threshold=-0.10059999999999999 0.24500000000000002 0.17963823861099873 0.077330756371236084 0.95338485815333007 0.96319629568591714 0.42471264173135381 26.325000000000003 36.000000000000007 0.77447169083781808 0.99653827729370248 0.34537287020513602 23.855000000000004 380.89500000000004
decision_type=2 2 2 2 2 2 2 2 2 2 2 2 2 2
left_child=11 2 3 -2 6 -6 7 -3 -5 -8 -7 12 -1 -14
right_child=1 4 -4 8 5 10 9 -9 -10 -11 -12 -13 13 -15
leaf_value=-0.085869486769943326 -0.2736575179267387 0.021453958098102941 -0.089620581056264595 0.056114035217658099 0.34012770468223669 0.0026816726656051625 -0.11949667757028415 0.061459644590311002 0.098828577139164556 0.027408054361951165 0.10195011089804816 -0.1999903656387246 0.1415042250350301 -0.026673875827327248
leaf_weight=52 11.999999999999998 171 486 11.999999999999998 18 99 234 36 24 198 45 639 39 71
leaf_count=52 12 171 486 12 18 99 234 36 24 198 45 639 39 71
internal_value=-0.000505619 0.000580523 -0.00144195 0.00958333 0.00192884 0.00549383 0.00102504 0.0039372 0.0144444 -0.000370372 0.00298611 -0.00231586 0.000246912 0.00272727
internal_weight=2136 1335 534 48 801 162 639 207 36 432 144 801 162 110
internal_count=2136 1335 534 48 801 162 639 207 36 432 144 801 162 110
is_linear=0
shrinkage=0.05


Tree=53
num_leaves=15
num_cat=0
split_feature=1 1 22 22 10 20 22 1 5 1 2 22 13 22
split_gain=2.37663 1.49238 1.38367 2.18065 1.56913 1.14894 1.10906 0.752742 0.647409 0.551113 0.463235 0.534141 0.331683 0.254243
threshold=53.650000000000006 73.695000000000007 0.40907743338811486 0.77447169083781808 0.65755000000000019 16775.780000000002 0.077330756371236084 42.310000000000009 739.99000000000012 51.595000000000006 0.115 0.55923163791368669 0.72000000000000008 0.16269055358644466
decision_type=2 2 2 2 2 2 2 2 2 2 2 2 2 2
left_child=7 2 5 12 -5 6 -2 -1 10 -10 11 -9 -4 -7
right_child=1 -3 3 4 -6 13 -8 8 9 -11 -12 -13 -14 -15
leaf_value=0.12512556676338263 -0.11574276561398328 -0.25995971746488272 -0.21658589111454807 -0.011268391997549008 0.10452014203062672 -0.0018202512572662562 0.046031539217376322 0.076327255488986653 0.25789359003749923 0.030209895726857207 -0.077573182779732575 0.013699519906554986 -0.0037057983025041833 -0.22408097999864782
leaf_weight=10.999999999999998 34 286 431 659 90 33 288 46 19 12.999999999999998 17 73 67 69
leaf_count=11 34 286 431 659 90 33 288 46 19 13 17 73 67 69
internal_value=-0.000458803 -0.00096321 -0.000391982 -0.00123096 0.000473964 0.00207547 0.00354037 0.00505586 0.00422619 0.010625 0.00272059 0.00382353 -0.00379518 -0.00254902
internal_weight=2136 1957 1671 1247 749 424 322 179 168 32 136 119 498 102
internal_count=2136 1957 1671 1247 749 424 322 179 168 32 136 119 498 102
is_linear=0
shrinkage=0.05


Tree=54
num_leaves=15
num_cat=0
split_feature=1 1 23 23 5 1 23 23 11 1 10 23 23 23
split_gain=1.74724 1.33214 1.21895 1.66645 1.28028 1.01461 0.834499 0.667906 0.541343 0.492981 0.422078 0.680595 2.09224 0.682271
threshold=68.465000000000018 42.310000000000009 0.91245913578114801 0.63255009372278048 739.99000000000012 67.685000000000016 0.563679860499117 0.94422823979932036 -0.98919999999999997 73.835000000000008 -0.10059999999999999 0.35041260675351149 0.26866134250169732 0.9052873537896472
decision_type=2 2 2 2 2 2 2 2 2 2 2 2 2 2
left_child=1 -1 3 6 7 -6 -3 -4 -5 10 -2 12 -12 -13
right_child=9 2 4 8 5 -7 -8 -9 -10 -11 11 13 -14 -15
leaf_value=0.11886928842521363 -0.23153534887812111 0.0046917791306486673 0.067418489550585076 -0.00164705716868277 0.082136557562856413 0.0059502258329117881 0.094701379778513506 -0.001694835084773553 -0.16626150060320966 -0.2776304006525242 -0.058751053574236857 -0.19924497096205573 0.094174387938983251 0.0079491567643174364
leaf_weight=10.999999999999998 154 550 55 160 77 10.999999999999998 84 193 277 278 47 139 20 80
leaf_count=11 154 550 55 160 77 11 84 193 277 278 47 139 20 80
internal_value=-0.00062266 0.000394921 0.000259416 -0.000564894 0.0028869 0.00806818 0.00107255 0.00104839 -0.0029405 -0.00263231 -0.00159091 -0.000454547 0.00395522 -0.00180365
internal_weight=2136 1418 1407 1071 336 88 634 248 437 718 440 286 67 219
internal_count=2136 1418 1407 1071 336 88 634 248 437 718 440 286 67 219
is_linear=0
shrinkage=0.05


Tree=55
num_leaves=15
num_cat=0
split_feature=1 10 9 22 22 22 22 5 1 3 1 22 6 22
split_gain=2.02983 1.41459 1.1093 1.64974 1.03795 3.9347 0.977778 0.831854 0.696076 0.675439 0.631124 0.627348 2.2139 0.396694
threshold=53.650000000000006 -0.10059999999999999 0.24500000000000002 0.17963823861099873 0.95338485815333007 0.96767518139081532 0.077330756371236084 739.99000000000012 68.315000000000012 36.000000000000007 42.310000000000009 0.99781321377224363 13.005000000000001 0.40907743338811486
decision_type=2 2 2 2 2 2 2 2 2 2 2 2 2 2
left_child=7 11 3 6 8 -6 -3 10 -4 -9 -1 13 -13 -2
right_child=1 2 4 -5 5 -7 -8 9 -10 -11 -12 12 -14 -15
leaf_value=0.11662430487279903 -0.011794447366221731 -0.25452192005798485 0.016522798867750401 -0.12190404333108534 0.25479201175976463 0.021836614196391355 0.059219182260237362 0.25946377085495403 -0.019805972959805018 0.050195429980454002 0.018028064485281686 0.059848455412198326 -0.73066146163492529 -0.27602775686463293
leaf_weight=9.9999999999999982 180 11.999999999999998 364 438 25 127 33 13.999999999999998 228 19 136 10.999999999999998 23 516
leaf_count=10 180 12 364 438 25 127 33 14 228 19 136 11 23 516
internal_value=-0.000599252 -0.00106541 -2.8526e-05 -0.00189441 0.00118279 0.00486842 0.00722222 0.00449721 0.000236485 0.0116667 0.00287671 -0.00280822 0.00382353 -0.00313219
internal_weight=2136 1957 1227 483 744 152 45 179 592 33 146 730 34 696
internal_count=2136 1957 1227 483 744 152 45 179 592 33 146 730 34 696
is_linear=0
shrinkage=0.05


Tree=56
num_leaves=15
num_cat=0
split_feature=1 1 23 20 23 20 23 23 6 23 23 23 23 23
split_gain=2.12939 1.31593 1.25842 1.28705 1.19454 0.981207 0.977316 0.819086 0.4749 0.345787 0.553257 0.360222 0.947023 0.208369
threshold=68.465000000000018 42.310000000000009 0.91245913578114801 16775.780000000002 0.63255009372278048 15014.405000000001 0.94422823979932036 0.81922450700169669 30.380000000000006 0.96901616890815878 0.97311896095856321 0.35041260675351149 0.26866134250169732 0.61913436964878354
decision_type=2 2 2 2 2 2 2 2 2 2 2 2 2 2
left_child=1 -1 4 6 5 -3 -4 -6 9 11 -11 12 -2 -10
right_child=8 2 3 -5 7 -7 -8 -9 13 10 -12 -13 -14 -15
leaf_value=0.10709460876031279 -0.16761457980447014 -0.027234022018984328 0.082125232553531935 -0.026069370784125152 -0.20361100990354425 0.090444964444407042 0.042528692246825504 -0.0015351897969123098 0.033632007043420085 0.099819598428295742 -0.038834621276103737 -0.36326662968542145 0.063930022751635063 -0.0028147873786516326
leaf_weight=10.999999999999998 113 390 54 80 246 244 202 191 35 14.999999999999998 72 387 41 55
leaf_count=11 113 390 54 80 246 244 202 191 35 15 72 387 41 55
internal_value=-0.00062266 0.000500704 0.000366026 0.00303571 -0.000471523 0.000914825 0.00476562 -0.00248284 -0.00284123 -0.00332803 -0.0004023 -0.00379852 -0.00175325 0.000555554
internal_weight=2136 1418 1407 336 1071 634 256 437 718 628 87 541 154 90
internal_count=2136 1418 1407 336 1071 634 256 437 718 628 87 541 154 90
is_linear=0
shrinkage=0.05


Tree=57
num_leaves=15
num_cat=0
split_feature=1 1 11 6 1 0 1 22 1 6 22 23 22 22
split_gain=1.74812 1.3402 0.899254 0.936522 1.21824 0.904159 0.849723 0.606176 0.600653 0.581243 0.366163 0.536646 0.365183 1.63675
threshold=69.035000000000011 42.310000000000009 -0.99869999999999992 30.380000000000006 54.465000000000011 25.635000000000002 59.585000000000008 0.88768027107944258 61.810000000000009 30.380000000000006 0.24684749415872467 0.97311896095856321 0.95338485815333007 0.96319629568591714
decision_type=2 2 2 2 2 2 2 2 2 2 2 2 2 2
left_child=1 -1 5 7 -5 8 -7 -4 -3 10 11 -2 -12 -14
right_child=9 2 3 4 -6 6 -8 -9 -10 -11 12 -13 13 -15
leaf_value=0.10173987832229713 0.09482861850688093 0.033233139291436155 -0.027690293229899271 0.26985827066699303 0.063634046440613989 0.081136146287637489 0.0095476481954565266 0.012139198093351658 -0.039668810091688711 0.0089943065989335439 -0.38032303915931853 -0.035853191884127042 0.076413419801774241 -0.16610347984086862
leaf_weight=10.999999999999998 14.999999999999998 66 751 9.9999999999999982 177 17 27 346 65 80 373 69 22 107
leaf_count=11 15 66 751 10 177 17 27 346 65 80 373 69 22 107
internal_value=-0.00062266 0.000340135 0.000209046 -0.000249222 0.00302139 0.00357143 0.00977273 -0.000806747 0.00148855 -0.00274775 -0.00329352 -0.000238096 -0.00380478 -0.00151163
internal_weight=2136 1470 1459 1284 187 175 44 1097 131 666 586 84 502 129
internal_count=2136 1470 1459 1284 187 175 44 1097 131 666 586 84 502 129
is_linear=0
shrinkage=0.05


Tree=58
num_leaves=15
num_cat=0
split_feature=4 4 22 22 20 20 22 10 22 22 22 0 0 6
split_gain=1.65001 1.34697 0.813982 1.98841 1.5277 1.18773 0.87172 0.482943 0.526763 0.630682 2.41227 0.469444 0.627886 0.428614
threshold=69.515000000000015 42.310000000000009 0.5009122898073749 0.77447169083781808 16775.780000000002 15014.405000000001 0.077330756371236084 -0.10059999999999999 0.37744852145085445 0.95338485815333007 0.96767518139081532 22.755000000000006 25.195000000000004 30.380000000000006
decision_type=2 2 2 2 2 2 2 2 2 2 2 2 2 2
left_child=1 -1 4 13 6 -5 -3 -2 11 -10 -11 -9 -13 -4
right_child=7 2 3 5 -6 -7 -8 8 9 10 -12 12 -14 -15
leaf_value=0.096652884406182193 -0.38698362487222893 -0.062183333989422121 -0.17301358306404491 -0.026644712274160782 -0.050938441315992761 0.085365503667750101 0.046907378780367576 0.013668860071384573 -0.25362011140437452 0.075838647451560742 -0.15167967328312915 -0.039445486324173135 0.048006863493828725 0.030603857870503078
leaf_weight=10.999999999999998 232 28 306 419 112 262 332 18 220 18 65 44 28 41
leaf_count=11 232 28 306 419 112 262 332 18 220 18 65 44 28 41
internal_value=-0.000599252 0.000294506 0.000166665 -0.000622569 0.00188559 0.000947135 0.00347222 -0.00276 -0.00169211 -0.00268977 0.0010241 0.00166667 -0.00013889 -0.00370317
internal_weight=2136 1511 1500 1028 472 681 360 625 393 303 83 90 72 347
internal_count=2136 1511 1500 1028 472 681 360 625 393 303 83 90 72 347
is_linear=0
shrinkage=0.05


Tree=59
num_leaves=15
num_cat=0
split_feature=1 11 22 0 0 22 20 0 22 6 6 1 1 22
split_gain=1.79192 1.27334 0.92515 1.18691 1.16667 0.968081 2.06622 0.899016 0.886196 0.876868 0.565311 0.52458 0.508265 0.752775
threshold=64.110000000000014 -0.99869999999999992 0.37744852145085445 25.635000000000002 26.935000000000006 0.88768027107944258 16775.780000000002 21.715000000000003 0.99496844910615079 30.380000000000006 30.380000000000006 73.610000000000014 57.760000000000005 0.58741554219704073
decision_type=2 2 2 2 2 2 2 2 2 2 2 2 2 2
left_child=1 8 3 7 -5 10 -7 -3 12 11 -4 -2 13 -1
right_child=9 2 5 4 -6 6 -8 -9 -10 -11 -12 -13 -14 -15
leaf_value=0.046186059747973879 -0.030456690110648998 0.068862136633662779 -0.099681962794822165 0.077609484893828656 -0.058518935762934245 -0.096814790009985149 0.090664620413472952 -0.0091112157755076049 0.062980497456529422 0.015692106067730378 0.094976443285789525 -0.28681747564666255 0.0037262245390665737 0.053786396756194003
leaf_weight=19 756 13.999999999999998 328 35 14.999999999999998 205 83 113 9.9999999999999982 152 53 261 62 30
leaf_count=19 756 14 328 35 15 205 83 113 10 152 53 261 62 30
internal_value=-0.000646069 0.000946224 0.000260046 0.00347458 0.01 -0.000590435 0.00159722 0.000905511 0.0057438 -0.00196322 -0.0022441 -0.00249263 0.00445946 0.0082653
internal_weight=2136 967 846 177 50 669 288 127 121 1169 381 1017 111 49
internal_count=2136 967 846 177 50 669 288 127 121 1169 381 1017 111 49
is_linear=0
shrinkage=0.05


Tree=60
num_leaves=14
num_cat=0
split_feature=1 1 10 9 23 1 23 10 0 20 1 6 0
split_gain=1.54645 1.40706 1.22754 1.15368 1.44993 1.01672 0.558238 2.11144 0.458245 0.169913 0.356757 0.121334 0.262069
threshold=73.835000000000008 42.310000000000009 -0.10059999999999999 0.24500000000000002 0.98369513783825568 59.235000000000007 0.065534810592492068 -0.29389999999999994 23.305000000000003 1.0000000180025095e-35 75.970000000000013 30.380000000000006 25.465000000000003
decision_type=2 2 2 2 2 2 2 2 2 2 2 2 2
left_child=1 -1 6 4 -4 -5 7 -3 -8 10 -2 -11 -13
right_child=9 2 3 5 -6 -7 8 -9 -10 11 -12 12 -14
leaf_value=0.088671215138655488 0.050926573197815905 -0.61722846436418299 -0.050087938295286474 0.076964834546567384 0.053523866010583177 0.0080717291931026603 -0.15508122498555399 0.042925318310639352 -0.033206534329738045 -0.33678235853738087 -0.19195800843599911 -0.074667748965236522 0.024222641887775693
leaf_weight=10.999999999999998 14.999999999999998 20 422 167 44 525 171 11.000000000000002 487 212 22 19.000000000000004 9.9999999999999982
leaf_count=11 15 20 422 167 44 525 171 11 487 212 22 19 10
internal_value=-0.00062266 -0.000102262 -0.000208447 0.000785836 -0.00113734 0.00208092 -0.00187954 0.00467742 -0.00218845 -0.00410072 -0.000945947 -0.00458506 -0.00155173
internal_weight=2136 1858 1847 1158 466 692 689 31 658 278 37 241 29
internal_count=2136 1858 1847 1158 466 692 689 31 658 278 37 241 29
is_linear=0
shrinkage=0.05


Tree=61
num_leaves=15
num_cat=0
split_feature=4 10 13 22 22 22 5 22 6 4 4 22 0 22
split_gain=1.99271 1.2786 0.989625 1.27307 3.79322 1.00749 0.831854 0.78457 0.689752 0.631124 0.527105 0.591686 0.804064 0.718434
threshold=53.650000000000006 -0.10059999999999999 0.32500000000000007 0.95338485815333007 0.96767518139081532 0.5009122898073749 739.99000000000012 0.45560143098769151 16.055000000000003 42.310000000000009 69.230000000000004 0.40907743338811486 23.745000000000001 0.81613017994572579
decision_type=2 2 2 2 2 2 2 2 2 2 2 2 2 2
left_child=6 10 5 8 -5 7 9 -3 -4 -1 11 12 -2 -13
right_child=1 2 3 4 -6 -7 -8 -9 -10 -11 -12 13 -14 -15
leaf_value=0.087797715107193863 -0.065064174524612037 0.0019043388676305889 -0.022760183224708328 0.24062894842615315 0.013445401827600754 -0.16867555757032421 0.1614041348253514 0.038720277752568158 0.01367551767469753 0.015289015813902303 -0.34499477193574252 -0.23242582660551855 0.056340432032954239 -0.018225743750875264
leaf_weight=9.9999999999999982 35 138 192 25 127 331 33 13.999999999999998 400 136 241 178 83 193
leaf_count=10 35 138 192 25 127 331 33 14 400 136 241 178 83 193
internal_value=-0.000552436 -0.00101431 -2.8526e-05 0.00111559 0.00519737 -0.00179089 0.00449721 0.00157895 6.75664e-05 0.00287671 -0.00267123 -0.00172802 0.00135593 -0.0027089
internal_weight=2136 1957 1227 744 152 483 179 152 592 146 730 489 118 371
internal_count=2136 1957 1227 744 152 483 179 152 592 146 730 489 118 371
is_linear=0
shrinkage=0.05


Tree=62
num_leaves=15
num_cat=0
split_feature=4 4 11 4 6 22 22 22 4 2 22 22 22 22
split_gain=1.62685 1.26105 1.14962 0.904898 0.835027 0.600817 1.89686 0.817531 0.579316 0.551574 0.50004 0.650924 0.585994 0.404899
threshold=64.110000000000014 42.310000000000009 -0.98919999999999997 57.760000000000005 30.380000000000006 0.95338485815333007 0.96319629568591714 0.53038584004487344 73.610000000000014 0.72500000000000009 0.37744852145085445 0.78523795966413312 0.32917936166072764 0.12865578461947555
decision_type=2 2 2 2 2 2 2 2 2 2 2 2 2 2
left_child=1 -1 3 9 8 7 -7 -4 10 -3 12 -12 -2 -5
right_child=4 2 5 13 -6 6 -8 -9 -10 -11 11 -13 -14 -15
leaf_value=0.079847768626363169 -0.0025890439353535733 0.04446044461483805 0.017298324969396064 0.03768622379257705 0.012581715592146324 0.12794222070217429 0.0059100754357629395 -0.10882105147501529 -0.25882197966377962 -0.06478018696261223 -0.2122493937061822 -0.00864281583652729 0.030054131206814778 0.0040854884955480791
leaf_weight=10.999999999999998 161 111 200 13.999999999999998 152 10.999999999999998 117 277 261 17 265 301 29 209
leaf_count=11 161 111 200 14 152 11 117 277 261 17 265 301 29 209
internal_value=-0.00062266 0.000894518 0.000700836 0.00297721 -0.00187767 -0.000619836 0.00242187 -0.00143606 -0.0023943 0.00632812 -0.00169312 -0.00243816 0.000526315 0.00105381
internal_weight=2136 967 956 351 1169 605 128 477 1017 128 756 566 190 223
internal_count=2136 967 956 351 1169 605 128 477 1017 128 756 566 190 223
is_linear=0
shrinkage=0.05


Tree=63
num_leaves=15
num_cat=0
split_feature=1 11 1 2 1 22 22 22 5 22 20 22 11 22
split_gain=1.38653 1.37146 0.849207 0.882335 0.804587 0.781945 1.33906 1.23552 0.605786 0.564631 0.572375 0.411965 0.864286 0.920989
threshold=61.990000000000002 -0.98919999999999997 49.590000000000011 0.35500000000000004 75.970000000000013 0.5009122898073749 0.77447169083781808 0.82594856731250699 568.63000000000011 0.077330756371236084 16775.780000000002 0.40907743338811486 -0.89854999999999985 0.32917936166072764
decision_type=2 2 2 2 2 2 2 2 2 2 2 2 2 2
left_child=1 2 -1 8 5 9 -7 -8 -4 -2 -11 12 -3 -14
right_child=4 11 3 -5 -6 6 7 -9 -10 10 -12 -13 13 -15
leaf_value=0.12311812157415354 -0.16692412529740147 -0.063040746603921477 0.0365834861662594 -0.077970211280250126 -0.3275699841562778 -0.236958579213047 0.080207603876749467 -0.022669577765927859 0.033296410128202177 0.012694750269222843 -0.029342425079666667 -0.030249791474059862 0.056285053029917112 0.094907078389525279
leaf_weight=18 39 40 78 29 178 299 70 448 143 267 88 367 55 17
leaf_count=18 39 40 78 29 178 299 70 448 143 267 88 367 55 17
internal_value=-0.000646069 0.00109103 0.00395522 0.0032 -0.00158027 -0.00111891 -0.00200123 -0.000463322 0.00427602 0.000710659 0.00133803 -0.000511483 0.00214286 0.00541667
internal_weight=2136 747 268 250 1389 1211 817 518 221 394 355 479 112 72
internal_count=2136 747 268 250 1389 1211 817 518 221 394 355 479 112 72
is_linear=0
shrinkage=0.05


Tree=64
num_leaves=15
num_cat=0
split_feature=1 1 22 22 10 20 22 20 22 10 22 22 22 9
split_gain=1.25611 0.750561 0.612892 3.34058 2.05594 1.91203 1.07067 1.1987 1.05175 0.594258 0.60575 3.47314 0.829056 0.388894
threshold=69.035000000000011 42.310000000000009 0.95338485815333007 0.96319629568591714 -0.10059999999999999 16775.780000000002 0.5009122898073749 16775.780000000002 0.77447169083781808 -0.10059999999999999 0.95338485815333007 0.96767518139081532 0.42471264173135381 0.24500000000000002
decision_type=2 2 2 2 2 2 2 2 2 2 2 2 2 2
left_child=1 -1 6 4 -4 -5 7 -3 -8 -2 12 -12 13 -11
right_child=9 2 3 5 -6 -7 8 -9 -10 10 11 -13 -14 -15
leaf_value=0.069699474116337326 -0.30618697881737761 0.03413507150881321 0.06721033789034854 -0.1015778800356672 0.33323729159194526 0.057007352274273365 -0.13603479897778051 -0.043558941618606663 0.00025211307213108316 -0.035140830271197319 0.07199144498606995 -0.081632708101662996 -0.22679750675211144 0.014264218194656036
leaf_weight=10.999999999999998 247 349 13.000000000000002 197 10.999999999999998 66 338 108 377 42 19 69 218 71
leaf_count=11 247 349 13 197 11 66 338 108 377 42 19 69 218 71
internal_value=-0.000646069 0.000170067 7.19659e-05 0.00214286 0.02 0.000513307 -0.000435155 0.00145514 -0.00164336 -0.00244745 -0.00130072 0.00238636 -0.00228097 0.00119469
internal_weight=2136 1470 1459 287 24 263 1172 457 715 666 419 88 331 113
internal_count=2136 1470 1459 287 24 263 1172 457 715 666 419 88 331 113
is_linear=0
shrinkage=0.05


Tree=65
num_leaves=15
num_cat=0
split_feature=10 9 22 22 1 22 1 1 22 1 22 1 0 0
split_gain=1.32447 1.2236 1.26065 2.41975 1.09735 1.01966 1.08934 0.958119 0.803987 0.622151 0.416889 0.3719 0.550852 0.892857
threshold=-0.10059999999999999 0.24500000000000002 0.95338485815333007 0.96319629568591714 70.365000000000009 0.17963823861099873 62.995000000000012 56.380000000000003 0.3933211724509133 69.230000000000004 0.42471264173135381 53.650000000000006 25.415000000000003 27.075000000000003
decision_type=2 2 2 2 2 2 2 2 2 2 2 2 2 2
left_child=9 5 7 -4 -5 6 -2 8 -3 11 -9 12 -1 -14
right_child=1 2 3 4 -6 -7 -8 10 -10 -11 -12 -13 13 -15
leaf_value=-0.029627638236988985 0.081950678096228746 0.045181141512823111 0.28270767185942725 0.076323724791921385 -0.093174976752567848 -0.060766196037815037 -0.0010621641567414766 0.010646399330019827 0.083546257345150962 -0.29982369836057415 -0.030578328500812886 -0.036912848716298539 0.18829160438855108 -0.033583775621710082
leaf_weight=43 17 13.999999999999998 18 113 31 486 31 186 72 241 367 489 14.000000000000002 13.999999999999998
leaf_count=43 17 14 18 113 31 486 31 186 72 241 367 489 14 14
internal_value=-0.000646069 0.000318351 0.00155431 0.00549383 0.00333333 -0.00153558 0.00541667 0.000555554 0.00546512 -0.00225343 -0.000207958 -0.00133929 0.00204225 0.0075
internal_weight=2136 1335 801 162 144 534 48 639 86 801 553 560 71 28
internal_count=2136 1335 801 162 144 534 48 639 86 801 553 560 71 28
is_linear=0
shrinkage=0.05


Tree=66
num_leaves=15
num_cat=0
split_feature=1 11 22 22 22 6 0 1 0 10 6 1 1 22
split_gain=1.28173 1.25929 0.965233 1.07506 1.17295 2.19046 0.749164 0.745026 1.10662 0.687226 0.527284 0.457136 0.441176 0.420973
threshold=61.990000000000002 -0.98919999999999997 0.5009122898073749 0.77447169083781808 0.82594856731250699 30.380000000000006 22.255000000000006 59.235000000000007 23.835000000000004 0.65755000000000019 13.005000000000001 76.065000000000012 59.525000000000006 0.077330756371236084
decision_type=2 2 2 2 2 2 2 2 2 2 2 2 2 2
left_child=1 6 10 -4 5 -5 12 8 -8 -6 -2 13 -1 -12
right_child=2 -3 3 4 9 -7 7 -9 -10 -11 11 -13 -14 -15
leaf_value=0.033298124639244156 -0.33333906346917752 -0.0066523990403051991 -0.22930672226385274 0.0028085102461143379 -0.087959070435203859 0.18635976932458467 -0.01768534503787025 -0.013558223044461873 0.063807354171134575 0.047219868120868695 -0.09298818292040005 -0.26940853491464212 0.17633232467204793 0.011841358333496877
leaf_weight=17.000000000000004 57 479 339 67 460 11.999999999999998 57 85 99 64 35 43 9.9999999999999982 312
leaf_count=17 57 479 339 67 460 12 57 85 99 64 35 43 10 312
internal_value=-0.000646069 0.0010241 -0.00154428 -0.00245223 -0.00118574 0.00449367 0.00376866 0.00288382 0.0049359 -0.00204199 0.000369126 0.00102564 0.0116667 0.00162824
internal_weight=2136 747 1389 942 603 79 268 241 156 524 447 390 27 347
internal_count=2136 747 1389 942 603 79 268 241 156 524 447 390 27 347
is_linear=0
shrinkage=0.05


Tree=67
num_leaves=15
num_cat=0
split_feature=1 8 1 1 23 20 23 7 23 23 20 23 11 1
split_gain=1.24311 0.936835 1.23913 1.35281 1.1567 3.08944 1.55741 1.53245 1.09652 1.84653 0.986031 0.413695 0.299469 0.214413
threshold=73.835000000000008 17.745000000000005 72.675000000000026 54.465000000000011 0.082689073440128144 16775.780000000002 0.048361154940047744 55.750000000000007 0.86545531305655499 0.61913436964878354 16775.780000000002 0.15101078994440373 -0.98919999999999997 78.410000000000011
decision_type=2 2 2 2 2 2 2 2 2 2 2 2 2 2
left_child=1 4 3 -3 5 7 -7 -1 9 -6 -10 -5 13 -2
right_child=12 2 -4 11 8 6 -8 -9 10 -11 -12 -13 -14 -15
leaf_value=0.048585308281066802 -0.0031016498337650606 0.23048843712982517 0.021936901983557466 -0.17958416474474342 -0.0013806295846919298 0.033301287966486723 0.10666889848980524 -0.18243852043316047 0.024109843978773145 -0.1508037984503493 -0.037307632302496903 0.05049918228387127 -0.28085416456534501 -0.27920797527667157
leaf_weight=12.999999999999998 71 9.9999999999999982 9.9999999999999982 24 606 15.000000000000002 11.999999999999998 51 377 402 144 194 175 32
leaf_count=13 71 10 10 24 606 15 12 51 377 402 144 194 175 32
internal_value=-0.00062266 -0.000156083 0.00277311 0.00201754 -0.000586421 0.00489011 0.0190741 -0.00109375 -0.000912362 -0.001875 0.000950095 0.00119266 -0.00374101 -0.00160194
internal_weight=2136 1858 238 228 1620 91 27 64 1529 1008 521 218 278 103
internal_count=2136 1858 238 228 1620 91 27 64 1529 1008 521 218 278 103
is_linear=0
shrinkage=0.05


Tree=68
num_leaves=15
num_cat=0
split_feature=1 1 22 22 22 7 9 1 1 22 0 3 1 0
split_gain=1.40166 0.945808 0.930296 2.2654 1.46786 0.881547 0.651055 0.979624 0.687619 0.579826 0.440816 1.03052 0.325582 0.318631
threshold=53.650000000000006 75.970000000000013 0.5009122898073749 0.77447169083781808 0.82594856731250699 49.140000000000008 0.46000000000000002 48.815000000000005 42.310000000000009 0.077330756371236084 23.205000000000002 60.000000000000007 53.895000000000003 25.465000000000003
decision_type=2 2 2 2 2 2 2 2 2 2 2 2 2 2
left_child=6 2 5 12 -5 -2 8 -8 -1 -7 11 -10 -4 -12
right_child=1 -3 3 4 -6 9 7 -9 10 -11 13 -13 -14 -15
leaf_value=0.061534297641266368 -0.24094021095401824 -0.29036917838372112 0.014779543950656455 0.070053119946018635 -0.0051180885670228278 -0.15546678055096264 0.23954497158350643 0.12196776713719513 0.1041726187409326 0.016932951003017987 -0.017366344941255892 -0.13906471903765663 -0.17422914934240433 0.062825761940703218
leaf_weight=9.9999999999999982 68 178 10.999999999999998 109 696 42 11.000000000000002 18 22 450 62 20 403 36
leaf_count=10 68 178 11 109 696 42 11 18 22 450 62 20 403 36
internal_value=-0.000575844 -0.00096321 -0.000615516 -0.00139049 0.000155278 0.00107143 0.00365922 0.0105172 0.00233333 0.00180894 0.00142857 0.00571428 -0.00439614 -0.000408164
internal_weight=2136 1957 1779 1219 805 560 179 29 150 492 140 42 414 98
internal_count=2136 1957 1779 1219 805 560 179 29 150 492 140 42 414 98
is_linear=0
shrinkage=0.05


Tree=69
num_leaves=15
num_cat=0
split_feature=1 10 23 23 23 23 1 20 13 0 0 1 1 23
split_gain=1.22964 0.991154 0.960413 6.83886 1.19942 1.16896 1.15554 1.08889 0.954723 0.55786 1.86189 0.606877 0.448431 0.557155
threshold=52.305000000000007 -0.10059999999999999 0.30163443639916493 0.26866134250169732 0.86545531305655499 0.87394374251212481 57.170000000000009 2371.8400000000006 0.32500000000000007 27.075000000000003 25.415000000000003 45.220000000000006 72.90000000000002 0.91245913578114801
decision_type=2 2 2 2 2 2 2 2 2 2 2 2 2 2
left_child=9 12 3 8 6 -6 -4 -5 -3 10 11 -1 13 -2
right_child=1 2 4 7 5 -7 -8 -9 -10 -11 -12 -13 -14 -15
leaf_value=0.042563897808467151 -0.10359101404462445 -0.17998464768912564 0.033809850060655289 0.13297396261294805 0.029463539174087391 0.0068365246650864955 -0.08625104351946844 0.24570841829559353 0.027619164900600693 -0.040791947544294299 0.19973021418238968 0.0013365681100745127 -0.39157970604665288 0.013774696611461393
leaf_weight=14.999999999999998 461 89 86 12.000000000000002 14.999999999999998 373 529 18 139 14.999999999999998 18 79 141 146
leaf_count=15 461 89 86 12 15 373 529 18 139 15 18 79 141 146
internal_value=-0.000716293 -0.00101792 -0.000162571 0.00255814 -0.000862414 0.00131443 -0.00223577 0.025 -0.000394738 0.00405512 0.00526786 0.00244681 -0.00245989 -0.00186985
internal_weight=2136 2009 1261 258 1003 388 615 30 228 127 112 94 748 607
internal_count=2136 2009 1261 258 1003 388 615 30 228 127 112 94 748 607
is_linear=0
shrinkage=0.05


Tree=70
num_leaves=15
num_cat=0
split_feature=1 2 1 22 22 22 20 22 22 0 0 0 11 22
split_gain=1.18185 1.10388 0.967868 0.743432 2.07234 1.52733 0.693165 0.651854 0.559995 0.513528 1.86667 0.548639 0.436623 0.293569
threshold=52.305000000000007 2.2200000000000002 75.970000000000013 0.40907743338811486 0.77447169083781808 0.82594856731250699 16775.780000000002 0.5009122898073749 0.077330756371236084 25.415000000000003 27.075000000000003 22.925000000000004 -0.94719999999999993 0.89546819317495652
decision_type=2 2 2 2 2 2 2 2 2 2 2 2 2 2
left_child=1 9 3 6 7 -6 8 -5 -2 11 -11 12 -1 -13
right_child=2 -3 -4 4 5 -7 -8 -9 -10 10 -12 13 -14 -15
leaf_value=0.03673602120213549 -0.092790037758036459 0.19514607537810008 -0.27748501069073489 -0.0030311805026421047 0.082353625322646132 -0.0048263477021296772 -0.020837286423951315 -0.14383289292826459 0.027258916173810668 0.15773862971499669 -0.038723791969564075 -0.015967797678307104 -0.010980653680834659 0.0083727238976678241
leaf_weight=14.000000000000002 36 9.9999999999999982 178 114 110 720 110 434 307 16.000000000000004 13.999999999999998 45 10.999999999999998 17
leaf_count=14 36 10 178 114 110 720 110 434 307 16 14 45 11 17
internal_value=-0.00062266 0.00405512 -0.000918369 -0.000576189 -0.00115385 0.000421686 0.00118101 -0.00354015 0.00228863 0.00269231 0.00833333 0.000747125 0.007 -0.00177419
internal_weight=2136 127 2009 1831 1378 830 453 548 343 117 30 87 25 62
internal_count=2136 127 2009 1831 1378 830 453 548 343 117 30 87 25 62
is_linear=0
shrinkage=0.05


Tree=71
num_leaves=15
num_cat=0
split_feature=22 22 22 21 10 22 20 22 6 1 1 22 22 22
split_gain=1.00859 1.57574 1.40653 2.60093 1.24444 2.0004 0.911616 0.84379 0.849495 1.02123 0.758388 0.711111 0.651154 0.581818
threshold=0.40907743338811486 0.7957718639449195 0.82594856731250699 12060.420000000002 -0.29389999999999994 0.88768027107944258 16775.780000000002 0.57340843044527534 16.055000000000003 59.145000000000003 66.750000000000014 0.80607028652842638 0.84484927454466385 0.077330756371236084
decision_type=2 2 2 2 2 2 2 2 2 2 2 2 2 2
left_child=6 7 3 10 12 -6 13 8 -2 -10 -3 -5 -4 -1
right_child=1 2 4 11 5 -7 -8 -9 9 -11 -12 -13 -14 -15
leaf_value=-0.088150535870134675 -0.11158572655045798 0.39327240162622534 0.36082807035150749 0.054357178497042337 -0.1478019210720023 0.024114809520872263 -0.024227109038047142 -0.17604875466726591 0.086465524646357983 -0.021362365132956362 0.38008883428148532 -0.18876669536463173 -0.55089011927182585 0.025508535188092429
leaf_weight=36 99 17.000000000000004 11.999999999999998 14.999999999999998 126 504 132 432 42 123 9.9999999999999982 30 198 360
leaf_count=36 99 17 12 15 126 504 132 432 42 123 10 30 198 360
internal_value=-0.000646069 -0.00126866 9.8683e-05 0.00680555 -0.000476192 0.000634919 0.00125 -0.00306035 -0.000833335 0.00136364 0.0190741 -0.000555557 -0.00380953 0.00244949
internal_weight=2136 1608 912 72 840 630 528 696 264 165 27 45 210 396
internal_count=2136 1608 912 72 840 630 528 696 264 165 27 45 210 396
is_linear=0
shrinkage=0.05


Tree=72
num_leaves=15
num_cat=0
split_feature=1 2 22 22 20 7 9 6 22 3 22 5 22 22
split_gain=1.23738 1.17029 1.00905 1.49556 1.02829 1.03542 0.784293 0.764182 0.697222 0.600962 0.553223 0.571292 0.477371 0.745969
threshold=53.650000000000006 2.3300000000000005 0.40907743338811486 0.77447169083781808 15014.405000000001 55.750000000000007 0.46000000000000002 13.005000000000001 0.99653827729370248 60.000000000000007 0.57340843044527534 739.99000000000012 0.11157877211276467 0.12865578461947555
decision_type=2 2 2 2 2 2 2 2 2 2 2 2 2 2
left_child=1 6 7 10 5 -5 -1 -2 -6 -8 11 -4 -9 -14
right_child=2 -3 3 4 8 -7 9 12 -10 -11 -12 -13 13 -15
leaf_value=0.0066966133067990347 -0.1960612269417279 0.18411334484979044 -0.086051109347368815 0.016574332369220148 0.013216238887763229 -0.14748301611601547 0.080234381138503286 -0.0071447741474788638 0.06200478152861133 0.26662213940994006 -0.23344174255978423 0.011031913351283461 0.057233606097494651 0.01285875082236055
leaf_weight=143 62 9.9999999999999982 166 111 293 443 15.999999999999998 78 43 10.000000000000002 349 60 21 331
leaf_count=143 62 10 166 111 293 443 16 78 43 10 349 60 21 331
internal_value=-0.000599252 0.00337989 -0.00096321 -0.00162116 -0.00033708 -0.00166065 0.00239645 0.000995934 0.00184524 0.0103846 -0.0036087 -0.00168142 0.00174418 0.00252841
internal_weight=2136 179 1957 1465 890 554 169 492 336 26 575 226 430 352
internal_count=2136 179 1957 1465 890 554 169 492 336 26 575 226 430 352
is_linear=0
shrinkage=0.05


Tree=73
num_leaves=15
num_cat=0
split_feature=22 22 22 6 22 21 6 22 1 5 1 1 23 22
split_gain=1.08586 1.79586 1.31488 2.74286 1.03601 1.25149 0.941829 0.778655 0.730827 0.682828 0.565657 0.547378 0.565831 0.464136
threshold=0.40907743338811486 0.77447169083781808 0.82594856731250699 30.380000000000006 0.88768027107944258 12333.330000000002 13.005000000000001 0.57340843044527534 55.495000000000012 679.98000000000013 69.890000000000015 51.595000000000006 0.96901616890815878 0.11157877211276467
decision_type=2 2 2 2 2 2 2 2 2 2 2 2 2 2
left_child=6 7 3 8 -4 -6 -1 9 -3 -2 -11 12 -8 -13
right_child=1 2 4 -5 5 -7 11 -9 -10 10 -12 13 -14 -15
leaf_value=-0.17839958447423362 -0.039498819184752502 0.13633200380269103 -0.17032727800524741 0.21313224072672099 -0.14180265369544778 0.023425345910269083 0.0087232822564430081 -0.17706745215879693 0.0029230246229838743 0.017645259875571615 -0.16337486829476999 -0.0067875354401048336 0.17241487205395345 0.020573268674340475
leaf_weight=66 165 9.9999999999999982 168 14.999999999999998 336 336 18.000000000000004 384 95 77 22 78 10.999999999999998 355
leaf_count=66 165 10 168 15 336 336 18 384 95 77 22 78 11 355
internal_value=-0.00062266 -0.00126866 0.000104165 0.005 -0.000595239 0.000282737 0.0013447 -0.00330247 0.00214286 -0.00121212 0.00207071 0.00214286 0.0087931 0.00169746
internal_weight=2136 1608 960 120 840 672 528 648 105 264 99 462 29 433
internal_count=2136 1608 960 120 840 672 528 648 105 264 99 462 29 433
is_linear=0
shrinkage=0.05


Tree=74
num_leaves=15
num_cat=0
split_feature=1 1 6 22 22 22 6 10 20 22 22 0 1 0
split_gain=1.48418 1.22042 1.29464 0.9937 1.79661 1.19124 2.81284 1.13041 0.813878 0.775538 0.736151 0.482033 0.375402 0.222222
threshold=56.180000000000007 55.970000000000006 30.380000000000006 0.5009122898073749 0.77447169083781808 0.83552254320998587 24.295000000000005 -0.29389999999999994 16775.780000000002 0.99879288126755872 0.48595098096596934 25.415000000000003 66.195000000000007 25.165000000000003
decision_type=2 2 2 2 2 2 2 2 2 2 2 2 2 2
left_child=1 2 9 8 -5 6 -6 -7 10 11 12 -1 -2 -10
right_child=3 -3 -4 4 5 7 -8 -9 13 -11 -12 -13 -14 -15
leaf_value=-0.0065072963262452765 0.029540082391163198 0.093594859704930727 0.16124733618252021 -0.15116963943779718 -0.020270102143899942 -0.59053164090600851 0.26151925291133049 -0.0014861296166236515 -0.12300394812724279 0.034989409085827913 0.024328889973264951 0.064691653785891687 -0.00089940451189630336 0.00049976522058814074
leaf_weight=173 203 9.9999999999999982 17 433 92 177 36 531 96 9.9999999999999982 18 77 215 48
leaf_count=173 203 10 17 433 92 177 36 531 96 10 18 77 215 48
internal_value=-0.000505619 0.00283972 0.00222022 -0.00102488 -0.00180851 -0.000454547 0.00398437 -0.00125706 0.000689654 0.00134615 0.00176605 0.000799999 0.00133971 -0.00256945
internal_weight=2136 287 277 1849 1269 836 128 708 580 260 436 250 418 144
internal_count=2136 287 277 1849 1269 836 128 708 580 260 436 250 418 144
is_linear=0
shrinkage=0.05


Tree=75
num_leaves=15
num_cat=0
split_feature=1 11 0 24 1 1 20 5 1 1 9 7 21 3
split_gain=1.22779 0.850173 0.752277 0.634874 0.538506 1.0827 0.531846 0.48706 0.468245 0.461709 0.496032 0.441031 0.427599 0.360948
threshold=61.635000000000012 -0.98919999999999997 22.315000000000001 1.5000000000000002 59.235000000000007 58.975000000000009 15014.405000000001 452.54500000000002 70.365000000000009 50.965000000000011 0.36000000000000004 49.140000000000008 15373.250000000002 36.000000000000007
decision_type=2 2 2 2 2 2 2 2 2 2 2 2 2 2
left_child=1 2 -1 11 5 -4 -5 -8 -9 10 -3 -2 -13 -6
right_child=3 9 4 6 13 -7 7 8 -10 -11 -12 12 -14 -15
leaf_value=0.057435947035943985 -0.28126696393267958 0.059766717602293955 0.030064090644982385 -0.13573920509902934 0.022433739925972123 0.13512331382554058 -0.088695591787078892 0.030414554899521291 -0.044734441808003012 -0.019419470545557871 0.032042743778435148 0.0078438703119786592 -0.085212686794187364 -0.10743463249451968
leaf_weight=28 57 14.999999999999998 144 580 21 9.9999999999999982 121 152 92 400 48 353 60 55
leaf_count=28 57 15 144 580 21 10 121 152 92 400 48 353 60 55
internal_value=-0.000646069 0.00103329 0.00333333 -0.00150177 0.0023913 0.00409091 -0.00224868 -0.000753426 0.000532786 -0.000248381 0.00373016 -1.19209e-09 0.000569006 -0.00105263
internal_weight=2136 721 258 1415 230 154 945 365 244 463 63 470 413 76
internal_count=2136 721 258 1415 230 154 945 365 244 463 63 470 413 76
is_linear=0
shrinkage=0.05


Tree=76
num_leaves=15
num_cat=0
split_feature=1 1 11 22 22 22 22 22 22 22 22 22 1 22
split_gain=1.08428 0.743851 0.5437 0.768431 1.05278 0.57955 0.778615 0.65884 0.458662 0.676354 0.56769 0.421431 1.05449 0.431524
threshold=67.27500000000002 42.310000000000009 -0.99869999999999992 0.31288844364721724 0.40907743338811486 0.17963823861099873 0.14569472580964501 0.95338485815333007 0.42471264173135381 0.78523795966413312 0.82594856731250699 0.36146417736073544 71.945000000000007 0.24684749415872467
decision_type=2 2 2 2 2 2 2 2 2 2 2 2 2 2
left_child=1 -1 3 -3 -5 6 -4 -7 11 -10 -11 13 -13 -2
right_child=8 2 5 4 -6 7 -8 -9 9 10 -12 12 -14 -15
leaf_value=0.026981116271575619 0.0055439456196612483 -0.038549795382183026 0.014768077391386566 0.038501745167047345 0.018518813651946461 -0.014542622083116902 0.058280711152809264 0.043935302193728917 -0.27973437305804144 0.041694740303378622 -0.053635689590461902 0.084842890958218189 -0.051998129852853028 -0.023052796968542524
leaf_weight=10.999999999999998 114 26 77 9.9999999999999982 123 797 25 230 248 37 325 14.999999999999998 28 70
leaf_count=11 114 26 77 10 123 797 25 230 248 37 325 15 28 70
internal_value=-0.000669477 0.000234795 0.000124222 0.00286163 0.0043985 -0.000261294 0.00333333 -0.000618307 -0.00207288 -0.00278689 -0.00140884 -0.000154186 0.00430232 -0.00119565
internal_weight=2136 1299 1288 159 133 1129 102 1027 837 610 362 227 43 184
internal_count=2136 1299 1288 159 133 1129 102 1027 837 610 362 227 43 184
is_linear=0
shrinkage=0.05


Tree=77
num_leaves=15
num_cat=0
split_feature=22 22 7 22 20 1 20 20 22 11 22 22 5 22
split_gain=1.02287 5.1777 1.5 1.40865 1.23676 1.18657 0.960317 0.943791 1.38399 0.930158 0.880239 0.805664 1.87778 0.907407
threshold=0.95338485815333007 0.95843238470078729 68.540000000000006 0.5009122898073749 15014.405000000001 56.735000000000007 16775.780000000002 2371.8400000000006 0.99879288126755872 -0.99724999999999986 0.89546819317495652 0.99653827729370248 739.99000000000012 0.9884946951290402
decision_type=2 2 2 2 2 2 2 2 2 2 2 2 2 2
left_child=3 2 -2 6 7 9 -1 8 -3 10 -5 13 -13 -6
right_child=1 4 -4 5 11 -7 -8 -9 -10 -11 -12 12 -14 -15
leaf_value=0.010637923478424509 0.21479597742279882 -0.064669861716860372 0.11891488819448073 0.023647940978259684 0.091333989923135642 -0.098979993354164339 -0.041851988326930573 -0.19373074270049329 0.014966630579313864 -0.0024179619831679378 0.071932636589451024 0.074386617546142439 -0.08154479235753298 -0.059701358300172071
leaf_weight=504 12.000000000000002 84 11.999999999999998 38 72 876 168 153 18 102 15.999999999999998 30 14.999999999999998 36
leaf_count=504 12 84 12 38 72 876 168 153 18 102 16 30 15 36
internal_value=-0.000575844 0.00159722 0.0241667 -0.00112676 0.000269607 -0.00228682 0.000654761 -0.00186275 0.00186274 0.00173077 0.00703704 0.00382353 0.00944444 0.00148148
internal_weight=2136 432 24 1704 408 1032 672 255 102 156 54 153 45 108
internal_count=2136 432 24 1704 408 1032 672 255 102 156 54 153 45 108
is_linear=0
shrinkage=0.05


Tree=78
num_leaves=15
num_cat=0
split_feature=11 23 1 10 23 6 23 23 23 23 0 1 6 0
split_gain=1.23703 1.50804 1.04187 0.655207 0.95543 1.04767 0.7884 0.676612 0.640523 1.09402 0.781499 0.695398 0.591871 0.609524
threshold=-0.99869999999999992 0.065534810592492068 71.945000000000007 1.0000000180025095e-35 0.46038001402560286 16.460000000000004 0.81922450700169669 0.96901616890815878 0.97693379145244141 0.92599062340417404 25.065000000000001 64.810000000000016 30.380000000000006 25.695000000000004
decision_type=2 2 2 2 2 2 2 2 2 2 2 2 2 2
left_child=1 -1 3 7 5 -5 -6 -2 9 11 -11 -3 -4 -14
right_child=2 8 12 4 6 -7 -8 -9 -10 10 -12 -13 13 -15
leaf_value=0.023360097715882603 -0.052185188503586145 0.025087213429179842 -0.1580149927883463 0.090932921627267613 -0.071054214723675305 0.02943746212169019 0.010876341994957392 0.013607763975392982 -0.058966217640766719 0.014227233103197141 0.17222091336186618 -0.062749777304289808 -0.021335200695441609 0.029753034443212496
leaf_weight=11.999999999999998 736 95 307 65 205 145 251 118 30 19.000000000000004 10.999999999999998 100 30 11.999999999999998
leaf_count=12 736 95 307 65 205 145 251 118 30 19 11 100 30 12
internal_value=-0.000505619 0.0026779 -0.000960408 -0.000394738 0.00078078 0.00357143 -0.000504387 -0.00131148 0.00186274 0.00277778 0.0116667 0.00141026 -0.00342407 0.00214286
internal_weight=2136 267 1869 1520 666 210 456 854 255 225 30 195 349 42
internal_count=2136 267 1869 1520 666 210 456 854 255 225 30 195 349 42
is_linear=0
shrinkage=0.05


Tree=79
num_leaves=15
num_cat=0
split_feature=11 10 23 1 1 23 23 23 23 1 23 23 1 23
split_gain=1.16533 1.01663 0.869806 0.851335 0.746184 0.660067 2.62139 0.601858 1.26432 0.605042 0.412982 0.386905 0.375 0.370561
threshold=-0.99869999999999992 1.0000000180025095e-35 0.065534810592492068 51.595000000000006 61.990000000000002 0.30163443639916493 0.25205309817207106 0.21861778653020106 0.35041260675351149 56.380000000000003 0.96901616890815878 0.99549067189428064 63.82500000000001 0.82896682450762904
decision_type=2 2 2 2 2 2 2 2 2 2 2 2 2 2
left_child=2 4 -1 -3 13 6 -5 -4 12 -10 -6 -12 -9 -2
right_child=1 3 7 5 10 -7 -8 8 9 -11 11 -13 -14 -15
leaf_value=0.022192092830088578 -0.022052857724415394 0.083663504968014474 -0.90455399112497836 -0.0047281994449374339 -0.13696889472959237 -0.0023337133980119236 0.11696429422854598 0.010756533216352573 0.057160238622924055 0.0020603393302780662 0.0073122031937538773 -0.11181196041662092 0.11868404343447142 0.027910063534763468
leaf_weight=11.999999999999998 249 34 27 128 597 612 27 12.000000000000002 36 168 70 26 11.999999999999998 126
leaf_count=12 249 34 27 128 597 612 27 12 36 168 70 26 12 126
internal_value=-0.000411986 -0.000853399 0.0026779 0.000493132 -0.0018633 0.000149934 0.00306451 0.00205882 0.00289474 0.00161765 -0.0028355 0.000208332 0.01375 -6.66679e-05
internal_weight=2136 1869 267 801 1068 767 155 255 228 204 693 96 24 375
internal_count=2136 1869 267 801 1068 767 155 255 228 204 693 96 24 375
is_linear=0
shrinkage=0.05


Tree=80
num_leaves=15
num_cat=0
split_feature=1 11 0 0 1 1 1 1 22 22 22 20 22 22
split_gain=0.971355 0.574608 0.684842 0.715862 0.859416 0.646708 1.16035 0.609683 2.01842 0.582057 0.849017 0.657904 0.466999 1.18376
threshold=67.27500000000002 -0.98919999999999997 22.605000000000004 22.195000000000004 61.215000000000011 59.235000000000007 58.975000000000009 66.655000000000015 0.81613017994572579 0.53038584004487344 0.88768027107944258 16775.780000000002 0.24684749415872467 0.23014236637527921
decision_type=2 2 2 2 2 2 2 2 2 2 2 2 2 2
left_child=1 2 3 -1 -5 6 -4 9 -9 11 -11 -3 13 -2
right_child=12 7 5 4 -6 -7 -8 8 -10 10 -12 -13 -14 -15
leaf_value=0.0047813006752135219 -0.0058077718590995005 0.050308572065967873 0.026504392502785596 -0.013734424910957908 0.22982782149003753 -0.0052718878803159445 0.13402579938085385 -0.0069409081773265926 0.078570037027417189 -0.11211231080581846 0.0073144290229126829 -0.0097078968734746647 -0.050014482391167958 0.093834550294784269
leaf_weight=48 98 159 136 13.000000000000002 15.999999999999998 261 9.9999999999999982 27 9.9999999999999982 267 252 100 723 15.999999999999998
leaf_count=48 98 159 136 13 16 261 10 27 10 267 252 100 723 16
internal_value=-0.000505619 0.000350268 0.00171487 0.00603896 0.0122414 0.000896805 0.00356164 -0.000460124 0.00581081 -0.000758356 -0.00172447 0.0011776 -0.00183393 0.00114035
internal_weight=2136 1299 484 77 29 407 146 815 37 778 519 259 837 114
internal_count=2136 1299 484 77 29 407 146 815 37 778 519 259 837 114
is_linear=0
shrinkage=0.05


Tree=81
num_leaves=15
num_cat=0
split_feature=10 9 22 22 22 6 22 0 4 22 6 22 0 0
split_gain=0.829245 0.944944 1.01124 2.5 1.44643 1.125 0.973064 0.733702 0.721189 0.499032 0.486532 0.466306 0.997473 1.16472
threshold=-0.10059999999999999 0.24500000000000002 0.77447169083781808 0.81613017994572579 0.88768027107944258 16.055000000000003 0.57340843044527534 20.610000000000003 72.90000000000002 0.24684749415872467 16.055000000000003 0.48595098096596934 23.745000000000001 24.185000000000006
decision_type=2 2 2 2 2 2 2 2 2 2 2 2 2 2
left_child=8 7 6 5 -5 -4 10 -2 11 -9 -3 12 -1 -14
right_child=1 2 3 4 -6 -7 -8 9 -10 -11 -12 -13 13 -15
leaf_value=-0.074040986963236105 0.069599112903561564 -0.0048124218955146927 0.00059629670011021986 -0.062737709256105653 0.050130282093901024 0.13743960679336975 -0.12099962063650418 0.015432188308195772 -0.30468211779056587 -0.053590695710494823 0.013122600396968907 -0.051580245224773218 0.050855624429158232 0.006759964430454287
leaf_weight=64 12.999999999999998 99 11.999999999999998 72 252 24 144 68 141 453 198 458 17 121
leaf_count=64 13 99 12 72 252 24 144 68 141 453 198 458 17 121
internal_value=-0.000482211 0.000280898 0.00136704 0.00333333 0.00194444 0.0158333 -0.000238096 -0.00134832 -0.00175406 -0.00164108 0.00139731 -0.00106061 0.000940593 0.00333333
internal_weight=2136 1335 801 360 324 36 441 534 801 521 297 660 202 138
internal_count=2136 1335 801 360 324 36 441 534 801 521 297 660 202 138
is_linear=0
shrinkage=0.05


Tree=82
num_leaves=15
num_cat=0
split_feature=1 10 21 1 3 23 23 10 23 0 1 1 0 20
split_gain=1.11055 0.587028 0.596375 0.52541 0.572024 0.448526 0.428252 2.11144 0.53688 0.933015 0.492377 0.414447 0.585054 0.362225
threshold=73.160000000000011 -0.10059999999999999 15373.250000000002 51.595000000000006 60.000000000000007 0.46038001402560286 0.065534810592492068 -0.29389999999999994 0.87394374251212481 23.745000000000001 50.035000000000004 63.905000000000008 22.605000000000004 1.0000000180025095e-35
decision_type=2 2 2 2 2 2 2 2 2 2 2 2 2 2
left_child=1 6 3 4 -3 -5 7 -1 10 -10 -8 12 -4 -2
right_child=13 2 11 5 -6 -7 8 -9 9 -11 -12 -13 -14 -15
leaf_value=-0.50704731107877765 0.0096143100258478977 0.10121289885916381 0.037604306536274106 0.054441815332720737 -0.00090475065625469225 0.0019212867165676537 0.033919702288656817 0.041824060796283785 -0.074498149976724659 0.023882948374809778 -0.10141371783815178 -0.084522829907354088 -0.0072314991633265534 -0.10493931616331748
leaf_weight=20 39 28 18 270 20 601 19 11.000000000000002 65 144 414 112 98 277
leaf_count=20 39 28 18 270 20 601 19 11 65 144 414 112 98 277
internal_value=-0.00036517 0.000109889 0.000797732 0.00136561 0.00645833 0.00108496 -0.00106241 0.00467742 -0.00133957 0.000741626 -0.00234411 -0.00149123 0.000603447 -0.00310127
internal_weight=2136 1820 1147 919 48 871 673 31 642 209 433 228 116 316
internal_count=2136 1820 1147 919 48 871 673 31 642 209 433 228 116 316
is_linear=0
shrinkage=0.05


Tree=83
num_leaves=15
num_cat=0
split_feature=1 10 21 22 22 22 22 1 22 10 6 22 22 10
split_gain=0.934171 0.604172 0.497276 0.57215 0.56375 4.81704 0.529392 0.44592 0.43141 2.11144 0.432395 1.17632 0.479839 0.289299
threshold=73.835000000000008 -0.10059999999999999 15373.250000000002 0.17963823861099873 0.95338485815333007 0.96319629568591714 0.57340843044527534 57.760000000000005 0.99781321377224363 -0.29389999999999994 13.005000000000001 0.83552254320998587 0.88768027107944258 -0.10059999999999999
decision_type=2 2 2 2 2 2 2 2 2 2 2 2 2 2
left_child=1 8 4 -4 6 -6 -3 -5 10 -10 12 -12 -1 -2
right_child=13 2 3 7 5 -7 -8 -9 9 -11 11 -13 -14 -15
leaf_value=-0.22244407632040497 -0.28570407040819945 0.0062531146143010065 0.02299153234890719 0.0113022832641657 0.22959785237644115 0.013713715307715932 -0.010757825871715978 -0.087793841694123034 -0.48169494552483871 0.039732857756469599 0.014776642161847453 -0.45143288908042545 0.0025107620284486962 -0.040235061261163309
leaf_weight=155 111 353 22 50 18 171 396 158 20 11.000000000000002 288 152 64 167
leaf_count=155 111 353 22 50 18 171 396 158 20 11 288 152 64 167
internal_value=-0.000318353 8.61129e-05 0.000779108 -0.00130435 0.00128998 0.00373016 0.000674231 -0.00211539 -0.00108696 0.00467742 -0.00135812 -0.000454547 -0.00317352 -0.00302158
internal_weight=2136 1858 1168 230 938 189 749 208 690 31 659 440 219 278
internal_count=2136 1858 1168 230 938 189 749 208 690 31 659 440 219 278
is_linear=0
shrinkage=0.05


Tree=84
num_leaves=15
num_cat=0
split_feature=1 22 22 0 6 22 22 22 11 22 22 22 1 2
split_gain=1.04817 0.99648 0.906895 0.59104 0.542624 0.567375 1.34464 0.540179 0.436382 0.554515 0.799849 0.596397 0.489623 0.560466
threshold=69.035000000000011 0.24684749415872467 0.23014236637527921 24.445000000000004 30.380000000000006 0.95338485815333007 0.96319629568591714 0.14569472580964501 -0.99869999999999992 0.31288844364721724 0.62837760187664593 0.78523795966413312 50.965000000000011 0.50000000000000011
decision_type=2 2 2 2 2 2 2 2 2 2 2 2 2 2
left_child=8 2 3 7 5 -3 -7 -2 9 -1 -11 -12 -10 -14
right_child=1 4 -4 -5 -6 6 -8 -9 12 10 11 -13 13 -15
leaf_value=-0.055121130882664238 -0.090915179043495081 -0.23703424611004464 0.088444786551769725 -0.044664583281179726 0.0040449159656890353 0.041769526892977367 -0.057747479357120046 0.023985313939859719 0.062097781677398406 0.023249503256659105 -0.09066382800034202 0.017608098965450722 0.0020707903231091561 -0.070842448533972202
leaf_weight=30 13.999999999999998 373 15.999999999999998 47 69 22 107 18 77 44 25 79 1127 88
leaf_count=30 14 373 16 47 69 22 107 18 77 44 25 79 1127 88
internal_value=-0.000201312 -0.00184685 0.00289474 0.000696201 -0.00263573 -0.00320717 -0.000348838 0.0059375 0.000544216 0.00286517 0.00412162 0.00173077 0.000224457 -2.05773e-05
internal_weight=2136 666 95 79 571 502 129 32 1470 178 148 104 1292 1215
internal_count=2136 666 95 79 571 502 129 32 1470 178 148 104 1292 1215
is_linear=0
shrinkage=0.05


Tree=85
num_leaves=15
num_cat=0
split_feature=1 10 22 22 22 22 6 20 20 22 9 1 1 20
split_gain=0.958667 0.537767 0.636846 0.46777 1.46655 1.61446 1.96269 1.11809 1.10391 1.36635 1.31856 0.906679 0.697438 0.627407
threshold=72.90000000000002 -0.10059999999999999 0.24684749415872467 0.5009122898073749 0.77447169083781808 0.82594856731250699 30.380000000000006 16775.780000000002 16775.780000000002 0.45560143098769151 0.46000000000000002 56.735000000000007 71.375000000000014 16775.780000000002
decision_type=2 2 2 2 2 2 2 2 2 2 2 2 2 2
left_child=3 -2 -3 8 11 6 -6 -7 9 12 -11 13 -1 -5
right_child=1 2 -4 4 5 7 -8 -9 -10 10 -12 -13 -14 -15
leaf_value=0.0046565641602297116 -0.26853136524099913 0.014931993012131396 -0.034015120976006785 0.010161472146910981 0.018286045357924652 -0.019710531450054771 0.21617587164726443 0.036754434405403151 -0.021872344563777762 0.047754011425356936 -0.01082164300677577 -0.11871031728361221 0.03712726128395797 -0.11868619252933428
leaf_weight=361 141 20 178 54 90 519 10.999999999999998 175 138 33 14.999999999999998 352 28 21
leaf_count=361 141 20 178 54 90 519 11 175 138 33 15 352 28 21
internal_value=-0.000201312 -0.00264012 -0.000959597 0.000258763 -0.0002946 0.000974842 0.00688119 0.000115273 0.00143478 0.0026659 0.010625 -0.00265808 0.0016838 0.00233333
internal_weight=2136 339 198 1797 1222 795 101 694 575 437 48 427 389 75
internal_count=2136 339 198 1797 1222 795 101 694 575 437 48 427 389 75
is_linear=0
shrinkage=0.05


Tree=86
num_leaves=15
num_cat=0
split_feature=10 1 9 22 22 22 22 6 22 22 6 22 22 22
split_gain=0.86005 0.806804 0.683645 0.895999 0.731429 0.691587 3.21111 1.38889 1.24008 0.997753 0.726727 0.565782 1.43112 0.550784
threshold=-0.10059999999999999 72.90000000000002 0.24500000000000002 0.5009122898073749 0.45560143098769151 0.77447169083781808 0.81613017994572579 16.055000000000003 0.88768027107944258 0.62837760187664593 16.055000000000003 0.89546819317495652 0.96319629568591714 0.17963823861099873
decision_type=2 2 2 2 2 2 2 2 2 2 2 2 2 2
left_child=1 -1 3 4 13 9 7 -7 -8 10 -4 -5 -13 -2
right_child=2 -3 5 11 -6 6 8 -9 -10 -11 -12 12 -14 -15
leaf_value=-0.017580847793777145 0.034340314713707409 -0.25510479697894917 -0.0046954988375200943 -0.12419276652898713 0.032635040395446922 0.0011859953563657143 -0.058976187353044898 0.12009712031293976 0.044856595190280429 -0.11121172429956139 0.011335732012873717 0.048022101604208639 -0.14898615882980154 -0.055461562262836883
leaf_weight=660 48 141 111 204 18 11.999999999999998 72 24 252 108 222 66 96 102
leaf_count=660 48 141 111 204 18 12 72 24 252 108 222 66 96 102
internal_value=-0.000271537 -0.00156679 0.000505617 -0.000880151 0.00214286 0.00142946 0.00305555 0.0172222 0.00148148 0.00010204 0.00145646 -0.00226776 -6.17296e-05 0.000999999
internal_weight=2136 801 1335 534 168 801 360 36 324 441 333 366 162 150
internal_count=2136 801 1335 534 168 801 360 36 324 441 333 366 162 150
is_linear=0
shrinkage=0.05


Tree=87
num_leaves=15
num_cat=0
split_feature=1 2 22 22 22 20 7 1 9 3 0 20 22 6
split_gain=1.01541 1.17029 0.904847 1.09849 6.17538 1.68257 1.63636 0.865529 0.784293 1.38846 0.664024 0.627034 0.72373 2.10879
threshold=53.650000000000006 2.3300000000000005 0.40907743338811486 0.95338485815333007 0.95843238470078729 15014.405000000001 68.540000000000006 56.735000000000007 0.46000000000000002 60.000000000000007 26.875000000000004 16775.780000000002 0.32917936166072764 18.480000000000004
decision_type=2 2 2 2 2 2 2 2 2 2 2 2 2 2
left_child=1 8 11 7 6 -6 -5 10 -1 -10 -4 12 -2 -14
right_child=2 -3 3 4 5 -7 -8 -9 9 -11 -12 -13 13 -15
leaf_value=0.0011763891063838526 0.0036881076675379302 0.14324936880451913 0.0085666501084239507 0.20683668630449983 -0.068092013579954272 0.036683991709321705 0.08913228270907203 -0.070165340843250934 0.049696683784785957 0.2444346861321452 0.06453040358520537 -0.013709138922683493 0.068544068796546259 -0.016110183945588309
leaf_weight=143 285 9.9999999999999982 72 11.000000000000002 232 141 10.999999999999998 988 15.999999999999998 10.000000000000002 9.9999999999999982 124 41 42
leaf_count=143 285 10 72 11 232 141 11 988 16 10 10 124 41 42
internal_value=-0.00022472 0.00337989 -0.000554421 -0.00117748 0.00107595 -0.00044236 0.0268182 -0.00200935 0.00239645 0.0103846 0.00292683 0.00130081 0.00233696 0.00644578
internal_weight=2136 179 1957 1465 395 373 22 1070 169 26 82 492 368 83
internal_count=2136 179 1957 1465 395 373 22 1070 169 26 82 492 368 83
is_linear=0
shrinkage=0.05


Tree=88
num_leaves=15
num_cat=0
split_feature=1 11 0 0 1 0 1 1 23 23 23 0 23 23
split_gain=0.929796 0.622217 0.66714 0.616247 0.882205 0.566055 0.756186 0.551699 0.546205 0.745649 2.30656 0.557411 0.752471 0.543047
threshold=66.265000000000015 -0.98919999999999997 22.605000000000004 21.905000000000005 61.215000000000011 23.745000000000001 56.610000000000007 65.00500000000001 0.84771273534009206 0.30163443639916493 0.2851900856177319 24.985000000000003 0.89014232404703397 0.9052873537896472
decision_type=2 2 2 2 2 2 2 2 2 2 2 2 2 2
left_child=1 2 3 -1 -5 7 -7 -4 9 10 -3 -10 -13 -2
right_child=13 8 5 4 -6 6 -8 -9 11 -11 -12 12 -14 -15
leaf_value=0.0058462491143048325 -0.051287114131485748 0.00131975641954745 -0.030914242760857271 -0.010026800736123422 0.19805950081113807 0.040697026800164481 0.0033256880155775855 0.024378590358868437 -0.0019878956098679131 -0.078636467784577668 0.09754807125668967 0.078521581455974307 0.017006044841325934 0.0012701321802350632
leaf_weight=35 690 145 86 13.999999999999998 19 60 219 10.999999999999998 154 346 9.9999999999999982 14.999999999999998 83 249
leaf_count=35 690 145 86 14 19 60 219 11 154 346 10 15 83 249
internal_value=-0.000201312 0.000722639 0.00220721 0.0067647 0.0116667 0.00138298 0.00252688 -0.00190722 -0.000152724 -0.00110779 0.00177419 0.00174603 0.00469388 -0.00137913
internal_weight=2136 1197 444 68 33 376 279 97 753 501 155 252 98 939
internal_count=2136 1197 444 68 33 376 279 97 753 501 155 252 98 939
is_linear=0
shrinkage=0.05


Tree=89
num_leaves=15
num_cat=0
split_feature=1 5 22 5 22 5 21 1 2 2 1 22 1 5
split_gain=0.882533 0.5811 1.0101 1.55844 0.644683 0.851296 0.518425 0.527974 1.00496 0.422879 0.32481 0.345476 0.283944 0.186578
threshold=75.970000000000013 420.44500000000005 0.99781321377224363 380.89500000000004 0.40907743338811486 380.89500000000004 15373.250000000002 51.595000000000006 1.2250000000000003 0.50000000000000011 65.385000000000005 0.96319629568591714 63.445000000000007 739.99000000000012
decision_type=2 2 2 2 2 2 2 2 2 2 2 2 2 2
left_child=1 2 4 -4 5 -1 7 8 -3 -9 11 -8 -6 -2
right_child=13 6 3 -5 12 -7 10 9 -10 -11 -12 -13 -14 -15
leaf_value=0.074530920087903366 -0.21286454078122358 0.0026096623947550503 -0.41496893126556877 0.034783809242588698 -0.040165387782438805 -0.14239520030725117 0.0085103306427913566 0.0055531685419838474 0.13597287099069583 -0.057536230664276877 -0.075253381292911301 -0.13284390387545444 -0.24304879260770715 -0.061520305112729934
leaf_weight=64 148 52 10 11 158 57 111 1089 9.9999999999999982 85 107 27 177 30
leaf_count=64 148 52 10 11 158 57 111 1089 10 85 107 27 177 30
internal_value=-0.00022472 8.17148e-05 -0.00143606 0.00928571 -0.00192983 0.00119835 0.000570559 0.000987054 0.00548387 0.000749573 -0.00153061 7.24626e-05 -0.0030597 -0.00359551
internal_weight=2136 1958 477 21 456 121 1481 1236 62 1174 245 138 335 178
internal_count=2136 1958 477 21 456 121 1481 1236 62 1174 245 138 335 178
is_linear=0
shrinkage=0.05


Tree=90
num_leaves=15
num_cat=0
split_feature=4 10 9 22 22 22 22 22 22 10 0 22 22 5
split_gain=0.907218 0.621044 0.547264 1.11918 0.928389 0.729305 4.16954 1.02915 0.423037 2.11144 0.396611 0.574906 0.366748 0.186578
threshold=75.970000000000013 -0.10059999999999999 0.24500000000000002 0.17963823861099873 0.077330756371236084 0.77447169083781808 0.81613017994572579 0.62837760187664593 0.99781321377224363 -0.29389999999999994 23.180000000000003 0.47084587141109652 0.5009122898073749 739.99000000000012
decision_type=2 2 2 2 2 2 2 2 2 2 2 2 2 2
left_child=1 8 3 4 -3 7 -7 -4 10 -10 -1 -12 -5 -2
right_child=13 2 5 12 -6 6 -8 -9 9 -11 11 -13 -14 -15
leaf_value=-0.12812898879310472 -0.20222131374216237 -0.20993968267784582 0.0052608977511772147 0.004318926818419425 0.034257059427282445 0.099805029047890459 0.021397699873006895 -0.095402426911142091 -0.4284810119812254 0.033044618780459188 0.017063080758074858 -0.047723606493586236 -0.059187995740938561 -0.058444289857093462
leaf_weight=162 148 11.999999999999998 305 112 34 34 299 104 20 11.000000000000002 170 356 339 30
leaf_count=162 148 12 305 112 34 34 299 104 20 11 170 356 339 30
internal_value=-0.000177904 0.000132787 0.000811137 -0.000472838 0.00695652 0.00167116 0.00340841 0.000256723 -0.00103616 0.00467742 -0.00129361 -0.000627378 -0.0012306 -0.00359551
internal_weight=2136 1958 1239 497 46 742 333 409 719 31 688 526 451 178
internal_count=2136 1958 1239 497 46 742 333 409 719 31 688 526 451 178
is_linear=0
shrinkage=0.05


Tree=91
num_leaves=15
num_cat=0
split_feature=1 23 23 23 0 6 23 1 2 2 20 1 0 23
split_gain=0.871239 0.642392 0.528692 1.0704 1.45833 0.512529 0.497683 0.454675 0.728378 0.597645 0.450523 0.404346 0.386518 0.355056
threshold=69.035000000000011 0.92599062340417404 0.30163443639916493 0.26866134250169732 23.545000000000005 30.380000000000006 0.93234632485081093 52.305000000000007 0.50000000000000011 2.2200000000000002 16775.780000000002 46.290000000000013 24.760000000000002 0.95499258812111987
decision_type=2 2 2 2 2 2 2 2 2 2 2 2 2 2
left_child=7 2 3 -2 -5 -4 -3 9 -9 10 11 -1 -7 -8
right_child=1 6 5 4 -6 12 13 8 -10 -11 -12 -13 -14 -15
leaf_value=-0.016796695389716669 -0.018818427645852273 0.041145083800456034 -0.25207700527021276 -0.036840665826769474 0.079295863119014612 -0.031024825936029645 -0.021173334821047669 0.0027665191351120841 -0.051881369762241614 0.1276063549670822 -0.0094375312696599045 0.068846341842672437 0.042545036772262394 0.0042098393735826864
leaf_weight=18 117 12.999999999999998 318 10.000000000000002 13.999999999999998 33 27 1244 99 9.9999999999999982 37 62 15.999999999999998 118
leaf_count=18 117 13 318 10 14 33 27 1244 99 10 37 62 16 118
internal_value=-0.000271537 -0.00177177 -0.0026378 -3.54622e-05 0.00958333 -0.0036376 0.00101266 0.000408162 0.00013775 0.00326772 0.00226496 0.004375 0.00112245 0.000172413
internal_weight=2136 666 508 141 24 367 158 1470 1343 127 117 80 49 145
internal_count=2136 666 508 141 24 367 158 1470 1343 127 117 80 49 145
is_linear=0
shrinkage=0.05


Tree=92
num_leaves=15
num_cat=0
split_feature=1 10 1 1 1 23 2 22 11 22 22 22 22 11
split_gain=0.777934 0.401467 0.551641 0.780567 0.489149 0.475626 0.44258 0.398853 0.530129 0.469417 0.323879 2.14946 0.531863 0.27966
threshold=74.315000000000012 1.0000000180025095e-35 58.210000000000008 57.565000000000005 51.595000000000006 0.86545531305655499 0.115 0.28003368959032676 -0.99869999999999992 0.077330756371236084 0.95338485815333007 0.96767518139081532 0.57340843044527534 -0.99869999999999992
decision_type=2 2 2 2 2 2 2 2 2 2 2 2 2 2
left_child=1 2 3 6 -3 -5 -1 9 -9 -4 12 -12 -6 -2
right_child=13 4 7 5 10 -7 -8 8 -10 -11 11 -13 -14 -15
leaf_value=0.012216400155817734 0.026230895286614521 0.072681474625501272 -0.1806480890718086 0.0067677542980938993 0.0086535369593874773 0.083808111350104436 -0.091040533153543823 0.0067714175868754355 -0.071491142561963414 0.0058236354941263628 0.0921033046512853 0.0012354648648989443 -0.023505356672125399 -0.16142470102513695
leaf_weight=211 31 34 26 12.000000000000002 252 10.999999999999998 31 150 598 129 23 119 291 218
leaf_count=211 31 34 26 12 252 11 31 150 598 129 23 119 291 218
internal_value=-0.00036517 -1.85492e-05 -0.000590755 0.00141509 0.000910986 0.0102174 0.000578511 -0.0011794 -0.00165776 0.00112903 0.000620437 0.00274648 6.44555e-05 -0.00299197
internal_weight=2136 1887 1168 265 719 23 242 903 748 155 685 142 543 249
internal_count=2136 1887 1168 265 719 23 242 903 748 155 685 142 543 249
is_linear=0
shrinkage=0.05


Tree=93
num_leaves=15
num_cat=0
split_feature=1 22 22 22 6 22 20 20 20 22 7 1 6 22
split_gain=0.77609 0.622848 2.32051 1.7259 1.38562 1.16144 1.58699 1.10592 0.798853 0.387587 0.337454 0.309608 0.845652 0.276896
threshold=78.565000000000012 0.78523795966413312 0.82594856731250699 0.57340843044527534 30.380000000000006 0.88768027107944258 16775.780000000002 1.0000000180025095e-35 16775.780000000002 0.077330756371236084 114.54000000000001 60.165000000000006 24.295000000000005 0.16269055358644466
decision_type=2 2 2 2 2 2 2 2 2 2 2 2 2 2
left_child=1 3 4 8 7 10 -7 -3 9 -1 -4 12 -5 -10
right_child=-2 2 5 11 -6 6 -8 -9 13 -11 -12 -13 -14 -15
leaf_value=-0.066256543088534056 -0.28066570604198487 0.029672016360031618 -0.17471097848212053 -0.11473701342647243 0.19033781319128354 -0.0049905204193515596 0.040393899743468166 0.025381091811159509 0.0073975822349988344 0.010162341923457364 0.34671921581982379 -0.18424641260970931 0.028519758013746351 -0.099097603466716797
leaf_weight=36 85 11.999999999999998 142 83 11.999999999999998 477 161 70 39 541 21 282 26 149
leaf_count=36 85 12 142 83 12 477 161 70 39 541 21 282 26 149
internal_value=-0.000318353 -0.000124331 0.000865921 -0.000891005 0.00829787 -6.24339e-06 0.000956112 0.00597561 0.000490195 0.00141248 -0.00377301 -0.00359335 -0.00133028 -0.00234043
internal_weight=2136 2051 895 1156 94 801 638 82 765 577 163 391 109 188
internal_count=2136 2051 895 1156 94 801 638 82 765 577 163 391 109 188
is_linear=0
shrinkage=0.05


Tree=94
num_leaves=15
num_cat=0
split_feature=1 2 1 1 22 22 22 8 8 22 22 22 22 11
split_gain=0.861282 0.568047 0.60282 0.470089 0.446022 1.33735 4.3658 0.76318 0.615031 0.410717 1.16671 1.31427 0.529531 0.819156
threshold=67.27500000000002 0.50000000000000011 50.965000000000011 78.565000000000012 0.9884946951290402 0.95338485815333007 0.96319629568591714 7.8100000000000014 7.8100000000000014 0.42471264173135381 0.78523795966413312 0.82594856731250699 0.36146417736073544 -0.98919999999999997
decision_type=2 2 2 2 2 2 2 2 2 2 2 2 2 2
left_child=1 4 -3 9 5 7 -7 -1 -6 12 -11 -12 -2 -14
right_child=3 2 -4 -5 8 6 -8 -9 -10 10 11 -13 13 -15
leaf_value=-0.16778596192920842 -0.0020626322513505125 0.10556004638089547 -0.084285972070527224 -0.26663242073988563 0.015386105228340713 0.2026225426323483 0.042337543027883277 0.0060920709704448258 -0.075839961158748748 -0.18293449350819901 0.048070360798943904 -0.0082878401815655624 0.11338800140101586 0.0007469623420258871
leaf_weight=127 171 11.999999999999998 89 85 17 20 101 832 101 225 35 286 10.999999999999998 24
leaf_count=127 171 12 89 85 17 20 101 832 101 225 35 286 11 24
internal_value=-0.00022472 0.000581215 -0.0030198 -0.00147551 0.000884807 0.0012037 0.00615702 0.000578727 -0.0020339 -0.00107713 -0.00179487 0.000140186 0.000825242 0.00642857
internal_weight=2136 1299 101 837 1198 1080 121 959 118 752 546 321 206 35
internal_count=2136 1299 101 837 1198 1080 121 959 118 752 546 321 206 35
is_linear=0
shrinkage=0.05


Tree=95
num_leaves=15
num_cat=0
split_feature=1 1 6 22 22 22 0 0 9 22 22 22 22 11
split_gain=0.893821 0.470089 0.458123 0.569326 1.33742 0.649095 0.548302 1.12037 0.66746 0.410717 0.986441 0.973905 0.529531 0.819156
threshold=67.27500000000002 78.565000000000012 30.380000000000006 0.9884946951290402 0.95843238470078729 0.82594856731250699 21.145000000000003 20.090000000000003 0.36000000000000004 0.42471264173135381 0.78523795966413312 0.82594856731250699 0.36146417736073544 -0.98919999999999997
decision_type=2 2 2 2 2 2 2 2 2 2 2 2 2 2
left_child=2 9 6 4 5 -4 7 -1 -9 12 -11 -12 -2 -14
right_child=1 -3 3 -5 -6 -7 -8 8 -10 10 11 -13 13 -15
leaf_value=-0.0897104377776375 -0.001959500638782904 -0.25330079970289132 0.039257430691247819 -0.42573913859506229 0.16976186782368705 -0.081434749320417776 0.00020597834159588599 0.05629972217183643 0.0077071349729861934 -0.17378776883278904 0.045666842758996663 -0.0078734481724872501 0.10771860133096503 0.00070961422492458808
leaf_weight=18 171 85 93 19 14.999999999999998 33 1085 14.999999999999998 21 225 35 286 10.999999999999998 24
leaf_count=18 171 85 93 19 15 33 1085 15 21 225 35 286 11 24
internal_value=-0.000201312 -0.00147551 0.000619706 0.003125 0.00421986 0.00253968 0.000267778 0.00518518 0.0102778 -0.00107713 -0.00179487 -1.55775e-05 0.000825242 0.00642857
internal_weight=2136 837 1299 160 141 126 1139 54 36 752 546 321 206 35
internal_count=2136 837 1299 160 141 126 1139 54 36 752 546 321 206 35
is_linear=0
shrinkage=0.05


Tree=96
num_leaves=15
num_cat=0
split_feature=1 1 6 23 23 23 0 0 9 23 21 23 23 23
split_gain=0.893821 0.470089 0.458123 0.569326 1.33742 0.649095 0.548302 1.12037 0.66746 0.419847 1.62594 0.481993 0.793715 0.498569
threshold=67.27500000000002 78.565000000000012 30.380000000000006 0.15101078994440373 0.2851900856177319 0.563679860499117 21.145000000000003 20.090000000000003 0.36000000000000004 0.082689073440128144 12333.330000000002 0.91245913578114801 0.61913436964878354 0.93234632485081093
decision_type=2 2 2 2 2 2 2 2 2 2 2 2 2 2
left_child=2 9 6 -4 -5 -6 7 -1 -9 10 -2 12 -11 -13
right_child=1 -3 3 4 5 -7 -8 8 -10 11 -12 13 -14 -15
leaf_value=-0.085224915888755678 -0.13452287288561623 -0.24063575971774678 -0.40445218166530916 0.16127377443250265 -0.07736301185439684 0.037294559156685461 0.00019567942451607421 0.053484736063244623 0.0073217782243369146 -0.0039966808154955607 0.047232078888697814 0.028000392771962691 -0.16317205594736675 -0.0018615256068437469
leaf_weight=18 22 85 19 14.999999999999998 33 93 1085 14.999999999999998 21 282 17 30 230 171
leaf_count=18 22 85 19 15 33 93 1085 15 21 282 17 30 230 171
internal_value=-0.000201312 -0.00147551 0.000619706 0.003125 0.00421986 0.00253968 0.000267778 0.00518518 0.0102778 -0.00107713 0.00397436 -0.00135344 -0.00216797 0.000721392
internal_weight=2136 837 1299 160 141 126 1139 54 36 752 39 713 512 201
internal_count=2136 837 1299 160 141 126 1139 54 36 752 39 713 512 201
is_linear=0
shrinkage=0.05


Tree=97
num_leaves=15
num_cat=0
split_feature=1 2 1 1 22 22 22 6 7 22 22 22 22 22
split_gain=0.829346 0.555968 0.60282 0.470089 0.433357 1.36246 4.3658 0.741296 0.463534 0.729167 0.410717 0.986441 0.973905 0.529531
threshold=67.27500000000002 0.50000000000000011 50.965000000000011 78.565000000000012 0.9884946951290402 0.95338485815333007 0.96319629568591714 13.005000000000001 55.750000000000007 0.99781321377224363 0.42471264173135381 0.78523795966413312 0.82594856731250699 0.36146417736073544
decision_type=2 2 2 2 2 2 2 2 2 2 2 2 2 2
left_child=1 4 -3 10 5 7 -7 -1 9 -6 13 -12 -13 -2
right_child=3 2 -4 -5 8 6 -8 -9 -10 -11 11 12 -14 -15
leaf_value=-0.15941674672105358 -0.0017684493265014943 0.10026196117354516 -0.080091756355306395 -0.22860397173185945 -0.21894438980932024 0.19081817017875699 0.036982408526015621 0.0057673845336169219 -0.095583667691703691 0.037957433616519369 -0.15693977759378128 0.043583334661821634 -0.0082852379786211398 0.024259808487244572
leaf_weight=127 171 11.999999999999998 89 85 14.000000000000002 20 101 832 88 15.999999999999998 225 35 286 35
leaf_count=127 171 12 89 85 14 20 101 832 88 16 225 35 286 35
internal_value=-0.000248129 0.000542724 -0.0030198 -0.00147551 0.000843071 0.00115741 0.00615702 0.000526589 -0.0020339 0.00333333 -0.00107713 -0.00179487 -1.55775e-05 0.000825242
internal_weight=2136 1299 101 837 1198 1080 121 959 118 30 752 546 321 206
internal_count=2136 1299 101 837 1198 1080 121 959 118 30 752 546 321 206
is_linear=0
shrinkage=0.05


Tree=98
num_leaves=15
num_cat=0
split_feature=1 22 22 22 9 22 0 6 22 22 22 2 0 0
split_gain=0.815234 0.413411 0.795905 0.702726 0.420272 1.02273 0.417415 0.401977 0.526374 1.40547 0.566401 0.438623 0.412367 0.896359
threshold=67.27500000000002 0.42471264173135381 0.78523795966413312 0.82594856731250699 0.46000000000000002 0.36146417736073544 23.545000000000005 30.380000000000006 0.9884946951290402 0.95843238470078729 0.82594856731250699 0.58500000000000008 21.145000000000003 20.090000000000003
decision_type=2 2 2 2 2 2 2 2 2 2 2 2 2 2
left_child=7 4 -3 -4 -2 -6 -5 11 9 10 -9 12 13 -1
right_child=1 2 3 6 5 -7 -8 8 -10 -11 -12 -13 -14 -15
leaf_value=-0.068382875998149711 -0.0030066267742086352 -0.16926116733314536 0.032850316943693329 -0.11444035740727246 0.002894944741976436 0.022051914003855005 -0.005158125026158345 0.035141461972170419 -0.37960530797840225 0.14674589500240576 -0.073783230488357721 -0.035562782288763028 0.0009443188455384964 0.037955601564176267
leaf_weight=15.999999999999998 172 248 37 87 44 10.999999999999998 238 93 19 14.999999999999998 33 87 1001 35
leaf_count=16 172 248 37 87 44 11 238 93 19 15 33 87 1001 35
internal_value=-0.000318353 -0.00153525 -0.00221312 -0.000718233 0.000286342 0.00409091 -0.00146154 0.000465742 0.0028125 0.00386525 0.00214286 0.000136083 0.00041825 0.00480392
internal_weight=2136 837 610 362 227 55 325 1299 160 141 126 1139 1052 51
internal_count=2136 837 610 362 227 55 325 1299 160 141 126 1139 1052 51
is_linear=0
shrinkage=0.05


Tree=99
num_leaves=15
num_cat=0
split_feature=1 10 22 22 6 22 22 1 0 22 9 22 22 22
split_gain=0.674684 0.493696 0.559823 1.96213 1.77275 1.2548 1.2421 0.53042 0.373491 0.355704 0.781528 1.25419 0.438596 0.378396
threshold=74.180000000000021 -0.10059999999999999 0.77447169083781808 0.81613017994572579 30.380000000000006 0.88768027107944258 0.57340843044527534 56.735000000000007 20.610000000000003 0.40907743338811486 0.46000000000000002 0.32917936166072764 0.16269055358644466 0.98271523713537257
decision_type=2 2 2 2 2 2 2 2 2 2 2 2 2 2
left_child=1 9 6 4 -4 -5 8 -8 -3 10 12 -12 -1 -11
right_child=-2 2 3 5 -6 -7 7 -9 -10 13 11 -13 -14 -15
leaf_value=0.0085690328493610701 -0.063307042759815579 0.036268129871054447 0.01273857702493511 -0.04699246724528388 0.19276821895907018 0.02520963264478672 0.0037183027935494732 -0.11470891767844651 0.0030016412660140296 -0.08381708172682846 0.03950592109366706 0.12065956010614448 -0.10353591466006118 0.013507304257977117
leaf_weight=38 256 13.999999999999998 43 102 9.9999999999999982 373 34 182 426 434 50 11.999999999999998 76 86
leaf_count=38 256 14 43 102 10 373 34 182 426 434 50 12 76 86
internal_value=-0.000248129 7.9786e-05 0.000701012 0.00191288 0.0110377 0.000894736 -0.000274391 -0.00337963 0.00125 -0.000977013 0.000965908 0.00548387 -0.00149123 -0.00163462
internal_weight=2136 1880 1184 528 53 475 656 216 440 696 176 62 114 520
internal_count=2136 1880 1184 528 53 475 656 216 440 696 176 62 114 520
is_linear=0
shrinkage=0.05


end of trees

feature_importances:
day_of_year_sin=417
forecast_humidity=280
day_of_year_cos=147
elevation_std=92
forecast_temperature=81
b2_humidity=65
aspect_sin=64
distance_to_nearest_water=58
elevation_mean=38
slope_std=37
aspect_cos=36
distance_to_forecast_grid_m=23
forecast_rainfall=16
elevation_range=16
lead_time_hours=12
slope_mean=8
tri_std=4
month=3

parameters:
[boosting: gbdt]
[objective: quantile]
[metric: quantile]
[tree_learner: serial]
[device_type: cpu]
[data_sample_strategy: bagging]
[data: ]
[valid: ]
[num_iterations: 100]
[learning_rate: 0.05]
[num_leaves: 15]
[num_threads: 8]
[seed: 42]
[deterministic: 0]
[force_col_wise: 0]
[force_row_wise: 0]
[histogram_pool_size: -1]
[max_depth: 5]
[min_data_in_leaf: 10]
[min_sum_hessian_in_leaf: 0.001]
[bagging_fraction: 0.8]
[pos_bagging_fraction: 1]
[neg_bagging_fraction: 1]
[bagging_freq: 0]
[bagging_seed: 400]
[bagging_by_query: 0]
[feature_fraction: 0.8]
[feature_fraction_bynode: 1]
[feature_fraction_seed: 30056]
[extra_trees: 0]
[extra_seed: 12879]
[early_stopping_round: 0]
[early_stopping_min_delta: 0]
[first_metric_only: 0]
[max_delta_step: 0]
[lambda_l1: 0]
[lambda_l2: 0]
[linear_lambda: 0]
[min_gain_to_split: 0]
[drop_rate: 0.1]
[max_drop: 50]
[skip_drop: 0.5]
[xgboost_dart_mode: 0]
[uniform_drop: 0]
[drop_seed: 17869]
[top_rate: 0.2]
[other_rate: 0.1]
[min_data_per_group: 100]
[max_cat_threshold: 32]
[cat_l2: 10]
[cat_smooth: 10]
[max_cat_to_onehot: 4]
[top_k: 20]
[monotone_constraints: ]
[monotone_constraints_method: basic]
[monotone_penalty: 0]
[feature_contri: ]
[forcedsplits_filename: ]
[refit_decay_rate: 0.9]
[cegb_tradeoff: 1]
[cegb_penalty_split: 0]
[cegb_penalty_feature_lazy: ]
[cegb_penalty_feature_coupled: ]
[path_smooth: 0]
[interaction_constraints: ]
[verbosity: -1]
[saved_feature_importance_type: 0]
[use_quantized_grad: 0]
[num_grad_quant_bins: 4]
[quant_train_renew_leaf: 0]
[stochastic_rounding: 1]
[linear_tree: 0]
[max_bin: 255]
[max_bin_by_feature: ]
[min_data_in_bin: 3]
[bin_construct_sample_cnt: 200000]
[data_random_seed: 175]
[is_enable_sparse: 1]
[enable_bundle: 1]
[use_missing: 1]
[zero_as_missing: 0]
[feature_pre_filter: 1]
[pre_partition: 0]
[two_round: 0]
[header: 0]
[label_column: ]
[weight_column: ]
[group_column: ]
[ignore_column: ]
[categorical_feature: ]
[forcedbins_filename: ]
[precise_float_parser: 0]
[parser_config_file: ]
[objective_seed: 16083]
[num_class: 1]
[is_unbalance: 0]
[scale_pos_weight: 1]
[sigmoid: 1]
[boost_from_average: 1]
[reg_sqrt: 0]
[alpha: 0.9]
[fair_c: 1]
[poisson_max_delta_step: 0.7]
[tweedie_variance_power: 1.5]
[lambdarank_truncation_level: 30]
[lambdarank_norm: 1]
[label_gain: ]
[lambdarank_position_bias_regularization: 0]
[eval_at: ]
[multi_error_top_k: 1]
[auc_mu_weights: ]
[num_machines: 1]
[local_listen_port: 12400]
[time_out: 120]
[machine_list_filename: ]
[machines: ]
[gpu_platform_id: -1]
[gpu_device_id: -1]
[gpu_device_id_list: ]
[gpu_use_dp: 0]
[num_gpu: 1]

end of parameters

pandas_categorical:[]
