tree
version=v4
num_class=1
num_tree_per_iteration=1
label_index=0
max_feature_idx=24
objective=quantile
feature_names=forecast_temperature forecast_humidity forecast_rainfall lead_time_hours b2_humidity elevation_mean elevation_std elevation_range slope_mean slope_std aspect_sin aspect_cos tri_mean tri_std landcover_fraction_tree landcover_fraction_shrub landcover_fraction_grass landcover_fraction_cropland landcover_fraction_builtup landcover_fraction_water distance_to_nearest_water distance_to_forecast_grid_m day_of_year_sin day_of_year_cos month
feature_infos=[17.800000000000001:32.509999999999998] [38.549999999999997:92.700000000000003] [0:21.109999999999999] [24:72] [38.549999999999997:92.700000000000003] [354.08999999999997:899.00999999999999] [12.289999999999999:32.460000000000001] [45.369999999999997:118.16] [7.3899999999999997:18.890000000000001] [0.13:0.54000000000000004] [-0.46550000000000002:0.72440000000000004] [-0.99890000000000001:-0.68910000000000005] [9.5299999999999994:25.140000000000001] [0.17999999999999999:0.77000000000000002] none none none [0.024799999999999999:1] [0:0.97519999999999996] none [0:18225.799999999999] [3595.1999999999998:16825.540000000001] [0.034398060613608013:0.99998555065071859] [0.0053757315575838844:0.99940821160625981] [1:3]
tree_sizes=1442 1429 1459 1481 1468 1442 1429 1458 1491 1490 1480 1433 1444 1454 1457 1498 1491 1492 1480 1453 1484 1416 1505 1466 1472 1494 1495 1496 1478 1473 1521 1473 1484 1474 1505 1492 1522 1476 1489 1539 1501 1486 1518 1475 1488 1501 1498 1528 1490 1517 1521 1522 1515 1489 1498 1497 1549 1532 1508 1521 1564 1478 1498 1492 1524 1522 1538 1481 1501 1520 1595 1520 1520 1493 1501 1484 1504 1491 1499 1476 1540 1529 1498 1413 1335 1318 1512 1512 1444 1440 1538 1441 1467 1363 1542 1512 1533 1563 1539 1525

Tree=0
num_leaves=15
num_cat=0
split_feature=4 23 4 10 23 10 4 23 23 10 4 23 23 20
split_gain=18.3763 7.51642 11.0312 8.51377 6.82099 7.6304 3.32801 2.47246 2.03425 1.78513 2.74144 1.36341 1.00269 0.937729
threshold=73.160000000000011 0.50555750738881688 65.810000000000016 -0.29389999999999994 0.92599062340417404 -0.10059999999999999 78.565000000000012 0.47558139622940165 0.81922450700169669 -0.29389999999999994 61.320000000000007 0.21861778653020106 0.44504239796885176 2371.8400000000006
decision_type=2 2 2 2 2 2 2 2 2 2 2 2 2 2
left_child=1 2 9 -4 5 6 8 -5 -2 10 -1 13 -13 -7
right_child=4 -3 3 7 -6 11 -8 -9 -10 -11 -12 12 -14 -15
leaf_value=-15.41705036482662 -16.158650317898392 -15.049550355975352 -16.148350329244135 -15.634550397415463 -15.161750359065833 -16.357600371738524 -16.810800323047491 -15.754950351308286 -15.404250382915139 -15.124500366505245 -15.679750346913933 -15.420150373129546 -15.805250373587015 -16.160700392096491
leaf_weight=67 59 1195 57 139 64 12.000000000000002 32 14.999999999999998 10.999999999999998 316 31 39 85 13.999999999999998
leaf_count=67 59 1195 57 139 64 12 32 15 11 316 31 39 85 14
internal_value=-15.475 -15.4731 -15.4775 -15.4868 -15.4861 -15.4898 -15.5004 -15.4807 -15.4943 -15.4728 -15.4787 -15.4827 -15.4805 -15.4931
internal_weight=2136 1820 625 211 316 252 102 154 70 414 98 150 124 26
internal_count=2136 1820 625 211 316 252 102 154 70 414 98 150 124 26
is_linear=0
shrinkage=1


Tree=1
num_leaves=15
num_cat=0
split_feature=1 24 20 1 24 6 5 24 1 7 1 5 0 5
split_gain=17.2676 11.171 9.96629 6.36955 3.70102 3.64497 3.38936 2.65868 3.18588 3.66784 2.41839 2.37891 1.5 0.808026
threshold=69.27500000000002 2.5000000000000004 15014.405000000001 76.425000000000026 1.5000000000000002 24.295000000000005 420.44500000000005 2.5000000000000004 64.715000000000018 114.54000000000001 79.360000000000014 380.89500000000004 25.805000000000003 380.89500000000004
decision_type=2 2 2 2 2 2 2 2 2 2 2 2 2 2
left_child=7 3 5 -2 -5 10 -6 -1 13 11 -3 -10 -4 -9
right_child=1 2 12 4 6 -7 -8 8 9 -11 -12 -13 -14 -15
leaf_value=0.53337752698980112 0.085268499805586359 -0.6450344806509245 0.10322952219060154 -0.034140983100301163 -0.38345995866786886 -0.91957800249745736 -0.24003774593376648 -0.15806644547794846 -0.58623244304463307 -0.23648245736837428 -1.346059905954786 -0.052474435767668963 -0.39578001088049169 0.25180250405766452
leaf_weight=973 323 103 50 45 21 28 30 47 11.999999999999998 19 14.999999999999998 113 25 332
leaf_count=973 323 103 50 45 21 28 30 47 12 19 15 113 25 332
internal_value=0.000154495 -0.00671875 -0.0158145 -0.00192124 -0.0132292 -0.0234247 -0.022451 0.00309492 0.000219885 -0.00611111 -0.0195763 -0.003 -0.001 0.00262533
internal_weight=2136 640 221 419 96 146 51 1496 523 144 118 125 75 379
internal_count=2136 640 221 419 96 146 51 1496 523 144 118 125 75 379
is_linear=0
shrinkage=0.05


Tree=2
num_leaves=15
num_cat=0
split_feature=4 22 4 20 4 22 10 6 10 4 0 0 22 22
split_gain=16.5799 6.83528 9.37807 6.99431 6.12325 4.544 4.41325 2.48792 2.46776 3.43655 1.8263 1.74599 1.63863 0.933333
threshold=73.835000000000008 0.86275003778655002 68.265000000000015 15014.405000000001 81.465000000000018 0.44022217077093501 -0.10059999999999999 24.295000000000005 -0.29389999999999994 61.320000000000007 26.235000000000003 25.385000000000002 0.61490419508004501 0.99310419374700554
decision_type=2 2 2 2 2 2 2 2 2 2 2 2 2 2
left_child=1 -1 8 7 5 -2 11 -4 9 -3 -5 -7 -6 -8
right_child=4 2 3 10 12 6 13 -9 -10 -11 -12 -13 -14 -15
leaf_value=0.36680865003234642 0.19421209045753482 0.050659767583297766 -0.64283073805249558 0.36805034629351407 -0.17178694306849288 -0.73047028734256836 -0.27053565864717649 -0.526140089765054 0.22396320729850847 -0.18182496966673189 -0.25448352153912257 -0.39739451421567296 -1.2259069293662002 -0.88222399742875801
leaf_weight=1220 60 67 71 45 11.000000000000002 43 105 20 375 49 10.999999999999998 26 18 14.999999999999998
leaf_count=1220 60 67 71 45 11 43 105 20 375 49 11 26 18 15
internal_value=0.000201311 0.00190527 -0.0022884 -0.0133673 -0.011187 -0.00865462 -0.0124603 -0.0219231 0.00102851 -0.00534483 0.000535714 -0.0225362 -0.032931 -0.00666667
internal_weight=2136 1858 638 147 278 249 189 91 491 116 56 69 29 120
internal_count=2136 1858 638 147 278 249 189 91 491 116 56 69 29 120
is_linear=0
shrinkage=0.05


Tree=3
num_leaves=15
num_cat=0
split_feature=1 22 1 10 1 22 10 22 10 1 22 20 22 1
split_gain=15.8598 6.48889 8.59609 5.95642 5.28437 3.93422 4.64804 2.56061 1.64185 2.74144 1.55781 1.02934 0.98049 0.9361
threshold=73.835000000000008 0.86275003778655002 65.810000000000016 -0.29389999999999994 81.465000000000018 0.44022217077093501 -0.10059999999999999 0.87962967011031401 -0.29389999999999994 61.320000000000007 0.84484927454466385 2371.8400000000006 0.94805520968785773 78.770000000000024
decision_type=2 2 2 2 2 2 2 2 2 2 2 2 2 2
left_child=1 -1 8 12 5 -2 13 -5 9 -3 -6 -8 -4 -7
right_child=4 2 3 7 10 6 11 -9 -10 -11 -12 -13 -14 -15
leaf_value=0.3484682175307291 0.18450148593465807 0.048126779204132879 -0.53458319539431609 -0.25419186990412851 -0.22949164796938765 -0.60165561326058592 -0.43581397553643808 -0.15890018875927805 0.30918672864844948 -0.17359709599551409 -1.2111115607026104 -0.23536774345369604 -0.55935324633462269 -1.1779575874631549
leaf_weight=1220 60 67 22 14.999999999999998 17.000000000000004 58 47 150 316 31 11.999999999999998 73 37 10.999999999999998
leaf_count=1220 60 67 22 15 17 58 47 150 316 31 12 73 37 11
internal_value=0.000131086 0.00179763 -0.0022884 -0.0101786 -0.0110072 -0.00865462 -0.0121958 -0.00530303 0.00198068 -0.00367347 -0.0312069 -0.00625 -0.0238136 -0.0225362
internal_weight=2136 1858 638 224 278 249 189 165 414 98 29 120 59 69
internal_count=2136 1858 638 224 278 249 189 165 414 98 29 120 59 69
is_linear=0
shrinkage=0.05


Tree=4
num_leaves=15
num_cat=0
split_feature=1 23 10 23 1 20 6 23 23 1 10 23 1 1
split_gain=14.555 11.428 10.5235 7.34616 4.78243 3.45776 2.43232 4.57929 1.85115 2.19089 3.66494 2.03551 1.30326 1.67811
threshold=68.430000000000021 0.50555750738881688 -0.29389999999999994 0.47558139622940165 81.465000000000018 2371.8400000000006 13.005000000000001 0.84771273534009206 0.50555750738881688 61.635000000000012 -0.29389999999999994 0.38242094458159287 78.170000000000016 69.685000000000016
decision_type=2 2 2 2 2 2 2 2 2 2 2 2 2 2
left_child=8 2 12 5 6 -4 7 -3 9 -1 11 -11 13 -2
right_child=1 4 3 -5 -6 -7 -8 -9 -10 10 -12 -13 -14 -15
leaf_value=0.22437739176229324 -0.49716162015238191 -0.19461665376278536 -0.65958746683229352 -0.50209264682572141 -0.18126708218943863 0.035915752684782552 0.075276741461004881 0.20135699249224884 0.5033948205636789 -0.17085866729831928 0.031525759483195713 0.0018057882367388479 -1.1766496165306484 -0.63910190565739
leaf_weight=280 10.999999999999998 24 52 17 20 110 405 29 914 30 169 15.999999999999998 12.999999999999998 46
leaf_count=280 11 24 52 17 20 110 405 29 914 30 169 16 13 46
internal_value=0.000154495 -0.00559147 -0.0142771 -0.00784916 -0.00106695 -0.0045679 -2.18339e-05 -0.0100943 0.00311923 0.000656566 -0.00313953 -0.0156522 -0.0307143 -0.0274561
internal_weight=2136 727 249 179 478 162 458 53 1409 495 215 46 70 57
internal_count=2136 727 249 179 478 162 458 53 1409 495 215 46 70 57
is_linear=0
shrinkage=0.05


Tree=5
num_leaves=15
num_cat=0
split_feature=4 22 10 22 4 22 10 22 22 10 4 0 4 22
split_gain=13.7581 10.4095 8.64343 7.34616 3.97423 3.25969 3.36047 3.25334 1.95097 2.10982 2.40443 2.10596 1.72356 1.45743
threshold=68.430000000000021 0.86275003778655002 -0.29389999999999994 0.87962967011031401 75.565000000000012 0.37744852145085445 -0.10059999999999999 0.97577266019832842 0.86275003778655002 -0.29389999999999994 58.320000000000007 24.295000000000005 78.170000000000016 0.70517752626968588
decision_type=2 2 2 2 2 2 2 2 2 2 2 2 2 2
left_child=8 4 12 -4 13 -6 -7 -5 -1 10 -10 -12 -3 -2
right_child=1 2 3 7 5 6 -8 -9 9 -11 11 -13 -14 -15
leaf_value=0.47822507953549498 0.26053440562171531 -0.60447074279150881 -0.47698801448443523 0.1189690845650334 0.26285650358337775 -0.30386925151913896 -0.052321269634681228 -0.54334242753905648 0.22395418152198029 0.19312982147655774 -0.21578859256015548 -0.067656493630861333 -1.1178171357041158 -0.032180613950206424
leaf_weight=914 236 57 17 86 43 43 43 76 44 379 31 41 12.999999999999998 113
leaf_count=914 236 57 17 86 43 43 43 76 44 379 31 41 13 113
internal_value=0.000201311 -0.00538514 -0.0136747 -0.00784916 -0.00106695 -0.00856589 -0.014186 -0.0045679 0.00308375 0.000555556 -0.00534483 -0.0109722 -0.0285714 0.00170487
internal_weight=2136 727 249 179 478 129 86 162 1409 495 116 72 70 349
internal_count=2136 727 249 179 478 129 86 162 1409 495 116 72 70 349
is_linear=0
shrinkage=0.05


Tree=6
num_leaves=15
num_cat=0
split_feature=1 1 23 10 1 23 10 23 23 23 23 1 0 1
split_gain=13.175 5.3155 4.34479 5.00777 4.45723 3.43391 3.10503 2.29755 1.98142 1.9716 1.61695 1.43386 1.39167 0.763126
threshold=73.160000000000011 81.465000000000018 0.50555750738881688 -0.29389999999999994 63.220000000000006 0.89784768270548698 -0.10059999999999999 0.26866134250169732 0.49064204624668717 0.53493525241775031 0.50555750738881688 65.810000000000016 25.385000000000002 58.07500000000001
decision_type=2 2 2 2 2 2 2 2 2 2 2 2 2 2
left_child=2 5 3 4 13 6 12 -6 11 -3 -8 -5 -2 -1
right_child=1 9 -4 8 7 -7 10 -9 -10 -11 -12 -13 -14 -15
leaf_value=0.2293564860014673 -0.59172632846607154 -1.0358326450557416 0.32644215736470211 0.33811629830815892 -0.4682928995251624 0.21241166473170045 -0.49268546958630427 -0.44208000184872581 -0.12865010789905459 -0.19376024888548946 0.005291522389664273 -0.15180787494066098 -0.39663528415147686 -0.13894018572892206
leaf_weight=42 50 12.000000000000002 1195 310 36 68 74 41 17 17 64 143 31 36
leaf_count=42 50 12 1195 310 36 68 74 41 17 17 64 143 31 36
internal_value=0.00034176 -0.00908228 0.00197802 -0.0014 -0.00919355 -0.00702091 -0.0100685 -0.0177273 0.00117021 -0.0294828 -0.00550725 0.00179912 -0.0178395 -0.000769231
internal_weight=2136 316 1820 625 155 287 219 77 470 29 138 453 81 78
internal_count=2136 316 1820 625 155 287 219 77 470 29 138 453 81 78
is_linear=0
shrinkage=0.05


Tree=7
num_leaves=15
num_cat=0
split_feature=1 22 1 22 1 10 10 22 9 22 0 10 1 1
split_gain=10.3062 4.60404 4.39952 3.99015 5.11364 3.60298 2.86813 2.16794 1.27626 1.27304 1.05986 0.925151 1.46461 0.64312
threshold=73.835000000000008 0.55923163791368669 82.530000000000015 0.86275003778655002 65.810000000000016 -0.29389999999999994 -0.10059999999999999 0.6547626423706755 0.37500000000000006 0.86275003778655002 23.895000000000003 -0.29389999999999994 61.320000000000007 68.965000000000018
decision_type=2 2 2 2 2 2 2 2 2 2 2 2 2 2
left_child=3 -2 6 13 11 10 7 -3 -7 -8 -6 12 -5 -1
right_child=1 2 -4 4 5 8 9 -9 -10 -11 -12 -13 -14 -15
leaf_value=0.42764169233690696 0.016080728163003488 -0.40069894175998355 -1.0147910186181306 0.022596833468354064 -0.23542823870673468 -0.32019732060803652 0.0020864260998399334 -0.61443517432884731 0.031973524118043661 -0.38851756712052876 -0.50966915947498648 0.25594621663867656 -0.12217023322655646 0.066473346496544669
leaf_weight=943 89 12.999999999999998 9.9999999999999982 67 19 81 45 56 84 65 40 316 31 277
leaf_count=943 89 13 10 67 19 81 45 56 84 65 40 316 31 277
internal_value=0.000669476 -0.00830935 -0.0127249 0.00201292 -0.00119122 -0.00727679 -0.0109218 -0.018913 -0.00348485 -0.00590909 -0.0178814 0.00210145 -0.00214286 0.00368852
internal_weight=2136 278 189 1858 638 224 179 69 165 110 59 414 98 1220
internal_count=2136 278 189 1858 638 224 179 69 165 110 59 414 98 1220
is_linear=0
shrinkage=0.05


Tree=8
num_leaves=15
num_cat=0
split_feature=1 23 10 23 23 1 20 23 20 1 1 23 1 10
split_gain=9.25791 4.86772 4.80544 4.27978 3.55252 4.07225 4.48179 3.48445 2.18081 1.49104 1.42249 1.31006 1.78354 1.27424
threshold=73.160000000000011 0.50555750738881688 -0.29389999999999994 0.46038001402560286 0.21861778653020106 64.035000000000011 15014.405000000001 0.065534810592492068 2371.8400000000006 78.170000000000016 81.465000000000018 0.70897861563100306 66.315000000000012 1.0000000180025095e-35
decision_type=2 2 2 2 2 2 2 2 2 2 2 2 2 2
left_child=4 2 9 8 5 -1 7 -7 -4 -2 -3 12 -6 -14
right_child=1 10 3 -5 11 6 -8 -9 -10 -11 -12 -13 13 -15
leaf_value=0.07200787008276309 -0.53426369151201458 -0.018676116295999232 -0.60151945064529078 -0.4718504529881653 0.2376735501352179 0.036111347165675399 0.029256768005563552 -0.49546498530446564 0.10145761761203463 -0.9937689496268951 -0.11332261054590048 0.40161219769898215 -0.16976177836305936 0.085693186114692246
leaf_weight=148 18.000000000000004 177 28 9.9999999999999982 441 15.999999999999998 51 52 50 12.999999999999998 20 885 143 84
leaf_count=148 18 177 28 10 441 16 51 52 50 13 20 885 143 84
internal_value=0.000716292 -0.00718354 -0.0151681 -0.00920455 0.00208791 -0.0032397 -0.0101261 -0.0185294 -0.00525641 -0.0320968 -0.00236041 0.00300386 0.00133234 -0.00226872
internal_weight=2136 316 119 88 1820 267 119 68 78 31 197 1553 668 227
internal_count=2136 316 119 88 1820 267 119 68 78 31 197 1553 668 227
is_linear=0
shrinkage=0.05


Tree=9
num_leaves=15
num_cat=0
split_feature=4 23 23 21 23 4 20 23 6 23 4 6 4 0
split_gain=8.63671 4.74209 4.88557 4.79895 2.9373 3.98754 2.61627 3.16671 1.51526 1.18391 1.64783 1.71191 1.09269 0.955936
threshold=73.160000000000011 0.50555750738881688 0.47558139622940165 12333.330000000002 0.70897861563100306 68.265000000000015 15014.405000000001 0.21861778653020106 30.380000000000006 0.91245913578114801 81.465000000000018 13.005000000000001 61.320000000000007 26.355000000000004
decision_type=2 2 2 2 2 2 2 2 2 2 2 2 2 2
left_child=4 2 3 8 5 12 7 -7 -2 10 11 -3 -1 -8
right_child=1 9 -4 -5 -6 6 13 -9 -10 -11 -12 -13 -14 -15
leaf_value=0.33403455822661193 -0.84645002930262159 -0.12895055416627324 -0.43650297447755992 -0.078268158164696552 0.38153158781403307 -0.50137899562132626 0.10600874041590505 -0.17828371794410536 -0.047099262888682096 0.16716020290559805 -0.19595590637559673 -0.0089147190670491212 -0.00017314794057903885 -0.19646516399152111
leaf_weight=362 41 18 11.999999999999998 56 885 39 71 103 9.9999999999999982 73 12.999999999999998 93 348 11.999999999999998
leaf_count=362 41 18 12 56 885 39 71 103 10 73 13 93 348 12
internal_value=0.000763109 -0.00686709 -0.0147479 -0.0113551 0.00208791 0.00013369 -0.00566667 -0.00978873 -0.022451 -0.0021066 -0.00508064 -0.00310811 0.00197183 0.00138554
internal_weight=2136 316 119 107 1820 935 225 142 51 197 124 111 710 83
internal_count=2136 316 119 107 1820 935 225 142 51 197 124 111 710 83
is_linear=0
shrinkage=0.05


Tree=10
num_leaves=15
num_cat=0
split_feature=1 22 22 21 22 1 20 22 5 0 6 0 1 11
split_gain=7.78352 4.6181 5.02223 4.36538 3.13743 3.16056 2.46318 1.74579 1.36745 1.77164 1.34978 1.25275 1.00938 0.889228
threshold=73.160000000000011 0.86275003778655002 0.87962967011031401 12333.330000000002 0.86275003778655002 65.810000000000016 15014.405000000001 0.97577266019832842 380.89500000000004 23.315000000000001 30.380000000000006 26.070000000000004 81.465000000000018 -0.99869999999999992
decision_type=2 2 2 2 2 2 2 2 2 2 2 2 2 2
left_child=4 12 -3 10 -1 8 7 -7 9 -6 -4 -8 -2 -5
right_child=1 2 3 13 5 6 11 -9 -10 -11 -12 -13 -14 -15
leaf_value=0.27109425344929261 -0.013787621959646154 -0.41467782575368201 -0.80412752783749064 -0.32419934780424031 -0.27632623276689766 -0.17763628474948917 0.35204588724525249 -0.44128787820145637 0.15151940346690007 -0.037375083690001511 -0.044744299744247963 -0.18743052144187389 -0.09785868469982556 0.33047560553736993
leaf_weight=1195 177 11.999999999999998 41 14.999999999999998 9.9999999999999982 75 57 58 365 39 9.9999999999999982 21 20 41
leaf_count=1195 177 12 41 15 10 75 57 58 365 39 10 21 20 41
internal_value=0.000692884 -0.00655063 -0.0143277 -0.0108879 0.00195055 -0.00092 -0.00590047 -0.0100376 0.00161836 -0.00622449 -0.0214706 0.00115385 -0.00185279 -0.00125
internal_weight=2136 316 119 107 1820 625 211 133 414 49 51 78 197 56
internal_count=2136 316 119 107 1820 625 211 133 414 49 51 78 197 56
is_linear=0
shrinkage=0.05


Tree=11
num_leaves=15
num_cat=0
split_feature=4 22 20 21 22 10 4 22 22 22 22 4 6 22
split_gain=7.53224 6.9746 5.33184 2.00066 1.92014 2.27204 2.18442 1.7088 1.48148 1.37619 1.32541 1.24869 1.11351 1.04569
threshold=70.070000000000007 0.86275003778655002 15014.405000000001 13414.990000000002 0.86275003778655002 -0.29389999999999994 58.07500000000001 0.93038971866793763 0.97577266019832842 0.9239481815140983 0.37744852145085445 76.655000000000015 16.055000000000003 0.8713187725699193
decision_type=2 2 2 2 2 2 2 2 2 2 2 2 2 2
left_child=4 10 3 7 -1 6 -6 -3 -5 -8 -2 -12 -13 -7
right_child=1 2 -4 8 5 13 9 -9 -10 -11 11 12 -14 -15
leaf_value=0.33454770156981728 0.31219868641720194 -0.67101725851246796 0.023042223069145419 -0.12327261227276112 0.1848307218476343 -0.12794321278184656 0.079010156465856102 -0.67585204229920037 -0.58636255876093368 -0.2321656873214708 -0.0068804871377712157 -0.17296295901243378 -0.10417334181043617 0.1629613669296609
leaf_weight=1021 129 21 65 30 42 15.999999999999998 27 51 24 63 179 29 34 405
leaf_count=1021 129 21 65 30 42 16 27 51 24 63 179 29 34 405
internal_value=0.000716292 -0.00425267 -0.0120157 -0.0180159 0.00249047 0.000117541 -0.00560606 -0.0234722 -0.0107407 -0.01 -0.000256064 -0.00243802 -0.00849206 0.00191211
internal_weight=2136 562 191 126 1574 553 132 72 54 90 371 242 63 421
internal_count=2136 562 191 126 1574 553 132 72 54 90 371 242 63 421
is_linear=0
shrinkage=0.05


Tree=12
num_leaves=15
num_cat=0
split_feature=1 23 20 23 11 5 0 23 1 23 1 23 0 23
split_gain=7.39097 6.51214 5.09453 1.8187 1.78836 1.50693 1.49971 1.48148 1.2958 1.26237 1.2399 1.01438 0.983167 0.928424
threshold=70.070000000000007 0.50555750738881688 15014.405000000001 0.50555750738881688 -0.94719999999999993 380.89500000000004 22.605000000000004 0.21861778653020106 64.390000000000015 0.36647099799968202 81.465000000000018 0.21861778653020106 25.805000000000003 0.89784768270548698
decision_type=2 2 2 2 2 2 2 2 2 2 2 2 2 2
left_child=3 2 4 5 7 6 -1 -2 -7 -6 13 -10 -4 -3
right_child=1 10 12 -5 9 8 -8 -9 11 -11 -12 -13 -14 -15
leaf_value=-0.30114210489093612 -0.55704443082288702 -0.062085832051172601 0.13657429715540256 0.31782031649132636 -0.64205944018424033 0.17234154013053851 -0.16215587700679815 -0.11710898165912309 -0.088406373318531128 -0.63746639558684459 -0.087413135385681684 0.022363645625115211 -0.31299776311909278 0.22088845209432317
leaf_weight=9.9999999999999982 24 203 44 1021 51 327 51 30 70 21 20 95 21 148
leaf_count=10 24 203 44 1021 51 327 51 30 70 21 20 95 21 148
internal_value=0.000669476 -0.00425267 -0.0117539 0.00242694 -0.017619 0.000117541 -0.00729508 -0.0107407 0.00103659 -0.0227778 -0.000390835 -0.00257576 -0.000384615 0.000299145
internal_weight=2136 562 191 1574 126 553 61 54 492 72 371 165 65 351
internal_count=2136 562 191 1574 126 553 61 54 492 72 371 165 65 351
is_linear=0
shrinkage=0.05


Tree=13
num_leaves=15
num_cat=0
split_feature=1 23 20 21 23 1 10 1 23 23 23 23 23 23
split_gain=6.74479 5.6431 5.08011 1.8578 1.71349 1.92527 2.38019 1.2399 1.13426 0.974773 0.928424 1.09996 0.883403 0.853941
threshold=70.070000000000007 0.50555750738881688 15014.405000000001 13414.990000000002 0.70897861563100306 61.635000000000012 1.0000000180025095e-35 81.465000000000018 0.21861778653020106 0.42957308670649791 0.89784768270548698 0.61913436964878354 0.36647099799968202 0.61913436964878354
decision_type=2 2 2 2 2 2 2 2 2 2 2 2 2 2
left_child=4 2 3 12 5 -1 13 10 -5 -4 11 -3 -2 -7
right_child=1 7 9 8 -6 6 -8 -9 -10 -11 -12 -13 -14 -15
leaf_value=0.22737225091710608 -0.60995646817502824 0.12436998763121665 0.099401530718543574 -0.5291922092817426 0.39272930849136067 -0.06731258723307007 0.10466869566039916 -0.08304247861639763 -0.11125353257616699 -0.39016903449500817 0.20984402948960701 -0.10295990653695822 -0.60559307580750232 -0.14730915388354515
leaf_weight=388 51 45 54 24 767 212 163 20 30 10.999999999999998 148 158 21 44
leaf_count=388 51 45 54 24 767 212 163 20 30 11 148 158 21 44
internal_value=0.000716292 -0.00398576 -0.0109686 -0.0168254 0.00239517 0.000786865 -0.00156325 -0.000390835 -0.00981481 0.000384616 0.000299145 -0.00189655 -0.0220833 -0.00457031
internal_weight=2136 562 191 126 1574 807 419 371 54 65 351 203 72 256
internal_count=2136 562 191 126 1574 807 419 371 54 65 351 203 72 256
is_linear=0
shrinkage=0.05


Tree=14
num_leaves=15
num_cat=0
split_feature=1 22 20 9 22 22 1 1 22 22 22 20 1 20
split_gain=6.01418 5.59114 4.23155 2.00246 1.79242 1.43351 1.36973 1.32126 1.16711 1.44678 1.03434 0.942691 0.960572 0.696183
threshold=68.265000000000015 0.86275003778655002 15014.405000000001 0.36000000000000004 0.89546819317495652 0.99094606287942044 81.465000000000018 78.770000000000024 0.5009122898073749 0.78523795966413312 0.86275003778655002 15014.405000000001 60.570000000000007 2371.8400000000006
decision_type=2 2 2 2 2 2 2 2 2 2 2 2 2 2
left_child=10 6 3 5 -4 -3 8 -5 -2 -10 -1 12 -12 -14
right_child=1 2 4 7 -6 -7 -8 -9 9 -11 11 -13 13 -15
leaf_value=0.35379283793994998 0.17868658216868183 -0.23449557423555026 -0.37169266159994718 -0.35327427096936093 0.10057006232875161 -0.50854787073751406 -0.078890354685577702 -0.77759338960607494 -0.09802421481012305 0.14869670845285055 0.13846704504842705 0.54097733598623721 0.004644209565399916 -0.1085598699408425
leaf_weight=901 226 72 9.9999999999999982 59 79 22 20 10.999999999999998 182 63 159 190 56 86
leaf_count=901 226 72 10 59 79 22 20 11 182 63 159 190 56 86
internal_value=0.000833334 -0.0027957 -0.00883399 -0.0135976 -5.61796e-05 -0.00882979 0.000315682 -0.02 0.000859873 -0.00153061 0.00277299 0.00092668 -0.000813953 -0.00380282
internal_weight=2136 744 253 164 89 94 491 70 471 245 1392 491 301 142
internal_count=2136 744 253 164 89 94 491 70 471 245 1392 491 301 142
is_linear=0
shrinkage=0.05


Tree=15
num_leaves=15
num_cat=0
split_feature=1 22 10 1 0 0 1 1 22 22 20 0 1 6
split_gain=5.26178 5.46274 3.51712 2.24418 2.01811 1.56969 1.28571 1.09668 1.06755 1.04268 0.988603 0.911047 0.896628 0.680224
threshold=67.995000000000019 0.70517752626968588 -0.29389999999999994 76.220000000000013 22.195000000000004 25.325000000000003 72.745000000000019 75.565000000000012 0.86275003778655002 0.90299113182541202 15014.405000000001 25.805000000000003 60.570000000000007 13.005000000000001
decision_type=2 2 2 2 2 2 2 2 2 2 2 2 2 2
left_child=8 7 3 9 6 -5 -4 -2 13 -3 12 -6 -10 -1
right_child=1 2 4 5 11 -7 -8 -9 10 -11 -12 -13 -14 -15
leaf_value=0.050530638440073543 0.16781143024389564 -0.066877796935790476 -0.15097149111929004 -0.67429434724357096 -0.0096483193113850955 -0.5603924525817906 -0.23594800249046852 -0.084607877263709552 0.13154369279600567 -0.33145345001608817 0.51655973612666084 -0.2820863856031563 -0.077704425360541632 0.41060320676369344
leaf_weight=113 256 32 14.000000000000002 19.000000000000004 193 9.9999999999999982 13.999999999999998 103 159 46 187 86 133 771
leaf_count=113 256 32 14 19 193 10 14 103 159 46 187 86 133 771
internal_value=0.000856742 -0.00243855 -0.00635266 -0.0141589 -0.00363192 -0.0260345 -0.0164286 0.00207521 0.00272561 -0.00974359 0.000824635 -0.00234767 -0.00099315 0.00375566
internal_weight=2136 773 414 107 307 29 28 359 1363 78 479 279 292 884
internal_count=2136 773 414 107 307 29 28 359 1363 78 479 279 292 884
is_linear=0
shrinkage=0.05


Tree=16
num_leaves=15
num_cat=0
split_feature=4 22 20 22 10 3 3 22 22 4 0 4 22 4
split_gain=5.09245 4.39279 3.29467 2.13528 2.10332 2.08687 1.99185 1.98364 2.11311 1.24139 1.53119 1.1041 0.960181 1.32684
threshold=72.125000000000014 0.86275003778655002 15014.405000000001 0.74081089433267733 -0.29389999999999994 36.000000000000007 60.000000000000007 0.78523795966413312 0.90299113182541202 65.810000000000016 22.195000000000004 75.370000000000019 0.40907743338811486 81.465000000000018
decision_type=2 2 2 2 2 2 2 2 2 2 2 2 2 2
left_child=3 12 5 -1 7 11 -7 -5 -9 -6 -11 -3 -2 -14
right_child=1 2 -4 4 9 6 -8 8 -10 10 -12 -13 13 -15
leaf_value=0.28028294508007695 0.17956397895700588 -0.45597079664442575 0.011318586880938853 -0.5655031589118279 0.22840632281406756 -0.22617748675124943 -0.64060890977338414 0.20518286641903913 -0.18233359572132873 -0.099387550840580041 -0.02890228166048639 -0.50868098926998817 -0.049956686925305124 -0.13301977453518452
leaf_weight=907 100 15.000000000000002 42 18 427 38 28 61 123 12.999999999999998 196 13.999999999999998 141 12.999999999999998
leaf_count=907 100 15 42 18 427 38 28 61 123 13 196 14 141 13
internal_value=0.000950375 -0.00420716 -0.0114234 0.00210602 0.000286396 -0.0165789 -0.0116667 -0.00415842 -0.0026087 0.00169811 -0.00145933 -0.0277586 -0.00031496 -0.00279221
internal_weight=2136 391 137 1745 838 95 66 202 184 636 209 29 254 154
internal_count=2136 391 137 1745 838 95 66 202 184 636 209 29 254 154
is_linear=0
shrinkage=0.05


Tree=17
num_leaves=15
num_cat=0
split_feature=1 22 20 3 3 22 20 1 22 1 1 0 6 22
split_gain=5.13878 4.39279 3.29467 2.08687 1.99185 1.92776 1.60377 1.78911 1.99556 1.1041 0.814537 0.8 0.748691 0.805411
threshold=72.125000000000014 0.86275003778655002 15014.405000000001 36.000000000000007 60.000000000000007 0.74081089433267733 15014.405000000001 61.320000000000007 0.76347624337813269 75.370000000000019 81.465000000000018 24.985000000000003 13.005000000000001 0.57340843044527534
decision_type=2 2 2 2 2 2 2 2 2 2 2 2 2 2
left_child=5 10 3 9 -5 12 7 -7 -9 -3 -2 -12 13 -1
right_child=1 2 -4 4 -6 6 -8 8 -10 -11 11 -13 -14 -15
leaf_value=0.12315527109695346 0.010595320758927869 -0.4331722568122045 0.010752657536891875 -0.2148686124136869 -0.60857846428471496 0.13446618544239142 0.20184052935188551 -0.59358833216406137 -0.077366407878778132 -0.48324693980648886 -0.15967458540505264 -0.004009919938168037 0.32379916375362344 -0.11823749577882713
leaf_weight=77 234 15.000000000000002 42 38 28 221 325 14.999999999999998 277 13.999999999999998 10.000000000000002 9.9999999999999982 802 28
leaf_count=77 234 15 42 38 28 221 325 15 277 14 10 10 802 28
internal_value=0.000973783 -0.00420716 -0.0114234 -0.0165789 -0.0116667 0.00213467 0.000405728 -0.00133528 -0.00390411 -0.0277586 -0.00031496 -0.01 0.00373208 -0.000238095
internal_weight=2136 391 137 95 66 1745 838 513 292 29 254 20 907 105
internal_count=2136 391 137 95 66 1745 838 513 292 29 254 20 907 105
is_linear=0
shrinkage=0.05


Tree=18
num_leaves=15
num_cat=0
split_feature=1 22 10 22 22 10 22 22 1 0 22 3 6 22
split_gain=4.47811 4.23544 2.71056 3.7568 2.066 1.80826 1.42612 2.07949 1.18034 1.53119 1.12089 0.929023 0.750776 0.805411
threshold=72.235000000000014 0.86275003778655002 -0.29389999999999994 0.89546819317495652 0.74081089433267733 -0.29389999999999994 0.78523795966413312 0.90299113182541202 65.810000000000016 22.195000000000004 0.99310419374700554 36.000000000000007 13.005000000000001 0.57340843044527534
decision_type=2 2 2 2 2 2 2 2 2 2 2 2 2 2
left_child=4 -2 11 -4 12 6 -6 -8 -7 -10 -5 -3 13 -1
right_child=1 2 3 10 5 8 7 -9 9 -11 -12 -13 -14 -15
leaf_value=0.11699750754210579 0.00010605909822341181 -0.48363024958255574 -0.35167797529451311 0.026049500203602173 -0.50754858435803341 0.20971923944797971 0.19258915235113527 -0.17399539281476628 -0.078954425941886827 -0.014786386579510535 -0.46532489892671214 -0.55192957854179348 0.30803127597902402 -0.1123256209898858
leaf_weight=77 249 12.999999999999998 13.999999999999998 65 18 427 62 125 12.999999999999998 196 19 23 807 28
leaf_count=77 249 13 14 65 18 427 62 125 13 196 19 23 807 28
internal_value=0.0010206 -0.00387728 -0.0110448 -0.00673469 0.0020907 0.000303211 -0.00378049 -0.00248663 0.0016195 -0.00145933 -0.00273809 -0.0227778 0.00373904 -0.000238095
internal_weight=2136 383 134 98 1753 841 205 187 636 209 84 36 912 105
internal_count=2136 383 134 98 1753 841 205 187 636 209 84 36 912 105
is_linear=0
shrinkage=0.05


Tree=19
num_leaves=15
num_cat=0
split_feature=23 1 20 3 1 20 23 1 1 23 6 23 5 1
split_gain=4.32379 4.85219 2.91243 2.45819 1.46469 1.45774 2.40541 1.43033 1.25257 1.51328 1.48521 1.00547 1.00243 0.949692
threshold=0.50555750738881688 72.38000000000001 15014.405000000001 36.000000000000007 60.570000000000007 15014.405000000001 0.47558139622940165 79.360000000000014 63.985000000000007 0.92599062340417404 13.005000000000001 0.82896682450762904 842.19500000000005 76.655000000000015
decision_type=2 2 2 2 2 2 2 2 2 2 2 2 2 2
left_child=1 4 3 -3 -1 12 -7 -5 -2 10 11 -10 -6 -12
right_child=8 2 -4 7 5 6 -8 -9 9 -11 13 -13 -14 -15
leaf_value=0.17082244992489182 0.42781742679039036 -0.44168299629893454 0.0089125496498672525 -0.20099412136651626 -0.14430910808285122 0.38448442149357409 -0.14284978829306019 -0.62964689357085302 -0.14124741824696924 0.42728823770858382 0.05077630455079564 0.039636784412149753 0.059648495857330786 -0.13369689408479266
leaf_weight=238 592 27 42 54 175 146 11.999999999999998 10.999999999999998 46 285 398 19 39 52
leaf_count=238 592 27 42 54 175 146 12 11 46 285 398 19 39 52
internal_value=0.0010206 -0.00205645 -0.0106716 -0.0156522 -0.000163934 -0.00212366 0.00151899 -0.0103846 0.00266523 0.001375 -0.000242718 -0.00730769 -0.00481308 0.000777778
internal_weight=2136 744 134 92 610 372 158 65 1392 800 515 65 214 450
internal_count=2136 744 134 92 610 372 158 65 1392 800 515 65 214 450
is_linear=0
shrinkage=0.05


Tree=20
num_leaves=15
num_cat=0
split_feature=1 22 10 22 22 1 22 22 10 0 0 22 1 5
split_gain=3.93276 3.28179 1.99848 3.91837 1.88062 1.93715 1.39053 1.24928 1.22184 0.818182 0.789297 0.96287 1.00229 0.424393
threshold=72.235000000000014 0.86275003778655002 -0.29389999999999994 0.89546819317495652 0.70517752626968588 61.320000000000007 0.71726873870877716 0.99310419374700554 -0.29389999999999994 23.545000000000005 24.295000000000005 0.57340843044527534 76.065000000000012 380.89500000000004
decision_type=2 2 2 2 2 2 2 2 2 2 2 2 2 2
left_child=4 10 9 -4 -1 13 -7 -5 -8 -3 11 -2 -13 -6
right_child=1 2 3 7 5 6 8 -9 -10 -11 -12 12 -14 -15
leaf_value=0.25477650407061914 0.041486029925442335 -0.22613695183088969 -0.33008710134915042 0.028352071809467083 -0.0093103488076568316 -0.087525677938905894 -0.15800640963315871 -0.42238139259196505 0.0036083759067268568 -0.51263804750102415 0.033851789353110909 -0.018314137956071241 -0.19021611033290575 0.29017808502898662
leaf_weight=855 59 10.999999999999998 13.999999999999998 65 49 9.9999999999999982 130 19 396 25 143 30 17 313
leaf_count=855 59 11 14 65 49 10 130 19 396 25 143 30 17 313
internal_value=0.000973783 -0.00361619 -0.00992537 -0.00622449 0.00197661 0.000378619 -0.00152985 -0.00214286 -0.00117871 -0.02 -0.000220883 -0.00349057 -0.00882979 0.00320442
internal_weight=2136 383 134 98 1753 898 536 84 526 36 249 106 47 362
internal_count=2136 383 134 98 1753 898 536 84 526 36 249 106 47 362
is_linear=0
shrinkage=0.05


Tree=21
num_leaves=15
num_cat=0
split_feature=23 1 1 23 21 1 5 23 1 0 9 23 1 1
split_gain=3.83747 3.5828 1.99565 1.82354 1.82675 1.39782 1.35152 1.22944 0.955598 1.46673 0.867 0.727345 1.05052 1.47257
threshold=0.50555750738881688 69.825000000000003 79.360000000000014 0.47558139622940165 12333.330000000002 75.565000000000012 380.89500000000004 0.49064204624668717 58.07500000000001 24.295000000000005 0.36000000000000004 0.86545531305655499 63.905000000000008 64.390000000000015
decision_type=2 2 2 2 2 2 2 2 2 2 2 2 2 2
left_child=1 6 3 4 -3 11 8 -8 -1 -10 -7 12 -2 -14
right_child=5 2 -4 -5 -6 10 7 -9 9 -11 -12 -13 13 -15
leaf_value=0.56097539491719772 0.30731442026976591 -0.25503071786251136 -0.57826094562389996 -0.26275561042473544 0.05708344934101537 0.051910002901852853 0.057091574865320086 -0.098481969145346987 -0.31982164030550214 -0.015271259318463315 -0.12116671684562547 0.39323732113076187 -0.10687040883176409 0.015936739571601476
leaf_weight=19 295 77 20 17 90 40 463 18 19 21 89 609 19 340
leaf_count=19 295 77 20 17 90 40 463 18 19 21 89 609 19 340
internal_value=0.00104401 -0.00185484 -0.0075 -0.00586956 -0.00428144 0.00259339 0.000277778 0.00115385 -0.00686441 -0.01125 -0.00236434 0.00309976 0.0019419 0.000125348
internal_weight=2136 744 204 184 167 1392 540 481 59 40 129 1263 654 359
internal_count=2136 744 204 184 167 1392 540 481 59 40 129 1263 654 359
is_linear=0
shrinkage=0.05


Tree=22
num_leaves=15
num_cat=0
split_feature=4 22 22 22 22 22 22 4 22 4 10 22 22 10
split_gain=3.61092 2.39655 3.78082 2.23776 1.93773 1.6192 2.43902 1.17552 1.0075 1.2286 1.19108 0.685079 1.25975 0.507936
threshold=73.695000000000007 0.97577266019832842 0.97938885712668811 0.99310419374700554 0.99781321377224363 0.99781321377224363 0.99094606287942044 81.465000000000018 0.5009122898073749 61.320000000000007 1.0000000180025095e-35 0.57340843044527534 0.64166506163122816 0.65755000000000019
decision_type=2 2 2 2 2 2 2 2 2 2 2 2 2 2
left_child=1 8 -3 7 -5 6 -4 11 -1 -10 -11 13 -13 -2
right_child=3 2 5 4 -6 -7 -8 -9 9 10 -12 12 -14 -15
leaf_value=0.37167707577527687 0.060188335117328122 -0.39901788671586819 0.067579059556725857 -0.55664069266599159 -0.10255461689121202 0.4282260411307568 -0.17619260852582841 -0.31108039353978945 0.32964554214953334 -0.050292049448836196 0.15041682413431012 -0.29572546844965325 -0.053874359168752745 -0.086738381911426077
leaf_weight=591 72 22 82 14.000000000000002 11.999999999999998 84 82 25 362 386 241 15.999999999999998 135 11.999999999999998
leaf_count=591 72 22 82 14 12 84 82 25 362 386 241 16 135 12
internal_value=0.00113764 0.00194595 -0.00240741 -0.00409091 -0.0180769 -0.000645161 -0.00353659 -0.00269231 0.00268987 0.00171385 0.000374801 -0.00159574 -0.00360927 0.00202381
internal_weight=2136 1850 270 286 26 248 164 260 1580 989 627 235 151 84
internal_count=2136 1850 270 286 26 248 164 260 1580 989 627 235 151 84
is_linear=0
shrinkage=0.05


Tree=23
num_leaves=15
num_cat=0
split_feature=4 22 22 22 23 20 22 22 4 22 4 5 21 0
split_gain=3.33425 2.27581 2.10633 2.31042 1.93773 1.144 1.46882 1.05698 1.22543 0.986171 1.17681 0.950749 0.727273 0.603519
threshold=73.835000000000008 0.99310419374700554 0.97577266019832842 0.97938885712668811 0.065534810592492068 16775.780000000002 0.99781321377224363 0.5009122898073749 61.320000000000007 0.37744852145085445 81.465000000000018 739.99000000000012 12333.330000000002 22.575000000000003
decision_type=2 2 2 2 2 2 2 2 2 2 2 2 2 2
left_child=2 9 7 12 -3 6 -5 -1 -9 -2 13 -10 -4 -11
right_child=1 4 3 5 -6 -7 -8 8 11 10 -12 -13 -14 -15
leaf_value=0.35380511421035804 0.18808990837952236 -0.097426886046651451 -0.30601004084972799 -0.1273443215503352 -0.52880865803269195 0.52681920419684869 0.33656105040662432 0.31316326504205666 -0.019370607519317247 0.062588430623465599 -0.33601482750388012 0.25554001643834917 -0.43165619026758073 -0.10793288826455019
leaf_weight=594 57 12 11.000000000000002 123 14 63 63 362 465 21 19 166 10.999999999999998 155
leaf_count=594 57 12 11 123 14 63 63 362 465 21 19 166 11 155
internal_value=0.00111423 -0.00399281 0.00187836 -0.00219557 -0.0180769 -0.000823293 -0.0027957 0.00257404 0.00157603 -0.00253968 -0.00423077 0.000245642 -0.0177273 -0.00295455
internal_weight=2136 278 1858 271 26 249 186 1587 993 252 195 631 22 176
internal_count=2136 278 1858 271 26 249 186 1587 993 252 195 631 22 176
is_linear=0
shrinkage=0.05


Tree=24
num_leaves=15
num_cat=0
split_feature=1 22 22 1 5 22 20 0 0 22 22 10 1 22
split_gain=3.35264 2.22512 1.96922 2.04321 1.10804 0.85143 1.93092 1.02952 0.8 0.478894 0.895791 0.365312 0.385714 0.28393
threshold=76.655000000000015 0.99310419374700554 0.57340843044527534 63.220000000000006 380.89500000000004 0.97577266019832842 16775.780000000002 27.935000000000006 25.325000000000003 0.93038971866793763 0.8713187725699193 -0.29389999999999994 57.760000000000005 0.26347957579725428
decision_type=2 2 2 2 2 2 2 2 2 2 2 2 2 2
left_child=2 4 13 11 8 7 -7 -5 -2 10 -6 12 -4 -1
right_child=1 -3 3 5 9 6 -8 -9 -10 -11 -12 -13 -14 -15
leaf_value=0.66808553618471755 -0.38619950572502648 -0.50358369085160504 0.25779736298280342 0.0049233175383898049 -0.017126312731169015 -0.20493177622414863 0.44192619350599749 -0.16166696354846122 -0.30819415281558732 0.41832548161161187 -0.33109112451626543 0.27622834401831969 -0.017901225427040268 0.14745498327403003
leaf_weight=293 10.000000000000002 12.999999999999998 63 514 79 118 40 22 9.9999999999999982 19 19 414 72 450
leaf_count=293 10 13 63 514 79 118 40 22 10 19 19 414 72 450
internal_value=0.00120787 -0.006 0.00175227 0.000534996 -0.00412409 -0.00126801 -0.00449367 -0.000317164 -0.015 -0.00226496 -0.00367347 0.00281421 0.000555556 0.00378869
internal_weight=2136 150 1986 1243 137 694 158 536 20 117 98 549 135 743
internal_count=2136 150 1986 1243 137 694 158 536 20 117 98 549 135 743
is_linear=0
shrinkage=0.05


Tree=25
num_leaves=15
num_cat=0
split_feature=1 22 23 22 20 22 1 1 22 22 22 1 1 10
split_gain=3.2734 2.27581 1.93773 1.80275 1.53249 2.01636 1.66228 0.890675 0.814218 0.677009 0.644186 1.03108 1.43714 0.579199
threshold=73.835000000000008 0.99310419374700554 0.065534810592492068 0.86275003778655002 15014.405000000001 0.87962967011031401 59.730000000000011 82.530000000000015 0.97577266019832842 0.37744852145085445 0.44022217077093501 63.905000000000008 64.280000000000015 -0.10059999999999999
decision_type=2 2 2 2 2 2 2 2 2 2 2 2 2 2
left_child=3 7 -3 10 6 -6 -5 9 -8 -2 -1 -12 -13 -11
right_child=1 2 -4 4 5 -7 8 -9 -10 13 11 12 -14 -15
leaf_value=0.39310031527763173 0.19612820163974837 -0.067376357201738554 -0.47718904058847705 0.11108632236668924 -0.12033232293777513 0.39184627767617342 -0.050367580037563302 -0.34822473552501076 -0.16903195713642383 -0.1625073417278361 0.28437947265153296 -0.15078580549718082 0.010952610819636985 -0.017787011585253698
leaf_weight=508 53 12 14 139 14.999999999999998 231 150 11.999999999999998 103 72 340 14.999999999999998 357 115
leaf_count=508 53 12 14 139 15 231 150 12 103 72 340 15 357 115
internal_value=0.00106742 -0.00399281 -0.0180769 0.00182454 -0.000329153 0.00276423 -0.00227041 -0.00253968 -0.00468379 -0.001875 0.00295082 0.00198034 0.000161291 -0.00328877
internal_weight=2136 278 26 1858 638 246 392 252 253 240 1220 712 372 187
internal_count=2136 278 26 1858 638 246 392 252 253 240 1220 712 372 187
is_linear=0
shrinkage=0.05


Tree=26
num_leaves=15
num_cat=0
split_feature=4 22 20 22 22 22 4 7 22 5 22 22 7 5
split_gain=3.05805 3.16828 2.1503 3.11855 1.3353 1.10502 0.836688 0.822716 1.05021 0.675524 1.4913 0.537631 0.407348 0.377747
threshold=70.070000000000007 0.99094606287942044 16775.780000000002 0.99781321377224363 0.37744852145085445 0.57340843044527534 61.320000000000007 68.540000000000006 0.64166506163122816 380.89500000000004 0.96767518139081532 0.93038971866793763 114.54000000000001 380.89500000000004
decision_type=2 2 2 2 2 2 2 2 2 2 2 2 2 2
left_child=5 4 3 -3 -2 -1 13 8 -8 10 -6 -11 -9 -7
right_child=1 2 -4 -5 9 6 7 12 -10 11 -12 -13 -14 -15
leaf_value=0.32460214308647273 0.21352165884052737 -0.4472522599563144 0.45847267607072678 -0.013500961256182898 -0.10490764106964023 -0.0055903364778199559 -0.23922797618761471 0.077757567348366252 -0.023438131479022697 -0.075089505600326081 -0.29342897000835072 0.04567658914501125 -0.018718846507194433 0.25303335177633113
leaf_weight=589 129 19 9.9999999999999982 12.999999999999998 46 60 14.999999999999998 212 236 253 9.9999999999999982 82 79 383
leaf_count=589 129 19 10 13 46 60 15 212 236 253 10 82 79 383
internal_value=0.00113764 -0.00202847 -0.0152381 -0.0215625 -0.000961538 0.00226811 0.00124365 -7.38006e-05 -0.00217131 -0.00241688 -0.0075 -0.00156716 0.0017354 0.00285553
internal_weight=2136 562 42 32 520 1574 985 542 251 391 56 335 291 443
internal_count=2136 562 42 32 520 1574 985 542 251 391 56 335 291 443
is_linear=0
shrinkage=0.05


Tree=27
num_leaves=15
num_cat=0
split_feature=23 5 23 5 6 23 23 23 23 6 0 23 23 23
split_gain=2.85793 2.15745 2.32046 3.5 1.98686 1.60987 1.29239 1.63364 1.52778 1.17498 0.980186 0.52449 0.717257 0.565657
threshold=0.50555750738881688 380.89500000000004 0.47558139622940165 679.98000000000013 16.055000000000003 0.13398478063445371 0.42957308670649791 0.18492372395086379 0.25205309817207106 13.005000000000001 25.615000000000006 0.89784768270548698 0.89014232404703397 0.61913436964878354
decision_type=2 2 2 2 2 2 2 2 2 2 2 2 2 2
left_child=1 6 4 10 -3 -6 7 -1 -9 -2 -4 12 13 -11
right_child=9 2 3 -5 5 -7 -8 8 -10 11 -12 -13 -14 -15
leaf_value=-0.058766707113302757 -0.027167871157214075 0.59766408272481353 -0.078736152902005738 0.033165561530842033 -0.15018855694680605 0.013178508525849057 0.061825468916625652 -0.26071155465491219 -0.26190605518046062 0.21863994359980229 -0.27317560531359536 0.37717726640670296 -0.093378774399610898 0.036466605143573083
leaf_weight=33 174 174 11.000000000000002 18 120 315 14.999999999999998 11.999999999999998 33 168 12.999999999999998 504 21 525
leaf_count=33 174 174 11 18 120 315 15 12 33 168 13 504 21 525
internal_value=0.00118446 -0.0013172 -0.000299539 -0.0116667 0.000484401 -0.00132184 -0.00844086 -0.0110256 -0.0172222 0.00252155 -0.0241667 0.00307061 0.00219888 0.00247475
internal_weight=2136 744 651 42 609 435 93 78 45 1392 24 1218 714 693
internal_count=2136 744 651 42 609 435 93 78 45 1392 24 1218 714 693
is_linear=0
shrinkage=0.05


Tree=28
num_leaves=15
num_cat=0
split_feature=4 23 4 0 23 23 20 0 23 23 23 6 4 0
split_gain=2.8047 2.17381 2.61749 1.18474 1.42896 0.836918 0.835616 0.803357 0.788752 1.08508 1.02239 0.686451 0.685806 0.756869
threshold=68.265000000000015 0.49064204624668717 79.360000000000014 25.805000000000003 0.36647099799968202 0.50555750738881688 15014.405000000001 22.195000000000004 0.92599062340417404 0.61913436964878354 0.65881608208381881 13.005000000000001 59.730000000000011 25.345000000000002
decision_type=2 2 2 2 2 2 2 2 2 2 2 2 2 2
left_child=5 2 3 7 -5 6 12 -2 9 -3 -11 -7 -1 -14
right_child=1 8 -4 4 -6 11 -8 -9 -10 10 -12 -13 13 -15
leaf_value=0.10038976650687853 -0.22026421868805254 0.058012187273944686 -0.43418907144449598 -0.18688351261906488 -0.25270452647537089 -0.01128825603091368 0.37448667908541555 -0.021438531850330553 0.26092688742445785 -0.12812790538950528 -0.013042462319486903 0.29509989256902353 -0.077211440356328181 0.047372587720400122
leaf_weight=139 13.999999999999998 76 20 48 13.999999999999998 115 190 150 175 36 211 786 104 58
leaf_count=139 14 76 20 48 14 115 190 150 175 36 211 786 104 58
internal_value=0.00116105 -0.0013172 -0.0051626 -0.00362832 -0.00951613 0.00248563 0.000824847 -0.00140244 0.000582329 -0.000882353 -0.00248988 0.00339068 -0.000813953 -0.00302469
internal_weight=2136 744 246 226 62 1392 491 164 498 323 247 901 301 162
internal_count=2136 744 246 226 62 1392 491 164 498 323 247 901 301 162
is_linear=0
shrinkage=0.05


Tree=29
num_leaves=15
num_cat=0
split_feature=1 22 22 1 0 9 22 6 11 1 22 1 0 22
split_gain=2.72722 1.78866 1.72786 1.22217 1.19053 1.59566 1.33374 1.13483 0.859058 0.782103 0.725926 0.627749 0.767176 0.469351
threshold=77.120000000000019 0.99310419374700554 0.86275003778655002 62.455000000000005 26.355000000000004 0.46000000000000002 0.89546819317495652 13.005000000000001 -0.89854999999999985 77.860000000000014 0.8713187725699193 63.905000000000008 21.570000000000004 0.77447169083781808
decision_type=2 2 2 2 2 2 2 2 2 2 2 2 2 2
left_child=2 8 7 -4 6 -6 -5 13 9 -2 -10 -9 -13 -1
right_child=1 -3 3 4 5 -7 -8 11 10 -11 -12 12 -14 -15
leaf_value=-0.054728500413567888 -0.061341195546373323 -0.40829300875034963 0.092794208572048301 -0.17074170597911731 -0.12604006254931807 -0.18751224619139881 0.0062135038872917492 0.40190841017004675 -0.068128071791323713 0.022423682530978359 -0.31984802891548869 -0.10439861394043888 0.095146775284444818 0.086406717085968143
leaf_weight=134 15.999999999999998 11.999999999999998 299 37 50 23 283 515 27 62 18 52 583 25
leaf_count=134 16 12 299 37 50 23 283 515 27 62 18 52 583 25
internal_value=0.00113764 -0.00574074 0.0016017 -0.000419075 -0.00225191 -0.0080137 -0.0009375 0.00266998 -0.00394309 -0.000769231 -0.00944444 0.00321739 0.00216535 -0.00128931
internal_weight=2136 135 2001 692 393 73 320 1309 123 78 45 1150 635 159
internal_count=2136 135 2001 692 393 73 320 1309 123 78 45 1150 635 159
is_linear=0
shrinkage=0.05


Tree=30
num_leaves=15
num_cat=0
split_feature=1 22 20 22 22 1 10 22 10 22 22 22 1 3
split_gain=2.75826 2.16421 1.67411 2.5005 1.17423 1.05882 0.987821 0.825699 1.50119 2.68344 0.584759 0.735669 0.559997 0.484615
threshold=70.070000000000007 0.99094606287942044 16775.780000000002 0.99653827729370248 0.44022217077093501 63.220000000000006 1.0000000180025095e-35 0.8713187725699193 -0.29389999999999994 0.89546819317495652 0.78523795966413312 0.40907743338811486 63.360000000000007 36.000000000000007
decision_type=2 2 2 2 2 2 2 2 2 2 2 2 2 2
left_child=4 7 3 -3 -1 -6 12 10 13 -10 11 -2 -7 -9
right_child=1 2 -4 -5 5 6 -8 8 9 -11 -12 -13 -14 -15
leaf_value=0.4407659066917009 0.086792531351811267 -0.38453320835977872 0.40642708952910173 -0.089595392366942583 0.17724323366687522 -0.091157395249362283 0.036611759574559678 -0.25653219752572881 -0.26941360102733958 0.071436021650698109 0.072405417496384156 -0.061121445007681623 -0.017695238671714561 -0.21723038385453802
leaf_weight=420 148 13.999999999999998 9.9999999999999982 18 630 10.999999999999998 207 13.999999999999998 15.999999999999998 90 54 172 306 26
leaf_count=420 148 14 10 18 630 11 207 14 16 90 54 172 306 26
internal_value=0.00106742 -0.0019395 -0.0128571 -0.0184375 0.00214104 0.00131716 -0.000343511 -0.00105769 -0.00424658 -0.00113208 0.000187166 -0.000625 -0.00209779 -0.0125
internal_weight=2136 562 42 32 1574 1154 524 520 146 106 374 320 317 40
internal_count=2136 562 42 32 1574 1154 524 520 146 106 374 320 317 40
is_linear=0
shrinkage=0.05


Tree=31
num_leaves=15
num_cat=0
split_feature=1 22 1 22 22 11 22 1 10 22 22 20 1 22
split_gain=2.67304 2.28488 2.31013 1.24559 1.0549 1.42408 1.05247 0.989403 1.13006 0.663506 0.7683 0.702043 0.541693 0.355254
threshold=70.070000000000007 0.8713187725699193 79.360000000000014 0.57340843044527534 0.93038971866793763 -0.98919999999999997 0.99094606287942044 61.320000000000007 1.0000000180025095e-35 0.77447169083781808 0.7522548710148802 16775.780000000002 61.555000000000007 0.88768027107944258
decision_type=2 2 2 2 2 2 2 2 2 2 2 2 2 2
left_child=3 9 4 -1 5 -3 -6 13 12 10 11 -2 -9 -5
right_child=1 2 -4 7 6 -7 -8 8 -10 -11 -12 -13 -14 -15
leaf_value=0.28655018741613769 0.033023556319194562 0.024598282262204011 -0.37385612966443338 0.25162841252330909 0.0223385072809895 -0.26227770936038924 -0.10378014699225974 -0.30769353316255194 0.069997621271493324 0.056599458217247989 -0.11915172104933509 -0.031898132186439714 -0.025743172713499768 0.08214240798666389
leaf_weight=589 220 18 20 205 91 25 34 10.999999999999998 212 63 14.999999999999998 76 319 238
leaf_count=589 220 18 20 205 91 25 34 11 212 63 15 76 319 238
internal_value=0.0010206 -0.0019395 -0.00643617 0.00207751 -0.00452381 -0.0112791 -0.0022 0.000989848 -0.000442804 0.000320856 -0.000627009 -6.75674e-05 -0.00227273 0.00274266
internal_weight=2136 562 188 1574 168 43 125 985 542 374 311 296 330 443
internal_count=2136 562 188 1574 168 43 125 985 542 374 311 296 330 443
is_linear=0
shrinkage=0.05


Tree=32
num_leaves=15
num_cat=0
split_feature=1 22 20 22 22 1 22 0 0 11 22 5 20 0
split_gain=2.59746 2.19963 1.67411 2.5005 1.09094 1.02381 0.72411 0.695596 0.810811 0.607498 0.654947 0.519223 0.367349 0.491497
threshold=70.070000000000007 0.99094606287942044 16775.780000000002 0.99653827729370248 0.57340843044527534 62.455000000000005 0.37744852145085445 27.260000000000002 28.685000000000006 -0.98919999999999997 0.8713187725699193 739.99000000000012 15014.405000000001 23.965000000000003
decision_type=2 2 2 2 2 2 2 2 2 2 2 2 2 2
left_child=4 6 3 -3 -1 -6 12 11 -9 -8 -11 -7 -2 -14
right_child=1 2 -4 -5 5 7 9 8 -10 10 -12 -13 13 -15
leaf_value=0.27222267804533079 0.37118471377687517 -0.34915724309685248 0.3912947424022597 -0.079926615398982465 0.14786690083430284 -0.0090542497137839871 0.019872625004925121 -0.16385982437621105 0.0074201718125081213 -0.026051662733757697 -0.18949704862232808 0.057996373094237601 -0.18875190038849066 0.1272256278355787
leaf_weight=589 80 13.999999999999998 9.9999999999999982 18 510 310 153 27 9.9999999999999982 151 87 128 21 28
leaf_count=589 80 14 10 18 510 310 153 27 10 151 87 128 21 28
internal_value=0.00106742 -0.00185053 -0.0128571 -0.0184375 0.00210928 0.00109137 -0.000961538 -0.000578947 -0.00716216 -0.00203325 -0.00361345 -2.28309e-05 0.00228682 -0.00112245
internal_weight=2136 562 42 32 1574 985 520 475 37 391 238 438 129 49
internal_count=2136 562 42 32 1574 985 520 475 37 391 238 438 129 49
is_linear=0
shrinkage=0.05


Tree=33
num_leaves=15
num_cat=0
split_feature=4 22 4 22 22 6 22 22 22 22 21 4 10 22
split_gain=2.55797 1.71376 2.11059 1.1676 1.12636 1.125 1.00851 0.903246 1.26981 1.11327 0.8 0.757409 0.520687 0.715958
threshold=67.38000000000001 0.86275003778655002 79.360000000000014 0.91024686087223017 0.60124882823926262 16.055000000000003 0.97577266019832842 0.26347957579725428 0.78523795966413312 0.7522548710148802 12060.420000000002 62.455000000000005 0.33810000000000007 0.64166506163122816
decision_type=2 2 2 2 2 2 2 2 2 2 2 2 2 2
left_child=4 7 3 5 -1 -3 -5 -2 9 -9 -4 -6 13 -13
right_child=1 2 10 6 11 -7 -8 8 -10 -11 -12 12 -14 -15
leaf_value=0.30681731708132215 0.30637831523297521 -0.16984558487994242 -0.35156193173317796 0.063332022082262338 0.13348521621398901 -0.055830396987040433 -0.13660953879086343 -0.020997737269486904 0.075281813669659303 -0.12044723772928984 -0.32345058762922818 -0.57865473412440249 0.18280164538577337 -0.0073968089960582649
leaf_weight=514 125 18 10.000000000000002 102 488 32 106 309 81 36 9.9999999999999982 13.999999999999998 73 218
leaf_count=514 125 18 10 102 488 32 106 309 81 36 10 14 73 218
internal_value=0.0010206 -0.00115199 -0.00435252 -0.00313953 0.00239862 -0.01 -0.00149038 0.000462795 -0.000633803 -0.00195652 -0.02 0.0012169 -0.000737705 -0.00189655
internal_weight=2136 829 278 258 1307 50 208 551 426 345 20 793 305 232
internal_count=2136 829 278 258 1307 50 208 551 426 345 20 793 305 232
is_linear=0
shrinkage=0.05


Tree=34
num_leaves=15
num_cat=0
split_feature=1 22 22 6 5 0 1 22 6 6 5 0 3 1
split_gain=2.37168 1.86129 1.52081 1.60714 1.41481 1.01348 0.914634 0.903406 1.28205 1.27558 0.883275 0.807692 0.804911 0.722544
threshold=77.120000000000019 0.99310419374700554 0.86275003778655002 13.005000000000001 380.89500000000004 26.415000000000003 77.860000000000014 0.89546819317495652 24.295000000000005 16.055000000000003 380.89500000000004 25.805000000000003 60.000000000000007 63.540000000000006
decision_type=2 2 2 2 2 2 2 2 2 2 2 2 2 2
left_child=2 6 3 -1 5 -4 11 8 -6 -9 -8 -2 -12 -5
right_child=1 -3 4 13 7 -7 10 9 -10 -11 12 -13 -14 -15
leaf_value=-0.031482433580040756 0.0053268785143512076 -0.31506348941367884 -0.12241319664484317 0.34718006515488065 -0.14950820157366157 -0.14691849316702454 -0.20734501685704598 0.54885521200232679 0.24392259138388589 -0.0069316018670405755 0.048791377351823484 -0.1556009490730407 -0.12175713963986033 0.063985599543687419
leaf_weight=159 13.000000000000002 11.999999999999998 67 488 54 14.999999999999998 13.999999999999998 153 24 379 56 13.999999999999998 26 662
leaf_count=159 13 12 67 488 54 15 14 153 24 379 56 14 26 662
internal_value=0.00104401 -0.00537037 0.00147676 0.00247899 -0.000419075 -0.00658537 -0.00353659 0.000409836 -0.00461538 0.00114662 -0.00125 -0.0116667 0.000731707 0.00313043
internal_weight=2136 135 2001 1309 692 82 123 610 78 532 96 27 82 1150
internal_count=2136 135 2001 1309 692 82 123 610 78 532 96 27 82 1150
is_linear=0
shrinkage=0.05


Tree=35
num_leaves=15
num_cat=0
split_feature=1 23 5 23 23 23 1 23 23 6 5 23 0 1
split_gain=2.44352 2.0717 1.70832 1.59692 1.52179 1.0938 1.02179 1.00189 0.558305 0.691355 0.551353 0.849805 0.609009 0.486108
threshold=63.220000000000006 0.89784768270548698 380.89500000000004 0.42957308670649791 0.76693674423623703 0.89014232404703397 68.430000000000021 0.13398478063445371 0.46038001402560286 13.005000000000001 380.89500000000004 0.44504239796885176 23.345000000000002 79.030000000000015
decision_type=2 2 2 2 2 2 2 2 2 2 2 2 2 2
left_child=8 2 3 6 -5 7 -2 -4 10 -10 12 -12 -1 -3
right_child=1 13 5 4 -6 -7 -8 -9 9 -11 11 -13 -14 -15
leaf_value=-0.1797957905663489 0.03091635205765926 0.16204239583984031 -0.083677448496395607 0.014217336032409739 -0.27371677894830537 -0.12904444596258052 -0.26701464081274362 0.00046584737395540145 -0.021540925744956099 0.32214571880219223 0.11853317888627993 -0.1694806471542134 0.066478700239830379 -0.017034650972338691
leaf_weight=9.9999999999999982 12.999999999999998 328 96 46 26 11.999999999999998 33 704 70 494 243 12.999999999999998 27 21
leaf_count=10 13 328 96 46 26 12 33 704 70 494 243 13 27 21
internal_value=0.000950375 -0.000433933 -0.00166667 -0.00728814 -0.00263889 -0.000849753 -0.0145652 -0.000625 0.00301634 0.00393617 0.00124573 0.00207031 -0.00445946 0.002851
internal_weight=2136 1279 930 118 72 812 46 800 857 564 293 256 37 349
internal_count=2136 1279 930 118 72 812 46 800 857 564 293 256 37 349
is_linear=0
shrinkage=0.05


Tree=36
num_leaves=15
num_cat=0
split_feature=1 22 1 22 1 22 6 22 6 20 22 22 6 22
split_gain=2.38846 1.90828 1.2627 1.74365 1.05 0.977425 0.777073 0.558305 0.691355 0.691072 0.881192 0.360813 0.32788 0.525
threshold=63.220000000000006 0.26347957579725428 77.120000000000019 0.99310419374700554 77.860000000000014 0.28003368959032676 14.790000000000001 0.88768027107944258 13.005000000000001 15014.405000000001 0.89546819317495652 0.99310419374700554 13.005000000000001 0.16269055358644466
decision_type=2 2 2 2 2 2 2 2 2 2 2 2 2 2
left_child=7 12 5 4 -4 -3 -7 8 -1 10 -9 -12 13 -2
right_child=1 2 3 -5 -6 6 -8 9 -10 -11 11 -13 -14 -15
leaf_value=-0.020463879457708292 0.28665456415160046 -0.98815234845575195 -0.15414389157296438 -0.28687626901419577 -0.012141054865177407 -0.049951379332403956 0.0067149157970445364 -0.16989909561200617 0.30603843286208265 0.50881371693189315 0.026066983482834528 -0.058478954686427678 0.43435603616831991 -0.022889790153468238
leaf_weight=70 14.000000000000002 12.999999999999998 21 11.999999999999998 84 233 725 9.9999999999999982 494 104 132 47 167 9.9999999999999982
leaf_count=70 14 13 21 12 84 233 725 10 494 104 132 47 167 10
internal_value=0.000973783 -0.00039484 -0.00120404 -0.00611111 -0.00404762 -0.00061277 -0.000427975 0.00301634 0.00393617 0.00124573 -0.000555555 0.000251397 0.00421466 -0.00125
internal_weight=2136 1279 1088 117 105 971 958 857 564 293 189 179 191 24
internal_count=2136 1279 1088 117 105 971 958 857 564 293 189 179 191 24
is_linear=0
shrinkage=0.05


Tree=37
num_leaves=15
num_cat=0
split_feature=1 24 5 6 1 9 1 24 6 20 1 1 1 1
split_gain=2.14886 1.20481 2.29853 0.993185 0.797802 0.651493 0.678973 0.482611 0.549545 0.54255 0.465791 0.446046 0.48026 0.428571
threshold=63.220000000000006 2.5000000000000004 380.89500000000004 13.005000000000001 77.860000000000014 0.37500000000000006 70.555000000000021 2.5000000000000004 13.005000000000001 15014.405000000001 54.150000000000006 77.615000000000009 78.170000000000016 68.430000000000021
decision_type=2 2 2 2 2 2 2 2 2 2 2 2 2 2
left_child=7 3 4 -2 13 6 -4 8 -1 10 -9 -5 -13 -3
right_child=1 2 5 11 -6 -7 -8 9 -10 -11 -12 12 -14 -15
leaf_value=0.012325658199563029 -0.026026690698966917 0.01413394505512245 -0.0080976950957897288 0.072002013952696717 -0.29053611518448785 0.017294001985232916 -0.1923222020456028 0.24221350736995656 0.30161785931604185 0.47158641237330096 -0.035449423131007643 -0.13795203199542763 0.0028704775818163479 -0.1541710878514311
leaf_weight=64 110 13.999999999999998 119 689 9.9999999999999982 162 89 51 471 117 154 11.999999999999998 46 28
leaf_count=64 110 14 119 689 10 162 89 51 471 117 154 12 46 28
internal_value=0.0010206 -0.00027756 -0.00246445 0.0007993 -0.0123077 -0.00108108 -0.00293269 0.00295799 0.0038785 0.00142857 -0.000121951 0.00145248 -0.00275862 -0.00928571
internal_weight=2136 1279 422 857 52 370 208 857 535 322 205 747 58 42
internal_count=2136 1279 422 857 52 370 208 857 535 322 205 747 58 42
is_linear=0
shrinkage=0.05


Tree=38
num_leaves=15
num_cat=0
split_feature=1 22 22 5 22 22 1 22 6 20 22 20 0 0
split_gain=2.22705 1.87916 1.73799 1.15959 1.77536 0.655227 0.486108 0.455873 0.665248 0.620898 0.913765 0.405379 0.403129 0.327625
threshold=63.220000000000006 0.44022217077093501 0.45560143098769151 380.89500000000004 0.90299113182541202 0.99094606287942044 79.030000000000015 0.88768027107944258 13.005000000000001 15014.405000000001 0.89546819317495652 15014.405000000001 23.965000000000003 27.260000000000002
decision_type=2 2 2 2 2 2 2 2 2 2 2 2 2 2
left_child=7 6 -3 4 -4 -5 11 8 13 10 -9 -2 -13 -1
right_child=1 2 3 5 -6 -7 -8 9 -10 -11 -12 12 -14 -15
leaf_value=0.064809654750430698 0.24230768248753778 -0.10134681541112306 -0.0076018239656792915 0.0014268703976474382 -0.22657255810259605 -0.079424437106638587 -0.013737094440177023 -0.15963166967485548 0.27992197181045242 0.45979371046663342 0.0060617916070423014 -0.019103512810557222 0.068921835958862296 -0.18752112760481587
leaf_weight=59 198 14.999999999999998 69 704 46 96 21 9.9999999999999982 494 104 179 46 84 10.999999999999998
leaf_count=59 198 15 69 704 46 96 21 10 494 104 179 46 84 11
internal_value=0.00104401 -0.00027756 -0.00145161 -0.00117486 -0.00586956 -0.0005 0.002851 0.00301634 0.00384752 0.00141638 -0.000291005 0.00332317 0.00115385 -0.000714286
internal_weight=2136 1279 930 915 115 800 349 857 564 293 189 328 130 70
internal_count=2136 1279 930 915 115 800 349 857 564 293 189 328 130 70
is_linear=0
shrinkage=0.05


Tree=39
num_leaves=15
num_cat=0
split_feature=4 22 4 0 22 13 22 6 20 22 6 22 0 22
split_gain=2.07129 1.71901 0.931296 1.01766 1.0013 0.915719 0.455873 0.665248 0.620898 0.913765 0.32788 0.525 0.327625 0.576271
threshold=63.220000000000006 0.26347957579725428 82.530000000000015 27.935000000000006 0.28003368959032676 0.51000000000000012 0.88768027107944258 13.005000000000001 15014.405000000001 0.89546819317495652 13.005000000000001 0.16269055358644466 27.260000000000002 0.45560143098769151
decision_type=2 2 2 2 2 2 2 2 2 2 2 2 2 2
left_child=6 10 3 4 -3 -5 7 12 9 -8 11 -2 13 -1
right_child=1 2 -4 5 -6 -7 8 -9 -10 -11 -12 -13 -14 -15
leaf_value=-0.21506475199785166 0.27449784983874309 -0.94138965609007141 -0.23637610890817357 0.20877938446681804 -0.0054202105738470584 -0.094735028704926963 -0.15165008619111273 0.26592587321992983 0.43680402494330184 0.0057587020266902005 0.39692274953789219 -0.019928917155140082 -0.1781450712245751 0.16013895227321259
leaf_weight=25 14.000000000000002 12.999999999999998 12.999999999999998 20 1016 26 9.9999999999999982 494 104 179 167 9.9999999999999982 10.999999999999998 34
leaf_count=25 14 13 13 20 1016 26 10 494 104 179 167 10 11 34
internal_value=0.00111423 -0.000160281 -0.000928309 -0.000767442 -0.000442177 -0.00804348 0.00301634 0.00384752 0.00141638 -0.000291005 0.00421466 -0.00125 -0.000714286 0.000762712
internal_weight=2136 1279 1088 1075 1029 46 857 564 293 189 191 24 70 59
internal_count=2136 1279 1088 1075 1029 46 857 564 293 189 191 24 70 59
is_linear=0
shrinkage=0.05


Tree=40
num_leaves=15
num_cat=0
split_feature=1 23 23 10 1 23 23 6 23 10 1 6 0 0
split_gain=1.82495 1.65168 1.16427 0.915735 0.996102 0.956437 0.487143 0.639642 0.517798 0.627624 0.819622 0.38947 0.799699 0.327625
threshold=63.220000000000006 0.89784768270548698 0.89014232404703397 -0.10059999999999999 80.65000000000002 0.13398478063445371 0.46038001402560286 13.005000000000001 0.44504239796885176 -0.29389999999999994 58.07500000000001 13.005000000000001 23.975000000000005 27.260000000000002
decision_type=2 2 2 2 2 2 2 2 2 2 2 2 2 2
left_child=6 2 3 4 -2 -5 8 13 9 10 -1 12 -3 -8
right_child=1 11 -4 5 -6 -7 7 -9 -10 -11 -12 -13 -14 -15
leaf_value=0.062583838688739318 -0.059651368767474448 -0.014516293113282173 -0.096008464111874581 -0.13387389392432963 -0.23160420360990833 0.022065550005637601 0.057584448526927512 0.25262957955893334 -0.12394346621922546 0.24720288761173728 -0.1564295383436422 0.15857760723495914 0.043577069973881506 -0.16923781766334633
leaf_weight=38 326 10.999999999999998 14.999999999999998 68 18 503 59 494 15.999999999999998 210 29 302 36 10.999999999999998
leaf_count=38 326 11 15 68 18 503 59 494 16 210 29 302 36 11
internal_value=0.00111423 -8.20952e-05 -0.0011828 -0.000956284 -0.00299419 0.000271454 0.00289965 0.00375887 0.00124573 0.0017509 -0.00246269 0.002851 -0.00138298 -0.000714286
internal_weight=2136 1279 930 915 344 571 857 564 293 277 67 349 47 70
internal_count=2136 1279 930 915 344 571 857 564 293 277 67 349 47 70
is_linear=0
shrinkage=0.05


Tree=41
num_leaves=15
num_cat=0
split_feature=1 22 22 10 1 22 20 22 22 22 20 22 6 22
split_gain=1.75423 1.49427 1.17335 0.965503 0.996102 0.776768 0.52516 0.621129 0.888775 0.45338 0.691072 0.881192 0.61454 0.351461
threshold=63.220000000000006 0.44022217077093501 0.45560143098769151 -0.10059999999999999 80.65000000000002 0.97577266019832842 15014.405000000001 0.17963823861099873 0.28003368959032676 0.88768027107944258 15014.405000000001 0.89546819317495652 13.005000000000001 0.99781321377224363
decision_type=2 2 2 2 2 2 2 2 2 2 2 2 2 2
left_child=9 6 -3 4 -4 -5 -2 -8 -9 12 11 -11 -1 -13
right_child=1 2 3 5 -6 -7 7 8 -10 10 -12 13 -14 -15
leaf_value=-0.015423435958776422 0.17860372879453651 -0.091208040906280832 -0.056668800329100655 0.026919045163368262 -0.22002399342941309 -0.12888646407988813 0.44206351651049175 -0.096743913476862273 0.04631206636641564 -0.13787040857059579 0.40260367931554975 -0.020605956509302678 0.23999810058098664 0.35626576728076276
leaf_weight=70 210 14.999999999999998 326 457 18 114 47 33 59 9.9999999999999982 104 147 494 32
leaf_count=70 210 15 326 457 18 114 47 33 59 10 104 147 494 32
internal_value=0.00109082 -8.20952e-05 -0.00112903 -0.000901639 -0.00299419 0.000359019 0.00270774 0.000323741 -0.00206522 0.00284131 0.00124573 -0.000555555 0.00367021 0.000251397
internal_weight=2136 1279 930 915 344 571 349 139 92 857 293 189 564 179
internal_count=2136 1279 930 915 344 571 349 139 92 857 293 189 564 179
is_linear=0
shrinkage=0.05


Tree=42
num_leaves=15
num_cat=0
split_feature=1 22 1 22 0 22 7 10 9 1 1 0 22 22
split_gain=1.87312 1.4907 0.94421 0.967326 0.799659 0.391804 0.61454 0.34676 0.420183 0.335851 0.45 0.327625 0.576271 0.304511
threshold=63.220000000000006 0.26347957579725428 82.530000000000015 0.28003368959032676 27.935000000000006 0.88768027107944258 49.140000000000008 -0.43784999999999996 0.37500000000000006 58.07500000000001 60.570000000000007 27.260000000000002 0.45560143098769151 0.91024686087223017
decision_type=2 2 2 2 2 2 2 2 2 2 2 2 2 2
left_child=5 -2 3 -3 -5 6 11 9 13 -7 -11 12 -1 -9
right_child=1 2 -4 4 -6 7 -8 8 -10 10 -12 -13 -14 -15
leaf_value=-0.20641956502636669 0.3208236029872692 -0.89741185797347256 -0.2322096089034148 -0.0018639597477167356 -0.062321159837242374 0.44637326574248432 0.22799819555193734 -0.13238161183513597 0.38247349534977232 -0.17606571457397419 -0.0010715428481291838 -0.16000475498224015 0.15002395403114444 0.034790666066688666
leaf_weight=25 191 12.999999999999998 12.999999999999998 1016 46 17 494 19 104 10.000000000000002 9.9999999999999982 10.999999999999998 34 133
leaf_count=25 191 13 13 1016 46 17 494 19 104 10 10 11 34 133
internal_value=0.00109082 -0.000121188 -0.000836397 -0.000674418 -0.000508474 0.00289965 0.00367021 0.00141638 0.00207031 -0.00310811 -0.0075 -0.000714286 0.000762712 0.000394737
internal_weight=2136 1279 1088 1075 1062 857 564 293 256 37 20 70 59 152
internal_count=2136 1279 1088 1075 1062 857 564 293 256 37 20 70 59 152
is_linear=0
shrinkage=0.05


Tree=43
num_leaves=15
num_cat=0
split_feature=1 22 1 1 0 22 10 1 1 6 6 1 22 22
split_gain=1.80146 1.35587 1.06629 0.685888 0.796096 0.507275 0.455085 0.534925 0.469349 0.350646 0.306887 0.416667 0.294643 0.47619
threshold=63.220000000000006 0.37744852145085445 82.530000000000015 63.360000000000007 25.785000000000004 0.86275003778655002 -0.29389999999999994 54.150000000000006 60.705000000000005 13.005000000000001 13.005000000000001 71.945000000000007 0.64166506163122816 0.26347957579725428
decision_type=2 2 2 2 2 2 2 2 2 2 2 2 2 2
left_child=5 10 3 -3 -5 9 7 -7 -9 12 11 -2 13 -1
right_child=1 2 -4 4 -6 6 -8 8 -10 -11 -12 -13 -14 -15
leaf_value=0.89512500445159482 0.072643789922574128 -0.069744071032681779 -0.22432339861183667 0.0082130534684815813 -0.063638301771064998 0.21066700318373136 0.12197938160482549 -0.11121609265920909 0.022756734499904268 0.22321328031412777 0.27888698119824684 -0.023763213426530014 0.1438552970668458 -0.26793844816894347
leaf_weight=14.999999999999998 24 20 11.999999999999998 677 271 20 244 40 18 471 259 15.999999999999998 22 27
leaf_count=15 24 20 12 677 271 20 244 40 18 471 259 16 22 27
internal_value=0.00106742 -0.000121188 -0.00102041 -0.000836777 -0.00064346 0.00284131 0.00127329 -0.00205128 -0.00448276 0.00378505 0.00282609 -0.00125 0.0003125 -0.00214286
internal_weight=2136 1279 980 968 948 857 322 78 58 535 299 40 64 42
internal_count=2136 1279 980 968 948 857 322 78 58 535 299 40 64 42
is_linear=0
shrinkage=0.05


Tree=44
num_leaves=15
num_cat=0
split_feature=1 1 22 22 22 0 1 22 9 10 6 6 0 0
split_gain=1.82303 1.10219 1.06699 0.900558 0.765297 0.794582 0.725427 0.895974 2.76397 0.636777 0.408764 0.29402 0.311565 0.514706
threshold=67.38000000000001 84.490000000000009 0.57340843044527534 0.26347957579725428 0.28003368959032676 27.755000000000006 54.150000000000006 0.64166506163122816 0.39500000000000007 1.0000000180025095e-35 13.005000000000001 13.005000000000001 24.760000000000002 22.985000000000003
decision_type=2 2 2 2 2 2 2 2 2 2 2 2 2 2
left_child=2 3 11 10 -5 -6 -4 8 -8 -9 -2 12 13 -1
right_child=1 -3 6 4 5 -7 7 9 -10 -11 -12 -13 -14 -15
leaf_value=0.096532154741538798 -0.013954539082406001 -0.21310722868124482 0.27979629441335768 -0.89608596257433626 -0.010709730131173045 -0.094953231716186359 0.09296446233112024 -0.00074073844413206458 -0.46437611941156148 0.1170239334232805 0.29499588360065004 0.33892791714259352 0.15534321082705299 -0.26464653164230284
leaf_weight=13.999999999999998 17 11.999999999999998 126 9.9999999999999982 651 33 34 391 23 249 106 425 25 20
leaf_count=14 17 12 126 10 651 33 34 391 23 249 106 425 25 20
internal_value=0.00104401 -0.000790108 0.00220735 -0.000569155 -0.00126801 -0.00106725 0.00111179 0.000480631 -0.00552632 0.00101563 0.00337398 0.00407025 0.000762712 -0.00235294
internal_weight=2136 829 1307 817 694 684 823 697 57 640 123 484 59 34
internal_count=2136 829 1307 817 694 684 823 697 57 640 123 484 59 34
is_linear=0
shrinkage=0.05


Tree=45
num_leaves=15
num_cat=0
split_feature=22 1 22 1 6 10 5 1 1 1 9 1 22 22
split_gain=1.7128 1.41292 1.66213 0.833345 0.696677 0.651645 0.522925 0.570491 0.511325 0.450938 0.446429 0.432692 0.386176 1.23839
threshold=0.44022217077093501 61.320000000000007 0.45560143098769151 82.530000000000015 13.005000000000001 1.0000000180025095e-35 380.89500000000004 57.760000000000005 59.900000000000013 75.685000000000016 0.36000000000000004 70.970000000000013 0.99094606287942044 0.99653827729370248
decision_type=2 2 2 2 2 2 2 2 2 2 2 2 2 2
left_child=4 6 -3 5 11 -4 7 -2 -9 -6 -11 -1 -8 -14
right_child=1 2 3 -5 9 -7 12 8 -10 10 -12 -13 13 -15
leaf_value=0.012702914582204834 0.19541993446453929 -0.076857593022384277 -0.026768105148113036 -0.18736943310365639 0.27792578805148777 0.026201766503548548 0.16202202618715508 -0.1701720777775404 0.036038796208997838 0.044292274941030399 -0.053445344922310262 -0.02781521956692894 -0.2355105588760571 0.37481078646075211
leaf_weight=52 37 15.999999999999998 641 9.9999999999999982 462 387 379 17.000000000000004 11.999999999999998 18 24 20 24 37
leaf_count=52 37 16 641 10 462 387 379 17 12 18 24 20 24 37
internal_value=0.0010206 0.000160257 -0.000882353 -0.000635838 0.00335069 -0.000496109 0.00233202 -0.00181818 -0.00706897 0.00400794 -0.000952381 -0.00125 0.00295455 -0.000737705
internal_weight=2136 1560 1054 1038 576 1028 506 66 29 504 42 72 440 61
internal_count=2136 1560 1054 1038 576 1028 506 66 29 504 42 72 440 61
is_linear=0
shrinkage=0.05


Tree=46
num_leaves=15
num_cat=0
split_feature=1 1 22 22 13 22 22 1 22 6 6 5 1 22
split_gain=1.74188 1.11016 1.07073 0.986651 2.8315 0.888889 0.772177 0.458661 0.490654 0.417602 0.409725 0.387086 0.504241 0.17245
threshold=67.27500000000002 84.490000000000009 0.61490419508004501 0.64166506163122816 0.52500000000000013 0.26347957579725428 0.28003368959032676 54.150000000000006 0.70517752626968588 30.380000000000006 13.005000000000001 420.44500000000005 66.265000000000015 0.26347957579725428
decision_type=2 2 2 2 2 2 2 2 2 2 2 2 2 2
left_child=2 5 11 4 -4 10 -7 -5 -9 -8 -2 12 13 -1
right_child=1 -3 3 7 -6 6 9 8 -10 -11 -12 -13 -14 -15
leaf_value=0.65242839704164357 -0.011866051149939303 -0.19910997945040099 0.08153508035390114 0.23626421959746932 -0.6273976621487094 -0.86352109840552649 -0.019241469630219499 0.20202777473400882 0.0084300245321957956 0.045642960905050656 0.2669298761382683 0.30990650066509279 -0.027032774692712837 0.037496897101347591
leaf_weight=45 17 11.999999999999998 25 103 12.999999999999998 9.9999999999999982 602 66 571 89 107 388 10.999999999999998 77
leaf_count=45 17 12 25 103 13 10 602 66 571 89 107 388 11 77
internal_value=0.00104401 -0.000734767 0.00219015 0.00101542 -0.0068421 -0.000515151 -0.00120542 0.00141892 0.000918368 -0.00100579 0.0033871 0.00394434 0.00161654 0.00254098
internal_weight=2136 837 1299 778 38 825 701 740 637 691 124 521 133 122
internal_count=2136 837 1299 778 38 825 701 740 637 691 124 521 133 122
is_linear=0
shrinkage=0.05


Tree=47
num_leaves=15
num_cat=0
split_feature=22 1 22 1 1 0 10 6 0 1 22 22 0 1
split_gain=1.86817 1.31069 1.43699 0.76692 0.678258 0.596952 0.574304 0.547867 0.493751 0.442619 0.337995 0.285384 0.253968 0.314053
threshold=0.44022217077093501 67.27500000000002 0.45560143098769151 82.530000000000015 54.150000000000006 25.785000000000004 -0.013599999999999998 13.005000000000001 25.975000000000005 79.030000000000015 0.99310419374700554 0.99094606287942044 26.280000000000005 70.970000000000013
decision_type=2 2 2 2 2 2 2 2 2 2 2 2 2 2
left_child=7 4 -3 5 10 -4 8 12 -6 -9 -2 -8 13 -1
right_child=1 2 3 -5 6 -7 11 9 -10 -11 -12 -13 -14 -15
leaf_value=0.0047828106020954223 0.34537782892018692 -0.096457600404727312 0.0083619158487197795 -0.16804546247595376 0.0012648669805692698 -0.080790833675299184 0.09299329964517529 0.24373770888700125 -0.072914407558904895 -0.035396286679291337 -0.0032285810273326998 -0.080320833289800733 0.07346992018653152 -0.049364384157249794
leaf_weight=41 145 12.999999999999998 395 9.9999999999999982 309 185 353 487 83 17 10.999999999999998 56 15.999999999999998 14.999999999999998
leaf_count=41 145 13 395 10 309 185 353 487 83 17 11 56 16 15
internal_value=0.00109082 0.000192308 -0.0016335 -0.00127119 0.00134274 -0.00103448 0.000755306 0.00352431 -0.000612245 0.00410714 0.00435897 0.00206601 -0.000555555 -0.00214286
internal_weight=2136 1560 603 590 957 580 801 576 392 504 156 409 72 56
internal_count=2136 1560 603 590 957 580 801 576 392 504 156 409 72 56
is_linear=0
shrinkage=0.05


Tree=48
num_leaves=15
num_cat=0
split_feature=4 23 23 9 23 4 6 23 23 6 23 23 5 23
split_gain=1.6514 1.16677 0.954635 2.8315 0.921739 0.982524 0.495343 0.461034 1.88904 0.406101 0.592804 0.566683 0.272153 0.271738
threshold=67.27500000000002 0.78855491365589059 0.76693674423623703 0.39500000000000007 0.92599062340417404 82.530000000000015 13.005000000000001 0.70897861563100306 0.69674355214024553 30.380000000000006 0.89014232404703397 0.18492372395086379 420.44500000000005 0.96462662938340349
decision_type=2 2 2 2 2 2 2 2 2 2 2 2 2 2
left_child=1 2 7 -4 5 9 -6 8 -1 10 -2 -11 13 -3
right_child=4 12 3 -5 6 -7 -8 -9 -10 11 -12 -13 -14 -15
leaf_value=0.025709499806115421 -0.031301259552166137 0.00041316998476526625 0.075560514169862272 -0.60067744402353274 -0.0071625686446705056 -0.18672142015621862 0.15715699807819192 0.19441910991511746 -0.048243524374277091 -0.055220394671183143 -0.033453574981306279 0.092733065226222114 0.28362975723426043 0.52804803472832706
leaf_weight=648 506 85 25 12.999999999999998 28 11.999999999999998 171 75 17 10.999999999999998 39 70 388 48
leaf_count=648 506 85 25 13 28 12 171 75 17 11 39 70 388 48
internal_value=0.000997191 0.00211316 0.00088689 -0.0068421 -0.000734767 -0.00166144 0.00223618 0.00128378 0.000864662 -0.00138978 -0.00188073 0.00191358 0.00394434 0.00199248
internal_weight=2136 1299 778 38 837 638 199 740 665 626 545 81 521 133
internal_count=2136 1299 778 38 837 638 199 740 665 626 545 81 521 133
is_linear=0
shrinkage=0.05


Tree=49
num_leaves=15
num_cat=0
split_feature=1 23 23 0 1 23 9 9 23 23 23 6 5 23
split_gain=1.62685 1.11824 0.811459 0.949076 1.08691 0.670506 2.12502 0.598643 0.486731 0.461034 1.27402 0.432353 0.272153 0.271738
threshold=67.27500000000002 0.78855491365589059 0.96901616890815878 27.935000000000006 82.530000000000015 0.76693674423623703 0.39500000000000007 0.39500000000000007 0.21861778653020106 0.70897861563100306 0.69674355214024553 13.005000000000001 420.44500000000005 0.96462662938340349
decision_type=2 2 2 2 2 2 2 2 2 2 2 2 2 2
left_child=1 5 3 4 8 9 -7 -5 -2 10 -1 -4 13 -3
right_child=2 12 11 7 -6 6 -8 -9 -10 -11 -12 -13 -14 -15
leaf_value=0.024424024815809645 -0.10014989103442709 0.00039251148552701991 -0.010088361447584465 -0.011916271561391398 -0.17738534914840776 0.07178248846136917 -0.57064357182235603 -0.084719374501113207 -0.00061192028769443409 0.1846981544193616 -0.045831348155563258 0.35957734552349896 0.2694482693725474 0.50164563299191078
leaf_weight=648 109 85 15.999999999999998 17.000000000000004 11.999999999999998 25 12.999999999999998 12.999999999999998 572 75 17 98 388 48
leaf_count=648 109 85 16 17 12 25 13 13 572 75 17 98 388 48
internal_value=0.00104401 0.00215166 -0.00067503 -0.00129322 -0.000916306 0.000951157 -0.00552632 -0.01 -0.000653451 0.00128378 0.000864662 0.00324561 0.00394434 0.00199248
internal_weight=2136 1299 837 723 693 778 38 30 681 740 665 114 521 133
internal_count=2136 1299 837 723 693 778 38 30 681 740 665 114 521 133
is_linear=0
shrinkage=0.05


Tree=50
num_leaves=15
num_cat=0
split_feature=1 22 22 6 0 22 9 22 1 1 22 22 1 1
split_gain=1.53893 1.03746 0.986431 0.751463 1.06822 0.625026 2.15863 0.584795 0.629762 0.570346 0.36447 0.897503 0.342374 0.240196
threshold=65.810000000000016 0.37744852145085445 0.61490419508004501 14.790000000000001 27.795000000000005 0.64166506163122816 0.39500000000000007 0.45560143098769151 69.825000000000003 80.65000000000002 0.70517752626968588 0.71726873870877716 70.070000000000007 75.685000000000016
decision_type=2 2 2 2 2 2 2 2 2 2 2 2 2 2
left_child=2 13 -1 4 9 6 -4 8 -5 -3 -7 -12 -9 -2
right_child=1 3 5 7 -6 10 -8 12 -10 -11 11 -13 -14 -15
leaf_value=0.21819687322190962 0.17953194836673692 -0.042867962992224312 0.087625283781583754 -0.099544282525348415 -0.10200837570689679 0.17748411972610897 -0.43217077350789418 0.035066740099347675 -0.012259433879661807 -0.18793742774516464 -0.029241493067280529 0.029812474598915329 -0.03934989498669722 -0.00096278780859699459
leaf_weight=451 196 157 23 11.999999999999998 9.9999999999999982 65 9.9999999999999982 238 28 13.999999999999998 15.999999999999998 580 294 42
leaf_count=451 196 157 23 12 10 65 10 238 28 14 16 580 294 42
internal_value=0.00104401 -0.000398587 0.00229258 -0.0013081 -0.00411602 0.00110951 -0.00560606 -0.00041958 -0.00625 -0.00318713 0.00144478 0.00105705 1.87972e-05 0.00247899
internal_weight=2136 991 1145 753 181 694 33 572 40 171 661 596 532 238
internal_count=2136 991 1145 753 181 694 33 572 40 171 661 596 532 238
is_linear=0
shrinkage=0.05


Tree=51
num_leaves=15
num_cat=0
split_feature=22 1 1 22 22 1 5 22 22 22 9 7 1 2
split_gain=1.4781 1.4493 0.706007 0.61201 1.63328 0.399046 0.356968 0.343958 0.320504 0.273921 0.2 0.198413 0.568182 0.0468512
threshold=0.24684749415872467 63.220000000000006 63.360000000000007 0.99781321377224363 0.97577266019832842 53.895000000000003 452.54500000000002 0.70517752626968588 0.99310419374700554 0.32917936166072764 0.37500000000000006 49.140000000000008 71.945000000000007 0.19000000000000003
decision_type=2 2 2 2 2 2 2 2 2 2 2 2 2 2
left_child=11 5 10 4 -4 8 9 -8 13 -7 -3 12 -1 -2
right_child=1 2 3 -5 -6 6 7 -9 -10 -11 -12 -13 -14 -15
leaf_value=0.55698276372230937 0.3936759436020898 -0.071258358016431461 -0.00032639193467267193 0.19476516371937905 -0.13998715193430938 -0.34431348492567826 0.1122144141208221 0.049852451985101104 -0.0070644519370080434 0.0039479803606172611 -0.038527585541788541 0.4500248591564382 -0.026770343135253762 0.30883823389033066
leaf_weight=25 154 10.000000000000002 913 48 126 11.999999999999998 123 231 10.999999999999998 191 9.9999999999999982 252 10.999999999999998 19
leaf_count=25 154 10 913 48 126 12 123 231 11 191 10 252 11 19
internal_value=0.000973783 0.000454546 -0.000691057 -0.000519779 -0.000774783 0.00216599 0.0014991 0.00245763 0.00418478 -0.000172414 -0.01 0.00430556 0.000833334 0.00471098
internal_weight=2136 1848 1107 1087 1039 741 557 354 184 203 20 288 36 173
internal_count=2136 1848 1107 1087 1039 741 557 354 184 203 20 288 36 173
is_linear=0
shrinkage=0.05


Tree=52
num_leaves=15
num_cat=0
split_feature=22 10 22 22 5 0 0 23 0 0 2 2 22 22
split_gain=1.61437 0.923521 0.961618 3.00833 2.17778 0.505151 0.537778 0.54 0.419514 0.95168 0.399212 0.828466 0.255551 0.2
threshold=0.24684749415872467 -0.10059999999999999 0.99094606287942044 0.99781321377224363 568.63000000000011 27.795000000000005 28.630000000000006 0.63255009372278048 24.295000000000005 24.185000000000006 2.2200000000000002 0.19000000000000003 0.86275003778655002 0.68037272099988588
decision_type=2 2 2 2 2 2 2 2 2 2 2 2 2 2
left_child=-1 5 8 4 -4 10 7 -7 9 -3 11 -2 -10 -8
right_child=1 2 3 -5 -6 6 13 -9 12 -11 -12 -13 -14 -15
leaf_value=0.37733747571492265 -0.0094130382580750113 0.045209216211894471 0.028657851992581019 0.5987214449794277 -0.22729240791955085 -0.064848161708713645 -0.043765229211110368 -0.035707683459369859 0.10674375591111514 -0.036667592940929382 0.022317289030917252 -0.15979848923497297 0.023489298908898844 0.20112341129651817
leaf_weight=288 595 465 24 60 36 15.000000000000002 10.000000000000002 9.9999999999999982 369 14.999999999999998 30 23 186 9.9999999999999982
leaf_count=288 595 465 24 60 36 15 10 10 369 15 30 23 186 10
internal_value=0.000997191 0.000454546 0.00132035 -0.00291667 -0.0108333 -0.000988456 -0.00611111 -0.011 0.00181159 0.000729167 -0.000632716 -0.000906149 0.00274775 1.86265e-10
internal_weight=2136 1848 1155 120 60 693 45 25 1035 480 648 618 555 20
internal_count=2136 1848 1155 120 60 693 45 25 1035 480 648 618 555 20
is_linear=0
shrinkage=0.05


Tree=53
num_leaves=15
num_cat=0
split_feature=1 1 22 0 22 22 13 13 7 22 22 22 22 22
split_gain=1.5467 1.15084 0.815549 0.969426 0.802904 0.638508 2.15863 0.594342 0.47322 0.452689 0.349125 0.91044 0.318428 0.827027
threshold=65.810000000000016 82.530000000000015 0.17963823861099873 27.755000000000006 0.61490419508004501 0.64166506163122816 0.52500000000000013 0.51000000000000012 49.140000000000008 0.97577266019832842 0.70517752626968588 0.71726873870877716 0.26347957579725428 0.45560143098769151
decision_type=2 2 2 2 2 2 2 2 2 2 2 2 2 2
left_child=4 2 -2 9 8 6 -6 -5 12 -4 -7 -12 -1 -14
right_child=1 -3 3 7 5 10 -8 -9 -10 -11 11 -13 13 -15
leaf_value=0.62350232154456975 0.21950081964650905 -0.14279564247101834 0.0017292929733495382 0.13595615213141696 0.074757492578013562 0.16472745565970753 -0.41787071239432233 -0.11389328902557827 0.24732347620884518 -0.061475043813727252 -0.027292446904279174 0.028269706533790292 -0.24742713774989256 0.16021650448755895
leaf_weight=18 86 15.999999999999998 716 17 23 65 9.9999999999999982 25 396 131 15.999999999999998 580 20 17
leaf_count=18 86 16 716 17 23 65 10 25 396 131 16 580 20 17
internal_value=0.000997191 -0.000449041 -0.000230769 -0.00068054 0.00224891 0.00118156 -0.00560606 -0.00809524 0.00389135 -0.000312869 0.00152042 0.00114094 -0.000454545 -0.00310811
internal_weight=2136 991 975 889 1145 694 33 42 451 847 661 596 55 37
internal_count=2136 991 975 889 1145 694 33 42 451 847 661 596 55 37
is_linear=0
shrinkage=0.05


Tree=54
num_leaves=15
num_cat=0
split_feature=1 23 1 0 23 23 0 10 1 5 0 1 1 23
split_gain=1.53118 0.882624 0.825006 0.795353 0.902693 0.742614 0.70211 0.393929 0.336117 0.456106 0.284817 0.450922 0.260181 0.200305
threshold=65.810000000000016 0.98369513783825568 82.530000000000015 25.965000000000003 0.21861778653020106 0.81922450700169669 24.825000000000003 -0.29389999999999994 61.320000000000007 739.99000000000012 22.120000000000001 58.07500000000001 54.150000000000006 0.13398478063445371
decision_type=2 2 2 2 2 2 2 2 2 2 2 2 2 2
left_child=5 2 3 6 -5 7 -2 10 13 -10 11 -1 -12 -9
right_child=1 -3 -4 4 -6 -7 -8 8 9 -11 12 -13 -14 -15
leaf_value=0.084190276259877503 -0.0075336452714511396 0.20952577772541045 -0.14752691329898812 -0.16909843255450008 -0.01547831162727413 0.22149850048914757 0.057440769924088114 0.0070403841472260588 -0.018478905975861402 0.069994479390552519 0.16791088977069002 -0.1462417648004638 -0.013969077115516745 0.14940075680486839
leaf_weight=12.000000000000002 452 88 13.999999999999998 40 186 413 211 52 148 76 23 10.999999999999998 130 280
leaf_count=12 452 88 14 40 186 413 211 52 148 76 23 11 130 280
internal_value=0.00109082 -0.000348133 -0.000813953 -0.000624297 -0.00318584 0.00233624 0.000248869 0.00137978 0.00203237 0.000535714 -0.000681818 -0.00586956 9.80394e-05 0.00304217
internal_weight=2136 991 903 889 226 1145 663 732 556 224 176 23 153 332
internal_count=2136 991 903 889 226 1145 663 732 556 224 176 23 153 332
is_linear=0
shrinkage=0.05


Tree=55
num_leaves=15
num_cat=0
split_feature=1 22 22 23 22 6 22 5 22 11 1 22 9 10
split_gain=1.34564 0.891503 0.875091 1.19737 0.721917 0.494498 0.450356 1.18893 1.04237 0.437247 0.422589 0.52172 0.72047 0.478639
threshold=65.810000000000016 0.37744852145085445 0.45560143098769151 0.89784768270548698 0.57340843044527534 13.005000000000001 0.86275003778655002 380.89500000000004 0.78523795966413312 -0.98919999999999997 54.150000000000006 0.64166506163122816 0.39500000000000007 1.0000000180025095e-35
decision_type=2 2 2 2 2 2 2 2 2 2 2 2 2 2
left_child=4 -2 3 -3 5 -1 8 -8 -4 -5 -6 12 -12 -13
right_child=1 2 6 9 10 -7 7 -9 -10 -11 11 13 -14 -15
leaf_value=0.0044790351190310161 0.077576485615721447 -0.080886289221689112 -0.013562411373970166 0.089624373289162243 0.21007986101302653 0.26398674868006505 -0.14735091707407416 -0.01094594872317311 0.11203157116289991 -0.050443671503079268 0.011799010553803602 -0.00046749004286023959 -0.21126167021925957 0.099919056239836324
leaf_weight=52 238 13.999999999999998 278 11.999999999999995 126 361 44 286 93 26.000000000000004 31 343 17 215
leaf_count=52 238 14 278 12 126 361 44 286 93 26 31 343 17 215
internal_value=0.000950375 -0.000398587 -0.0012417 -0.0075 0.0021179 0.00378935 -0.000777461 -0.00212121 0.00041779 -0.00289474 0.00117486 0.000627063 -0.004375 0.00105735
internal_weight=2136 991 753 52 1145 413 701 330 371 38 732 606 48 558
internal_count=2136 991 753 52 1145 413 701 330 371 38 732 606 48 558
is_linear=0
shrinkage=0.05


Tree=56
num_leaves=15
num_cat=0
split_feature=1 1 23 23 6 6 1 1 23 23 20 1 23 23
split_gain=1.3599 0.883139 0.72863 0.632665 0.613276 0.535355 0.692641 0.508393 0.496032 0.398925 0.353451 0.343031 0.348007 0.305265
threshold=63.220000000000006 63.300000000000004 0.96901616890815878 0.81922450700169669 13.005000000000001 13.005000000000001 71.945000000000007 82.530000000000015 0.96901616890815878 0.95995164131966326 15014.405000000001 54.150000000000006 0.065534810592492068 0.13398478063445371
decision_type=2 2 2 2 2 2 2 2 2 2 2 2 2 2
left_child=3 -2 7 10 8 6 -4 9 -5 -3 11 13 -13 -1
right_child=1 2 5 4 -6 -7 -8 -9 -10 -11 -12 12 -14 -15
leaf_value=-0.036616101134386091 -0.092005876974345618 -0.0020839884326440731 0.32381155464153571 -0.23645465333461299 0.26175746214330076 0.30775400784235396 -0.047887306754092432 -0.14259483799229342 0.66592115098722937 -0.01754611640244693 0.18261542945200734 0.34746941582888158 -0.014951917834231332 0.16914383208819522
leaf_weight=9.9999999999999982 9.9999999999999982 1053 10.000000000000002 21 272 150 10.999999999999998 12.999999999999998 14.999999999999998 32 202 26 238 73
leaf_count=10 10 1053 10 21 272 150 11 13 15 32 202 26 238 73
internal_value=0.000833334 -0.000199374 -8.27421e-05 0.00237456 0.00418831 0.00295322 -0.00452381 -0.000555555 -0.00194444 -0.000437788 0.00135701 0.000389049 -0.000492424 0.00319277
internal_weight=2136 1279 1269 857 308 171 21 1098 36 1085 549 347 264 83
internal_count=2136 1279 1269 857 308 171 21 1098 36 1085 549 347 264 83
is_linear=0
shrinkage=0.05


Tree=57
num_leaves=15
num_cat=0
split_feature=1 0 22 1 9 1 22 22 0 22 22 6 22 0
split_gain=1.38648 0.901754 0.841152 0.814118 0.719343 0.625108 0.564347 2.3702 0.489712 0.395858 1.34441 1.56122 0.477429 0.389452
threshold=65.725000000000009 27.755000000000006 0.57340843044527534 82.530000000000015 0.39500000000000007 71.740000000000023 0.97577266019832842 0.97938885712668811 23.975000000000005 0.99781321377224363 0.99094606287942044 16.055000000000003 0.78523795966413312 29.235000000000003
decision_type=2 2 2 2 2 2 2 2 2 2 2 2 2 2
left_child=2 3 -1 6 13 -6 8 -8 -2 10 12 -12 -4 -3
right_child=1 4 9 -5 5 -7 7 -9 -10 -11 11 -13 -14 -15
leaf_value=0.2035958637241575 -0.0068261025895281673 -0.0624006592083503 -0.0056227977708070663 -0.12262497067100769 -0.072535707920257361 -0.069121048693496889 -0.28750339205058512 -0.0040299345760389464 0.028876839026673679 0.45813554487323271 0.1040618223664973 -0.20900280616926434 0.048529492660766824 0.23553118499788117
leaf_weight=411 309 17.000000000000004 217 14.999999999999998 11.000000000000002 9.9999999999999982 14.999999999999998 117 493 59 17 32 401 11.999999999999998
leaf_count=411 309 17 217 15 11 10 15 117 493 59 17 32 401 12
internal_value=0.000903558 -0.000455455 0.00209763 -0.000110643 -0.007 -0.0140476 7.49467e-05 -0.00295455 0.000573566 0.00107438 0.000727137 -0.0072449 0.00135922 -0.00189655
internal_weight=2136 999 1137 949 50 21 934 132 802 726 667 49 618 29
internal_count=2136 999 1137 949 50 21 934 132 802 726 667 49 618 29
is_linear=0
shrinkage=0.05


Tree=58
num_leaves=15
num_cat=0
split_feature=4 22 4 22 0 6 13 4 22 4 20 22 22 22
split_gain=1.3189 0.927623 0.706007 0.632665 0.629581 0.613276 0.540643 0.536456 0.496032 0.393445 0.48086 0.493721 0.377105 0.349139
threshold=63.220000000000006 0.24684749415872467 63.360000000000007 0.57340843044527534 28.345000000000002 13.005000000000001 0.51000000000000012 82.530000000000015 0.26347957579725428 54.150000000000006 15014.405000000001 0.64166506163122816 0.88768027107944258 0.060169887675273891
decision_type=2 2 2 2 2 2 2 2 2 2 2 2 2 2
left_child=3 13 -3 5 7 8 -6 -4 -1 -5 12 -12 -11 -2
right_child=1 2 4 9 6 -7 -8 -9 -10 10 11 -13 -14 -15
leaf_value=0.62244530025166012 -0.028887321799014872 -0.077137099074039372 -0.00089172902207847844 0.19004600949004896 0.15468178656329462 0.23848979584992783 -0.074657126395815385 -0.1293338475591283 -0.23481171385409028 0.01838176022115005 -0.075810725177478139 0.20241982459060304 -0.07967112195147702 0.34804892523419623
leaf_weight=14.999999999999998 18 20 1036 126 18 272 20 12.999999999999998 21 123 12.999999999999998 146 141 154
leaf_count=15 18 20 1036 126 18 272 20 13 21 123 13 146 141 154
internal_value=0.000856742 -0.000160281 -0.000691057 0.00237456 -0.000519779 0.00418831 -0.0068421 -0.000290753 -0.00194444 0.00135701 0.000626478 0.00279874 -0.000681818 0.00325581
internal_weight=2136 1279 1107 857 1087 308 38 1049 36 549 423 159 264 172
internal_count=2136 1279 1107 857 1087 308 38 1049 36 549 423 159 264 172
is_linear=0
shrinkage=0.05


Tree=59
num_leaves=15
num_cat=0
split_feature=1 22 1 22 22 20 0 6 22 13 0 22 22 1
split_gain=1.31359 0.811349 0.638227 0.555647 0.521788 0.94697 0.532577 0.458869 0.414713 1.24654 0.496032 0.477952 1.25988 0.23262
threshold=67.27500000000002 0.57340843044527534 82.530000000000015 0.24684749415872467 0.28003368959032676 9521.0200000000023 25.785000000000004 13.005000000000001 0.64166506163122816 0.52500000000000013 24.375000000000004 0.70517752626968588 0.71726873870877716 60.570000000000007
decision_type=2 2 2 2 2 2 2 2 2 2 2 2 2 2
left_child=1 -1 3 7 5 -5 -6 -2 9 13 -11 -10 -13 -3
right_child=2 8 -4 4 6 -7 -8 -9 11 10 -12 12 -14 -15
leaf_value=0.15726801938284068 -0.056324744410410355 0.15230912338554861 -0.10360696704866537 0.072317914253329355 0.0070996445773806984 -0.85300285715665591 -0.030453763157174393 0.24994065371715779 0.15405516156900537 -0.39799729306021453 -0.046993695216594501 -0.051630840908263267 0.016608569251759433 -0.0013072337230863929
leaf_weight=480 13.999999999999998 29 15.999999999999998 12.000000000000002 472 9.9999999999999982 216 97 75 10.000000000000002 18 17 648 22
leaf_count=480 14 29 16 12 472 10 216 97 75 10 18 17 648 22
internal_value=0.000809925 0.00180523 -0.000734767 -0.000542022 -0.00105634 -0.00863636 -0.000813953 0.00274775 0.000848596 -0.00259494 -0.0110714 0.00121622 0.000789474 0.00205882
internal_weight=2136 1299 837 821 710 22 688 111 819 79 28 740 665 51
internal_count=2136 1299 837 821 710 22 688 111 819 79 28 740 665 51
is_linear=0
shrinkage=0.05


Tree=60
num_leaves=15
num_cat=0
split_feature=23 1 23 9 10 23 23 1 5 23 0 1 0 5
split_gain=1.23591 1.05131 1.04438 2.22727 0.899304 1.97607 0.505833 0.309354 0.471429 0.29946 0.219797 0.309677 0.0848523 0.225225
threshold=0.96462662938340349 53.895000000000003 0.95995164131966326 0.37500000000000006 -0.29389999999999994 0.42957308670649791 0.065534810592492068 76.065000000000012 452.54500000000002 0.1169191230723063 21.945000000000004 64.715000000000018 22.925000000000004 420.44500000000005
decision_type=2 2 2 2 2 2 2 2 2 2 2 2 2 2
left_child=1 9 4 -4 5 -3 -6 10 -9 -1 11 -2 13 -11
right_child=7 2 3 -5 6 -7 -8 8 -10 12 -12 -13 -14 -15
leaf_value=-0.0056678908176607708 0.53030279243405021 -0.1360543509013897 0.56563416349273399 -0.86622435862885416 0.57144380908580794 0.015708849654682156 0.010941509219383137 -0.022625911868531339 0.12919047469210529 0.020204445334244571 0.29423472594890893 -0.049359273613457488 0.33615028060688928 0.28890576027847847
leaf_weight=10.999999999999998 16.000000000000004 140 11.000000000000002 10.999999999999998 66 269 1144 10.000000000000002 10.999999999999998 11.999999999999998 260 14.999999999999998 135 25
leaf_count=11 16 140 11 11 66 269 1144 10 11 12 260 15 135 25
internal_value=0.000809925 0.0003125 -8.83606e-05 -0.0109091 5.86784e-05 -0.00196821 0.000743802 0.00371795 -0.00214286 0.0039071 0.00414089 0.000161291 0.0044186 0.0022973
internal_weight=2136 1824 1641 22 1619 409 1210 312 21 183 291 31 172 37
internal_count=2136 1824 1641 22 1619 409 1210 312 21 183 291 31 172 37
is_linear=0
shrinkage=0.05


Tree=61
num_leaves=15
num_cat=0
split_feature=22 4 6 4 0 0 22 6 21 22 22 4 5 0
split_gain=1.24801 1.06538 0.629762 0.594149 0.536508 0.535049 0.866959 0.683492 0.243028 0.372754 1.34118 0.323709 0.321428 0.307513
threshold=0.37744852145085445 60.570000000000007 13.005000000000001 82.530000000000015 23.915000000000003 25.785000000000004 0.97577266019832842 30.380000000000006 12333.330000000002 0.99094606287942044 0.99653827729370248 56.735000000000007 679.98000000000013 26.155000000000005
decision_type=2 2 2 2 2 2 2 2 2 2 2 2 2 2
left_child=2 8 4 5 -1 7 -7 -3 9 12 -11 -10 -2 -13
right_child=1 3 -4 -5 -6 6 -8 -9 11 10 -12 13 -14 -15
leaf_value=-0.096375908638903274 -0.012188588320733024 -0.0040326347685878386 0.20177419829717272 -0.12413349589514822 0.041069986119731901 -0.0096534985822030808 -0.099426016692871794 0.090737677659619431 0.24939235681119498 -0.27557175753744168 0.092018850451531714 -0.0025925722545286482 0.083027584946297486 0.19765368144814557
leaf_weight=18 54 722 420 11.999999999999998 42 251 59 117 155 14.999999999999998 19 68 151 33
leaf_count=18 54 722 420 12 42 251 59 117 155 15 19 68 151 33
internal_value=0.00088015 0.000229469 0.003125 -0.000598622 -0.00166667 -0.000483029 -0.00225806 0.000172825 0.00217172 0.0010251 -0.00382353 0.00324219 0.00182927 0.0010396
internal_weight=2136 1656 480 1161 60 1149 310 839 495 239 34 256 205 101
internal_count=2136 1656 480 1161 60 1149 310 839 495 239 34 256 205 101
is_linear=0
shrinkage=0.05


Tree=62
num_leaves=15
num_cat=0
split_feature=22 4 6 4 4 22 22 22 4 5 6 4 22 3
split_gain=1.24801 1.17907 0.629762 0.589534 0.511127 0.456744 0.355556 0.952778 0.262615 0.281966 0.216071 0.307009 0.277319 0.166667
threshold=0.37744852145085445 60.570000000000007 13.005000000000001 82.530000000000015 60.705000000000005 0.99781321377224363 0.2965049369093406 0.17963823861099873 54.150000000000006 380.89500000000004 18.480000000000004 64.390000000000015 0.26347957579725428 60.000000000000007
decision_type=2 2 2 2 2 2 2 2 2 2 2 2 2 2
left_child=2 8 6 4 -3 -6 7 -1 -2 13 -4 -12 -13 -10
right_child=1 3 10 -5 5 -7 -8 -9 9 -11 11 12 -14 -15
leaf_value=0.23567143645054026 0.23615132837828534 -0.063122787494882635 0.24443928410926974 -0.11792682110039082 -0.0064597767325135008 0.22327775484272189 0.087659651053981685 -0.18280451867471259 -0.031915515082946599 0.068299103026144711 0.29117267492730886 0.14567803894459719 -0.050959725251099597 0.070641285131321688
leaf_weight=24 173 12.999999999999998 240 11.999999999999998 1082 54 14.999999999999998 21 25 282 73 67 40 14.999999999999998
leaf_count=24 173 13 240 12 1082 54 15 21 25 282 73 67 40 15
internal_value=0.00088015 0.000229469 0.003125 -0.000641688 -0.000526545 -0.000413732 -0.00166667 -0.00388889 0.00227273 0.00142857 0.00380952 0.0025 0.000794393 -0.0025
internal_weight=2136 1656 480 1161 1149 1136 60 45 495 322 420 180 107 40
internal_count=2136 1656 480 1161 1149 1136 60 45 495 322 420 180 107 40
is_linear=0
shrinkage=0.05


Tree=63
num_leaves=15
num_cat=0
split_feature=22 1 10 1 1 1 1 1 1 22 1 1 1 7
split_gain=1.25589 1.05804 0.704503 1.19956 0.781578 0.550443 0.284388 0.279386 0.256749 0.256677 0.228293 0.320866 0.140046 0.225957
threshold=0.26347957579725428 59.730000000000011 1.0000000180025095e-35 59.980000000000011 82.530000000000015 72.235000000000014 52.970000000000006 72.745000000000019 63.905000000000008 0.060169887675273891 58.430000000000007 58.210000000000008 70.250000000000014 55.750000000000007
decision_type=2 2 2 2 2 2 2 2 2 2 2 2 2 2
left_child=9 6 3 -3 -5 8 -2 -7 -4 -1 11 -8 -11 -14
right_child=1 2 5 4 -6 7 10 -9 -10 12 -12 -13 13 -15
leaf_value=-0.033213261928233893 0.34964721782254343 -0.17511721097487748 0.13926398029977524 -0.010746121396559428 -0.1290162474533407 -0.022761703067764844 0.054884834153736295 -0.01212885311287666 0.023391397191440615 0.4088119034315969 0.051571953998719069 -0.046836424868385067 -0.04198890313679015 0.10662559180002246
leaf_weight=24 134 10.999999999999998 125 817 9.9999999999999982 9.9999999999999982 226 104 266 216 102 19 21 51
leaf_count=24 134 11 125 817 10 10 226 104 266 216 102 19 21 51
internal_value=0.000786517 0.000285088 -0.000435592 -0.00132458 -0.00110641 0.0010396 0.0022973 -0.00201754 0.00193095 0.00371795 0.00154179 0.000714286 0.00413194 0.00222222
internal_weight=2136 1824 1343 838 827 505 481 114 391 312 347 245 288 72
internal_count=2136 1824 1343 838 827 505 481 114 391 312 347 245 288 72
is_linear=0
shrinkage=0.05


Tree=64
num_leaves=15
num_cat=0
split_feature=22 1 10 1 22 22 22 22 22 22 22 9 1 1
split_gain=1.25367 0.946681 0.720841 0.74305 0.585526 2.70048 0.353164 0.320491 0.27979 0.265467 0.106061 0.277778 0.494017 0.0964286
threshold=0.24684749415872467 53.895000000000003 -0.10059999999999999 82.530000000000015 0.99094606287942044 0.99781321377224363 0.89546819317495652 0.98271523713537257 0.99310419374700554 0.060169887675273891 0.17963823861099873 0.39500000000000007 70.250000000000014 67.27500000000002
decision_type=2 2 2 2 2 2 2 2 2 2 2 2 2 2
left_child=9 8 3 7 6 -6 -4 -3 -2 13 -11 -12 -13 -1
right_child=1 2 4 -5 5 -7 -8 -9 -10 10 11 12 -14 -15
leaf_value=0.028821934066175916 0.27010485735814788 -0.01643566914421114 0.0089596891590857843 -0.1225654350806737 -0.16247422947468754 0.50870105904388241 0.073277838455585137 0.022208539892218535 -0.0061577168003830954 0.60875419801183528 0.28377682766728696 0.38622677309231168 -0.12925309025938056 -0.047333711969055996
leaf_weight=14.000000000000002 173 528 674 9.9999999999999982 54 55 256 87 10.999999999999998 168 60 26 9.9999999999999982 9.9999999999999982
leaf_count=14 173 528 674 10 54 55 256 87 11 168 60 26 10 10
internal_value=0.000716292 0.000238095 -0.000138221 -0.00148 0.000668913 -0.00279816 0.00107527 -0.00126016 0.0036413 0.00378472 0.00424242 0.00291667 -0.000555555 -0.00125
internal_weight=2136 1848 1664 625 1039 109 930 615 184 288 264 96 36 24
internal_count=2136 1848 1664 625 1039 109 930 615 184 288 264 96 36 24
is_linear=0
shrinkage=0.05


Tree=65
num_leaves=15
num_cat=0
split_feature=22 1 10 0 0 22 22 1 22 22 9 1 1 22
split_gain=1.21571 0.916799 0.601456 0.504343 0.907124 0.436022 1.86142 0.33875 0.265467 0.106061 0.277778 0.494017 0.0964286 0.0618338
threshold=0.24684749415872467 52.970000000000006 -0.10059999999999999 26.875000000000004 27.175000000000004 0.99781321377224363 0.99094606287942044 80.65000000000002 0.060169887675273891 0.17963823861099873 0.39500000000000007 70.250000000000014 67.27500000000002 0.9884946951290402
decision_type=2 2 2 2 2 2 2 2 2 2 2 2 2 2
left_child=8 13 3 7 -5 6 -4 -3 12 -10 -11 -12 -1 -2
right_child=1 2 5 4 -6 -7 -8 -9 9 10 11 -13 -14 -15
leaf_value=0.027380837362867116 0.31715427697358983 -0.007948539547154387 0.024399256692407858 -0.037169197357186733 -0.013964897653887599 0.48451349256561377 -0.1501582467412533 -0.10663027357385749 0.57831648811124348 0.26958798628392261 0.36691543443769614 -0.12279043574641153 -0.044967026370603194 0.38531287146119975
leaf_weight=14.000000000000002 123 534 959 13.999999999999998 73 56 56 21 168 60 26 9.9999999999999982 9.9999999999999982 11.999999999999998
leaf_count=14 123 534 959 14 73 56 56 21 168 60 26 10 10 12
internal_value=0.000763109 0.000292208 -2.04318e-05 -0.00123053 -0.00477011 0.000704949 0.00046798 -0.000675675 0.00378472 0.00424242 0.00291667 -0.000555555 -0.00125 0.00425926
internal_weight=2136 1848 1713 642 87 1071 1015 555 288 264 96 36 24 135
internal_count=2136 1848 1713 642 87 1071 1015 555 288 264 96 36 24 135
is_linear=0
shrinkage=0.05


Tree=66
num_leaves=15
num_cat=0
split_feature=22 1 22 22 9 5 7 22 22 9 1 1 22 6
split_gain=1.17833 0.979214 0.581692 0.887551 1.69312 0.533595 0.31968 0.265467 0.106061 0.277778 0.494017 0.0964286 0.0796849 0.0379919
threshold=0.24684749415872467 53.080000000000005 0.99781321377224363 0.99310419374700554 0.24500000000000002 739.99000000000012 114.54000000000001 0.060169887675273891 0.17963823861099873 0.39500000000000007 70.250000000000014 67.27500000000002 0.99094606287942044 13.005000000000001
decision_type=2 2 2 2 2 2 2 2 2 2 2 2 2 2
left_child=7 12 3 5 -5 -3 -4 11 -9 -10 -11 -1 13 -2
right_child=1 2 6 4 -6 -7 -8 8 9 10 -12 -13 -14 -15
leaf_value=0.026011795494723756 0.35809479945793099 -0.0049885706911636084 0.49428634465711929 -0.19332131799413699 -0.055991981466955193 0.052818768775415727 -0.0093616149837139617 0.5494006637056813 0.25610858696972649 0.3485696627158113 -0.11665091395909095 -0.042718675052073031 -0.031493079190699526 0.29476132764484186
leaf_weight=14.000000000000002 22 1144 80 15.999999999999998 54 399 10.999999999999998 168 60 26 9.9999999999999982 9.9999999999999982 9.9999999999999982 112
leaf_count=14 22 1144 80 16 54 399 11 168 60 26 10 10 10 112
internal_value=0.000809925 0.000346321 1.17373e-05 -0.000207687 -0.00571429 4.21259e-05 0.0039011 0.00378472 0.00424242 0.00291667 -0.000555555 -0.00125 0.00430556 0.00462687
internal_weight=2136 1848 1704 1613 70 1543 91 288 264 96 36 24 144 134
internal_count=2136 1848 1704 1613 70 1543 91 288 264 96 36 24 144 134
is_linear=0
shrinkage=0.05


Tree=67
num_leaves=15
num_cat=0
split_feature=23 1 1 2 1 3 7 23 23 0 10 23 23 9
split_gain=1.19695 0.830772 0.607717 0.41036 0.406811 0.300412 0.392291 0.304424 0.265467 0.178179 0.54 0.206744 0.106061 0.277778
threshold=0.96901616890815878 59.730000000000011 59.980000000000011 5.3350000000000009 76.795000000000016 36.000000000000007 49.140000000000008 0.81922450700169669 0.99815109357002252 21.440000000000005 -0.29389999999999994 0.13398478063445371 0.98369513783825568 0.39500000000000007
decision_type=2 2 2 2 2 2 2 2 2 2 2 2 2 2
left_child=1 5 -3 4 -4 6 -1 -8 12 10 -7 -11 13 -2
right_child=8 2 3 -5 -6 9 7 -9 -10 11 -12 -13 -14 -15
leaf_value=-0.065519568909824272 0.24330315762124016 -0.13989014535941569 -0.00057672438207864685 0.078982896707333231 -0.040219855001751653 -0.068203090154771107 -0.000546130009422792 0.18016507887628352 -0.028060138239227508 0.0032322458850006248 0.18964021194171848 0.14818766449208925 0.52193063052039734 -0.0047814785656538766
leaf_weight=17 60 17 1187 37 124 10.000000000000002 119 40 24 41 14.999999999999998 241 168 36
leaf_count=17 60 17 1187 37 124 10 119 40 24 41 15 241 168 36
internal_value=0.000786517 0.000319264 -0.000311355 -0.000192878 -0.000339435 0.00210145 0.000454546 0.00122642 0.00378472 0.0030456 -0.001 0.00340426 0.00424242 0.00291667
internal_weight=2136 1848 1365 1348 1311 483 176 159 288 307 25 282 264 96
internal_count=2136 1848 1365 1348 1311 483 176 159 288 307 25 282 264 96
is_linear=0
shrinkage=0.05


Tree=68
num_leaves=15
num_cat=0
split_feature=1 1 22 7 22 22 7 22 22 22 0 20 22 22
split_gain=0.86115 0.89719 0.579011 0.51974 0.496032 0.491708 0.518454 0.801566 0.409449 0.922853 0.440711 0.404838 0.536373 0.421354
threshold=63.220000000000006 63.300000000000004 0.57340843044527534 49.140000000000008 0.26347957579725428 0.37744852145085445 92.320000000000007 0.077330756371236084 0.45560143098769151 0.42471264173135381 26.875000000000004 15014.405000000001 0.64166506163122816 0.99653827729370248
decision_type=2 2 2 2 2 2 2 2 2 2 2 2 2 2
left_child=2 -2 3 4 -1 6 -3 -8 9 -7 -10 13 -13 -4
right_child=1 5 11 -5 -6 8 7 -9 10 -11 -12 12 -14 -15
leaf_value=0.45314908517883695 -0.068046882634027625 0.077138419630624955 -0.0048472558599006619 0.19353983745249703 -0.17166391574846887 0.019627209764330897 -0.029864315905050943 0.06062913068559625 0.0051960673554095659 -0.03544581986405277 -0.035318813481604421 -0.023806058126321906 0.17954283096711751 0.07241965209101997
leaf_weight=14.999999999999998 9.9999999999999982 225 310 272 21 41 9.9999999999999982 63 805 23 102 20 182 37
leaf_count=15 10 225 310 272 21 41 10 63 805 23 102 20 182 37
internal_value=0.000739701 -8.20952e-05 0.00196616 0.0037013 -0.00194444 3.54612e-05 0.00181208 -0.00184931 -0.000509784 -0.004375 -0.000237045 0.000992714 0.00277228 -4.32275e-05
internal_weight=2136 1279 857 308 36 1269 298 73 971 64 907 549 202 347
internal_count=2136 1279 857 308 36 1269 298 73 971 64 907 549 202 347
is_linear=0
shrinkage=0.05


Tree=69
num_leaves=15
num_cat=0
split_feature=1 1 23 10 23 23 23 10 0 0 23 23 6 0
split_gain=0.829081 0.88781 0.659506 0.44587 1.51176 0.604077 1.01791 0.439439 0.408429 0.372686 0.371826 1.1403 0.295476 0.31746
threshold=63.220000000000006 63.300000000000004 0.81922450700169669 -0.10059999999999999 0.99696839222562084 0.96901616890815878 0.95995164131966326 -0.29389999999999994 27.935000000000006 22.120000000000001 0.44504239796885176 0.46038001402560286 13.005000000000001 24.935000000000006
decision_type=2 2 2 2 2 2 2 2 2 2 2 2 2 2
left_child=2 -2 7 4 8 6 -5 9 -3 -1 -9 -12 13 -4
right_child=1 3 12 5 -6 -7 -8 10 -10 -11 11 -13 -14 -15
leaf_value=-0.057212693628936176 -0.064644538502326238 -0.0087672040020968043 -0.16308071996104545 0.013318440072250724 -0.04120366724123764 0.21327533175091928 -0.63011502625599736 0.1699994088204993 -0.042105838733553197 -0.0049916962805395815 -0.14895395226244698 0.047223747515652385 0.1838628455798722 0.17243223634210247
leaf_weight=19 9.9999999999999982 433 21 664 12.999999999999998 111 23 210 25 116 12.999999999999998 191 272 14.999999999999998
leaf_count=19 10 433 21 664 13 111 23 210 25 116 13 191 272 15
internal_value=0.000646068 -0.000160281 0.00184948 -4.3341e-05 -0.00126327 0.000676692 0.000123727 0.000810565 -0.000786026 -0.00166667 0.00161836 9.80394e-05 0.0037013 -0.000555555
internal_weight=2136 1279 857 1269 471 798 687 549 458 135 414 204 308 36
internal_count=2136 1279 857 1269 471 798 687 549 458 135 414 204 308 36
is_linear=0
shrinkage=0.05


Tree=70
num_leaves=15
num_cat=0
split_feature=22 22 9 1 1 1 22 0 7 2 22 6 22 22
split_gain=0.847041 0.942113 2.04167 0.702791 0.539341 0.526647 0.768182 0.524335 0.395455 0.294778 0.297392 0.210745 0.609677 0.232301
threshold=0.26347957579725428 0.28003368959032676 0.37500000000000006 60.570000000000007 60.705000000000005 71.945000000000007 0.077330756371236084 26.875000000000004 55.750000000000007 3.8650000000000007 0.57340843044527534 30.380000000000006 0.19653276579064646 0.060169887675273891
decision_type=2 2 2 2 2 2 2 2 2 2 2 2 2 2
left_child=5 2 -2 9 -5 11 -7 -6 -8 10 -3 13 -13 -1
right_child=1 3 -4 4 7 6 8 -9 -10 -11 -12 12 -14 -15
leaf_value=-0.026666316061820208 0.54901374324562968 0.18975906339195867 -0.79962281712452676 -0.046853791395952755 0.0049893815638863909 -0.02107238713913917 -0.020232969787491058 -0.02296687753989703 0.16998829931557313 -0.0044496657030870029 0.025090353731982873 1.0045245024613558 -0.11768480870135732 0.31992296434288875
leaf_weight=15.999999999999998 12.000000000000002 127 11.999999999999998 12.999999999999998 1109 10.999999999999998 14.999999999999998 144 29 14.999999999999998 392 21.000000000000004 9.9999999999999982 210
leaf_count=16 12 127 12 13 1109 11 15 144 29 15 392 21 10 210
internal_value=0.000669476 0.000257676 -0.00958333 0.000388889 -0.000252764 0.00307692 -0.00136364 -0.000147645 0.00159091 0.00191011 0.00210983 0.00402724 0.000161291 0.00455752
internal_weight=2136 1824 24 1800 1266 312 55 1253 44 534 519 257 31 226
internal_count=2136 1824 24 1800 1266 312 55 1253 44 534 519 257 31 226
is_linear=0
shrinkage=0.05


Tree=71
num_leaves=15
num_cat=0
split_feature=22 1 22 22 20 5 22 1 7 0 22 9 22 1
split_gain=0.880152 0.774074 0.568688 1.43555 1.47826 0.568974 0.469444 0.955263 0.354545 0.294737 0.26047 0.111111 0.266667 0.494017
threshold=0.24684749415872467 53.895000000000003 0.99781321377224363 0.99310419374700554 16775.780000000002 739.99000000000012 0.077330756371236084 72.580000000000013 114.54000000000001 22.380000000000006 0.99310419374700554 0.39500000000000007 0.17963823861099873 70.250000000000014
decision_type=2 2 2 2 2 2 2 2 2 2 2 2 2 2
left_child=6 10 3 5 -5 -3 7 9 -4 -1 -2 -8 -13 -14
right_child=1 2 8 4 -6 -7 11 -9 -10 -11 -12 12 13 -15
leaf_value=-0.054074354052083044 0.21596275199821632 -0.0051525570199268894 0.4594719503885541 -0.1575765039400249 0.39205080560753669 0.047439342739923812 0.37884194412902295 -0.022277654667871395 -0.0082864014480292982 0.18889388027830029 -0.0064410022501478542 0.50621072736659756 0.29803529082453761 -0.11352661359190193
leaf_weight=9.9999999999999982 173 1114 78 51 18 393 150 9.9999999999999982 9.9999999999999982 28 10.999999999999998 54 26 9.9999999999999982
leaf_count=10 173 1114 78 51 18 393 150 10 10 28 11 54 26 10
internal_value=0.000692884 0.000292208 -4.80767e-05 -0.000266497 -0.00731884 5.64036e-05 0.00326389 -0.00125 0.00386364 0.00236842 0.00336957 0.00416667 0.00277778 -0.000555555
internal_weight=2136 1848 1664 1576 69 1507 288 48 88 38 184 240 90 36
internal_count=2136 1848 1664 1576 69 1507 288 48 88 38 184 240 90 36
is_linear=0
shrinkage=0.05


Tree=72
num_leaves=15
num_cat=0
split_feature=22 22 22 21 6 22 22 9 6 22 1 22 1 1
split_gain=0.820417 1.12691 1.33333 0.666667 0.646998 0.55421 1.41846 2.44907 0.538509 0.751553 0.459073 0.414827 0.519231 0.416667
threshold=0.42471264173135381 0.45560143098769151 0.44022217077093501 12333.330000000002 13.005000000000001 0.99781321377224363 0.99310419374700554 0.24500000000000002 24.295000000000005 0.077330756371236084 53.080000000000005 0.26347957579725428 71.945000000000007 64.390000000000015
decision_type=2 2 2 2 2 2 2 2 2 2 2 2 2 2
left_child=4 2 -2 -4 11 6 10 -8 -6 -10 -3 12 -1 -13
right_child=1 5 3 -5 8 -7 7 -9 9 -11 -12 13 -14 -15
leaf_value=0.289226945198643 0.035940726309235005 0.20597429586841021 -0.013090640885502542 -0.09401735717093751 0.12844092696139711 0.20835216816067903 -0.24280518953765792 -0.043002402255850898 -0.018554884185266341 0.091061314953042691 0.0025719175597057713 -0.24841796441176461 -0.039271200541422926 -0.0021639078250543483
leaf_weight=27 24 105 12.000000000000002 11.999999999999998 345 96 18 54 11.999999999999998 126 1263 10.000000000000002 11.999999999999998 20
leaf_count=27 24 105 12 12 345 96 18 54 12 126 1263 10 12 20
internal_value=0.000622659 4.41921e-05 -0.0075 -0.0158333 0.00228261 0.000279948 3.47224e-05 -0.00680556 0.00292961 0.000289855 0.000394737 -0.00224638 0.00115385 -0.00666667
internal_weight=2136 1584 48 24 552 1536 1440 72 483 138 1368 69 39 30
internal_count=2136 1584 48 24 552 1536 1440 72 483 138 1368 69 39 30
is_linear=0
shrinkage=0.05


Tree=73
num_leaves=15
num_cat=0
split_feature=22 6 22 1 1 22 22 9 6 22 1 22 3 1
split_gain=0.75247 0.646998 0.611111 0.859524 1.14304 0.544444 0.912427 1.33796 0.538509 0.751553 0.410249 0.321429 0.319583 0.492761
threshold=0.42471264173135381 13.005000000000001 0.45560143098769151 60.620000000000012 67.685000000000016 0.99781321377224363 0.99310419374700554 0.24500000000000002 24.295000000000005 0.077330756371236084 50.035000000000004 0.19653276579064646 60.000000000000007 67.785000000000011
decision_type=2 2 2 2 2 2 2 2 2 2 2 2 2 2
left_child=1 12 3 -2 -5 6 10 -8 -3 -10 -4 -11 13 -1
right_child=2 8 5 4 -6 -7 7 -9 9 11 -12 -13 -14 -15
leaf_value=0.026741582202296801 0.00073131329161055811 0.12201888061332725 0.40324103447961762 -0.084574836849124882 -0.0068545901404592595 0.19793455975264507 -0.23066493006077515 -0.040852282143058333 -0.017627139976003025 0.76114156397158017 0.0027001362944047719 -0.0029578425202009986 0.037394361358015903 -0.049586356776062886
leaf_weight=28 20 345 46 13.000000000000002 14.999999999999998 96 18 54 11.999999999999998 42 1322 84 22 19
leaf_count=28 20 345 46 13 15 96 18 54 12 42 1322 84 22 19
internal_value=0.000692884 0.00228261 0.000138889 -0.00541667 -0.0110714 0.0003125 6.94446e-05 -0.00541667 0.00292961 0.000289855 0.000358187 0.00142857 -0.00224638 -0.00457447
internal_weight=2136 552 1584 48 28 1536 1440 72 483 138 1368 126 69 47
internal_count=2136 552 1584 48 28 1536 1440 72 483 138 1368 126 69 47
is_linear=0
shrinkage=0.05


Tree=74
num_leaves=15
num_cat=0
split_feature=22 10 22 22 0 1 22 22 9 22 6 22 22 22
split_gain=0.75247 0.808923 1.71329 1.12005 0.804762 0.752836 0.67366 2.42312 1.17361 1.112 0.75 1.00137 0.619199 0.574549
threshold=0.42471264173135381 -0.29389999999999994 0.90299113182541202 0.93038971866793763 24.760000000000002 70.190000000000012 0.89546819317495652 0.86275003778655002 0.24500000000000002 0.78523795966413312 16.055000000000003 0.97577266019832842 0.077330756371236084 0.78523795966413312
decision_type=2 2 2 2 2 2 2 2 2 2 2 2 2 2
left_child=5 2 13 4 -4 -1 7 9 -9 -3 -8 -12 -7 -2
right_child=1 6 3 -5 -6 12 10 8 -10 -11 11 -13 -14 -15
leaf_value=0.12865944813774474 -0.031820767102233 -0.0056091908548897389 -0.28384730215195109 -0.026725464921388189 -0.40764133530001945 -0.016745782977202885 0.4364810543599652 -0.17194581028352518 -0.13512852568937483 0.18003048858316406 0.16399986146353762 -0.072318024376363491 0.0031945719829580854 0.082985874372058163
leaf_weight=405 162 486 10.000000000000002 132 13.999999999999998 11.999999999999998 162 24 48 144 168 156 135 78
leaf_count=405 162 486 10 132 14 12 162 24 48 144 168 156 135 78
internal_value=0.000692884 0.000138889 -0.00181818 -0.00589744 -0.0158333 0.00228261 0.000791246 -0.00019943 -0.00888889 0.000793651 0.00222222 0.000833334 -0.000782313 0.000833334
internal_weight=2136 1584 396 156 24 552 1188 702 72 630 486 324 147 240
internal_count=2136 1584 396 156 24 552 1188 702 72 630 486 324 147 240
is_linear=0
shrinkage=0.05


Tree=75
num_leaves=15
num_cat=0
split_feature=1 0 1 13 1 0 0 1 0 0 0 1 0 3
split_gain=0.852227 0.469477 0.43574 0.4284 0.698946 0.424518 1.34388 0.366013 0.262706 1.19272 0.261989 0.109247 2.22045e-16 5.55112e-17
threshold=70.190000000000012 28.345000000000002 50.035000000000004 0.51000000000000012 51.595000000000006 27.260000000000002 26.875000000000004 70.295000000000016 26.125000000000004 25.975000000000005 20.295000000000005 64.810000000000016 26.415000000000003 60.000000000000007
decision_type=2 2 2 2 2 2 2 2 2 2 2 2 2 2
left_child=2 5 12 8 -5 6 7 -2 9 -4 -6 -10 -1 -7
right_child=1 -3 3 4 10 13 -8 -9 11 -11 -12 -13 -14 -15
leaf_value=0.45569719458541158 -0.30261752719538204 -0.085865807728519872 0.041575222932499989 -0.029277233557931 -0.11110014373563964 0.20524662932827034 -0.030358104682902495 -0.004319563612594046 0.1634987508256413 -0.075004887468353848 0.0061617497231265875 0.18841767708231399 0.42528427727156509 0.14303788141834728
leaf_weight=58 9.9999999999999982 18 588 11.999999999999998 12.999999999999998 19 18 478 89 19 731 52 19 12.000000000000002
leaf_count=58 10 18 588 12 13 19 18 478 89 19 731 52 19 12
internal_value=0.000739701 -0.000945946 0.00133144 0.00114362 0.000304233 -0.000679702 -0.00102767 -0.000532787 0.00199198 0.00154036 0.000497312 0.00393617 0.005 0.005
internal_weight=2136 555 1581 1504 756 537 506 488 748 607 744 141 77 31
internal_count=2136 555 1581 1504 756 537 506 488 748 607 744 141 77 31
is_linear=0
shrinkage=0.05


Tree=76
num_leaves=15
num_cat=0
split_feature=7 22 22 22 22 22 22 22 22 22 22 22 1 22
split_gain=0.655498 1.11102 2.86225 1.38462 1.06838 0.89441 0.756205 0.687144 0.931282 2.38095 0.629194 0.375 0.252217 0.104493
threshold=114.54000000000001 0.74081089433267733 0.78523795966413312 0.90299113182541202 0.94244501643309719 0.11157877211276467 0.17963823861099873 0.99781321377224363 0.97577266019832842 0.97938885712668811 0.95338485815333007 0.060169887675273891 77.860000000000014 0.5009122898073749
decision_type=2 2 2 2 2 2 2 2 2 2 2 2 2 2
left_child=6 5 -3 -4 -5 -2 11 8 10 -10 -8 -1 13 -7
right_child=1 2 3 4 -6 12 7 -9 9 -11 -12 -13 -14 -15
leaf_value=-0.018432973304139066 -0.014520781320889407 -0.63146870478541861 0.1461118895081544 -0.37928058186735941 -0.018323196357385496 0.060346571365655091 0.005049873380153086 0.42462677471322324 -0.28569301867440255 -0.011211632571151044 0.57513180869395408 0.43924420894319305 -0.022168774776943234 0.054003913862954771
leaf_weight=21 11.999999999999998 11.999999999999998 39 18 60 66 1323 84 21 168 105 147 9.9999999999999982 50
leaf_count=21 12 12 39 18 60 66 1323 84 21 168 105 147 10 50
internal_value=0.000575843 -0.00174157 -0.00507752 -0.00269231 -0.00653846 0.00137681 0.000906902 0.000590829 0.000361781 -0.00293651 0.000798319 0.00410714 0.00261905 0.00327586
internal_weight=2136 267 129 117 78 138 1869 1701 1617 189 1428 168 126 116
internal_count=2136 267 129 117 78 138 1869 1701 1617 189 1428 168 126 116
is_linear=0
shrinkage=0.05


Tree=77
num_leaves=15
num_cat=0
split_feature=10 22 22 22 22 1 6 1 22 1 1 22 22 1
split_gain=0.839451 0.889004 0.884711 0.639467 0.529283 0.463837 0.597797 0.454521 0.415367 0.362977 0.24531 0.0959672 0.0592593 2.22045e-16
threshold=-0.10059999999999999 0.077330756371236084 0.26347957579725428 0.19653276579064646 0.21336913576298863 76.795000000000016 13.005000000000001 54.960000000000008 0.99781321377224363 50.035000000000004 71.945000000000007 0.7522548710148802 0.060169887675273891 65.985000000000014
decision_type=2 2 2 2 2 2 2 2 2 2 2 2 2 2
left_child=1 -1 10 12 -5 9 -7 11 -9 -4 13 -6 -2 -3
right_child=3 2 5 4 7 6 -8 8 -10 -11 -12 -13 -14 -15
leaf_value=-0.022780716691795919 0.051551510290875659 0.38319123824256413 0.32390754078925094 -0.083433565197738438 0.25938988159819715 0.047225815214661043 -0.1260067129936365 0.0063604953487861292 0.36439828363338983 -0.0086645294419961504 -0.00077116794872664207 0.15318847306158251 0.48606220913367509 0.2688342205770432
leaf_weight=18 14.999999999999998 58 27 14.999999999999998 78 18 40 997 55 599 13.999999999999998 55 120 27
leaf_count=18 15 58 27 15 78 18 40 997 55 599 14 55 120 27
internal_value=0.000599251 -0.000680399 -0.000427841 0.00136704 0.001 -0.00106725 -0.00534483 0.00111814 0.000769962 -0.000670926 0.0039899 0.00387218 0.00462963 0.005
internal_weight=2136 801 783 1335 1200 684 58 1185 1052 626 99 133 135 85
internal_count=2136 801 783 1335 1200 684 58 1185 1052 626 99 133 135 85
is_linear=0
shrinkage=0.05


Tree=78
num_leaves=15
num_cat=0
split_feature=1 23 23 13 23 10 23 23 0 23 20 13 6 0
split_gain=0.723419 0.756582 1.06027 1.07143 1.28571 0.576944 0.680285 0.558324 0.494121 0.490776 1.20074 0.395775 0.371983 0.522449
threshold=70.555000000000021 0.9052873537896472 0.89014232404703397 0.6000000000000002 0.89784768270548698 -0.29389999999999994 0.38242094458159287 0.99696839222562084 28.345000000000002 0.26866134250169732 15014.405000000001 0.6000000000000002 13.005000000000001 23.915000000000003
decision_type=2 2 2 2 2 2 2 2 2 2 2 2 2 2
left_child=1 2 5 4 -4 6 -1 8 9 10 -2 -11 13 -3
right_child=7 12 3 -5 -6 -7 -8 -9 -10 11 -12 -13 -14 -15
leaf_value=-0.045196109164520458 -0.097825412034806256 -0.083412110883306953 -0.077216685064874502 0.01266347821982391 -0.0059152975012958164 0.033941752410015701 0.018365432247844645 -0.012655706420255151 -0.081617159891832658 -0.013890906395185988 0.0851163301952471 0.040657221818328156 0.14085451070783614 0.07389878210666341
leaf_weight=100 58 13.999999999999998 14 11.999999999999998 14 878 183 11.999999999999998 18 302 26 100 370 35
leaf_count=100 58 14 14 12 14 878 183 12 18 302 26 100 370 35
internal_value=0.000622659 0.00114198 0.000503747 -0.0075 -0.0128571 0.000779501 -0.00118375 -0.00100775 -0.000753968 -0.000452675 -0.00392857 0.000273632 0.00297136 -0.00112245
internal_weight=2136 1620 1201 40 28 1161 283 516 504 486 84 402 419 49
internal_count=2136 1620 1201 40 28 1161 283 516 504 486 84 402 419 49
is_linear=0
shrinkage=0.05


Tree=79
num_leaves=15
num_cat=0
split_feature=23 23 20 2 10 23 23 23 23 1 1 5 1 6
split_gain=0.638979 0.8768 1.33472 0.672907 0.622963 1.31722 1.34732 0.504956 0.681128 0.475509 0.657414 0.45 0.397298 0.257091
threshold=0.96901616890815878 0.95995164131966326 15014.405000000001 3.1550000000000007 -0.29389999999999994 0.42957308670649791 0.36647099799968202 0.065534810592492068 0.13398478063445371 71.945000000000007 73.440000000000012 568.63000000000011 76.795000000000016 30.380000000000006
decision_type=2 2 2 2 2 2 2 2 2 2 2 2 2 2
left_child=1 4 11 9 5 6 -1 -6 -9 13 -11 -3 -7 -2
right_child=3 2 -4 -5 7 12 -8 8 -10 10 -12 -13 -14 -15
leaf_value=-0.014848481187662696 0.25678864678019742 -0.012874836137324952 -0.72585026712925693 -0.018971482016526587 0.37992716220493938 0.019554852811686157 -0.32984356715051971 -0.10989895898191333 0.020059217326007659 -0.011317792334708121 0.12547923815242334 0.14646981982788559 -0.087533868851788169 0.45351941655988992
leaf_weight=132 203 12.000000000000002 18 9.9999999999999982 72 270 24 72 1206 18 29 18 24 28
leaf_count=132 203 12 18 10 72 270 24 72 1206 18 29 18 24 28
internal_value=0.000552435 0.000211039 -0.00645833 0.00274306 0.000388889 -0.00122222 -0.0049359 0.000925926 0.000696401 0.00320144 -0.00138298 1.86265e-10 0.000748299 0.0041342
internal_weight=2136 1848 48 288 1800 450 156 1350 1278 278 47 30 294 231
internal_count=2136 1848 48 288 1800 450 156 1350 1278 278 47 30 294 231
is_linear=0
shrinkage=0.05


Tree=80
num_leaves=15
num_cat=0
split_feature=22 1 22 22 9 22 22 1 1 7 6 22 0 22
split_gain=0.672406 0.631054 0.551348 0.704915 1.14645 0.527956 0.409091 0.366667 0.747608 0.354545 0.305245 0.553846 0.228438 0.210574
threshold=0.24684749415872467 53.895000000000003 0.99781321377224363 0.99310419374700554 0.24500000000000002 0.78523795966413312 0.060169887675273891 71.945000000000007 73.440000000000012 114.54000000000001 30.380000000000006 0.17963823861099873 24.115000000000006 0.7522548710148802
decision_type=2 2 2 2 2 2 2 2 2 2 2 2 2 2
left_child=6 13 3 5 -5 -3 12 10 -9 -4 -8 -12 -1 -2
right_child=1 2 9 4 -6 -7 7 8 -10 -11 11 -13 -14 -15
leaf_value=-0.078581690491083489 0.275785200686819 -0.011379740596543514 0.36886565222944823 -0.13779754602678135 -0.036188009639661303 0.0091009351526952845 0.33079332938982975 -0.011779838835532117 0.16303063274373161 -0.014686240093705803 0.7233652013515226 -0.1594190483744175 0.066145745969632949 0.019534159000266064
leaf_weight=11.000000000000002 107 803 78 15.999999999999998 53 704 194 19 25 9.9999999999999982 16.000000000000004 9.9999999999999982 12.999999999999998 77
leaf_count=11 107 803 78 16 53 704 194 19 25 10 16 10 13 77
internal_value=0.000669476 0.000319264 1.20194e-05 -0.000203045 -0.00514493 2.32251e-05 0.00291667 0.00348485 -0.000681818 0.00386364 0.00431818 -0.000769231 -0.00333333 0.00309783
internal_weight=2136 1848 1664 1576 69 1507 288 264 44 88 220 26 24 184
internal_count=2136 1848 1664 1576 69 1507 288 264 44 88 220 26 24 184
is_linear=0
shrinkage=0.05


Tree=81
num_leaves=15
num_cat=0
split_feature=22 4 22 22 9 10 22 0 4 0 5 6 0 0
split_gain=0.700715 0.604138 0.556383 0.846342 1.33796 0.51131 0.409091 0.228438 0.218578 0.578519 0.166667 0.15984 0.218182 0.156044
threshold=0.24684749415872467 50.035000000000004 0.99781321377224363 0.99310419374700554 0.24500000000000002 -0.013599999999999998 0.060169887675273891 24.115000000000006 69.230000000000004 25.535000000000004 452.54500000000002 30.380000000000006 24.945000000000004 23.095000000000002
decision_type=2 2 2 2 2 2 2 2 2 2 2 2 2 2
left_child=6 -2 3 5 -5 -3 7 -1 11 -10 -11 -8 -13 -4
right_child=1 2 13 4 -6 -7 8 -9 9 10 -12 12 -14 -15
leaf_value=-0.074652605966529312 0.35754868997876876 -0.0072001967439493447 0.061212120632408273 -0.20500847534066652 -0.031620465986431083 0.023337841797829821 0.31589356300929061 0.062838458671151273 0.12174454616561853 0.16996963226873346 -0.0099790043895670293 -0.053009641611352847 0.65989369020569288 0.17191664048046762
leaf_weight=11.000000000000002 65 806 20 18 54 814 160 12.999999999999998 57 10.000000000000002 14.999999999999998 10.000000000000002 11.999999999999998 71
leaf_count=11 65 806 20 18 54 814 160 13 57 10 15 10 12 71
internal_value=0.000622659 0.000265152 9.25408e-05 -0.000112293 -0.00541667 0.000123457 0.00291667 -0.00333333 0.00348485 0.00134146 -0.005 0.00445055 0.000454546 0.0039011
internal_weight=2136 1848 1783 1692 72 1620 288 24 264 82 25 182 22 91
internal_count=2136 1848 1783 1692 72 1620 288 24 264 82 25 182 22 91
is_linear=0
shrinkage=0.05


Tree=82
num_leaves=15
num_cat=0
split_feature=23 2 1 0 0 1 6 23 1 23 23 0 0 23
split_gain=0.668612 0.76195 0.675142 0.472298 1.56521 0.979757 0.757087 1.53601 0.530056 0.47733 0.21976 0.369677 0.40417 0.155095
threshold=0.98369513783825568 2.3300000000000005 53.895000000000003 24.295000000000005 24.155000000000005 64.280000000000015 13.005000000000001 0.47558139622940165 81.27500000000002 0.50555750738881688 0.65881608208381881 24.295000000000005 22.860000000000003 0.99696839222562084
decision_type=2 2 2 2 2 2 2 2 2 2 2 2 2 2
left_child=2 13 10 4 8 -6 7 -5 -4 -8 11 12 -1 -2
right_child=1 -3 3 6 5 -7 9 -9 -10 -11 -12 -13 -14 -15
leaf_value=0.093014948894678651 0.46105626651675602 -0.016277588576443902 -0.003432214689274328 0.21124466973779149 -0.23982750824942342 -0.070335835620781634 -0.002624093740105189 -0.085839939296785184 -0.080948833630074796 0.051925210072077857 0.27911249762613538 0.21714595736106146 -0.03502969585518622 0.028252985308917757
leaf_weight=13.999999999999998 138 9.9999999999999982 712 40 12.999999999999998 25 336 79 12.999999999999998 535 114 34 29 44
leaf_count=14 138 10 712 40 13 25 336 79 13 535 114 34 29 44
internal_value=0.000622659 0.0034375 0.00034465 3.70795e-05 -0.000897772 -0.0107895 0.000757576 -0.00298319 -0.00037931 0.00126866 0.00316754 0.0011039 -0.00197674 0.00417582
internal_weight=2136 192 1944 1753 763 38 990 119 725 871 191 77 43 182
internal_count=2136 192 1944 1753 763 38 990 119 725 871 191 77 43 182
is_linear=0
shrinkage=0.05


Tree=83
num_leaves=14
num_cat=0
split_feature=1 22 22 10 0 0 6 22 0 1 1 0 0
split_gain=0.612232 0.570599 0.755968 1.0125 0.405398 1.4059 0.487328 1.32589 0.436961 0.379617 0.0666667 2.22045e-16 2.22045e-16
threshold=50.035000000000004 0.17963823861099873 0.077330756371236084 -0.10059999999999999 24.295000000000005 24.225000000000005 13.005000000000001 0.87962967011031401 24.715000000000003 81.465000000000018 67.38000000000001 26.415000000000003 26.725000000000005
decision_type=2 2 2 2 2 2 2 2 2 2 2 2 2
left_child=11 2 3 -2 5 9 7 -6 -8 -3 -5 -1 -4
right_child=1 4 12 10 6 -7 8 -9 -10 -11 -12 -13 -14
leaf_value=0.37136797920583614 -0.021094413575272409 -0.0033065842155809116 0.45038734710341938 0.061783883186441728 -0.068528985591844047 -0.26393976220877374 0.068189110513611581 0.22537891850413139 0.008435773447865641 -0.093926256494545723 0.044774737275514009 0.33989305220675492 0.33144786458222186
leaf_weight=58 18 808 122 20.000000000000004 84 18 135 44 775 9.9999999999999982 9.9999999999999982 19 14.999999999999998
leaf_count=58 18 808 122 20 84 18 135 44 775 10 10 19 15
internal_value=0.000622659 0.000458961 0.00310811 -0.00229167 0.000197439 -0.000622009 0.000857418 -0.00203125 0.00126374 -0.000317848 0.00333333 0.005 0.005
internal_weight=2136 2059 185 48 1874 836 1038 128 910 818 30 77 137
internal_count=2136 2059 185 48 1874 836 1038 128 910 818 30 77 137
is_linear=0
shrinkage=0.05


Tree=84
num_leaves=13
num_cat=0
split_feature=22 2 1 2 22 22 7 22 1 1 0 0
split_gain=0.668612 0.76195 0.629491 0.400785 0.377826 0.770402 0.714733 0.155095 0.487762 4.44089e-16 1.11022e-16 5.55112e-17
threshold=0.17963823861099873 2.3300000000000005 50.035000000000004 5.3350000000000009 0.99781321377224363 0.99094606287942044 114.54000000000001 0.077330756371236084 69.105000000000004 70.470000000000013 26.875000000000004 25.325000000000003
decision_type=2 2 2 2 2 2 2 2 2 2 2 2
left_child=1 7 10 4 5 -4 -6 8 -1 -9 -2 -5
right_child=2 -3 3 11 6 -7 -8 9 -10 -11 -12 -13
leaf_value=0.10820657245866733 0.35279958024554436 -0.014408988468858075 0.0025144961228039269 0.061235271271407578 0.35020266043442622 -0.097671628607537142 -0.014440382888599194 0.49789291023925347 -0.038857941981172553 0.24767089315994167 0.30134737646414206 0.11664368789506203
leaf_weight=31 57 9.9999999999999982 1657 29 76 88 10.999999999999998 116 12.999999999999998 22 12.999999999999998 12.999999999999998
leaf_count=31 57 10 1657 29 76 88 11 116 13 22 13 13
internal_value=0.000622659 0.0034375 0.00034465 0.000170758 6.00439e-05 -0.000100286 0.00327586 0.00417582 0.00159091 0.005 0.005 0.005
internal_weight=2136 192 1944 1874 1832 1745 87 182 44 138 70 42
internal_count=2136 192 1944 1874 1832 1745 87 182 44 138 70 42
is_linear=0
shrinkage=0.05


Tree=85
num_leaves=13
num_cat=0
split_feature=22 2 1 2 22 22 7 22 1 1 1 1
split_gain=0.679778 0.76195 0.636466 0.405226 0.384267 0.760748 0.714733 0.155095 0.487762 4.44089e-16 1.11022e-16 5.55112e-17
threshold=0.17963823861099873 2.3300000000000005 50.035000000000004 5.3350000000000009 0.99781321377224363 0.99094606287942044 114.54000000000001 0.077330756371236084 69.105000000000004 70.470000000000013 45.220000000000006 70.705000000000013
decision_type=2 2 2 2 2 2 2 2 2 2 2 2
left_child=1 7 10 4 5 -4 -6 8 -1 -9 -2 -5
right_child=2 -3 3 11 6 -7 -8 9 -10 -11 -12 -13
leaf_value=0.10279624383573392 0.56572401625971502 -0.013688539045415161 0.0023887713166637066 0.099360735018411278 0.33269252741270489 -0.09278804717716034 -0.013718363744169307 0.47299826472729078 -0.036915044882113938 0.23528734850194458 0.28628000978183671 0.069439581465964434
leaf_weight=31 17 9.9999999999999982 1657 29 76 88 10.999999999999998 116 12.999999999999998 22 53 12.999999999999998
leaf_count=31 17 10 1657 29 76 88 11 116 13 22 53 13
internal_value=0.000599251 0.0034375 0.00031893 0.000144077 3.27513e-05 -0.00012894 0.00327586 0.00417582 0.00159091 0.005 0.005 0.005
internal_weight=2136 192 1944 1874 1832 1745 87 182 44 138 70 42
internal_count=2136 192 1944 1874 1832 1745 87 182 44 138 70 42
is_linear=0
shrinkage=0.05


Tree=86
num_leaves=15
num_cat=0
split_feature=22 22 10 1 22 7 22 22 22 22 0 0 1 0
split_gain=0.702389 0.5625 0.672222 0.485455 0.42078 0.719281 0.51903 1.50481 0.586601 0.38069 0.50431 0.656818 0.0666667 2.22045e-16
threshold=0.17963823861099873 0.077330756371236084 -0.10059999999999999 53.080000000000005 0.99781321377224363 114.54000000000001 0.97577266019832842 0.97938885712668811 0.95338485815333007 0.86275003778655002 24.295000000000005 23.735000000000003 67.38000000000001 27.005000000000006
decision_type=2 2 2 2 2 2 2 2 2 2 2 2 2 2
left_child=1 2 -1 9 6 -6 8 -8 -5 -2 11 -11 -4 -3
right_child=3 13 12 4 5 -7 7 -9 -10 10 -12 -13 -14 -15
leaf_value=-0.017631892526366912 0.27123507503593219 0.40723325307366731 0.048144548212399621 -0.00094993620734776056 0.31934040750933179 -0.013032445556960906 -0.25762003731747118 -0.0039952228150721639 0.22810282172061244 0.12120608568060415 0.18382896460391907 -0.045998730358263698 0.046324649754902664 0.21533279035748581
leaf_weight=18 92 133 20.000000000000004 1392 80 10.999999999999998 23 176 112 22 26 9.9999999999999982 9.9999999999999982 10.999999999999998
leaf_count=18 92 133 20 1392 80 11 23 176 112 22 26 10 10 11
internal_value=0.000552435 0.0034375 -0.00125 0.00026749 3.90191e-05 0.00335165 -0.000137992 -0.00253769 0.000179521 0.003 -0.000172414 -0.004375 0.00333333 0.005
internal_weight=2136 192 48 1944 1794 91 1703 199 1504 150 58 32 30 144
internal_count=2136 192 48 1944 1794 91 1703 199 1504 150 58 32 30 144
is_linear=0
shrinkage=0.05


Tree=87
num_leaves=15
num_cat=0
split_feature=22 1 22 7 22 20 22 22 1 22 0 0 10 0
split_gain=0.798048 0.467349 0.406738 0.719281 0.529849 0.951519 0.425831 0.390625 0.576136 0.38069 0.50431 0.656818 0.069697 2.22045e-16
threshold=0.17963823861099873 53.080000000000005 0.99781321377224363 114.54000000000001 0.99094606287942044 16775.780000000002 0.98271523713537257 0.077330756371236084 69.105000000000004 0.86275003778655002 24.295000000000005 23.735000000000003 -0.10059999999999999 27.005000000000006
decision_type=2 2 2 2 2 2 2 2 2 2 2 2 2 2
left_child=7 9 4 -4 6 -6 -3 8 12 -2 11 -11 -1 -9
right_child=1 2 3 -5 5 -7 -8 13 -10 10 -12 -13 -14 -15
leaf_value=-0.0061691819819168717 0.25767332128413561 -5.445338769520013e-05 0.30337338713386519 -0.012380823279112944 -0.10706606643574264 0.43175126840544586 0.15157724562147978 0.38687159041998381 -0.027449454946434894 0.11514578139657393 0.17463751637372313 -0.043698793840350518 0.05603969805983236 0.20456615083961149
leaf_weight=9.9999999999999982 92 1550 80 10.999999999999998 68 23 62 133 14.999999999999998 22 26 9.9999999999999982 23 10.999999999999998
leaf_count=10 92 1550 80 11 68 23 62 133 15 22 26 10 23 11
internal_value=0.000622659 0.00031893 9.47605e-05 0.00335165 -7.92717e-05 -0.00379121 0.000130273 0.00369792 -0.000208333 0.003 -0.000172414 -0.004375 0.00348485 0.005
internal_weight=2136 1944 1794 91 1703 91 1612 192 48 150 58 32 33 144
internal_count=2136 1944 1794 91 1703 91 1612 192 48 150 58 32 33 144
is_linear=0
shrinkage=0.05


Tree=88
num_leaves=14
num_cat=0
split_feature=23 1 0 0 0 0 23 1 1 23 10 7 0
split_gain=0.810244 0.462994 0.411802 1.39376 0.396136 0.551004 0.390625 0.576136 0.374839 0.347033 0.069697 0.0690476 2.22045e-16
threshold=0.98369513783825568 50.035000000000004 24.295000000000005 24.225000000000005 25.785000000000004 26.125000000000004 0.99696839222562084 69.105000000000004 81.465000000000018 0.50555750738881688 -0.10059999999999999 49.140000000000008 27.005000000000006
decision_type=2 2 2 2 2 2 2 2 2 2 2 2 2
left_child=1 11 3 8 9 -6 12 10 -3 -4 -8 -1 -2
right_child=6 2 4 -5 5 -7 7 -9 -10 -11 -12 -13 -14
leaf_value=0.24797249851921369 0.36752801089898463 -0.0036619086942892422 0.0024928383992803408 -0.24686387966196857 -0.071858440007867827 0.006025589285501432 -0.0058607228828210234 -0.026076982199113141 -0.087897788552440001 0.062555033801823354 0.053237713156840741 0.28835671349328645 0.19433784329763096
leaf_weight=11.999999999999998 133 808 202 18 107 369 9.9999999999999982 14.999999999999998 9.9999999999999982 360 23 58 10.999999999999998
leaf_count=12 133 808 202 18 107 369 10 15 10 360 23 58 11
internal_value=0.000599251 0.00029321 0.000144077 -0.000681818 0.000809249 -0.000252101 0.00369792 -0.000208333 -0.000378973 0.00170819 0.00348485 0.00428571 0.005
internal_weight=2136 1944 1874 836 1038 476 192 48 818 562 33 70 144
internal_count=2136 1944 1874 836 1038 476 192 48 818 562 33 70 144
is_linear=0
shrinkage=0.05


Tree=89
num_leaves=14
num_cat=0
split_feature=22 1 23 1 22 9 22 7 22 5 22 6 0
split_gain=0.581311 0.525006 0.606061 0.462994 0.397059 0.45 0.393616 0.719281 0.503715 0.841515 0.483197 0.0690476 1.11022e-16
threshold=0.17963823861099873 72.745000000000019 0.99549067189428064 50.035000000000004 0.060169887675273891 0.37500000000000006 0.99781321377224363 114.54000000000001 0.99094606287942044 739.99000000000012 0.98271523713537257 13.005000000000001 26.025000000000002
decision_type=2 2 2 2 2 2 2 2 2 2 2 2 2
left_child=1 4 -3 11 5 -1 8 12 10 -10 -5 -2 -8
right_child=3 2 -4 6 -6 -7 7 -9 9 -11 -12 -13 -14
leaf_value=-0.067924951063359856 0.23557387359325299 0.15577200223501372 -0.0075413160341940766 0.00019597803132965702 0.32084044065211348 0.055179137041447716 0.28645207814837464 -0.011578686685028421 -0.017938907920434663 -0.21077192184524024 0.15422652958280908 0.2739388778186222 0.28970173187133058
leaf_weight=10.000000000000002 11.999999999999998 10.000000000000002 11.999999999999998 1621 150 9.9999999999999982 58 10.999999999999998 69 24 69 58 22
leaf_count=10 12 10 12 1621 150 10 58 11 69 24 69 58 22
internal_value=0.000552435 0.00317708 -0.00409091 0.00029321 0.00411765 -0.0025 0.000144077 0.00335165 -1.96297e-05 -0.00360215 0.000177515 0.00428571 0.005
internal_weight=2136 192 22 1944 170 20 1874 91 1783 93 1690 70 80
internal_count=2136 192 22 1944 170 20 1874 91 1783 93 1690 70 80
is_linear=0
shrinkage=0.05


Tree=90
num_leaves=15
num_cat=0
split_feature=10 22 22 4 22 4 22 0 4 0 0 22 4 22
split_gain=0.552091 0.909323 0.638148 0.491759 0.487673 0.493006 0.386011 0.364091 0.345464 0.321572 0.327166 0.221595 0.0725806 0.0583333
threshold=-0.10059999999999999 0.077330756371236084 0.17963823861099873 65.355000000000004 0.26347957579725428 71.945000000000007 0.21336913576298863 22.065000000000001 82.530000000000015 26.300000000000001 26.105000000000004 0.2965049369093406 63.985000000000007 0.060169887675273891
decision_type=2 2 2 2 2 2 2 2 2 2 2 2 2 2
left_child=1 -1 13 9 5 -3 -5 -8 11 10 -4 -6 -11 -2
right_child=2 4 3 6 8 -7 7 -9 -10 12 -12 -13 -14 -15
leaf_value=-0.017159429269268365 0.016431937502738331 0.23383918718074992 0.055802500341542327 -0.039951664145222471 -0.10472257651965788 -0.015522019649574243 -0.07039013029465653 0.0047939724162704301 -0.083422023608786047 0.16521109489312247 -0.0093995914855227597 -0.0035411695581120646 0.29276109215840362 0.33535143652410904
leaf_weight=18 14.999999999999998 85 503 9.9999999999999982 18 13.999999999999998 56 533 9.9999999999999982 81 20 656 11.999999999999998 105
leaf_count=18 15 85 503 10 18 14 56 533 10 81 20 656 12 105
internal_value=0.00048221 -0.000555555 0.00110487 0.000761317 -0.000300128 0.0029798 -0.000258764 -9.33784e-05 -0.000774854 0.00175325 0.00127151 -0.000637982 0.00446237 0.00458333
internal_weight=2136 801 1335 1215 783 99 599 589 684 616 523 674 93 120
internal_count=2136 801 1335 1215 783 99 599 589 684 616 523 674 93 120
is_linear=0
shrinkage=0.05


Tree=91
num_leaves=14
num_cat=0
split_feature=1 10 23 23 23 1 1 0 1 0 6 23 0
split_gain=0.495671 0.496559 0.879644 0.700323 0.446793 0.48002 0.333698 0.330953 0.448263 0.414698 0.0639361 0.058046 2.22045e-16
threshold=50.035000000000004 -0.10059999999999999 0.99696839222562084 0.98369513783825568 0.96462662938340349 71.945000000000007 82.530000000000015 24.295000000000005 79.360000000000014 24.155000000000005 13.005000000000001 0.99815109357002252 26.545000000000005
decision_type=2 2 2 2 2 2 2 2 2 2 2 2 2
left_child=10 2 4 7 6 -6 -2 9 -9 -3 -1 12 -5
right_child=1 3 -4 11 5 -7 -8 8 -10 -11 -12 -13 -14
leaf_value=0.23123401927208317 -0.0067374847992385401 -0.0032746506507543224 -0.016301457805804939 0.34204962803217576 0.20352616847919547 -0.014745918667095499 -0.079250922428346735 0.028781116554013414 -0.082423485578739963 -0.016908787621932889 0.26349527634549935 0.01561034062760141 0.13502347843110385
leaf_weight=12.999999999999998 647 504 18 89 77 13.999999999999998 9.9999999999999982 636 17 20 64 14.999999999999998 11.999999999999998
leaf_count=13 647 504 18 89 77 14 10 636 17 20 64 15 12
internal_value=0.000411985 0.000264692 -0.000744125 0.000862336 -0.000481283 0.0028022 -0.000936073 0.000497027 0.00124809 -0.000438931 0.00435065 0.00456897 0.005
internal_weight=2136 2059 766 1293 748 91 657 1177 653 524 77 116 101
internal_count=2136 2059 766 1293 748 91 657 1177 653 524 77 116 101
is_linear=0
shrinkage=0.05


Tree=92
num_leaves=14
num_cat=0
split_feature=22 1 22 6 1 2 22 1 6 1 7 1 1
split_gain=0.519536 0.487163 0.444444 0.672222 0.332981 0.274291 0.272266 0.0796849 0.0690476 0.0666667 0.0480929 5.55112e-17 2.77556e-17
threshold=0.17963823861099873 50.035000000000004 0.077330756371236084 18.480000000000004 84.490000000000009 7.3250000000000011 0.99781321377224363 74.665000000000006 13.005000000000001 69.105000000000004 114.54000000000001 70.705000000000013 64.495000000000019
decision_type=2 2 2 2 2 2 2 2 2 2 2 2 2
left_child=2 8 3 9 5 6 -3 10 -2 12 -4 -7 -1
right_child=1 4 7 -5 -6 11 -8 -9 -10 -11 -12 -13 -14
leaf_value=0.18792987256705951 0.21122363544964912 -0.00097806784112796611 0.29848565809322797 -0.022718049970291004 -0.069445547303701671 0.086425812314427308 0.121438861366807 0.073600755177938029 0.24516719988981125 0.04551441986527141 0.48446100894384503 0.066735181677017349 0.033818755530098818
leaf_weight=10.000000000000005 11.999999999999998 1747 116 18 10.999999999999998 17.000000000000004 88 9.9999999999999982 58 9.9999999999999982 18 10.999999999999998 9.9999999999999982
leaf_count=10 12 1747 116 18 11 17 88 10 58 10 18 11 10
internal_value=0.000435393 0.000190329 0.00291667 -0.00125 3.73534e-05 8.8567e-05 1.36242e-05 0.00430556 0.00428571 0.00333333 0.00462687 0.005 0.005
internal_weight=2136 1944 192 48 1874 1863 1835 144 70 30 134 28 20
internal_count=2136 1944 192 48 1874 1863 1835 144 70 30 134 28 20
is_linear=0
shrinkage=0.05


Tree=93
num_leaves=13
num_cat=0
split_feature=22 1 22 10 1 22 22 1 6 1 7 0
split_gain=0.529385 0.493301 0.444444 0.672222 0.330936 0.22716 0.227138 0.0796849 0.0690476 0.0666667 0.0480929 2.77556e-17
threshold=0.17963823861099873 50.035000000000004 0.077330756371236084 -0.10059999999999999 84.490000000000009 0.99986533717164605 0.86275003778655002 74.665000000000006 13.005000000000001 67.38000000000001 114.54000000000001 24.945000000000004
decision_type=2 2 2 2 2 2 2 2 2 2 2 2
left_child=2 8 3 -1 5 6 -3 10 -2 11 -4 -5
right_child=1 4 7 9 -6 -7 -8 -9 -10 -11 -12 -13
leaf_value=-0.015373969378110456 0.20066245367716667 0.0060649448309882739 0.28356137518856656 0.12289137907665032 -0.065973269938516627 0.20388929062453195 -0.0070261114254145472 0.069920717419041142 0.23290883989532071 0.041004630033982671 0.46023795849665278 0.037951751197811225
leaf_weight=18 11.999999999999998 1149 116 10.000000000000005 10.999999999999998 23 691 9.9999999999999982 58 9.9999999999999982 18 9.9999999999999982
leaf_count=18 12 1149 116 10 11 23 691 10 58 10 18 10
internal_value=0.000411985 0.000164609 0.00291667 -0.00125 1.06725e-05 6.17286e-05 1.86265e-10 0.00430556 0.00428571 0.00333333 0.00462687 0.005
internal_weight=2136 1944 192 48 1874 1863 1840 144 70 30 134 20
internal_count=2136 1944 192 48 1874 1863 1840 144 70 30 134 20
is_linear=0
shrinkage=0.05


Tree=94
num_leaves=15
num_cat=0
split_feature=1 22 22 22 8 10 0 22 22 1 1 1 22 0
split_gain=0.50158 0.447939 1.16921 1.21805 0.941829 0.666667 0.478876 0.454513 0.646209 0.317936 0.300241 0.2432 0.231978 0.218182
threshold=50.035000000000004 0.42471264173135381 0.45560143098769151 0.44022217077093501 7.8100000000000014 -0.013599999999999998 23.915000000000003 0.5009122898073749 0.51572537064332258 66.820000000000007 67.460000000000022 66.13000000000001 0.060169887675273891 24.065000000000001
decision_type=2 2 2 2 2 2 2 2 2 2 2 2 2 2
left_child=-1 4 3 13 6 -5 -2 -4 -9 12 -11 -8 -6 -3
right_child=1 2 7 5 9 -7 11 8 -10 10 -12 -13 -14 -15
leaf_value=0.2195456270210836 -0.026744841288900614 -0.016219698666256881 0.097354921700954 -0.0015609784314324102 -0.0014057115092995399 -0.080346802394644409 0.07130914855446803 -0.30045198717077271 9.4655181338509429e-05 -0.011664142832160398 0.018604563183712525 -0.022721077365677925 0.20345408053447056 0.099587838395579054
leaf_weight=77 19 10.000000000000002 63 12.000000000000002 11.999999999999998 11.999999999999998 21 22 1400 12.999999999999998 190 26 247 11.999999999999998
leaf_count=77 19 10 63 12 12 12 21 22 1400 13 190 26 247 12
internal_value=0.000388577 0.000240408 -0.000192684 -0.00804348 0.00149621 -0.0158333 -0.00409091 5.05052e-05 -0.000133614 0.00229437 0.000812808 -0.00138298 0.0034556 0.000454546
internal_weight=2136 2059 1531 46 528 24 66 1485 1422 462 203 47 259 22
internal_count=2136 2059 1531 46 528 24 66 1485 1422 462 203 47 259 22
is_linear=0
shrinkage=0.05


Tree=95
num_leaves=15
num_cat=0
split_feature=1 22 22 7 10 22 10 22 1 10 22 6 0 0
split_gain=0.507525 0.453155 0.634021 1.29668 0.470965 0.791016 0.470588 0.469082 0.429292 0.834483 0.289933 0.250836 0.2 0.0655172
threshold=50.035000000000004 0.24684749415872467 0.28003368959032676 55.750000000000007 -0.29389999999999994 0.90299113182541202 1.0000000180025095e-35 0.44022217077093501 71.945000000000007 -0.10059999999999999 0.060169887675273891 30.380000000000006 25.005000000000006 24.665000000000003
decision_type=2 2 2 2 2 2 2 2 2 2 2 2 2 2
left_child=-1 8 3 -3 5 -4 -5 -6 10 12 -2 -12 -10 -11
right_child=1 2 4 6 7 -7 -8 -9 9 13 11 -13 -14 -15
leaf_value=0.20856834567002946 -0.016037499512397593 -0.17501022916402587 0.0049905530080068539 0.11900418402805589 0.067794577106826903 -0.053960799302849166 -0.69812176706160012 0.0059166423307119419 -0.012388288149127985 0.1795369945109169 0.17818552151368039 0.066294050363134988 -0.041687250291331281 0.21446206062530024
leaf_weight=77 19 11.999999999999998 282 17 173 151 17 1131 10.000000000000002 10.000000000000002 184 24 9.9999999999999982 19
leaf_count=77 19 12 282 17 173 151 17 1131 10 10 184 24 10 19
internal_value=0.000365169 0.000216125 -7.57149e-05 -0.00586956 7.77204e-05 -0.00135104 -0.000882353 0.000552147 0.00210145 -0.00214286 0.00301762 0.00355769 -0.01 0.00327586
internal_weight=2136 2059 1783 46 1737 433 34 1304 276 49 227 208 20 29
internal_count=2136 2059 1783 46 1737 433 34 1304 276 49 227 208 20 29
is_linear=0
shrinkage=0.05


Tree=96
num_leaves=15
num_cat=0
split_feature=1 23 1 23 23 23 0 23 0 6 9 0 7 1
split_gain=0.569406 0.507678 0.456941 0.455511 0.41626 0.408293 0.366027 0.34543 0.326068 0.32392 0.287146 0.228438 0.141119 0.209524
threshold=77.120000000000019 0.98369513783825568 50.035000000000004 0.99815109357002252 0.15101078994440373 0.41397665785662119 26.585000000000004 0.065534810592492068 24.295000000000005 24.295000000000005 0.39500000000000007 24.115000000000006 114.54000000000001 67.785000000000011
decision_type=2 2 2 2 2 2 2 2 2 2 2 2 2 2
left_child=1 2 -1 12 -2 -6 10 9 -9 -4 -7 -5 -3 -14
right_child=4 3 7 11 5 6 -8 8 -10 -11 -12 -13 13 -15
leaf_value=0.18512746602786359 -0.11407472902005572 0.22096506214281414 0.35406789801084115 -0.058317356090735822 0.025036548426936818 -0.043650049610018282 -0.024788929712912283 -0.012328629231061029 0.01304232296687797 -0.0053550041768286568 0.02499689807549714 0.035851222387992453 0.44640062740265307 -0.0110973888034861
leaf_weight=70 11.999999999999998 138 65 11.000000000000002 29 45 11.999999999999998 755 907 21 37 12.999999999999998 11.000000000000002 9.9999999999999982
leaf_count=70 12 138 65 11 29 45 12 755 907 21 37 13 11 10
internal_value=0.000365169 0.000577212 0.000324533 0.00308743 -0.00277778 -0.00191057 -0.00351064 0.000165904 6.01703e-06 0.00325581 -0.00231707 -0.00333333 0.0040566 0.000238095
internal_weight=2136 2001 1818 183 135 123 94 1748 1662 86 82 24 159 21
internal_count=2136 2001 1818 183 135 123 94 1748 1662 86 82 24 159 21
is_linear=0
shrinkage=0.05


Tree=97
num_leaves=15
num_cat=0
split_feature=22 1 22 1 2 22 5 10 1 23 6 1 1 1
split_gain=0.500116 0.475002 0.428571 0.337091 0.268328 0.26144 0.166667 0.15873 0.361416 0.347115 0.0690476 2.22045e-16 5.55112e-17 5.55112e-17
threshold=0.17963823861099873 50.035000000000004 0.060169887675273891 84.490000000000009 7.3250000000000011 0.99781321377224363 568.63000000000011 -0.10059999999999999 66.13000000000001 0.99549067189428064 13.005000000000001 65.810000000000016 62.045000000000009 70.705000000000013
decision_type=2 2 2 2 2 2 2 2 2 2 2 2 2 2
left_child=2 10 6 4 5 -3 -1 8 12 -10 -2 -9 -4 -6
right_child=1 3 7 -5 13 -7 -8 11 9 -11 -12 -13 -14 -15
leaf_value=0.0093189218981281075 0.15996725905735951 -0.001793551381380906 0.37355805722713198 -0.061671859764138075 0.080496917080578281 0.10166114296792757 -0.050016271841954278 0.33987673929151208 0.11775829444710478 -0.013901557704936491 0.19060132596460591 0.19833530171732405 0.22664859382834524 0.06705946675879712
leaf_weight=12.000000000000002 11.999999999999998 1747 23 10.999999999999998 17.000000000000004 88 11.999999999999998 58 16.000000000000004 9.9999999999999982 58 47 13.999999999999998 10.999999999999998
leaf_count=12 12 1747 23 11 17 88 12 58 16 10 58 47 14 11
internal_value=0.00048221 0.00024177 0.00291667 9.07152e-05 0.000142244 6.81201e-05 -0.00333333 0.00380952 0.0018254 -0.00269231 0.00428571 0.005 0.005 0.005
internal_weight=2136 1944 192 1874 1863 1835 24 168 63 26 70 105 37 28
internal_count=2136 1944 192 1874 1863 1835 24 168 63 26 70 105 37 28
is_linear=0
shrinkage=0.05


Tree=98
num_leaves=15
num_cat=0
split_feature=22 22 1 20 1 1 2 2 6 5 3 7 0 0
split_gain=0.519536 0.355556 0.486111 0.578201 0.344757 0.322324 0.271301 0.24273 0.239089 0.11677 0.15942 0.0583333 2.22045e-16 5.55112e-17
threshold=0.17963823861099873 0.094468741652255758 64.715000000000018 16775.780000000002 84.490000000000009 50.035000000000004 7.3250000000000011 0.19000000000000003 18.480000000000004 420.44500000000005 60.000000000000007 114.54000000000001 26.705000000000002 25.085000000000004
decision_type=2 2 2 2 2 2 2 2 2 2 2 2 2 2
left_child=1 2 13 8 5 9 7 -7 -4 10 -2 12 -3 -1
right_child=4 11 3 -5 -6 6 -8 -9 -10 -11 -12 -13 -14 -15
leaf_value=0.12863619301153001 -0.0084249585021654288 0.23803094552961493 0.054592065963980745 -0.025072965596763353 -0.058588266775931097 0.0030854999760964548 0.06359374338003812 -0.0079762076502957226 -0.022337758682848114 0.21362695389775871 0.16904685952526366 0.37270268844898508 0.06051154111277221 0.27991038298649923
leaf_weight=20.000000000000004 12 92 14.000000000000002 10.999999999999998 10.999999999999998 1716 28 119 17 47 11 14.999999999999998 12.999999999999998 9.9999999999999982
leaf_count=20 12 92 14 11 11 1716 28 119 17 47 11 15 13 10
internal_value=0.000435393 0.00291667 0.000138889 -0.00333333 0.000190329 0.000240559 0.000115405 4.08721e-05 0.000161291 0.00357143 0.000652174 0.00458333 0.005 0.005
internal_weight=2136 192 72 42 1944 1933 1863 1835 31 70 23 120 105 30
internal_count=2136 192 72 42 1944 1933 1863 1835 31 70 23 120 105 30
is_linear=0
shrinkage=0.05


Tree=99
num_leaves=15
num_cat=0
split_feature=10 22 1 0 0 22 6 1 0 22 22 6 0 22
split_gain=0.4799 0.401028 0.358128 0.364323 0.365198 0.257971 0.711111 0.326481 0.31746 0.269495 0.698925 0.55538 0.238095 0.237037
threshold=-0.10059999999999999 0.17963823861099873 54.960000000000008 29.915000000000003 24.295000000000005 0.37744852145085445 13.005000000000001 82.530000000000015 23.915000000000003 0.95338485815333007 0.9239481815140983 13.005000000000001 24.715000000000003 0.077330756371236084
decision_type=2 2 2 2 2 2 2 2 2 2 2 2 2 2
left_child=5 -2 -3 4 -4 6 8 9 -1 10 -7 -11 -10 -8
right_child=1 2 3 -5 -6 7 13 -9 12 11 -12 -13 -14 -15
leaf_value=-0.02634621146440352 0.15457325685786949 0.14088686679070381 -0.0081278692561864135 -0.0075548579649765456 0.025529992347477583 -0.009329210021848491 -0.00035094925836262267 -0.060762252847448822 0.12773493248294596 0.26779593850935507 -0.12624514191703864 -0.012230097508988798 -0.025065388350549445 0.22416573523196459
leaf_weight=18 120 135 459 10.999999999999998 610 409 11.999999999999998 9.9999999999999982 11.999999999999998 54 44 104 30 108
leaf_count=18 120 135 459 11 610 409 12 10 12 54 44 104 30 108
internal_value=0.000411985 0.00099251 0.000720165 0.000416667 0.000509822 -0.000555555 0.00111111 -0.00103865 -0.00333333 -0.00089198 -0.00151214 0.000886076 -0.000952381 0.00333333
internal_weight=2136 1335 1215 1080 1069 801 180 621 60 611 453 158 42 120
internal_count=2136 1335 1215 1080 1069 801 180 621 60 611 453 158 42 120
is_linear=0
shrinkage=0.05


end of trees

feature_importances:
day_of_year_sin=399
forecast_humidity=290
day_of_year_cos=152
forecast_temperature=138
elevation_std=79
aspect_sin=72
b2_humidity=59
distance_to_nearest_water=46
elevation_mean=40
slope_std=30
elevation_range=26
forecast_rainfall=15
lead_time_hours=13
tri_std=9
distance_to_forecast_grid_m=9
aspect_cos=6
month=5
slope_mean=1

parameters:
[boosting: gbdt]
[objective: quantile]
[metric: quantile]
[tree_learner: serial]
[device_type: cpu]
[data_sample_strategy: bagging]
[data: ]
[valid: ]
[num_iterations: 100]
[learning_rate: 0.05]
[num_leaves: 15]
[num_threads: 8]
[seed: 42]
[deterministic: 0]
[force_col_wise: 0]
[force_row_wise: 0]
[histogram_pool_size: -1]
[max_depth: 5]
[min_data_in_leaf: 10]
[min_sum_hessian_in_leaf: 0.001]
[bagging_fraction: 0.8]
[pos_bagging_fraction: 1]
[neg_bagging_fraction: 1]
[bagging_freq: 0]
[bagging_seed: 400]
[bagging_by_query: 0]
[feature_fraction: 0.8]
[feature_fraction_bynode: 1]
[feature_fraction_seed: 30056]
[extra_trees: 0]
[extra_seed: 12879]
[early_stopping_round: 0]
[early_stopping_min_delta: 0]
[first_metric_only: 0]
[max_delta_step: 0]
[lambda_l1: 0]
[lambda_l2: 0]
[linear_lambda: 0]
[min_gain_to_split: 0]
[drop_rate: 0.1]
[max_drop: 50]
[skip_drop: 0.5]
[xgboost_dart_mode: 0]
[uniform_drop: 0]
[drop_seed: 17869]
[top_rate: 0.2]
[other_rate: 0.1]
[min_data_per_group: 100]
[max_cat_threshold: 32]
[cat_l2: 10]
[cat_smooth: 10]
[max_cat_to_onehot: 4]
[top_k: 20]
[monotone_constraints: ]
[monotone_constraints_method: basic]
[monotone_penalty: 0]
[feature_contri: ]
[forcedsplits_filename: ]
[refit_decay_rate: 0.9]
[cegb_tradeoff: 1]
[cegb_penalty_split: 0]
[cegb_penalty_feature_lazy: ]
[cegb_penalty_feature_coupled: ]
[path_smooth: 0]
[interaction_constraints: ]
[verbosity: -1]
[saved_feature_importance_type: 0]
[use_quantized_grad: 0]
[num_grad_quant_bins: 4]
[quant_train_renew_leaf: 0]
[stochastic_rounding: 1]
[linear_tree: 0]
[max_bin: 255]
[max_bin_by_feature: ]
[min_data_in_bin: 3]
[bin_construct_sample_cnt: 200000]
[data_random_seed: 175]
[is_enable_sparse: 1]
[enable_bundle: 1]
[use_missing: 1]
[zero_as_missing: 0]
[feature_pre_filter: 1]
[pre_partition: 0]
[two_round: 0]
[header: 0]
[label_column: ]
[weight_column: ]
[group_column: ]
[ignore_column: ]
[categorical_feature: ]
[forcedbins_filename: ]
[precise_float_parser: 0]
[parser_config_file: ]
[objective_seed: 16083]
[num_class: 1]
[is_unbalance: 0]
[scale_pos_weight: 1]
[sigmoid: 1]
[boost_from_average: 1]
[reg_sqrt: 0]
[alpha: 0.1]
[fair_c: 1]
[poisson_max_delta_step: 0.7]
[tweedie_variance_power: 1.5]
[lambdarank_truncation_level: 30]
[lambdarank_norm: 1]
[label_gain: ]
[lambdarank_position_bias_regularization: 0]
[eval_at: ]
[multi_error_top_k: 1]
[auc_mu_weights: ]
[num_machines: 1]
[local_listen_port: 12400]
[time_out: 120]
[machine_list_filename: ]
[machines: ]
[gpu_platform_id: -1]
[gpu_device_id: -1]
[gpu_device_id_list: ]
[gpu_use_dp: 0]
[num_gpu: 1]

end of parameters

pandas_categorical:[]
