tree
version=v4
num_class=1
num_tree_per_iteration=1
label_index=0
max_feature_idx=24
objective=quantile
feature_names=forecast_temperature forecast_humidity forecast_rainfall lead_time_hours b2_humidity elevation_mean elevation_std elevation_range slope_mean slope_std aspect_sin aspect_cos tri_mean tri_std landcover_fraction_tree landcover_fraction_shrub landcover_fraction_grass landcover_fraction_cropland landcover_fraction_builtup landcover_fraction_water distance_to_nearest_water distance_to_forecast_grid_m day_of_year_sin day_of_year_cos month
feature_infos=[17.800000000000001:32.509999999999998] [38.549999999999997:92.700000000000003] [0:21.109999999999999] [24:72] [38.549999999999997:92.700000000000003] [354.08999999999997:899.00999999999999] [12.289999999999999:32.460000000000001] [45.369999999999997:118.16] [7.3899999999999997:18.890000000000001] [0.13:0.54000000000000004] [-0.46550000000000002:0.72440000000000004] [-0.99890000000000001:-0.68910000000000005] [9.5299999999999994:25.140000000000001] [0.17999999999999999:0.77000000000000002] none none none [0.024799999999999999:1] [0:0.97519999999999996] none [0:18225.799999999999] [3595.1999999999998:16825.540000000001] [0.034398060613608013:0.99998555065071859] [0.0053757315575838844:0.99940821160625981] [1:3]
tree_sizes=1364 1445 1435 1445 1436 1430 1447 1437 1432 1423 1445 1451 1427 1485 1435 1432 1466 1440 1462 1464 1447 1437 1461 1443 1434 1433 1450 1437 1464 1469 1444 1455 1481 1437 1430 1439 1461 1418 1482 1470 1448 1461 1476 1446 1469 1461 1430 1419 1448 1467 1513 1500 1464 1462 1454 1469 1490 1453 1441 1445 1469 1443 1460 1513 1467 1480 1484 1433 1476 1480 1470 1462 1446 1457 1441 1466 1472 1494 1504 1489 1477 1523 1499 1433 1462 1467 1473 1561 1427 1520 1469 1441 1489 1450 1435 1434 1434 1456 1485 1154

Tree=0
num_leaves=15
num_cat=0
split_feature=4 23 23 10 6 4 23 10 4 23 4 10 6 23
split_gain=75.6894 46.8178 27.3054 22.4254 15.8879 9.66226 7.95752 10.9085 7.55712 5.51437 5.14229 4.15247 3.41587 3.4961
threshold=64.88000000000001 0.92599062340417404 0.84771273534009206 -0.10059999999999999 30.380000000000006 72.675000000000026 0.47558139622940165 0.65755000000000019 57.400000000000006 0.54938884295715751 61.810000000000009 -0.10059999999999999 13.005000000000001 0.96901616890815878
decision_type=2 2 2 2 2 2 2 2 2 2 2 2 2 2
left_child=2 4 3 8 6 -3 7 -2 -1 -6 -5 -7 13 -4
right_child=1 5 12 10 9 11 -8 -9 -10 -11 -12 -13 -14 -15
leaf_value=4.5179997444152828 3.6812497615814208 4.8252497434616091 4.2392497479915621 4.8307497501373291 4.0047497510910031 4.134249746799469 3.8282497406005858 4.726749753952026 4.1072497487068178 4.8077497482299805 4.484749746322632 4.5612497568130497 5.1542497158050535 5.2472497463226322
leaf_weight=88 241 182 23 319 51 33 443 39 180 59 109 42 311 15.999999999999998
leaf_count=88 241 182 23 319 51 33 443 39 180 59 109 42 311 16
internal_value=4.405 4.39578 4.41461 4.40888 4.39002 4.41444 4.38733 4.39393 4.39754 4.40773 4.41598 4.39933 4.426 4.41205
internal_weight=2136 1090 1046 696 833 257 723 280 268 110 428 75 350 39
internal_count=2136 1090 1046 696 833 257 723 280 268 110 428 75 350 39
is_linear=0
shrinkage=1


Tree=1
num_leaves=15
num_cat=0
split_feature=1 24 24 1 6 21 20 1 6 7 6 5 0 1
split_gain=72.9027 29.9367 23.7488 14.369 8.65498 11.588 7.72111 6.50027 5.04728 4.84294 4.44949 4.30622 2.2783 1.97917
threshold=66.265000000000015 1.5000000000000002 1.5000000000000002 57.400000000000006 30.380000000000006 12060.420000000002 15014.405000000001 71.570000000000007 30.380000000000006 114.54000000000001 13.005000000000001 452.54500000000002 24.445000000000004 53.895000000000003
decision_type=2 2 2 2 2 2 2 2 2 2 2 2 2 2
left_child=1 10 7 9 5 -5 -4 -2 12 -3 13 -8 -9 -1
right_child=2 3 6 4 -6 -7 11 8 -10 -11 -12 -13 -14 -15
leaf_value=0.4740375021100045 0.1694875204563141 0.41335002899169926 -0.70156250715255741 -0.38186248600482942 0.37621248960494996 0.01178750753402711 -0.62691248893737805 -0.45656249642372138 0.65427498757839209 -0.33814998745918273 0.71028754472732547 -0.14538748860359194 -0.093412485122680661 -0.031962480247020732
leaf_weight=9.9999999999999982 176 218 403 132 86 347 69 51 15.999999999999998 26 340 159 65 38
leaf_count=10 176 218 403 132 86 347 69 51 16 26 340 159 65 38
internal_value=-0.000140449 0.00804094 -0.0105698 0.00256489 -0.00181416 -0.00443633 -0.0161252 0.000811688 -0.00757576 0.0127049 0.0194588 -0.00877193 -0.0112069 0.00520833
internal_weight=2136 1197 939 809 565 479 631 308 132 244 388 228 116 48
internal_count=2136 1197 939 809 565 479 631 308 132 244 388 228 116 48
is_linear=0
shrinkage=0.05


Tree=2
num_leaves=15
num_cat=0
split_feature=4 22 22 10 6 4 4 22 22 22 10 22 4 6
split_gain=69.6352 38.2936 27.2122 20.9308 13.0478 9.55722 7.65089 6.38245 4.73875 7.4679 7.16204 3.45558 3.28275 3.85514
threshold=66.265000000000015 0.24684749415872467 0.44022217077093501 -0.10059999999999999 30.380000000000006 53.650000000000006 61.810000000000009 0.84484927454466385 0.93655593853549179 0.37744852145085445 0.65755000000000019 0.77447169083781808 71.945000000000007 13.005000000000001
decision_type=2 2 2 2 2 2 2 2 2 2 2 2 2 2
left_child=2 12 -1 5 8 -4 -5 -6 9 -3 -10 -8 -2 -14
right_child=1 4 3 6 7 -7 11 -9 10 -11 -12 -13 13 -15
leaf_value=0.69999817442893986 0.66526309865713129 -0.075541864514350909 0.2934325208663941 0.4190840836167336 0.38422374370694157 -0.22000186252593995 -0.12792686331272127 -0.40996812075376515 -0.76873436176776888 -0.582654347896576 0.31293189436197283 0.20540001189708709 -0.35138435775041582 0.34100814056396483
leaf_weight=320 74 85 51 350 61 279 89 41 164 436 29 108 10.999999999999998 38
leaf_count=320 74 85 51 350 61 279 89 41 164 436 29 108 11 38
internal_value=-0.000163858 -0.0103568 0.00783208 0.00327822 -0.014277 -0.00666667 0.00927788 0.00245098 -0.0166667 -0.0191459 -0.00997409 0.00139594 0.0156504 0.00561224
internal_weight=2136 939 1197 877 816 330 547 102 714 521 193 197 123 49
internal_count=2136 939 1197 877 816 330 547 102 714 521 193 197 123 49
is_linear=0
shrinkage=0.05


Tree=3
num_leaves=15
num_cat=0
split_feature=1 22 22 10 6 1 22 1 22 22 22 22 1 6
split_gain=65.7985 40.3 22.7363 16.0774 14.4138 8.32831 7.20138 7.03061 5.29287 4.88455 4.48192 3.90934 3.32603 3.85514
threshold=64.88000000000001 0.24684749415872467 0.53038584004487344 -0.29389999999999994 30.380000000000006 56.610000000000007 0.77447169083781808 69.685000000000016 0.40907743338811486 0.94805520968785773 0.93655593853549179 0.83552254320998587 71.945000000000007 13.005000000000001
decision_type=2 2 2 2 2 2 2 2 2 2 2 2 2 2
left_child=2 12 -1 11 7 -5 -7 8 -3 -6 -9 -4 -2 -14
right_child=1 4 3 5 9 6 -8 10 -10 -11 -12 -13 13 -15
leaf_value=0.61677325686216367 0.68636161390691997 0.068040228599309943 -0.0080192685782909615 0.49580085275024183 0.33111132663339382 -0.1444305185735226 0.23193976855427026 -0.61045164862871171 -0.28642983054220678 -0.51396970327198499 -0.61778013028502476 -0.49516410530805594 -0.33381513986289502 0.32395773353576662
leaf_weight=350 92 56 70 162 92 107 256 335 306 31 129 101 10.999999999999998 38
leaf_count=350 92 56 70 162 92 107 256 335 306 31 129 101 11 38
internal_value=-0.000210674 -0.00880734 0.00874761 0.00352011 -0.0125132 0.00785714 0.00365014 -0.014891 -0.00966851 0.00345528 -0.0189655 -0.00979532 0.0161348 0.00561224
internal_weight=2136 1090 1046 696 949 525 363 826 362 123 464 171 141 49
internal_count=2136 1090 1046 696 949 525 363 826 362 123 464 171 141 49
is_linear=0
shrinkage=0.05


Tree=4
num_leaves=15
num_cat=0
split_feature=1 23 23 10 10 1 1 23 0 1 5 6 23 23
split_gain=61.2079 34.9183 25.0827 19.5701 9.64556 9.43787 6.57266 6.00759 4.35202 3.67684 3.58442 3.35296 5.01513 3.32783
threshold=66.265000000000015 0.92599062340417404 0.9052873537896472 -0.10059999999999999 1.0000000180025095e-35 57.400000000000006 63.220000000000006 0.96901616890815878 25.585000000000004 53.650000000000006 842.19500000000005 13.005000000000001 0.96901616890815878 0.30163443639916493
decision_type=2 2 2 2 2 2 2 2 2 2 2 2 2 2
left_child=2 4 3 5 13 -1 9 8 -3 -5 -6 12 -4 -2
right_child=1 7 11 6 10 -7 -8 -9 -10 -11 -12 -13 -14 -15
leaf_value=0.14683356120914226 -0.7296586381188036 -0.11524218981087207 -0.30295293551802638 0.5895508023721725 -0.095628618381842986 -0.23936401079751551 -0.0072090286199748554 0.42768188210241498 0.31602959405947478 0.23705074515171348 -0.33567907233655453 0.75793452535450467 0.66739702316999439 -0.55825780408203596
leaf_weight=101 121 73 15.999999999999998 83 181 236 153 123 24 321 85 268 19 332
leaf_count=101 121 73 16 83 181 236 153 123 24 321 85 268 19 332
internal_value=-0.000374532 -0.00993078 0.00712197 0.00290828 -0.0152643 -0.00660237 0.00866248 0.0075 -0.00180412 0.012005 -0.00770677 0.0195545 0.005 -0.019702
internal_weight=2136 939 1197 894 719 337 557 220 97 404 266 303 35 453
internal_count=2136 939 1197 894 719 337 557 220 97 404 266 303 35 453
is_linear=0
shrinkage=0.05


Tree=5
num_leaves=15
num_cat=0
split_feature=4 22 22 6 10 4 4 22 22 22 22 4 6 9
split_gain=59.4859 42.5005 14.3462 13.473 12.7741 10.2106 6.63008 5.21997 5.00157 4.75695 4.26629 3.97366 3.80699 2.87342
threshold=63.220000000000006 0.24684749415872467 0.42471264173135381 30.380000000000006 -0.10059999999999999 69.685000000000016 53.650000000000006 0.40907743338811486 0.95338485815333007 0.060169887675273891 0.84484927454466385 53.650000000000006 13.005000000000001 0.37500000000000006
decision_type=2 2 2 2 2 2 2 2 2 2 2 2 2 2
left_child=2 9 -1 5 6 7 -4 -3 -7 -2 -5 -6 -11 -13
right_child=1 3 4 10 11 8 -8 -9 -10 12 -12 13 -14 -15
leaf_value=0.76903782388231168 -0.055613224784526974 0.063037829604357484 0.28332015730334825 0.4092746891942583 0.5600732622535638 -0.55691062019357085 -0.15190010609961677 -0.23246484262272349 -0.55122623454636521 -0.0561053421046026 -0.24111681389060247 0.084953605304967594 0.63816781738389483 0.46438246308681741
leaf_weight=211 18 73 53 82 83 346 189 424 118 18 64 189 136 132
leaf_count=211 18 73 53 82 83 346 189 424 118 18 64 189 136 132
internal_value=-0.000304307 -0.00713448 0.00988915 -0.0107272 0.00619195 -0.0128772 -0.00289256 -0.00789738 -0.0182112 0.0159884 0.00342466 0.0116337 0.0188312 0.00911215
internal_weight=2136 1279 857 1107 646 961 242 497 464 172 146 404 154 321
internal_count=2136 1279 857 1107 646 961 242 497 464 172 146 404 154 321
is_linear=0
shrinkage=0.05


Tree=6
num_leaves=15
num_cat=0
split_feature=1 23 23 6 10 1 23 23 23 23 1 23 1 23
split_gain=55.9913 41.0756 14.1303 13.9208 11.9655 9.34784 5.05126 4.75695 4.75397 4.601 4.37801 3.92093 3.37793 3.24885
threshold=63.220000000000006 0.96901616890815878 0.81922450700169669 30.380000000000006 -0.29389999999999994 69.685000000000016 0.91245913578114801 0.99815109357002252 0.30163443639916493 0.49064204624668717 56.610000000000007 0.63255009372278048 50.035000000000004 0.53493525241775031
decision_type=2 2 2 2 2 2 2 2 2 2 2 2 2 2
left_child=2 3 4 5 12 6 -2 -3 -7 -5 -6 -12 -1 -14
right_child=1 7 -4 9 10 8 -8 -9 -10 -11 11 -13 13 -15
leaf_value=0.30540414466980925 -0.2208416004915873 0.55249472071186456 0.51358592505880141 -0.30624880958748779 0.42676006910692843 -0.52366492281904697 0.059885938124139587 -0.052832563545300616 -0.52906508918389228 0.32793282996104306 0.23737537812770562 -0.10770976032749249 -0.48598472116334152 -0.0013051045497285418
leaf_weight=9.9999999999999982 424 154 308 56 150 118 73 18 346 90 200 64 74 51
leaf_count=10 424 154 308 56 150 118 73 18 346 90 200 64 74 51
internal_value=-0.000117041 -0.00674355 0.00977246 -0.0102755 0.00496357 -0.012461 -0.00769618 0.0159884 -0.0175647 0.00410959 0.00917874 0.00530303 -0.00796296 -0.0102
internal_weight=2136 1279 857 1107 549 961 497 172 464 146 414 264 135 125
internal_count=2136 1279 857 1107 549 961 497 172 464 146 414 264 135 125
is_linear=0
shrinkage=0.05


Tree=7
num_leaves=15
num_cat=0
split_feature=1 22 22 10 10 1 1 1 9 22 22 5 20 10
split_gain=53.4223 26.9793 24.021 18.7418 8.52876 8.03647 7.53783 4.71908 4.56307 4.14494 3.81407 2.92025 2.77372 2.00068
threshold=66.265000000000015 0.37744852145085445 0.37744852145085445 -0.10059999999999999 1.0000000180025095e-35 53.650000000000006 53.650000000000006 75.565000000000012 0.37500000000000006 0.95338485815333007 0.96319629568591714 842.19500000000005 16775.780000000002 -0.10059999999999999
decision_type=2 2 2 2 2 2 2 2 2 2 2 2 2 2
left_child=2 7 -1 5 9 -4 -5 12 -8 -3 -11 -6 -2 -9
right_child=1 4 3 6 11 -7 8 13 -10 10 -12 -13 -14 -15
leaf_value=0.70969096090355421 0.38760013943177607 -0.48661465975450063 0.25388394220469035 0.49623154990917206 -0.086584645210130526 -0.18423984467307986 0.027655036374262656 -0.35302379094854319 0.33173303927252218 0.44781885785429038 -0.80743117886217086 -0.28359631513104161 -0.0087628833348881718 0.0073422275928994975
leaf_weight=260 133 332 53 91 181 297 289 17 207 18 103 85 44 26
leaf_count=260 133 332 53 91 181 297 289 17 207 18 103 85 44 26
internal_value=-0.000257491 -0.0091853 0.00674603 0.00301494 -0.0138734 -0.00614286 0.0084753 0.00613636 0.00604839 -0.0180464 -0.010124 -0.00676692 0.00974576 -0.00872093
internal_weight=2136 939 1197 937 719 350 587 220 496 453 121 266 177 43
internal_count=2136 939 1197 937 719 350 587 220 496 453 121 266 177 43
is_linear=0
shrinkage=0.05


Tree=8
num_leaves=15
num_cat=0
split_feature=1 23 23 10 10 1 1 1 23 10 9 10 5 20
split_gain=51.9063 24.9913 21.8318 17.5224 8.81539 7.30181 6.32721 4.45608 4.14494 4.03179 3.90842 2.75926 2.62246 2.52498
threshold=66.265000000000015 0.92599062340417404 0.92599062340417404 -0.10059999999999999 1.0000000180025095e-35 53.650000000000006 54.465000000000011 73.835000000000008 0.30163443639916493 -0.29389999999999994 0.37500000000000006 -0.10059999999999999 842.19500000000005 16775.780000000002
decision_type=2 2 2 2 2 2 2 2 2 2 2 2 2 2
left_child=2 4 3 6 8 -5 -1 13 9 -2 -7 -9 -6 -3
right_child=1 7 -4 5 12 10 -8 11 -10 -11 -12 -13 -14 -15
leaf_value=0.15743093326943006 -1.0125875700382567 0.38088871980152106 0.67420641285837657 0.47141997241371342 -0.082255412949624004 0.026272284555549509 -0.19698948289814033 -0.21695135406782781 -0.46228392676677565 -0.039438839581427632 0.3151463873088961 0.062575521765033101 -0.26941649937448953 -0.0083247391681437796
leaf_weight=65 50 123 260 91 181 289 285 22 332 71 207 35 85 40
leaf_count=65 50 123 260 91 181 289 285 22 332 71 207 35 85 40
internal_value=-0.000491573 -0.0092918 0.00641186 0.00285486 -0.0138039 0.00813458 -0.006 0.00545455 -0.0180464 -0.010124 0.00574597 -0.00657895 -0.00657895 0.00966258
internal_weight=2136 939 1197 937 719 587 350 220 453 121 496 57 266 163
internal_count=2136 939 1197 937 719 587 350 220 453 121 496 57 266 163
is_linear=0
shrinkage=0.05


Tree=9
num_leaves=15
num_cat=0
split_feature=4 23 23 6 23 21 7 4 4 4 5 23 23 23
split_gain=48.8456 34.4899 14.5348 12.0878 11.7678 15.1294 8.08559 6.49825 5.39306 3.95473 3.75092 3.68241 3.29938 5.8134
threshold=63.220000000000006 0.92599062340417404 0.81922450700169669 30.380000000000006 0.47558139622940165 12060.420000000002 114.54000000000001 69.035000000000011 75.685000000000016 53.650000000000006 420.44500000000005 0.53493525241775031 0.99815109357002252 0.98369513783825568
decision_type=2 2 2 2 2 2 2 2 2 2 2 2 2 2
left_child=2 3 6 4 5 -2 9 -6 12 -1 -11 -5 13 -3
right_child=1 8 -4 11 7 -7 -8 -9 -10 10 -12 -13 -14 -15
leaf_value=0.39045420594869973 -0.94133944436160411 0.080040842783857258 0.43896174676632438 -0.22116107079742353 -0.193233334905166 0.031609409669492994 -0.26758715169344338 -0.51296465950360515 -0.16825586536270032 -0.088792852173822073 0.19631628903490719 0.35485631709815535 -0.054204351242764529 0.70156035936896866
leaf_weight=94 101 152 308 64 256 229 67 264 42 107 281 66 17 88
leaf_count=94 101 152 308 64 256 229 67 264 42 107 281 66 17 88
internal_value=-0.00039794 -0.00658718 0.00883897 -0.0111224 -0.0132941 -0.00590909 0.00396175 -0.0179808 0.00827759 0.00622407 0.00399485 0.00307692 0.0109922 0.0125
internal_weight=2136 1279 857 980 850 330 549 520 299 482 388 130 257 240
internal_count=2136 1279 857 980 850 330 549 520 299 482 388 130 257 240
is_linear=0
shrinkage=0.05


Tree=10
num_leaves=15
num_cat=0
split_feature=1 22 22 1 6 22 21 6 13 22 1 22 22 22
split_gain=44.6872 23.0919 20.3751 12.7332 7.99826 8.77973 7.05261 6.83877 10.1609 4.14764 4.07857 3.58519 3.38775 4.089
threshold=66.265000000000015 0.37744852145085445 0.37744852145085445 53.650000000000006 30.380000000000006 0.9239481815140983 12060.420000000002 30.380000000000006 0.51000000000000012 0.91024686087223017 75.685000000000016 0.87962967011031401 0.060169887675273891 0.17963823861099873
decision_type=2 2 2 2 2 2 2 2 2 2 2 2 2 2
left_child=2 10 -1 -4 5 -3 -7 8 -5 -9 12 -6 -2 -14
right_child=1 4 3 7 11 6 -8 9 -10 -11 -12 -13 13 -15
leaf_value=0.61676365370596231 -0.077947330816650048 -0.3824608419793783 0.33447541180451601 0.058942210846193478 0.24674383554603052 -0.93550996649300355 -0.020669401087740593 0.52657328973132989 -0.16793424005922292 -0.018018686376563765 -0.1598430720945653 -0.41374848151404786 0.62757993680479096 0.047083375842809666
leaf_weight=260 11.999999999999998 414 144 384 54 65 150 69 297 43 42 36 58 108
leaf_count=260 12 414 144 384 54 65 150 69 297 43 42 36 58 108
internal_value=-0.000327715 -0.00849308 0.00607769 0.00264141 -0.0128303 -0.0148251 -0.00662791 0.000157629 -0.0017254 0.0116071 0.00568182 0.00111111 0.00898876 0.0108434
internal_weight=2136 939 1197 937 719 629 215 793 681 112 220 90 178 166
internal_count=2136 939 1197 937 719 629 215 793 681 112 220 90 178 166
is_linear=0
shrinkage=0.05


Tree=11
num_leaves=15
num_cat=0
split_feature=4 22 22 10 10 4 4 4 22 9 22 6 21 20
split_gain=44.6066 24.3865 16.9826 14.2586 10.9395 5.65257 5.52858 5.21144 4.8511 3.32252 3.02361 2.98626 2.1172 1.66714
threshold=64.88000000000001 0.24684749415872467 0.37744852145085445 -0.10059999999999999 -0.10059999999999999 53.650000000000006 53.650000000000006 70.070000000000007 0.060169887675273891 0.37500000000000006 0.90299113182541202 13.005000000000001 15373.250000000002 15014.405000000001
decision_type=2 2 2 2 2 2 2 2 2 2 2 2 2 2
left_child=2 8 13 6 -3 -5 -4 12 -2 -7 -9 -10 -6 -1
right_child=1 4 3 5 7 9 -8 10 11 -11 -12 -13 -14 -15
leaf_value=0.65242546720596684 -0.10050316141184129 -0.4177643907803143 0.19707171754332353 0.41160249290536699 0.0092791605875265255 0.029334969190977247 -0.14745002793765841 -0.35392650397682313 -0.089424245596249508 0.27610859013061589 -0.18237988961850587 0.4439840148289026 -0.12155401158903623 0.55267016606609065
leaf_weight=147 14.999999999999998 350 53 91 242 245 259 200 17 175 102 109 55 76
leaf_count=147 15 350 53 91 242 245 259 200 17 175 102 109 55 76
internal_value=-0.000444757 -0.00752294 0.00693117 0.00361482 -0.0104057 0.00875734 -0.00480769 -0.00630217 0.0118794 0.00630952 -0.0109272 0.0150794 -0.00159933 0.0191704
internal_weight=2136 1090 1046 823 949 511 312 599 141 420 302 126 297 223
internal_count=2136 1090 1046 823 949 511 312 599 141 420 302 126 297 223
is_linear=0
shrinkage=0.05


Tree=12
num_leaves=15
num_cat=0
split_feature=1 23 23 6 1 1 23 23 7 23 23 13 5 1
split_gain=41.4799 29.6897 12.5057 10.8613 8.0594 7.2443 6.97397 3.88808 3.84226 3.81349 3.78858 3.6881 3.33849 2.87849
threshold=63.135000000000012 0.96901616890815878 0.9052873537896472 30.380000000000006 68.265000000000015 53.650000000000006 0.42957308670649791 0.53493525241775031 114.54000000000001 0.50555750738881688 0.99815109357002252 0.51000000000000012 420.44500000000005 71.465000000000018
decision_type=2 2 2 2 2 2 2 2 2 2 2 2 2 2
left_child=2 3 5 4 11 -1 -6 -5 12 -10 13 -2 -7 -3
right_child=1 10 -4 7 6 8 -8 -9 9 -11 -12 -13 -14 -15
leaf_value=0.30253478595307293 -0.024351627282768587 0.55921871720689997 0.55730419384566854 -0.19731171752361945 -0.34753572478398698 -0.059776757854728448 -0.35359547649613282 0.35784986457609619 -0.510938571172184 0.014148810151172154 -0.069024806205225511 -0.23410437406097728 0.16730670925539778 0.11348345683558902
leaf_weight=136 233 108 207 64 196 124 365 82 28 36 18 175 318 46
leaf_count=136 233 108 207 64 196 124 365 82 28 36 18 175 318 46
internal_value=-0.000304307 -0.00596348 0.00827444 -0.00894619 -0.0108617 0.00482866 -0.0147504 0.00376712 0.0020751 -0.009375 0.0133721 -0.00551471 0.00373303 0.0159091
internal_weight=2136 1287 849 1115 969 642 561 146 506 64 172 408 442 154
internal_count=2136 1287 849 1115 969 642 561 146 506 64 172 408 442 154
is_linear=0
shrinkage=0.05


Tree=13
num_leaves=15
num_cat=0
split_feature=1 23 23 1 10 10 23 23 9 23 23 10 23 1
split_gain=36.048 20.7842 16.573 14.6436 11.6651 7.82472 4.68225 4.0596 3.75802 3.68781 4.6993 3.29467 3.08341 2.66667
threshold=66.195000000000007 0.92599062340417404 0.96901616890815878 53.650000000000006 -0.10059999999999999 1.0000000180025095e-35 0.99815109357002252 0.61913436964878354 0.24500000000000002 0.98045953152007548 0.99696839222562084 -0.29389999999999994 0.94422823979932036 72.580000000000013
decision_type=2 2 2 2 2 2 2 2 2 2 2 2 2 2
left_child=2 5 3 -1 -5 7 -4 11 -6 12 -11 -2 -3 -12
right_child=1 9 6 4 8 -7 -8 -9 -10 10 13 -13 -14 -15
leaf_value=0.36340687377506375 -0.75466209390891881 0.15728214559489967 0.67960317074155319 -0.13223724912886337 -0.0030671323548096875 -0.14100185836437804 -0.021060979606990937 -0.34598287850056642 0.2179550706499648 0.54079789899578679 0.19965486816485126 -0.19276925175692494 -0.056513225736714336 -0.27887662588772522
leaf_weight=164 110 39 154 323 210 270 10.999999999999998 196 327 66 15.000000000000002 148 93 9.9999999999999982
leaf_count=164 110 39 154 323 210 270 11 196 327 66 15 148 93 10
internal_value=-0.000351124 -0.00762936 0.00544575 0.00307617 0.000465116 -0.0117403 0.0201515 -0.0157489 0.00498138 0.00571749 0.0134615 -0.0116279 0.000378788 -0.005
internal_weight=2136 947 1189 1024 860 724 165 454 537 223 91 258 132 25
internal_count=2136 947 1189 1024 860 724 165 454 537 223 91 258 132 25
is_linear=0
shrinkage=0.05


Tree=14
num_leaves=15
num_cat=0
split_feature=22 1 1 6 22 1 22 1 22 22 6 13 6 22
split_gain=34.3267 31.5816 10.0627 10.0409 8.38668 7.81146 7.52554 4.12679 3.89981 3.84783 3.53307 4.106 3.4793 3.21841
threshold=0.24684749415872467 63.220000000000006 53.650000000000006 30.380000000000006 0.060169887675273891 68.265000000000015 0.90299113182541202 70.365000000000009 0.87962967011031401 0.5009122898073749 30.380000000000006 0.51000000000000012 13.005000000000001 0.91024686087223017
decision_type=2 2 2 2 2 2 2 2 2 2 2 2 2 2
left_child=4 2 -2 5 -1 9 -7 -6 -5 -3 11 -4 -9 -12
right_child=1 3 10 8 7 6 -8 12 -10 -11 13 -13 -14 -15
leaf_value=-0.046603114551368834 0.34523653008631056 0.02267033749906764 0.11850094205159319 0.27934181872308689 0.62531899823207249 -0.31999821841660847 -0.32172423274808415 -0.3370158402371512 -0.29182265217704045 -0.14908552684868268 0.52704008688760617 -0.07867181057235817 0.22449790734199029 -0.050186270559534396
leaf_weight=24 164 92 283 90 203 365 196 9.9999999999999982 56 308 55 214 51 25
leaf_count=24 164 92 283 90 203 365 196 10 56 308 55 214 51 25
internal_value=-0.000257491 -0.00275974 0.00522942 -0.0081075 0.0157986 -0.00996358 -0.0137701 0.0183712 0.00410959 -0.004625 0.00212305 0.00055332 0.00696721 0.011875
internal_weight=2136 1848 741 1107 288 961 561 264 146 400 577 497 61 80
internal_count=2136 1848 741 1107 288 961 561 264 146 400 577 497 61 80
is_linear=0
shrinkage=0.05


Tree=15
num_leaves=15
num_cat=0
split_feature=22 1 10 1 1 10 22 22 7 22 1 1 22 22
split_gain=34.0065 29.836 10.5039 7.3486 7.2334 5.21094 5.00622 7.29399 4.77006 8.4542 4.39047 3.83244 3.7629 3.1273
threshold=0.37744852145085445 63.220000000000006 1.0000000180025095e-35 53.650000000000006 71.945000000000007 -0.10059999999999999 0.19653276579064646 0.060169887675273891 55.750000000000007 0.87962967011031401 59.900000000000013 69.515000000000015 0.31288844364721724 0.99879288126755872
decision_type=2 2 2 2 2 2 2 2 2 2 2 2 2 2
left_child=4 3 8 -2 6 -5 7 -1 9 -3 -8 -4 -12 -7
right_child=1 2 11 5 -6 13 10 -9 -10 -11 12 -13 -14 -15
leaf_value=-0.025272941180825549 0.25197587646235053 -0.31623672831411098 0.058492659275603633 -0.085673037380466305 -0.042939511657483775 0.12759880665252285 0.44987006988167205 0.65094295390599777 -0.36165954553960866 0.053393577152399035 -0.02635823088899536 -0.21971497992494396 0.27577114646089124 0.68804952357568294
leaf_weight=19 144 147 194 197 88 316 61 166 370 94 90 175 56 19
leaf_count=19 144 147 194 197 88 316 61 166 370 94 90 175 56 19
internal_value=-0.000468165 -0.00386473 -0.00943878 0.00421598 0.01125 0.00150376 0.0141582 0.0201351 -0.0134615 -0.00798755 0.00881643 -0.00277778 0.00410959 0.00529851
internal_weight=2136 1656 980 676 480 532 392 185 611 241 207 369 146 335
internal_count=2136 1656 980 676 480 532 392 185 611 241 207 369 146 335
is_linear=0
shrinkage=0.05


Tree=16
num_leaves=15
num_cat=0
split_feature=22 4 10 22 9 4 4 4 4 6 22 22 7 10
split_gain=32.0955 28.6725 13.6747 7.98011 7.16814 6.24707 4.42268 4.41708 4.17185 3.27101 3.1492 3.12909 3.23891 3.08568
threshold=0.24684749415872467 60.570000000000007 -0.10059999999999999 0.060169887675273891 0.24500000000000002 53.650000000000006 68.100000000000009 70.070000000000007 70.365000000000009 13.005000000000001 0.89546819317495652 0.57340843044527534 114.54000000000001 -0.10059999999999999
decision_type=2 2 2 2 2 2 2 2 2 2 2 2 2 2
left_child=3 5 6 -1 10 11 -3 -6 -5 -10 -4 -2 -13 -7
right_child=1 2 4 8 7 13 -8 -9 9 -11 -12 12 -14 -15
leaf_value=-0.043009311764759112 0.37251333335441628 -0.17756207916661274 -0.14162782359570222 0.56150590062516892 0.10154927431256432 -0.040408146182127617 -0.45686081674735352 -0.18892486710287321 -0.31801807264241944 0.18868998521991767 -0.070461445064253336 0.27583316648598172 -0.39203580541711947 0.17983148926088763
leaf_weight=24 59 245 212 203 310 137 248 187 9.9999999999999982 51 100 94 10.999999999999998 245
leaf_count=24 59 245 212 203 310 137 248 187 10 51 100 94 11 245
internal_value=-0.000421348 -0.00284091 -0.00687404 0.0151042 -0.00287392 0.00677656 -0.0134381 0.000855131 0.0176136 0.00614754 -0.0088141 0.014939 0.0097619 0.00327225
internal_weight=2136 1848 1302 288 809 546 493 497 264 61 312 164 105 382
internal_count=2136 1848 1302 288 809 546 493 497 264 61 312 164 105 382
is_linear=0
shrinkage=0.05


Tree=17
num_leaves=15
num_cat=0
split_feature=22 1 1 20 6 22 21 1 22 22 5 22 9 1
split_gain=31.5002 26.326 10.6713 6.94444 6.48627 8.9854 9.96976 4.52247 3.90139 5.0625 3.67085 5.07141 4.94946 3.6479
threshold=0.37744852145085445 67.27500000000002 53.650000000000006 16775.780000000002 30.380000000000006 0.88768027107944258 12060.420000000002 70.190000000000012 0.17963823861099873 0.077330756371236084 420.44500000000005 0.87962967011031401 0.37500000000000006 71.740000000000023
decision_type=2 2 2 2 2 2 2 2 2 2 2 2 2 2
left_child=3 2 -2 7 5 13 -7 -1 9 -5 11 -4 -12 -3
right_child=1 4 10 8 -6 6 -8 -9 -10 -11 12 -13 -14 -15
leaf_value=0.46283555495586048 0.22316842014322305 -0.18952219731106276 -0.18303995230470124 -0.13176619123264968 0.055560749748864713 -0.76625545844631404 0.036041593772212943 0.075623869327837975 -0.11697370300964101 0.3537976186435704 -0.027826920236485121 0.08811205173195745 0.201621738552588 -0.49145429343071889
leaf_weight=269 144 172 125 11.999999999999998 81 73 148 91 72 36 428 93 228 164
leaf_count=269 144 172 125 12 81 73 148 91 72 36 428 93 228 164
internal_value=-0.000444757 -0.00371377 0.00127701 0.0108333 -0.0116771 -0.0135996 -0.00576923 0.0143056 0.000416667 0.0114583 -0.000800915 -0.00642202 0.00106707 -0.01875
internal_weight=2136 1656 1018 480 638 557 221 360 120 48 874 218 656 336
internal_count=2136 1656 1018 480 638 557 221 360 120 48 874 218 656 336
is_linear=0
shrinkage=0.05


Tree=18
num_leaves=15
num_cat=0
split_feature=22 1 1 10 22 10 22 6 22 1 22 9 6 7
split_gain=29.2885 25.5213 11.1446 8.23883 7.58365 6.97465 5.65683 9.34672 4.47212 4.21716 3.78118 3.19687 3.06914 2.88846
threshold=0.24684749415872467 67.27500000000002 53.650000000000006 -0.10059999999999999 0.060169887675273891 -0.29389999999999994 0.90299113182541202 30.380000000000006 0.97577266019832842 70.365000000000009 0.57340843044527534 0.24500000000000002 13.005000000000001 114.54000000000001
decision_type=2 2 2 2 2 2 2 2 2 2 2 2 2 2
left_child=4 2 10 -4 -1 -3 7 -7 -8 -6 -2 -5 -11 -12
right_child=1 5 3 11 9 6 8 -9 -10 12 13 -13 -14 -15
leaf_value=-0.064000623924314146 0.3392434513041111 -0.43241401835515891 -0.11161865141947883 -0.0066562499369163149 0.51319374287579211 -0.24850902669112485 0.11284572762690244 0.21143898590625831 -0.42187647291071928 -0.3080377669011467 0.25088308715452151 0.17002771003692851 0.17552936353698623 -0.38359243615342464
leaf_weight=24 59 192 355 238 203 297 85 65 84 9.9999999999999982 94 368 51 10.999999999999998
leaf_count=24 59 192 355 238 203 297 85 65 84 10 94 368 51 11
internal_value=-0.000421348 -0.00273268 0.00197778 -7.80437e-05 0.0144097 -0.0100622 -0.00710923 -0.0106354 0.000443787 0.0168561 0.0140244 0.00346535 0.00532787 0.00833333
internal_weight=2136 1848 1125 961 288 723 531 362 169 264 164 606 61 105
internal_count=2136 1848 1125 961 288 723 531 362 169 264 164 606 61 105
is_linear=0
shrinkage=0.05


Tree=19
num_leaves=15
num_cat=0
split_feature=1 23 1 10 23 23 6 23 10 6 23 1 21 6
split_gain=28.5408 20.5652 14.0454 8.06984 7.02774 5.65334 6.15445 5.55183 4.45321 3.8639 3.21222 3.15708 2.85824 2.76219
threshold=70.555000000000021 0.96901616890815878 56.610000000000007 -0.10059999999999999 0.92599062340417404 0.42957308670649791 30.380000000000006 0.99815109357002252 0.65755000000000019 30.380000000000006 0.81922450700169669 55.705000000000005 12658.940000000002 13.005000000000001
decision_type=2 2 2 2 2 2 2 2 2 2 2 2 2 2
left_child=1 2 10 -4 5 8 -7 -3 -2 -5 12 -12 -1 -6
right_child=4 7 3 9 13 6 -8 -9 -10 -11 11 -13 -14 -15
leaf_value=0.015517735686868895 -0.46393857905783503 0.4715824564907064 -0.13668241843729342 -0.0079409244543998895 -0.24468373768663751 -0.39326471893311238 0.068867019444807692 -0.041800575085123581 0.3069511209158009 0.18935281537827914 0.30362974854938357 -0.1610272370598006 0.30362044842321012 0.056919086835455095
leaf_weight=105 128 209 423 523 15.999999999999998 221 34 19 23 162 78 10.999999999999998 90 94
leaf_count=105 128 209 423 523 16 221 34 19 23 162 78 11 90 94
internal_value=-0.000514981 0.00274691 0.000466954 -0.00207581 -0.0107558 -0.0137931 -0.0183333 0.0166667 -0.00612583 0.00127737 0.0103873 0.0182584 0.00679487 0.000454545
internal_weight=2136 1620 1392 1108 516 406 255 228 151 685 284 89 195 110
internal_count=2136 1620 1392 1108 516 406 255 228 151 685 284 89 195 110
is_linear=0
shrinkage=0.05


Tree=20
num_leaves=15
num_cat=0
split_feature=1 22 1 10 22 22 22 8 10 7 10 22 0 22
split_gain=26.6729 18.8414 13.4516 7.64128 6.15156 5.7069 5.27313 4.87619 4.30881 3.8639 3.02837 2.90509 2.92473 2.76169
threshold=70.555000000000021 0.24684749415872467 56.610000000000007 -0.10059999999999999 0.3933211724509133 0.90299113182541202 0.060169887675273891 17.745000000000005 0.65755000000000019 92.320000000000007 -0.10059999999999999 0.57340843044527534 21.655000000000005 0.57340843044527534
decision_type=2 2 2 2 2 2 2 2 2 2 2 2 2 2
left_child=1 6 11 13 10 7 -1 -6 -7 -5 -2 -3 -13 -4
right_child=4 2 3 9 5 8 -8 -9 -10 -11 -12 12 -14 -15
leaf_value=-0.039710546330867395 -0.077911965374457534 0.26344815255457776 -0.0029148050044573827 -0.0075438782316798961 -0.38053123786141313 -0.44074165010494326 0.44800333366617107 -0.025857266484716503 0.29160356487001082 0.17988517460936515 0.060758336930481716 -0.18381060642287717 0.22946517629054528 -0.16967280331872475
leaf_weight=19 48 89 110 523 210 128 209 32 23 162 75 19 176 313
leaf_count=19 48 89 110 523 210 128 209 32 23 162 75 19 176 313
internal_value=-0.000468165 0.00268519 0.000502874 -0.00198556 -0.0103682 -0.0134224 0.0160088 -0.0181818 -0.0057947 0.00127737 -0.000609756 0.0102113 0.00679487 -0.0072695
internal_weight=2136 1620 1392 1108 516 393 228 242 151 685 123 284 195 423
internal_count=2136 1620 1392 1108 516 393 228 242 151 685 123 284 195 423
is_linear=0
shrinkage=0.05


Tree=21
num_leaves=15
num_cat=0
split_feature=1 23 23 23 10 20 20 20 23 10 10 23 6 1
split_gain=25.1879 13.6119 13.0132 8.55124 14.2742 6.40071 6.19134 6.06929 6.03351 5.47983 5.19 8.01159 7.33602 4.90829
threshold=67.27500000000002 0.91245913578114801 0.81922450700169669 0.63255009372278048 -0.29389999999999994 16775.780000000002 16775.780000000002 16775.780000000002 0.52032336593087203 0.65755000000000019 -0.29389999999999994 0.42957308670649791 30.380000000000006 53.895000000000003
decision_type=2 2 2 2 2 2 2 2 2 2 2 2 2 2
left_child=2 10 3 4 8 -3 -4 -5 -1 -6 -2 -12 -13 -8
right_child=1 5 6 7 9 -7 13 -9 -10 -11 11 12 -14 -15
leaf_value=-0.42348693046360736 -0.43252541278255968 0.18349759943922331 0.26049293213936736 -0.03336594332857018 0.11932462409837807 -0.11871611953901105 0.15764358956368715 -0.22512218474829315 0.091759546448763399 0.61793241574595548 0.021339497499519425 -0.27199320389115983 0.13301363592690871 -0.032591580341529716
leaf_weight=108 168 162 361 172 377 59 24 60 29 73 169 229 50 95
leaf_count=108 168 162 361 172 377 59 24 60 29 73 169 229 50 95
internal_value=-0.000374532 -0.00713859 0.00398383 0.000152625 0.00336457 0.00350679 0.0105208 -0.00797414 -0.0107664 0.00766667 -0.0109578 -0.00814732 -0.0133513 0.000630252
internal_weight=2136 837 1299 819 587 221 480 232 137 450 616 448 279 119
internal_count=2136 837 1299 819 587 221 480 232 137 450 616 448 279 119
is_linear=0
shrinkage=0.05


Tree=22
num_leaves=15
num_cat=0
split_feature=4 22 22 4 10 6 10 22 10 4 22 22 22 22
split_gain=24.5564 13.9741 10.6169 8.16503 7.03393 5.71803 4.80285 3.5733 10.0258 4.82819 3.47685 5.18718 5.04412 3.01433
threshold=63.905000000000008 0.37744852145085445 0.24684749415872467 53.650000000000006 1.0000000180025095e-35 13.005000000000001 -0.10059999999999999 0.87962967011031401 -0.29389999999999994 72.90000000000002 0.19653276579064646 0.060169887675273891 0.32917936166072764 0.57340843044527534
decision_type=2 2 2 2 2 2 2 2 2 2 2 2 2 2
left_child=2 5 -1 13 7 -2 -5 9 -9 -3 11 -7 -12 -4
right_child=1 4 3 6 -6 10 -8 8 -10 -11 12 -13 -14 -15
leaf_value=0.51906198334947151 -0.11699083199392009 -0.13248183998883475 0.28090273707673913 -0.062366076941389986 -0.065301256726501139 -0.079672464574218393 0.10239628184929135 -0.67270099469982925 0.050187926712796753 -0.4708276513374845 -0.035661133011106697 0.35503015394946547 0.26240259244544728 0.14791810360377014
leaf_weight=126 39 244 59 241 342 13.999999999999998 407 91 131 102 102 91 42 105
leaf_count=126 39 244 59 241 342 14 407 91 131 102 102 91 42 105
internal_value=-0.000514981 -0.00525876 0.00554371 0.00344828 -0.0082967 0.00434028 0.000925926 -0.0117077 -0.00675676 -0.0148844 0.00712851 0.0140476 0.00208333 0.0134146
internal_weight=2136 1198 938 812 910 288 648 568 222 346 249 105 144 164
internal_count=2136 1198 938 812 910 288 648 568 222 346 249 105 144 164
is_linear=0
shrinkage=0.05


Tree=23
num_leaves=15
num_cat=0
split_feature=4 22 4 6 22 22 22 22 6 10 22 22 21 4
split_gain=24.2463 18.3227 12.3913 7.20295 6.15988 5.11865 4.50411 4.5146 4.99608 4.16679 3.68723 3.66173 2.81032 2.63762
threshold=70.555000000000021 0.19653276579064646 56.735000000000007 30.380000000000006 0.060169887675273891 0.8713187725699193 0.37744852145085445 0.90299113182541202 30.380000000000006 0.65755000000000019 0.78523795966413312 0.57340843044527534 12658.940000000002 53.895000000000003
decision_type=2 2 2 2 2 2 2 2 2 2 2 2 2 2
left_child=1 4 11 10 -1 -5 -2 8 -8 -9 -4 13 -13 -3
right_child=6 2 3 5 -6 -7 7 9 -10 -11 -12 12 -14 -15
leaf_value=-0.068107575618829852 -0.0065863983001631377 0.26664284736078397 -0.065233158727602533 0.38495669874801958 0.49090582411562739 -0.080464861498138543 -0.32829341478474744 -0.39545005961978241 0.063330912836782757 0.2792214745878594 -0.010553833671512759 0.017047031430990067 0.2696712988027859 0.082370277817336357
leaf_weight=19 110 70 487 103 159 66 221 128 34 23 485 107 90 34
leaf_count=19 110 70 487 103 159 66 221 128 34 23 485 107 90 34
internal_value=-0.000444757 0.00256173 0.000693481 -0.00168712 0.0176966 0.00784024 -0.00988372 -0.0123153 -0.0163725 -0.00546358 -0.00334362 0.00971761 0.00571066 0.0173077
internal_weight=2136 1620 1442 1141 178 169 516 406 255 151 972 301 197 104
internal_count=2136 1620 1442 1141 178 169 516 406 255 151 972 301 197 104
is_linear=0
shrinkage=0.05


Tree=24
num_leaves=15
num_cat=0
split_feature=1 22 22 22 10 20 22 10 22 22 8 1 20 22
split_gain=20.7921 11.3924 9.7276 8.94843 8.72877 7.66891 6.33224 5.66719 10.3312 6.94664 6.0151 4.77376 6.75429 5.26382
threshold=63.905000000000008 0.57340843044527534 0.57340843044527534 0.77447169083781808 -0.29389999999999994 16775.780000000002 0.19653276579064646 -0.29389999999999994 0.77447169083781808 0.84484927454466385 17.745000000000005 53.895000000000003 16775.780000000002 0.17963823861099873
decision_type=2 2 2 2 2 2 2 2 2 2 2 2 2 2
left_child=2 5 11 -3 -5 6 -2 9 10 -4 -9 -1 -13 -14
right_child=1 3 7 4 -6 -7 -8 8 -10 -11 -12 12 13 -15
leaf_value=0.3035057361905184 0.33514527857645515 -0.23042027570266638 0.066598711574076652 -0.53236546292893461 -0.04240589092638565 -0.10658710360517452 0.013814368496786678 -0.13270031409326682 0.2418714177955654 -0.37423587208053033 0.38977343817190252 0.24448063262678141 0.36873299768907625 -0.23152149559865465
leaf_weight=82 90 223 61 133 383 119 250 97 337 91 19 196 19 36
leaf_count=82 90 223 61 133 383 119 250 97 337 91 19 196 19 36
internal_value=-0.000351124 -0.00471619 0.00522388 -0.00855886 -0.00494186 0.00147059 0.00529412 0.00144628 0.00424945 -0.00690789 -0.00862069 0.0120871 0.00866534 -0.00681818
internal_weight=2136 1198 938 739 516 459 340 605 453 152 116 333 251 55
internal_count=2136 1198 938 739 516 459 340 605 453 152 116 333 251 55
is_linear=0
shrinkage=0.05


Tree=25
num_leaves=15
num_cat=0
split_feature=1 22 10 20 22 22 6 22 22 1 10 22 6 22
split_gain=20.6047 15.5227 9.88203 6.95175 7.17331 6.47329 4.35195 6.6412 5.43924 3.91454 3.12166 6.36292 4.123 3.95405
threshold=60.570000000000007 0.19653276579064646 -0.10059999999999999 16775.780000000002 0.060169887675273891 0.57340843044527534 30.380000000000006 0.89546819317495652 0.84484927454466385 75.970000000000013 -0.29389999999999994 0.77447169083781808 16.055000000000003 0.86275003778655002
decision_type=2 2 2 2 2 2 2 2 2 2 2 2 2 2
left_child=5 3 9 4 -2 -1 7 -4 -8 -3 13 12 -12 -7
right_child=1 2 6 -5 -6 10 8 -9 -10 -11 11 -13 -14 -15
leaf_value=0.25485260868012832 -0.076926228469227365 -0.12927955083070755 -0.090675620255060263 -0.036081241951170906 0.38347609111738806 0.065620622261403541 0.3194455520048769 0.14573571311361216 -0.10716383032549248 -0.59525784884923794 -0.16379590461670607 0.29222578035516583 0.00443470828711674 -0.29702407466180658
leaf_weight=213 17 434 452 43 107 41 106 208 76 77 28 224 51 59
leaf_count=213 17 434 452 43 107 41 106 208 76 77 28 224 51 59
internal_value=-0.000327715 -0.00345395 -0.00522912 0.0109281 0.0169355 0.00738636 -0.00190024 -0.00378788 0.00494505 -0.0107143 0.00366005 0.00618812 -0.00601266 -0.004
internal_weight=2136 1520 1353 167 124 616 842 660 182 511 403 303 79 100
internal_count=2136 1520 1353 167 124 616 842 660 182 511 403 303 79 100
is_linear=0
shrinkage=0.05


Tree=26
num_leaves=15
num_cat=0
split_feature=4 22 4 22 6 22 22 20 22 22 20 4 5 4
split_gain=18.3837 13.6162 9.35289 6.57676 5.60491 6.0503 5.22906 5.01378 3.7164 3.55392 4.57049 3.93514 3.81349 2.81089
threshold=70.190000000000012 0.19653276579064646 56.735000000000007 0.060169887675273891 30.380000000000006 0.8713187725699193 0.40907743338811486 16775.780000000002 0.99879288126755872 0.88768027107944258 16775.780000000002 73.990000000000023 679.98000000000013 64.495000000000019
decision_type=2 2 2 2 2 2 2 2 2 2 2 2 2 2
left_child=1 3 -3 -1 8 -6 -2 -5 -4 11 -11 12 -8 -9
right_child=6 2 4 7 5 -7 9 13 -10 10 -12 -13 -14 -15
leaf_value=-0.073079917045765982 2.154033589143456e-05 0.16770196831158649 -0.052352770119716445 0.50245678196729804 0.36540867537079191 -0.10397581252164073 -0.21793674938951374 0.35210040990218094 0.44459665115889158 -0.51625047339334285 0.16540096620307973 -0.44571481099521892 0.059390625772695674 -0.039200141986730414
leaf_weight=19 143 301 909 114 100 64 84 23 37 130 41 115 42 13.999999999999998
leaf_count=19 143 301 909 114 100 64 84 23 37 130 41 115 42 14
internal_value=-0.000234082 0.00251423 0.000903614 0.0158824 -0.00121622 0.00731707 -0.00806306 0.0193709 -0.00269556 -0.0109223 -0.00540936 -0.014834 -0.00873016 0.00337838
internal_weight=2136 1581 1411 170 1110 164 555 151 946 412 171 241 126 37
internal_count=2136 1581 1411 170 1110 164 555 151 946 412 171 241 126 37
is_linear=0
shrinkage=0.05


Tree=27
num_leaves=15
num_cat=0
split_feature=23 20 10 23 23 23 6 9 23 23 23 23 23 6
split_gain=18.7672 13.1856 12.5558 17.5 7.09343 8.50694 6.89062 6.38021 6.21903 7.54769 4.45337 3.82446 2.18939 2.26717
threshold=0.81922450700169669 16775.780000000002 -0.29389999999999994 0.63255009372278048 0.98045953152007548 0.99815109357002252 16.055000000000003 0.24500000000000002 0.048361154940047744 0.21861778653020106 0.52032336593087203 0.61913436964878354 0.83846383739339581 30.380000000000006
decision_type=2 2 2 2 2 2 2 2 2 2 2 2 2 2
left_child=2 4 10 8 12 -6 -5 -8 -4 -10 -1 -12 -2 -14
right_child=1 -3 3 6 5 -7 7 -9 9 -11 11 -13 13 -15
leaf_value=-0.49292274061230928 0.12394289761006215 -0.041213271551173228 0.56500716706946275 -0.23927484150010037 0.44796159533552349 -0.071771778358489899 -0.13853556004301129 0.046766269329913568 -0.22572880378230475 0.098244085465624173 0.065520513536254613 -0.11665311089324155 0.028483142011130159 0.34097115720139376
leaf_weight=192 36 198 54 96 144 18 96 96 180 486 42 102 330 66
leaf_count=192 36 198 54 96 144 18 96 96 180 486 42 102 330 66
internal_value=-0.000234082 0.00587121 -0.00383185 -0.00104167 0.00959596 0.0185185 -0.0114583 -0.00598958 0.003125 0.0018018 -0.0122024 -0.00555556 0.00625 0.00517677
internal_weight=2136 792 1344 1008 594 162 288 192 720 666 336 144 432 396
internal_count=2136 792 1344 1008 594 162 288 192 720 666 336 144 432 396
is_linear=0
shrinkage=0.05


Tree=28
num_leaves=15
num_cat=0
split_feature=4 23 23 4 20 23 10 10 23 6 4 23 20 4
split_gain=20.1547 10.5954 8.44143 6.9781 6.06456 4.39243 3.93716 3.76815 5.20337 3.74477 3.63745 3.55104 2.44258 2.41605
threshold=67.38000000000001 0.98045953152007548 0.91245913578114801 56.735000000000007 16775.780000000002 0.99815109357002252 1.0000000180025095e-35 -0.29389999999999994 0.42957308670649791 30.380000000000006 79.865000000000023 0.21861778653020106 16775.780000000002 46.830000000000005
decision_type=2 2 2 2 2 2 2 2 2 2 2 2 2 2
left_child=1 3 7 13 10 12 -5 -2 11 -10 -4 -9 -3 -1
right_child=2 5 4 6 -6 -7 -8 8 9 -11 -12 -13 -14 -15
leaf_value=0.55795128510914627 -0.33935775648959471 0.54903412465780688 0.13810582710965499 -0.042014329928979868 -0.092543234844743832 -0.065837332275553176 0.072607199646766471 -0.37189041938425982 -0.20393081418251235 0.091117273202098489 -0.29051194668240143 0.16208185949523257 0.1910235922988843 0.099146692114703505
leaf_weight=32 165 90 150 530 59 14.999999999999998 342 84 226 49 10.999999999999998 85 29 269
leaf_count=32 165 90 150 530 59 15 342 84 226 49 11 85 29 269
internal_value=-2.34082e-05 0.00384468 -0.00612183 0.0023231 0.00227273 0.0171642 5.73394e-05 -0.00915435 -0.00675676 -0.011 0.00729814 0.000147929 0.0203782 0.00888704
internal_weight=2136 1307 829 1173 220 134 872 609 444 275 161 169 119 301
internal_count=2136 1307 829 1173 220 134 872 609 444 275 161 169 119 301
is_linear=0
shrinkage=0.05


Tree=29
num_leaves=15
num_cat=0
split_feature=1 22 1 22 10 1 9 22 1 6 9 22 22 22
split_gain=17.8232 12.2135 8.25367 7.54383 4.10771 4.10453 3.61709 3.6049 3.23187 2.90543 2.74082 2.10534 1.86604 1.58309
threshold=70.555000000000021 0.19653276579064646 59.235000000000007 0.077330756371236084 -0.10059999999999999 76.065000000000012 0.46000000000000002 0.5009122898073749 46.830000000000005 13.005000000000001 0.24500000000000002 0.58741554219704073 0.57340843044527534 0.88768027107944258
decision_type=2 2 2 2 2 2 2 2 2 2 2 2 2 2
left_child=1 3 8 6 11 7 -1 -2 -3 -5 -6 -4 -10 -7
right_child=5 2 4 9 10 13 -8 -9 12 -11 -12 -13 -14 -15
leaf_value=-0.057160870413717826 0.018276975117888832 0.53005372085368896 -0.002943213783968729 0.035362619192700652 -0.044766918817953721 -0.40043890737989518 0.63783346539776886 -0.19370412804126552 0.097343369050764572 0.42264993966316999 0.082060677158867945 -0.1345940347438068 0.046890602649104579 -0.27417655887850234
leaf_weight=26 100 32 112 15.999999999999998 241 113 9.9999999999999982 245 119 126 372 259 307 58
leaf_count=26 100 32 112 16 241 113 10 245 119 126 372 259 307 58
internal_value=-4.68165e-05 0.00253086 0.00100555 0.0148876 -0.0015752 -0.00813953 -0.00555556 -0.005 0.00655022 0.0200704 0.00093801 -0.00572776 0.00539906 -0.0144737
internal_weight=2136 1620 1442 178 984 516 36 345 458 142 613 371 426 171
internal_count=2136 1620 1442 178 984 516 36 345 458 142 613 371 426 171
is_linear=0
shrinkage=0.05


Tree=30
num_leaves=15
num_cat=0
split_feature=1 22 1 22 10 1 22 22 1 7 5 1 21 13
split_gain=17.0805 12.2746 8.0018 6.55361 4.49137 4.18031 4.01074 3.137 2.96161 2.80438 2.68397 2.66958 2.64968 2.4992
threshold=70.555000000000021 0.19653276579064646 56.735000000000007 0.077330756371236084 -0.10059999999999999 79.235000000000014 0.40907743338811486 0.90299113182541202 73.990000000000023 49.140000000000008 739.99000000000012 46.830000000000005 12333.330000000002 0.32500000000000007
decision_type=2 2 2 2 2 2 2 2 2 2 2 2 2 2
left_child=1 3 11 -1 -4 6 10 8 -8 -5 -2 -3 -9 -6
right_child=5 2 4 9 13 -7 7 12 -10 -11 -12 -13 -14 -15
leaf_value=-0.0210466918938923 -0.015874028932292516 0.50355103481100449 -0.067551488950598371 0.033594488233065656 -0.036654420853812146 -0.49573296218031582 -0.082105883056088236 -0.5626820439016289 -0.35018216932083035 0.40151744268001144 0.22289487125417279 0.089322189056430024 0.18253836589828396 0.08095838903549063
leaf_weight=36 84 32 436 15.999999999999998 280 66 117 57 91 126 27 269 74 425
leaf_count=36 84 32 436 16 280 66 117 57 91 126 27 269 74 425
internal_value=-2.34082e-05 0.0025 0.000970874 0.0148876 -0.000942156 -0.00794574 -0.00622222 -0.0089233 -0.0127404 0.0197183 0.00202703 0.00822259 -0.0028626 0.00152482
internal_weight=2136 1620 1442 178 1141 516 450 339 208 142 111 301 131 705
internal_count=2136 1620 1442 178 1141 516 450 339 208 142 111 301 131 705
is_linear=0
shrinkage=0.05


Tree=31
num_leaves=15
num_cat=0
split_feature=1 22 1 22 6 22 22 1 22 1 6 22 6 22
split_gain=16.9073 11.6585 6.77417 6.17285 3.77318 4.57697 3.70489 3.56223 3.27279 2.82307 2.60765 2.17232 3.26155 2.97327
threshold=70.555000000000021 0.19653276579064646 59.235000000000007 0.077330756371236084 30.380000000000006 0.84484927454466385 0.37744852145085445 46.830000000000005 0.78523795966413312 79.580000000000027 13.005000000000001 0.90299113182541202 24.295000000000005 0.96767518139081532
decision_type=2 2 2 2 2 2 2 2 2 2 2 2 2 2
left_child=1 3 7 -1 8 -6 -2 -3 -4 11 -5 12 -8 -13
right_child=6 2 4 10 5 -7 9 -9 -10 -11 -12 13 -14 -15
leaf_value=-0.019994357299197674 -0.00028015568686953209 0.47837348307045424 -0.056842203600489465 0.03191476382141234 0.38898926443474635 -0.097677365465225124 -0.20951116819564339 0.061719230298527245 0.0094014383376586838 -0.59500848326524625 0.38144157054601097 0.1885153673981857 -0.015007563460847619 -0.37818669812927719
leaf_weight=36 110 32 425 15.999999999999998 78 66 168 426 415 42 126 64 58 74
leaf_count=36 110 32 425 16 78 66 168 426 415 42 126 64 58 74
internal_value=-0.000257491 0.00225309 0.000762829 0.0143258 -0.0015752 0.00590278 -0.00813953 0.00578603 -0.00285714 -0.0103448 0.0190141 -0.00892857 -0.0119469 -0.00398551
internal_weight=2136 1620 1442 178 984 144 516 458 840 406 142 364 226 138
internal_count=2136 1620 1442 178 984 144 516 458 840 406 142 364 226 138
is_linear=0
shrinkage=0.05


Tree=32
num_leaves=15
num_cat=0
split_feature=22 1 22 1 7 1 11 1 8 1 11 5 22 0
split_gain=15.1315 12.6764 9.66964 4.62365 4.53146 4.49019 3.1193 2.72756 3.11962 2.63377 2.60258 2.50694 1.80135 1.53535
threshold=0.19653276579064646 68.215000000000018 0.077330756371236084 46.830000000000005 49.140000000000008 79.235000000000014 -0.98919999999999997 57.925000000000004 17.745000000000005 65.725000000000009 -0.99869999999999992 739.99000000000012 0.90299113182541202 24.760000000000002
decision_type=2 2 2 2 2 2 2 2 2 2 2 2 2 2
left_child=2 3 11 -2 9 6 13 10 -9 -4 -5 -1 -8 -3
right_child=1 5 4 7 -6 -7 12 8 -10 -11 -12 -13 -14 -15
leaf_value=-0.087695531797087889 0.45445480891693146 -0.056701294155727514 0.16882823182183115 0.22534090976977972 0.34954920618963325 -0.48951039190248385 -0.13069899506038324 -0.019851302268023785 0.11954777924149429 -0.051893438438518305 0.043565332192643559 0.4162389900396477 -0.13469116926104188 0.03250420482272167
leaf_weight=36 32 124 10.000000000000002 45 147 60 250 749 129 10.999999999999998 284 11.999999999999998 124 123
leaf_count=36 32 124 10 45 147 60 250 749 129 11 284 12 124 123
internal_value=-4.68165e-05 -0.00145833 0.0125 0.00155367 0.0181548 -0.00693833 -0.00567633 0.00105634 -0.000398633 -0.00357143 0.00493921 -0.00729167 -0.00855615 -0.00131579
internal_weight=2136 1920 216 1239 168 681 621 1207 878 21 329 48 374 247
internal_count=2136 1920 216 1239 168 681 621 1207 878 21 329 48 374 247
is_linear=0
shrinkage=0.05


Tree=33
num_leaves=15
num_cat=0
split_feature=4 22 10 22 22 6 6 6 22 4 22 22 10 22
split_gain=14.7863 11.3667 5.81265 11.9282 9.6727 14.2472 11.6402 4.92633 4.62607 4.03412 3.89721 2.68108 2.44875 2.12715
threshold=70.470000000000013 0.37744852145085445 -0.29389999999999994 0.86275003778655002 0.87962967011031401 16.055000000000003 16.055000000000003 13.005000000000001 0.060169887675273891 79.235000000000014 0.17963823861099873 0.81613017994572579 -0.10059999999999999 0.44022217077093501
decision_type=2 2 2 2 2 2 2 2 2 2 2 2 2 2
left_child=1 7 3 11 6 -6 -4 -1 -9 12 -10 -3 -2 -14
right_child=9 2 4 -5 5 -7 -8 8 10 -11 -12 -13 13 -15
leaf_value=-0.03128888152503273 -0.18571649887166899 0.0024712478319845578 -0.15787868953672926 -0.41737239033422463 0.51844582418641305 0.026117766002484812 0.038424126224137295 -0.070839557837232198 0.34489203170922889 -0.43608785450646254 0.10305588661910359 0.29732374669165401 0.054550861021338153 -0.098330850881123102
leaf_weight=44 169 149 178 134 136 270 357 17 122 66 184 20 73 217
leaf_count=44 169 149 178 134 136 270 357 17 122 66 184 20 73 217
internal_value=-9.3633e-05 0.00228119 0 -0.0060231 0.00193943 0.00775862 -0.00247664 0.0100136 0.0121517 -0.00738095 0.0135621 0.00281065 -0.00571895 -0.00293103
internal_weight=2136 1611 1244 303 941 406 535 367 323 525 306 169 459 290
internal_count=2136 1611 1244 303 941 406 535 367 323 525 306 169 459 290
is_linear=0
shrinkage=0.05


Tree=34
num_leaves=15
num_cat=0
split_feature=22 20 22 20 22 22 7 20 1 1 9 22 6 22
split_gain=13.5781 10.6402 10.5751 11.7556 14.5379 14.3149 7.1771 6.57031 5.57741 3.91934 3.78192 3.56364 3.40763 4.24259
threshold=0.57340843044527534 16775.780000000002 0.77447169083781808 16775.780000000002 0.87962967011031401 0.84484927454466385 114.54000000000001 16775.780000000002 62.455000000000005 59.145000000000003 0.24500000000000002 0.83552254320998587 30.380000000000006 0.077330756371236084
decision_type=2 2 2 2 2 2 2 2 2 2 2 2 2 2
left_child=1 9 7 5 11 -4 -7 8 10 -1 -2 -5 13 -11
right_child=2 -3 3 4 -6 6 -8 -9 -10 12 -12 -13 -14 -15
leaf_value=0.28275540192728382 -0.093071408415575096 -0.04655129132106442 0.14694032348625427 -0.00037439134484067442 0.41690958055915267 -0.12185993429311433 -0.43109840988370485 -0.21078692545288141 -0.12807755029664919 -0.039325984360595846 0.13122621343909624 -0.4294751656978128 0.47963282049802242 0.054353243651639405
leaf_weight=131 30 198 126 36 174 495 99 96 187 28 71 30 81 354
leaf_count=131 30 198 126 36 174 495 99 96 187 28 71 30 81 354
internal_value=4.68165e-05 0.0052399 -0.00301339 -0.000208333 0.009375 -0.00340278 -0.00664983 -0.010026 -0.00625 0.00858586 0.00321782 -0.0106061 0.00642549 0.00445026
internal_weight=2136 792 1344 960 240 720 594 384 288 594 101 66 463 382
internal_count=2136 792 1344 960 240 720 594 384 288 594 101 66 463 382
is_linear=0
shrinkage=0.05


Tree=35
num_leaves=15
num_cat=0
split_feature=23 23 10 21 1 23 6 23 1 10 23 23 23 11
split_gain=13.9854 11.2012 14.1681 8.4899 7.18274 6.66404 6.09524 5.33333 4.98307 4.53616 3.48035 3.11279 4.77844 3.09573
threshold=0.81922450700169669 0.63255009372278048 -0.29389999999999994 12333.330000000002 66.265000000000015 0.50555750738881688 30.380000000000006 0.73281578960684157 58.705000000000005 0.65755000000000019 0.031173188443800608 0.98045953152007548 0.99696839222562084 -0.99869999999999992
decision_type=2 2 2 2 2 2 2 2 2 2 2 2 2 2
left_child=1 2 5 11 9 -1 13 -8 -5 -4 -6 -2 -13 -3
right_child=3 6 4 8 10 -7 7 -9 -10 -11 -12 12 -14 -15
leaf_value=-0.41603408676550963 0.071737134840823599 -0.0070062713377250455 0.10053639434380474 0.096122545229065812 0.42944126714010589 0.037466090121362518 0.20439965876432986 -0.29705337850463609 -0.022071015665171501 0.49481062113482494 -0.065659602440779355 0.4434481761343072 -0.011184813307878284 -0.13891372725466106
leaf_weight=186 288 48 349 82 10.999999999999998 54 24 24 314 65 295 84 24 288
leaf_count=186 288 48 349 82 11 54 24 24 314 65 295 84 24 288
internal_value=-9.3633e-05 -0.0031994 -0.0003125 0.00517677 0.00319444 -0.0108333 -0.0104167 0.00625 0 0.00748792 -0.00261438 0.0103535 0.0175926 -0.0127976
internal_weight=2136 1344 960 792 720 240 384 48 396 414 306 396 108 336
internal_count=2136 1344 960 792 720 240 384 48 396 414 306 396 108 336
is_linear=0
shrinkage=0.05


Tree=36
num_leaves=15
num_cat=0
split_feature=1 22 22 22 10 21 1 22 22 11 22 9 22 22
split_gain=13.0948 8.58425 7.97493 6.64781 5.69239 4.86704 4.8023 4.12632 3.44901 3.37445 3.36998 2.74541 6.99134 4.65619
threshold=63.905000000000008 0.57340843044527534 0.19653276579064646 0.77447169083781808 -0.29389999999999994 12333.330000000002 46.830000000000005 0.86275003778655002 0.077330756371236084 -0.98919999999999997 0.99947698988027445 0.46000000000000002 0.84484927454466385 0.78523795966413312
decision_type=2 2 2 2 2 2 2 2 2 2 2 2 2 2
left_child=2 5 8 9 7 -2 -4 -5 -1 -3 -6 13 -13 -8
right_child=1 3 6 4 10 -7 11 -9 -10 -11 -12 12 -14 -15
leaf_value=-0.055608014581687654 0.079318703605567503 -0.088199978979225158 0.42869420615599768 0.024801213290998159 -0.033688164506695539 -0.022942886193067658 -0.027662392540017768 -0.47164360868695837 0.45675897227076984 -0.18576644100383122 0.38762651357565031 0.23797000845101365 -0.1055885131820181 0.1122117578451951
leaf_weight=12.999999999999998 220 85 32 35 367 239 284 98 82 138 15.999999999999998 114 88 325
leaf_count=13 220 85 32 35 367 239 284 98 82 138 16 114 88 325
internal_value=0 -0.00346411 0.00442431 -0.00679973 -0.00368217 0.00190632 0.00287663 -0.012594 0.0181579 -0.0140135 -0.000587467 0.002127 0.00717822 0.00045156
internal_weight=2136 1198 938 739 516 459 843 133 95 223 383 811 202 609
internal_count=2136 1198 938 739 516 459 843 133 95 223 383 811 202 609
is_linear=0
shrinkage=0.05


Tree=37
num_leaves=15
num_cat=0
split_feature=1 24 1 20 10 1 6 24 21 7 24 1 10 2
split_gain=12.3498 7.69547 5.3225 4.86893 4.5949 4.37989 3.02698 2.34493 2.77782 1.70724 4.42438 1.60296 1.32708 1.21327
threshold=60.570000000000007 1.5000000000000002 74.180000000000021 16775.780000000002 1.0000000180025095e-35 46.830000000000005 30.380000000000006 2.5000000000000004 12333.330000000002 114.54000000000001 2.5000000000000004 70.365000000000009 -0.29389999999999994 0.115
decision_type=2 2 2 2 2 2 2 2 2 2 2 2 2 2
left_child=5 3 4 6 12 -1 11 -4 -9 13 -11 -2 -3 -7
right_child=1 2 7 -5 -6 9 -8 8 -10 10 -12 -13 -14 -15
leaf_value=0.47618692179441119 0.06427094059683007 -0.15995081059454477 -0.30165709217080067 -0.063618919764850998 0.012987656027365624 0.1198143279998726 0.46292680853009305 -0.73136001733918687 0.01515032910796279 0.06125156147848685 -0.2898354133365868 -0.0028648040701776626 -0.058676308568274799 -0.019065035647785902
leaf_weight=38 207 199 87 128 320 458 66 48 45 41 28 105 315 51
leaf_count=38 207 199 87 128 320 458 66 48 45 41 28 105 315 51
internal_value=-4.68165e-05 -0.00246711 -0.00498028 0.00256917 -0.00329736 0.00592532 0.00542328 -0.0127778 -0.00725806 0.00484429 -0.00253623 0.00336538 -0.00622568 0.00584479
internal_weight=2136 1520 1014 506 834 616 378 180 93 578 69 312 514 509
internal_count=2136 1520 1014 506 834 616 378 180 93 578 69 312 514 509
is_linear=0
shrinkage=0.05


Tree=38
num_leaves=15
num_cat=0
split_feature=22 1 22 22 10 22 1 1 13 22 21 22 6 1
split_gain=11.511 9.69003 6.30208 7.59375 5.43147 4.89005 4.86091 4.3719 3.36111 3.20415 3.25336 2.64547 1.94151 1.91822
threshold=0.37744852145085445 74.180000000000021 0.077330756371236084 0.17963823861099873 1.0000000180025095e-35 0.32917936166072764 57.925000000000004 53.895000000000003 0.6000000000000002 0.88768027107944258 12333.330000000002 0.99879288126755872 30.380000000000006 46.830000000000005
decision_type=2 2 2 2 2 2 2 2 2 2 2 2 2 2
left_child=2 4 8 -4 6 7 -2 -5 -1 12 -11 -8 -3 -6
right_child=1 9 3 5 13 -7 11 -9 -10 10 -12 -13 -14 -15
leaf_value=-0.080204644718914517 0.044040426666428628 -0.33094818580066943 0.28281983551111251 0.36130612264021889 0.38345014975847719 0.22637456933613509 -0.072698182644414786 -0.014955569135042602 0.51824385660817462 -0.70428895520348833 0.10373298996749265 0.36730533923898401 -0.027300440363219082 0.051155445523859977
leaf_weight=36 203 106 144 20 9.9999999999999982 72 674 196 11.999999999999998 42 39 25 13.999999999999998 543
leaf_count=36 203 106 144 20 10 72 674 196 12 42 39 25 14 543
internal_value=-4.68165e-05 -0.00202295 0.00677083 0.00868056 -0.000601375 0.00399306 -0.00299335 0.000231481 -0.0104167 -0.0123134 -0.00462963 -0.00497139 -0.0175 0.00330018
internal_weight=2136 1656 480 432 1455 288 902 216 48 201 81 699 120 553
internal_count=2136 1656 480 432 1455 288 902 216 48 201 81 699 120 553
is_linear=0
shrinkage=0.05


Tree=39
num_leaves=15
num_cat=0
split_feature=4 22 22 22 20 10 22 4 22 22 22 21 22 6
split_gain=11.256 7.98275 6.20565 5.2485 4.63922 4.56171 6.08421 4.29633 3.40927 3.29894 2.61399 3.5 3.49191 2.47507
threshold=63.905000000000008 0.19653276579064646 0.57340843044527534 0.77447169083781808 16775.780000000002 -0.29389999999999994 0.86275003778655002 46.830000000000005 0.99947698988027445 0.077330756371236084 0.99879288126755872 12060.420000000002 0.9884946951290402 30.380000000000006
decision_type=2 2 2 2 2 2 2 2 2 2 2 2 2 2
left_child=1 9 4 -4 13 6 -5 -3 -7 -1 12 -12 -9 -2
right_child=2 7 3 5 -6 8 -8 10 -10 -11 11 -13 -14 -15
leaf_value=-0.045636435628414955 0.01953080965191514 0.36427764227055331 -0.1339731824860933 0.035193602288396235 -0.066906313646819801 -0.030700423240520105 -0.43642897859066249 0.023696750419753939 0.35892588459131941 0.41517790016675815 -0.048696996225125244 0.56462140010875972 -0.22371283259907498 0.34561738727501545
leaf_weight=12.999999999999998 280 32 223 35 119 367 98 712 15.999999999999998 82 9.9999999999999982 25 64 60
leaf_count=13 280 32 223 35 119 367 98 712 16 82 10 25 64 60
internal_value=-0.000210674 0.00389126 -0.00342237 -0.00625846 0.00114379 -0.00348837 -0.0114662 0.00234282 -0.000718016 0.0176316 0.00163379 0.015 0.00103093 0.00411765
internal_weight=2136 938 1198 739 459 516 133 843 383 95 811 35 776 340
internal_count=2136 938 1198 739 459 516 133 843 383 95 811 35 776 340
is_linear=0
shrinkage=0.05


Tree=40
num_leaves=15
num_cat=0
split_feature=1 23 23 23 10 6 23 6 23 6 23 23 23 6
split_gain=10.1174 6.51028 6.07792 8.03583 8.14157 5.12654 4.94551 4.17133 4.86044 3.76462 4.74264 3.4764 3.04702 2.89987
threshold=60.570000000000007 0.81922450700169669 0.61913436964878354 0.54938884295715751 -0.29389999999999994 13.005000000000001 0.92599062340417404 30.380000000000006 0.73281578960684157 30.380000000000006 0.99696839222562084 0.065534810592492068 0.15101078994440373 13.005000000000001
decision_type=2 2 2 2 2 2 2 2 2 2 2 2 2 2
left_child=6 2 3 4 -2 -3 11 -4 -9 10 -7 -1 -13 -8
right_child=1 5 7 -5 -6 9 13 8 -10 -11 -12 12 -14 -15
leaf_value=0.47250911404348273 -0.38816595715099544 -0.11169246618494454 -0.13345628048425864 0.20306723853379405 -0.012161944432367566 0.02731257964255418 -0.02288442458444169 0.16196025088678692 -0.32550542954667055 0.38838286897719998 -0.054661066400164604 -0.39067843052919321 0.038653569719468095 0.41646155450130407
leaf_weight=39 142 73 255 85 422 396 13.999999999999998 19 18 76 34 33 423 107
leaf_count=39 142 73 255 85 422 396 14 19 18 76 34 33 423 107
internal_value=-0.000210674 -0.00240132 -0.00496812 -0.00227273 -0.00443262 0.00177029 0.00519481 -0.0109589 0.00472973 0.00355731 0.00174419 0.0029798 0.00175439 0.0142562
internal_weight=2136 1520 941 649 564 579 616 292 37 506 430 495 456 121
internal_count=2136 1520 941 649 564 579 616 292 37 506 430 495 456 121
is_linear=0
shrinkage=0.05


Tree=41
num_leaves=15
num_cat=0
split_feature=1 22 22 1 10 13 1 22 6 22 22 22 6 6
split_gain=9.6505 7.26861 7.67916 4.88798 4.07144 2.99831 2.64208 2.63961 2.6072 2.34387 1.98665 2.87672 2.16274 1.96215
threshold=73.835000000000008 0.19653276579064646 0.077330756371236084 57.925000000000004 1.0000000180025095e-35 0.6000000000000002 81.465000000000018 0.31288844364721724 13.005000000000001 0.99879288126755872 0.37744852145085445 0.88768027107944258 30.380000000000006 16.460000000000004
decision_type=2 2 2 2 2 2 2 2 2 2 2 2 2 2
left_child=1 2 5 -3 9 -1 10 -6 -4 -5 -2 12 -12 -13
right_child=6 3 8 4 7 -7 -8 -9 -10 -11 11 13 -14 -15
leaf_value=-0.057231415754947529 0.017157002699449819 0.083744752842402459 -0.0035472750965426236 -0.04246698660478429 -0.11614221971217882 0.45563165096515523 -0.49233805649627493 0.056200008404320739 0.30205754724657563 0.29708354656942276 -0.25913483781568436 0.13222284568807147 0.075107607202791263 -0.35942383088510116
leaf_weight=31 51 361 18 766 43 11.999999999999998 29 465 139 23 99 46 13.999999999999998 39
leaf_count=31 51 361 18 766 43 12 29 465 139 23 99 46 14 39
internal_value=-0.000304307 0.000995694 0.01 -9.04704e-05 -0.00152274 -0.00872093 -0.00899281 0.0019685 0.0151274 -0.0037706 -0.00732932 -0.00959596 -0.014823 -0.00264706
internal_weight=2136 1858 200 1658 1297 43 278 508 157 789 249 198 113 85
internal_count=2136 1858 200 1658 1297 43 278 508 157 789 249 198 113 85
is_linear=0
shrinkage=0.05


Tree=42
num_leaves=15
num_cat=0
split_feature=1 22 22 1 10 22 1 7 9 0 22 22 8 7
split_gain=9.75478 7.58879 6.07078 4.54354 3.35376 3.45666 2.64208 2.51528 2.37716 2.18661 1.98665 2.4103 2.05994 1.96078
threshold=73.835000000000008 0.19653276579064646 0.077330756371236084 52.305000000000007 -0.10059999999999999 0.99879288126755872 81.465000000000018 49.140000000000008 0.46000000000000002 28.750000000000004 0.37744852145085445 0.88768027107944258 17.745000000000005 72.295000000000016
decision_type=2 2 2 2 2 2 2 2 2 2 2 2 2 2
left_child=1 2 8 -3 9 -6 10 -4 -1 -5 -2 12 -12 -13
right_child=6 3 7 4 5 -7 -8 -9 -10 -11 11 13 -14 -15
leaf_value=-0.054369844967200147 0.016299152564477337 0.20683278401889585 -0.0033699113417154703 -0.046504801606470129 0.0019795475435938738 0.38481057387182971 -0.46772115367146122 0.28695466988424684 0.43285006841689744 0.062980068293747846 -0.24617809592490014 0.058415559883654135 0.071352226842651703 -0.58394539035640836
leaf_weight=31 51 116 18 552 940 35 29 139 11.999999999999998 14.999999999999998 99 60 13.999999999999998 25
leaf_count=31 51 116 18 552 940 35 29 139 12 15 99 60 14 25
internal_value=-0.000257491 0.00104952 0.01025 -6.03136e-05 -0.00077821 0.001 -0.00899281 0.0148089 -0.00639535 -0.00383598 -0.00732932 -0.00959596 -0.0143805 -0.00323529
internal_weight=2136 1858 200 1658 1542 975 278 157 43 567 249 198 113 85
internal_count=2136 1858 200 1658 1542 975 278 157 43 567 249 198 113 85
is_linear=0
shrinkage=0.05


Tree=43
num_leaves=15
num_cat=0
split_feature=1 22 22 1 10 1 22 1 22 22 5 5 22 0
split_gain=9.35722 6.82842 4.91848 4.02582 3.21345 2.70904 2.55265 2.3784 2.29645 2.55109 2.09359 1.96078 1.95603 1.47126
threshold=73.835000000000008 0.19653276579064646 0.077330756371236084 57.925000000000004 1.0000000180025095e-35 81.465000000000018 0.31288844364721724 62.995000000000012 0.3933211724509133 0.88768027107944258 739.99000000000012 679.98000000000013 0.97577266019832842 25.465000000000003
decision_type=2 2 2 2 2 2 2 2 2 2 2 2 2 2
left_child=1 2 10 -3 12 8 -6 -4 -2 -10 -1 -11 -5 -9
right_child=5 3 7 4 6 -7 -8 13 9 11 -12 -13 -14 -15
leaf_value=-0.063049827295539568 0.010456270502010218 0.078181931271948113 0.45324278804197426 -0.017812649090754029 -0.11043408610374952 -0.44433509598788823 0.05329103060692502 0.17628611872463013 -0.22565567747761822 0.055494781889471427 0.3181390268797335 -0.55474812083858793 -0.34179784931904461 -0.0018403274213252274
leaf_weight=31 56 361 70 661 43 29 465 58 108 60 11.999999999999998 25 128 29
leaf_count=31 56 361 70 661 43 29 465 58 108 60 12 25 128 29
internal_value=-0.000257491 0.0010226 0.00975 -3.01568e-05 -0.00132999 -0.00881295 0.00177165 0.0138535 -0.00712851 -0.00971503 -0.00523256 -0.00323529 -0.003327 0.00833333
internal_weight=2136 1858 200 1658 1297 278 508 157 249 193 43 85 789 87
internal_count=2136 1858 200 1658 1297 278 508 157 249 193 43 85 789 87
is_linear=0
shrinkage=0.05


Tree=44
num_leaves=15
num_cat=0
split_feature=1 22 22 22 21 22 20 22 1 9 20 22 22 22
split_gain=8.71905 5.93852 5.19323 4.16698 6.09408 5.41825 10.1768 5.86924 2.77683 2.37716 2.24686 4.72807 1.8239 1.52445
threshold=73.835000000000008 0.19653276579064646 0.077330756371236084 0.99879288126755872 12060.420000000002 0.97577266019832842 16775.780000000002 0.95338485815333007 81.465000000000018 0.46000000000000002 16775.780000000002 0.16269055358644466 0.24684749415872467 0.95338485815333007
decision_type=2 2 2 2 2 2 2 2 2 2 2 2 2 2
left_child=1 2 9 5 -5 7 -7 -3 12 -1 -4 -12 -2 -14
right_child=8 3 10 4 -6 6 -8 -9 -10 -11 11 -13 13 -15
leaf_value=-0.048618348677201342 0.045595688771897569 -0.0014847157257454225 0.28133812374774758 -0.072140217991841477 0.47760725927434494 -0.45939117843695992 0.47053215352718525 0.3039491153258056 -0.42211834118849378 0.39530061365206581 0.16774598296034979 -0.31716075963913115 -0.164606941728937 -0.0058358069340718084
leaf_weight=31 22 1286 119 23 38 157 53 101 29 11.999999999999998 27 10.999999999999998 173 54
leaf_count=31 22 1286 119 23 38 157 53 101 29 12 27 11 173 54
internal_value=-0.000374532 0.000861141 0.009 -0.000120627 0.0127049 -0.00061052 -0.00809524 0.000522711 -0.00863309 -0.00639535 0.0132166 0.00263158 -0.00692771 -0.00825991
internal_weight=2136 1858 200 1658 61 1597 210 1387 278 43 157 38 249 227
internal_count=2136 1858 200 1658 61 1597 210 1387 278 43 157 38 249 227
is_linear=0
shrinkage=0.05


Tree=45
num_leaves=15
num_cat=0
split_feature=1 22 22 22 6 22 20 22 1 1 9 5 22 22
split_gain=8.11851 5.19449 4.86139 4.1084 5.51148 4.5573 8.47374 5.37922 2.91494 2.78222 2.37716 2.02699 1.99656 1.97582
threshold=73.835000000000008 0.19653276579064646 0.077330756371236084 0.99879288126755872 24.295000000000005 0.97577266019832842 16775.780000000002 0.95338485815333007 81.465000000000018 62.995000000000012 0.46000000000000002 420.44500000000005 0.3933211724509133 0.88768027107944258
decision_type=2 2 2 2 2 2 2 2 2 2 2 2 2 2
left_child=1 2 10 5 -5 7 -7 -3 12 -4 -1 -11 -2 -14
right_child=8 3 9 4 -6 6 -8 -9 -10 11 -12 -13 13 -15
leaf_value=-0.046187431243341237 0.012908738300835682 -0.0014104799394581424 0.41651374245248807 0.40468650232575065 -0.1257545990076171 -0.43642161951511194 0.44700554585082597 0.28875165955951537 -0.40101242412906912 -0.023135597800510332 0.3755355829694626 0.12600319357889589 -0.20614254651729041 -0.066886858440640781
leaf_weight=31 56 1286 70 45 15.999999999999998 157 53 101 29 18 11.999999999999998 69 108 85
leaf_count=31 56 1286 70 45 16 157 53 101 29 18 12 69 108 85
internal_value=-0.000304307 0.000888052 0.0085 -3.01568e-05 0.0127049 -0.000516594 -0.00738095 0.000522711 -0.00827338 0.0125796 -0.00639535 0.0066092 -0.0065261 -0.00893782
internal_weight=2136 1858 200 1658 61 1597 210 1387 278 157 43 87 249 193
internal_count=2136 1858 200 1658 61 1597 210 1387 278 157 43 87 249 193
is_linear=0
shrinkage=0.05


Tree=46
num_leaves=15
num_cat=0
split_feature=1 1 22 6 22 22 22 6 22 1 11 13 1 22
split_gain=7.8376 5.20181 4.91498 5.97317 5.3995 7.4092 3.95883 3.78256 2.49291 2.30328 1.88691 2.20626 1.34294 0.990852
threshold=60.570000000000007 81.465000000000018 0.57340843044527534 24.295000000000005 0.78523795966413312 0.83552254320998587 0.16269055358644466 13.005000000000001 0.060169887675273891 48.310000000000009 -0.99869999999999992 0.6000000000000002 53.895000000000003 0.32917936166072764
decision_type=2 2 2 2 2 2 2 2 2 2 2 2 2 2
left_child=6 2 3 8 7 -6 -1 -4 -2 -8 12 -12 -11 -5
right_child=1 -3 4 13 5 -7 9 -9 -10 10 11 -13 -14 -15
leaf_value=0.53995773104846678 -0.10034137126291194 -0.38096180292261561 -0.34475848518914226 0.074245990049145769 0.19203448869260198 -0.076546812412329995 0.28780037079735499 -0.074069488297460587 -0.0020238589850089641 0.15184000945889103 -0.005870126382605801 0.12348099776282516 0.1352701204881579 0.17222361898487254
leaf_weight=35 18 29 36 76 83 551 43 251 407 22 340 130 46 69
leaf_count=35 18 29 36 76 83 551 43 251 407 22 340 130 46 69
internal_value=-0.000374532 -0.00230263 -0.0018947 0.00175439 -0.00415309 -0.00157729 0.00438312 -0.00984321 -0.00123529 0.00339931 0.00250929 0.00138298 0.0102941 0.0105172
internal_weight=2136 1520 1491 570 921 634 616 287 425 581 538 470 68 145
internal_count=2136 1520 1491 570 921 634 616 287 425 581 538 470 68 145
is_linear=0
shrinkage=0.05


Tree=47
num_leaves=15
num_cat=0
split_feature=1 1 22 6 22 1 1 7 22 22 22 3 0 22
split_gain=7.44774 4.36401 3.99828 3.97919 6.10775 3.0564 2.33902 2.18231 1.80828 2.12612 2.08333 1.82889 1.63222 1.60262
threshold=73.835000000000008 60.570000000000007 0.16269055358644466 30.380000000000006 0.84484927454466385 81.465000000000018 48.310000000000009 114.54000000000001 0.3933211724509133 0.95338485815333007 0.97577266019832842 60.000000000000007 24.405000000000005 0.99879288126755872
decision_type=2 2 2 2 2 2 2 2 2 2 2 2 2 2
left_child=1 2 -1 13 -5 8 -4 -8 -2 11 -11 -10 -6 -3
right_child=5 3 6 4 12 -7 7 -9 9 10 -12 -13 -14 -15
leaf_value=0.51295984449604348 0.012364494335044336 -0.017461025167458646 0.27341035225748728 0.34816478049974825 0.05844930901632675 -0.36191371277648482 0.053882270193152594 -0.052462582966120164 -0.12405722904172906 0.37232180505402135 -0.27198605333058201 -0.34197030908463893 -0.15447624983326538 0.14308564535811102
leaf_weight=35 56 1045 43 106 30 29 474 64 106 18 36 33 39 22
leaf_count=35 56 1045 43 106 30 29 474 64 106 18 36 33 39 22
internal_value=-0.000280899 0.000861141 0.00430195 -0.000845411 0.00614286 -0.00791367 0.00331325 0.00241636 -0.0061245 -0.00841969 0 -0.0116906 -0.00543478 -0.00199157
internal_weight=2136 1858 616 1242 175 278 581 538 249 193 54 139 69 1067
internal_count=2136 1858 616 1242 175 278 581 538 249 193 54 139 69 1067
is_linear=0
shrinkage=0.05


Tree=48
num_leaves=15
num_cat=0
split_feature=4 4 23 6 23 23 23 4 4 10 23 23 11 4
split_gain=6.84073 4.75825 4.08828 3.21233 6.18408 3.09167 2.56825 2.37709 2.31717 1.98701 1.80779 1.61638 1.411 1.40242
threshold=76.425000000000026 60.570000000000007 0.98369513783825568 30.380000000000006 0.53493525241775031 0.048361154940047744 0.21861778653020106 81.465000000000018 48.310000000000009 -0.10059999999999999 0.065534810592492068 0.64577863604729235 -0.99869999999999992 66.315000000000012
decision_type=2 2 2 2 2 2 2 2 2 2 2 2 2 2
left_child=1 2 8 5 13 9 -7 12 -1 -3 -10 -6 -2 -5
right_child=7 3 -4 4 11 6 -8 -9 10 -11 -12 -13 -14 -15
leaf_value=0.25862807114264141 0.022425527587832228 -0.0091726813252954297 0.4875325561487438 0.033241284596564218 0.66450042960851219 -0.32222921194176501 -0.010226526523199898 -0.34381802713766058 0.3690517220126554 0.33283045725263927 0.015256514211167539 0.20303143043498384 -0.1949034422161261 -0.30238325268625088
leaf_weight=42 18 11.000000000000002 46 35 20 132 1014 29 34 17 494 96 110 38
leaf_count=42 18 11 46 35 20 132 1014 29 34 17 494 96 110 38
internal_value=-0.000304307 0.000492673 0.00413961 -0.00115554 0.00489418 -0.00212947 -0.00253054 -0.0103503 0.00298246 0.0142857 0.00208333 0.012069 -0.00742188 -0.00650685
internal_weight=2136 1979 616 1363 189 1174 1146 157 570 28 528 116 128 73
internal_count=2136 1979 616 1363 189 1174 1146 157 570 28 528 116 128 73
is_linear=0
shrinkage=0.05


Tree=49
num_leaves=15
num_cat=0
split_feature=1 23 23 20 6 23 21 23 1 23 23 23 23 9
split_gain=6.81777 4.41746 7.6264 6.90775 6.18698 11.0542 6.0556 4.39894 2.27392 1.87185 1.36199 1.30658 1.29706 1.1
threshold=76.795000000000016 0.065534810592492068 0.15101078994440373 16775.780000000002 13.005000000000001 0.47558139622940165 12060.420000000002 0.81922450700169669 81.465000000000018 0.099818867260593996 0.048361154940047744 0.91936090643431534 0.1169191230723063 0.46000000000000002
decision_type=2 2 2 2 2 2 2 2 2 2 2 2 2 2
left_child=1 6 3 12 5 -4 13 -6 11 -5 -8 -2 -3 -1
right_child=8 2 4 9 7 -7 10 -9 -10 -11 -12 -13 -14 -15
leaf_value=-0.29714349318375993 -0.18839859803791736 -0.67407296788219129 0.1581303925920434 0.5375081791321018 -0.0029059436556376109 -0.17389253905586299 0.40806107539898329 0.056717275660360493 -0.32662712578077757 -0.019279386696423286 0.12103151453027415 0.013398401981178433 -0.23514261738758935 0.005679933859732156
leaf_weight=9.9999999999999982 87 49 55 11.000000000000002 917 163 45 653 29 17 13.999999999999998 28 36 22
leaf_count=10 87 49 55 11 917 163 45 653 29 17 14 28 36 22
internal_value=-0.000257491 0.000502008 -1.3151e-05 -0.0126106 0.000782998 -0.00711009 0.0112637 0.00187898 -0.0107639 0.00892857 0.0207627 -0.0076087 -0.0197059 -0.00625
internal_weight=2136 1992 1901 113 1788 218 91 1570 144 28 59 115 85 32
internal_count=2136 1992 1901 113 1788 218 91 1570 144 28 59 115 85 32
is_linear=0
shrinkage=0.05


Tree=50
num_leaves=15
num_cat=0
split_feature=1 1 22 22 20 6 6 6 20 9 0 22 0 0
split_gain=6.06031 4.46973 3.80736 7.35928 5.84393 4.98531 4.9078 2.26825 1.87946 1.41608 1.15343 0.921284 0.876623 0.602935
threshold=76.795000000000016 48.310000000000009 0.99781321377224363 0.9884946951290402 16775.780000000002 24.295000000000005 30.380000000000006 30.380000000000006 1.0000000180025095e-35 0.46000000000000002 26.815000000000001 0.36146417736073544 24.605000000000004 24.185000000000006
decision_type=2 2 2 2 2 2 2 2 2 2 2 2 2 2
left_child=1 13 3 6 -5 9 -3 8 -2 -4 11 -10 -7 -1
right_child=7 2 5 4 -6 12 -8 -9 10 -11 -12 -13 -14 -15
leaf_value=0.28075218492494208 0.0085687543042149098 -0.0044236907254589395 0.344080658929593 -0.49168091823519922 0.41960082915792402 0.15329153759204842 0.14821682349328197 0.075654664340924521 -0.05829612296738277 0.0053959371667455791 -0.11502141004643414 -0.24211559341706954 -0.14592861611959931 0.27658832534331879
leaf_weight=25 18 1528 55 82 26 10.000000000000002 222 14.999999999999998 14.999999999999998 9.9999999999999982 11.999999999999998 84 10.999999999999998 23
leaf_count=25 18 1528 55 82 26 10 222 15 15 10 12 84 11 23
internal_value=-0.000163858 0.000552209 0.000180041 -0.000296017 -0.012963 0.0104651 0.000485714 -0.0100694 -0.0122093 0.0173077 -0.0146396 -0.0164141 -0.0107143 0.015625
internal_weight=2136 1992 1944 1858 108 86 1750 144 129 65 111 99 21 48
internal_count=2136 1992 1944 1858 108 86 1750 144 129 65 111 99 21 48
is_linear=0
shrinkage=0.05


Tree=51
num_leaves=15
num_cat=0
split_feature=1 8 22 1 22 22 22 22 22 21 1 11 13 7
split_gain=5.70745 4.88774 5.50081 4.52753 3.62145 3.28203 2.52886 2.38597 3.08672 2.47934 2.19156 1.7835 1.75862 1.71603
threshold=60.570000000000007 17.745000000000005 0.84484927454466385 76.795000000000016 0.17963823861099873 0.99879288126755872 0.060169887675273891 0.99781321377224363 0.9884946951290402 12060.420000000002 55.705000000000005 -0.99869999999999992 0.51000000000000012 49.140000000000008
decision_type=2 2 2 2 2 2 2 2 2 2 2 2 2 2
left_child=4 3 -3 5 -1 6 -2 8 13 -9 -10 -5 -7 -6
right_child=1 2 -4 11 7 12 -8 9 10 -11 -12 -13 -14 -15
leaf_value=0.46054124909456162 -0.097300242349541113 0.25138307451554004 -0.095534209170363538 0.0081403165890042047 -0.035777775815414525 0.27858184767357852 -0.017402908412076746 -0.044309527114728395 0.090732662904423667 0.47453818599664238 -0.29362997669250657 -0.22621914078891292 0.0051261403084082785 0.059058884051629068
leaf_weight=46 20 128 76 18 58 17.000000000000004 1138 11.999999999999998 11.999999999999998 27 21 111 11.999999999999998 440
leaf_count=46 20 128 76 18 58 17 1138 12 12 27 21 111 12 440
internal_value=-0.000163858 -0.00180921 0.00539216 -0.00292553 0.0038961 -0.00195872 -0.00237478 0.00280702 0.00193032 0.0147436 -0.0128788 -0.0118217 0.0146552 0.00291165
internal_weight=2136 1520 204 1316 616 1187 1158 570 531 39 33 129 29 498
internal_count=2136 1520 204 1316 616 1187 1158 570 531 39 33 129 29 498
is_linear=0
shrinkage=0.05


Tree=52
num_leaves=15
num_cat=0
split_feature=10 22 22 22 8 22 22 5 0 22 22 22 0 5
split_gain=5.71735 5.08181 6.66375 7.34415 5.22667 4.3945 3.37328 3.6 2.07527 1.79259 1.81895 1.63333 1.60556 1.2
threshold=-0.10059999999999999 0.99879288126755872 0.97577266019832842 0.95338485815333007 9.6000000000000032 0.16269055358644466 0.37744852145085445 380.89500000000004 28.750000000000004 0.077330756371236084 0.16269055358644466 0.98271523713537257 23.625000000000004 739.99000000000012
decision_type=2 2 2 2 2 2 2 2 2 2 2 2 2 2
left_child=6 2 3 5 -4 -2 7 12 -8 -9 -11 -6 -1 -3
right_child=1 13 4 -5 11 -7 8 9 -10 10 -12 -13 -14 -15
leaf_value=-0.013574866115134678 0.17362791341361439 0.36174791636956805 0.40165149755678348 0.37791685105083483 -0.72916505591822478 0.0027446011774188376 -0.079991920213304202 -0.24180201539018098 0.076053546943067082 0.089617047048537304 -0.011125026116129888 -0.32968250318156428 0.23813001977188331 0.067753661127465767
leaf_weight=14.999999999999998 105 27 30 75 24 960 605 11.999999999999998 15.999999999999998 30 78 96 45 18
leaf_count=15 105 27 30 75 24 960 605 12 16 30 78 96 45 18
internal_value=-0.000187266 0.00181648 0.00124031 0.00254386 -0.00866667 0.00147887 -0.00352684 0.0025 -0.00527375 -0.0025 -0.000462963 -0.0133333 0.0125 0.0183333
internal_weight=2136 1335 1290 1140 150 1065 801 180 621 120 108 120 60 45
internal_count=2136 1335 1290 1140 150 1065 801 180 621 120 108 120 60 45
is_linear=0
shrinkage=0.05


Tree=53
num_leaves=15
num_cat=0
split_feature=1 1 22 22 22 22 20 20 13 1 11 22 0 11
split_gain=6.26888 4.57952 3.71227 3.43366 4.90217 6.55692 4.45401 3.86616 2.79348 1.9824 2.01013 1.89556 1.16138 0.515428
threshold=81.465000000000018 60.620000000000012 0.17963823861099873 0.57340843044527534 0.78523795966413312 0.80607028652842638 16775.780000000002 16775.780000000002 0.72000000000000008 48.310000000000009 -0.99869999999999992 0.53038584004487344 24.185000000000006 -0.98919999999999997
decision_type=2 2 2 2 2 2 2 2 2 2 2 2 2 2
left_child=1 2 13 6 7 -6 8 -5 -3 12 -11 -8 -4 -1
right_child=-2 3 9 4 5 -7 11 -9 -10 10 -12 -13 -14 -15
leaf_value=0.4599783076017559 -0.28710997415439421 0.019894176251614583 0.23396277083209932 -0.04737896633886312 0.28538299357091701 -0.050181231776619754 -0.033942247407443005 -0.26234535756190736 0.29423939745598576 0.12635558929320681 0.0054721402882067956 -0.16137032344931776 0.12126259254466537 0.36150150681957971
leaf_weight=14.999999999999998 29 349 23 211 37 596 130 72 75 69 468 11.999999999999998 19 31
leaf_count=15 29 349 23 211 37 596 130 72 75 69 468 12 19 31
internal_value=-0.000187266 0.000130517 0.00372 -0.00138327 -0.00327511 -0.000829384 0.00167845 -0.00874558 0.00424528 0.00263385 0.00181564 -0.00598592 0.0130952 0.0173913
internal_weight=2136 2107 625 1482 916 633 566 283 424 579 537 142 42 46
internal_count=2136 2107 625 1482 916 633 566 283 424 579 537 142 42 46
is_linear=0
shrinkage=0.05


Tree=54
num_leaves=15
num_cat=0
split_feature=10 1 23 23 23 6 6 23 6 0 1 5 23 23
split_gain=5.58455 5.72155 4.42109 6.71599 6.67025 5.22667 3.60939 2.98455 3.8269 3.57977 1.96708 1.67637 7.70541 6.21886
threshold=-0.10059999999999999 78.170000000000016 0.048361154940047744 0.21861778653020106 0.30163443639916493 16.055000000000003 30.380000000000006 0.81922450700169669 13.005000000000001 22.380000000000006 53.650000000000006 679.98000000000013 0.44504239796885176 0.47558139622940165
decision_type=2 2 2 2 2 2 2 2 2 2 2 2 2 2
left_child=1 7 -2 5 -5 -4 -6 11 -9 -10 -7 13 -13 -1
right_child=2 -3 3 4 6 10 -8 8 9 -11 -12 12 -14 -15
leaf_value=0.067544515603321961 0.27688391522168498 -0.25131053507071133 0.38407798426777529 0.36153007008712407 0.0004700275816352129 0.11519946291743209 0.15307563506720401 -0.035747273691579602 -0.0421469656163884 0.06791248236316165 -0.50687663788657566 -0.32230772443751238 0.019341814983300464 -0.16040538428603535
leaf_weight=164 45 42 30 75 852 10.999999999999998 213 91 24 169 109 77 83 151
leaf_count=164 45 42 30 75 852 11 213 91 24 169 109 77 83 151
internal_value=-0.000163858 -0.00346442 0.00181648 0.00127907 0.00258772 -0.00866667 0.00157277 -0.00247036 0.00158451 0.00556995 -0.0133333 -0.00489474 -0.0090625 -0.00277778
internal_weight=2136 801 1335 1290 1140 150 1065 759 284 193 120 475 160 315
internal_count=2136 801 1335 1290 1140 150 1065 759 284 193 120 475 160 315
is_linear=0
shrinkage=0.05


Tree=55
num_leaves=15
num_cat=0
split_feature=1 1 22 10 23 22 10 22 22 21 22 6 22 1
split_gain=5.75399 3.66658 3.26754 2.41227 2.37352 3.28897 2.05868 1.78739 2.22411 2.15456 1.58906 1.95025 1.91811 1.23275
threshold=76.795000000000016 60.620000000000012 0.12865578461947555 -0.10059999999999999 0.013975997299564686 0.97577266019832842 -0.10059999999999999 0.99781321377224363 0.99094606287942044 12060.420000000002 0.60124882823926262 13.005000000000001 0.78523795966413312 78.170000000000016
decision_type=2 2 2 2 2 2 2 2 2 2 2 2 2 2
left_child=1 2 -1 10 -5 -6 13 8 -4 -9 11 -3 -12 -2
right_child=6 3 7 4 5 -7 -8 9 -10 -11 12 -13 -14 -15
leaf_value=0.42043608657859305 -0.082836121475173802 -0.05060998430343347 0.040985918210308274 0.37807247618570994 0.013355097674830141 -0.32152654458311514 -0.055628424312167774 -0.03199898154188234 -0.31314688573928778 0.42568629426081622 -0.12213568804168151 0.03027505645697022 -0.077093788740768471 -0.23874500831717574
leaf_weight=22 22 67 540 9.9999999999999982 737 116 80 11.999999999999998 24 27 80 134 223 42
leaf_count=22 22 67 540 10 737 116 80 12 24 27 80 134 223 42
internal_value=-7.02247e-05 0.00062751 0.0038 -0.00082297 0.000782155 0.000498242 -0.00972222 0.00310945 0.00239362 0.0134615 -0.00357143 -0.000124378 -0.00585809 -0.0164063
internal_weight=2136 1992 625 1367 863 853 144 603 564 39 504 201 303 64
internal_count=2136 1992 625 1367 863 853 144 603 564 39 504 201 303 64
is_linear=0
shrinkage=0.05


Tree=56
num_leaves=15
num_cat=0
split_feature=1 23 21 23 20 23 7 6 23 1 23 3 23 20
split_gain=4.87839 3.9779 5.6816 5.49086 6.67562 5.21479 9.32049 4.92877 2.83218 1.69416 1.67167 1.20919 1.19777 1.16308
threshold=76.795000000000016 0.065534810592492068 12060.420000000002 0.21861778653020106 16775.780000000002 0.30163443639916493 114.54000000000001 13.005000000000001 0.1169191230723063 81.465000000000018 0.099818867260593996 60.000000000000007 0.048361154940047744 16775.780000000002
decision_type=2 2 2 2 2 2 2 2 2 2 2 2 2 2
left_child=1 2 -1 4 8 6 -5 -7 -3 11 -6 -2 -4 -13
right_child=9 3 12 5 10 7 -8 -9 -10 -11 -12 13 -14 -15
leaf_value=-0.035489499908531695 -0.029981415616787455 -0.55450178228432412 0.3583418082822285 0.38236603579314565 0.49750899539457294 -0.079686925282587098 -0.34095981542724307 0.014012324026825297 -0.26408355354154844 -0.26999655561014785 0.14064877103989401 -0.17802265740166767 0.14274086283529833 -0.19878099319703058
leaf_weight=32 76 49 45 93 10.999999999999998 192 14.999999999999998 1398 102 29 41 25 13.999999999999998 13.999999999999998
leaf_count=32 76 49 45 93 11 192 15 1398 102 29 41 25 14 14
internal_value=-0.000140449 0.000502008 0.0107143 1.3151e-05 -0.00775862 0.000942285 0.0115741 0.000220126 -0.0130795 -0.00902778 0.00769231 -0.00630435 0.0199153 -0.0134615
internal_weight=2136 1992 91 1901 203 1698 108 1590 151 144 52 115 59 39
internal_count=2136 1992 91 1901 203 1698 108 1590 151 144 52 115 59 39
is_linear=0
shrinkage=0.05


Tree=57
num_leaves=15
num_cat=0
split_feature=1 6 22 1 22 22 21 22 22 22 11 9 22 22
split_gain=4.87323 3.25568 6.15157 3.18127 3.15788 2.93669 2.8125 2.68359 2.04226 2.34476 2.02905 2.08206 3.2496 1.63642
threshold=59.235000000000007 30.380000000000006 0.84484927454466385 81.465000000000018 0.99879288126755872 0.077330756371236084 12333.330000000002 0.17963823861099873 0.76347624337813269 0.54488935974326758 -0.99869999999999992 0.46000000000000002 0.77447169083781808 0.37744852145085445
decision_type=2 2 2 2 2 2 2 2 2 2 2 2 2 2
left_child=7 3 8 4 5 -2 -6 -1 9 -3 -9 12 -12 -13
right_child=1 2 -4 -5 6 -7 -8 10 -10 -11 11 13 -14 -15
leaf_value=0.43514934375235881 -0.060601393892315739 0.27141407763203951 -0.13282362983404716 -0.25978738949280589 -0.0027022857945714577 -0.019500824764306549 0.31105447914593209 0.12897618426773413 0.61438510891662368 -0.053780960557951923 -0.028945941428675639 0.25983517956652752 0.093534235890858616 0.10462299536326554
leaf_weight=34 39 76 84 27 15.999999999999998 1319 20 60 21 39 147 17 149 88
leaf_count=34 39 76 84 27 16 1319 20 60 21 39 147 17 149 88
internal_value=-0.000257491 -0.00156917 0.00409091 -0.00244546 -0.00211621 -0.00250368 0.0125 0.00409091 0.0106618 0.00804348 0.00309111 0.00180798 -0.000337838 0.00785714
internal_weight=2136 1641 220 1421 1394 1358 36 495 136 115 461 401 296 105
internal_count=2136 1641 220 1421 1394 1358 36 495 136 115 461 401 296 105
is_linear=0
shrinkage=0.05


Tree=58
num_leaves=15
num_cat=0
split_feature=4 4 22 6 22 22 22 22 7 22 22 0 2 0
split_gain=4.86494 3.92735 3.32302 2.42316 4.67252 2.61874 3.24166 2.07064 1.99219 3.675 2.70542 1.65005 1.36013 0.893323
threshold=60.620000000000012 81.465000000000018 0.12865578461947555 30.380000000000006 0.84484927454466385 0.060169887675273891 0.17963823861099873 0.76347624337813269 114.54000000000001 0.89546819317495652 0.99781321377224363 25.365000000000006 3.9000000000000008 24.865000000000006
decision_type=2 2 2 2 2 2 2 2 2 2 2 2 2 2
left_child=2 3 -1 5 7 -2 -7 -5 10 11 12 -10 -4 -6
right_child=1 -3 8 4 13 6 -8 -9 9 -11 -12 -13 -14 -15
leaf_value=0.37695619886070419 -0.099127226893397813 -0.24350735835500023 0.034148940343450417 0.1314695648743687 -0.0034041894323050049 0.081956656066614467 -0.028369190119936018 0.58366585347079247 -0.0088286530879907454 -0.2602626284309264 0.35830080724139157 0.25581466636315348 0.25060014645613277 -0.15828449316488563
leaf_weight=22 20 29 486 106 39 106 1155 19 28 27 34 17 10.999999999999998 37
leaf_count=22 20 29 486 106 39 106 1155 19 28 27 34 17 11 37
internal_value=-7.02247e-05 -0.0016049 0.00364 -0.00124831 0.00385572 -0.00204918 -0.00176447 0.0098 0.00294362 -0.00486111 0.00400188 0.00388889 0.00306841 -0.00592105
internal_weight=2136 1511 625 1482 201 1281 1261 125 603 72 531 45 497 76
internal_count=2136 1511 625 1482 201 1281 1261 125 603 72 531 45 497 76
is_linear=0
shrinkage=0.05


Tree=59
num_leaves=15
num_cat=0
split_feature=1 1 22 22 22 20 22 7 11 13 22 22 0 22
split_gain=4.56351 3.30007 2.68359 2.62014 5.24787 7.1775 4.63177 3.80278 2.02905 2.08206 3.2496 1.63642 0.853333 1.28
threshold=59.235000000000007 81.465000000000018 0.17963823861099873 0.99781321377224363 0.97577266019832842 16775.780000000002 0.95338485815333007 72.295000000000016 -0.99869999999999992 0.6000000000000002 0.77447169083781808 0.37744852145085445 26.935000000000006 0.70517752626968588
decision_type=2 2 2 2 2 2 2 2 2 2 2 2 2 2
left_child=2 3 -1 4 6 -6 -2 -5 12 10 -10 -11 13 -4
right_child=1 -3 8 7 5 -7 -8 -9 9 11 -12 -13 -14 -15
leaf_value=0.40311424808463708 -0.0088651661683589681 -0.23133199043725022 0.12286635337298223 0.24221735875833872 -0.47791287364252633 0.26299342491808314 0.30242828275040878 -0.029547874066486315 -0.029877502128997958 0.24513597357102876 0.087150077079143184 0.097684398577929737 0.3906395750148578 0.0098784534199332086
leaf_weight=34 1292 29 25 36 120 43 97 24 147 17 149 88 9.9999999999999982 25
leaf_count=34 1292 29 25 36 120 43 97 24 147 17 149 88 10 25
internal_value=-0.000117041 -0.00138635 0.00409091 -0.00108561 -0.00148196 -0.00996933 -0.000485961 0.00916667 0.00309111 0.00180798 -0.000337838 0.00785714 0.0116667 0.009
internal_weight=2136 1641 495 1612 1552 163 1389 60 461 401 296 105 60 50
internal_count=2136 1641 495 1612 1552 163 1389 60 461 401 296 105 60 50
is_linear=0
shrinkage=0.05


Tree=60
num_leaves=15
num_cat=0
split_feature=1 1 23 23 20 23 23 20 6 20 23 1 9 0
split_gain=4.54752 3.26408 2.72373 2.67367 3.64616 3.24021 7.40592 3.5625 2.22418 2.0807 2.03008 1.85099 2.28254 0.853333
threshold=59.235000000000007 81.465000000000018 0.98369513783825568 0.81922450700169669 16775.780000000002 0.61913436964878354 0.59175731018202693 16775.780000000002 30.380000000000006 1.0000000180025095e-35 0.84771273534009206 48.310000000000009 0.46000000000000002 26.935000000000006
decision_type=2 2 2 2 2 2 2 2 2 2 2 2 2 2
left_child=2 3 9 5 8 6 -2 -7 -5 13 -6 -11 -13 -1
right_child=1 -3 -4 4 10 7 -8 -9 -10 11 -12 12 -14 -15
leaf_value=0.095770868645746451 -0.049069557174771197 -0.21976539091538774 0.38295853568040522 0.020090190372690754 -0.14700987987436404 -0.028801579236317366 0.30442691623603457 -0.2044131966728745 0.25171315381513715 0.21354780129984752 -0.024496747220469885 -0.011402945820922029 0.11208831160075934 0.37110759626411483
leaf_weight=50 661 29 34 375 11.999999999999998 228 40 76 80 36 140 267 98 9.9999999999999982
leaf_count=50 661 29 34 375 12 228 40 76 80 36 140 267 98 10
internal_value=-0.000210674 -0.00147776 0.0039899 -0.00117866 0.00144152 -0.00276119 -0.000891583 -0.00707237 0.00368132 0.00298265 -0.00526316 0.00168329 0.000616438 0.0116667
internal_weight=2136 1641 495 1612 607 1005 701 304 455 461 152 401 365 60
internal_count=2136 1641 495 1612 607 1005 701 304 455 461 152 401 365 60
is_linear=0
shrinkage=0.05


Tree=61
num_leaves=15
num_cat=0
split_feature=4 10 4 22 22 22 22 6 11 4 13 22 22 22
split_gain=4.13585 3.33541 3.3406 2.76417 2.65423 3.67415 5.94647 4.41878 1.74784 1.85099 2.28254 1.72369 3.29203 2.35357
threshold=59.235000000000007 -0.10059999999999999 78.170000000000016 0.17963823861099873 0.99947698988027445 0.96767518139081532 0.95338485815333007 16.055000000000003 -0.99869999999999992 48.310000000000009 0.6000000000000002 0.70517752626968588 0.78523795966413312 0.6547626423706755
decision_type=2 2 2 2 2 2 2 2 2 2 2 2 2 2
left_child=3 2 11 -1 5 6 -3 -7 -5 -10 -11 13 -13 -2
right_child=1 4 -4 8 -6 7 -8 -9 9 10 -12 12 -14 -15
leaf_value=0.36381060889638495 -0.0068553894172194152 0.0027684713922115911 -0.18424584700606453 0.11271276443506464 0.15605386267404736 0.32294939625078689 0.54462895766738217 -0.27861964980978776 0.20287041123485516 -0.01083279852987591 0.10648389602072142 -0.2610560744958752 -0.075893952024100306 0.061924606922932363
leaf_weight=34 248 823 42 60 18 32 37 119 36 267 98 45 253 24
leaf_count=34 248 823 42 60 18 32 37 119 36 267 98 45 253 24
internal_value=-0.000117041 -0.00132541 -0.00424837 0.00388889 0.000413022 7.4184e-05 0.00133721 -0.00711921 0.00287419 0.00168329 0.000616438 -0.00324561 -0.00587248 -0.000367647
internal_weight=2136 1641 612 495 1029 1011 860 151 461 401 365 570 298 272
internal_count=2136 1641 612 495 1029 1011 860 151 461 401 365 570 298 272
is_linear=0
shrinkage=0.05


Tree=62
num_leaves=15
num_cat=0
split_feature=10 22 22 22 22 6 4 5 22 22 6 6 22 22
split_gain=4.24972 4.48581 4.16197 5.53359 7.06668 4.16667 3.42772 3.35317 2.83234 3.70494 4.27465 2.47909 2.40833 1.97237
threshold=-0.10059999999999999 0.99879288126755872 0.97577266019832842 0.89546819317495652 0.84484927454466385 16.055000000000003 76.065000000000012 739.99000000000012 0.70517752626968588 0.78523795966413312 13.005000000000001 13.005000000000001 0.98271523713537257 0.68037272099988588
decision_type=2 2 2 2 2 2 2 2 2 2 2 2 2 2
left_child=6 2 3 4 -2 -4 8 -5 11 -10 -11 -1 -7 -13
right_child=1 -3 5 7 -6 12 -8 -9 9 10 -12 13 -14 -15
leaf_value=-0.034884021311100709 0.019276946269873668 0.21078334936058174 0.33585562265311963 0.31349340346004273 -0.20153815363397501 -0.59395755175262055 -0.16335683074933521 0.0092462445822100846 -0.18506275712820119 0.081561698340232525 -0.20148014760099994 0.032893909508327046 -0.25443515297018243 0.22012248420142813
leaf_weight=111 840 45 30 126 90 24 81 84 55 107 210 226 96 10.999999999999998
leaf_count=111 840 45 30 126 90 24 81 84 55 107 210 226 96 11
internal_value=-2.34082e-05 0.00170412 0.00116279 0.00219298 0.000537634 -0.00666667 -0.00290262 0.00952381 -0.00180556 -0.00483871 -0.00276025 0.00143678 -0.0108333 0.00432489
internal_weight=2136 1335 1290 1140 930 150 801 210 720 372 317 348 120 237
internal_count=2136 1335 1290 1140 930 150 801 210 720 372 317 348 120 237
is_linear=0
shrinkage=0.05


Tree=63
num_leaves=15
num_cat=0
split_feature=22 21 22 20 6 22 22 22 22 9 0 1 22 1
split_gain=4.48119 5.87778 5.80633 6.33796 4.07731 4.33451 3.615 8.02085 2.71627 1.68056 2.04167 1.19048 1.08889 0.932401
threshold=0.99781321377224363 12060.420000000002 0.99310419374700554 16775.780000000002 30.380000000000006 0.84484927454466385 0.077330756371236084 0.17963823861099873 0.69287764045535594 0.46000000000000002 24.295000000000005 64.495000000000019 0.99879288126755872 71.065000000000012
decision_type=2 2 2 2 2 2 2 2 2 2 2 2 2 2
left_child=2 9 4 -4 6 8 11 -8 -6 -2 -11 -1 -3 -7
right_child=1 12 3 -5 5 13 7 -9 -10 10 -12 -13 -14 -15
leaf_value=-0.012627244731872002 -0.27284972853340256 0.091778622887585384 -0.55197118006074131 0.33213963146044712 0.14183257252705142 -0.0146029131565799 0.1289403620304353 -0.011324080382118774 0.40150915921508218 0.32590279825847218 -0.060818658472934328 -0.082762190072182801 0.28994642605707049 -0.40468273756555417
leaf_weight=13.999999999999998 11.999999999999998 14.999999999999998 54 18 126 66 126 1554 42 12.000000000000002 11.999999999999998 28 45 11.999999999999998
leaf_count=14 12 15 54 18 126 66 126 1554 42 12 12 28 45 12
internal_value=-0.000140449 0.0104167 -0.000637255 -0.0145833 -0.000127033 0.00589431 -0.000987224 -0.000625 0.0104167 -0.00555556 0.00208333 -0.0154762 0.02 -0.00384615
internal_weight=2136 96 2040 72 1968 246 1722 1680 168 36 24 42 60 78
internal_count=2136 96 2040 72 1968 246 1722 1680 168 36 24 42 60 78
is_linear=0
shrinkage=0.05


Tree=64
num_leaves=15
num_cat=0
split_feature=22 22 1 22 21 22 20 22 22 22 9 1 22 5
split_gain=4.54446 4.72222 4.26945 4.08853 4.96936 4.54407 6.06625 3.5515 5.41799 3.12807 2.77778 2.70492 1.7317 1.69786
threshold=0.37744852145085445 0.32917936166072764 76.795000000000016 0.99781321377224363 12060.420000000002 0.99310419374700554 16775.780000000002 0.19653276579064646 0.077330756371236084 0.77447169083781808 0.46000000000000002 53.895000000000003 0.23014236637527921 568.63000000000011
decision_type=2 2 2 2 2 2 2 2 2 2 2 2 2 2
left_child=1 7 3 5 -5 9 -7 8 10 -2 -1 -9 -13 -6
right_child=2 -3 -4 4 13 6 -8 11 -10 -11 -12 12 -14 -15
leaf_value=-0.062412106026984063 -0.018221013507212325 0.2165925255747827 -0.13061474933946809 -0.024130212787750151 0.37113753431050817 -0.44378277174299524 0.35059537920284545 0.2469618120300929 0.12249334392891359 0.023180548427934058 0.22436024223929582 -0.07543301441399014 -0.0078563520709210802 0.031496294340848864
leaf_weight=36 650 72 115 32 36 49 15.999999999999998 17 168 735 11.999999999999998 46 129 23
leaf_count=36 650 72 115 32 36 49 16 17 168 735 12 46 129 23
internal_value=-0.000117041 0.00416667 -0.0013587 -0.000665152 0.00961538 -0.00131034 -0.0142308 0.00208333 0.00648148 -0.000703971 -0.00833333 -0.00286458 -0.00471429 0.0182203
internal_weight=2136 480 1656 1541 91 1450 65 408 216 1385 48 192 175 59
internal_count=2136 480 1656 1541 91 1450 65 408 216 1385 48 192 175 59
is_linear=0
shrinkage=0.05


Tree=65
num_leaves=15
num_cat=0
split_feature=10 22 22 22 1 22 22 6 6 22 22 6 0 10
split_gain=4.15808 4.20002 3.79317 3.54381 3.38398 2.70413 3.16396 3.95548 2.73189 2.69941 6.35799 4.75152 2.00561 1.42222
threshold=-0.10059999999999999 0.16269055358644466 0.99947698988027445 0.077330756371236084 76.065000000000012 0.70517752626968588 0.78523795966413312 13.005000000000001 13.005000000000001 0.97577266019832842 0.89546819317495652 16.055000000000003 23.180000000000003 0.33810000000000007
decision_type=2 2 2 2 2 2 2 2 2 2 2 2 2 2
left_child=4 3 9 13 5 8 -7 -8 -1 10 -3 -11 -10 -2
right_child=1 2 -4 -5 -6 6 7 -9 12 11 -12 -13 -14 -15
leaf_value=-0.037488430291755435 0.004339814207341597 -0.0059897486815117425 0.16928976296333365 0.18470198328615198 -0.14809204772578913 -0.17433236457732459 0.076890790020930133 -0.17405800485478659 -0.018011479612214387 0.29141631999595213 0.18902194157574703 -0.30954308819366627 0.056901247061541038 -0.047733996789884971
leaf_weight=111 18.000000000000004 825 30 75 81 55 107 210 53 33 210 132 184 11.999999999999998
leaf_count=111 18 825 30 75 81 55 107 210 53 33 210 132 184 12
internal_value=-0.000117041 0.00159176 0.000772358 0.0111905 -0.00296504 -0.001875 -0.00483871 -0.00291798 0.0012931 0.000333333 0.00128019 -0.00560606 0.00432489 -0.00333333
internal_weight=2136 1335 1230 105 801 720 372 317 348 1200 1035 165 237 30
internal_count=2136 1335 1230 105 801 720 372 317 348 1200 1035 165 237 30
is_linear=0
shrinkage=0.05


Tree=66
num_leaves=15
num_cat=0
split_feature=22 22 20 6 22 6 1 22 1 22 5 5 22 0
split_gain=4.44153 5.84722 6.33796 4.00878 4.33451 3.55556 3.37538 2.71627 2.43574 2.21092 1.46944 1.225 1.04167 0.745381
threshold=0.99781321377224363 0.99310419374700554 16775.780000000002 30.380000000000006 0.84484927454466385 24.295000000000005 58.07500000000001 0.69287764045535594 76.425000000000026 0.26347957579725428 380.89500000000004 568.63000000000011 0.99947698988027445 22.315000000000001
decision_type=2 2 2 2 2 2 2 2 2 2 2 2 2 2
left_child=1 3 -3 6 7 10 9 -5 -8 -1 -2 -12 -13 -6
right_child=5 2 -4 4 13 -7 8 -9 -10 -11 11 12 -14 -15
leaf_value=0.32141984270374985 0.0041601180321614089 -0.49009345514434322 0.28343206492748496 0.13198037004196883 -0.32785492694721302 -0.15594164780422548 -0.009978537021049394 0.38160920031538553 -0.099863422025164586 0.036319629983286951 0.35151810885411072 -0.0046480533613670666 0.070988457052778453 -0.0173701523277205
leaf_weight=42 11.999999999999998 54 18 126 10.999999999999998 24 1256 42 128 296 36 12.000000000000002 11.999999999999998 67
leaf_count=42 12 54 18 126 11 24 1256 42 128 296 36 12 12 67
internal_value=-9.3633e-05 -0.000588235 -0.0145833 -7.62195e-05 0.00589431 0.0104167 -0.000929152 0.0104167 -0.00202312 0.0035503 0.0159722 0.0191667 0.0104167 -0.00384615
internal_weight=2136 2040 72 1968 246 96 1722 168 1384 338 72 60 24 78
internal_count=2136 2040 72 1968 246 96 1722 168 1384 338 72 60 24 78
is_linear=0
shrinkage=0.05


Tree=67
num_leaves=15
num_cat=0
split_feature=1 10 1 23 23 8 23 23 23 23 23 23 3 2
split_gain=4.01025 3.34686 2.90691 2.55089 2.54003 4.96253 3.63616 2.26708 1.96148 1.89071 2.84809 2.76262 1.57356 1.86479
threshold=58.210000000000008 -0.10059999999999999 78.170000000000016 0.031173188443800608 0.21861778653020106 9.6000000000000032 0.30163443639916493 0.98663965293901656 0.082689073440128144 0.70897861563100306 0.61913436964878354 0.75578561982460213 36.000000000000007 0.115
decision_type=2 2 2 2 2 2 2 2 2 2 2 2 2 2
left_child=7 2 9 -3 5 -5 -6 8 -1 10 -2 -11 -10 -14
right_child=1 3 -4 4 6 -7 -8 -9 12 11 -12 -13 13 -15
leaf_value=0.32827594975161001 -0.058402569640986446 0.1411495902833016 -0.1473709981446675 0.26846430525707443 0.285412599291132 -0.29333156648295672 0.0016408902423550309 0.38161195648821666 -0.022225663571127232 0.055419288090675936 -0.21564379009549875 -0.0042307651592240151 0.10366400755915582 -0.054365291581297992
leaf_weight=25 263 21 42 28 70 105 858 25 126 26 49 266 204 28
leaf_count=25 263 21 42 28 70 105 858 25 126 26 49 266 204 28
internal_value=-4.68165e-05 -0.00109954 -0.00394737 0.000600739 0.000259189 -0.00620301 0.00118534 0.00441176 0.00345953 -0.00306291 -0.00576923 -0.000171233 0.00251397 0.0049569
internal_weight=2136 1728 646 1082 1061 133 928 408 383 604 312 292 358 232
internal_count=2136 1728 646 1082 1061 133 928 408 383 604 312 292 358 232
is_linear=0
shrinkage=0.05


Tree=68
num_leaves=15
num_cat=0
split_feature=22 22 20 21 22 22 22 1 22 22 9 0 22 5
split_gain=4.03107 5.84722 6.33796 5.50069 3.92278 4.42161 3.1667 2.97389 2.5688 2.47742 1.68056 2.04167 1.36111 1.225
threshold=0.99781321377224363 0.99310419374700554 16775.780000000002 12060.420000000002 0.37744852145085445 0.32917936166072764 0.17963823861099873 73.990000000000023 0.77447169083781808 0.95338485815333007 0.46000000000000002 24.295000000000005 0.34537287020513602 568.63000000000011
decision_type=2 2 2 2 2 2 2 2 2 2 2 2 2 2
left_child=1 4 -3 10 5 6 -1 8 -6 -9 -2 -12 -7 -5
right_child=3 2 -4 13 7 12 -8 9 -10 -11 11 -13 -14 -15
leaf_value=0.09016720026363885 -0.23858062035234498 -0.45679542898402747 0.25592509321631401 0.31804690878402903 -0.015477537556608346 0.51306559695008858 -0.011816719896919327 -0.11436412545330565 0.031729414245469066 0.078869065898953844 0.3125622288233017 -0.054823155071534437 0.067060464362115324 0.021302420385151247
leaf_weight=192 11.999999999999998 54 18 36 614 24 216 155 688 31 12.000000000000002 11.999999999999998 48 24
leaf_count=192 12 54 18 36 614 24 216 155 688 31 12 12 48 24
internal_value=-0.000117041 -0.000588235 -0.0145833 0.00989583 -7.62195e-05 0.00385417 0.00183824 -0.00134409 -0.000499232 -0.00725806 -0.00555556 0.00208333 0.0152778 0.0191667
internal_weight=2136 2040 72 96 1968 480 408 1488 1302 186 36 24 72 60
internal_count=2136 2040 72 96 1968 480 408 1488 1302 186 36 24 72 60
is_linear=0
shrinkage=0.05


Tree=69
num_leaves=15
num_cat=0
split_feature=1 10 1 23 23 0 23 3 23 23 6 23 23 23
split_gain=3.8242 3.08034 2.80842 2.44006 2.36111 2.29746 2.28331 2.33887 2.02624 6.19143 3.81843 1.86863 2.12203 1.92878
threshold=58.210000000000008 -0.10059999999999999 76.065000000000012 0.013975997299564686 0.96462662938340349 21.655000000000005 0.082689073440128144 36.000000000000007 0.25205309817207106 0.30163443639916493 16.055000000000003 0.70897861563100306 0.73281578960684157 0.61913436964878354
decision_type=2 2 2 2 2 2 2 2 2 2 2 2 2 2
left_child=4 2 11 -3 5 -1 -7 -8 10 -10 -5 13 -13 -2
right_child=1 3 -4 8 -6 6 7 -9 9 -11 -12 12 -14 -15
leaf_value=-0.13285632111514387 -0.055662495134672745 0.22582304325062444 -0.13228903794215993 0.2089918218002369 0.28896081929485712 0.29653409540088849 -0.026914165779256139 0.087626143235681894 0.49452137679602615 0.0012449324668732721 -0.14200863194519828 0.086375797179263927 -0.0016173342034565331 -0.20080084270843487
leaf_weight=26 247 9.9999999999999982 81 36 48 24 121 189 41 858 137 11.999999999999998 261 45
leaf_count=26 247 10 81 36 48 24 121 189 41 858 137 12 261 45
internal_value=-0.000187266 -0.00121528 -0.00394737 0.000415896 0.00416667 0.00277778 0.00389222 0.00274194 0.000186567 0.00114016 -0.00476879 -0.00269912 0.000274725 -0.00547945
internal_weight=2136 1728 646 1082 408 360 334 310 1072 899 173 565 273 292
internal_count=2136 1728 646 1082 408 360 334 310 1072 899 173 565 273 292
is_linear=0
shrinkage=0.05


Tree=70
num_leaves=15
num_cat=0
split_feature=22 21 22 20 22 22 1 22 22 22 9 0 22 22
split_gain=4.06885 6.53403 5.80633 5.20833 3.22648 4.75004 3.05193 2.91583 5.23396 3.2 1.38889 1.5 1.36111 0.555556
threshold=0.99781321377224363 12060.420000000002 0.99310419374700554 15014.405000000001 0.37744852145085445 0.32917936166072764 52.970000000000006 0.45560143098769151 0.5009122898073749 0.42471264173135381 0.46000000000000002 24.295000000000005 0.34537287020513602 0.99879288126755872
decision_type=2 2 2 2 2 2 2 2 2 2 2 2 2 2
left_child=2 10 4 -4 5 6 -1 9 -9 -6 -2 -12 -7 -3
right_child=1 13 3 -5 7 12 -8 8 -10 -11 11 -13 -14 -15
leaf_value=0.26816588957238569 -0.22386846457799409 0.072398728476864779 -0.44181993935972663 0.15844201666936072 -0.0061030804610714643 0.48735007047924062 0.0041546179563587641 0.11158535062987709 -0.013350939649105276 -0.20349962636933372 0.29091232737548123 -0.058103787324613111 0.063645194520665957 0.23199611634653428
leaf_weight=27 11.999999999999998 14.999999999999998 45 27 72 24 381 72 1296 48 12.000000000000002 11.999999999999998 48 45
leaf_count=27 12 15 45 27 72 24 381 72 1296 48 12 12 48 45
internal_value=-0.000163858 0.00989583 -0.000637255 -0.0145833 -0.000127033 0.0034375 0.00134804 -0.00127688 -0.000621345 -0.00875 -0.00694444 0 0.0152778 0.02
internal_weight=2136 96 2040 72 1968 480 408 1488 1368 120 36 24 72 60
internal_count=2136 96 2040 72 1968 480 408 1488 1368 120 36 24 72 60
is_linear=0
shrinkage=0.05


Tree=71
num_leaves=15
num_cat=0
split_feature=1 10 1 22 22 22 9 22 22 22 0 22 22 0
split_gain=3.65203 3.08034 2.80842 2.41699 2.10002 3.43886 2.17778 1.86863 2.12203 1.92878 1.68331 1.76792 1.66743 1.25801
threshold=58.210000000000008 -0.10059999999999999 76.065000000000012 0.26347957579725428 0.99781321377224363 0.9884946951290402 0.37500000000000006 0.70517752626968588 0.68037272099988588 0.78523795966413312 21.655000000000005 0.99781321377224363 0.90299113182541202 25.385000000000002
decision_type=2 2 2 2 2 2 2 2 2 2 2 2 2 2
left_child=3 2 7 -1 5 12 -7 8 -2 -9 -5 -12 -3 -4
right_child=1 4 13 10 -6 6 -8 9 -10 -11 11 -13 -14 -15
leaf_value=0.27294740639458492 -0.001744198391101648 -0.0014937471892719325 -0.24420242590087346 -0.12338887013313482 0.064110043646341305 -0.36143851699007357 -0.17065606696260485 -0.19009325359055779 0.082724554302755993 -0.052211823395483851 0.046500304036498422 0.26979425233460347 0.096291898777096652 -0.060845864564705289
leaf_weight=48 261 763 52 26 46 36 24 45 11.999999999999998 247 310 24 213 29
leaf_count=48 261 763 52 26 46 36 24 45 12 247 310 24 213 29
internal_value=-0.000210674 -0.00121528 -0.00394737 0.00404412 0.000415896 -4.82625e-05 -0.0116667 -0.00269912 0.000274725 -0.00547945 0.00263889 0.00359281 0.000665984 -0.0126543
internal_weight=2136 1728 646 408 1082 1036 60 565 273 292 360 334 976 81
internal_count=2136 1728 646 408 1082 1036 60 565 273 292 360 334 976 81
is_linear=0
shrinkage=0.05


Tree=72
num_leaves=15
num_cat=0
split_feature=1 22 22 22 1 22 22 22 22 21 22 1 11 22
split_gain=3.43548 4.34557 2.2641 2.9646 2.72211 2.49065 2.3462 2.2794 2.11024 2.04866 1.77525 1.66838 1.80444 1.90629
threshold=63.905000000000008 0.17963823861099873 0.53038584004487344 0.31288844364721724 79.360000000000014 0.37744852145085445 0.45560143098769151 0.99781321377224363 0.077330756371236084 12060.420000000002 0.99310419374700554 48.310000000000009 -0.99869999999999992 0.77447169083781808
decision_type=2 2 2 2 2 2 2 2 2 2 2 2 2 2
left_child=1 8 3 -2 7 -5 -7 10 -1 -9 -4 -3 -13 -14
right_child=2 11 4 5 -6 6 -8 9 -10 -11 -12 12 13 -15
leaf_value=-0.02751786462969763 -0.011214104486557509 0.18093261247335501 -0.040781772660178378 0.14513807127189962 -0.17921648762865738 -0.029593150450032392 0.07830848668536361 -0.023452281209964634 0.20399616666835457 0.19200138509066497 -0.28999172259541711 0.081089455218962145 -0.012934430425515786 0.028924331328047351
leaf_weight=12.999999999999998 220 42 663 68 40 58 69 17 73 23 40 99 338 373
leaf_count=13 220 42 663 68 40 58 69 17 73 23 40 99 338 373
internal_value=-0.000187266 0.00207889 -0.0019616 0.0010241 -0.00354406 0.00551282 0.00137795 -0.00286003 0.0127907 0.00875 -0.00352063 0.000997653 0.000493827 -0.000386779
internal_weight=2136 938 1198 415 783 195 127 743 86 40 703 852 810 711
internal_count=2136 938 1198 415 783 195 127 743 86 40 703 852 810 711
is_linear=0
shrinkage=0.05


Tree=73
num_leaves=15
num_cat=0
split_feature=22 22 1 22 21 22 20 22 22 9 22 6 1 5
split_gain=3.23081 4.66683 3.26401 2.75371 4.30606 3.59487 4.50517 2.63086 5.0625 2.77778 2.56886 2.09921 2.06229 1.46667
threshold=0.37744852145085445 0.32917936166072764 74.180000000000021 0.99781321377224363 12060.420000000002 0.99310419374700554 15014.405000000001 0.17963823861099873 0.077330756371236084 0.46000000000000002 0.45560143098769151 13.005000000000001 52.970000000000006 568.63000000000011
decision_type=2 2 2 2 2 2 2 2 2 2 2 2 2 2
left_child=1 7 3 5 -5 10 -7 8 9 -1 -2 -10 -9 -6
right_child=2 -3 -4 4 13 6 -8 12 11 -11 -12 -13 -14 -15
leaf_value=-0.049073359562008138 -0.040656766847686758 0.17895651446288016 -0.082288110798039507 -0.018319067675660161 0.26581830294220249 -0.37539149435052305 0.18698653966421355 0.21707036427914198 -0.0042806620051687892 0.17490661352571438 0.0031026752569254358 0.1284119188774823 -0.021931481386077589 0.0072015382399059471
leaf_weight=36 107 72 201 32 33 37 24 18 18 11.999999999999998 1200 126 198 22
leaf_count=36 107 72 201 32 33 37 24 18 18 12 1200 126 198 22
internal_value=-7.02247e-05 0.00354167 -0.00111715 -0.000292096 0.00833333 -0.000840643 -0.0127049 0.00147059 0.00572917 -0.00833333 -0.000286917 0.0104167 -0.00231481 0.0168182
internal_weight=2136 480 1656 1455 87 1368 61 408 192 48 1307 144 216 55
internal_count=2136 480 1656 1455 87 1368 61 408 192 48 1307 144 216 55
is_linear=0
shrinkage=0.05


Tree=74
num_leaves=15
num_cat=0
split_feature=22 22 1 22 7 22 20 1 22 22 20 0 1 22
split_gain=3.52622 3.97647 2.99777 2.77569 3.62814 3.57275 4.50517 2.6464 2.67032 2.54245 2.07792 1.83782 1.68819 1.5625
threshold=0.37744852145085445 0.32917936166072764 74.180000000000021 0.99781321377224363 114.54000000000001 0.99310419374700554 15014.405000000001 63.905000000000008 0.17963823861099873 0.45560143098769151 16775.780000000002 26.605000000000004 52.970000000000006 0.34537287020513602
decision_type=2 2 2 2 2 2 2 2 2 2 2 2 2 2
left_child=1 7 3 5 10 9 -7 8 -1 -2 -5 -4 -10 -3
right_child=2 13 11 4 -6 6 -8 -9 12 -11 -12 -13 -14 -15
leaf_value=0.13651472985686458 -0.038623928505302454 0.4508043375704387 -0.093656364594542837 0.040288349034992524 -0.16926330449330429 -0.35662191963299689 0.17763721268100288 -0.0084279271012408508 0.20621684606518489 0.0029475414940791536 0.31394390696813246 0.029906606352717271 -0.01089046759377812 0.051924224522995922
leaf_weight=86 107 24 166 55 9.9999999999999982 37 24 237 18 1200 22 35 67 48
leaf_count=86 107 24 166 55 10 37 24 237 18 1200 22 35 67 48
internal_value=-2.34082e-05 0.00375 -0.00111715 -0.00032646 0.00833333 -0.000877193 -0.0127049 0.00183824 0.00657895 -0.000325172 0.012013 -0.0068408 0.000294118 0.0145833
internal_weight=2136 480 1656 1455 87 1368 61 408 171 1307 77 201 85 72
internal_count=2136 480 1656 1455 87 1368 61 408 171 1307 77 201 85 72
is_linear=0
shrinkage=0.05


Tree=75
num_leaves=15
num_cat=0
split_feature=1 11 8 24 1 1 0 1 0 1 0 1 3 5
split_gain=3.10355 2.71679 3.10622 4.19561 2.58046 1.80746 1.73242 1.43052 1.40331 1.02625 1.35977 1.09465 0.634476 0.555556
threshold=48.310000000000009 -0.99869999999999992 17.745000000000005 2.5000000000000004 76.795000000000016 58.07500000000001 28.750000000000004 63.985000000000007 24.355000000000004 74.360000000000014 25.365000000000006 73.440000000000012 60.000000000000007 452.54500000000002
decision_type=2 2 2 2 2 2 2 2 2 2 2 2 2 2
left_child=13 5 4 7 6 -2 -3 -4 -5 11 -11 -7 -6 -1
right_child=1 2 3 8 12 9 -8 -9 -10 10 -12 -13 -14 -15
leaf_value=0.15247708727190928 0.11355148516197318 -0.0095072987379093213 0.29358659890289152 0.02304761921888417 -0.069537057914916559 0.014439473250240442 0.037742952182226563 0.074687118134395103 -0.21653502756780818 0.28903858955795736 -0.017311642713153774 -0.26271803433848351 -0.11890614235398439 0.21058309046500698
leaf_weight=18 47 1415 66 40 73 174 38 105 53 15.000000000000002 13.999999999999998 9.9999999999999982 38 30
leaf_count=18 47 1415 66 40 73 174 38 105 53 15 14 10 38 30
internal_value=-7.02247e-05 -0.000359195 -0.00103939 0.00397727 -0.00188619 0.00442308 -0.00132485 0.00862573 -0.00456989 0.00246479 0.0112069 0.00108696 -0.00923423 0.0125
internal_weight=2136 2088 1828 264 1564 260 1453 171 93 213 29 184 111 48
internal_count=2136 2088 1828 264 1564 260 1453 171 93 213 29 184 111 48
is_linear=0
shrinkage=0.05


Tree=76
num_leaves=15
num_cat=0
split_feature=1 11 6 22 1 22 22 22 22 22 22 22 1 22
split_gain=3.03458 2.556 2.90632 4.96364 2.71694 2.6179 3.03861 2.50528 2.44841 2.3361 1.70028 1.12587 0.720703 0.631313
threshold=48.310000000000009 -0.99869999999999992 30.380000000000006 0.8713187725699193 76.795000000000016 0.70517752626968588 0.78523795966413312 0.58741554219704073 0.060169887675273891 0.96767518139081532 0.12865578461947555 0.37744852145085445 58.210000000000008 0.93038971866793763
decision_type=2 2 2 2 2 2 2 2 2 2 2 2 2 2
left_child=-1 5 4 10 8 7 -7 12 -3 -8 -4 -6 -2 -5
right_child=1 2 3 13 11 6 9 -9 -10 -11 -12 -13 -14 -15
leaf_value=0.18407693724234453 0.12369430832471845 -0.16684573433358152 0.26758680223279913 -0.2740777921443957 0.0088111988650554363 -0.23316414139513653 0.17094316570082912 0.11889065078570296 -0.0049711919785059957 -0.27853403141645033 0.082443738569398406 -0.11689634466934007 0.025068330368920547 -0.0084569739262521093
leaf_weight=48 15.999999999999998 18 14.999999999999998 24 21 21 72 27 1435 43 159 90 81 66
leaf_count=48 16 18 15 24 21 21 72 27 1435 43 159 90 81 66
internal_value=7.02247e-05 -0.000215517 -0.000875274 0.00397727 -0.00169437 0.00442308 -0.000367647 0.00967742 -0.00111838 0.00282609 0.00890805 -0.00923423 0.00592784 -0.00555556
internal_weight=2136 2088 1828 264 1564 260 136 124 1453 115 174 111 97 90
internal_count=2136 2088 1828 264 1564 260 136 124 1453 115 174 111 97 90
is_linear=0
shrinkage=0.05


Tree=77
num_leaves=15
num_cat=0
split_feature=1 10 22 22 22 22 22 1 22 22 6 5 1 22
split_gain=3.06897 2.57308 2.5226 3.18684 2.67163 6.91007 4.58091 2.44436 2.27037 2.78652 2.59624 1.42222 0.996768 0.864532
threshold=48.310000000000009 -0.10059999999999999 0.16269055358644466 0.077330756371236084 0.77447169083781808 0.80607028652842638 0.72914769978834015 78.170000000000016 0.70517752626968588 0.78523795966413312 13.005000000000001 739.99000000000012 70.470000000000013 0.90299113182541202
decision_type=2 2 2 2 2 2 2 2 2 2 2 2 2 2
left_child=-1 7 3 11 6 -6 -4 8 10 -10 -2 -3 -5 -9
right_child=1 2 4 12 5 -7 -8 13 9 -11 -12 -13 -14 -15
leaf_value=0.17487309038022728 -0.038652167871299041 -0.025877847653012098 -0.0021718876039874546 0.16754755140204863 0.32412473948339016 0.0091391767968815214 -0.12434679839882659 -0.060215387785703726 -0.15298210584302532 -0.04390043080008578 0.023914437659950674 0.18207819456261395 2.9833250891986298e-05 -0.73484478614640791
leaf_weight=48 116 18.000000000000004 552 58 45 546 60 29 58 326 242 11.999999999999998 12.999999999999998 12.999999999999998
leaf_count=48 116 18 552 58 45 546 60 29 58 326 242 12 13 13
internal_value=0 -0.000287356 0.00107362 0.00866337 0.000436409 0.00283418 -0.00187908 -0.00255102 -0.00188679 -0.00455729 0.000977654 -0.005 0.0144366 -0.0142857
internal_weight=2136 2088 1304 101 1203 591 612 784 742 384 358 30 71 42
internal_count=2136 2088 1304 101 1203 591 612 784 742 384 358 30 71 42
is_linear=0
shrinkage=0.05


Tree=78
num_leaves=15
num_cat=0
split_feature=1 10 23 23 23 1 23 13 0 23 23 10 23 1
split_gain=3.22231 2.18036 2.42532 2.30931 2.83338 2.07382 1.84604 1.81232 1.50675 1.1913 1.12593 1.10332 0.867857 0.673193
threshold=52.305000000000007 -0.10059999999999999 0.013975997299564686 0.98663965293901656 0.99696839222562084 78.410000000000011 0.91245913578114801 0.32500000000000007 28.750000000000004 0.70897861563100306 0.88217355795388253 -0.10059999999999999 0.44504239796885176 50.035000000000004
decision_type=2 2 2 2 2 2 2 2 2 2 2 2 2 2
left_child=6 5 -3 7 -5 8 10 -4 9 -2 11 13 -7 -1
right_child=1 2 3 4 -6 12 -8 -9 -10 -11 -12 -13 -14 -15
leaf_value=0.044966380091184456 -0.065476564759278016 0.1677619511246202 -0.018471606924454154 0.11093040939801108 -0.01296904050858716 -0.71209165874629143 0.24770359178605902 0.016578752266098819 0.048351418416421925 -0.00076679708741798089 -0.047560561389230038 0.14205870951860008 -0.063471287483925429 -0.22000216173198359
leaf_weight=20 364 13.999999999999998 455 69 30 11.999999999999998 34 693 19 325 12.999999999999998 47 28 12.999999999999998
leaf_count=20 364 14 455 69 30 12 34 693 19 325 13 47 28 13
internal_value=-4.68165e-05 -0.000535092 0.000733545 0.000501203 0.00782828 -0.0026738 0.00767717 -0.000130662 -0.00204802 -0.00243106 0.00403226 0.00625 -0.01375 -0.000757576
internal_weight=2136 2009 1261 1247 99 748 127 1148 708 689 93 80 40 33
internal_count=2136 2009 1261 1247 99 748 127 1148 708 689 93 80 40 33
is_linear=0
shrinkage=0.05


Tree=79
num_leaves=15
num_cat=0
split_feature=1 23 23 20 5 6 23 23 23 23 5 23 10 1
split_gain=3.16398 2.36628 4.90634 4.75043 3.70136 2.33726 3.89249 3.1411 1.84604 1.16459 1.13576 1.12593 1.10332 0.873478
threshold=52.305000000000007 0.065534810592492068 0.1169191230723063 15014.405000000001 568.63000000000011 30.380000000000006 0.49064204624668717 0.99815109357002252 0.91245913578114801 0.013975997299564686 380.89500000000004 0.88217355795388253 -0.10059999999999999 62.790000000000006
decision_type=2 2 2 2 2 2 2 2 2 2 2 2 2 2
left_child=8 4 3 -3 10 7 -7 -4 11 -6 -2 12 -1 -11
right_child=1 2 5 -5 9 6 -8 -9 -10 13 -12 -13 -14 -15
leaf_value=-0.016751704000777856 0.012171845959053719 -0.35955846299119942 -0.0046958446099250933 0.1265020677326239 0.070633704248784748 -0.21939766323072829 0.12299406948563618 -0.089785337001751314 0.23531841219675603 0.00078529763678183431 0.23312562428651626 -0.045182533319768584 0.13495577404267003 -0.1259687599423642
leaf_weight=33 11.999999999999998 44 1585 27 10.999999999999998 68 173 21 34 14.999999999999998 34 12.999999999999998 47 19
leaf_count=33 12 44 1585 27 11 68 173 21 34 15 34 13 47 19
internal_value=2.34082e-05 -0.000460428 -0.000834202 -0.0137324 0.00741758 -0.000338387 0.00425311 -0.0010274 0.00767717 -0.00277778 0.0173913 0.00403226 0.00625 -0.00735294
internal_weight=2136 2009 1918 71 91 1847 241 1606 127 45 46 93 80 34
internal_count=2136 2009 1918 71 91 1847 241 1606 127 45 46 93 80 34
is_linear=0
shrinkage=0.05


Tree=80
num_leaves=15
num_cat=0
split_feature=1 22 6 22 22 22 22 21 22 9 22 6 22 23
split_gain=3.32188 2.68519 2.06668 2.30796 1.952 2.2901 2.18708 1.74671 1.61276 5.98729 3.31682 1.55616 1.7361 1.5311
threshold=63.905000000000008 0.16269055358644466 30.380000000000006 0.99879288126755872 0.53038584004487344 0.99986533717164605 0.31288844364721724 12333.330000000002 0.6547626423706755 0.37500000000000006 0.66766646831012755 30.380000000000006 0.37744852145085445 0.95499258812111987
decision_type=2 2 2 2 2 2 2 2 2 2 2 2 2 2
left_child=1 -1 3 -3 6 8 13 -5 9 -6 -10 12 -8 -2
right_child=4 2 -4 7 5 -7 11 -9 10 -11 -12 -13 -14 -15
leaf_value=0.12384000232961734 -0.09460506998344112 5.7227964159967115e-05 0.11851066517867355 -0.0030053435207803682 0.023420809869408445 0.07879703931092058 0.088078590355609707 0.20963048583000782 0.13212204544872136 -0.1690796051838398 -0.042232800201324229 0.23907250587882151 -2.8297278586997265e-07 -0.0052833866510568761
leaf_weight=74 10.999999999999998 723 104 12.999999999999998 48 15.999999999999998 61 24 20 62 637 21 113 209
leaf_count=74 11 723 104 13 48 16 61 24 20 62 637 21 113 209
internal_value=0.000117041 0.00234542 0.0015625 0.000657895 -0.00162771 -0.00309706 0.00114458 0.0128378 -0.00348761 -0.00909091 -0.00254947 0.005 0.00344828 -0.00227273
internal_weight=2136 938 864 760 1198 783 415 37 767 110 657 195 174 220
internal_count=2136 938 864 760 1198 783 415 37 767 110 657 195 174 220
is_linear=0
shrinkage=0.05


Tree=81
num_leaves=15
num_cat=0
split_feature=22 22 20 6 4 22 11 22 9 21 22 4 5 0
split_gain=3.08577 6.07468 5.04167 3.11736 2.2566 2.21805 2.0316 2.2368 1.80355 1.46944 0.910173 0.904274 1.04712 0.590035
threshold=0.99781321377224363 0.99310419374700554 16775.780000000002 18.480000000000004 52.305000000000007 0.40907743338811486 -0.98919999999999997 0.077330756371236084 0.24500000000000002 12333.330000000002 0.47084587141109652 58.835000000000008 739.99000000000012 24.295000000000005
decision_type=2 2 2 2 2 2 2 2 2 2 2 2 2 2
left_child=1 4 -3 9 5 -1 8 -8 -6 13 -7 -5 -13 -2
right_child=3 2 -4 11 6 10 7 -9 -10 -11 -12 12 -14 -15
leaf_value=0.22354963018871032 0.0072500797316993552 -0.35394153610532419 0.24299477113552995 0.017763618667213689 -0.015611914997231986 -0.042926268051988098 -0.063754097054495598 -0.0077108929837320208 0.044098171059114934 0.21824466563256506 0.045830081972059317 -0.12098068364423119 0.2950575562570012 -0.0028550763447413585
leaf_weight=34 13.000000000000002 54 18 9.9999999999999982 230 12.999999999999998 30 1116 471 36 74 15.999999999999998 10.000000000000002 10.999999999999998
leaf_count=34 13 54 18 10 230 13 30 1116 471 36 74 16 10 11
internal_value=9.3633e-05 -0.000318627 -0.0145833 0.00885417 0.000203252 0.00681818 -0.000230103 -0.00152705 0.00189016 0.0158333 0.00258621 -0.00277778 -0.00769231 0.00625
internal_weight=2136 2040 72 96 1968 121 1847 1146 701 60 87 36 26 24
internal_count=2136 2040 72 96 1968 121 1847 1146 701 60 87 36 26 24
is_linear=0
shrinkage=0.05


Tree=82
num_leaves=15
num_cat=0
split_feature=23 23 20 21 1 3 0 23 23 6 0 5 1 5
split_gain=3.08577 4.94934 4.44907 3.76042 2.21493 1.82571 2.3489 1.67101 2.78901 1.35418 0.740906 1.50134 0.96 0.694444
threshold=0.065534810592492068 0.1169191230723063 16775.780000000002 12333.330000000002 59.145000000000003 36.000000000000007 21.655000000000005 0.99815109357002252 0.98663965293901656 18.480000000000004 24.095000000000002 739.99000000000012 60.705000000000005 568.63000000000011
decision_type=2 2 2 2 2 2 2 2 2 2 2 2 2 2
left_child=3 2 -2 10 5 9 -7 8 -6 -3 11 -1 -12 -5
right_child=1 4 -4 13 7 6 -8 -9 -10 -11 12 -13 -14 -15
leaf_value=-0.10087507659807789 -0.33624445930005797 0.023147184069962103 0.23084503257875344 0.20733243235093682 -0.0080275332178691983 -0.11269178469043456 0.080994477314560609 -0.063066389817585042 0.057317350952154823 -0.064312051343453192 0.0045394022453751019 0.319667583784017 -0.11623914976279687 0.0085038354540202723
leaf_weight=13.000000000000002 54 112 18 36 1383 29 251 23 116 54 10.000000000000002 9.9999999999999982 14.999999999999998 11.999999999999998
leaf_count=13 54 112 18 36 1383 29 251 23 116 54 10 10 15 12
internal_value=9.3633e-05 -0.000318627 -0.0131944 0.00885417 0.000152439 0.00325112 0.00571429 -0.000755585 -0.000550367 -0.000903614 -0.00104167 0.00543478 -0.007 0.01875
internal_weight=2136 2040 72 96 1968 446 280 1522 1499 166 48 23 25 48
internal_count=2136 2040 72 96 1968 446 280 1522 1499 166 48 23 25 48
is_linear=0
shrinkage=0.05


Tree=83
num_leaves=14
num_cat=0
split_feature=1 22 22 22 20 22 20 22 22 0 3 20 0
split_gain=3.092 2.57563 1.99066 4.75787 4.73415 3.68864 3.45593 2.23396 2.09686 0.758893 0.444444 0.453434 0.106667
threshold=48.310000000000009 0.99986533717164605 0.57340843044527534 0.6547626423706755 15014.405000000001 0.66766646831012755 16775.780000000002 0.060169887675273891 0.11157877211276467 25.145000000000003 36.000000000000007 2371.8400000000006 23.455000000000002
decision_type=2 2 2 2 2 2 2 2 2 2 2 2 2
left_child=10 2 6 4 -4 -5 7 -2 -8 -3 -1 -12 -13
right_child=1 9 3 5 -6 -7 8 -9 -10 -11 11 12 -14
leaf_value=0.11943930933704855 -0.062117019433123623 0.014327347818817627 -0.015115908913193572 0.14410718257358446 -0.18062374264500181 -0.011274133894611404 -0.045764987073150735 0.027463451191979106 -0.007133303485263651 0.1330962248953326 0.1218638959779975 0.10912810017744033 0.4276548277106022
leaf_weight=11.999999999999998 18 11.000000000000002 90 24 53 1134 23 555 168 11.999999999999998 10.999999999999998 10.000000000000002 14.999999999999998
leaf_count=12 18 11 90 24 53 1134 23 555 168 12 11 10 15
internal_value=-4.68165e-05 -0.000335249 -0.000520581 -0.00171022 -0.0103147 -0.000647668 0.00150524 0.00344677 -0.00431937 0.0163043 0.0125 0.0152778 0.019
internal_weight=2136 2088 2065 1301 143 1158 764 573 191 23 48 36 25
internal_count=2136 2088 2065 1301 143 1158 764 573 191 23 48 36 25
is_linear=0
shrinkage=0.05


Tree=84
num_leaves=15
num_cat=0
split_feature=1 22 22 20 21 6 22 22 7 0 6 7 9 0
split_gain=3.11511 2.31592 4.63538 4.44907 4.24291 2.12886 8.07313 2.1322 0.925127 1.60233 0.772193 0.555556 0.462963 0.14902
threshold=48.310000000000009 0.99781321377224363 0.99310419374700554 16775.780000000002 12333.330000000002 13.005000000000001 0.87962967011031401 0.060169887675273891 114.54000000000001 24.295000000000005 18.480000000000004 62.400000000000006 0.36000000000000004 25.145000000000003
decision_type=2 2 2 2 2 2 2 2 2 2 2 2 2 2
left_child=11 2 5 12 8 6 -2 -7 9 -3 13 -1 -4 -6
right_child=1 4 3 -5 10 7 -8 -9 -10 -11 -12 -13 -14 -15
leaf_value=0.10068310537514408 -0.11938108479674701 0.031194415931243613 -0.42155608373983394 0.21986648764454639 0.30783256975693274 -0.0568072193550496 0.1159224998766225 0.0044638641396986594 -0.21068446159336071 -0.024708816159429769 0.0023936462385514726 0.14999346908243041 -0.17068574262262662 0.18204374260965503
leaf_weight=18 178 18 27 18 14.999999999999998 21 63 1663 10.999999999999998 17 10.999999999999998 30 27 19
leaf_count=18 178 18 27 18 15 21 63 1663 11 17 11 30 27 19
internal_value=-9.3633e-05 -0.000383142 -0.000738608 -0.0131944 0.00741758 -0.000272727 -0.00466805 0.000356295 -0.00326087 0.000714286 0.0183333 0.0125 -0.0203704 0.0220588
internal_weight=2136 2088 1997 72 91 1925 241 1684 46 35 45 48 54 34
internal_count=2136 2088 1997 72 91 1925 241 1684 46 35 45 48 54 34
is_linear=0
shrinkage=0.05


Tree=85
num_leaves=15
num_cat=0
split_feature=1 22 22 6 22 22 20 21 22 22 11 6 7 5
split_gain=3.05748 2.24283 3.52028 3.75652 2.21166 4.372 4.44907 3.81751 1.84117 3.97167 1.45669 1.08235 0.925127 0.630362
threshold=48.310000000000009 0.16269055358644466 0.11157877211276467 30.380000000000006 0.99781321377224363 0.99310419374700554 16775.780000000002 12333.330000000002 0.12865578461947555 0.14569472580964501 -0.99869999999999992 16.055000000000003 114.54000000000001 568.63000000000011
decision_type=2 2 2 2 2 2 2 2 2 2 2 2 2 2
left_child=-1 2 3 11 5 10 -7 12 -4 -10 -3 -2 -6 -9
right_child=1 4 8 -5 7 6 -8 13 9 -11 -12 -13 -14 -15
leaf_value=0.13325861071994832 -0.041154250570515319 0.041575852463948015 0.18393084430841258 0.23971871390393398 0.0015638459235948867 -0.30515514601828708 0.20887316326231906 0.17722280166924273 -0.079224368836018758 0.21747266692388259 -0.0080012092351408222 -0.0010928960667311305 -0.20015023851369268 0.0022739639266239121
leaf_weight=48 34 220 24 11.999999999999998 35 54 18 34 24 23 1542 46 10.999999999999998 10.999999999999998
leaf_count=48 34 220 24 12 35 54 18 34 24 23 1542 46 11 11
internal_value=2.34082e-05 -0.00026341 0.0053681 -0.00108696 -0.00074026 -0.00111778 -0.0131944 0.00686813 0.0137324 0.00797872 -0.000624291 -0.005 -0.00326087 0.0172222
internal_weight=2136 2088 163 92 1925 1834 72 91 71 47 1762 80 46 45
internal_count=2136 2088 163 92 1925 1834 72 91 71 47 1762 80 46 45
is_linear=0
shrinkage=0.05


Tree=86
num_leaves=15
num_cat=0
split_feature=1 22 22 6 22 22 22 21 9 11 7 7 7 23
split_gain=3.05748 2.00515 3.38038 2.47328 2.12811 1.88977 4.41157 3.41458 3.125 1.41357 0.925127 0.848529 0.555556 0.099681
threshold=48.310000000000009 0.16269055358644466 0.14569472580964501 30.380000000000006 0.077330756371236084 0.99781321377224363 0.99310419374700554 12333.330000000002 0.37500000000000006 -0.99869999999999992 114.54000000000001 62.400000000000006 62.400000000000006 0.92599062340417404
decision_type=2 2 2 2 2 2 2 2 2 2 2 2 2 2
left_child=12 2 3 4 -2 6 9 10 -8 -3 -7 -9 -1 -14
right_child=1 5 -4 -5 -6 7 8 11 -10 -11 -12 -13 13 -15
leaf_value=0.088986019570389457 -0.042594300782575027 0.039497059840750609 0.2065990335776885 0.15310397591404429 0.046398251613215806 0.0014856536274151289 -0.29624713811502579 0.21782418121351041 -0.043469849100556381 -0.007601148773383787 -0.19014272658800802 0.019487864653062015 0.10962320252122648 0.40969858712513735
leaf_weight=18 42 220 23 18 80 35 36 23 36 1542 10.999999999999998 22 19.000000000000004 10.999999999999998
leaf_count=18 42 220 23 18 80 35 36 23 36 1542 11 22 19 11
internal_value=2.34082e-05 -0.00026341 0.00506135 0.00214286 -0.000409836 -0.000714286 -0.00106325 0.00631868 -0.0131944 -0.000567537 -0.00326087 0.0161111 0.0125 0.0166667
internal_weight=2136 2088 163 140 122 1925 1834 91 72 1762 46 45 48 30
internal_count=2136 2088 163 140 122 1925 1834 91 72 1762 46 45 48 30
is_linear=0
shrinkage=0.05


Tree=87
num_leaves=15
num_cat=0
split_feature=1 22 22 6 22 22 11 1 22 2 22 22 1 6
split_gain=2.57878 2.00515 3.38038 2.47328 2.12811 1.49492 1.70751 1.17622 1.63537 1.45193 0.510417 1.10208 0.0565217 2.22045e-16
threshold=48.310000000000009 0.16269055358644466 0.14569472580964501 30.380000000000006 0.077330756371236084 0.99986533717164605 -0.94719999999999993 60.570000000000007 0.53038584004487344 4.6000000000000005 0.42471264173135381 0.64166506163122816 69.230000000000004 16.460000000000004
decision_type=2 2 2 2 2 2 2 2 2 2 2 2 2 2
left_child=10 2 3 4 -2 7 -7 9 -9 -3 -1 -12 -4 -13
right_child=1 5 12 -5 -6 6 -8 8 -10 -11 11 13 -14 -15
leaf_value=0.34807221262181137 -0.040464585743446274 0.007633410711043548 0.21423968871024412 0.14544877711834214 0.044078339032555029 0.18256244869236773 -0.0024722104537100668 0.0053766705439127985 -0.032867443324668157 0.20185455972205599 -0.024626048691336513 0.19291334743292429 0.1392117587189004 0.12673605348731867
leaf_weight=15.999999999999998 42 522 13.000000000000002 18 80 12.000000000000002 10.999999999999998 393 977 9.9999999999999982 11.999999999999998 10.000000000000002 9.9999999999999982 9.9999999999999982
leaf_count=16 42 522 13 18 80 12 11 393 977 10 12 10 10 10
internal_value=0 -0.00026341 0.00506135 0.00214286 -0.000409836 -0.000714286 0.0119565 -0.000867508 -0.00164234 0.00112782 0.0114583 0.0078125 0.0228261 0.015
internal_weight=2136 2088 163 140 122 1925 23 1902 1370 532 48 32 23 20
internal_count=2136 2088 163 140 122 1925 23 1902 1370 532 48 32 23 20
is_linear=0
shrinkage=0.05


Tree=88
num_leaves=14
num_cat=0
split_feature=1 23 23 8 23 23 11 0 0 23 5 3 1
split_gain=2.63179 2.23722 3.2168 2.32532 1.85908 1.46673 1.70751 1.15505 1.81995 1.72176 0.733741 0.127188 0.0565217
threshold=46.830000000000005 0.98663965293901656 0.98929220549296726 17.745000000000005 0.99696839222562084 0.013975997299564686 -0.94719999999999993 27.235000000000003 27.640000000000004 0.25205309817207106 452.54500000000002 60.000000000000007 69.230000000000004
decision_type=2 2 2 2 2 2 2 2 2 2 2 2 2
left_child=10 5 12 4 -4 6 -2 9 -9 -7 -1 -12 -3
right_child=1 2 3 -5 -6 7 -8 8 -10 -11 11 -13 -14
leaf_value=0.10085561683039029 0.17343432625774935 0.20352770427473194 0.042399304071600953 0.13817633826242509 -0.038441356456273938 -0.062414650051879433 -0.0023485999310245646 0.063106609485211518 -0.0032380407421249927 -0.0023865290313356269 0.3718100471377902 0.099605553771948782 0.13225117078295537
leaf_weight=10.999999999999998 12.000000000000002 13.000000000000002 81 18 42 290 10.999999999999998 63 115 1443 13 14 9.9999999999999982
leaf_count=11 12 13 81 18 42 290 11 63 115 1443 13 14 10
internal_value=0.000117041 -0.000119161 0.0054878 0.00265957 0.000203252 -0.000594623 0.0119565 -0.000745683 0.00308989 -0.00113964 0.0131579 0.0175926 0.0228261
internal_weight=2136 2098 164 141 123 1934 23 1911 178 1733 38 27 23
internal_count=2136 2098 164 141 123 1934 23 1911 178 1733 38 27 23
is_linear=0
shrinkage=0.05


Tree=89
num_leaves=15
num_cat=0
split_feature=1 22 22 6 1 22 22 9 7 7 22 5 0 1
split_gain=2.15306 1.81115 2.66258 2.42461 2.05531 1.40464 3.56732 3.125 2.84058 1.68497 1.59305 0.567074 0.226087 0.226087
threshold=46.830000000000005 0.16269055358644466 0.14569472580964501 30.380000000000006 70.470000000000013 0.99781321377224363 0.99310419374700554 0.37500000000000006 55.750000000000007 114.54000000000001 0.87962967011031401 452.54500000000002 25.145000000000003 69.230000000000004
decision_type=2 2 2 2 2 2 2 2 2 2 2 2 2 2
left_child=11 2 3 4 -2 6 10 -8 12 -10 -3 -1 -7 -4
right_child=1 5 13 -5 -6 8 7 -9 9 -11 -12 -13 -14 -15
leaf_value=0.095812835988870762 0.0089322948940311012 -0.0083847731970902121 0.19335131906099542 0.13126752134930381 -0.059070051990668754 0.28847300303901452 -0.27667067654044708 -0.037544773327593942 0.0091583944024744568 -0.16285811119984958 0.026989441546272808 0.12011873282042328 0.15296943783658873 0.12563861224380765
leaf_weight=10.999999999999998 98 1247 13.000000000000002 18 25 10.000000000000002 36 36 57 11.999999999999998 523 27 12.999999999999998 9.9999999999999982
leaf_count=11 98 1247 13 18 25 10 36 36 57 12 523 27 13 10
internal_value=4.68165e-05 -0.000166826 0.00487805 0.00230496 -0.000203252 -0.000594623 -0.000895765 -0.0118056 0.00543478 0.000362319 -0.000451977 0.0118421 0.0206522 0.0206522
internal_weight=2136 2098 164 141 123 1934 1842 72 92 69 1770 38 23 23
internal_count=2136 2098 164 141 123 1934 1842 72 92 69 1770 38 23 23
is_linear=0
shrinkage=0.05


Tree=90
num_leaves=15
num_cat=0
split_feature=4 22 22 6 22 22 6 22 5 22 9 22 3 0
split_gain=2.52637 1.91599 2.654 3.60163 1.62722 3.39998 1.29159 1.28711 2.95438 2.73068 3.675 1.47263 1.02088 0.951087
threshold=48.310000000000009 0.16269055358644466 0.11157877211276467 30.380000000000006 0.12865578461947555 0.14569472580964501 16.055000000000003 0.99781321377224363 568.63000000000011 0.99310419374700554 0.36000000000000004 0.95338485815333007 36.000000000000007 26.025000000000002
decision_type=2 2 2 2 2 2 2 2 2 2 2 2 2 2
left_child=-1 2 3 6 -4 -6 -2 9 13 11 -11 -3 -10 -9
right_child=1 7 4 -5 5 -7 -8 8 12 10 -12 -13 -14 -15
leaf_value=0.095991174018805803 -0.045773741391715861 -0.0062944064706194963 0.16844944225622105 0.19933294757653153 -0.08065350120267048 0.16571314629650546 0.0045901461410186696 0.14078817345302214 0.0070962660643470125 -0.35181052685032688 -0.071768838089760673 0.039752130899463792 -0.042701561646363476 0.13376374473738678
leaf_weight=48 34 1505 24 11.999999999999998 24 23 46 32 15.999999999999998 27 45 257 29 13.999999999999998
leaf_count=48 34 1505 24 12 24 23 46 32 16 27 45 257 29 14
internal_value=0.000117041 -0.000143678 0.00506135 -0.000543478 0.0123239 0.00691489 -0.004375 -0.000584416 0.00521978 -0.00087241 -0.0104167 -0.000482406 -0.00388889 0.0141304
internal_weight=2136 2088 163 92 71 47 80 1925 91 1834 72 1762 45 46
internal_count=2136 2088 163 92 71 47 80 1925 91 1834 72 1762 45 46
is_linear=0
shrinkage=0.05


Tree=91
num_leaves=15
num_cat=0
split_feature=1 23 23 20 23 20 9 11 23 7 0 1 1 23
split_gain=2.52637 1.88205 4.83257 4.27182 3.53111 2.77615 2.35394 2.01806 1.91618 1.87778 1.70758 1.29338 0.856229 0.789141
threshold=48.310000000000009 0.81922450700169669 0.75578561982460213 15014.405000000001 0.74441084628863963 15014.405000000001 0.46000000000000002 -0.99869999999999992 0.99696839222562084 55.750000000000007 25.325000000000003 64.585000000000022 64.495000000000019 0.98045953152007548
decision_type=2 2 2 2 2 2 2 2 2 2 2 2 2 2
left_child=-1 2 4 9 5 -2 7 12 -9 -4 13 -12 -3 -8
right_child=1 6 3 -5 -6 -7 10 8 -10 -11 11 -13 -14 -15
leaf_value=0.091191615317865488 -0.024664726457484701 0.069206264424573408 0.086426108301971866 -0.16419674454854413 0.13831807727661857 0.043276954313209354 0.0039599245095076063 -0.0012723967896011601 -0.050354378704096918 -0.041160065151594649 0.13071108957247699 0.041556722682592452 0.014746392398352005 0.14296620266288138
leaf_weight=48 721 37 18 53 24 436 96 447 30 72 28 33 57 36
leaf_count=48 721 37 18 53 24 436 96 447 30 72 28 33 57 36
internal_value=0.000117041 -0.000143678 -0.00128399 -0.00996503 -0.000232854 -0.000626621 0.00183246 0.000218914 -0.00110063 -0.00333333 0.00660622 0.0135246 0.00691489 0.00340909
internal_weight=2136 2088 1324 143 1181 1157 764 571 477 90 193 61 94 132
internal_count=2136 2088 1324 143 1181 1157 764 571 477 90 193 61 94 132
is_linear=0
shrinkage=0.05


Tree=92
num_leaves=15
num_cat=0
split_feature=1 1 22 22 6 22 7 22 7 22 22 22 13 6
split_gain=2.30688 1.769 2.00642 2.69715 3.56046 1.37765 2.7914 2.06048 1.28201 1.50521 0.903911 0.875117 1.06148 0.997403
threshold=50.965000000000011 79.360000000000014 0.16269055358644466 0.11157877211276467 30.380000000000006 0.99781321377224363 55.750000000000007 0.99310419374700554 55.750000000000007 0.2965049369093406 0.12865578461947555 0.84484927454466385 0.52500000000000013 18.480000000000004
decision_type=2 2 2 2 2 2 2 2 2 2 2 2 2 2
left_child=8 2 3 4 -2 7 -7 -4 -1 -10 -5 12 13 -3
right_child=1 11 5 10 -6 6 -8 -9 9 -11 -12 -13 -14 -15
leaf_value=-0.013903254360784968 -0.021762936075764829 0.033298766603713247 -0.0019290054221673626 0.15878815979362682 0.18221799006456091 0.16890331090360144 0.0020644982120236579 -0.12094558511368088 0.30772795305079104 0.076713651612302952 0.045289877804114198 -0.44939908627506819 -0.068996251287294544 -0.065668265041402135
leaf_weight=22 75 10.000000000000002 1680 24 11.999999999999998 23 65 67 15.999999999999998 48 43 23 17 10.999999999999998
leaf_count=22 75 10 1680 24 12 23 65 67 16 48 43 23 17 11
internal_value=0.000117041 -0.000219512 3.77074e-05 0.00551948 -0.000287356 -0.000422343 0.00568182 -0.000729823 0.00813953 0.0117188 0.0130597 -0.00860656 -0.00394737 0.00357143
internal_weight=2136 2050 1989 154 87 1835 88 1747 86 64 67 61 38 21
internal_count=2136 2050 1989 154 87 1835 88 1747 86 64 67 61 38 21
is_linear=0
shrinkage=0.05


Tree=93
num_leaves=15
num_cat=0
split_feature=1 22 22 6 22 22 5 22 20 22 22 3 3 0
split_gain=2.28003 1.63843 2.73847 1.7813 1.40374 1.28723 2.95438 2.348 3.12963 1.27847 1.0495 1.15556 1.02088 0.951087
threshold=50.965000000000011 0.16269055358644466 0.14569472580964501 30.380000000000006 0.11157877211276467 0.99781321377224363 568.63000000000011 0.99310419374700554 16775.780000000002 0.95338485815333007 0.2965049369093406 36.000000000000007 36.000000000000007 26.025000000000002
decision_type=2 2 2 2 2 2 2 2 2 2 2 2 2 2
left_child=10 2 3 4 -2 7 13 9 -9 -3 -1 -12 -8 -7
right_child=1 5 -4 -5 -6 6 12 8 -10 -11 11 -13 -14 -15
leaf_value=0.26221503977599669 -0.020674789271976482 -0.0072258312136679777 0.15170268187024583 0.10014249948368113 0.044008935988047962 0.12900926385608721 0.0078714641734027209 -0.23796610079235012 0.21157818284552229 0.039161187070869498 -0.07248136801280701 0.087418849663711121 -0.039436472151772331 0.11816508625894424
leaf_weight=21 77 1477 23 18 42 32 15.999999999999998 54 18 250 20 45 29 13.999999999999998
leaf_count=21 77 1477 23 18 42 32 16 54 18 250 20 45 29 14
internal_value=0.000163858 -0.000170732 0.0046875 0.0020073 -0.000210084 -0.000582011 0.00521978 -0.000875486 -0.00972222 -0.000506659 0.00813953 0.005 -0.00388889 0.0141304
internal_weight=2136 2050 160 137 119 1890 91 1799 72 1727 86 65 45 46
internal_count=2136 2050 160 137 119 1890 91 1799 72 1727 86 65 45 46
is_linear=0
shrinkage=0.05


Tree=94
num_leaves=15
num_cat=0
split_feature=22 22 1 22 22 22 22 9 1 22 22 0 8 11
split_gain=2.20597 3.43546 2.39576 2.09241 3.6125 3.4237 2.25 2.00556 1.96979 1.80701 2.84672 1.7939 1.68056 1.5
threshold=0.37744852145085445 0.32917936166072764 52.970000000000006 0.45560143098769151 0.42471264173135381 0.5009122898073749 0.3933211724509133 0.39500000000000007 60.570000000000007 0.16269055358644466 0.14569472580964501 28.750000000000004 9.8600000000000012 -0.94719999999999993
decision_type=2 2 2 2 2 2 2 2 2 2 2 2 2 2
left_child=1 2 -1 4 6 12 13 -8 11 10 -4 -7 -5 -2
right_child=3 -3 9 5 -6 8 7 -9 -10 -11 -12 -13 -14 -15
leaf_value=0.14342343247340975 -0.013214874742288309 0.13380957975247459 0.0048587166718518484 0.0179177578781194 -0.19124564444861775 0.020678469615936113 -0.001044341498538337 0.042449534719956189 -0.019443682606175346 -0.014034921386634203 0.14411754777673344 0.1095381597819082 0.18224016384420538 -0.16097536792336251
leaf_weight=27 12.000000000000002 72 137 36 48 413 30 18 1032 221 23 19 36 11.999999999999998
leaf_count=27 12 72 137 36 48 413 30 18 1032 221 23 19 36 12
internal_value=0.000140449 0.003125 0.00134804 -0.000724638 -0.00708333 -0.000227865 0 0.00625 -0.000751366 0.000328084 0.004375 0.00208333 0.0104167 -0.0125
internal_weight=2136 480 408 1656 120 1536 72 48 1464 381 160 432 72 24
internal_count=2136 480 408 1656 120 1536 72 48 1464 381 160 432 72 24
is_linear=0
shrinkage=0.05


Tree=95
num_leaves=15
num_cat=0
split_feature=22 22 1 22 22 22 22 22 22 6 5 1 6 22
split_gain=2.11909 3.70835 3.14599 2.97201 2.28724 7.29847 4.90909 1.54402 2.91195 2.0584 1.5 1.32461 1.20607 0.840278
threshold=0.40907743338811486 0.45560143098769151 52.970000000000006 0.5009122898073749 0.78523795966413312 0.80607028652842638 0.74081089433267733 0.31288844364721724 0.2965049369093406 30.380000000000006 739.99000000000012 63.755000000000003 13.005000000000001 0.42471264173135381
decision_type=2 2 2 2 2 2 2 2 2 2 2 2 2 2
left_child=2 13 -1 10 6 -6 -5 8 12 11 -3 -9 -4 -2
right_child=1 3 7 4 5 -7 -8 9 -10 -11 -12 -13 -14 -15
leaf_value=0.15589748565159756 -0.0013947950819531577 0.045499385273426479 -0.048632167026684492 -0.0088260958374199294 0.2914288969820924 -0.0022060981374450008 -0.14167690426593404 -0.011722110675474707 -0.14997744836001523 0.35197504703963639 0.23766052785738984 0.027161740381961508 0.0067574291067549197 -0.18168336222618686
leaf_weight=34 24 54 41 432 48 888 96 30 21 18 18 87 297 48
leaf_count=34 24 54 41 432 48 888 96 30 21 18 18 87 297 48
internal_value=0.000187266 -0.000715174 0.00293561 -0.000195313 -0.00068306 0.000801282 -0.00331439 0.00192308 0.000208914 0.00648148 0.00972222 0.00405983 0.00133136 -0.0118056
internal_weight=2136 1608 528 1536 1464 936 528 494 359 135 72 117 338 72
internal_count=2136 1608 528 1536 1464 936 528 494 359 135 72 117 338 72
is_linear=0
shrinkage=0.05


Tree=96
num_leaves=15
num_cat=0
split_feature=23 23 1 23 23 23 20 5 23 23 6 20 1 21
split_gain=2.08478 3.79199 3.10562 2.89448 1.8856 7.29847 4.56124 1.5 1.47621 2.95702 2.0584 1.42527 1.32461 1.125
threshold=0.91245913578114801 0.89014232404703397 52.970000000000006 0.86545531305655499 0.61913436964878354 0.59175731018202693 16775.780000000002 739.99000000000012 0.94975093725139803 0.95499258812111987 30.380000000000006 16775.780000000002 63.755000000000003 12333.330000000002
decision_type=2 2 2 2 2 2 2 2 2 2 2 2 2 2
left_child=1 3 -2 4 5 -1 -6 -5 10 -10 12 -11 -4 -3
right_child=2 13 8 7 6 -7 -8 -9 9 11 -12 -13 -14 -15
leaf_value=-0.0020957932305727292 0.14810261136901773 -0.071513086236929091 -0.011136005141700968 0.043224416009755143 -0.00099594268088114279 0.27685745213298779 -0.10143829050447169 0.22577750146452036 -0.14247857594201446 0.010616412750540039 0.33437629468765451 -0.033165253716952135 0.025803653362863433 -0.094683167666488544
leaf_weight=888 34 36 30 54 396 48 132 18 21 254 18 84 87 36
leaf_count=888 34 36 30 54 396 48 132 18 21 254 18 84 87 36
internal_value=0.000304307 -0.000590796 0.0030303 -6.51042e-05 -0.000546448 0.000801282 -0.00293561 0.00972222 0.00202429 0.000348189 0.00648148 0.00147929 0.00405983 -0.0118056
internal_weight=2136 1608 528 1536 1464 936 528 72 494 359 135 338 117 72
internal_count=2136 1608 528 1536 1464 936 528 72 494 359 135 338 117 72
is_linear=0
shrinkage=0.05


Tree=97
num_leaves=15
num_cat=0
split_feature=22 22 7 22 9 22 20 22 22 20 22 10 22 6
split_gain=1.84545 3.77209 3.57435 7.40295 3.33333 3.05043 7.85203 7.57209 2.68889 1.7782 1.5902 1.77778 1.76959 5.33333
threshold=0.57340843044527534 0.64166506163122816 114.54000000000001 0.86275003778655002 0.37500000000000006 0.89546819317495652 16775.780000000002 0.84484927454466385 0.81613017994572579 16775.780000000002 0.54488935974326758 -0.013599999999999998 0.5009122898073749 24.295000000000005
decision_type=2 2 2 2 2 2 2 2 2 2 2 2 2 2
left_child=9 4 5 8 -2 7 -7 -3 -4 10 12 -12 -1 -14
right_child=1 2 3 -5 -6 6 -8 -9 -10 -11 11 -13 13 -15
leaf_value=0.021577960146994903 -0.0076123436445758976 0.014185949754408534 0.0058693498147556426 -0.21212180248346676 -0.17373910225259934 -0.00093956075332597428 0.22762740185300334 -0.17849721407138164 0.4218833120523206 -0.018599780232135377 0.1612769795533954 0.013728453211790781 -0.17995748910031295 0.12128318780666625
leaf_weight=504 60 378 45 93 60 405 162 126 14.999999999999998 198 18 18 36 18
leaf_count=504 60 378 45 93 60 405 162 126 15 198 18 18 36 18
internal_value=0.000421348 -0.000706845 0.000122549 -0.00702614 -0.00916667 0.00114379 0.00365961 -0.00168651 0.00666667 0.00233586 0.0037037 0.0138889 0.00304659 -0.00555556
internal_weight=2136 1344 1224 153 120 1071 567 504 60 792 594 36 558 54
internal_count=2136 1344 1224 153 120 1071 567 504 60 792 594 36 558 54
is_linear=0
shrinkage=0.05


Tree=98
num_leaves=15
num_cat=0
split_feature=22 22 1 22 5 22 6 22 22 20 22 0 0 21
split_gain=1.74334 2.68254 1.47904 1.42222 2.66667 2.26875 3.01339 1.41841 2.99964 2.63471 2.00556 1.47153 0.817376 1.09253
threshold=0.16269055358644466 0.14569472580964501 76.795000000000016 0.12865578461947555 568.63000000000011 0.11157877211276467 30.380000000000006 0.23014236637527921 0.24684749415872467 15014.405000000001 0.21336913576298863 25.385000000000002 25.385000000000002 12658.940000000002
decision_type=2 2 2 2 2 2 2 2 2 2 2 2 2 2
left_child=1 3 7 5 -5 6 -1 9 -9 10 -2 -10 13 -4
right_child=2 -3 12 4 -6 -7 -8 8 11 -11 -12 -13 -14 -15
leaf_value=-0.014084324677165673 0.040552230936837574 0.14210538523744498 -0.072939873067020808 0.011118621801721984 -0.2348811588129639 0.14680888209944093 0.16590943965334165 0.24325906180953277 -0.0044122351648590687 -0.14815428388534466 -0.086693418748290799 0.016425566227608736 -0.072896619354275008 0.015737095673796022
leaf_weight=84 45 24 50 12.000000000000002 11.999999999999998 24 11.999999999999998 20 1178 35 14.999999999999998 540 58 27
leaf_count=84 45 24 50 12 12 24 12 20 1178 35 15 540 58 27
internal_value=0.000468165 0.00535714 5.0813e-05 0.00277778 -0.00833333 0.005 0.0015625 0.000422804 0.000747986 -0.00552632 0.000833333 0.000523865 -0.005 -0.00162338
internal_weight=2136 168 1968 144 24 120 96 1833 1738 95 60 1718 135 77
internal_count=2136 168 1968 144 24 120 96 1833 1738 95 60 1718 135 77
is_linear=0
shrinkage=0.05


Tree=99
num_leaves=11
num_cat=0
split_feature=1 1 22 6 22 22 22 20 22 22
split_gain=1.58019 1.37963 1.38114 1.93104 2.28571 1.33541 2.86099 2.07388 0.487218 0.761905
threshold=46.830000000000005 84.490000000000009 0.16269055358644466 30.380000000000006 0.11157877211276467 0.23014236637527921 0.24684749415872467 15014.405000000001 0.2965049369093406 0.64166506163122816
decision_type=2 2 2 2 2 2 2 2 2 2
left_child=8 2 3 4 -2 7 -7 -4 -1 -10
right_child=1 -3 5 -5 -6 6 -8 -9 9 -11
leaf_value=0.2975266962239001 -0.016929389165995446 -0.26937718955386858 -0.00032115596379171944 0.14214142092533494 0.059056539363405852 0.21741507137436483 0.00044531641046150486 -0.13438178229742165 0.015570044585690468 0.27345508603954477
leaf_weight=9.9999999999999982 81 11.999999999999998 58 19 63 22 1807 36 16.000000000000004 11.999999999999998
leaf_count=10 81 12 58 19 63 22 1807 36 16 12
internal_value=0.000421348 0.000238322 0.00033557 0.0047546 0.00277778 -3.90016e-05 0.000259705 -0.00585106 0.0105263 0.00714286
internal_weight=2136 2098 2086 163 144 1923 1829 94 38 28
internal_count=2136 2098 2086 163 144 1923 1829 94 38 28
is_linear=0
shrinkage=0.05


end of trees

feature_importances:
day_of_year_sin=462
forecast_humidity=211
day_of_year_cos=164
elevation_std=112
aspect_sin=79
distance_to_nearest_water=60
b2_humidity=57
forecast_temperature=47
elevation_mean=37
slope_std=35
distance_to_forecast_grid_m=33
elevation_range=31
aspect_cos=22
tri_std=13
lead_time_hours=11
slope_mean=10
month=6
forecast_rainfall=4

parameters:
[boosting: gbdt]
[objective: quantile]
[metric: quantile]
[tree_learner: serial]
[device_type: cpu]
[data_sample_strategy: bagging]
[data: ]
[valid: ]
[num_iterations: 100]
[learning_rate: 0.05]
[num_leaves: 15]
[num_threads: 8]
[seed: 42]
[deterministic: 0]
[force_col_wise: 0]
[force_row_wise: 0]
[histogram_pool_size: -1]
[max_depth: 5]
[min_data_in_leaf: 10]
[min_sum_hessian_in_leaf: 0.001]
[bagging_fraction: 0.8]
[pos_bagging_fraction: 1]
[neg_bagging_fraction: 1]
[bagging_freq: 0]
[bagging_seed: 400]
[bagging_by_query: 0]
[feature_fraction: 0.8]
[feature_fraction_bynode: 1]
[feature_fraction_seed: 30056]
[extra_trees: 0]
[extra_seed: 12879]
[early_stopping_round: 0]
[early_stopping_min_delta: 0]
[first_metric_only: 0]
[max_delta_step: 0]
[lambda_l1: 0]
[lambda_l2: 0]
[linear_lambda: 0]
[min_gain_to_split: 0]
[drop_rate: 0.1]
[max_drop: 50]
[skip_drop: 0.5]
[xgboost_dart_mode: 0]
[uniform_drop: 0]
[drop_seed: 17869]
[top_rate: 0.2]
[other_rate: 0.1]
[min_data_per_group: 100]
[max_cat_threshold: 32]
[cat_l2: 10]
[cat_smooth: 10]
[max_cat_to_onehot: 4]
[top_k: 20]
[monotone_constraints: ]
[monotone_constraints_method: basic]
[monotone_penalty: 0]
[feature_contri: ]
[forcedsplits_filename: ]
[refit_decay_rate: 0.9]
[cegb_tradeoff: 1]
[cegb_penalty_split: 0]
[cegb_penalty_feature_lazy: ]
[cegb_penalty_feature_coupled: ]
[path_smooth: 0]
[interaction_constraints: ]
[verbosity: -1]
[saved_feature_importance_type: 0]
[use_quantized_grad: 0]
[num_grad_quant_bins: 4]
[quant_train_renew_leaf: 0]
[stochastic_rounding: 1]
[linear_tree: 0]
[max_bin: 255]
[max_bin_by_feature: ]
[min_data_in_bin: 3]
[bin_construct_sample_cnt: 200000]
[data_random_seed: 175]
[is_enable_sparse: 1]
[enable_bundle: 1]
[use_missing: 1]
[zero_as_missing: 0]
[feature_pre_filter: 1]
[pre_partition: 0]
[two_round: 0]
[header: 0]
[label_column: ]
[weight_column: ]
[group_column: ]
[ignore_column: ]
[categorical_feature: ]
[forcedbins_filename: ]
[precise_float_parser: 0]
[parser_config_file: ]
[objective_seed: 16083]
[num_class: 1]
[is_unbalance: 0]
[scale_pos_weight: 1]
[sigmoid: 1]
[boost_from_average: 1]
[reg_sqrt: 0]
[alpha: 0.5]
[fair_c: 1]
[poisson_max_delta_step: 0.7]
[tweedie_variance_power: 1.5]
[lambdarank_truncation_level: 30]
[lambdarank_norm: 1]
[label_gain: ]
[lambdarank_position_bias_regularization: 0]
[eval_at: ]
[multi_error_top_k: 1]
[auc_mu_weights: ]
[num_machines: 1]
[local_listen_port: 12400]
[time_out: 120]
[machine_list_filename: ]
[machines: ]
[gpu_platform_id: -1]
[gpu_device_id: -1]
[gpu_device_id_list: ]
[gpu_use_dp: 0]
[num_gpu: 1]

end of parameters

pandas_categorical:[]
