tree
version=v4
num_class=1
num_tree_per_iteration=1
label_index=0
max_feature_idx=24
objective=quantile
feature_names=forecast_temperature forecast_humidity forecast_rainfall lead_time_hours b2_temperature elevation_mean elevation_std elevation_range slope_mean slope_std aspect_sin aspect_cos tri_mean tri_std landcover_fraction_tree landcover_fraction_shrub landcover_fraction_grass landcover_fraction_cropland landcover_fraction_builtup landcover_fraction_water distance_to_nearest_water distance_to_forecast_grid_m day_of_year_sin day_of_year_cos month
feature_infos=[17.800000000000001:32.509999999999998] [38.549999999999997:92.700000000000003] [0:21.109999999999999] [24:72] [17.43:32.950000000000003] [354.08999999999997:899.00999999999999] [12.289999999999999:32.460000000000001] [45.369999999999997:118.16] [7.3899999999999997:18.890000000000001] [0.13:0.54000000000000004] [-0.46550000000000002:0.72440000000000004] [-0.99890000000000001:-0.68910000000000005] [9.5299999999999994:25.140000000000001] [0.17999999999999999:0.77000000000000002] none none none [0.024799999999999999:1] [0:0.97519999999999996] none [0:18225.799999999999] [3595.1999999999998:16825.540000000001] [0.034398060613608013:0.99998555065071859] [0.0053757315575838844:0.99940821160625981] [1:3]
tree_sizes=1432 1453 1472 1468 1452 1472 1506 1494 1469 1545 1525 1503 1457 1485 1502 1485 1495 1467 1473 1492 1458 1485 1510 1479 1482 1467 1497 1446 1471 1491 1491 1508 1505 1478 1495 1514 1499 1475 1464 1484 1470 1533 1490 1451 1509 1445 1480 1502 1522 1462 1487 1457 1471 1459 1486 1517 1461 1467 1511 1502 1486 1490 1483 1469 1521 1526 1517 1463 1518 1523 1495 1484 1463 1466 1492 1473 1458 1501 1485 1478 1490 1513 1488 1504 1492 1499 1503 1512 1508 1545 1493 1491 1546 1527 1480 1487 1519 1537 1496 1541

Tree=0
num_leaves=15
num_cat=0
split_feature=4 23 6 0 4 0 23 4 23 23 4 23 23 23
split_gain=27.464 23.0197 16.9059 20.3426 6.49345 5.54001 8.01282 2.96874 7.09996 2.43919 3.49156 2.26346 2.06486 1.35281
threshold=28.520000000000007 0.83846383739339581 30.380000000000006 26.070000000000004 31.060000000000006 24.445000000000004 0.68430231102288386 27.595000000000002 0.95499258812111987 0.44504239796885176 29.380000000000006 0.98663965293901656 0.31798952869803615 0.99549067189428064
decision_type=2 2 2 2 2 2 2 2 2 2 2 2 2 2
left_child=2 4 7 5 9 -4 -7 -1 -9 -2 -11 -10 -5 -3
right_child=1 13 3 12 -6 6 -8 8 11 10 -12 -13 -14 -15
leaf_value=-5.7837498713769033 -5.8344998836517332 -6.0804998631402833 -5.8590998838335278 -5.9360998675093057 -6.1127498859651386 -5.8718998811081065 -5.9589998722076416 -5.8583998725473885 -5.9699998617172243 -5.8707498672641822 -5.9671498670823864 -5.9052498743571338 -6.0596998728767044 -5.918499874912202
leaf_weight=1436 74 66 135 11.999999999999998 15.999999999999998 39 39 157 15.999999999999998 44 30 22 39 10.999999999999998
leaf_count=1436 74 66 135 12 16 39 39 157 16 44 30 22 39 11
internal_value=-5.89006 -5.90595 -5.88803 -5.89977 -5.89537 -5.89298 -5.90359 -5.88613 -5.89192 -5.89209 -5.89851 -5.91132 -5.92814 -5.92851
internal_weight=2136 241 1895 264 164 213 78 1631 195 148 74 38 51 77
internal_count=2136 241 1895 264 164 213 78 1631 195 148 74 38 51 77
is_linear=0
shrinkage=1


Tree=1
num_leaves=15
num_cat=0
split_feature=4 24 6 0 4 0 24 4 24 6 1 5 0 6
split_gain=23.8563 21.7603 15.3813 19.7556 4.83399 4.72383 4.94796 2.98804 4.7982 2.18852 1.78618 1.38421 1.3553 1.28094
threshold=28.520000000000007 1.5000000000000002 30.380000000000006 26.070000000000004 31.060000000000006 24.445000000000004 2.5000000000000004 27.395000000000003 1.5000000000000002 24.295000000000005 67.685000000000016 420.44500000000005 26.545000000000005 16.055000000000003
decision_type=2 2 2 2 2 2 2 2 2 2 2 2 2 2
left_child=2 13 7 5 9 -4 -7 -1 11 -3 -11 -9 -5 -2
right_child=1 4 3 12 -6 6 -8 8 -10 10 -12 -13 -14 -15
leaf_value=0.10718748832363643 -0.099474991241470398 0.01470750099021685 0.029354983519464552 -0.092714998509213331 -0.20916251961346743 -0.06555000539869163 0.040895004189685127 0.035687485004142219 0.061369996639636118 -0.182712509337627 0.0067300034112855317 -0.04320000250935592 -0.15616500535108041 -0.18347500684298584
leaf_weight=1398 10.999999999999998 112 135 19 17 51 27 10.999999999999998 154 26 14.999999999999998 68 32 60
leaf_count=1398 11 112 135 19 17 51 27 11 154 26 15 68 32 60
internal_value=0.000107678 -0.0147095 0.00199208 -0.00920455 -0.005 -0.00251174 -0.0123077 0.00380441 -0.00143777 -0.00218954 -0.0120732 -0.0114557 -0.0371569 -0.0379577
internal_weight=2136 241 1895 264 170 213 78 1631 233 153 41 79 51 71
internal_count=2136 241 1895 264 170 213 78 1631 233 153 41 79 51 71
is_linear=0
shrinkage=0.05


Tree=2
num_leaves=15
num_cat=0
split_feature=4 22 6 0 22 0 0 22 4 22 4 22 22 0
split_gain=20.7376 19.5747 14.714 18.9394 7.17898 4.10586 3.33455 3.17961 10.6455 3.49892 2.32002 4.1597 2.23263 1.68186
threshold=28.645000000000003 0.53038584004487344 30.380000000000006 25.305000000000003 0.88768027107944258 29.985000000000003 26.475000000000005 0.31288844364721724 26.985000000000003 0.16269055358644466 30.065000000000001 0.91723323322845218 0.11157877211276467 24.445000000000004
decision_type=2 2 2 2 2 2 2 2 2 2 2 2 2 2
left_child=2 12 7 13 -5 10 -6 8 -1 -10 -3 -12 -2 -4
right_child=1 5 3 4 6 -7 -8 -9 9 -11 11 -13 -14 -15
leaf_value=0.033328107708571551 -0.035211258981283827 0.012993125590449382 0.027887234343491319 -0.13523962140888166 0.011550249240141542 -0.25859586133426266 -0.045206750257488396 0.12132811915266335 -0.0074841243971961804 -0.076439119560308744 -0.13090436633237532 0.01515919833109243 -0.17130124463951063 -0.045772508950903304
leaf_weight=235 9.9999999999999982 101 135 56 21 11.999999999999998 10.999999999999998 1347 34 35 19 22 57 41
leaf_count=235 10 101 135 56 21 12 11 1347 34 35 19 22 57 41
internal_value=0.000271536 -0.0142308 0.00194517 -0.00901515 -0.0279545 -0.00441558 -0.0090625 0.00369776 -0.000921052 -0.0181884 -0.00204225 -0.0120732 -0.036791 0.000454546
internal_weight=2136 221 1915 264 88 154 32 1651 304 69 142 41 67 176
internal_count=2136 221 1915 264 88 154 32 1651 304 69 142 41 67 176
is_linear=0
shrinkage=0.05


Tree=3
num_leaves=15
num_cat=0
split_feature=5 22 3 6 22 2 22 22 1 1 22 1 22 1
split_gain=17.6499 16.1281 1.86279 1.65338 1.03606 1.36565 0.755859 1.57298 0.679308 1.20536 1.18328 0.622854 0.586669 1.31075
threshold=679.98000000000013 0.70517752626968588 36.000000000000007 30.380000000000006 0.42471264173135381 2.1100000000000003 0.31288844364721724 0.16269055358644466 66.605000000000004 61.635000000000012 0.31288844364721724 80.65000000000002 0.88768027107944258 61.765000000000008
decision_type=2 2 2 2 2 2 2 2 2 2 2 2 2 2
left_child=4 2 6 -3 5 11 7 -2 9 -4 -10 -1 13 -5
right_child=1 3 8 12 -6 -7 -8 -9 10 -11 -12 -13 -14 -15
leaf_value=0.019811715533772437 -0.012489475080957232 0.069537408713272006 -0.11778618332171931 -0.091497225614293062 0.14528275078940803 -0.074776186340102455 -0.038407124641216393 -0.11061716928930701 -0.096698751637880331 -0.034023914526724965 -0.095177495028022668 -0.086516183449052847 -9.6425125541399487e-05 -0.0072525283181958805
leaf_weight=322 24 276 80 17 990 12.999999999999998 81 27 38 60 77 9.9999999999999982 84 37
leaf_count=322 24 276 80 17 990 13 81 27 38 60 77 10 84 37
internal_value=0.000505618 -0.00536205 -0.0127003 0.00149758 0.00402622 0.00166667 -0.00787879 -0.0126471 -0.0151961 -0.0128571 -0.0180435 0.00228916 -0.00297101 -0.00703704
internal_weight=2136 801 387 414 1335 345 132 51 255 140 115 332 138 54
internal_count=2136 801 387 414 1335 345 132 51 255 140 115 332 138 54
is_linear=0
shrinkage=0.05


Tree=4
num_leaves=15
num_cat=0
split_feature=4 6 0 23 23 4 23 0 23 23 23 0 23 23
split_gain=20.8111 12.8751 18.3262 12.0443 5.61951 4.73545 11.1548 4.67071 2.46458 1.91412 2.66667 1.75698 2.32421 1.73333
threshold=29.270000000000003 30.380000000000006 25.415000000000003 0.70897861563100306 0.61913436964878354 27.595000000000002 0.94975093725139803 26.475000000000005 0.98663965293901656 0.84771273534009206 0.77786091972642668 24.445000000000004 0.79901556149977504 0.41397665785662119
decision_type=2 2 2 2 2 2 2 2 2 2 2 2 2 2
left_child=1 5 11 13 7 -1 -7 -4 -8 10 -5 -3 -13 -2
right_child=3 2 4 9 -6 6 8 -9 -10 -11 -12 12 -14 -15
leaf_value=0.08833435326334152 0.017046170056524351 0.02685549904222655 0.0065256176501823845 -0.17094880219391309 -0.17935841254153284 0.020508560784666376 -0.083063186295534247 -0.12924396173122379 -0.0092183521766841647 -0.1665621913821011 -0.077857633015647451 0.0084062825686614991 -0.054411961938745382 -0.052293398357367842
leaf_weight=1436 39 135 22 12.000000000000002 41 247 28 18 32 37 11.999999999999998 29 22 26
leaf_count=1436 39 135 22 12 41 247 28 18 32 37 12 29 22 26
internal_value=0.000505618 0.00174129 -0.00848315 -0.0192063 -0.0283333 0.00330752 -0.00232899 -0.015 -0.0216667 -0.0351639 -0.0241667 0.000161291 -0.0077451 -0.00423077
internal_weight=2136 2010 267 126 81 1743 307 40 60 61 24 186 51 65
internal_count=2136 2010 267 126 81 1743 307 40 60 61 24 186 51 65
is_linear=0
shrinkage=0.05


Tree=5
num_leaves=15
num_cat=0
split_feature=4 6 0 22 4 22 22 0 22 22 0 22 22 22
split_gain=19.9146 10.1754 16.7511 9.97374 5.36502 10.9076 3.68421 2.96235 4.74453 2.71432 2.01608 1.64126 0.964286 0.541858
threshold=29.595000000000002 30.380000000000006 26.235000000000003 0.91024686087223017 27.395000000000003 0.31288844364721724 0.16269055358644466 24.445000000000004 0.69287764045535594 0.89546819317495652 27.225000000000005 0.64166506163122816 0.78523795966413312 0.31288844364721724
decision_type=2 2 2 2 2 2 2 2 2 2 2 2 2 2
left_child=1 4 7 10 13 6 -6 -3 -9 -4 -2 -7 -12 -1
right_child=3 2 9 -5 5 11 -8 8 -10 -11 12 -13 -14 -15
leaf_value=0.016754419864122207 -0.042149207733126241 0.025512724090115225 -0.20489253790437645 0.012508492120239452 -0.0096673046090845934 -0.020241268944030121 -0.084342645299667729 -0.055429410828546466 0.0087981001875759111 -0.032819393958259592 -0.17667220462412811 0.06474347360029041 -0.074089698208553267 0.14918546544138156
leaf_weight=255 10.999999999999998 135 33 31 38 92 32 40 43 15.999999999999998 42 213 11.999999999999998 1143
leaf_count=255 11 135 33 31 38 92 32 40 43 16 42 213 12 1143
internal_value=0.000692884 0.0017402 -0.00735955 -0.0215625 0.00311055 -0.0022 -0.02 -0.00142202 -0.00885542 -0.0337755 -0.0326923 0.00188525 -0.0366667 0.00453505
internal_weight=2136 2040 267 96 1773 375 70 218 83 49 65 305 54 1398
internal_count=2136 2040 267 96 1773 375 70 218 83 49 65 305 54 1398
is_linear=0
shrinkage=0.05


Tree=6
num_leaves=15
num_cat=0
split_feature=4 5 0 23 0 23 23 23 4 23 0 23 0 4
split_gain=16.5988 10.2657 13.7573 10.1721 13.5363 9.71194 1.5525 1.18906 1.15103 0.631858 2.31666 2.09102 0.430484 0.24381
threshold=29.925000000000004 679.98000000000013 27.075000000000003 0.72100388094302625 24.425000000000004 0.44504239796885176 0.84771273534009206 0.44504239796885176 30.650000000000002 0.95499258812111987 26.355000000000004 0.98663965293901656 26.705000000000002 26.765000000000004
decision_type=2 2 2 2 2 2 2 2 2 2 2 2 2 2
left_child=1 9 3 12 -5 -2 8 -4 -7 -1 13 -12 -3 -11
right_child=5 2 7 4 -6 6 -8 -9 -10 10 11 -13 -14 -15
leaf_value=0.12127158538416959 0.00058042109772591386 0.061435023372286103 -0.043506420960693265 0.019963339342217633 -0.057699094180453804 -0.040426407468500458 -0.16650370644519025 -0.22030286675595986 -0.17981924579226669 0.055516690104565704 -0.049497408996684325 0.0083754476861930861 -0.029207361772375373 -0.0051868030557213531
leaf_weight=1084 28 364 9.9999999999999982 165 174 12.000000000000002 23 23 12.999999999999998 175 15.999999999999998 17 18 13.999999999999998
leaf_count=1084 28 364 10 165 174 12 23 23 13 175 16 17 18 14
internal_value=0.000973783 0.00182039 -0.00282493 -0.00138003 -0.00768437 -0.0219737 -0.035625 -0.0343939 -0.027 0.0045023 0.00207207 -0.0101515 0.00421466 0.00420635
internal_weight=2136 2060 754 721 339 76 48 33 25 1306 222 33 382 189
internal_count=2136 2060 754 721 339 76 48 33 25 1306 222 33 382 189
is_linear=0
shrinkage=0.05


Tree=7
num_leaves=15
num_cat=0
split_feature=4 5 0 22 22 0 22 4 6 22 0 22 0 4
split_gain=14.9742 9.07988 14.1062 8.88289 8.71532 11.7775 1.18906 1.03846 1.02703 0.612107 2.31666 2.09102 0.430484 0.24381
threshold=29.925000000000004 679.98000000000013 27.075000000000003 0.78523795966413312 0.69287764045535594 24.555000000000003 0.90299113182541202 30.505000000000003 18.480000000000004 0.2965049369093406 26.355000000000004 0.16269055358644466 26.705000000000002 26.765000000000004
decision_type=2 2 2 2 2 2 2 2 2 2 2 2 2 2
left_child=1 9 4 7 5 -3 -4 -2 -5 10 13 -12 -6 -1
right_child=3 2 6 8 12 -7 -8 -9 -10 -11 11 -13 -14 -15
leaf_value=0.052740855599337437 -0.048346400174314325 0.014887201042107204 -0.20928772341816188 0.0095935173144526299 0.058363272203671816 -0.056788863057104448 -0.041331099912658584 -0.17610934036562328 -0.042196086317376785 0.1152080061149611 0.0079566753018834348 -0.047022538546850116 -0.027746993683756618 -0.0049274629029352722
leaf_weight=175 12.999999999999998 172 23 19 364 167 9.9999999999999982 26 18 1084 17 15.999999999999998 18 13.999999999999998
leaf_count=175 13 172 23 19 364 167 10 26 18 1084 17 16 18 14
internal_value=0.00113764 0.00194175 -0.00242706 -0.0206579 -0.000963939 -0.00679941 -0.0343939 -0.0373077 -0.00310811 0.00446401 0.00207207 -0.0101515 0.00421466 0.00420635
internal_weight=2136 2060 754 76 721 339 33 39 37 1306 222 33 382 189
internal_count=2136 2060 754 76 721 339 33 39 37 1306 222 33 382 189
is_linear=0
shrinkage=0.05


Tree=8
num_leaves=15
num_cat=0
split_feature=4 23 6 4 23 4 4 23 4 23 6 23 4 23
split_gain=14.7346 12.994 8.19153 10.7514 4.01389 3.84431 2.86306 2.16771 5.14127 3.14909 2.03357 1.86652 1.73343 1.54809
threshold=28.645000000000003 0.83846383739339581 30.380000000000006 23.895000000000003 0.61913436964878354 31.440000000000001 30.175000000000004 0.94975093725139803 26.445000000000004 0.98663965293901656 24.295000000000005 0.44504239796885176 25.405000000000005 0.99165201056713148
decision_type=2 2 2 2 2 2 2 2 2 2 2 2 2 2
left_child=2 5 7 -4 12 10 13 -1 -9 -10 -2 -12 -5 -3
right_child=1 6 3 4 -6 -7 -8 8 9 -11 11 -13 -14 -15
leaf_value=0.093700316692787222 0.015203917548318943 -0.075886372017051035 0.0031683701572470333 -0.001104807557806158 -0.11937244800062137 -0.16692281426856947 -0.1531675750201906 0.04467506182931627 -0.056465389808132441 0.00047600622450578854 0.018018350597318562 -0.13195946925072097 -0.09089577251253772 -0.011522700846491832
leaf_weight=1347 102 39 192 25 36 10.999999999999998 20 207 53 44 17 22 10.999999999999998 9.9999999999999982
leaf_count=1347 102 39 192 25 36 11 20 207 53 44 17 22 11 10
internal_value=0.00116105 -0.0110633 0.0025718 -0.00560606 -0.0220833 -0.00289474 -0.029058 0.00387947 6.57897e-05 -0.00943299 -0.000673759 -0.0103846 -0.0102778 -0.022551
internal_weight=2136 221 1915 264 72 152 69 1651 304 97 141 39 36 49
internal_count=2136 221 1915 264 72 152 69 1651 304 97 141 39 36 49
is_linear=0
shrinkage=0.05


Tree=9
num_leaves=15
num_cat=0
split_feature=4 5 0 23 23 0 0 4 23 7 23 23 4 23
split_gain=14.8375 9.06605 12.3106 11.8406 6.67286 4.34801 2.76206 0.708098 2.35073 1.42234 0.363278 0.674326 0.309677 0.197965
threshold=30.505000000000003 679.98000000000013 24.555000000000003 0.72100388094302625 0.46038001402560286 27.755000000000006 26.815000000000001 28.025000000000002 0.89014232404703397 62.400000000000006 0.94975093725139803 0.96462662938340349 31.440000000000001 0.95995164131966326
decision_type=2 2 2 2 2 2 2 2 2 2 2 2 2 2
left_child=1 7 10 5 -2 -4 -5 13 -9 -10 -3 -12 -6 -1
right_child=4 2 3 6 12 -7 -8 8 9 -11 11 -13 -14 -15
leaf_value=0.12311258379451523 0.0046001454257242093 0.05048289211807247 0.0075697281595629509 -0.047321834400221474 -0.083025509879792472 -0.10481751441267145 -0.17664679694687224 0.047139226610117067 0.0022301925096063174 -0.025712041191708047 -0.046120673898132437 0.015644455526214043 -0.16548852838311356 0.015548570585775502
leaf_weight=1011 13.999999999999998 319 185 159 15.000000000000002 13.999999999999998 30 86 11.000000000000002 13.999999999999998 13.999999999999998 52 15.999999999999998 196
leaf_count=1011 14 319 185 159 15 14 30 86 11 14 14 52 16 196
internal_value=0.00118446 0.00179579 -0.00250323 -0.00878866 -0.0272222 -0.000276382 -0.0177513 0.00431715 0.000495496 -0.013 0.00383117 0.000454546 -0.0401613 0.0046686
internal_weight=2136 2091 773 388 45 199 189 1318 111 25 385 66 31 1207
internal_count=2136 2091 773 388 45 199 189 1318 111 25 385 66 31 1207
is_linear=0
shrinkage=0.05


Tree=10
num_leaves=15
num_cat=0
split_feature=0 6 22 5 22 0 22 5 0 22 0 1 0 1
split_gain=11.9689 12.8363 5.41708 3.90851 6.15536 7.75136 3.86746 3.85137 2.39646 1.40332 0.658602 0.604146 0.54697 0.536932
threshold=26.705000000000002 24.295000000000005 0.47084587141109652 679.98000000000013 0.69287764045535594 24.185000000000006 0.90299113182541202 452.54500000000002 27.260000000000002 0.16269055358644466 26.935000000000006 45.220000000000006 27.640000000000004 68.885000000000005
decision_type=2 2 2 2 2 2 2 2 2 2 2 2 2 2
left_child=3 2 7 11 5 -5 8 -2 10 -7 -3 -1 -9 -10
right_child=1 6 -4 4 -6 9 -8 12 13 -11 -12 -13 -14 -15
leaf_value=-0.0038489859572307192 -0.027960899113733246 -0.11151741547188304 0.019814521588478448 0.017026572610425814 0.053912885928691825 -0.00035737879619457619 -0.020078883316154955 -0.02577585802178245 -0.19044177887830285 -0.042443799106287643 -0.047452741725681015 0.092356963709219336 -0.11323910072026525 -0.16267607730582143
leaf_weight=13.999999999999998 29 15.000000000000002 160 158 364 31 22 12.000000000000002 21 136 15.999999999999998 1137 9.9999999999999982 10.999999999999998
leaf_count=14 29 15 160 158 364 31 22 12 21 136 16 1137 10 11
internal_value=0.00132491 -0.00800676 -0.0013981 0.00282609 -0.000152395 -0.00515385 -0.0244118 -0.0155882 -0.0307143 -0.0126647 -0.0208065 0.00460904 -0.0313636 -0.0403125
internal_weight=2136 296 211 1840 689 325 85 51 63 167 31 1151 22 32
internal_count=2136 296 211 1840 689 325 85 51 63 167 31 1151 22 32
is_linear=0
shrinkage=0.05


Tree=11
num_leaves=15
num_cat=0
split_feature=4 5 22 4 23 6 22 22 4 5 22 6 4 4
split_gain=12.9126 6.42702 6.11537 2.96992 2.70455 2.27779 1.97147 1.88897 3.52886 2.21067 1.33719 1.11441 5.54111 0.963392
threshold=31.060000000000006 679.98000000000013 0.69287764045535594 28.075000000000003 0.72100388094302625 30.380000000000006 0.11157877211276467 0.31288844364721724 27.195000000000004 452.54500000000002 0.26347957579725428 30.380000000000006 24.455000000000002 30.270000000000007
decision_type=2 2 2 2 2 2 2 2 2 2 2 2 2 2
left_child=1 7 3 5 -2 -3 -5 8 10 -10 -1 -4 -13 -9
right_child=4 2 11 6 -6 -7 -8 13 9 -11 -12 12 -14 -15
leaf_value=0.036138850802506089 -0.049765144907534212 0.00046286481997582048 0.061534213600924065 0.0047368018101036384 -0.14798790303029413 -0.048138999612453902 -0.063402205130030975 0.10192929171526377 0.0080301829284375771 -0.026098697446365157 -0.0041042136588198301 0.031142343098476188 -0.052552255054539546 -0.024886918753152479
leaf_weight=167 11.000000000000002 156 274 10.999999999999998 17 123 75 1073 12.000000000000002 19 41 112 29 15.999999999999998
leaf_count=167 11 156 274 11 17 123 75 1073 12 19 41 112 29 16
internal_value=0.00123127 0.00167932 -0.00192308 -0.00664384 -0.0325 -0.00413978 -0.0147674 0.00379518 -0.000230125 -0.0159677 0.00211538 0.00222892 -0.00138298 0.0046786
internal_weight=2136 2108 780 365 28 279 86 1328 239 31 208 415 141 1089
internal_count=2136 2108 780 365 28 279 86 1328 239 31 208 415 141 1089
is_linear=0
shrinkage=0.05


Tree=12
num_leaves=15
num_cat=0
split_feature=0 0 5 23 23 5 23 6 1 23 0 5 23 0
split_gain=11.0873 6.31771 8.56039 6.27345 5.48892 3.38545 3.3542 2.44097 1.72505 1.7241 1.03503 0.457578 1.0636 2.07927
threshold=28.630000000000006 24.875000000000004 679.98000000000013 0.64577863604729235 0.46038001402560286 679.98000000000013 0.93234632485081093 30.380000000000006 62.995000000000012 0.9052873537896472 27.075000000000003 679.98000000000013 0.76693674423623703 24.425000000000004
decision_type=2 2 2 2 2 2 2 2 2 2 2 2 2 2
left_child=1 11 6 10 -2 9 -3 -5 -8 -6 -4 -1 -13 -14
right_child=4 2 3 7 5 -7 8 -9 -10 -11 -12 12 13 -15
leaf_value=0.14210768763160092 0.0030191105379575346 0.069669997914317355 0.016298754004061108 -0.028764443459133444 -0.0023151874212829133 -0.19523573853373802 -0.015888670360449549 -0.074606390538680914 -0.00026498076600223468 -0.039763124964984645 -0.025195193921953331 0.074297177230431818 0.014023098365333178 -0.037739431404584634
leaf_weight=759 20 410 119 129 12.000000000000002 19 42 54 83 12.999999999999998 30 265 152 29
leaf_count=759 20 410 119 129 12 19 42 54 83 13 30 265 152 29
internal_value=0.00127809 0.0019112 -0.00134371 -0.0076506 -0.0192187 -0.0290909 0.00257009 -0.0138525 -0.0046 -0.017 -3.35569e-05 0.00425311 0.00298206 2.76245e-05
internal_weight=2136 2072 867 332 64 44 535 183 125 25 149 1205 446 181
internal_count=2136 2072 867 332 64 44 535 183 125 25 149 1205 446 181
is_linear=0
shrinkage=0.05


Tree=13
num_leaves=15
num_cat=0
split_feature=4 6 23 23 4 4 23 5 4 23 4 5 1 1
split_gain=10.7797 6.12119 3.91775 3.21356 5.87631 3.17184 3.05793 2.58054 1.28852 1.08889 0.821739 2.90983 0.8 0.330146
threshold=31.440000000000001 24.295000000000005 0.72100388094302625 0.93234632485081093 26.445000000000004 22.185000000000006 0.98663965293901656 739.99000000000012 29.925000000000004 0.46038001402560286 23.595000000000002 739.99000000000012 67.27500000000002 50.035000000000004
decision_type=2 2 2 2 2 2 2 2 2 2 2 2 2 2
left_child=1 3 10 8 13 -4 -6 -7 -1 -10 -3 -12 -2 -5
right_child=12 2 5 4 6 7 -8 -9 9 -11 11 -13 -14 -15
leaf_value=0.081881809133400443 -0.1178945843864224 0.040031258791658274 0.023568614170566583 -0.0032045693776285413 -0.026882537715470702 -0.031358685177120989 0.0015557470955820814 -0.089604860922839452 0.014117500740895024 -0.023936730621916806 0.035840717791431796 -0.039181349682895453 -0.12754953590975396 0.044583523585557144
leaf_weight=1214 10.000000000000002 96 55 9.9999999999999982 73 119 44 72 15.999999999999998 20 134 50 9.9999999999999982 213
leaf_count=1214 10 96 55 10 73 119 44 72 16 20 134 50 10 213
internal_value=0.00153558 0.00188091 -0.00279468 0.00342767 -0.000882353 -0.00739837 -0.00995726 -0.010445 0.0046 -0.00472222 0.00125 -0.000706522 -0.035 0.00387892
internal_weight=2136 2116 526 1590 340 246 117 191 1250 36 280 184 20 223
internal_count=2136 2116 526 1590 340 246 117 191 1250 36 280 184 20 223
is_linear=0
shrinkage=0.05


Tree=14
num_leaves=15
num_cat=0
split_feature=4 6 22 4 22 23 4 5 4 22 4 5 23 4
split_gain=10.4839 5.22811 3.40202 7.63356 3.29584 2.98415 2.81499 2.82798 1.23177 1.16878 0.657772 0.827186 0.45 0.41726
threshold=31.060000000000006 24.295000000000005 0.42471264173135381 28.075000000000003 0.69287764045535594 0.72100388094302625 21.925000000000004 739.99000000000012 25.225000000000005 0.16269055358644466 29.270000000000003 739.99000000000012 0.38242094458159287 30.270000000000007
decision_type=2 2 2 2 2 2 2 2 2 2 2 2 2 2
left_child=1 2 3 8 6 -2 -3 -8 -1 -5 11 -6 -12 -4
right_child=5 4 13 9 10 -7 7 -9 -10 -11 12 -13 -14 -15
leaf_value=0.093867235995942766 -0.031620371719246282 0.029292652599871363 0.084408782405402963 -0.0021053393447864541 0.067814721602815251 -0.12444924415660481 -0.022856049251873133 -0.073560546808608518 -0.0012312290408838633 -0.029048199893044413 0.0091388340784805573 -0.00074799141681111583 -0.039078493191274453 -0.0036802032636599224
leaf_weight=176 11.000000000000002 49 1158 13.999999999999998 118 17 116 78 178 40 10.000000000000002 141 9.9999999999999982 20
leaf_count=176 11 49 1158 14 118 17 116 78 178 40 10 141 10 20
internal_value=0.00146536 0.00186907 0.0032976 -0.000637255 -0.00247126 -0.0289286 -0.00672839 -0.00943299 0.0020339 -0.0181481 0.00123656 0.0019112 -0.0075 0.00466044
internal_weight=2136 2108 1586 408 522 28 243 194 354 54 279 259 20 1178
internal_count=2136 2108 1586 408 522 28 243 194 354 54 279 259 20 1178
is_linear=0
shrinkage=0.05


Tree=15
num_leaves=15
num_cat=0
split_feature=0 0 7 22 7 22 22 22 22 0 23 6 0 22
split_gain=10.454 5.86259 6.97165 5.95675 5.76783 2.96129 2.62691 2.20009 1.96364 1.37374 0.508696 0.466999 0.698697 1.44836
threshold=28.630000000000006 24.875000000000004 72.295000000000016 0.69287764045535594 72.295000000000016 0.31288844364721724 0.55923163791368669 0.26347957579725428 0.16269055358644466 26.845000000000002 0.75578561982460213 30.380000000000006 23.915000000000003 0.64166506163122816
decision_type=2 2 2 2 2 2 2 2 2 2 2 2 2 2
left_child=1 11 5 8 6 7 -2 -3 -4 -5 -6 -1 -13 -14
right_child=4 2 3 9 10 -7 -8 -9 -10 -11 -12 12 13 -15
leaf_value=0.0891738741961456 -0.027551366439164716 -0.001781833694986472 -0.0022586139800799118 0.0173499116799706 -0.11000206102264176 0.051944618227140693 0.0044920810671554368 -0.0051164119652044072 -0.059606327677857632 -0.025893475172703115 -0.22843059367059071 0.037051421593812216 -0.044013984522549489 0.023468775896318721
leaf_weight=1050 12.999999999999998 84 33 124 10.000000000000002 431 28 20 132 43 12.999999999999998 106 18 31
leaf_count=1050 13 84 33 124 10 431 28 20 132 43 13 106 18 31
internal_value=0.00146536 0.00208012 -0.00105536 -0.00674699 -0.0184375 0.00247664 -0.00719512 -0.00509615 -0.0134848 -8.98202e-05 -0.0384783 0.0043361 0.00177419 -0.00316327
internal_weight=2136 2072 867 332 64 535 41 104 165 167 23 1205 155 49
internal_count=2136 2072 867 332 64 535 41 104 165 167 23 1205 155 49
is_linear=0
shrinkage=0.05


Tree=16
num_leaves=15
num_cat=0
split_feature=0 0 22 7 6 22 7 22 22 22 6 0 6 0
split_gain=9.62579 5.33174 6.92138 4.99405 4.45174 4.29097 3.30168 2.62691 1.98521 1.11279 0.903255 0.758893 0.392819 0.863945
threshold=28.630000000000006 24.715000000000003 0.31288844364721724 72.295000000000016 24.295000000000005 0.16269055358644466 72.295000000000016 0.55923163791368669 0.90299113182541202 0.5009122898073749 16.460000000000004 29.360000000000003 30.380000000000006 24.405000000000005
decision_type=2 2 2 2 2 2 2 2 2 2 2 2 2 2
left_child=1 12 5 7 9 10 -7 -2 -6 -4 -3 -5 -1 -14
right_child=3 2 4 11 8 6 -8 -9 -10 -11 -12 -13 13 -15
leaf_value=0.088743524372102561 -0.0261737981172065 0.044740827284842292 -0.0019403984674308825 -0.075097519069447435 -0.03189822154844129 -0.013320276058291919 -0.079154324773571649 0.004267477013797657 0.013671634432973898 0.053515084063390429 -0.002481844069330017 -0.22552821606207979 0.024530051973931689 -0.022193486060567383
leaf_weight=988 12.999999999999998 37 94 11.000000000000002 120 66 38 28 70 471 42 11.999999999999998 133 12.999999999999998
leaf_count=988 13 37 94 11 120 66 38 28 70 471 42 12 133 13
internal_value=0.00144195 0.00203185 -0.000756929 -0.0176562 0.00135762 -0.00948087 -0.0161538 -0.00719512 -0.00526316 0.00358407 -0.000696202 -0.0363043 0.00433862 0.00191781
internal_weight=2136 2072 938 64 755 183 104 41 190 565 79 23 1134 146
internal_count=2136 2072 938 64 755 183 104 41 190 565 79 23 1134 146
is_linear=0
shrinkage=0.05


Tree=17
num_leaves=15
num_cat=0
split_feature=4 0 6 22 5 22 4 22 0 6 22 0 0 4
split_gain=9.38071 5.7868 5.80315 3.77004 2.48736 2.45621 3.79295 2.41427 1.8455 1.57094 1.25 0.99723 0.742424 0.288403
threshold=31.440000000000001 26.235000000000003 24.295000000000005 0.47084587141109652 568.63000000000011 0.64166506163122816 27.065000000000001 0.89546819317495652 27.045000000000005 30.380000000000006 0.62837760187664593 25.445000000000004 27.755000000000006 30.270000000000007
decision_type=2 2 2 2 2 2 2 2 2 2 2 2 2 2
left_child=1 5 3 4 -3 6 9 8 -4 -1 -2 -8 -9 -5
right_child=10 2 7 13 -6 -7 11 12 -10 -11 -12 -13 -14 -15
leaf_value=0.033005789805173318 -0.10476922814073411 -0.01012251893338513 -0.045520847852583042 0.028987281945950846 -0.025053979006187332 0.080426550029079641 -0.0082416124355528652 0.0078386331745520909 -0.1237341480649439 -0.025786934245871335 -0.073632631009474855 -0.0033400093513959793 -0.025382083110538235 -0.0014596722440731382
leaf_weight=542 10.000000000000002 59 37 176 18 996 54 22 34 93 9.9999999999999982 51 10.999999999999998 23
leaf_count=542 10 59 37 176 18 996 54 22 34 93 10 51 11 23
internal_value=0.0015824 0.00190454 -0.00368421 0.000108696 -0.00928571 0.00312788 0.000945946 -0.01375 -0.0189437 0.00240157 -0.0325 -0.00785714 -0.00257576 0.00374372
internal_weight=2136 2116 380 276 77 1736 740 104 71 635 20 105 33 199
internal_count=2136 2116 380 276 77 1736 740 104 71 635 20 105 33 199
is_linear=0
shrinkage=0.05


Tree=18
num_leaves=15
num_cat=0
split_feature=0 7 7 0 22 0 6 22 0 22 22 22 0 0
split_gain=9.04469 5.71202 4.77335 5.12487 5.23371 1.45642 1.38889 1.30534 2.31585 1.5873 1.19097 0.410048 1.05493 0.2
threshold=28.860000000000003 72.295000000000016 72.295000000000016 24.295000000000005 0.69287764045535594 27.045000000000005 30.380000000000006 0.36146417736073544 24.875000000000004 0.16269055358644466 0.90299113182541202 0.48595098096596934 23.545000000000005 29.940000000000001
decision_type=2 2 2 2 2 2 2 2 2 2 2 2 2 2
left_child=2 10 7 11 5 -5 -6 8 -1 -10 -2 12 -4 -3
right_child=1 13 3 4 6 -7 -8 -9 9 -11 -12 -13 -14 -15
leaf_value=0.057193762138849191 -0.021630434665896651 -0.090849036320864496 0.032078973200084786 -0.025576454695315432 0.025030429118416027 -0.070597839397958467 -0.0048095263333617147 0.085790565005837316 0.01609364093868916 -0.010591340647178113 0.013963077024927276 0.055435603089738987 -0.035036035483613712 -0.22311467419585362
leaf_weight=155 18 10.000000000000002 74 179 150 24 75 1022 42 84 13.999999999999998 243 36 9.9999999999999982
leaf_count=155 18 10 74 179 150 24 75 1022 42 84 14 243 36 10
internal_value=0.00155899 -0.0190385 0.00207294 -0.00101793 -0.00469626 -0.0105172 0.000555556 0.00392556 0.000907473 -0.00412698 -0.0059375 0.00344193 0.000909091 -0.04
internal_weight=2136 52 2084 781 428 203 225 1303 281 126 32 353 110 20
internal_count=2136 52 2084 781 428 203 225 1303 281 126 32 353 110 20
is_linear=0
shrinkage=0.05


Tree=19
num_leaves=15
num_cat=0
split_feature=6 23 23 23 5 23 23 23 23 23 23 23 1 5
split_gain=5.87328 3.33787 3.27846 1.57163 1.28444 0.759645 1.33413 0.711111 0.666667 0.614603 0.581731 1.5391 0.550817 0.544444
threshold=24.295000000000005 0.89014232404703397 0.72100388094302625 0.82896682450762904 568.63000000000011 0.42957308670649791 0.52032336593087203 0.76693674423623703 0.74441084628863963 0.91936090643431534 0.98929220549296726 0.94975093725139803 68.465000000000018 739.99000000000012
decision_type=2 2 2 2 2 2 2 2 2 2 2 2 2 2
left_child=1 -1 5 7 -3 -2 -7 8 -4 -6 11 -5 -9 -8
right_child=2 4 3 10 9 6 13 12 -10 -11 -12 -13 -14 -15
leaf_value=0.06246666540189183 0.02727118790128065 0.011181384070348408 -0.031643175629935252 -0.0092096441150359264 -0.02863130895449514 -0.026157469569353733 0.032248308126344404 -0.11215500098659273 0.0045125318250703247 -0.0051837781419483316 0.0077684985300924244 -0.057568609885798677 -0.11130739635903741 -0.0091885186563734362
leaf_weight=1152 156 300 12.000000000000002 96 24 36 45 23 11.999999999999998 126 36 60 12.999999999999998 45
leaf_count=1152 156 300 12 96 24 36 45 23 12 126 36 60 13 45
internal_value=0.0015824 0.00309613 -0.0029588 -0.00710317 -0.000555555 0.000744681 -0.00214286 -0.0141667 -0.0075 -0.00433333 -0.00489583 -0.00621795 -0.0186111 0.00111111
internal_weight=2136 1602 534 252 450 282 126 60 24 150 192 156 36 90
internal_count=2136 1602 534 252 450 282 126 60 24 150 192 156 36 90
is_linear=0
shrinkage=0.05


Tree=20
num_leaves=15
num_cat=0
split_feature=0 22 0 5 5 22 22 22 0 8 22 22 22 4
split_gain=11.5478 4.29801 3.67444 3.1625 2.82531 2.66556 1.50015 1.43605 2.17007 1.43276 0.867365 0.810474 1.19359 0.778922
threshold=28.630000000000006 0.90299113182541202 26.235000000000003 568.63000000000011 568.63000000000011 0.5009122898073749 0.16269055358644466 0.6547626423706755 24.555000000000003 9.6000000000000032 0.89546819317495652 0.36146417736073544 0.16269055358644466 27.195000000000004
decision_type=2 2 2 2 2 2 2 2 2 2 2 2 2 2
left_child=2 4 7 11 -2 6 -5 8 13 -10 -7 12 -4 -1
right_child=1 -3 3 5 -6 10 -8 -9 9 -11 -12 -13 -14 -15
leaf_value=0.035920322131293418 -0.018082769593426626 0.0087451444110111104 0.031240527685588527 -0.002746279150598645 -0.11464248163413418 -0.0293156500047498 -0.066808758501619048 0.07433370470924372 0.028121520149072252 -0.008470606395481875 0.0068576321853060134 0.03780940754445794 -0.02773234761766312 -0.0074548171742720775
leaf_weight=449 19 20 19 15.999999999999998 25 61 34 977 104 196 55 131 20 9.9999999999999982
leaf_count=449 19 20 19 16 25 61 34 977 104 196 55 131 20 10
internal_value=0.00169944 -0.0192187 0.00234556 -0.00244048 -0.0279545 -0.0073494 -0.017 0.00327189 0.00164032 -0.00166667 -0.00318965 0.00235294 -0.00397436 0.00380174
internal_weight=2136 64 2072 336 44 166 50 1736 759 300 116 170 39 459
internal_count=2136 64 2072 336 44 166 50 1736 759 300 116 170 39 459
is_linear=0
shrinkage=0.05


Tree=21
num_leaves=15
num_cat=0
split_feature=0 6 0 5 23 4 23 23 1 23 0 23 1 0
split_gain=8.42132 3.69115 4.46555 3.61362 2.99828 4.14891 2.2523 1.7431 1.70751 1.65163 1.03318 1.32911 0.984186 0.840909
threshold=28.630000000000006 30.380000000000006 25.905000000000005 679.98000000000013 0.93234632485081093 26.445000000000004 0.98663965293901656 0.31798952869803615 65.075000000000003 0.9052873537896472 23.275000000000002 0.49064204624668717 63.905000000000008 24.875000000000004
decision_type=2 2 2 2 2 2 2 2 2 2 2 2 2 2
left_child=1 4 10 9 -1 13 -7 -4 -5 -2 -3 -12 -9 -6
right_child=3 2 7 8 5 6 -8 12 -10 -11 11 -13 -14 -15
leaf_value=0.045224430033056734 0.0010519198828259808 0.06045652006843652 -0.00032906531904209962 -0.10120930696131501 0.033922574427355176 -0.05076453416749336 0.00076239693578326764 -0.01613902631158241 -0.11091067972166811 -0.021629823261458188 0.034100003999261629 -0.023575690919026983 -0.043080445655499178 -0.0028970903459038344
leaf_weight=1420 28 74 15.999999999999998 11.000000000000002 192 89 55 18 11.999999999999998 12.999999999999998 41 87 25 55
leaf_count=1420 28 74 16 11 192 89 55 18 12 13 41 87 25 55
internal_value=0.00176966 0.00232143 -0.00323755 -0.0160937 0.00312258 -0.000754476 -0.0075 -0.015339 -0.0319565 -0.00719512 0.00029703 -0.00242187 -0.0205814 0.00317814
internal_weight=2136 2072 261 64 1811 391 144 59 23 41 202 128 43 247
internal_count=2136 2072 261 64 1811 391 144 59 23 41 202 128 43 247
is_linear=0
shrinkage=0.05


Tree=22
num_leaves=15
num_cat=0
split_feature=0 6 0 22 4 22 4 6 22 6 0 22 4 0
split_gain=7.06386 6.43976 4.7515 2.98324 3.29896 1.5618 2.46912 1.52924 1.41556 1.29283 1.48978 0.952381 0.67631 0.944081
threshold=26.175000000000004 24.295000000000005 29.020000000000003 0.47084587141109652 30.325000000000003 0.69287764045535594 26.765000000000004 16.460000000000004 0.90299113182541202 24.295000000000005 23.475000000000005 0.14569472580964501 27.860000000000003 24.185000000000006
decision_type=2 2 2 2 2 2 2 2 2 2 2 2 2 2
left_child=5 3 8 4 7 6 9 -2 11 -1 -11 -3 13 -8
right_child=1 2 -4 -5 -6 -7 12 -9 -10 10 -12 -13 -14 -15
leaf_value=0.040178157486847839 -0.00058579601159619869 -0.00029503114428163087 -0.1645594984927061 0.010535436719658791 -0.059617082824161699 0.073005555225103699 0.016281962044990834 -0.016814976633294912 -0.0061724156807261531 0.025256536225079534 -0.017725624564618694 -0.042274132559718569 7.9035247962838635e-05 -0.020529607990043997
leaf_weight=508 56 9.9999999999999982 13.999999999999998 215 11.999999999999998 914 12.999999999999998 14.999999999999998 31 79 77 60 64 68
leaf_count=508 56 10 14 215 12 914 13 15 31 79 77 60 64 68
internal_value=0.00179307 -0.0040799 -0.0141304 -0.000201342 -0.00825301 0.00320081 0.00160074 -0.00415493 -0.0103465 0.00289157 -0.00108974 -0.0142857 -0.00431034 -0.00734568
internal_weight=2136 413 115 298 83 1723 809 71 101 664 156 70 145 81
internal_count=2136 413 115 298 83 1723 809 71 101 664 156 70 145 81
is_linear=0
shrinkage=0.05


Tree=23
num_leaves=15
num_cat=0
split_feature=0 5 22 6 0 22 4 22 22 4 4 0 23 0
split_gain=6.48114 4.25219 3.37481 2.81375 2.72395 2.83682 2.36573 1.68313 2.32985 1.65002 1.44344 0.960286 0.933333 0.393651
threshold=27.610000000000003 679.98000000000013 0.64166506163122816 24.295000000000005 24.405000000000005 0.89546819317495652 30.325000000000003 0.31288844364721724 0.2965049369093406 26.445000000000004 30.270000000000007 25.965000000000003 0.46038001402560286 23.095000000000002
decision_type=2 2 2 2 2 2 2 2 2 2 2 2 2 2
left_child=3 10 -3 7 13 11 -4 8 9 -1 -2 -6 -12 -5
right_child=1 2 6 4 5 -7 -8 -9 -10 -11 12 -13 -14 -15
leaf_value=0.037932887787090933 0.012879678041980669 -0.11579983195456622 -0.052319631317792992 0.054114798363518346 -0.013953153144702536 0.0088109096281571188 0.00047646749618424945 0.054051796039676747 -0.024741981651033602 -0.0055248611666486166 0.0077285191678069165 -0.029122342020389099 -0.017828038498582562 0.0091785645539076231
leaf_weight=176 53 21 13.000000000000002 124 108 75 18 1233 18 86 10.000000000000002 61 13.999999999999998 126
leaf_count=176 53 21 13 124 108 75 18 1233 18 86 10 61 14 126
internal_value=0.00191011 -0.00895349 -0.02 0.00260837 -0.000668016 -0.00442623 -0.00951613 0.00367812 0.000178572 0.00137405 -0.00149351 -0.00801775 -0.0116667 0.003
internal_weight=2136 129 52 2007 494 244 31 1513 280 262 77 169 24 250
internal_count=2136 129 52 2007 494 244 31 1513 280 262 77 169 24 250
is_linear=0
shrinkage=0.05


Tree=24
num_leaves=15
num_cat=0
split_feature=0 5 0 22 22 5 22 0 8 22 1 5 4 22
split_gain=7.01474 4.54099 3.81231 2.11224 1.96342 1.87933 2.26288 2.63996 1.2973 1.08253 1.04186 0.88658 0.686037 0.586648
threshold=26.645000000000003 679.98000000000013 29.020000000000003 0.53038584004487344 0.64166506163122816 679.98000000000013 0.69287764045535594 23.545000000000005 7.8100000000000014 0.19653276579064646 58.585000000000008 739.99000000000012 30.325000000000003 0.5009122898073749
decision_type=2 2 2 2 2 2 2 2 2 2 2 2 2 2
left_child=5 3 4 8 11 13 7 -7 -2 -9 -10 -3 -6 -1
right_child=1 2 -4 -5 12 6 -8 9 10 -11 -12 -13 -14 -15
leaf_value=0.0093732979050323208 0.042257802817356242 -0.073285145889093961 -0.13452420535795892 0.025189022776176507 -0.019365221803227195 0.01874139484059735 0.029846373091373748 0.00075009302194866236 -0.02096977651872195 -0.018404653632421213 -0.016260546016455723 -0.052418880217044397 0.0045760425561920436 0.10275915111394274
leaf_weight=373 11.999999999999998 20 15.999999999999998 137 42 111 362 50 10.999999999999998 161 26 22 17 776
leaf_count=373 12 20 16 137 42 111 362 50 11 161 26 22 17 776
internal_value=0.00181648 -0.00523102 -0.0129487 -0.000376344 -0.00935644 0.00298145 0.000906433 -0.00214286 -0.00928571 -0.00542654 -0.0139189 -0.017619 -0.00347458 0.00421671
internal_weight=2136 303 117 186 101 1833 684 322 49 211 37 42 59 1149
internal_count=2136 303 117 186 101 1833 684 322 49 211 37 42 59 1149
is_linear=0
shrinkage=0.05


Tree=25
num_leaves=15
num_cat=0
split_feature=4 6 4 22 22 4 22 4 22 22 4 22 4 4
split_gain=5.52457 4.24623 5.59395 2.78802 2.75267 4.46894 2.12891 1.8322 1.92212 0.948148 0.933054 1.273 0.725098 0.384755
threshold=30.175000000000004 30.380000000000006 24.245000000000001 0.91723323322845218 0.53038584004487344 26.765000000000004 0.16269055358644466 26.045000000000005 0.94244501643309719 0.47084587141109652 21.465000000000003 0.8713187725699193 25.225000000000005 29.145000000000003
decision_type=2 2 2 2 2 2 2 2 2 2 2 2 2 2
left_child=1 4 10 9 5 12 -7 8 -4 -2 -3 -12 -1 -6
right_child=3 2 7 -5 13 6 -8 -9 -10 -11 11 -13 -14 -15
leaf_value=0.069408644532789901 -0.050186052043366902 0.057523458093796859 -0.026326227755350141 0.0073746847123698014 0.063322489246343802 0.0021650595839225631 -0.020771996458395982 -0.1557508285323064 0.0061158243324708796 -0.037263738579884187 -0.017095280728176249 0.027326016841994306 0.0035330809373979397 0.0016249347170762406
leaf_weight=253 18 71 33 21 1138 50 143 12.999999999999998 15.999999999999998 27 91 43 164 55
leaf_count=253 18 71 33 21 1138 50 143 13 16 27 91 43 164 55
internal_value=0.00181648 0.00227053 -0.00361423 -0.0124242 0.00314199 0.000409836 -0.00588083 -0.0167742 -0.0123469 -0.0194444 0.000365854 -0.00208955 0.00332134 0.00453898
internal_weight=2136 2070 267 66 1803 610 193 62 49 45 205 134 417 1193
internal_count=2136 2070 267 66 1803 610 193 62 49 45 205 134 417 1193
is_linear=0
shrinkage=0.05


Tree=26
num_leaves=15
num_cat=0
split_feature=4 6 22 22 4 5 22 4 22 22 4 9 4 22
split_gain=5.54275 4.4257 2.78802 2.63913 1.92748 1.9665 1.57751 2.55593 0.948148 0.832348 0.379067 0.312963 0.192012 0.0953689
threshold=30.175000000000004 24.295000000000005 0.91723323322845218 0.89546819317495652 21.315000000000001 739.99000000000012 0.53038584004487344 26.445000000000004 0.47084587141109652 0.16269055358644466 25.225000000000005 0.36000000000000004 28.215000000000003 0.69287764045535594
decision_type=2 2 2 2 2 2 2 2 2 2 2 2 2 2
left_child=1 6 8 4 -3 -6 7 10 -2 -9 -1 -10 -5 -8
right_child=2 3 -4 12 5 -7 13 9 11 -11 -12 -13 -14 -15
leaf_value=0.069165512473144272 -0.047676749441198547 0.053447287004325661 0.0070059504767513063 0.024510368790822225 -0.0045155261462708996 -0.035695908536585441 0.026651644702318268 0.0011836886175099308 -0.014806483515194336 -0.0094106998686904197 0.010025502163372578 -0.047572662327533578 0.0054603985350994465 0.079733780534859508
leaf_weight=237 18 50 21 140 171 136 209 42 12.000000000000002 134 114 14.999999999999998 14.999999999999998 822
leaf_count=237 18 50 21 140 171 136 209 42 12 134 114 15 15 822
internal_value=0.00183989 0.00229469 -0.0124242 -0.00173828 -0.00410364 -0.00558632 0.00362003 0.00139469 -0.0194444 -0.00352273 0.0038604 -0.0135185 0.00370968 0.00475752
internal_weight=2136 2070 66 512 357 307 1558 527 45 176 351 27 155 1031
internal_count=2136 2070 66 512 357 307 1558 527 45 176 351 27 155 1031
is_linear=0
shrinkage=0.05


Tree=27
num_leaves=15
num_cat=0
split_feature=0 23 5 0 6 0 23 23 23 0 23 6 0 3
split_gain=5.92989 3.9939 4.22073 2.6932 1.68497 1.68527 1.3681 1.05182 1.36952 2.13043 0.911787 0.873748 0.871177 0.690359
threshold=26.235000000000003 0.68430231102288386 568.63000000000011 28.110000000000003 24.295000000000005 24.405000000000005 0.65881608208381881 0.93234632485081093 0.96462662938340349 24.185000000000006 0.82896682450762904 24.295000000000005 26.375000000000004 36.000000000000007
decision_type=2 2 2 2 2 2 2 2 2 2 2 2 2 2
left_child=4 11 13 12 7 -6 -7 -1 9 -9 -8 -2 -4 -3
right_child=1 2 3 -5 5 6 10 8 -10 -11 -12 -13 -14 -15
leaf_value=0.069557171155005426 0.02857864457505719 0.01278537203542443 -0.019727502399143039 -0.091926294523548432 0.017952437040816654 0.002667543845151749 -0.010631115967317376 0.018201209825231553 0.0085741180503888289 -0.014971855337198926 -0.010052638314639853 -0.015714116717431541 -0.034062588470023539 -0.0074823194656319612
leaf_weight=1028 140 30 9.9999999999999982 24 250 81 34 46 194 46 57 57 67 72
leaf_count=1028 140 30 10 24 250 81 34 46 194 46 57 57 67 72
internal_value=0.0018633 -0.003625 -0.0085468 -0.0157921 0.00312788 0.000379147 -0.00343023 0.00401065 0.00132867 -0.00369565 -0.00763736 0.0014467 -0.0112338 -0.00137255
internal_weight=2136 400 203 101 1736 422 172 1314 286 92 91 197 77 102
internal_count=2136 400 203 101 1736 422 172 1314 286 92 91 197 77 102
is_linear=0
shrinkage=0.05


Tree=28
num_leaves=15
num_cat=0
split_feature=0 0 23 5 6 23 6 23 23 6 0 23 23 4
split_gain=5.91898 3.48781 3.54048 3.07112 2.63779 1.23496 1.14159 1.00497 0.75879 0.68603 0.811358 1.17858 0.643809 0.241237
threshold=29.120000000000001 24.825000000000003 0.64577863604729235 568.63000000000011 24.295000000000005 0.98369513783825568 24.295000000000005 0.94975093725139803 0.46038001402560286 24.295000000000005 23.095000000000002 0.72100388094302625 0.20180061326459475 27.265000000000004
decision_type=2 2 2 2 2 2 2 2 2 2 2 2 2 2
left_child=1 9 6 7 8 -5 -3 -4 -2 13 -11 -12 -8 -1
right_child=4 2 3 5 -6 -7 12 -9 -10 10 11 -13 -14 -15
leaf_value=0.081354734396245618 0.005261521735151261 0.048898309746437101 0.017514480542562178 -0.019249838771285069 -0.14566399673520608 0.00046228475691733315 0.014021021749573856 -0.0059275126631949436 -0.015751684336317639 0.04714202068087997 0.028203843833488326 -0.025793325060344399 -0.012509798559338238 0.0006280653581865359
leaf_weight=854 12.000000000000002 311 159 209 11.999999999999998 46 30 84 17 124 94 75 75 34
leaf_count=854 12 311 159 209 12 46 30 84 17 124 94 75 75 34
internal_value=0.0018633 0.0022315 -8.75272e-05 -0.00293173 -0.0169512 -0.00676471 0.00331731 0.00109054 -0.0087931 0.00402625 0.00192833 -0.000325444 -0.00119048 0.00471847
internal_weight=2136 2095 914 498 41 255 416 243 29 1181 293 169 105 888
internal_count=2136 2095 914 498 41 255 416 243 29 1181 293 169 105 888
is_linear=0
shrinkage=0.05


Tree=29
num_leaves=15
num_cat=0
split_feature=0 22 0 6 7 22 22 6 0 7 0 22 23 22
split_gain=5.21795 3.42646 4.56544 2.2816 1.90889 1.40681 0.904526 0.633264 0.786612 0.584895 0.741932 0.576923 0.526094 0.27001
threshold=29.120000000000001 0.69287764045535594 24.555000000000003 16.460000000000004 72.295000000000016 0.17963823861099873 0.32917936166072764 24.295000000000005 25.975000000000005 72.295000000000016 23.025000000000002 0.89546819317495652 0.46038001402560286 0.8713187725699193
decision_type=2 2 2 2 2 2 2 2 2 2 2 2 2 2
left_child=1 2 9 6 12 -5 -4 -3 13 -1 -11 -10 -2 -9
right_child=4 7 3 5 -6 -7 -8 8 11 10 -12 -13 -14 -15
leaf_value=0.061883490436199035 0.0049636446322176044 0.067806900310492288 -0.0042592009613075235 0.00036018319000223105 -0.12236347028606227 -0.021032522035371783 0.017328941715488651 0.006453683547945119 -0.012795135252775567 0.0241134387149479 -0.0018271782853028593 0.00053242690805173343 -0.012114191232186473 0.040410509204954509
leaf_weight=317 11.000000000000002 830 102 50 13.999999999999998 206 140 82 26 74 98 39 15.999999999999998 131
leaf_count=317 11 830 102 50 14 206 140 82 26 74 98 39 16 131
internal_value=0.00193352 0.00227924 0.000136778 -0.00323293 -0.0157317 -0.00652344 0.000247934 0.00418773 0.0021223 0.00356851 0.00122093 -0.00269231 -0.00796296 0.00359155
internal_weight=2136 2095 987 498 41 256 242 1108 278 489 172 65 27 213
internal_count=2136 2095 987 498 41 256 242 1108 278 489 172 65 27 213
is_linear=0
shrinkage=0.05


Tree=30
num_leaves=15
num_cat=0
split_feature=4 22 8 4 22 4 4 22 1 10 22 1 11 1
split_gain=4.93805 2.94774 2.53868 1.75512 1.75019 2.02445 1.70667 1.46124 1.35 1.88431 0.892515 0.883961 0.816667 0.511563
threshold=28.215000000000003 0.72914769978834015 17.745000000000005 23.395000000000003 0.51572537064332258 25.065000000000001 31.440000000000001 0.8713187725699193 72.38000000000001 -0.013599999999999998 0.19653276579064646 75.685000000000016 -0.98919999999999997 67.685000000000016
decision_type=2 2 2 2 2 2 2 2 2 2 2 2 2 2
left_child=2 6 4 11 5 -1 8 -5 12 -10 -7 -4 -2 -3
right_child=1 13 3 7 -6 10 -8 -9 9 -11 -12 -13 -14 -15
leaf_value=0.056139318141367904 -0.032925582350164399 -0.0031174904177631115 0.0095665249284832901 -0.039690865627765186 0.067929486031328201 0.0074534361079223151 -0.036671112831589928 0.00049785905703641196 0.0083596652451974809 -0.036116265949560515 -0.0045858469911373807 -0.032836056374814772 -0.0078332936051395165 0.031217800022467209
leaf_weight=230 18 97 155 59 1053 88 14.999999999999998 36 10.000000000000002 17 205 11.999999999999998 90 51
leaf_count=230 18 97 155 59 1053 88 15 36 10 17 205 12 90 51
internal_value=0.00191011 -0.0040604 0.00287813 -0.00167939 0.00363579 0.00127151 -0.009 -0.00710526 -0.00722222 -0.0172222 -0.00148464 0.00140719 -0.00472222 0.000945946
internal_weight=2136 298 1838 262 1576 523 150 95 135 27 293 167 108 148
internal_count=2136 298 1838 262 1576 523 150 95 135 27 293 167 108 148
is_linear=0
shrinkage=0.05


Tree=31
num_leaves=15
num_cat=0
split_feature=0 22 0 6 7 4 22 6 0 22 4 4 1 7
split_gain=4.52238 3.03775 4.12032 3.20248 2.23229 1.38698 1.35095 0.778297 0.759875 0.558468 0.390376 0.320076 0.157139 0.121832
threshold=29.120000000000001 0.69287764045535594 23.915000000000003 24.295000000000005 72.295000000000016 27.025000000000002 0.16269055358644466 24.295000000000005 25.115000000000006 0.97938885712668811 30.175000000000004 30.505000000000003 70.365000000000009 72.295000000000016
decision_type=2 2 2 2 2 2 2 2 2 2 2 2 2 2
left_child=1 2 13 5 11 -4 -5 10 12 -10 -3 -2 -9 -1
right_child=4 7 3 6 -6 -7 -8 8 9 -11 -12 -13 -14 -15
leaf_value=0.069048237236311386 0.00030904375992998889 0.066304772864080777 0.007763885009873169 0.012613814358670969 -0.11448734373136245 -0.0079739748963920682 -0.041473378331157551 0.038312671029857394 -0.0096543535072988775 0.010496772108261658 -0.00336771758338231 -0.0096887972016685003 0.019180865420477523 0.0099368875835681245
leaf_weight=245 11.000000000000002 820 270 27 13.999999999999998 194 118 134 82 25 9.9999999999999982 15.999999999999998 37 133
leaf_count=245 11 820 270 27 14 194 118 134 82 25 10 16 37 133
internal_value=0.00193352 0.00225537 0.000238095 -0.00230706 -0.0145122 -0.000280172 -0.0087931 0.00405235 0.00176259 -0.00154206 0.00481928 -0.00611111 0.00383041 0.00433862
internal_weight=2136 2095 987 609 41 464 145 1108 278 107 830 27 171 378
internal_count=2136 2095 987 609 41 464 145 1108 278 107 830 27 171 378
is_linear=0
shrinkage=0.05


Tree=32
num_leaves=15
num_cat=0
split_feature=0 22 0 5 8 1 3 4 4 8 22 7 4 1
split_gain=4.58697 2.79204 2.86553 2.23229 1.62208 1.13489 0.994677 0.777522 0.716172 0.661741 0.486671 0.427878 0.320076 0.316296
threshold=29.120000000000001 0.69287764045535594 24.555000000000003 679.98000000000013 11.040000000000001 67.685000000000016 60.000000000000007 26.415000000000003 30.175000000000004 17.745000000000005 0.8713187725699193 92.320000000000007 30.505000000000003 64.810000000000016
decision_type=2 2 2 2 2 2 2 2 2 2 2 2 2 2
left_child=1 2 7 12 6 -6 -4 11 9 -3 -11 -1 -2 -9
right_child=3 8 4 -5 5 -7 -8 13 -10 10 -12 -13 -14 -15
leaf_value=0.051802719684725433 0.00029359157193351026 0.054507185400156005 0.0025671118856431035 -0.10876297654479435 -0.023147999763860189 -0.0016651817372124241 -0.009344234826256393 -0.0012652117950988464 -0.010918222644939159 -0.010056273283203711 0.0051976140985930718 0.0039205848057958506 -0.0092043573415850604 0.00032643896287525963
leaf_weight=344 11.000000000000002 950 219 13.999999999999998 109 73 97 12.999999999999998 19 51 88 113 15.999999999999998 19
leaf_count=344 11 950 219 14 109 73 97 13 19 51 88 113 16 19
internal_value=0.00205056 0.0023747 0.00044073 -0.0145122 -0.00222892 -0.00598901 -6.3291e-05 0.00315951 0.00409747 0.00426538 0.00104317 0.00368709 -0.00611111 -0.004375
internal_weight=2136 2095 987 41 498 182 316 489 1108 1089 139 457 27 32
internal_count=2136 2095 987 41 498 182 316 489 1108 1089 139 457 27 32
is_linear=0
shrinkage=0.05


Tree=33
num_leaves=15
num_cat=0
split_feature=4 6 22 22 22 22 4 5 4 22 4 4 23 22
split_gain=4.0587 2.98069 1.82449 1.53877 7.48071 1.53386 1.39662 0.946609 0.872229 1.0483 0.66737 0.289286 0.181818 0.0541353
threshold=30.650000000000002 24.295000000000005 0.64166506163122816 0.31288844364721724 0.2965049369093406 0.89546819317495652 21.315000000000001 739.99000000000012 26.765000000000004 0.72914769978834015 25.225000000000005 28.215000000000003 0.41397665785662119 0.97938885712668811
decision_type=2 2 2 2 2 2 2 2 2 2 2 2 2 2
left_child=1 3 -2 4 10 6 -3 -8 -5 -10 -1 13 -4 -7
right_child=2 5 12 8 -6 11 7 -9 9 -11 -12 -13 -14 -15
leaf_value=0.046185584232881827 -0.036116523821049622 0.046915387467385765 0.0058159946486575562 0.086405410980970598 -0.02428361806454217 0.0154744601973806 -0.0018769027647403645 -0.029285713746374967 -0.00077698411648758009 0.030622263944830627 9.7635674619213495e-06 -0.0055204147197001245 -0.014489277185556388 0.028783424320271103
leaf_weight=118 18 50 11.000000000000002 902 18 76 175 136 160 228 149 20 10.999999999999998 64
leaf_count=118 18 50 11 902 18 76 175 136 160 228 149 20 11 64
internal_value=0.00202715 0.00232824 -0.01375 0.0034127 8.77195e-05 -0.000950096 -0.00275623 -0.00400322 0.00414729 0.00216495 0.00219101 0.003125 -0.00409091 0.00392857
internal_weight=2136 2096 40 1575 285 521 361 311 1290 388 267 160 22 140
internal_count=2136 2096 40 1575 285 521 361 311 1290 388 267 160 22 140
is_linear=0
shrinkage=0.05


Tree=34
num_leaves=15
num_cat=0
split_feature=0 0 5 5 22 22 22 22 22 0 6 6 0 0
split_gain=5.21795 2.58545 2.16052 1.90889 1.76201 5.96137 1.27532 1.21396 0.985286 1.07701 0.827089 0.724889 0.625108 0.610465
threshold=29.120000000000001 25.975000000000005 679.98000000000013 679.98000000000013 0.31288844364721724 0.2965049369093406 0.72914769978834015 0.26347957579725428 0.90299113182541202 27.125000000000004 13.005000000000001 30.380000000000006 24.695000000000004 23.275000000000002
decision_type=2 2 2 2 2 2 2 2 2 2 2 2 2 2
left_child=1 4 6 -2 5 7 10 -1 9 -4 -3 -6 -7 -13
right_child=3 2 8 -5 11 12 -8 -9 -10 -11 -12 13 -14 -15
leaf_value=0.0094657655780956401 -0.0050171472956861904 0.059492223655660953 -0.022626533288954667 -0.10186054203023587 0.048551000714011888 -0.010311661311330177 0.034100688171337004 -0.022285121596646047 0.0019168429294967784 -0.030253957027432977 -0.0091183275178214809 0.045604743169830375 -0.01184601605285983 -0.0029277218628130479
leaf_weight=245 27 34 76 13.999999999999998 1177 11.000000000000002 137 39 51 37 106 60 9.9999999999999982 112
leaf_count=245 27 34 76 14 1177 11 137 39 51 37 106 60 10 112
internal_value=0.00193352 0.00227924 -0.00112245 -0.0157317 0.00318622 -0.000245901 0.0015704 0.00165493 -0.00567073 -0.00827434 -0.00178571 0.00396219 -0.0259524 0.000930233
internal_weight=2136 2095 441 41 1654 305 277 284 164 113 140 1349 21 172
internal_count=2136 2095 441 41 1654 305 277 284 164 113 140 1349 21 172
is_linear=0
shrinkage=0.05


Tree=35
num_leaves=15
num_cat=0
split_feature=0 23 4 5 0 23 23 6 0 6 23 23 4 23
split_gain=5.12159 3.06424 3.15411 1.90889 1.61545 1.29723 1.77748 0.808826 0.679413 0.662289 0.558468 0.526094 0.380855 0.210944
threshold=29.120000000000001 0.72100388094302625 26.685000000000006 679.98000000000013 26.325000000000003 0.98663965293901656 0.94975093725139803 24.295000000000005 25.115000000000006 24.295000000000005 0.20180061326459475 0.46038001402560286 30.175000000000004 0.46038001402560286
decision_type=2 2 2 2 2 2 2 2 2 2 2 2 2 2
left_child=1 7 4 11 9 6 -4 12 13 -3 -10 -2 -1 -9
right_child=3 2 5 -5 -6 -7 -8 8 10 -11 -12 -13 -14 -15
leaf_value=0.055970395759899885 0.0057760522810089846 0.026895191824078346 -0.0047386909637922962 -0.096767514928724069 -0.026469592397531029 0.0061640658689519623 -0.042711592303005703 0.064787667150005834 0.0078769247633663688 -0.001187432329884004 -0.0077690427295396061 -0.0068048629208907118 -0.0030032398025084854 0.0083119959757481637
leaf_weight=820 11.000000000000002 502 194 13.999999999999998 21 52 61 101 25 157 82 15.999999999999998 9.9999999999999982 70
leaf_count=820 11 502 194 14 21 52 61 101 25 157 82 16 10 70
internal_value=0.00176966 0.00211217 8.61197e-05 -0.0157317 0.00198529 -0.00412052 -0.00558823 0.00391697 0.00158273 0.00242033 -0.00154206 -0.00796296 0.0046988 0.00353801
internal_weight=2136 2095 987 41 680 307 255 1108 278 659 107 27 830 171
internal_count=2136 2095 987 41 680 307 255 1108 278 659 107 27 830 171
is_linear=0
shrinkage=0.05


Tree=36
num_leaves=15
num_cat=0
split_feature=0 22 0 7 6 0 4 1 6 22 22 23 22 0
split_gain=3.80535 2.99247 2.71174 2.25667 1.53518 1.01602 1.01494 0.819643 0.636735 0.631809 0.8 0.511325 0.486671 0.288985
threshold=29.120000000000001 0.69287764045535594 23.915000000000003 72.295000000000016 24.295000000000005 27.465000000000003 29.270000000000003 60.570000000000007 30.380000000000006 0.91723323322845218 0.84484927454466385 0.46038001402560286 0.8713187725699193 22.795000000000005
decision_type=2 2 2 2 2 2 2 2 2 2 2 2 2 2
left_child=1 2 13 7 11 -5 8 -4 -3 10 -8 -2 -10 -1
right_child=4 6 3 5 -6 -7 9 -9 12 -11 -12 -13 -14 -15
leaf_value=0.072496426814149417 0.0055220506831346458 0.051519291335279375 -0.004496574213644312 -0.0087273358249954375 -0.10791455895820204 -0.031991471758444037 0.0014252824013465293 0.005470751068585529 -0.0075513439325771651 0.0097028876305949568 -0.025155558517459972 -0.0060850828353192742 0.0054442221287697139 0.011873710742291353
leaf_weight=196 12.000000000000002 920 110 218 11.999999999999998 18 10.000000000000002 263 51 29 9.9999999999999982 17 88 182
leaf_count=196 12 920 110 218 12 18 10 263 51 29 10 17 88 182
internal_value=0.00179307 0.00208831 8.61197e-05 -0.00197865 -0.0132927 -0.00580508 0.00387184 0.000442359 0.00419736 -0.00316327 -0.01 -0.00706897 0.00104317 0.0034127
internal_weight=2136 2095 987 609 41 236 1108 373 1059 49 20 29 139 378
internal_count=2136 2095 987 609 41 236 1108 373 1059 49 20 29 139 378
is_linear=0
shrinkage=0.05


Tree=37
num_leaves=15
num_cat=0
split_feature=4 6 24 4 4 24 1 4 1 9 24 5 6 1
split_gain=3.45089 2.00061 1.64379 1.63032 1.19121 1.11162 0.881667 0.753163 0.901218 0.598143 0.474051 0.617066 0.586806 0.449407
threshold=28.215000000000003 24.295000000000005 1.5000000000000002 24.785000000000004 30.650000000000002 2.5000000000000004 60.475000000000001 20.845000000000002 75.115000000000009 0.46000000000000002 2.5000000000000004 452.54500000000002 24.295000000000005 72.38000000000001
decision_type=2 2 2 2 2 2 2 2 2 2 2 2 2 2
left_child=1 2 3 -1 9 7 -6 -3 -9 10 11 -2 -12 -5
right_child=4 5 -4 13 6 -7 -8 8 -10 -11 12 -13 -14 -15
leaf_value=0.052318782571638446 0.018134115046197531 0.068414959602129302 0.059238940300763113 -0.0033301181865280846 -0.00065932732824535334 0.012691349143010103 -0.019932373705817536 -0.0035608308836343593 -0.027500881637413873 -0.078540701346420744 0.018511067806959807 -0.0054804194546439738 -0.019231405605280943 0.010600848540466848
leaf_weight=183 20 33 928 237 14.999999999999998 157 25 235 27 14.999999999999998 72 127 24 38
leaf_count=183 20 33 928 237 15 157 25 235 27 15 72 127 24 38
internal_value=0.00176966 0.00257889 0.00352092 0.00106987 -0.00322148 -0.000309734 -0.01125 -0.00211864 -0.00301527 -0.00197674 -0.0013786 -0.00316327 0.00135417 -0.00136364
internal_weight=2136 1838 1386 458 298 452 40 295 262 258 243 147 96 275
internal_count=2136 1838 1386 458 298 452 40 295 262 258 243 147 96 275
is_linear=0
shrinkage=0.05


Tree=38
num_leaves=15
num_cat=0
split_feature=4 22 22 0 0 5 6 4 22 6 22 7 6 22
split_gain=3.86173 2.52652 2.29469 1.65224 1.51434 1.36701 0.863126 0.813366 0.776058 0.870405 0.766694 0.682828 0.408645 0.400749
threshold=28.215000000000003 0.69287764045535594 0.91723323322845218 23.475000000000005 29.020000000000003 679.98000000000013 30.380000000000006 27.825000000000003 0.17963823861099873 13.005000000000001 0.32917936166072764 68.540000000000006 24.295000000000005 0.8713187725699193
decision_type=2 2 2 2 2 2 2 2 2 2 2 2 2 2
left_child=1 3 4 12 8 10 -3 -7 -2 -10 -5 -6 -1 -8
right_child=2 6 -4 5 11 7 13 -9 9 -11 -12 -13 -14 -15
leaf_value=0.074453738033102235 0.0065429549975953884 0.060629752547906195 0.0134170264079813 -0.0022278191211063439 -0.0063121527576713915 -0.016120407697197844 -0.0069957351917666116 0.0028924113380569688 0.044472093265479601 -0.009125927801930547 0.0175870523749443 -0.05063553661522846 0.0082214743029245269 0.0045374435651807524
leaf_weight=217 19 832 87 167 14.999999999999998 149 51 28 17 142 227 18 79 88
leaf_count=217 19 832 87 167 15 149 51 28 17 142 227 18 79 88
internal_value=0.00172285 0.00257889 -0.00355705 0.000617071 -0.00637441 -0.000954466 0.00433059 -0.00460452 -0.00455056 -0.00569182 0.000685279 -0.0162121 0.00364865 0.000683453
internal_weight=2136 1838 298 867 211 571 971 177 178 159 394 33 296 139
internal_count=2136 1838 298 867 211 571 971 177 178 159 394 33 296 139
is_linear=0
shrinkage=0.05


Tree=39
num_leaves=15
num_cat=0
split_feature=5 0 22 22 4 0 22 7 22 22 4 0 22 0
split_gain=2.99938 2.57905 1.59768 1.56834 1.36869 1.22751 1.19096 1.02479 0.915847 0.786987 0.56412 0.407732 0.658442 0.324159
threshold=679.98000000000013 27.125000000000004 0.53038584004487344 0.89546819317495652 24.785000000000004 23.915000000000003 0.64166506163122816 114.54000000000001 0.16269055358644466 0.31288844364721724 22.895000000000003 27.855000000000004 0.94805520968785773 26.910000000000004
decision_type=2 2 2 2 2 2 2 2 2 2 2 2 2 2
left_child=2 3 4 5 -1 -2 7 -3 -6 -10 -7 12 -8 -4
right_child=1 6 13 -5 8 10 11 -9 9 -11 -12 -13 -14 -15
leaf_value=0.047172535875360459 0.0087307169626927063 -0.096568835548721324 0.063736322929516587 0.025016795212925449 0.017290394412435624 -0.022741803832073512 -0.007840029866079852 -0.012849093823543262 -0.0051873125965339467 -0.00022403800825181462 -0.0041137995881172671 0.00051027179136454764 -0.0018999616010315684 0.0046776652843866107
leaf_weight=185 204 14 761 220 58 22 11.000000000000002 15 86 121 283 22 9.9999999999999982 124
leaf_count=185 204 14 761 220 58 22 11 15 86 121 283 22 10 124
internal_value=0.0018633 -0.000555555 0.00331461 0.000336077 0.000888889 -0.0011886 -0.00958333 -0.0174138 -0.00141509 -0.00297101 -0.00319672 -0.00430233 -0.00928571 0.00454802
internal_weight=2136 801 1335 729 450 509 72 29 265 207 305 43 21 885
internal_count=2136 801 1335 729 450 509 72 29 265 207 305 43 21 885
is_linear=0
shrinkage=0.05


Tree=40
num_leaves=15
num_cat=0
split_feature=4 23 23 0 6 6 23 6 23 0 0 23 23 6
split_gain=3.00255 2.30604 1.98625 1.57126 1.11044 0.981164 0.963304 0.873318 0.857158 0.671329 0.505067 0.660887 0.48845 0.408645
threshold=28.245000000000001 0.72100388094302625 0.44504239796885176 23.475000000000005 16.055000000000003 30.380000000000006 0.98045953152007548 13.005000000000001 0.98369513783825568 29.020000000000003 25.115000000000006 0.20180061326459475 0.94975093725139803 24.295000000000005
decision_type=2 2 2 2 2 2 2 2 2 2 2 2 2 2
left_child=1 5 -2 13 12 -1 -6 -4 9 -9 -7 -12 -5 -3
right_child=2 3 7 4 6 10 -8 8 -10 -11 11 -13 -14 -15
leaf_value=0.053811601939926762 0.012595639737598847 0.069525679523713094 0.042211904883844721 0.023628402967741231 -0.0070037686331083709 0.018321561651263484 0.0028382732544331261 -0.01343704342338476 0.0064019554357204883 -0.019669408656921211 0.0008482531569271413 -0.0098026436898991896 -0.0022911876840402685 0.0073738647396436562
leaf_weight=835 97 217 17 143 256 87 74 132 21 24 15.999999999999998 37 101 79
leaf_count=835 97 217 17 143 256 87 74 132 21 24 16 37 101 79
internal_value=0.00181648 0.00256098 -0.00290378 0.000689655 -0.000836237 0.00423077 -0.00272727 -0.00582474 -0.00686441 -0.00814103 0.000357143 -0.00349057 0.00172131 0.00364865
internal_weight=2136 1845 291 870 574 975 330 194 177 156 140 53 244 296
internal_count=2136 1845 291 870 574 975 330 194 177 156 140 53 244 296
is_linear=0
shrinkage=0.05


Tree=41
num_leaves=15
num_cat=0
split_feature=22 4 22 4 22 22 13 6 1 22 22 0 6 22
split_gain=2.6705 2.41928 1.77289 1.37605 1.24372 1.05494 0.908416 0.835747 1.47214 0.918961 3.4348 0.80766 0.729525 0.657638
threshold=0.70517752626968588 26.985000000000003 0.68037272099988588 29.270000000000003 0.91723323322845218 0.87962967011031401 0.6000000000000002 30.380000000000006 75.685000000000016 0.32917936166072764 0.2965049369093406 26.545000000000005 30.380000000000006 0.11157877211276467
decision_type=2 2 2 2 2 2 2 2 2 2 2 2 2 2
left_child=1 7 6 12 5 -5 13 9 11 10 -1 -9 -2 -3
right_child=3 2 -4 4 -6 -7 -8 8 -10 -11 -12 -13 -14 -15
leaf_value=0.0091852763984320573 0.042872571310267713 0.0059229943746801281 -0.01514284935035449 -0.0016382270786961522 0.0067968712819569694 -0.019299479444708376 -0.034299137686227797 0.0036326853202808445 -0.0326336444555681 0.040235866894209063 -0.005371730724712134 -0.069007974665470442 0.00050105128638255599 -0.006291456493889654
leaf_weight=217 901 29 15.999999999999998 14.000000000000002 38 12.999999999999998 19 102 12.999999999999998 368 32 10.999999999999998 138 225
leaf_count=217 901 29 16 14 38 13 19 102 13 368 32 11 138 225
internal_value=0.0018867 5.81397e-05 -0.00382353 0.00359601 -0.00346154 -0.0116667 -0.00287546 0.00156797 -0.00214286 0.00232577 -2.00801e-05 -0.000309734 0.00403754 -0.00208661
internal_weight=2136 1032 289 1104 65 27 273 743 126 617 249 113 1039 254
internal_count=2136 1032 289 1104 65 27 273 743 126 617 249 113 1039 254
is_linear=0
shrinkage=0.05


Tree=42
num_leaves=15
num_cat=0
split_feature=7 0 22 22 0 22 22 22 0 0 0 1 4 22
split_gain=2.53511 1.76171 1.34621 1.18876 1.14815 0.897408 0.787989 1.41323 0.741714 0.879644 0.719294 0.716348 0.472976 0.587054
threshold=72.295000000000016 25.615000000000006 0.72914769978834015 0.53038584004487344 23.515000000000004 0.95843238470078729 0.19653276579064646 0.31288844364721724 22.795000000000005 23.125000000000004 29.360000000000003 67.685000000000016 27.860000000000003 0.89546819317495652
decision_type=2 2 2 2 2 2 2 2 2 2 2 2 2 2
left_child=3 2 8 4 -1 10 -6 -8 -2 -10 11 -3 -5 -14
right_child=1 5 -4 12 6 -7 7 -9 9 -11 -12 -13 13 -15
leaf_value=0.073010386343639308 0.021226516731931228 -0.021849111231565462 0.024971870517621144 0.056743438417724591 0.01235736922681257 0.0019656590054867086 -0.0042351205325099322 0.00095427259237148209 -0.010998173401824598 -0.0023999305955991466 -0.096525859934363897 -0.00046430774791406186 -0.0027365990415616653 0.013965106835157913
leaf_weight=139 77 112 279 778 93 43 81 137 11.999999999999998 196 10.999999999999998 71 54 53
leaf_count=139 77 112 279 778 93 43 81 137 12 196 11 71 54 53
internal_value=0.00198034 -0.000243446 0.0012766 0.00331461 0.00122222 -0.00386076 -0.000466238 -0.00211009 -0.00114035 -0.00269231 -0.00530928 -0.00456284 0.00437853 0.00126168
internal_weight=2136 801 564 1335 450 237 311 218 285 208 194 183 885 107
internal_count=2136 801 564 1335 450 237 311 218 285 208 194 183 885 107
is_linear=0
shrinkage=0.05


Tree=43
num_leaves=15
num_cat=0
split_feature=5 22 0 1 22 0 1 22 22 0 4 22 5 22
split_gain=2.14245 1.61798 1.22074 1.17762 1.02594 1.08161 0.830925 0.723607 1.21156 0.598653 0.586614 0.549442 0.882738 0.443624
threshold=679.98000000000013 0.90299113182541202 25.975000000000005 59.055000000000007 0.53038584004487344 23.515000000000004 63.665000000000006 0.19653276579064646 0.31288844364721724 23.025000000000002 27.860000000000003 0.93038971866793763 420.44500000000005 0.32917936166072764
decision_type=2 2 2 2 2 2 2 2 2 2 2 2 2 2
left_child=4 2 9 -4 5 -1 -5 -7 -9 -2 -6 12 -12 -11
right_child=1 -3 3 6 10 7 -8 8 -10 13 11 -13 -14 -15
leaf_value=0.069359867026457342 0.030092753891427251 0.015411183216542237 0.0083367623877675535 -0.051775384524219183 0.053906266496838356 0.01173950076547195 -0.018588333525172678 -0.0040233645058844452 0.00090655896275288665 -0.015179951706145861 0.035799780599435685 0.015097016426660725 -0.0086049222551349454 -0.00085625421265860641
leaf_weight=139 117 234 21 30 778 93 74 81 137 85 25 45 37 240
leaf_count=139 117 234 21 30 778 93 74 81 137 85 25 45 37 240
internal_value=0.00205056 6.24238e-06 -0.00143739 -0.0058 0.00327715 0.00133333 -0.00798077 -0.000305466 -0.00188073 -0.00020362 0.00426554 0.000794393 -0.00225806 -0.00130769
internal_weight=2136 801 567 125 1335 450 104 311 218 442 885 107 62 325
internal_count=2136 801 567 125 1335 450 104 311 218 442 885 107 62 325
is_linear=0
shrinkage=0.05


Tree=44
num_leaves=15
num_cat=0
split_feature=22 0 10 1 1 22 22 22 6 22 0 6 0 1
split_gain=2.20243 1.75595 1.74879 1.84117 1.0296 0.997495 5.73545 1.44763 0.975906 0.956277 0.916017 0.853535 0.80456 0.547382
threshold=0.72914769978834015 25.975000000000005 -0.013599999999999998 72.38000000000001 60.400000000000006 0.31288844364721724 0.2965049369093406 0.26347957579725428 16.460000000000004 0.58741554219704073 24.535000000000004 24.295000000000005 25.115000000000006 59.585000000000008
decision_type=2 2 2 2 2 2 2 2 2 2 2 2 2 2
left_child=1 5 -3 4 -4 6 7 -1 -7 -5 -8 -2 -13 -14
right_child=11 2 3 9 -6 8 10 -9 -10 -11 -12 12 13 -15
leaf_value=0.0092039142296491318 0.03515958669687199 0.00079147230668013603 0.0023228007656411376 -0.020496308692886173 -0.018454026671790798 0.053940321565633775 -0.010671037224719781 -0.020304108022894535 0.00084445265019787805 -0.090770150403275573 -0.0048298057450132 0.024668861299175941 0.017570915217705606 -0.0056674591955372467
leaf_weight=245 792 128 28 10.000000000000002 64 265 10.000000000000002 39 269 10.999999999999998 10.999999999999998 160 21 83
leaf_count=245 792 128 28 10 64 265 10 39 269 11 11 160 21 83
internal_value=0.00205056 0.000462963 -0.00329875 -0.00783186 -0.00478261 0.0015435 -0.000737705 0.00112676 0.00284644 -0.0211905 -0.0259524 0.00367424 0.00121212 -0.00221154
internal_weight=2136 1080 241 113 92 839 305 284 534 21 21 1056 264 104
internal_count=2136 1080 241 113 92 839 305 284 534 21 21 1056 264 104
is_linear=0
shrinkage=0.05


Tree=45
num_leaves=15
num_cat=0
split_feature=5 22 22 4 22 22 1 22 22 4 22 5 4 4
split_gain=2.14245 1.37737 1.14658 0.951332 0.704676 0.742927 0.637315 0.725637 2.43373 0.49767 0.463448 0.778905 0.35537 0.191388
threshold=679.98000000000013 0.89546819317495652 0.53038584004487344 24.805000000000003 0.16269055358644466 0.31288844364721724 58.705000000000005 0.19653276579064646 0.31288844364721724 27.975000000000005 0.93038971866793763 420.44500000000005 29.855000000000004 25.895000000000003
decision_type=2 2 2 2 2 2 2 2 2 2 2 2 2 2
left_child=2 6 3 -1 -5 -6 13 -8 -9 -4 11 -11 -3 -2
right_child=1 12 9 4 5 -7 7 8 -10 10 -12 -13 -14 -15
leaf_value=0.039028456505451926 0.016135488439782863 0.01410843974573465 0.048404342250682741 0.01477946053042541 -0.0041695580262029906 0.00072652459312243668 0.0042839925626315797 -0.049897739699359678 -0.0024658342279066103 0.032608448638889086 0.012504879424004712 -0.010002469601401815 -0.0039967255177063331 0.00048714064603405817
leaf_weight=188 40 226 785 58 84 120 66 49 348 24 42 34 17 55
leaf_count=188 40 226 785 58 84 120 66 49 348 24 42 34 17 55
internal_value=0.00205056 6.24238e-06 0.00327715 0.00122222 -0.000725191 -0.00210784 -0.00136201 -0.00212743 -0.00293451 0.00432203 0.001 -0.00189655 0.00314815 0.00236842
internal_weight=2136 801 1335 450 262 204 558 463 397 885 100 58 243 95
internal_count=2136 801 1335 450 262 204 558 463 397 885 100 58 243 95
is_linear=0
shrinkage=0.05


Tree=46
num_leaves=15
num_cat=0
split_feature=4 6 22 22 22 22 6 4 1 4 1 1 4 22
split_gain=2.23708 1.81662 1.47611 2.85034 2.29365 1.18752 0.930815 0.917706 0.744015 1.15405 0.735141 0.801032 0.683224 0.508565
threshold=26.985000000000003 30.380000000000006 0.32917936166072764 0.2965049369093406 0.31288844364721724 0.9239481815140983 13.005000000000001 23.305000000000003 68.885000000000005 27.295000000000005 59.585000000000008 67.575000000000003 30.175000000000004 0.72914769978834015
decision_type=2 2 2 2 2 2 2 2 2 2 2 2 2 2
left_child=1 2 3 -1 -5 6 -2 -3 9 -8 -9 -12 -7 -10
right_child=5 7 -4 4 -6 12 8 10 13 -11 11 -13 -14 -15
leaf_value=0.0092952433892744424 0.048091398046784015 0.0051924068329401128 0.05239175486618676 -0.0085717977487769752 0.0060580245691981786 0.018362392681265507 -0.010797143740661375 0.0046737200255638029 -0.0033120664488656805 -0.003780838125936695 -0.031062440962328922 -0.0030808169634807072 -0.002120868497611973 0.0031955216725381326
leaf_weight=217 42 164 1035 18 13.999999999999998 135 37 15.999999999999998 96 224 47 34 18 39
leaf_count=217 42 164 1035 18 14 135 37 16 96 224 47 34 18 39
internal_value=0.0018633 0.00286408 0.00363707 0.000180723 -0.01375 -0.000752961 -0.00207763 -0.000938697 -0.00282828 -0.00438697 -0.00479381 -0.00672839 0.00303922 0.000185185
internal_weight=2136 1545 1284 249 32 591 438 261 396 261 97 81 153 135
internal_count=2136 1545 1284 249 32 591 438 261 396 261 97 81 153 135
is_linear=0
shrinkage=0.05


Tree=47
num_leaves=15
num_cat=0
split_feature=4 0 22 10 22 1 5 0 6 1 6 11 22 1
split_gain=2.45518 1.72181 1.64487 1.38724 1.32222 1.00821 1.22404 0.911026 0.834287 0.933339 0.523388 0.453388 0.406603 0.247076
threshold=26.685000000000006 29.915000000000003 0.9239481815140983 -0.013599999999999998 0.64166506163122816 68.885000000000005 420.44500000000005 23.025000000000002 16.055000000000003 75.685000000000016 30.380000000000006 -0.89854999999999985 0.31288844364721724 69.825000000000003
decision_type=2 2 2 2 2 2 2 2 2 2 2 2 2 2
left_child=4 2 5 -3 7 6 -2 -1 12 -10 -6 -7 -9 -12
right_child=1 3 -4 -5 10 11 -8 8 9 -11 13 -13 -14 -15
leaf_value=0.053104922058587856 0.01334714924326693 -0.0030457071004851457 0.019393543749575394 -0.085942747732124278 0.071616506798101373 0.0035718062457781273 -0.0066071807353559504 0.00071584626430313463 -0.001426418218271246 -0.029634668537940598 0.0018174113858488499 -0.0021751058970437645 0.042027025279238982 -0.0070540576066803074
leaf_weight=205 49 13.000000000000002 170 10.999999999999998 686 104 265 88 209 15.999999999999998 114 67 103 36
leaf_count=205 49 13 170 11 686 104 265 88 209 16 114 67 103 36
internal_value=0.0018867 -0.000596465 -0.000114504 -0.01375 0.00304393 -0.00159794 -0.00328025 0.0012963 -4.80767e-05 -0.00211111 0.00434211 0.00149123 0.0023822 0.00166667
internal_weight=2136 679 655 24 1457 485 314 621 416 225 836 171 191 150
internal_count=2136 679 655 24 1457 485 314 621 416 225 836 171 191 150
is_linear=0
shrinkage=0.05


Tree=48
num_leaves=15
num_cat=0
split_feature=23 4 4 23 23 23 23 6 23 23 6 10 9 4
split_gain=2.1132 2.01156 1.17532 1.10205 0.969997 0.752228 1.47763 0.73545 0.549225 4.16212 0.515085 0.497059 0.422705 0.380366
threshold=0.72100388094302625 25.790000000000003 28.045000000000005 0.73281578960684157 0.2851900856177319 0.98045953152007548 0.94975093725139803 24.295000000000005 0.94975093725139803 0.95499258812111987 30.380000000000006 0.65755000000000019 0.39500000000000007 30.270000000000007
decision_type=2 2 2 2 2 2 2 2 2 2 2 2 2 2
left_child=2 7 10 -3 -4 6 -5 8 -2 -10 -1 -7 13 -6
right_child=1 3 4 5 12 11 -8 -9 9 -11 -12 -13 -14 -15
leaf_value=0.043110027889495389 0.056252663536582953 -0.020734685275263426 0.009297000903893923 -0.0020227900343062102 -0.0033294444833872235 0.0046593719385443792 -0.029788806361497989 -0.004822344096786467 -0.0078633939132974739 0.016164819161260294 0.0012769845525802024 -0.035398896146410709 0.023448742938086544 0.0034529440083539524
leaf_weight=819 245 10.999999999999998 69 273 71 90 65 153 9.9999999999999982 149 139 11.999999999999998 12.999999999999998 17
leaf_count=819 245 11 69 273 71 90 65 153 10 149 139 12 13 17
internal_value=0.00205056 0.000386905 0.00353723 -0.00209534 -0.000294117 -0.00170455 -0.00284024 0.00239677 0.00351485 0.00122642 0.00421712 0.00205882 -0.00341584 -0.00465909
internal_weight=2136 1008 1128 451 170 440 338 557 404 159 958 102 101 88
internal_count=2136 1008 1128 451 170 440 338 557 404 159 958 102 101 88
is_linear=0
shrinkage=0.05


Tree=49
num_leaves=15
num_cat=0
split_feature=4 23 23 6 0 5 23 23 23 0 6 1 3 6
split_gain=2.22153 1.8266 1.29577 0.972029 0.892696 0.76673 1.01504 0.805288 0.719612 0.548574 0.484501 0.247076 0.621345 0.21286
threshold=26.885000000000002 0.38242094458159287 0.76693674423623703 13.005000000000001 23.025000000000002 739.99000000000012 0.89014232404703397 0.94422823979932036 0.99371836985722206 30.260000000000002 30.380000000000006 69.825000000000003 36.000000000000007 24.295000000000005
decision_type=2 2 2 2 2 2 2 2 2 2 2 2 2 2
left_child=2 -2 10 -3 13 7 -7 -6 9 -5 -1 -12 -13 -4
right_child=1 3 4 8 5 6 -8 -9 -10 -11 11 12 -14 -15
leaf_value=0.062620032600627679 0.010125787747349386 0.04584991218946801 0.070774593028944233 -0.0031037421644715202 0.024636157608806455 -0.055206416718245048 0.0021865027451115405 -0.00097264697098823185 0.0050293655685012262 -0.02446906925486456 0.0018226090098282925 0.015199367912875775 -0.011592764152083157 0.0074333920223383851
leaf_weight=718 159 43 150 381 185 35 60 163 27 9.9999999999999982 114 17 19 55
leaf_count=718 159 43 150 381 185 35 60 163 27 10 114 17 19 55
internal_value=0.00195693 -0.000564516 0.00298813 -0.00215835 0.0012963 3.38602e-05 -0.00394737 0.00112069 -0.00289474 -0.0034399 0.00425115 0.00166667 -0.00194444 0.00402439
internal_weight=2136 620 1516 461 648 443 95 348 418 391 868 150 36 205
internal_count=2136 620 1516 461 648 443 95 348 418 391 868 150 36 205
is_linear=0
shrinkage=0.05


Tree=50
num_leaves=15
num_cat=0
split_feature=0 22 10 22 22 0 1 0 1 4 1 6 22 22
split_gain=2.23149 1.52322 1.55901 1.20971 2.62573 1.76371 1.00227 0.769785 1.03125 0.615366 0.598382 0.353959 0.414581 0.71977
threshold=25.045000000000005 0.93038971866793763 -0.10059999999999999 0.32917936166072764 0.26347957579725428 23.575000000000003 68.315000000000012 25.975000000000005 59.730000000000011 29.145000000000003 60.475000000000001 24.295000000000005 0.88768027107944258 0.85392600138668617
decision_type=2 2 2 2 2 2 2 2 2 2 2 2 2 2
left_child=3 2 9 4 -1 -6 -7 10 -9 -2 -4 -5 13 -13
right_child=1 -3 7 11 5 6 -8 8 -10 -11 -12 12 -14 -15
leaf_value=0.011792586197966196 0.0087942580135661422 0.0096073233940711152 -0.007373035945482595 0.046963120679528375 3.5108231271719674e-05 -0.0084102803923510553 -0.025870217670868396 0.0014784452786104384 -0.012919844148951688 -0.010143721489744809 0.0025431956084368702 0.0036862488510721828 0.053196333014264185 -0.012038777909719248
leaf_weight=189 196 205 40 782 30 22 9.9999999999999982 50 155 50 149 145 100 12.999999999999998
leaf_count=189 196 205 40 782 30 22 10 50 155 50 149 145 100 13
internal_value=0.00202715 2.9586e-05 -0.00117187 0.00333462 0.000219124 -0.00870968 -0.016875 -0.00312183 -0.0052439 0.00195122 -0.000820106 0.00408654 0.00248062 0.000886076
internal_weight=2136 845 640 1291 251 62 32 394 205 246 189 1040 258 158
internal_count=2136 845 640 1291 251 62 32 394 205 246 189 1040 258 158
is_linear=0
shrinkage=0.05


Tree=51
num_leaves=15
num_cat=0
split_feature=22 8 22 22 9 5 22 22 5 1 5 2 22 22
split_gain=1.75079 1.88929 0.747817 3.03776 2.5 0.491156 0.274316 1.43254 0.187778 0.186012 0.146261 0.157546 0.126984 0.0939105
threshold=0.90299113182541202 9.6000000000000032 0.21336913576298863 0.28003368959032676 0.24500000000000002 568.63000000000011 0.31288844364721724 0.28003368959032676 739.99000000000012 66.13000000000001 679.98000000000013 1.7800000000000002 0.16269055358644466 0.72914769978834015
decision_type=2 2 2 2 2 2 2 2 2 2 2 2 2 2
left_child=1 6 8 4 -4 -5 7 12 -3 -10 -2 -12 -1 -8
right_child=10 2 3 5 -6 -7 13 -9 9 -11 11 -13 -14 -15
leaf_value=0.042927832895700679 0.052021979324109013 0.011186848133860249 0.00083219944195186274 0.014694469886409095 -0.055399840248966131 -0.00060104048656523976 0.023333971811695567 -0.0015832018121795265 0.0059898866963418052 -0.001158304589800229 0.012680819829355088 0.0088916296419336103 0.0073025740586393148 0.033503765066571142
leaf_weight=63 390 90 24 147 36 588 261 18 32 28 219 14.999999999999998 63 162
leaf_count=63 390 90 24 147 36 588 261 18 32 28 219 15 63 162
internal_value=0.00205056 0.00113095 -0.000238095 -0.000849056 -0.0116667 3.40138e-05 0.0034127 0.00152778 0.003 0.000833334 0.00427885 0.0032906 0.0034127 0.00405437
internal_weight=2136 1512 945 795 60 735 567 144 150 60 624 234 126 423
internal_count=2136 1512 945 795 60 735 567 144 150 60 624 234 126 423
is_linear=0
shrinkage=0.05


Tree=52
num_leaves=15
num_cat=0
split_feature=0 5 22 22 0 22 5 3 22 0 9 22 7 22
split_gain=2.52617 1.63842 1.26561 3.09977 1.06325 1.00415 0.891162 0.802914 0.763939 0.645866 0.52379 0.518013 0.633253 0.5733
threshold=25.585000000000004 452.54500000000002 0.31288844364721724 0.26347957579725428 23.915000000000003 0.93038971866793763 568.63000000000011 60.000000000000007 0.88768027107944258 23.945000000000004 0.37500000000000006 0.69287764045535594 49.140000000000008 0.19653276579064646
decision_type=2 2 2 2 2 2 2 2 2 2 2 2 2 2
left_child=2 11 3 10 -5 -3 -4 -6 9 -8 -1 12 -2 -14
right_child=1 5 6 4 7 -7 8 -9 -10 -11 -12 -13 13 -15
leaf_value=0.0016466003530170893 0.045195068049552714 -0.0097753300118444391 0.060916444047387441 -0.0024046071425473611 -0.017882881330685489 0.00028542996833727134 0.018101049446378178 -0.003608748717542045 0.037551322250310173 -0.0011104337481541123 0.02684805399484106 0.040317978510449146 0.028339016270488966 -0.0038128900769431326
leaf_weight=115 39 290 611 26 20 100 206 12.999999999999998 231 174 114 128 17 52
leaf_count=115 39 290 611 26 20 100 206 13 231 174 114 128 17 52
internal_value=0.00183989 -0.000830671 0.00294702 -3.4722e-05 -0.0102542 -0.00282051 0.00364975 -0.0162121 0.00229951 0.000921053 0.00259825 0.00245763 -9.25924e-05 -0.00297101
internal_weight=2136 626 1510 288 59 390 1222 33 611 380 229 236 108 69
internal_count=2136 626 1510 288 59 390 1222 33 611 380 229 236 108 69
is_linear=0
shrinkage=0.05


Tree=53
num_leaves=15
num_cat=0
split_feature=4 22 13 7 22 13 22 22 11 10 1 0 4 22
split_gain=2.45783 2.7021 1.40659 1.23934 0.661379 0.667123 0.648157 1.03221 0.791264 0.644841 0.5978 0.716012 0.515767 0.427515
threshold=26.095000000000002 0.72914769978834015 0.72000000000000008 49.140000000000008 0.16269055358644466 0.6000000000000002 0.32917936166072764 0.21336913576298863 -0.99869999999999992 0.33810000000000007 59.585000000000008 26.005000000000006 29.855000000000004 0.87962967011031401
decision_type=2 2 2 2 2 2 2 2 2 2 2 2 2 2
left_child=2 3 6 -2 9 -6 7 -1 -9 -5 -4 13 -3 -12
right_child=1 12 10 4 5 -7 -8 8 -10 -11 11 -13 -14 -15
leaf_value=0.025209476945509814 0.044731038939905168 0.0084664704877241235 0.012897285338385382 0.014741438150876116 -0.0082229836316547091 -0.030394639550736666 0.062721489768863659 -0.0063275547102329514 0.00010534913723006554 -0.00086306778326169858 -0.0086664873621842709 -0.013742499489260858 -0.0024210634834195919 0.017450298710320895
leaf_weight=106 46 391 50 39 305 30 812 18 71 24 117 36 39 52
leaf_count=106 46 391 50 39 305 30 812 18 71 24 117 36 39 52
internal_value=0.00200375 -3.43248e-05 0.00341521 -0.00277027 -0.00366834 -0.00455224 0.00425521 0.00166667 -0.00230337 0.00103175 9.80394e-05 -0.00109756 0.0027907 0.000266272
internal_weight=2136 874 1262 444 398 335 1007 195 89 63 255 205 430 169
internal_count=2136 874 1262 444 398 335 1007 195 89 63 255 205 430 169
is_linear=0
shrinkage=0.05


Tree=54
num_leaves=15
num_cat=0
split_feature=4 6 23 6 6 23 23 23 11 1 0 1 4 23
split_gain=2.76807 1.90684 1.7247 1.27703 1.19339 1.03601 0.648157 1.03221 0.791264 0.550933 0.447241 0.559229 0.395239 0.391301
threshold=26.095000000000002 30.380000000000006 0.42957308670649791 30.380000000000006 13.005000000000001 0.47558139622940165 0.94422823979932036 0.97693379145244141 -0.99869999999999992 59.585000000000008 25.165000000000003 61.605000000000011 29.855000000000004 0.49064204624668717
decision_type=2 2 2 2 2 2 2 2 2 2 2 2 2 2
left_child=3 2 12 6 -4 -6 -1 8 -8 -5 13 -12 -2 -11
right_child=1 -3 4 9 5 -7 7 -9 -10 10 11 -13 -14 -15
leaf_value=0.059585415280420488 0.017633757680679273 -0.076858175253700478 0.044090820163900632 0.012252421071466107 -0.016230763048226748 -0.001468278833692354 -0.0060111769747212985 0.023949003098234313 0.00010008168036857476 0.031540825159507256 -0.056681817485666447 -0.0079260012798772431 -0.00014509489526168739 -0.0050316652799900488
leaf_weight=812 219 11.999999999999998 66 50 27 521 18 106 71 40 9.9999999999999982 62 29 93
leaf_count=812 219 12 66 50 27 521 18 106 71 40 10 62 29 93
internal_value=0.00195693 -0.000205949 6.96058e-05 0.00345483 -0.00135179 -0.00211679 0.00425521 0.00166667 -0.00230337 0.000294118 -0.000853658 -0.00402778 0.00358871 0.000864662
internal_weight=2136 874 862 1262 614 548 1007 195 89 255 205 72 248 133
internal_count=2136 874 862 1262 614 548 1007 195 89 255 205 72 248 133
is_linear=0
shrinkage=0.05


Tree=55
num_leaves=15
num_cat=0
split_feature=5 22 22 22 23 22 23 22 22 22 22 6 1 1
split_gain=1.79963 1.22143 1.10688 1.5625 1.125 0.803256 2.16701 0.453781 0.411765 1.12179 0.381349 0.680556 0.326086 0.664217
threshold=568.63000000000011 0.64166506163122816 0.58741554219704073 0.60124882823926262 0.77786091972642668 0.31288844364721724 0.95499258812111987 0.9884946951290402 0.5009122898073749 0.47084587141109652 0.16269055358644466 16.055000000000003 59.585000000000008 60.165000000000006
decision_type=2 2 2 2 2 2 2 2 2 2 2 2 2 2
left_child=5 2 8 -4 -5 6 -1 12 9 -2 -8 -12 -3 -14
right_child=1 7 3 4 -6 -7 10 -9 -10 -11 11 -13 13 -15
leaf_value=-0.0054670363788700167 -0.0001869179128478596 0.016246118924181537 -0.088094679277139279 -0.040710358776696043 0.0040552315846066724 0.027422725162175379 0.041295415761025113 0.023120181290729173 0.0047979069834563088 -0.023368944841655616 0.0053485878637801769 -0.0049815817691442324 -0.024580552812419994 0.0019162248107879164
leaf_weight=11.999999999999998 312 118 11.999999999999998 11.999999999999998 24 876 84 108 72 24 72 24 12.999999999999998 373
leaf_count=12 312 118 12 12 24 876 84 108 72 24 72 24 13 373
internal_value=0.00205056 0.000599251 -0.00135965 -0.00854167 -0.00333333 0.00350187 0.000572917 0.00205882 -0.000514706 -0.00125 0.00194444 -0.000208333 0.00142857 0.000725389
internal_weight=2136 1068 456 48 36 1068 192 612 408 336 180 96 504 386
internal_count=2136 1068 456 48 36 1068 192 612 408 336 180 96 504 386
is_linear=0
shrinkage=0.05


Tree=56
num_leaves=15
num_cat=0
split_feature=4 23 6 6 4 23 10 23 23 23 20 4 1 1
split_gain=2.76136 1.97202 1.87137 1.20368 0.889381 0.608782 0.788576 0.721926 0.54875 0.879516 0.889065 0.511631 0.440191 0.725953
threshold=26.095000000000002 0.68430231102288386 30.380000000000006 13.005000000000001 24.275000000000002 0.98045953152007548 0.33810000000000007 0.94975093725139803 0.94422823979932036 0.97693379145244141 1.0000000180025095e-35 28.835000000000004 69.945000000000007 65.985000000000014
decision_type=2 2 2 2 2 2 2 2 2 2 2 2 2 2
left_child=2 11 8 -3 -4 7 -7 -5 -1 10 -10 -2 13 -13
right_child=1 3 4 5 -6 6 -8 -9 9 -11 -12 12 -14 -15
leaf_value=0.055473778658068851 0.011979544813051052 0.038571992415123039 0.001787688860893275 -0.0045721087478355531 -0.0097230035332996727 0.0064298726839651186 -0.0029705429201739501 -0.030986231119810914 -0.0054542572189970337 0.022484123550133607 0.00029318825308882458 0.00022845426199951774 0.0042551903690945386 -0.0082944955503625097
leaf_weight=812 331 46 208 260 47 52 32 54 18 106 71 58 23 18
leaf_count=812 331 46 208 260 47 52 32 54 18 106 71 58 23 18
internal_value=0.00183989 -0.000320366 0.00333597 -0.00265766 -0.000490196 -0.00354271 0.000238095 -0.00455414 0.00430487 0.00192308 -0.00174157 0.00209302 -0.00106061 -0.00289474
internal_weight=2136 874 1262 444 255 398 84 314 1007 195 89 430 99 76
internal_count=2136 874 1262 444 255 398 84 314 1007 195 89 430 99 76
is_linear=0
shrinkage=0.05


Tree=57
num_leaves=15
num_cat=0
split_feature=4 22 6 6 0 22 6 3 22 22 22 4 0 1
split_gain=2.65084 1.38134 1.37244 1.06427 0.543871 0.516905 0.738796 0.480392 0.610071 0.476487 0.472878 0.477838 0.58299 0.333869
threshold=26.685000000000006 0.90299113182541202 30.380000000000006 13.005000000000001 26.005000000000006 0.87962967011031401 18.480000000000004 36.000000000000007 0.47084587141109652 0.72914769978834015 0.5009122898073749 25.065000000000001 24.935000000000006 59.585000000000008
decision_type=2 2 2 2 2 2 2 2 2 2 2 2 2 2
left_child=2 3 10 -2 13 9 -7 -6 -9 -5 11 -1 -13 -4
right_child=1 -3 4 5 7 6 -8 8 -10 -11 -12 12 -14 -15
leaf_value=0.026096878413201265 0.034108691942694183 0.0063862037581739924 0.012919989036820354 -0.004955552602483284 0.0015794376996338133 0.0014217032126392214 -0.015421822809467876 0.013159681196465335 -0.046508094181906039 0.00055056285756215984 0.04366152941934303 -0.0022688802019604315 0.0032009811484917786 -0.00020880666514169052
leaf_weight=222 47 203 41 314 17 10 13 11.999999999999998 22 92 815 87 72 169
leaf_count=222 47 203 41 314 17 10 13 12 22 92 815 87 72 169
internal_value=0.00191011 -0.000670103 0.00311256 -0.00214286 -0.000172414 -0.00292541 -0.0102174 -0.00480392 -0.00823529 -0.00251232 0.00382943 0.00237533 0.000283019 0.000952381
internal_weight=2136 679 1457 476 261 429 23 51 34 406 1196 381 159 210
internal_count=2136 679 1457 476 261 429 23 51 34 406 1196 381 159 210
is_linear=0
shrinkage=0.05


Tree=58
num_leaves=15
num_cat=0
split_feature=4 6 22 6 22 22 0 5 22 22 0 22 4 10
split_gain=2.16232 0.996061 0.934479 0.842915 0.800455 0.6432 0.599009 0.852273 0.536044 0.370851 0.456252 0.376972 0.270068 0.257099
threshold=26.885000000000002 30.380000000000006 0.90299113182541202 13.005000000000001 0.5009122898073749 0.11157877211276467 23.025000000000002 842.19500000000005 0.28003368959032676 0.97938885712668811 22.605000000000004 0.47084587141109652 29.855000000000004 0.33810000000000007
decision_type=2 2 2 2 2 2 2 2 2 2 2 2 2 2
left_child=1 4 3 -2 6 -5 -1 -8 -7 10 -3 -12 -4 -14
right_child=2 9 12 5 -6 8 7 -9 -10 -11 11 -13 13 -15
leaf_value=0.039327391735809465 0.029688772467500374 0.058021422676020451 0.0088643014493768879 0.004436827148504234 0.039131849164672466 -0.033392984299743307 0.0010533871448323066 -0.0079516898488692419 -0.0023039415965085274 0.015993781819600126 0.0067091689356570229 -0.0094735770607909699 0.0035559780223971024 -0.0012884145693392135
leaf_weight=127 42 46 153 27 853 56 264 10.999999999999998 313 35 59 121 17.000000000000004 11.999999999999998
leaf_count=127 42 46 153 27 853 56 264 11 313 35 59 121 17 12
internal_value=0.00200375 0.00302111 -0.000483871 -0.00173516 0.00360558 -0.00244949 0.00176617 0.000454546 -0.00299458 0.000210728 -0.000530973 -0.00166667 0.00252747 -0.00189655
internal_weight=2136 1516 620 438 1255 396 402 275 369 261 226 180 182 29
internal_count=2136 1516 620 438 1255 396 402 275 369 261 226 180 182 29
is_linear=0
shrinkage=0.05


Tree=59
num_leaves=15
num_cat=0
split_feature=4 6 22 6 22 22 0 6 22 11 20 1 4 22
split_gain=2.01161 1.25364 0.941781 0.906747 0.751847 1.37207 1.26984 0.580219 0.547699 1.45833 0.612711 0.520533 0.424825 0.483436
threshold=26.665000000000003 30.380000000000006 0.90299113182541202 13.005000000000001 0.32917936166072764 0.2965049369093406 23.475000000000005 16.055000000000003 0.87962967011031401 -0.84319999999999984 15014.405000000001 59.055000000000007 20.500000000000004 0.64166506163122816
decision_type=2 2 2 2 2 2 2 2 2 2 2 2 2 2
left_child=1 4 3 -2 5 7 -7 -1 10 -10 -5 -3 -13 -14
right_child=2 11 -4 8 -6 6 -8 -9 9 -11 -12 12 13 -15
leaf_value=0.021255195891316876 0.03146171569779628 0.010992435858476297 0.0056236784977964655 -0.00090172622993153816 0.035630313876062102 0.028795980469533074 -0.0037454273125093699 -0.00050903768734265181 -0.014519078854844564 0.024072071191077741 -0.013614993300570727 0.07353085066039039 -0.017496377374261594 0.00080852885844326513
leaf_weight=109 48 41 203 361 959 10.000000000000002 18 93 14.000000000000002 9.9999999999999982 50 25 81 114
leaf_count=109 48 41 203 361 959 10 18 93 14 10 50 25 81 114
internal_value=0.00191011 0.00296552 -0.0003207 -0.00152174 0.00365433 0.00108696 -0.00928571 0.00252475 -0.00224138 -0.00958333 -0.00181265 -0.000172414 -0.00113636 -0.00192308
internal_weight=2136 1450 686 483 1189 230 28 202 435 24 411 261 220 195
internal_count=2136 1450 686 483 1189 230 28 202 435 24 411 261 220 195
is_linear=0
shrinkage=0.05


Tree=60
num_leaves=15
num_cat=0
split_feature=0 5 23 23 23 23 4 0 4 6 6 23 1 3
split_gain=1.68192 1.43656 0.843001 1.51925 0.813788 0.67162 1.22855 0.585748 0.475894 0.453661 0.409902 0.385573 0.325151 0.305953
threshold=23.915000000000003 452.54500000000002 0.94975093725139803 0.96462662938340349 0.15101078994440373 0.86545531305655499 26.095000000000002 26.005000000000006 24.685000000000006 18.480000000000004 24.295000000000005 0.98045953152007548 71.340000000000018 60.000000000000007
decision_type=2 2 2 2 2 2 2 2 2 2 2 2 2 2
left_child=5 2 -2 -4 -3 -1 10 9 -9 -6 12 -5 -7 -12
right_child=1 4 3 11 7 6 -8 8 -10 -11 13 -13 -14 -15
leaf_value=0.062777477254965894 0.020719187925473156 0.015638498692328622 -0.0040612676217273921 -0.0039491051509394177 0.00117476821515312 0.033824323883730377 -0.0057305093588815269 -0.013547611149509576 -0.0081366789506178011 -0.0012470878552603972 0.0037008072167895763 0.014743901296260352 -0.00016165854120406511 -0.0047320070049982335
leaf_weight=547 401 92 18 23 201 145 13.999999999999998 10.999999999999998 245 284 50 53 35 17
leaf_count=547 401 92 18 23 201 145 14 11 245 284 50 53 35 17
internal_value=0.00183989 0.000745482 0.00287879 -0.00138298 -0.000522209 0.00363861 0.00155172 -0.00107287 -0.00300781 -5.15462e-05 0.00236842 0.00171053 0.00361111 -0.000970149
internal_weight=2136 1328 495 94 833 808 261 741 256 485 247 76 180 67
internal_count=2136 1328 495 94 833 808 261 741 256 485 247 76 180 67
is_linear=0
shrinkage=0.05


Tree=61
num_leaves=15
num_cat=0
split_feature=22 4 0 5 0 22 22 6 5 22 22 22 0 6
split_gain=1.85938 1.36009 1.13733 1.41869 1.04412 0.837899 1.02721 0.689625 0.489057 0.466673 0.72644 0.414848 0.39585 0.173571
threshold=0.69287764045535594 24.615000000000006 24.675000000000004 452.54500000000002 29.940000000000001 0.16269055358644466 0.31288844364721724 24.295000000000005 739.99000000000012 0.23014236637527921 0.28003368959032676 0.99781321377224363 27.330000000000002 30.380000000000006
decision_type=2 2 2 2 2 2 2 2 2 2 2 2 2 2
left_child=1 7 13 -4 5 8 -7 -1 -3 -9 -11 12 -5 -2
right_child=2 4 3 11 -6 6 -8 9 -10 10 -12 -13 -14 -15
leaf_value=0.035638720410989685 0.059661559930856228 0.01751561195545424 0.032880991305551742 -0.00026846736213199403 -0.064733923510504943 -0.0094708602160422355 -0.00079255810057343224 0.023173045752345182 -0.00063513333363405557 -0.011851241557818817 -0.00045415576024323894 0.016009072408566829 -0.0041778730825321507 0.01168367157264364
leaf_weight=239 525 81 198 245 11.999999999999998 145 388 29 25 9.9999999999999982 79 30 55 75
leaf_count=239 525 81 198 245 12 145 388 29 25 10 79 30 55 75
internal_value=0.00169944 0.000138889 0.00309397 0.00140152 -0.0012212 -0.000946792 -0.00175422 0.00261905 0.00311321 -0.000508474 -0.00230337 -0.00060606 -0.00116667 0.00458333
internal_weight=2136 1008 1128 528 651 639 533 357 106 118 89 330 300 600
internal_count=2136 1008 1128 528 651 639 533 357 106 118 89 330 300 600
is_linear=0
shrinkage=0.05


Tree=62
num_leaves=15
num_cat=0
split_feature=22 5 22 4 4 4 4 22 22 10 6 22 6 4
split_gain=1.55484 1.75621 2.25697 1.00854 0.846731 0.668518 0.639641 0.616354 1.86778 0.570915 0.560941 0.405441 0.402314 0.318336
threshold=0.64166506163122816 679.98000000000013 0.58741554219704073 27.145000000000003 27.295000000000005 27.195000000000004 24.615000000000006 0.19653276579064646 0.28003368959032676 0.65755000000000019 30.380000000000006 0.12865578461947555 13.005000000000001 22.565000000000001
decision_type=2 2 2 2 2 2 2 2 2 2 2 2 2 2
left_child=1 6 7 10 5 -5 -1 -3 -9 -6 -2 -8 -13 -12
right_child=3 2 -4 4 9 -7 11 8 -10 -11 13 12 -14 -15
leaf_value=0.032899742934606339 0.0341985112686101 0.0047184442045428016 -0.070937804945587213 0.022284026926288576 0.0020616640294052638 -0.0090223636829009756 0.016067524759732516 -0.040989135305765853 -0.00042398106083540592 -0.0026962966390425029 0.025494125532053259 0.011822264568749092 -0.00074529759558287416 -0.00084835087861853588
leaf_weight=216 763 81 36 12.000000000000002 255 14.999999999999998 46 45 180 29 68 65 243 82
leaf_count=216 763 81 36 12 255 15 46 45 180 29 68 65 243 82
internal_value=0.00179307 0.000230263 -0.00260234 0.00295752 0.000498392 -0.00796296 0.00192982 -0.00120915 -0.00255556 0.00130282 0.00379518 0.000621469 -3.24673e-05 0.001
internal_weight=2136 912 342 1224 311 27 570 306 225 284 913 354 308 150
internal_count=2136 912 342 1224 311 27 570 306 225 284 913 354 308 150
is_linear=0
shrinkage=0.05


Tree=63
num_leaves=15
num_cat=0
split_feature=0 6 22 22 5 22 22 21 1 7 1 22 0 7
split_gain=1.70123 1.07605 0.991744 0.76593 0.748808 0.77863 0.5725 0.903856 0.562655 0.504841 0.465337 0.438091 0.26853 0.685714
threshold=24.405000000000005 13.005000000000001 0.90299113182541202 0.5009122898073749 679.98000000000013 0.23014236637527921 0.87962967011031401 12658.940000000002 61.635000000000012 68.540000000000006 69.945000000000007 0.28003368959032676 23.405000000000005 55.750000000000007
decision_type=2 2 2 2 2 2 2 2 2 2 2 2 2 2
left_child=3 -2 6 4 12 -6 8 -8 -3 -4 -11 -7 -1 -14
right_child=1 2 9 -5 5 11 7 -9 -10 10 -12 -13 13 -15
leaf_value=0.04655682628706484 0.040801044462120024 -0.0044875695556401331 0.028364394185256284 0.041874361641030027 0.007590134658677701 -0.012347864622100933 0.002466261969591408 -0.0089577664139815424 0.00012438766407134557 -0.00085242997326567284 0.0044179763294723137 -0.0022554117575452992 -0.0053551449876158806 0.018050410895906307
leaf_weight=123 139 203 116 689 40 13.999999999999998 22 21 475 117 45 62 30 40
leaf_count=123 139 203 116 689 40 14 22 21 475 117 45 62 30 40
internal_value=0.00183989 0.000518454 -5.50549e-05 0.00334669 0.00127832 -0.00189655 -0.00103329 -0.00662791 -0.000678466 0.00248201 0.000679013 -0.00486842 0.00318653 0.000714286
internal_weight=2136 1138 999 998 309 116 721 43 678 278 162 76 193 70
internal_count=2136 1138 999 998 309 116 721 43 678 278 162 76 193 70
is_linear=0
shrinkage=0.05


Tree=64
num_leaves=15
num_cat=0
split_feature=22 4 5 22 4 4 4 22 4 8 10 1 4 22
split_gain=1.60301 1.17836 1.08801 1.90927 0.899522 0.7836 0.668518 0.578723 0.655441 0.539176 0.512037 0.744198 0.496451 0.491558
threshold=0.64166506163122816 27.145000000000003 679.98000000000013 0.58741554219704073 24.550000000000001 27.295000000000005 27.195000000000004 0.16269055358644466 24.875000000000004 17.745000000000005 0.65755000000000019 62.995000000000012 29.515000000000004 0.21336913576298863
decision_type=2 2 2 2 2 2 2 2 2 2 2 2 2 2
left_child=2 9 4 13 -1 6 -3 -6 -9 -2 12 -12 -7 -4
right_child=1 5 3 -5 7 10 -8 8 -10 -11 11 -13 -14 -15
leaf_value=0.035052418570641189 0.031625443906396093 0.021186665986648916 0.0044737164862004965 -0.06739713408151142 0.012880753583256877 0.002750464215103228 -0.0085579285281938613 -0.00073535830666538122 -5.1830519759160343e-05 0.001221245313949111 -0.0050829153837741422 0.0012042371333940542 -0.00053166288496748625 -0.0046057291296240054
leaf_weight=207 763 12.000000000000002 90 36 64 203 14.999999999999998 31 268 150 13.000000000000002 15.999999999999998 52 216
leaf_count=207 763 12 90 36 64 203 15 31 268 150 13 16 52 216
internal_value=0.00165262 0.00283497 6.57897e-05 -0.00216374 0.00140351 0.000176849 -0.00796296 -9.64185e-05 -0.00102007 0.00374042 0.000950704 -0.00534483 0.00166667 -0.000882353
internal_weight=2136 1224 912 342 570 311 27 363 299 913 284 29 255 306
internal_count=2136 1224 912 342 570 311 27 363 299 913 284 29 255 306
is_linear=0
shrinkage=0.05


Tree=65
num_leaves=15
num_cat=0
split_feature=0 5 22 22 22 1 0 1 1 1 1 5 22 22
split_gain=1.56855 1.03359 0.991576 0.988166 0.93657 0.717705 0.658636 0.657957 3.76822 0.739059 0.607894 0.528438 0.24986 0.566176
threshold=24.405000000000005 452.54500000000002 0.5009122898073749 0.69287764045535594 0.66766646831012755 58.585000000000008 22.985000000000003 59.585000000000008 59.980000000000011 61.605000000000011 75.685000000000016 842.19500000000005 0.53038584004487344 0.44022217077093501
decision_type=2 2 2 2 2 2 2 2 2 2 2 2 2 2
left_child=2 3 6 4 5 -2 -1 12 -9 -10 11 -8 13 -3
right_child=1 7 -4 -5 -6 -7 10 8 9 -11 -12 -13 -14 -15
leaf_value=0.02909210660149757 -0.0026877703176716363 0.0015090133658400594 0.039083126004389741 0.028715897235358934 -0.015287262475451752 0.0074836808190625551 0.0044381166957690203 -0.031188024466415956 -0.01872651948169755 -0.00015226129879197328 -0.0062170883349884293 -0.0029581277834878784 0.0035087601551772075 -0.0087651432010096408
leaf_weight=144 46 39 689 215 9.9999999999999982 151 130 13.999999999999998 58 487 15.999999999999998 19 104 13.999999999999998
leaf_count=144 46 39 689 215 10 151 130 14 58 487 16 19 104 14
internal_value=0.00169944 0.00043058 0.00314629 0.00239337 -7.24636e-05 0.000685279 0.00079288 -0.000726257 -0.00152952 -0.000871559 -0.00136364 -0.000369127 0.00213376 -0.000660377
internal_weight=2136 1138 998 422 207 197 309 716 559 545 165 149 157 53
internal_count=2136 1138 998 422 207 197 309 716 559 545 165 149 157 53
is_linear=0
shrinkage=0.05


Tree=66
num_leaves=15
num_cat=0
split_feature=22 4 6 22 5 22 22 22 23 6 22 6 0 22
split_gain=1.62305 1.38118 1.36348 1.05039 1.14741 1.19778 0.688327 0.684208 2.79683 0.661598 0.625862 0.449252 0.859494 0.445681
threshold=0.90299113182541202 25.790000000000003 24.295000000000005 0.87962967011031401 739.99000000000012 0.89546819317495652 0.85392600138668617 0.31288844364721724 0.95499258812111987 13.005000000000001 0.72914769978834015 24.295000000000005 24.675000000000004 0.95338485815333007
decision_type=2 2 2 2 2 2 2 2 2 2 2 2 2 2
left_child=1 2 7 9 5 -5 -4 8 -1 -3 -11 -2 -13 -14
right_child=11 3 6 4 -6 -7 -8 -9 -10 10 -12 12 13 -15
leaf_value=-0.0070076840958352669 0.028742839513128511 0.032960000884634438 -0.00029974257594687448 -0.020613501159005117 0.042306045185148126 0.0014861822421596506 -0.014911643530341578 0.0347389910708552 0.0084828925896144099 -0.0030494325779555406 0.0017772637212308839 0.047527789887097292 0.0098040519542274638 -0.0030853865733501276
leaf_weight=9.9999999999999982 468 68 208 15.999999999999998 10.999999999999998 13.000000000000002 20 437 149 435 145 82 25 49
leaf_count=10 468 68 208 16 11 13 20 437 149 435 145 82 25 49
internal_value=0.00165262 0.000767196 0.00214806 -0.000886628 -0.00875 -0.0139655 -0.00114035 0.00340604 0.000597484 -0.000401234 -0.000948276 0.00379808 0.00147436 -0.00243243
internal_weight=2136 1512 824 688 40 29 228 596 159 648 580 624 156 74
internal_count=2136 1512 824 688 40 29 228 596 159 648 580 624 156 74
is_linear=0
shrinkage=0.05


Tree=67
num_leaves=15
num_cat=0
split_feature=0 5 23 5 0 1 1 23 1 23 0 7 23 23
split_gain=1.73536 1.13807 1.04234 0.819139 0.56583 0.962614 1.17819 0.737113 0.559905 0.729167 0.55586 0.477773 0.462069 0.461608
threshold=24.665000000000003 420.44500000000005 0.86545531305655499 679.98000000000013 26.585000000000004 67.685000000000016 65.915000000000006 0.18492372395086379 71.185000000000016 0.94975093725139803 22.195000000000004 92.320000000000007 0.73281578960684157 0.89014232404703397
decision_type=2 2 2 2 2 2 2 2 2 2 2 2 2 2
left_child=2 12 11 8 7 6 -6 -3 -4 -10 -5 -1 -2 -12
right_child=1 4 3 10 5 -7 -8 -9 9 -11 13 -13 -14 -15
leaf_value=0.044523284113512647 0.033707640039890678 0.013492135724291197 0.018064917306649518 0.042118152472099407 -0.0072567621558477513 0.0023310818606474219 -0.012747866186335281 -0.00073411210229541734 0.040805778978821261 -0.0026151895260079928 -0.020302264656577074 0.0087581647617103308 0.0012347433684016817 -0.0018011081875775907
leaf_weight=577 134 65 170 30 122 90 21 485 20 28 13.999999999999998 183 116 81
leaf_count=577 134 65 170 30 122 90 21 485 20 28 14 183 116 81
internal_value=0.00153558 6.29237e-05 0.00291478 0.000626822 -0.00087484 -0.00293991 -0.00548951 1.86265e-10 0.00247706 -0.00229167 -0.0026 0.00394737 0.003 -0.00447368
internal_weight=2136 1033 1103 343 783 233 143 550 218 48 125 760 250 95
internal_count=2136 1033 1103 343 783 233 143 550 218 48 125 760 250 95
is_linear=0
shrinkage=0.05


Tree=68
num_leaves=15
num_cat=0
split_feature=4 8 7 22 0 22 22 1 4 9 0 4 22 22
split_gain=1.72037 1.16267 1.03184 0.951454 1.1054 0.870626 1.7113 0.742204 0.601601 0.525974 0.51922 0.491639 0.452728 0.391516
threshold=26.385000000000002 17.745000000000005 49.140000000000008 0.9239481815140983 23.675000000000004 0.60124882823926262 0.58741554219704073 59.585000000000008 29.595000000000002 0.36000000000000004 26.705000000000002 20.500000000000004 0.32917936166072764 0.97938885712668811
decision_type=2 2 2 2 2 2 2 2 2 2 2 2 2 2
left_child=1 5 -2 4 -4 6 12 -3 -5 -10 -6 -9 -1 -13
right_child=2 7 3 8 10 -7 -8 11 9 -11 -12 13 -14 -15
leaf_value=0.00030913835561792089 0.025808494691574535 0.0090875288988346709 -0.0059942611088426344 0.011574287559239315 -0.00050025692619769431 0.045898625794824788 -0.018183735905614486 0.062144403605237902 0.0018464107002748365 -0.00044786410790076029 -0.0070267507480303226 -0.0086975375445016434 0.022294356511413371 0.015021676706285847
leaf_weight=214 81 51 10.999999999999998 153 347 659 14.999999999999998 24 14.000000000000002 10.999999999999998 160 158 212 26
leaf_count=214 81 51 11 153 347 659 15 24 14 11 160 158 212 26
internal_value=0.00153558 0.00260854 -0.000341055 -0.000962643 -0.00204633 0.00331818 0.00159864 -0.000405405 0.00219101 -0.005 -0.00170611 -0.00173077 0.0021831 -0.0026087
internal_weight=2136 1359 777 696 518 1100 441 259 178 25 507 208 426 184
internal_count=2136 1359 777 696 518 1100 441 259 178 25 507 208 426 184
is_linear=0
shrinkage=0.05


Tree=69
num_leaves=15
num_cat=0
split_feature=4 6 0 23 6 23 23 0 0 23 1 0 23 4
split_gain=1.71677 1.37527 1.19198 1.25 0.980241 0.934915 1.23905 1.17491 0.610701 1.03297 1.00274 0.592294 0.872727 0.455227
threshold=26.315000000000001 30.380000000000006 23.655000000000005 0.65881608208381881 13.005000000000001 0.94422823979932036 0.96462662938340349 23.475000000000005 27.640000000000004 0.38242094458159287 59.585000000000008 25.675000000000004 0.70897861563100306 20.500000000000004
decision_type=2 2 2 2 2 2 2 2 2 2 2 2 2 2
left_child=1 5 3 -2 -4 11 7 -7 9 -6 -10 -1 -13 -3
right_child=2 13 4 -5 8 6 -8 -9 10 -11 -12 12 -14 -15
leaf_value=0.03473782953074879 0.0095614979559706503 0.065150137843238351 0.026072861160450114 -0.0062366571567565813 0.012660890241029295 0.0082945398516117413 0.007596385336930603 -0.0049168569339934215 0.0037397956920227704 -0.00093995193431131458 -0.00798567545946916 0.021217660034568341 -0.023138927291172475 -0.0016949230747404032
leaf_weight=834 10.000000000000002 30 83 9.9999999999999982 154 15.999999999999998 160 37 29 456 66 12.000000000000002 9.9999999999999982 229
leaf_count=834 10 30 83 10 154 16 160 37 29 456 66 12 10 229
internal_value=0.00137172 0.00247741 -0.000445544 -0.0125 -0.000139594 0.00326941 0.000305164 -0.00632075 -0.000744681 -0.000163934 -0.00447368 0.00400701 -0.00409091 -0.000791506
internal_weight=2136 1328 808 20 788 1069 213 53 705 610 95 856 22 259
internal_count=2136 1328 808 20 788 1069 213 53 705 610 95 856 22 259
is_linear=0
shrinkage=0.05


Tree=70
num_leaves=15
num_cat=0
split_feature=5 0 22 22 22 4 22 22 0 4 22 22 22 5
split_gain=1.62968 1.08943 1.13092 1.25382 3.0845 0.783161 0.919834 0.757686 0.533048 0.555374 0.438718 0.49921 0.383297 0.320097
threshold=568.63000000000011 22.335000000000004 0.64166506163122816 0.58741554219704073 0.60124882823926262 24.550000000000001 0.74081089433267733 0.19653276579064646 24.255000000000006 22.995000000000001 0.12865578461947555 0.32917936166072764 0.88768027107944258 452.54500000000002
decision_type=2 2 2 2 2 2 2 2 2 2 2 2 2 2
left_child=5 -2 3 7 -5 -1 10 -3 12 -10 -7 -12 -4 -8
right_child=1 2 8 4 -6 6 13 -9 9 -11 11 -13 -14 -15
leaf_value=0.066315370488013684 0.046163594017400306 0.0031561665983237588 0.00079120715601759927 -0.077178618935933085 -0.0051573205462462635 0.028998429664596884 0.03441750955430297 -0.0055862828827819427 -0.0074352608092910057 0.00012641589315690605 -0.0020490077381868804 0.00046223897342301864 0.049839294836570944 0.00091145230024764542
leaf_weight=421 136 92 91 9.9999999999999982 31 38 217 256 12.999999999999998 330 91 207 109 94
leaf_count=421 136 92 91 10 31 38 217 256 13 330 91 207 109 94
internal_value=0.00146536 8.42698e-05 -0.000525751 -0.00258355 -0.0108537 0.00284644 0.00175425 -0.0016092 0.000948435 -0.000247813 -5.95236e-05 -0.000704698 0.003 0.00371383
internal_weight=2136 1068 932 389 41 1068 647 348 543 343 336 298 200 311
internal_count=2136 1068 932 389 41 1068 647 348 543 343 336 298 200 311
is_linear=0
shrinkage=0.05


Tree=71
num_leaves=15
num_cat=0
split_feature=4 6 0 22 22 7 6 22 22 6 4 4 1 4
split_gain=1.56233 1.15504 1.04072 0.964652 1.23905 1.42141 0.915135 0.909936 0.487542 0.41409 0.396554 0.364578 0.420272 0.352743
threshold=26.315000000000001 30.380000000000006 23.515000000000004 0.32917936166072764 0.26347957579725428 55.750000000000007 13.005000000000001 0.9239481815140983 0.86275003778655002 24.295000000000005 20.500000000000004 25.735000000000003 60.620000000000012 29.595000000000002
decision_type=2 2 2 2 2 2 2 2 2 2 2 2 2 2
left_child=1 3 -2 4 9 -6 -4 8 -8 -1 -3 -5 -13 -9
right_child=2 10 6 11 5 -7 7 13 -10 -11 -12 12 -14 -15
leaf_value=0.010588861031535484 -0.0034338982505688581 0.059584451250206422 0.024532222690217986 0.045564267760163896 -0.0097775341645213315 0.00027306494489918873 -0.00087715884085170235 0.010477575699583559 -0.0025595884141444932 -0.010152940333582704 -0.0021926737067701585 -0.0088271708142158567 0.013123323196276106 -0.00071536430818100482
leaf_weight=146 12.999999999999998 30 83 720 21 32 459 156 72 13.999999999999998 229 39 97 25
leaf_count=146 13 30 83 720 21 32 459 156 72 14 229 39 97 25
internal_value=0.00153558 0.00259036 -0.00019802 0.00331618 0.000305164 -0.00632075 3.14467e-05 -0.000547753 -0.00159134 0.0025 -0.000405405 0.00406542 0.00169118 0.00251381
internal_weight=2136 1328 808 1069 213 53 795 712 531 160 259 856 136 181
internal_count=2136 1328 808 1069 213 53 795 712 531 160 259 856 136 181
is_linear=0
shrinkage=0.05


Tree=72
num_leaves=15
num_cat=0
split_feature=4 22 6 6 22 22 7 1 4 3 22 22 22 4
split_gain=1.49548 1.07457 1.04531 0.96433 0.821884 1.81362 1.20499 0.789695 0.634252 0.917447 0.459895 0.844954 0.545355 0.394796
threshold=25.790000000000003 0.9239481815140983 24.295000000000005 13.005000000000001 0.31288844364721724 0.26347957579725428 55.750000000000007 59.585000000000008 28.965000000000003 60.000000000000007 0.8713187725699193 0.89546819317495652 0.7522548710148802 20.500000000000004
decision_type=2 2 2 2 2 2 2 2 2 2 2 2 2 2
left_child=2 3 4 -2 5 -1 -7 -4 -3 -10 12 -12 -5 -9
right_child=1 8 7 10 -6 6 -8 13 9 -11 11 -13 -14 -15
leaf_value=0.010246966546581443 0.02096417502070538 0.014719821317882249 0.011151930802849109 -0.0028821996900844304 0.0378091237476431 -0.011579565291256108 8.0549257612448942e-05 0.05049227426943375 -0.0016652604250483615 0.00079696270243129685 -0.011480301953117271 -3.0115128486471434e-05 0.0018681764297616395 -0.0043602921463568233
leaf_weight=126 75 201 67 454 687 15.999999999999998 17 24 25 22 34 44 114 230
leaf_count=126 75 201 67 454 687 16 17 24 25 22 34 44 114 230
internal_value=0.00139513 -5.67594e-05 0.00260069 -0.00103329 0.00352246 0.000283019 -0.0101515 0.00017134 0.00278226 -0.00244681 -0.00165635 -0.00525641 -0.00116197 -0.00110236
internal_weight=2136 969 1167 721 846 159 33 321 248 47 646 78 568 254
internal_count=2136 969 1167 721 846 159 33 321 248 47 646 78 568 254
is_linear=0
shrinkage=0.05


Tree=73
num_leaves=15
num_cat=0
split_feature=4 6 6 22 22 1 1 22 22 22 4 3 1 4
split_gain=1.4731 1.15051 0.94812 0.91301 0.696465 1.12437 0.926937 0.670663 1.09781 0.654166 0.59025 0.902132 0.420027 0.426136
threshold=25.445000000000004 30.380000000000006 13.005000000000001 0.9239481815140983 0.31288844364721724 70.365000000000009 71.465000000000018 0.8713187725699193 0.89546819317495652 0.72914769978834015 28.965000000000003 60.000000000000007 59.585000000000008 20.500000000000004
decision_type=2 2 2 2 2 2 2 2 2 2 2 2 2 2
left_child=1 4 -2 7 5 -1 -7 9 -9 -4 -5 -12 -3 -14
right_child=2 12 3 10 -6 6 -8 8 -10 -11 11 -13 13 -15
leaf_value=0.004355320723650454 0.028409405402948298 0.011008035263677857 -0.0027150203406890745 0.013711523357817713 0.047430635436720908 -0.013347703948750437 -0.00025947737282554706 -0.011303082801494375 2.702251153951195e-07 0.0022806661848063917 -0.0017399046920551617 0.00065348440572250775 0.047967660555962049 -0.0052358443082227771
leaf_weight=115 125 48 488 206 640 13.000000000000002 18 39 47 154 24 19 24 176
leaf_count=115 125 48 488 206 640 13 18 39 47 154 24 19 24 176
internal_value=0.00137172 0.00272727 9.98187e-05 -0.00042477 0.00366412 0.000547945 -0.00790323 -0.00131868 -0.00546512 -0.00076324 0.00218876 -0.00313953 -0.000241935 -0.00125
internal_weight=2136 1034 1102 977 786 146 31 728 86 642 249 43 248 200
internal_count=2136 1034 1102 977 786 146 31 728 86 642 249 43 248 200
is_linear=0
shrinkage=0.05


Tree=74
num_leaves=15
num_cat=0
split_feature=5 0 22 0 22 0 22 1 2 2 4 22 0 22
split_gain=1.65106 1.40567 0.927658 0.825466 0.641327 0.644355 0.731693 0.499293 0.505997 0.639698 0.437604 0.358761 0.195548 0.331731
threshold=452.54500000000002 24.255000000000006 0.70517752626968588 22.195000000000004 0.69287764045535594 23.405000000000005 0.66766646831012755 54.150000000000006 4.035000000000001 1.4700000000000002 25.790000000000003 0.32917936166072764 27.300000000000001 0.89546819317495652
decision_type=2 2 2 2 2 2 2 2 2 2 2 2 2 2
left_child=4 2 3 -2 5 -1 11 -3 9 -9 -5 -7 -6 -14
right_child=1 7 -4 10 12 6 -8 8 -10 -11 -12 -13 13 -15
leaf_value=0.073942162032986369 0.042164426969046903 0.0040269489568339955 0.030916497277941629 -4.2829810220867529e-05 0.057103043511811696 -0.0010080961735077758 -0.012838186295721074 -0.0011093158192923981 0.011527365356407441 -0.017832914955720224 -0.0034493387127037057 0.0080947148590214037 -0.00087679420526796308 0.017698256514110194
leaf_weight=106 80 46 309 152 384 114 11.999999999999998 648 29 19 52 146 15.999999999999998 23
leaf_count=106 80 46 309 152 384 114 12 648 29 19 52 146 16 23
internal_value=0.00139513 0.000318352 0.00213322 7.04227e-05 0.00318976 0.00169312 0.000404412 -0.00113208 -0.00146552 -0.00174663 -0.00161765 0.000961539 0.00452719 0.00115385
internal_weight=2136 1335 593 284 801 378 272 742 696 667 204 260 423 39
internal_count=2136 1335 593 284 801 378 272 742 696 667 204 260 423 39
is_linear=0
shrinkage=0.05


Tree=75
num_leaves=15
num_cat=0
split_feature=0 8 0 7 2 1 1 1 4 7 24 3 4 24
split_gain=1.59192 1.14517 0.653061 1.05183 0.431104 0.400408 0.517456 1.63333 0.708872 0.398001 0.357635 0.344324 0.49049 0.290044
threshold=23.275000000000002 11.040000000000001 25.675000000000004 49.140000000000008 0.35500000000000004 55.110000000000007 61.555000000000007 60.570000000000007 22.725000000000005 92.320000000000007 1.5000000000000002 36.000000000000007 20.500000000000004 1.5000000000000002
decision_type=2 2 2 2 2 2 2 2 2 2 2 2 2 2
left_child=9 2 13 -4 -5 -3 7 -7 -8 -1 11 -11 -13 -2
right_child=1 5 3 4 -6 6 8 -9 -10 10 -12 12 -14 -15
leaf_value=0.048467767267395892 0.00044837832375333071 0.0070817961643378294 0.018727566403409796 -0.0017985968362207898 0.0053765451671479933 -0.004683257643045273 -0.011069512347211227 -0.042838676814188036 0.00044473009448262046 0.02316599681010453 0.034581914569381061 0.048628344673496499 -0.0033883187802525895 0.016505098782845538
leaf_weight=396 213 51 78 259 23 108 48 20 370 12.999999999999998 88 9.9999999999999982 27 432
leaf_count=396 213 51 78 259 23 108 48 20 370 13 88 10 27 432
internal_value=0.00132491 0.000536829 0.00156716 -0.000138889 -0.00156028 -0.00119765 -0.00159341 -0.004375 -0.000741627 0.00368914 0.00137681 -0.002 -0.00445946 0.00251938
internal_weight=2136 1602 1005 360 282 597 546 128 418 534 138 50 37 645
internal_count=2136 1602 1005 360 282 597 546 128 418 534 138 50 37 645
is_linear=0
shrinkage=0.05


Tree=76
num_leaves=15
num_cat=0
split_feature=4 6 22 6 22 22 22 22 22 22 6 22 7 4
split_gain=1.62616 1.34869 1.0125 0.795823 0.605666 1.09781 0.936529 0.586792 1.15583 0.609999 0.549399 0.417471 0.703626 1.03349
threshold=25.445000000000004 24.295000000000005 0.9239481815140983 13.005000000000001 0.8713187725699193 0.89546819317495652 0.72914769978834015 0.8713187725699193 0.82594856731250699 0.64166506163122816 24.295000000000005 0.31288844364721724 55.750000000000007 23.765000000000004
decision_type=2 2 2 2 2 2 2 2 2 2 2 2 2 2
left_child=1 11 3 -2 6 -6 -5 8 9 -3 -4 12 13 -1
right_child=2 7 10 4 5 -7 -8 -9 -10 -11 -12 -13 -14 -15
leaf_value=0.089513027462367473 0.017184985009288473 -0.0033802330721729502 0.013568945817474854 -0.0026050572662546295 -0.011282617287368098 0.00018732564980094877 0.001504679304800373 0.015375941476363952 -0.020311938120241693 0.011391523674597453 -0.00058623852955005549 0.043832369085640838 0.0094801479016252133 -0.0059212477923606399
leaf_weight=24 93 130 222 488 39 47 154 100 19 53 59 595 80 33
leaf_count=24 93 130 222 488 39 47 154 100 19 53 59 595 80 33
internal_value=0.00125468 0.00267892 -8.16695e-05 -0.000968331 -0.00152473 -0.00546512 -0.000996885 -0.00013245 -0.00168317 -0.000464481 0.0025089 0.0038388 0.00135037 -0.00289474
internal_weight=2136 1034 1102 821 728 86 642 302 202 183 281 732 137 57
internal_count=2136 1034 1102 821 728 86 642 302 202 183 281 732 137 57
is_linear=0
shrinkage=0.05


Tree=77
num_leaves=15
num_cat=0
split_feature=4 6 6 22 22 22 4 22 22 22 22 22 22 1
split_gain=1.57315 1.0497 0.894211 0.781434 0.921125 1.97483 0.878671 0.640278 0.990993 0.59706 0.469291 0.773355 0.538498 0.371212
threshold=25.445000000000004 24.295000000000005 30.380000000000006 0.9239481815140983 0.87962967011031401 0.89546819317495652 29.595000000000002 0.31288844364721724 0.26347957579725428 0.16269055358644466 0.8713187725699193 0.82594856731250699 0.64166506163122816 60.475000000000001
decision_type=2 2 2 2 2 2 2 2 2 2 2 2 2 2
left_child=1 7 3 4 9 -6 -5 8 -1 -2 11 12 -3 -8
right_child=2 10 -4 6 5 -7 13 -9 -10 -11 -12 -13 -14 -15
leaf_value=0.012767921073318948 0.0057620594644393975 -0.0032112214185642976 -0.051673911351393903 0.01462869789590621 -0.013082070183793091 0.00031902528874238771 -0.00098505848239766416 0.041640750631358803 -0.004152678724458383 -0.00056557155285086628 0.014607144402545747 -0.019296341214229622 0.010821947490867572 0.0022727020739265395
leaf_weight=110 86 130 19 248 28 51 11.000000000000002 595 27 643 100 19 53 15.999999999999998
leaf_count=110 86 130 19 248 28 51 11 595 27 643 100 19 53 16
internal_value=0.00127809 0.00267892 -3.62975e-05 0.000152355 -0.000631188 -0.00575949 0.00245455 0.00370219 0.000620438 -7.54456e-05 0.000198676 -0.00118812 -0.000191257 -0.00611111
internal_weight=2136 1034 1102 1083 808 79 275 732 137 729 302 202 183 27
internal_count=2136 1034 1102 1083 808 79 275 732 137 729 302 202 183 27
is_linear=0
shrinkage=0.05


Tree=78
num_leaves=15
num_cat=0
split_feature=4 23 6 0 6 23 23 4 23 23 23 4 23 23
split_gain=1.80322 1.06035 0.9357 0.823003 0.650531 0.592202 0.789514 0.683761 0.623203 0.509152 0.600743 0.409412 0.36067 0.63268
threshold=26.315000000000001 0.72100388094302625 13.005000000000001 22.120000000000001 30.380000000000006 0.15101078994440373 0.21861778653020106 29.380000000000006 0.38242094458159287 0.98663965293901656 0.95995164131966326 28.965000000000003 0.20180061326459475 0.26866134250169732
decision_type=2 2 2 2 2 2 2 2 2 2 2 2 2 2
left_child=1 4 -2 -3 -1 11 7 -7 -8 10 -5 -4 -6 -14
right_child=2 3 5 9 12 6 8 -9 -10 -11 -12 -13 13 -15
leaf_value=0.04470453675740127 0.018679324442762629 0.048834261028140341 0.018665057163380242 0.00015543962021729354 0.013499144161518093 -0.0039449539159220831 0.0097061827916733526 -0.0014771363154108988 -0.0012503089670352573 0.029935515176729089 -0.0030305733083498994 -0.0011300228014162097 -0.0026701974758593437 0.0015051002834921699
leaf_weight=560 83 121 58 333 35 26 75 9.9999999999999982 539 78 99 17 11.999999999999998 90
leaf_count=560 83 121 58 333 35 26 75 10 539 78 99 17 12 90
internal_value=0.00123127 0.00236446 -0.000631188 0.000879556 0.00370875 -0.0012069 -0.00169231 -0.00888889 -0.00127036 1.86265e-10 -0.000671296 0.003 0.000620438 -0.000882353
internal_weight=2136 1328 808 631 697 725 650 36 614 510 432 75 137 102
internal_count=2136 1328 808 631 697 725 650 36 614 510 432 75 137 102
is_linear=0
shrinkage=0.05


Tree=79
num_leaves=15
num_cat=0
split_feature=4 6 23 4 10 23 23 9 6 1 23 4 10 1
split_gain=1.62265 1.07678 0.911527 1.07654 0.9984 0.913642 2.16288 1.09872 0.689459 0.551802 0.518963 0.659008 0.445157 0.420027
threshold=25.445000000000004 30.380000000000006 0.38242094458159287 28.965000000000003 0.33810000000000007 0.47558139622940165 0.44504239796885176 0.24500000000000002 13.005000000000001 61.635000000000012 0.72100388094302625 23.765000000000004 -0.013599999999999998 59.585000000000008
decision_type=2 2 2 2 2 2 2 2 2 2 2 2 2 2
left_child=1 10 3 -2 -5 6 12 -8 -7 -10 -1 -12 -4 -3
right_child=2 13 5 4 -6 8 7 -9 9 -11 11 -13 -14 -15
leaf_value=0.068633393208717156 0.01330266077856089 0.010667749161399672 0.038531103831135172 0.00053444385361542043 -0.0017588013341520187 0.019491623273532127 -1.4725689486416727e-05 -0.014447033021447373 -0.0045245728071793756 6.5053219463860742e-07 0.053760958823179383 0.00016839092158387348 -0.00086977929843736932 -0.0028915317523359792
leaf_weight=413 234 48 25 28 19 85 11.000000000000002 19 203 451 155 218 27 200
leaf_count=413 234 48 25 28 19 85 11 19 203 451 155 218 27 200
internal_value=0.00120787 0.00263056 -0.000127042 0.00233096 -0.00457447 -0.000968331 -0.00597561 -0.0166667 -0.00041272 -0.000963303 0.0035369 0.00218499 0.000192308 -0.000241935
internal_weight=2136 1034 1102 281 47 821 82 30 739 654 786 373 52 248
internal_count=2136 1034 1102 281 47 821 82 30 739 654 786 373 52 248
is_linear=0
shrinkage=0.05


Tree=80
num_leaves=15
num_cat=0
split_feature=0 5 22 22 22 0 22 0 22 1 22 22 0 22
split_gain=1.80866 1.39745 0.895217 0.801561 0.54351 0.51473 0.445763 0.957414 0.725866 0.398469 0.20608 0.629178 0.160549 0.341513
threshold=22.985000000000003 452.54500000000002 0.69287764045535594 0.9884946951290402 0.66766646831012755 27.365000000000006 0.97186771644114334 25.025000000000002 0.93038971866793763 61.215000000000011 0.28003368959032676 0.21336913576298863 25.505000000000006 0.89546819317495652
decision_type=2 2 2 2 2 2 2 2 2 2 2 2 2 2
left_child=10 2 4 6 9 -5 8 -8 -3 -2 11 -1 -4 -14
right_child=1 3 12 5 -6 -7 7 -9 -10 -11 -12 -13 13 -15
leaf_value=0.025825464332483273 -0.0018029205102320343 -0.0011150663638811269 0.068061189257088386 0.018808988689603606 -0.010594259038574524 -0.00056186781455627233 0.0077831520325374924 -0.0060868542354103978 0.0084471063723080241 0.005566156670674326 0.048441298213976004 -0.001869051298081674 0.00019148077136660097 0.036884670623908052
leaf_weight=59 95 799 199 102 13.999999999999998 13.999999999999998 34 30 92 191 356 17 59 75
leaf_count=59 95 799 199 102 14 14 34 30 92 191 356 17 59 75
internal_value=0.00118446 0.000451878 0.00231438 -0.000648926 0.000333334 0.00327586 -0.00112565 -0.00515625 -0.000836139 0.000804196 0.00407407 0.00171053 0.0040991 0.00276119
internal_weight=2136 1704 633 1071 300 116 955 64 891 286 432 76 333 134
internal_count=2136 1704 633 1071 300 116 955 64 891 286 432 76 333 134
is_linear=0
shrinkage=0.05


Tree=81
num_leaves=15
num_cat=0
split_feature=22 22 4 9 0 6 22 4 11 22 0 4 22 10
split_gain=1.47945 1.96272 1.51667 1.33092 1.23137 1.23213 0.868665 0.858588 0.694708 0.38412 0.273477 0.433509 0.378788 0.266701
threshold=0.89546819317495652 0.87962967011031401 25.035000000000004 0.36000000000000004 22.120000000000001 16.055000000000003 0.21336913576298863 28.215000000000003 -0.94719999999999993 0.72914769978834015 24.355000000000004 24.550000000000001 0.97938885712668811 0.65755000000000019
decision_type=2 2 2 2 2 2 2 2 2 2 2 2 2 2
left_child=1 4 -3 -4 -1 9 -7 10 -9 -6 -2 12 -12 -10
right_child=7 2 3 -5 5 6 -8 8 13 -11 11 -13 -14 -15
leaf_value=0.047740160487453345 0.054748566032712553 0.02660239319719096 -0.0092384070195987641 -0.013668928052180949 0.0010911399982377673 0.0036427365501283874 -0.0018368677418764403 0.0036415423017937087 -0.00068945576981177537 0.018556159151942322 -0.002202304929711451 0.01319555748302487 0.032864363370004326 -0.0028518733701189806
leaf_weight=169 304 12.999999999999998 15.999999999999998 19 355 130 664 32 54 122 22 212 10.999999999999998 12.999999999999998
leaf_count=169 304 13 16 19 355 130 664 32 54 122 22 212 11 13
internal_value=0.00123127 0.000362903 -0.00958333 -0.015 0.000694445 0.000161291 -0.00104534 0.00322531 -0.00106061 0.00216981 0.00399818 0.0027551 -0.00257576 -0.00395522
internal_weight=2136 1488 48 35 1440 1271 794 648 99 477 549 245 33 67
internal_count=2136 1488 48 35 1440 1271 794 648 99 477 549 245 33 67
is_linear=0
shrinkage=0.05


Tree=82
num_leaves=15
num_cat=0
split_feature=0 23 23 5 5 10 5 0 0 23 4 23 21 6
split_gain=1.64113 1.42723 1.18763 1.03723 1.1798 0.829986 0.635747 0.967699 0.629168 0.584277 0.551815 0.864205 0.344493 0.30853
threshold=23.245000000000001 0.42957308670649791 0.47558139622940165 739.99000000000012 452.54500000000002 -0.10059999999999999 452.54500000000002 25.025000000000002 26.005000000000006 0.93842613001991437 25.485000000000003 0.86545531305655499 15373.250000000002 24.295000000000005
decision_type=2 2 2 2 2 2 2 2 2 2 2 2 2 2
left_child=10 6 3 4 -3 9 -2 -8 -7 -4 13 -12 -9 -1
right_child=1 2 5 -5 -6 8 7 12 -10 -11 11 -13 -14 -15
leaf_value=0.045586340459846789 0.053284648204369151 -2.6551938674604371e-05 0.005195202152387543 0.014415399886051485 -0.013002676307070311 -0.0003127452805215215 0.025274595828170366 -0.0012373471981966303 -0.0071068713142443916 -0.00091383138420297698 0.023926121305596251 -0.019761347690901279 0.0056842454544474381 0.016670067690132833
leaf_weight=357 175 21 287 12.999999999999998 26 488 153 122 180 126 22 9.9999999999999982 29 127
leaf_count=357 175 21 287 13 26 488 153 122 180 126 22 10 29 127
internal_value=0.00109082 0.000308642 -0.000652936 -0.0075 -0.0109574 -0.000272895 0.00259917 0.00121711 -0.00136228 0.0014891 0.00354651 -0.0028125 -0.00162252 0.00396694
internal_weight=2136 1620 1141 60 47 1081 479 304 668 413 516 32 151 484
internal_count=2136 1620 1141 60 47 1081 479 304 668 413 516 32 151 484
is_linear=0
shrinkage=0.05


Tree=83
num_leaves=15
num_cat=0
split_feature=0 6 22 22 20 0 0 22 22 22 6 22 0 0
split_gain=1.58487 1.27081 0.895404 1.59897 1.07156 0.973246 0.616783 0.607002 0.339511 0.797616 0.337659 0.419888 0.368408 0.360119
threshold=22.985000000000003 14.790000000000001 0.89546819317495652 0.87962967011031401 2371.8400000000006 25.825000000000003 26.025000000000002 0.21336913576298863 0.31288844364721724 0.26347957579725428 24.295000000000005 0.60124882823926262 22.120000000000001 22.555000000000003
decision_type=2 2 2 2 2 2 2 2 2 2 2 2 2 2
left_child=10 8 3 7 -5 -4 -7 -3 9 -2 -1 12 -12 -14
right_child=1 2 5 4 -6 6 -8 -9 -10 -11 11 -13 13 -15
leaf_value=0.045510407199257787 0.0052198774088419303 0.0027923804466891368 0.016516436981226682 0.0022249119232024988 -0.015911071840298704 -0.0068329062686797414 -0.00014741569877834283 -0.0012273157879038753 0.01738677936099246 -0.0048711019331547992 0.043938197771910048 0.03133238563707523 -0.0028271833965081042 0.015053388386178562
leaf_weight=317 61 131 271 10.999999999999998 21 20 110 722 340 17 23 64 16.000000000000004 11.999999999999998
leaf_count=317 61 131 271 11 21 20 110 722 340 17 23 64 16 12
internal_value=0.00113764 0.000451878 -0.000326594 -0.00121469 -0.0121875 0.00163342 -0.00192308 -0.000803048 0.00284689 -0.000128205 0.00384259 0.00152174 -0.00186274 -0.00571429
internal_weight=2136 1704 1286 885 32 401 130 853 418 78 432 115 51 28
internal_count=2136 1704 1286 885 32 401 130 853 418 78 432 115 51 28
is_linear=0
shrinkage=0.05


Tree=84
num_leaves=15
num_cat=0
split_feature=0 22 22 20 7 0 22 0 20 4 22 0 0 6
split_gain=1.83422 1.15236 1.46039 1.02471 0.896219 1.27842 0.842507 0.835315 0.792559 0.551815 0.864205 0.399889 0.366431 0.30853
threshold=23.245000000000001 0.90299113182541202 0.87962967011031401 2371.8400000000006 68.540000000000006 24.675000000000004 0.16269055358644466 25.755000000000006 16775.780000000002 25.485000000000003 0.53038584004487344 27.125000000000004 29.020000000000003 24.295000000000005
decision_type=2 2 2 2 2 2 2 2 2 2 2 2 2 2
left_child=9 2 6 -4 12 -6 -2 -5 -8 13 -11 -7 -3 -1
right_child=1 4 3 7 5 11 8 -9 -10 10 -12 -13 -14 -15
leaf_value=0.041501934331133687 0.0082178144681333883 0.037103622206549496 0.0046858312523649888 -0.011556988899701861 0.024793138736258796 -0.0012173253107630524 -0.0011080289145320445 -0.0027880286992662184 0.0027979993100509873 -0.018711914516961022 0.020454294880353562 -0.0020899766112658959 -0.00027145561339863569 0.015596463426095783
leaf_weight=357 116 227 17 26 97 109 724 17 241 9.9999999999999982 22 36 9.9999999999999982 127
leaf_count=357 116 227 17 26 97 109 724 17 241 10 22 36 10 127
internal_value=0.000950375 0.000123457 -0.000740578 -0.00833333 0.00218163 4.13225e-05 -0.000319149 -0.0124419 -0.000803109 0.00354651 -0.0028125 -0.00293103 0.00436709 0.00396694
internal_weight=2136 1620 1141 60 479 242 1081 43 965 516 32 145 237 484
internal_count=2136 1620 1141 60 479 242 1081 43 965 516 32 145 237 484
is_linear=0
shrinkage=0.05


Tree=85
num_leaves=15
num_cat=0
split_feature=5 22 22 22 5 22 22 1 5 2 2 1 22 22
split_gain=1.56604 0.677424 0.642157 1.0519 2.13333 0.452196 0.695473 0.814862 0.59465 0.349679 0.945241 0.331373 0.307753 0.628571
threshold=452.54500000000002 0.70517752626968588 0.90299113182541202 0.87962967011031401 739.99000000000012 0.16269055358644466 0.31288844364721724 57.925000000000004 380.89500000000004 4.035000000000001 1.4700000000000002 63.220000000000006 0.97186771644114334 0.98271523713537257
decision_type=2 2 2 2 2 2 2 2 2 2 2 2 2 2
left_child=1 5 3 9 11 -1 7 -7 -8 10 -2 -5 -4 -14
right_child=2 -3 12 4 -6 6 8 -9 -10 -11 -12 -13 13 -15
leaf_value=0.039518471984162307 -0.00024263568427522987 0.034685217349597258 0.0087922685517494558 -0.018057306700808063 0.020082071636772364 -0.010269605225189682 -0.00067104796066194076 -0.002234340379281493 0.013859973446165699 0.004667963417987731 -0.010596621926795976 -0.0055490120911676349 -0.0043540049747912077 0.010349368292798882
leaf_weight=63 850 414 180 17.000000000000004 18 15.999999999999998 81 65 162 28 22 9.9999999999999982 45 165
leaf_count=63 850 414 180 17 18 16 81 65 162 28 22 10 45 165
internal_value=0.00088015 0.00262797 -0.000168539 -0.000873016 -0.00833333 0.00112403 0.000370371 -0.00364198 0.00170782 -0.0005 -0.000676605 -0.0172222 0.00153846 0.000238095
internal_weight=2136 801 1335 945 45 387 324 81 243 900 872 27 390 210
internal_count=2136 801 1335 945 45 387 324 81 243 900 872 27 390 210
is_linear=0
shrinkage=0.05


Tree=86
num_leaves=15
num_cat=0
split_feature=4 6 6 22 22 9 4 1 1 6 22 22 22 22
split_gain=1.98329 1.39962 1.1353 0.592207 1.88877 1.65183 1.05582 1.03807 0.599289 0.55537 0.532751 0.551333 0.51566 0.3556
threshold=25.375000000000004 24.295000000000005 13.005000000000001 0.89546819317495652 0.87962967011031401 0.24500000000000002 28.870000000000001 74.860000000000014 61.635000000000012 24.295000000000005 0.97938885712668811 0.96767518139081532 0.8713187725699193 0.60124882823926262
decision_type=2 2 2 2 2 2 2 2 2 2 2 2 2 2
left_child=1 13 -2 4 8 -6 9 -8 -4 -5 11 12 -3 -1
right_child=2 10 3 6 5 -7 7 -9 -10 -11 -12 -13 -14 -15
leaf_value=0.0066033143780639073 0.018705071911498408 -0.0033682030720515611 -0.003578324510928823 0.0095618071728081847 0.0023662236524464642 -0.011870202054322515 -0.0013004505915661 -0.0015810821991045006 -0.00023791440835152166 -0.00083162490345188805 0.024749616970228386 -0.0049410859341983519 0.01261580741409541 0.050782982086535755
leaf_weight=283 130 198 209 191 11.000000000000002 17 48 9.9999999999999982 464 55 40 11.999999999999998 48 420
leaf_count=283 130 198 209 191 11 17 48 10 464 55 40 12 48 420
internal_value=0.00088015 0.0025025 -0.000550661 -0.0011194 -0.00191869 -0.0146429 0.000723684 -0.00534483 -0.0013893 0.00215447 -0.000369127 -0.00120155 -0.000691057 0.00371977
internal_weight=2136 1001 1135 1005 701 28 304 58 673 246 298 258 246 703
internal_count=2136 1001 1135 1005 701 28 304 58 673 246 298 258 246 703
is_linear=0
shrinkage=0.05


Tree=87
num_leaves=15
num_cat=0
split_feature=0 7 22 22 0 0 0 22 22 0 22 6 22 1
split_gain=1.90264 1.23333 0.953286 1.20424 0.872727 0.629587 1.69905 0.865443 1.08753 0.647032 0.584507 0.436874 0.714073 0.365758
threshold=22.985000000000003 62.400000000000006 0.89546819317495652 0.8713187725699193 25.275000000000002 25.985000000000003 26.025000000000002 0.91024686087223017 0.87962967011031401 24.675000000000004 0.70517752626968588 24.295000000000005 0.28003368959032676 59.980000000000011
decision_type=2 2 2 2 2 2 2 2 2 2 2 2 2 2
left_child=11 2 3 10 -5 7 -7 8 -3 -9 -2 -1 -13 -8
right_child=1 5 -4 4 -6 6 13 9 -10 -11 -12 12 -14 -15
leaf_value=0.040108977927988378 -9.7595030099636152e-05 -0.00045965798076151885 0.045100133123028359 0.0019954254703270346 -0.005459343941768279 -0.0091854718843479757 0.00025171962266473772 0.026024252778322141 -0.010242755321063352 -0.0014128409508307148 0.023080266904072472 -0.0026765135411103034 0.019207967717276276 -0.0051220731329900231
leaf_weight=317 307 525 189 10.000000000000002 11.999999999999998 10.999999999999998 72 131 38 83 115 20 95 211
leaf_count=317 307 525 189 10 12 11 72 131 38 83 115 20 95 211
internal_value=0.000763109 1.17373e-05 0.00176145 0.000495496 -0.0109091 -0.00102241 -0.0029932 -0.000276705 -0.00130551 0.00242991 0.00109005 0.00372685 0.00108696 -0.00224382
internal_weight=2136 1704 633 444 22 1071 294 777 563 214 422 432 115 283
internal_count=2136 1704 633 444 22 1071 294 777 563 214 422 432 115 283
is_linear=0
shrinkage=0.05


Tree=88
num_leaves=15
num_cat=0
split_feature=0 23 23 4 1 10 5 7 0 7 23 0 0 7
split_gain=1.81191 1.32856 2.81568 0.815335 0.679404 0.675 0.648214 0.641683 0.668476 0.640064 0.693847 0.611913 0.549072 0.337659
threshold=22.985000000000003 0.44504239796885176 0.47558139622940165 28.870000000000001 74.860000000000014 -0.29389999999999994 568.63000000000011 92.320000000000007 24.675000000000004 49.140000000000008 0.94975093725139803 25.985000000000003 27.755000000000006 92.320000000000007
decision_type=2 2 2 2 2 2 2 2 2 2 2 2 2 2
left_child=13 3 5 7 12 -3 -7 -2 -9 10 -4 -11 -5 -1
right_child=1 2 9 4 -6 6 -8 8 -10 11 -12 -13 -14 -15
leaf_value=0.038103529031588958 0.018652936550836535 -0.015961884564060141 0.032746370715919258 0.019345769364855825 -0.0012644705909233317 -0.0063158245494435482 -0.008035756059314789 0.021404540167839676 -0.001964401973270568 3.1054016949096672e-05 -0.0026819349788868969 -0.0052987348068053736 -0.0035525245351512714 0.013783614788091179
leaf_weight=317 344 9.9999999999999982 104 23 9.9999999999999982 16.000000000000004 13.999999999999998 52 64 736 38 264 29 115
leaf_count=317 344 10 104 23 10 16 14 52 64 736 38 264 29 115
internal_value=0.000950375 0.000217136 -0.00071066 0.00231801 -0.00306452 -0.01375 -0.01 0.00304348 -0.000172414 -0.00025394 0.00288732 -0.0007 -0.000769231 0.00384259
internal_weight=2136 1704 1182 522 62 40 30 460 116 1142 142 1000 52 432
internal_count=2136 1704 1182 522 62 40 30 460 116 1142 142 1000 52 432
is_linear=0
shrinkage=0.05


Tree=89
num_leaves=15
num_cat=0
split_feature=0 5 22 22 22 0 2 2 5 6 22 4 22 4
split_gain=1.72658 0.997621 0.791231 0.791257 0.584507 0.54697 0.519642 0.518702 0.842561 0.436874 0.714073 0.45 0.417241 0.312169
threshold=22.985000000000003 452.54500000000002 0.89546819317495652 0.8713187725699193 0.70517752626968588 25.275000000000002 4.035000000000001 1.4700000000000002 739.99000000000012 24.295000000000005 0.28003368959032676 21.005000000000006 0.16269055358644466 28.595000000000002
decision_type=2 2 2 2 2 2 2 2 2 2 2 2 2 2
left_child=9 2 3 4 -2 -5 7 12 -9 -1 11 -11 -3 -4
right_child=1 6 13 5 -6 -7 -8 8 -10 10 -12 -13 -14 -15
leaf_value=0.036198352580009516 6.8068069272923568e-06 0.0028302550410772339 0.045872347060643665 0.0022114454242828608 0.021049837456669645 -0.0048223552092290269 0.0065239060367114788 -0.0012458341427167429 -0.029132233417794223 0.042914663452488372 0.01755838859200792 -0.0051497283308645841 -0.00079146230410966913 -0.00055726519049740034
leaf_weight=317 307 72 177 10.000000000000002 115 11.999999999999998 38 19 13.999999999999998 10.000000000000002 95 9.9999999999999982 928 11.999999999999998
leaf_count=317 307 72 177 10 115 12 38 19 14 10 95 10 928 12
internal_value=0.000903558 0.000187794 0.00176145 0.000608108 0.00109005 -0.00863636 -0.000742297 -0.000953533 -0.00712121 0.00372685 0.00108696 -0.0075 -0.00075 0.0044709
internal_weight=2136 1704 633 444 422 22 1071 1033 33 432 115 20 1000 189
internal_count=2136 1704 633 444 422 22 1071 1033 33 432 115 20 1000 189
is_linear=0
shrinkage=0.05


Tree=90
num_leaves=15
num_cat=0
split_feature=0 22 22 5 22 4 6 22 22 0 6 22 4 5
split_gain=1.6698 0.972452 1.42404 1.09546 1.1358 0.965662 0.710615 0.66291 0.866734 0.503757 0.436874 0.714073 0.45 0.407788
threshold=22.985000000000003 0.90299113182541202 0.87962967011031401 739.99000000000012 0.89546819317495652 27.225000000000005 30.380000000000006 0.16269055358644466 0.7522548710148802 24.355000000000004 24.295000000000005 0.28003368959032676 21.005000000000006 842.19500000000005
decision_type=2 2 2 2 2 2 2 2 2 2 2 2 2 2
left_child=10 2 7 4 -4 6 -3 13 -9 -8 -1 12 -12 -2
right_child=1 5 3 -5 -6 -7 9 8 -10 -11 11 -13 -14 -15
leaf_value=0.034388434951009038 0.011842787649531228 0.029595846082652449 -0.011716870666283283 0.012869961977882908 -0.00014017749146274733 -0.00070514558572081474 0.042797193166761921 -0.0013870565120946226 0.0029686223034101353 -0.0017607928960311605 0.04076893027986396 0.016680469162407525 -0.0048922419143213663 -0.0012283937793394215
leaf_weight=317 105 282 32 12.999999999999998 17 153 22 769 251 43 10.000000000000002 95 9.9999999999999982 17
leaf_count=317 105 282 32 13 17 153 22 769 251 43 10 95 10 17
internal_value=0.000950375 0.000246479 -0.000523256 -0.00790323 -0.0113265 0.0021 0.00355908 -0.000122592 -0.000539215 -0.00115385 0.00372685 0.00108696 -0.0075 0.00336066
internal_weight=2136 1704 1204 62 49 500 347 1142 1020 65 432 115 20 122
internal_count=2136 1704 1204 62 49 500 347 1142 1020 65 432 115 20 122
is_linear=0
shrinkage=0.05


Tree=91
num_leaves=15
num_cat=0
split_feature=0 23 23 4 23 6 6 23 0 0 6 23 4 9
split_gain=1.72658 1.03501 1.39216 0.965662 0.952786 0.710615 0.622346 0.693847 0.536919 0.503757 0.436874 0.714073 0.45 0.429154
threshold=22.985000000000003 0.42957308670649791 0.47558139622940165 27.225000000000005 0.44504239796885176 30.380000000000006 13.005000000000001 0.94975093725139803 25.615000000000006 24.355000000000004 24.295000000000005 0.95995164131966326 21.005000000000006 0.39500000000000007
decision_type=2 2 2 2 2 2 2 2 2 2 2 2 2 2
left_child=10 3 4 5 -3 -2 7 -4 -8 -7 -1 -12 -13 -6
right_child=1 2 6 -5 13 9 8 -9 -10 -11 11 12 -14 -15
leaf_value=0.032669013203458594 0.02811605377851983 0.00038168870110739039 0.030797083828490768 -0.00066988830643477197 -0.011761719122024639 0.040657333508423828 0.0001479478076392327 -0.0024788257446841937 -0.0044394572799371203 -0.0016727532512295863 0.015846445704287143 0.038730483765870773 -0.0046476298186052976 -0.0020089565920719879
leaf_weight=317 282 22 104 153 29 22 655 38 345 43 95 10.000000000000002 9.9999999999999982 10.999999999999998
leaf_count=317 282 22 104 153 29 22 655 38 345 43 95 10 10 11
internal_value=0.000903558 0.000187794 -0.000606312 0.0021 -0.00790323 0.00355908 -0.000210157 0.00288732 -0.00065 -0.00115385 0.00372685 0.00108696 -0.0075 -0.0125
internal_weight=2136 1704 1204 500 62 347 1142 142 1000 65 432 115 20 40
internal_count=2136 1704 1204 500 62 347 1142 142 1000 65 432 115 20 40
is_linear=0
shrinkage=0.05


Tree=92
num_leaves=15
num_cat=0
split_feature=4 6 22 22 5 22 4 22 4 6 22 1 22 1
split_gain=1.29427 1.32826 0.850581 1.77059 1.24675 1.20711 1.04575 0.965116 0.608784 0.561415 0.438012 0.538834 0.398849 0.389421
threshold=24.475000000000005 30.380000000000006 0.90299113182541202 0.87962967011031401 739.99000000000012 0.89546819317495652 27.225000000000005 0.7522548710148802 24.585000000000004 30.380000000000006 0.26347957579725428 75.685000000000016 0.97938885712668811 57.760000000000005
decision_type=2 2 2 2 2 2 2 2 2 2 2 2 2 2
left_child=1 -1 3 7 5 -5 9 8 -2 -4 -3 12 -12 -9
right_child=2 10 6 4 -6 -7 -8 13 -10 -11 11 -13 -14 -15
leaf_value=0.032844072341081415 -0.0065902057991126459 0.014621587913453075 0.025525292901281832 -0.011173633165923409 0.030548007891487341 -0.00034786894282968551 -0.00063639389111302773 -0.0011328706798054624 -0.00071588260842642647 -0.00034761812874537141 -0.0029156688636351015 -0.019444771835622293 0.033149155750944445 0.0055722391059585905
leaf_weight=491 15.999999999999998 31 241 29 11.999999999999998 14.999999999999998 153 25 737 13.999999999999998 149 11.999999999999998 26 185
leaf_count=491 16 31 241 29 12 15 153 25 737 14 149 12 26 185
internal_value=0.000997191 0.0027433 0.000129643 -0.000642787 -0.00928571 -0.0131818 0.00205882 -0.000140187 -0.000976095 0.00401961 -0.000504587 -0.00141711 -0.000714286 0.00285714
internal_weight=2136 709 1427 1019 56 44 408 963 753 255 218 187 175 210
internal_count=2136 709 1427 1019 56 44 408 963 753 255 218 187 175 210
is_linear=0
shrinkage=0.05


Tree=93
num_leaves=15
num_cat=0
split_feature=0 5 22 22 0 22 22 22 5 0 22 22 4 9
split_gain=1.61396 1.26529 0.617456 0.870246 0.54697 0.422434 0.414535 1.25479 1.73333 1.22526 0.409588 0.988596 1.06667 0.36724
threshold=22.985000000000003 452.54500000000002 0.89546819317495652 0.8713187725699193 25.275000000000002 0.74081089433267733 0.90299113182541202 0.87962967011031401 739.99000000000012 24.605000000000004 0.28003368959032676 0.16269055358644466 23.965000000000003 0.36000000000000004
decision_type=2 2 2 2 2 2 2 2 2 2 2 2 2 2
left_child=10 2 3 5 -5 -2 7 -3 -9 -8 11 -1 -13 -11
right_child=1 6 -4 4 -6 -7 9 8 -10 13 -12 12 -14 -15
leaf_value=0.027099663712408656 0.00014342133897469374 -0.00071948031679315951 0.03717420930396409 0.0038334843007802838 -0.0028973901216987792 0.029151677293801664 0.021988911229535724 -0.010851073969431059 0.011038522301898333 0.00052207537379581265 0.028187264512035872 0.029376454058613256 -0.011894050152638664 -0.0013505652394888762
leaf_weight=46 326 712 189 10.000000000000002 11.999999999999998 96 126 27 12.999999999999998 75 356 20.000000000000004 9.9999999999999982 118
leaf_count=46 326 712 189 10 12 96 126 27 13 75 356 20 10 118
internal_value=0.000997191 0.000305164 0.00207741 0.00105856 -0.00863636 0.00156398 -0.000742297 -0.00138298 -0.01 0.000768025 0.00372685 0.000394737 -0.00666667 -0.00173575
internal_weight=2136 1704 633 444 22 422 1071 752 40 319 432 76 30 193
internal_count=2136 1704 633 444 22 422 1071 752 40 319 432 76 30 193
is_linear=0
shrinkage=0.05


Tree=94
num_leaves=15
num_cat=0
split_feature=0 22 0 22 4 22 8 22 0 8 22 22 10 4
split_gain=1.4575 1.20873 1.32587 0.914492 1.3028 1.14872 0.841965 0.556055 0.544192 0.820599 0.46972 0.412831 0.349281 0.0355157
threshold=22.120000000000001 0.91024686087223017 27.365000000000006 0.87962967011031401 25.035000000000004 0.89546819317495652 9.8600000000000012 0.74081089433267733 24.355000000000004 14.340000000000002 0.94244501643309719 0.5009122898073749 1.0000000180025095e-35 24.085000000000004
decision_type=2 2 2 2 2 2 2 2 2 2 2 2 2 2
left_child=13 3 8 6 -5 -6 7 -2 -3 -10 -4 -8 -12 -1
right_child=1 2 10 4 5 -7 11 -9 9 -11 12 -13 -14 -15
leaf_value=0.05114873654261342 0.00014304269068334533 0.036660401889421594 0.0042190993781676114 0.01867259670707851 -0.0082579976091714316 -6.4094599524189719e-05 -0.0042503975467693984 0.017819536220495012 0.0081267659629866342 -0.0016767918689755035 -0.0016705798097072515 -6.7115530195201555e-05 -0.0016266757854457527 0.0045759497330441308
leaf_weight=198 479 241 9.9999999999999982 23 35 30 296 150 188 69 29 346 17 25
leaf_count=198 479 241 10 23 35 30 296 150 188 69 29 346 17 25
internal_value=0.000950375 0.000504443 0.00247292 -0.000298013 -0.00522727 -0.00884615 4.32732e-05 0.0013434 0.00329317 0.00169261 -0.00482143 -0.00123053 -0.00695652 0.00477578
internal_weight=2136 1913 554 1359 88 65 1271 629 498 257 56 642 46 223
internal_count=2136 1913 554 1359 88 65 1271 629 498 257 56 642 46 223
is_linear=0
shrinkage=0.05


Tree=95
num_leaves=15
num_cat=0
split_feature=0 22 0 6 5 22 4 22 2 2 1 1 10 6
split_gain=1.47615 1.11606 1.05459 0.922868 0.869694 0.64408 0.615252 0.78125 0.43895 0.415923 0.348165 0.737335 0.630387 0.232467
threshold=25.595000000000002 0.90299113182541202 22.120000000000001 13.005000000000001 568.63000000000011 0.84484927454466385 27.225000000000005 0.97938885712668811 4.035000000000001 0.115 67.685000000000016 67.040000000000006 0.33810000000000007 30.380000000000006
decision_type=2 2 2 2 2 2 2 2 2 2 2 2 2 2
left_child=1 2 -1 -2 9 -6 13 -8 10 -4 11 -5 -12 -3
right_child=3 6 4 8 5 -7 7 -9 -10 -11 12 -13 -14 -15
leaf_value=0.028589858047188721 0.010082492424491132 0.030764042230097478 0.0055196604764048904 -0.0025653713452293316 -0.00050264256626861618 -0.010013681586217857 0.01764693668141638 -0.0055986071566366223 0.010025852212723153 -0.001721521115465547 0.000360450749192403 -0.015976692364832724 -0.0029371576503243236 0.021641003032802728
leaf_weight=175 82 353 420 285 411 46 15.999999999999998 15.999999999999998 22 27 152 15.999999999999998 60 55
leaf_count=175 82 353 420 285 411 46 16 16 22 27 152 16 60 55
internal_value=0.000903558 0.00174128 0.000875811 -0.00115883 0.000188053 -0.00134573 0.00386364 -0.0028125 -0.00191589 0.00175615 -0.00221248 -0.00330565 -0.000660377 0.00438725
internal_weight=2136 1519 1079 617 904 457 440 32 535 447 513 301 212 408
internal_count=2136 1519 1079 617 904 457 440 32 535 447 513 301 212 408
is_linear=0
shrinkage=0.05


Tree=96
num_leaves=15
num_cat=0
split_feature=0 23 0 23 4 5 0 4 1 1 1 0 1 10
split_gain=1.22673 1.44354 1.1007 1.07243 1.001 0.712785 0.705239 0.689663 0.688095 1.37297 0.801515 0.664258 0.921818 0.393469
threshold=27.300000000000001 0.44504239796885176 22.120000000000001 0.47558139622940165 25.145000000000003 568.63000000000011 27.365000000000006 27.195000000000004 59.585000000000008 61.810000000000009 60.475000000000001 26.005000000000006 62.545000000000009 1.0000000180025095e-35
decision_type=2 2 2 2 2 2 2 2 2 2 2 2 2 2
left_child=1 7 -3 4 -4 -5 -2 -1 -8 10 -10 12 -9 -11
right_child=6 2 3 5 -6 -7 8 11 9 13 -12 -13 -14 -15
leaf_value=0.023435368407806564 -0.0061575316719089364 0.027115627922693987 0.014949830592835551 0.002670234591634259 -0.0093949363111900386 -0.00065178103626299395 0.0018527974943386696 0.0029121381279766851 -0.0082653646711335592 0.00062040387696235338 -0.007280771493562696 0.0052605341409924572 -0.0071058746589732092 -0.0057385396109202128
leaf_weight=481 12.999999999999998 173 9.9999999999999982 569 27 592 48 25 10.000000000000002 67 11.999999999999998 48 30 31
leaf_count=481 13 173 10 569 27 592 48 25 10 67 12 48 30 31
internal_value=0.000926966 0.00129156 0.000404814 -0.000133556 -0.00851351 0.000133506 -0.00301105 0.00337329 -0.00214286 -0.00416667 -0.0154545 -0.000339806 -0.00409091 -0.00163265
internal_weight=2136 1955 1371 1198 37 1161 181 584 168 120 22 103 55 98
internal_count=2136 1955 1371 1198 37 1161 181 584 168 120 22 103 55 98
is_linear=0
shrinkage=0.05


Tree=97
num_leaves=15
num_cat=0
split_feature=5 4 22 4 22 1 22 22 1 1 4 4 9 10
split_gain=1.15056 0.715562 0.770667 0.916233 0.628814 0.522857 0.519008 2.10106 1.19565 2.22727 0.553497 0.596201 0.592046 0.535117
threshold=452.54500000000002 23.765000000000004 0.69287764045535594 27.395000000000003 0.66766646831012755 58.585000000000008 0.51572537064332258 0.47084587141109652 66.010000000000005 61.490000000000002 28.215000000000003 30.270000000000007 0.37500000000000006 1.0000000180025095e-35
decision_type=2 2 2 2 2 2 2 2 2 2 2 2 2 2
left_child=1 -1 4 -4 5 -3 7 -2 9 -9 -8 12 -12 -10
right_child=6 2 3 -5 -6 -7 10 8 13 -11 11 -13 -14 -15
leaf_value=0.071334351077253957 -0.00025204473407602218 -0.0042521754461056693 0.026576950727770207 -0.0010757530214342411 -0.011042030085463259 0.0008526852387258614 0.0022218365997797216 -0.0091444066464562383 0.0090182932742387499 -0.0257024919776517 -0.00066387809520838525 0.0035010412653522054 -0.0080205336715364738 -0.011635796405366059
leaf_weight=224 390 61 253 50 11.999999999999998 201 725 11.000000000000002 10.000000000000002 10.999999999999998 115 38 22 12.999999999999998
leaf_count=224 390 61 253 50 12 201 725 11 10 11 115 38 22 13
internal_value=0.00088015 0.00237828 0.00144714 0.00318482 -0.000474452 3.81681e-05 -1.87264e-05 -0.00143678 -0.0116667 -0.02 0.000666667 -0.00185714 -0.00339416 -0.00369565
internal_weight=2136 801 577 303 274 262 1335 435 45 22 900 175 137 23
internal_count=2136 801 577 303 274 262 1335 435 45 22 900 175 137 23
is_linear=0
shrinkage=0.05


Tree=98
num_leaves=15
num_cat=0
split_feature=0 22 22 4 22 6 6 22 22 22 4 0 9 22
split_gain=1.32778 0.931438 1.41429 1.27463 0.952786 0.706248 0.641073 0.676502 0.614672 0.558167 1.42132 0.518675 0.429154 0.380266
threshold=22.860000000000003 0.90299113182541202 0.87962967011031401 27.195000000000004 0.89546819317495652 30.380000000000006 13.005000000000001 0.31288844364721724 0.21336913576298863 0.28003368959032676 24.085000000000004 24.355000000000004 0.39500000000000007 0.97577266019832842
decision_type=2 2 2 2 2 2 2 2 2 2 2 2 2 2
left_child=9 2 6 5 12 -3 7 -2 -8 10 -1 -7 -4 -5
right_child=1 3 4 13 -6 11 8 -9 -10 -11 -12 -13 -14 -15
leaf_value=0.034547346372914366 -0.0033513107061079526 0.023015968457712022 -0.0088001588638157019 0.00011933725756198667 0.00028148106447774642 0.033213320264769537 0.0027779532472677654 0.027681167020913711 -0.00097626062933214386 0.025293098168214831 -0.0057004438014244948 -0.0036442323741877462 -0.00087835612873155 -0.0016510378968925732
leaf_weight=55 39 295 29 72 22 23 162 107 847 333 15.999999999999998 43 10.999999999999998 82
leaf_count=55 39 295 29 72 22 23 162 107 847 333 16 43 11 82
internal_value=0.000809925 0.000207852 -0.000546425 0.00199029 -0.00790323 0.00361496 -0.000151515 0.00294521 -0.000599603 0.00339109 -0.000633803 -0.00106061 -0.0125 -0.00181818
internal_weight=2136 1732 1217 515 62 361 1155 146 1009 404 71 66 40 154
internal_count=2136 1732 1217 515 62 361 1155 146 1009 404 71 66 40 154
is_linear=0
shrinkage=0.05


Tree=99
num_leaves=15
num_cat=0
split_feature=0 22 6 0 0 22 22 4 4 1 22 22 22 0
split_gain=1.38343 0.967928 0.815426 0.608178 1.75632 0.391418 0.388473 0.5559 0.36631 0.541667 0.88141 0.278135 0.457041 0.321231
threshold=22.860000000000003 0.9884946951290402 14.790000000000001 25.985000000000003 26.025000000000002 0.89546819317495652 0.5009122898073749 24.805000000000003 27.325000000000003 61.490000000000002 0.99653827729370248 0.60124882823926262 0.57340843044527534 25.275000000000002
decision_type=2 2 2 2 2 2 2 2 2 2 2 2 2 2
left_child=6 2 11 5 -5 -4 7 -1 -3 -10 -11 12 -2 -13
right_child=1 8 3 4 -6 -7 -8 -9 9 10 -12 13 -14 -15
leaf_value=0.006317271216711922 0.00064206013827193889 0.019396336985812723 -0.00046251626882958045 -0.009027345328791566 -0.00284959462981075 0.0044774253258841107 0.043005696878094808 -0.0020240178527806485 0.020615433887657429 0.014766650702015497 -0.001480895793438316 0.062063197358649513 -0.020741725164007758 0.0019031344410798314
leaf_weight=127 163 137 659 13.999999999999998 298 192 267 9.9999999999999982 26 11.000000000000002 12.999999999999998 107 9.9999999999999982 102
leaf_count=127 163 137 659 14 298 192 267 10 26 11 13 107 10 102
internal_value=0.00088015 0.000265589 -0.000145631 -0.000803955 -0.00269231 -0.000111633 0.00351485 0.00135037 0.0036631 1.86265e-10 -0.00541667 0.00185864 0.000375723 0.00308612
internal_weight=2136 1732 1545 1163 312 851 404 137 187 50 24 382 173 209
internal_count=2136 1732 1545 1163 312 851 404 137 187 50 24 382 173 209
is_linear=0
shrinkage=0.05


end of trees

feature_importances:
day_of_year_sin=388
forecast_temperature=220
b2_temperature=204
day_of_year_cos=154
elevation_std=135
forecast_humidity=97
elevation_mean=82
elevation_range=32
aspect_sin=19
slope_std=13
forecast_rainfall=11
slope_mean=11
lead_time_hours=10
month=8
aspect_cos=6
distance_to_nearest_water=5
tri_std=3
distance_to_forecast_grid_m=2

parameters:
[boosting: gbdt]
[objective: quantile]
[metric: quantile]
[tree_learner: serial]
[device_type: cpu]
[data_sample_strategy: bagging]
[data: ]
[valid: ]
[num_iterations: 100]
[learning_rate: 0.05]
[num_leaves: 15]
[num_threads: 8]
[seed: 42]
[deterministic: 0]
[force_col_wise: 0]
[force_row_wise: 0]
[histogram_pool_size: -1]
[max_depth: 5]
[min_data_in_leaf: 10]
[min_sum_hessian_in_leaf: 0.001]
[bagging_fraction: 0.8]
[pos_bagging_fraction: 1]
[neg_bagging_fraction: 1]
[bagging_freq: 0]
[bagging_seed: 400]
[bagging_by_query: 0]
[feature_fraction: 0.8]
[feature_fraction_bynode: 1]
[feature_fraction_seed: 30056]
[extra_trees: 0]
[extra_seed: 12879]
[early_stopping_round: 0]
[early_stopping_min_delta: 0]
[first_metric_only: 0]
[max_delta_step: 0]
[lambda_l1: 0]
[lambda_l2: 0]
[linear_lambda: 0]
[min_gain_to_split: 0]
[drop_rate: 0.1]
[max_drop: 50]
[skip_drop: 0.5]
[xgboost_dart_mode: 0]
[uniform_drop: 0]
[drop_seed: 17869]
[top_rate: 0.2]
[other_rate: 0.1]
[min_data_per_group: 100]
[max_cat_threshold: 32]
[cat_l2: 10]
[cat_smooth: 10]
[max_cat_to_onehot: 4]
[top_k: 20]
[monotone_constraints: ]
[monotone_constraints_method: basic]
[monotone_penalty: 0]
[feature_contri: ]
[forcedsplits_filename: ]
[refit_decay_rate: 0.9]
[cegb_tradeoff: 1]
[cegb_penalty_split: 0]
[cegb_penalty_feature_lazy: ]
[cegb_penalty_feature_coupled: ]
[path_smooth: 0]
[interaction_constraints: ]
[verbosity: -1]
[saved_feature_importance_type: 0]
[use_quantized_grad: 0]
[num_grad_quant_bins: 4]
[quant_train_renew_leaf: 0]
[stochastic_rounding: 1]
[linear_tree: 0]
[max_bin: 255]
[max_bin_by_feature: ]
[min_data_in_bin: 3]
[bin_construct_sample_cnt: 200000]
[data_random_seed: 175]
[is_enable_sparse: 1]
[enable_bundle: 1]
[use_missing: 1]
[zero_as_missing: 0]
[feature_pre_filter: 1]
[pre_partition: 0]
[two_round: 0]
[header: 0]
[label_column: ]
[weight_column: ]
[group_column: ]
[ignore_column: ]
[categorical_feature: ]
[forcedbins_filename: ]
[precise_float_parser: 0]
[parser_config_file: ]
[objective_seed: 16083]
[num_class: 1]
[is_unbalance: 0]
[scale_pos_weight: 1]
[sigmoid: 1]
[boost_from_average: 1]
[reg_sqrt: 0]
[alpha: 0.1]
[fair_c: 1]
[poisson_max_delta_step: 0.7]
[tweedie_variance_power: 1.5]
[lambdarank_truncation_level: 30]
[lambdarank_norm: 1]
[label_gain: ]
[lambdarank_position_bias_regularization: 0]
[eval_at: ]
[multi_error_top_k: 1]
[auc_mu_weights: ]
[num_machines: 1]
[local_listen_port: 12400]
[time_out: 120]
[machine_list_filename: ]
[machines: ]
[gpu_platform_id: -1]
[gpu_device_id: -1]
[gpu_device_id_list: ]
[gpu_use_dp: 0]
[num_gpu: 1]

end of parameters

pandas_categorical:[]
