tree
version=v4
num_class=1
num_tree_per_iteration=1
label_index=0
max_feature_idx=24
objective=quantile
feature_names=forecast_temperature forecast_humidity forecast_rainfall lead_time_hours b2_temperature elevation_mean elevation_std elevation_range slope_mean slope_std aspect_sin aspect_cos tri_mean tri_std landcover_fraction_tree landcover_fraction_shrub landcover_fraction_grass landcover_fraction_cropland landcover_fraction_builtup landcover_fraction_water distance_to_nearest_water distance_to_forecast_grid_m day_of_year_sin day_of_year_cos month
feature_infos=[17.800000000000001:32.509999999999998] [38.549999999999997:92.700000000000003] [0:21.109999999999999] [24:72] [17.43:32.950000000000003] [354.08999999999997:899.00999999999999] [12.289999999999999:32.460000000000001] [45.369999999999997:118.16] [7.3899999999999997:18.890000000000001] [0.13:0.54000000000000004] [-0.46550000000000002:0.72440000000000004] [-0.99890000000000001:-0.68910000000000005] [9.5299999999999994:25.140000000000001] [0.17999999999999999:0.77000000000000002] none none none [0.024799999999999999:1] [0:0.97519999999999996] none [0:18225.799999999999] [3595.1999999999998:16825.540000000001] [0.034398060613608013:0.99998555065071859] [0.0053757315575838844:0.99940821160625981] [1:3]
tree_sizes=1356 1428 1464 1418 1461 1461 1463 1445 1465 1445 1455 1466 1437 1496 1465 1483 1454 1475 1501 1480 1450 1483 1473 1498 1476 1495 1477 1438 1467 1515 1507 1557 1527 1500 1510 1513 1511 1495 1485 1496 1507 1526 1542 1507 1475 1496 1546 1512 1523 1514 1518 1512 1518 1540 1489 1504 1535 1489 1469 1481 1481 1480 1512 1481 1534 1501 1532 1504 1497 1489 1475 1490 1500 1498 1504 1524 1529 1496 1495 1500 1513 1478 1512 1503 1511 1500 1499 1492 1496 1517 1528 1499 1505 1487 1485 1481 1482 1516 1515 1498

Tree=0
num_leaves=15
num_cat=0
split_feature=4 7 23 4 4 23 0 5 0 23 4 23 5 4
split_gain=31.1385 27.9567 33.1565 7.16991 6.86959 4.56387 3.98097 1.19153 1.74924 0.826459 0.736006 2.09087 2.12055 2.02922
threshold=24.455000000000002 68.540000000000006 0.77786091972642668 21.675000000000004 23.265000000000004 0.36647099799968202 20.295000000000005 679.98000000000013 22.315000000000001 0.68430231102288386 25.525000000000002 0.39825772665344078 452.54500000000002 24.995000000000001
decision_type=2 2 2 2 2 2 2 2 2 2 2 2 2 2
left_child=1 2 4 -4 9 -6 -3 8 -8 -1 11 12 13 -2
right_child=10 6 3 -5 5 -7 7 -9 -10 -11 -12 -13 -14 -15
leaf_value=2.6035000807046687 2.4347500991225246 2.4974000974655155 2.4834001039028237 2.3618001046896011 2.4630001068115233 2.4214501082778002 2.4168001029014592 2.2445000512599895 2.3635001020431559 2.5000500992655814 2.2565001085400582 2.3130000907182846 2.3556001072168358 2.384150110161305
leaf_weight=76 15.999999999999998 17 19 138 56 68 25 243 41 18 1061 271 59 28
leaf_count=76 16 17 19 138 56 68 25 243 41 18 1061 271 59 28
internal_value=2.37999 2.38862 2.39793 2.38041 2.41055 2.40282 2.37791 2.37662 2.38258 2.42074 2.37577 2.37767 2.38374 2.39205
internal_weight=2136 701 375 157 218 124 326 309 66 94 1435 374 103 44
internal_count=2136 701 375 157 218 124 326 309 66 94 1435 374 103 44
is_linear=0
shrinkage=1


Tree=1
num_leaves=15
num_cat=0
split_feature=4 7 24 4 24 0 4 4 5 0 4 24 5 4
split_gain=29.9449 26.8506 27.1633 6.93143 6.60921 3.04893 2.12803 1.18156 1.12768 1.74924 0.70936 1.66946 2.03658 1.84265
threshold=24.455000000000002 68.540000000000006 1.5000000000000002 22.945000000000004 2.5000000000000004 20.295000000000005 21.465000000000003 21.565000000000001 679.98000000000013 22.315000000000001 25.525000000000002 2.5000000000000004 452.54500000000002 24.995000000000001
decision_type=2 2 2 2 2 2 2 2 2 2 2 2 2 2
left_child=1 2 6 7 -5 -3 -1 -4 9 -7 11 -2 13 -13
right_child=10 5 3 4 -6 8 -8 -9 -10 -11 -12 12 -14 -15
leaf_value=0.071529978806970013 -0.063900020569549978 0.11152998387336766 0.23727672920431347 0.029727491391303353 0.078749990677835641 0.034959989037513982 -0.04604000372052084 0.13697500014903141 -0.12872506002188219 -0.015675011777873917 -0.11732500560581685 0.045262489798665942 -0.037280013705483415 0.0030424951475877208
leaf_weight=9.9999999999999982 242 17 34 69 92 25 110 60 243 41 1061 21 77 34
leaf_count=10 242 17 34 69 92 25 110 60 243 41 1061 21 77 34
internal_value=-6.08626e-05 0.00840941 0.0175333 0.0267647 0.0204658 -0.00208589 -0.00208333 0.0375532 -0.00322007 0.00257576 -0.00419861 -0.0023262 0.00219697 0.00954545
internal_weight=2136 701 375 255 161 326 120 94 309 66 1435 374 132 55
internal_count=2136 701 375 255 161 326 120 94 309 66 1435 374 132 55
is_linear=0
shrinkage=0.05


Tree=2
num_leaves=15
num_cat=0
split_feature=4 5 22 0 0 0 5 5 4 22 22 0 4 22
split_gain=28.1142 25.3813 26.8175 7.09795 5.44449 5.30168 3.14541 1.65429 1.9761 1.24009 1.04167 0.968145 0.786233 1.9997
threshold=24.455000000000002 452.54500000000002 0.69287764045535594 20.940000000000001 20.295000000000005 22.825000000000003 420.44500000000005 679.98000000000013 22.895000000000003 0.5009122898073749 0.62837760187664593 22.255000000000006 25.525000000000002 0.91723323322845218
decision_type=2 2 2 2 2 2 2 2 2 2 2 2 2 2
left_child=1 2 3 -1 10 11 -7 8 -6 -5 -3 -4 13 -2
right_child=12 4 5 9 7 6 -8 -9 -10 -11 -12 -13 -14 -15
leaf_value=0.09743315269973149 -0.060455021508024114 0.044833493005573315 0.21857623146147409 -0.044488009673772359 0.034711993877167259 0.074812491859198915 0.038838238242158096 -0.12228880702078809 -0.0037912592339484521 0.017561237951105965 0.11895348730230354 0.10988750007063208 -0.11145875532552602 0.026099359515170707
leaf_weight=14.999999999999998 271 12.000000000000002 49 93 25 62 40 243 78 41 11.999999999999998 31 1061 103
leaf_count=15 271 12 49 93 25 62 40 243 78 41 12 31 1061 103
internal_value=-0.000154496 0.00805278 0.0181118 0.00238255 -0.000945947 0.030989 0.0234314 -0.00254335 0.00276699 -0.00126866 0.0220833 0.040625 -0.00416376 -0.00219251
internal_weight=2136 701 331 149 370 182 102 346 103 134 24 80 1435 374
internal_count=2136 701 331 149 370 182 102 346 103 134 24 80 1435 374
is_linear=0
shrinkage=0.05


Tree=3
num_leaves=15
num_cat=0
split_feature=5 22 22 5 1 22 22 22 1 22 3 5 22 1
split_gain=16.7236 16.4369 2.87971 2.22454 2.02628 1.80934 1.2 1.11905 0.731098 0.694444 0.552288 0.495506 0.533269 0.425
threshold=452.54500000000002 0.69287764045535594 0.91723323322845218 380.89500000000004 58.975000000000009 0.78523795966413312 0.7522548710148802 0.45560143098769151 61.440000000000005 0.99094606287942044 36.000000000000007 679.98000000000013 0.45560143098769151 60.400000000000006
decision_type=2 2 2 2 2 2 2 2 2 2 2 2 2 2
left_child=1 7 5 9 -5 6 -3 -1 -7 -4 -9 12 -2 -12
right_child=11 2 3 4 -6 8 -8 10 -10 -11 13 -13 -14 -15
leaf_value=-0.078963676877131267 -0.1333914178569871 0.047610881552673789 0.18325150835476747 0.06647058387327115 0.058134320950859145 0.066986858865786925 0.064281860248790373 -0.028432263544952843 0.022008659964346394 0.12653136007998653 0.037361243428707995 -0.11417434783064898 -0.020365494054062488 0.015374288722277311
leaf_weight=225 150 45 48 31 113 48 27 51 87 24 30 801 384 72
leaf_count=225 150 45 48 31 113 48 27 51 87 24 30 801 384 72
internal_value=-0.00022472 0.00548689 0.0122577 0.0162963 0.0127083 0.00804348 0.0144444 -0.00208995 0.00462963 0.0234722 0.00120915 -0.00365169 -0.00247191 0.00333333
internal_weight=2136 801 423 216 144 207 72 378 135 72 153 1335 534 102
internal_count=2136 801 423 216 144 207 72 378 135 72 153 1335 534 102
is_linear=0
shrinkage=0.05


Tree=4
num_leaves=15
num_cat=0
split_feature=4 5 23 0 0 0 23 5 4 0 23 23 23 4
split_gain=25.0855 21.8892 22.382 7.66205 7.09795 5.44449 3.19573 1.65429 1.9761 1.60678 1.24009 1.04167 0.652952 1.3514
threshold=24.455000000000002 452.54500000000002 0.72100388094302625 22.985000000000003 20.940000000000001 20.295000000000005 0.39825772665344078 679.98000000000013 22.895000000000003 22.255000000000006 0.86545531305655499 0.79901556149977504 0.35041260675351149 24.995000000000001
decision_type=2 2 2 2 2 2 2 2 2 2 2 2 2 2
left_child=1 2 3 9 -4 11 -5 8 -7 -1 -6 -3 13 -2
right_child=12 5 4 6 10 7 -8 -9 -10 -11 -12 -13 -14 -15
leaf_value=0.20123641578127796 0.034051799482934367 0.1182454848297203 0.091353041167555535 0.067439196149918099 0.015914460569017099 0.033994668886012012 0.022286464930147833 -0.11046564927821623 -0.0025834215695478948 0.10106959231541973 -0.04103231957308176 0.043610093057997769 -0.10029811726130902 -0.03633524784874588
leaf_weight=49 39 12.000000000000002 14.999999999999998 48 41 25 44 243 78 41 93 11.999999999999998 1093 303
leaf_count=49 39 12 15 48 41 25 44 243 78 41 93 12 1093 303
internal_value=-0.000341761 0.00741084 0.0167523 0.0285165 0.00238255 -0.000945947 0.0183696 -0.00254335 0.00276699 0.0388889 -0.00126866 0.0220833 -0.00412892 -0.00222222
internal_weight=2136 701 331 182 149 370 92 346 103 90 134 24 1435 342
internal_count=2136 701 331 182 149 370 92 346 103 90 134 24 1435 342
is_linear=0
shrinkage=0.05


Tree=5
num_leaves=15
num_cat=0
split_feature=0 5 22 0 4 5 22 22 0 22 0 5 22 22
split_gain=23.3804 20.4613 19.5268 4.58333 3.58112 6.41648 12.0267 2.63377 1.49926 1.55711 1.33929 1.28444 2.07863 1.04167
threshold=22.985000000000003 452.54500000000002 0.53038584004487344 20.295000000000005 25.185000000000006 420.44500000000005 0.70517752626968588 0.91723323322845218 22.255000000000006 0.90299113182541202 21.505000000000006 679.98000000000013 0.55923163791368669 0.62837760187664593
decision_type=2 2 2 2 2 2 2 2 2 2 2 2 2 2
left_child=1 2 10 13 5 6 -2 -8 -4 -10 -1 12 -5 -3
right_child=4 3 8 11 -6 -7 7 -9 9 -11 -12 -13 -14 -15
leaf_value=0.045517486182262507 -0.042328564097731364 0.041429588405097875 0.18622210646472342 -0.062704384836818061 -0.087024674398428176 -0.040314574700631087 0.024068227558873206 0.064299294089287612 0.034017953136975213 0.11319327142451541 -0.034309015855145772 -0.050792331993265938 0.030170335160957747 0.1123332105882343
leaf_weight=13.999999999999998 91 12.000000000000002 66 38 1163 366 40 44 18 28 42 150 52 11.999999999999998
leaf_count=14 91 12 66 38 1163 366 40 44 18 28 42 150 52 12
internal_value=-0.000458803 0.00993055 0.0235714 0.00125 -0.00309272 0.000268021 0.00814286 0.0217857 0.035625 0.0286957 -0.000535715 -0.000833335 0.00388889 0.0220833
internal_weight=2136 432 168 264 1704 541 175 84 112 46 56 240 90 24
internal_count=2136 432 168 264 1704 541 175 84 112 46 56 240 90 24
is_linear=0
shrinkage=0.05


Tree=6
num_leaves=15
num_cat=0
split_feature=0 5 23 0 4 5 23 5 23 5 23 24 0 3
split_gain=22.479 19.6877 14.0556 6.91314 3.67833 6.34737 13.047 2.72781 2.67906 4.23443 2.18085 1.53028 0.977197 1.0006
threshold=22.925000000000004 420.44500000000005 0.84771273534009206 20.295000000000005 24.995000000000001 452.54500000000002 0.39825772665344078 380.89500000000004 0.63255009372278048 679.98000000000013 0.70897861563100306 1.5000000000000002 22.315000000000001 36.000000000000007
decision_type=2 2 2 2 2 2 2 2 2 2 2 2 2 2
left_child=1 2 12 11 5 6 7 -2 9 -5 -8 -3 -1 -14
right_child=4 3 -4 8 -6 -7 10 -9 -10 -11 -12 -13 13 -15
leaf_value=0.1809513841574347 0.070790874354506261 0.083348100454226581 -0.0036357544339473517 0.044625698130263375 -0.077425155349769126 -0.061419350793939766 0.020035374967266487 0.045791791972380161 -0.045001245846925997 -0.032655886281279092 -0.047869905704855553 0.11119049363190836 0.10949165004174473 0.067197423119730523
leaf_weight=51 24 12.000000000000002 32 48 1219 253 63 42 167 56 120 19 14.000000000000002 15.999999999999998
leaf_count=51 24 12 32 48 1219 253 63 42 167 56 120 19 14 16
internal_value=-0.000505619 0.00993976 0.0277434 0.00327814 -0.00302441 0.000577688 0.00624498 0.025303 0.000719556 0.00701923 -0.000628416 0.0256452 0.0388272 0.0316667
internal_weight=2136 415 113 302 1721 502 249 66 271 104 183 31 81 30
internal_count=2136 415 113 302 1721 502 249 66 271 104 183 31 81 30
is_linear=0
shrinkage=0.05


Tree=7
num_leaves=15
num_cat=0
split_feature=0 5 22 4 22 5 7 0 0 22 6 22 1 22
split_gain=20.1045 13.6257 14.3565 6.73765 10.1256 15.3506 2.87617 2.62766 1.8282 3.8179 1.665 3.8843 1.36842 0.721233
threshold=22.195000000000004 568.63000000000011 0.53038584004487344 24.615000000000006 0.89546819317495652 420.44500000000005 68.540000000000006 20.295000000000005 21.440000000000005 0.69287764045535594 13.005000000000001 0.70517752626968588 67.685000000000016 0.93655593853549179
decision_type=2 2 2 2 2 2 2 2 2 2 2 2 2 2
left_child=1 2 -1 4 10 12 -7 -3 -4 -10 11 -2 -6 -5
right_child=3 7 8 13 5 6 -8 -9 9 -11 -12 -13 -14 -15
leaf_value=0.0082311248375020879 -0.0048305349648440727 0.049152345209868498 0.17051142090473093 -0.092827648214646841 0.060315219461478643 0.050502921930665967 -0.042594061644691483 -0.020238803157015893 0.013260070268792057 0.10171433557254342 -0.035403356761439103 0.02689763402634859 0.086947368402564632 -0.024637853454575902
leaf_weight=42 29 17 44 1044 39 43 77 93 10.999999999999998 26 309 12.999999999999998 18 331
leaf_count=42 29 17 44 1044 39 43 77 93 11 26 309 13 18 331
internal_value=-0.00062266 0.0132403 0.0246748 -0.00232002 0.00248106 0.0122316 0.00208333 0.000454544 0.0369753 0.0287838 -0.0024359 0.00690476 0.0335965 -0.00416364
internal_weight=2136 233 123 1903 528 177 120 110 81 37 351 42 57 1375
internal_count=2136 233 123 1903 528 177 120 110 81 37 351 42 57 1375
is_linear=0
shrinkage=0.05


Tree=8
num_leaves=15
num_cat=0
split_feature=4 5 23 5 4 23 23 4 23 4 23 23 4 5
split_gain=18.0988 17.3895 16.9355 4.90147 6.65992 4.10626 3.3066 2.74287 3.02099 2.43376 1.40649 1.12777 2.37332 2.77015
threshold=24.475000000000005 420.44500000000005 0.72100388094302625 739.99000000000012 21.810000000000006 0.35041260675351149 0.84771273534009206 22.945000000000004 0.39825772665344078 22.335000000000004 0.87394374251212481 0.35041260675351149 25.525000000000002 452.54500000000002
decision_type=2 2 2 2 2 2 2 2 2 2 2 2 2 2
left_child=1 2 7 4 6 -6 -3 -1 -9 10 -4 12 13 -2
right_child=11 3 9 -5 5 -7 -8 8 -10 -11 -12 -13 -14 -15
leaf_value=0.16497863237186305 0.033728934347857745 0.082433177358212498 0.063158754671728726 -0.15537547427415355 0.042805124228043855 -0.0085926183086788791 0.063760710695522971 0.065005813101308763 0.021007144119229201 -0.010203210018317383 0.0089305546913611474 -0.082939740098172871 -0.050144049311908336 -0.01668912560449675
leaf_weight=49 39 19 10.000000000000002 228 55 175 14.999999999999998 41 34 72 10.999999999999998 1087 249 52
leaf_count=49 39 19 10 228 55 175 15 41 34 72 11 1087 249 52
internal_value=-0.000739702 0.00578984 0.0175806 0.00058943 0.00522727 0.00217391 0.0258824 0.0296774 0.0236667 0.00145161 0.0164286 -0.00398388 -0.00147059 0.00543956
internal_weight=2136 709 217 492 264 230 34 124 75 93 21 1427 340 91
internal_count=2136 709 217 492 264 230 34 124 75 93 21 1427 340 91
is_linear=0
shrinkage=0.05


Tree=9
num_leaves=15
num_cat=0
split_feature=0 5 23 0 5 23 4 0 23 5 5 23 21 0
split_gain=17.6423 14.8997 13.6059 3.12542 3.03439 6.47925 9.09034 2.65256 3.1556 2.47196 1.25861 2.07122 1.14405 0.850181
threshold=22.925000000000004 452.54500000000002 0.84771273534009206 20.295000000000005 452.54500000000002 0.39825772665344078 25.225000000000005 20.940000000000001 0.44504239796885176 380.89500000000004 679.98000000000013 0.84771273534009206 12658.940000000002 23.745000000000001
decision_type=2 2 2 2 2 2 2 2 2 2 2 2 2 2
left_child=1 2 7 12 5 6 9 -1 -9 -2 11 -5 -3 -7
right_child=4 3 -4 10 -6 13 -8 8 -10 -11 -12 -13 -14 -15
leaf_value=0.16414632853676928 0.058393749395745646 0.011069083214462228 -0.0040005980533891596 0.022771272850116264 -0.087497102768691465 0.015885599192131079 -0.010408094177354004 0.1064968308798151 0.044579977355175576 0.037143765342088679 -0.045493895140984723 -0.056873980964889798 0.074484297012089376 -0.04444240973189606
leaf_weight=24 26 10.000000000000002 54 48 1083 79 94 43 42 49 142 38 13.999999999999998 390
leaf_count=24 26 10 54 48 1083 79 94 43 42 49 142 38 14 390
internal_value=-0.000880151 0.00837349 0.0201534 0.000753967 -0.00311156 -0.000376177 0.00801775 0.0303211 0.0261765 0.021 -0.00105263 0.00372093 0.0179167 -0.00340085
internal_weight=2136 415 163 252 1721 638 169 109 85 75 228 86 24 469
internal_count=2136 415 163 252 1721 638 169 109 85 75 228 86 24 469
is_linear=0
shrinkage=0.05


Tree=10
num_leaves=15
num_cat=0
split_feature=0 5 22 5 0 22 22 0 22 22 0 5 22 22
split_gain=15.238 10.9732 10.3081 5.40047 8.63919 11.5701 2.01573 2.01102 3.14881 1.34164 2.81398 1.60636 1.1167 2.30769
threshold=22.065000000000001 568.63000000000011 0.45560143098769151 420.44500000000005 24.025000000000002 0.69287764045535594 0.93038971866793763 20.610000000000003 0.64166506163122816 0.93655593853549179 22.575000000000003 452.54500000000002 0.9239481815140983 0.94805520968785773
decision_type=2 2 2 2 2 2 2 2 2 2 2 2 2 2
left_child=1 2 -1 4 5 -2 -7 -4 -9 -5 -11 -12 -6 -14
right_child=3 -3 7 9 12 6 -8 8 -10 10 11 -13 13 -15
leaf_value=-0.010567199732604119 -0.012224409024609553 -0.0032913426749456146 0.15336272029152612 -0.085258981363514702 -0.041759636121090488 0.029158078135436402 0.085255151609359328 0.015002814829093054 0.098054831326217604 0.034666580628991799 0.023166032035850211 -0.038651639252877207 0.039272413262010392 -0.0028860707610504745
leaf_weight=32 68 100 26 1093 244 44 42 13.999999999999998 42 17 59 277 12.999999999999998 65
leaf_count=32 68 100 26 1093 244 44 42 14 42 17 59 277 13 65
internal_value=-0.00106742 0.0115888 0.022193 -0.00247659 0.00214286 0.0118831 0.0240698 0.0315854 0.02625 -0.00399723 -0.00131728 -0.00232143 -0.00251553 0.00269231
internal_weight=2136 214 114 1922 476 154 86 82 56 1446 353 336 322 78
internal_count=2136 214 114 1922 476 154 86 82 56 1446 353 336 322 78
is_linear=0
shrinkage=0.05


Tree=11
num_leaves=15
num_cat=0
split_feature=4 5 22 5 22 4 4 4 22 22 4 5 4 22
split_gain=13.9876 13.3764 13.7939 4.38598 4.10431 6.00119 2.76405 1.38306 1.31944 0.814397 1.56362 1.74731 1.73333 0.530303
threshold=24.455000000000002 420.44500000000005 0.69287764045535594 679.98000000000013 0.45560143098769151 22.835000000000004 22.895000000000003 22.335000000000004 0.93038971866793763 0.93655593853549179 25.525000000000002 452.54500000000002 24.995000000000001 0.48595098096596934
decision_type=2 2 2 2 2 2 2 2 2 2 2 2 2 2
left_child=1 2 7 4 -3 -6 -4 13 -8 -2 11 12 -11 -1
right_child=9 3 6 -5 5 -7 8 -9 -10 10 -12 -13 -14 -15
leaf_value=0.0092124168460927507 -0.071749281711601443 -0.055633980578168422 0.14779539704776903 -0.081521240942133907 0.060829807191551399 0.0095065121122615646 0.014253908097331966 -0.0088094664727844784 0.054040828867890134 0.030296359051374285 -0.043660172081270321 -0.011090864320941253 0.0073838937452116067 0.044999733821264973
leaf_weight=11.000000000000002 1093 72 47 253 48 112 40 72 36 14.999999999999998 249 54 24 9.9999999999999982
leaf_count=11 1093 72 47 253 48 112 40 72 36 15 249 54 24 10
internal_value=-0.00123127 0.00455777 0.0149074 -5.15476e-05 0.00491379 0.009375 0.0258943 0.000376343 0.02 -0.00405923 -0.00192983 0.00360215 0.0116667 0.0116667
internal_weight=2136 701 216 485 232 160 123 93 76 1435 342 93 39 21
internal_count=2136 701 216 485 232 160 123 93 76 1435 342 93 39 21
is_linear=0
shrinkage=0.05


Tree=12
num_leaves=15
num_cat=0
split_feature=0 5 23 5 0 23 23 0 5 5 1 0 0 23
split_gain=12.3556 7.53438 7.12965 6.18902 8.53278 12.8485 1.57894 2.74476 2.66667 1.54317 1.45714 1.3486 0.809797 0.595804
threshold=21.655000000000005 568.63000000000011 0.76693674423623703 420.44500000000005 24.485000000000003 0.68430231102288386 0.35041260675351149 22.575000000000003 739.99000000000012 452.54500000000002 76.655000000000015 20.750000000000004 20.295000000000005 0.86545531305655499
decision_type=2 2 2 2 2 2 2 2 2 2 2 2 2 2
left_child=1 2 -1 4 5 10 7 8 -5 -9 -2 -4 -3 -7
right_child=3 12 11 6 -6 13 -8 9 -10 -11 -12 -13 -14 -15
leaf_value=0.13186408966578553 0.041291049795019151 0.036323495499010448 0.05207796302048763 0.044141949471717234 -0.029088478439695378 0.0036986431658088516 -0.073262722561384247 0.020492912481488986 0.0012783730366027841 -0.034998757205050766 0.05821353933618089 -0.0078251668795854875 -0.012952126713485107 -0.045044781100522069
leaf_weight=41 102 17 21 10 272 39 1135 59 15 277 9.9999999999999982 18 49 71
leaf_count=41 102 17 21 10 272 39 1135 59 15 277 10 18 49 71
internal_value=-0.00123127 0.0128082 0.023125 -0.00226131 0.00259109 0.00986486 -0.00386364 -0.000983381 0.015 -0.00217262 0.0217857 0.00782051 0.000303029 -0.00227273
internal_weight=2136 146 80 1990 494 222 1496 361 25 336 112 39 66 110
internal_count=2136 146 80 1990 494 222 1496 361 25 336 112 39 66 110
is_linear=0
shrinkage=0.05


Tree=13
num_leaves=15
num_cat=0
split_feature=4 6 23 4 23 4 4 23 5 5 4 1 23 23
split_gain=10.4525 11.5213 14.7839 6.05332 3.14464 2.23289 1.66194 2.55253 4.64489 1.54041 1.34554 0.999015 0.525633 0.381963
threshold=24.085000000000004 24.295000000000005 0.36647099799968202 21.105000000000004 0.68430231102288386 22.895000000000003 25.525000000000002 0.72100388094302625 420.44500000000005 380.89500000000004 25.185000000000006 66.925000000000011 0.33425052277940587 0.21861778653020106
decision_type=2 2 2 2 2 2 2 2 2 2 2 2 2 2
left_child=1 2 5 11 -5 13 7 8 10 -7 -2 -4 -10 -1
right_child=6 -3 3 4 -6 9 -8 -9 12 -11 -12 -13 -14 -15
leaf_value=0.11226590783001643 0.029000311408543131 -0.098173780239624295 0.12341436354397069 0.022284867299103828 -0.0064181243620857129 0.098670327263183297 -0.076732816369987578 -0.089543310415944891 0.0089472797705475362 0.041561343634456814 0.0030157456440408313 0.058609889232666607 -0.016248326598443424 0.1454560043744374
leaf_weight=13.000000000000002 52 218 15.000000000000002 79 174 12.999999999999998 1061 231 86 38 25 13.999999999999998 101 15.999999999999998
leaf_count=13 52 218 15 79 174 13 1061 231 86 38 25 14 101 16
internal_value=-0.00141854 0.00431034 0.009779 0.00439716 0.00191699 0.02875 -0.00355399 -0.00116162 0.00219697 0.022451 0.0125325 0.0260345 -0.00205882 0.0398276
internal_weight=2136 580 362 282 253 80 1556 495 264 51 77 29 187 29
internal_count=2136 580 362 282 253 80 1556 495 264 51 77 29 187 29
is_linear=0
shrinkage=0.05


Tree=14
num_leaves=15
num_cat=0
split_feature=4 6 22 4 4 22 4 22 5 5 6 22 22 1
split_gain=9.61181 9.92839 12.7346 5.45342 3.01678 2.65028 1.64722 2.45436 2.08901 1.54723 1.13143 1.5 0.877917 0.702426
threshold=24.085000000000004 30.380000000000006 0.93038971866793763 21.105000000000004 22.185000000000006 0.72914769978834015 25.555000000000003 0.9239481815140983 420.44500000000005 420.44500000000005 13.005000000000001 0.57340843044527534 0.55923163791368669 69.345000000000013
decision_type=2 2 2 2 2 2 2 2 2 2 2 2 2 2
left_child=1 2 3 12 -4 -5 7 10 13 -6 11 -2 -1 -9
right_child=6 -3 4 5 9 -7 -8 8 -10 -11 -12 -13 -14 -15
leaf_value=0.060342872519473248 -0.063968741675224219 -0.13435821442704973 0.13818320415571556 -0.0067007079949348352 0.07248733416126299 0.019655110993112693 -0.074878308478893763 0.027903750769595045 0.00098782765962351807 0.035417987894502775 -0.034782069449663763 0.026131094341521839 0.11585125164808459 -0.00049092170115464981
leaf_weight=11.000000000000002 27 199 15.999999999999998 180 34 83 1050 31 101 39 308 27 18 11.999999999999998
leaf_count=11 27 199 16 180 34 83 1050 31 101 39 308 27 18 12
internal_value=-0.00144195 0.00405172 0.00877953 0.00373288 0.0253371 0.00146388 -0.00348972 -0.00114625 0.004375 0.0210274 -0.00334254 0.00333333 0.0243103 0.0136046
internal_weight=2136 580 381 292 89 263 1556 506 144 73 362 54 29 43
internal_count=2136 580 381 292 89 263 1556 506 144 73 362 54 29 43
is_linear=0
shrinkage=0.05


Tree=15
num_leaves=15
num_cat=0
split_feature=6 0 22 0 0 22 0 22 1 22 0 7 2 22
split_gain=8.76545 11.0354 10.7676 3.29809 2.0972 1.90379 1.87 1.81229 1.61432 1.33723 1.93224 2.05775 0.86538 1.30952
threshold=14.790000000000001 24.405000000000005 0.70517752626968588 20.295000000000005 22.825000000000003 0.7522548710148802 21.505000000000006 0.93038971866793763 63.220000000000006 0.93655593853549179 23.895000000000003 62.400000000000006 0.115 0.64166506163122816
decision_type=2 2 2 2 2 2 2 2 2 2 2 2 2 2
left_child=1 2 6 5 7 -2 -1 -4 -6 -5 11 -11 -3 -14
right_child=3 12 4 9 8 -7 -8 -9 -10 10 -12 -13 13 -15
leaf_value=0.043849281775058126 0.024745213475488088 -0.028942804314970552 0.05140554322025509 -0.054643841499959392 0.024034390508533801 0.076671266453116865 -0.004930074068699484 0.12599348230598093 0.034813116150698167 0.049330075583887995 -0.032977834301411692 0.0032052139333804634 -0.13329557260499883 0.0083934971102980933
leaf_weight=12.999999999999998 19.000000000000004 259 29 1198 38 11.999999999999998 102 30 42 22 242 109 11.000000000000002 9.9999999999999982
leaf_count=13 19 259 29 1198 38 12 102 30 42 22 242 109 11 10
internal_value=-0.00155899 0.00398876 0.0115354 -0.00340824 0.0208993 0.0127419 0.00021739 0.0280508 0.015625 -0.00372693 -0.0011126 0.00377862 -0.00285714 0.00690476
internal_weight=2136 534 254 1602 139 31 115 59 80 1571 373 131 280 21
internal_count=2136 534 254 1602 139 31 115 59 80 1571 373 131 280 21
is_linear=0
shrinkage=0.05


Tree=16
num_leaves=15
num_cat=0
split_feature=0 6 6 22 4 22 22 7 22 6 22 0 10 4
split_gain=9.01659 4.69051 4.51053 5.70251 8.84944 2.74286 1.79908 2.03608 1.31811 1.28571 1.12509 1.64412 2.08787 0.966964
threshold=21.655000000000005 14.790000000000001 14.790000000000001 0.72914769978834015 24.935000000000006 0.90299113182541202 0.45560143098769151 72.295000000000016 0.9884946951290402 13.005000000000001 0.93655593853549179 24.635000000000002 -0.013599999999999998 20.845000000000002
decision_type=2 2 2 2 2 2 2 2 2 2 2 2 2 2
left_child=1 5 3 -2 8 9 -3 13 -5 -1 -4 12 -12 -8
right_child=2 6 10 4 -6 -7 7 -9 -10 -11 11 -13 -14 -15
leaf_value=0.047072259590058882 -0.029736237506083115 -0.03336881198501488 -0.062036779361426687 0.031519621654829057 -0.002423107316843589 0.14075276985875149 0.076778491771882257 -0.001913606897175926 0.038123911370485312 0.010700981218896583 0.040711326185133512 -0.071119372969795661 -0.0067452007171207376 0.023392055608026738
leaf_weight=14 251 32 1135 81 136 11.999999999999998 9.9999999999999982 32 26 14 57 183 121 32
leaf_count=14 251 32 1135 81 136 12 10 32 26 14 57 183 121 32
internal_value=-0.0015824 0.010411 -0.00246231 0.00168016 0.00713992 0.025 0.00490566 0.00918919 0.0178972 0.0164286 -0.00383022 -0.00139889 0.00202247 0.0164286
internal_weight=2136 146 1990 494 243 40 106 74 107 28 1496 361 178 42
internal_count=2136 146 1990 494 243 40 106 74 107 28 1496 361 178 42
is_linear=0
shrinkage=0.05


Tree=17
num_leaves=15
num_cat=0
split_feature=0 5 22 5 22 4 0 0 22 0 22 22 5 22
split_gain=8.87234 7.00533 6.64624 2.46865 3.81847 5.68699 1.78846 1.46081 1.21905 1.08 1.03095 1.00399 0.735942 0.58125
threshold=22.825000000000003 452.54500000000002 0.70517752626968588 452.54500000000002 0.69287764045535594 25.635000000000002 20.940000000000001 20.295000000000005 0.7522548710148802 20.750000000000004 0.7957718639449195 0.94244501643309719 568.63000000000011 0.93038971866793763
decision_type=2 2 2 2 2 2 2 2 2 2 2 2 2 2
left_child=1 2 9 4 -2 10 -4 8 -3 -1 -6 12 -9 -8
right_child=3 7 6 -5 5 -7 13 11 -10 -11 -12 -13 -14 -15
leaf_value=0.03763734162838344 -0.062598650501854161 0.0061718606935932639 0.12376885903314538 -0.063820003708214085 0.03085067843309814 -0.031063190978339029 0.018255366403570696 0.002011243960654851 0.07300187691987628 -0.00075601794740566206 0.023688103840869702 0.021765617063640094 -0.03141283738598323 0.098525976907046953
leaf_weight=14.999999999999998 305 14.000000000000002 15.999999999999998 1093 35 149 32 34 9.9999999999999982 60 159 35 149 30
leaf_count=15 305 14 16 1093 35 149 32 34 10 60 159 35 149 30
internal_value=-0.00151217 0.00525316 0.0136274 -0.0030471 -0.000601853 0.00301749 0.0238462 -4.13235e-05 0.0116667 0.003 0.00865979 -0.00133028 -0.00281421 0.02
internal_weight=2136 395 153 1741 648 343 78 242 24 75 194 218 183 62
internal_count=2136 395 153 1741 648 343 78 242 24 75 194 218 183 62
is_linear=0
shrinkage=0.05


Tree=18
num_leaves=15
num_cat=0
split_feature=0 6 22 0 22 0 22 7 22 10 0 22 0 7
split_gain=7.20212 7.92479 5.31571 3.00879 2.81666 2.29032 2.04815 1.73159 0.960124 1.92788 1.29643 1.07429 0.760706 0.934309
threshold=23.915000000000003 14.790000000000001 0.5009122898073749 20.610000000000003 0.72914769978834015 20.295000000000005 0.93038971866793763 68.540000000000006 0.9239481815140983 -0.43784999999999996 26.415000000000003 0.9884946951290402 25.095000000000002 68.540000000000006
decision_type=2 2 2 2 2 2 2 2 2 2 2 2 2 2
left_child=1 2 -1 -4 -3 -6 -5 -7 -2 10 11 -10 13 -11
right_child=8 4 3 6 5 7 -8 -9 9 12 -12 -13 -14 -15
leaf_value=-0.028215714467772379 -0.063072954707768997 -0.047672289046359576 0.12217093310375644 0.017531386105382615 0.065094849119598244 0.01547155997156504 0.090876671947661636 -0.003743015131772616 0.039870693324958767 0.011396764422136911 -0.018713489222164127 0.023653538080104411 -0.060301803105917408 -0.026168775927886835
leaf_weight=56 995 312 13.999999999999998 81 11.999999999999998 98 49 186 17.000000000000004 47 11.999999999999998 10.999999999999998 178 68
leaf_count=56 995 312 14 81 12 98 49 186 17 47 12 11 178 68
internal_value=-0.00160581 0.00211634 0.01075 0.0158333 -0.000723685 0.00277027 0.0134615 0.0018662 -0.00387048 -0.00154655 0.00875 0.0146429 -0.00295222 0.00021739
internal_weight=2136 808 200 144 608 296 130 284 1328 333 40 28 293 115
internal_count=2136 808 200 144 608 296 130 284 1328 333 40 28 293 115
is_linear=0
shrinkage=0.05


Tree=19
num_leaves=15
num_cat=0
split_feature=5 23 23 23 5 23 6 23 5 23 1 6 23 1
split_gain=5.34944 6.18739 1.74027 2.28291 2.79227 1.63333 1.87778 0.796211 0.757488 0.495501 0.480539 0.47343 0.340521 0.331373
threshold=452.54500000000002 0.70897861563100306 0.60553543375389329 0.38242094458159287 380.89500000000004 0.64577863604729235 13.005000000000001 0.70897861563100306 739.99000000000012 0.92599062340417404 59.585000000000008 13.005000000000001 0.082689073440128144 67.38000000000001
decision_type=2 2 2 2 2 2 2 2 2 2 2 2 2 2
left_child=1 2 3 4 -1 13 -7 8 12 11 -5 -3 -2 -4
right_child=7 9 5 10 -6 6 -8 -9 -10 -11 -12 -13 -14 -15
leaf_value=0.089922519453512387 -0.033687590172901495 0.0032379397496936982 0.042919535917776454 0.0058956311801621596 0.012754163315944287 0.025512309838908634 -0.0030350258324706413 -0.10064195244387256 -0.061959581270901176 -0.062795612175981119 -0.0041740355624546146 -0.014892192978412523 -0.0017902454058516138 0.028214690140645995
leaf_weight=69 45 69 10.000000000000002 38 138 14.999999999999998 30 645 276 180 97 138 369 17
leaf_count=69 45 69 10 38 138 15 30 645 276 180 97 138 369 17
internal_value=-0.00148877 0.00174157 0.00599034 0.00450292 0.00780193 0.0130556 0.00722222 -0.00342697 -0.00224638 -0.00280362 -0.000555557 -0.00113527 -0.000893721 0.0227778
internal_weight=2136 801 414 342 207 72 45 1335 690 387 135 207 414 27
internal_count=2136 801 414 342 207 72 45 1335 690 387 135 207 414 27
is_linear=0
shrinkage=0.05


Tree=20
num_leaves=15
num_cat=0
split_feature=0 0 22 7 5 22 3 0 5 5 0 4 22 5
split_gain=8.30569 4.57433 5.32118 5.51658 3.40077 3.09215 1.96364 1.33643 0.73736 0.70185 0.896882 0.409041 0.796552 1.3965
threshold=20.750000000000004 24.405000000000005 0.69287764045535594 68.540000000000006 679.98000000000013 0.55923163791368669 60.000000000000007 23.305000000000003 739.99000000000012 420.44500000000005 21.990000000000006 25.635000000000002 0.76347624337813269 452.54500000000002
decision_type=2 2 2 2 2 2 2 2 2 2 2 2 2 2
left_child=4 2 9 7 5 6 -1 -4 -5 10 -2 12 -3 -14
right_child=1 11 3 8 -6 -7 -8 -9 -10 -11 -12 -13 13 -15
leaf_value=0.062832162606094324 0.025024194976619354 -0.064723926693169218 0.030515190524782878 0.001129098885336185 -0.0047277106400546408 0.095086452476271691 -0.013610660661205155 0.013638881458579669 -0.039775074933983565 -0.072071106749908007 -0.006564809315194777 -0.071525443221258214 0.011460276197817705 -0.2013645496097225
leaf_weight=10 15.999999999999998 152 124 124 19 27 12 133 135 308 90 867 60 59
leaf_count=10 16 152 124 124 19 27 12 133 135 308 90 867 60 59
internal_value=-0.00160581 -0.00217118 0.000430106 0.00381783 0.0155882 0.022551 0.00863636 0.00900778 -0.00133205 -0.00379227 -0.00028302 -0.00429701 -0.00260148 0.000462184
internal_weight=2136 2068 930 516 68 49 22 257 259 414 106 1138 271 119
internal_count=2136 2068 930 516 68 49 22 257 259 414 106 1138 271 119
is_linear=0
shrinkage=0.05


Tree=21
num_leaves=15
num_cat=0
split_feature=0 0 23 5 23 23 6 10 23 4 23 0 5 4
split_gain=6.06922 4.02632 4.86714 5.85863 2.5 1.4676 1.01426 1.01123 0.8 0.8 0.789721 0.539331 0.290506 0.585869
threshold=20.295000000000005 24.555000000000003 0.67165857384232497 452.54500000000002 0.76693674423623703 0.60553543375389329 13.005000000000001 1.0000000180025095e-35 0.39825772665344078 20.845000000000002 0.91936090643431534 21.265000000000004 452.54500000000002 25.085000000000004
decision_type=2 2 2 2 2 2 2 2 2 2 2 2 2 2
left_child=4 2 3 5 8 -2 10 -5 -1 -6 -4 -8 13 -3
right_child=1 12 6 7 9 -7 11 -9 -10 -11 -12 -13 -14 -15
leaf_value=0.11970289678406371 0.028941974562574031 0.0080608701378025917 0.018723861593149121 0.0030533113811836662 0.059690554475789616 0.026386478326774699 0.00095997338118948528 -0.012013676738908432 0.082546736612944038 -0.0039850893267003437 -0.035696225938463659 -0.053640457265508194 -0.11202562638157364 -0.027240021313065389
leaf_weight=10.000000000000002 166 29 36 119 10.000000000000002 24 38 190 9.9999999999999982 9.9999999999999982 31 419 680 364
leaf_count=10 166 29 36 119 10 24 38 190 10 10 31 419 680 364
internal_value=-0.00179307 -0.00216126 8.30878e-05 0.00361723 0.0175 0.0105263 -0.00328244 -0.000631069 0.03 0.005 0.00246269 -0.00412473 -0.00430103 -0.00321883
internal_weight=2136 2096 1023 499 40 190 524 309 20 20 67 457 1073 393
internal_count=2136 2096 1023 499 40 190 524 309 20 20 67 457 1073 393
is_linear=0
shrinkage=0.05


Tree=22
num_leaves=15
num_cat=0
split_feature=0 6 22 22 10 4 22 0 22 22 22 6 0 22
split_gain=5.22109 4.00553 4.08996 2.38249 2.46536 3.56193 2.62285 2.36121 1.28005 1.02566 0.966654 0.736809 1.11158 2.04961
threshold=22.795000000000005 16.460000000000004 0.70517752626968588 0.93655593853549179 1.0000000180025095e-35 26.790000000000003 0.99653827729370248 20.295000000000005 0.94244501643309719 0.9884946951290402 0.37744852145085445 13.005000000000001 24.505000000000006 0.54488935974326758
decision_type=2 2 2 2 2 2 2 2 2 2 2 2 2 2
left_child=1 2 10 11 5 6 -5 -4 -3 -9 -1 12 13 -2
right_child=3 8 7 4 -6 -7 -8 9 -10 -11 -12 -13 -14 -15
leaf_value=-0.024246505188116357 -0.037717948322937053 -0.016998844531161333 0.10553425631943213 0.027334650802795565 -0.040981511732067981 -0.077423401740001646 -0.012073502837854709 0.022389579521326673 0.025497794752447595 0.070395124071404566 0.023002408422884105 -0.04871040309665528 -0.019719029123813854 0.018727175508257338
leaf_weight=46 28 156 11.999999999999998 134 162 89 41 68 33 12.999999999999998 55 1166 104 29
leaf_count=46 28 156 12 134 162 89 41 68 33 13 55 1166 104 29
internal_value=-0.00193352 0.00335509 0.00840206 -0.00308899 0.000164318 0.00314394 0.00728571 0.0159677 -0.0018254 0.0129012 0.00143564 -0.00413338 -0.000962734 0.00464912
internal_weight=2136 383 194 1753 426 264 175 93 189 81 101 1327 161 57
internal_count=2136 383 194 1753 426 264 175 93 189 81 101 1327 161 57
is_linear=0
shrinkage=0.05


Tree=23
num_leaves=15
num_cat=0
split_feature=0 0 5 22 22 22 7 22 4 0 23 0 4 22
split_gain=5.32203 3.84312 4.9502 3.8812 2.025 2.01476 2.18145 1.40297 0.8 0.678401 0.45 0.231495 0.146266 0.383151
threshold=20.295000000000005 24.805000000000003 420.44500000000005 0.53038584004487344 0.70517752626968588 0.76347624337813269 68.540000000000006 0.93655593853549179 20.845000000000002 22.555000000000003 0.39825772665344078 20.750000000000004 26.765000000000004 0.94244501643309719
decision_type=2 2 2 2 2 2 2 2 2 2 2 2 2 2
left_child=4 2 3 9 8 11 -7 -5 -1 -2 -6 -4 13 -3
right_child=1 12 5 7 10 6 -8 -9 -10 -11 -12 -13 -14 -15
leaf_value=0.055555906330855942 0.0024107288952750928 -0.049935915903605334 0.013863243310989821 0.0086244011115476082 0.1084410391288889 0.010939700866229238 -0.0059110006434076384 0.068901319053758792 -0.0047359494459061789 -0.047865368622011781 0.07314268696632524 -0.047860712717498477 -0.11097799334936434 -0.010104758506847727
leaf_weight=10.000000000000002 27 319 14.999999999999998 123 10.000000000000002 130 263 69 9.9999999999999982 74 9.9999999999999982 431 564 81
leaf_count=10 27 319 15 123 10 130 263 69 10 74 10 431 564 81
internal_value=-0.00181648 -0.00216126 -0.000185514 0.00540956 0.01625 -0.00213945 0.000470737 0.00958333 0.005 -0.00252475 0.0275 -0.00443946 -0.00448133 -0.00375
internal_weight=2136 2096 1132 293 40 839 393 192 20 101 20 446 964 400
internal_count=2136 2096 1132 293 40 839 393 192 20 101 20 446 964 400
is_linear=0
shrinkage=0.05


Tree=24
num_leaves=15
num_cat=0
split_feature=0 0 22 5 22 4 11 5 0 8 8 4 22 20
split_gain=4.96457 3.69159 4.55826 4.43249 2.86189 2.01667 1.25 1.14831 0.895767 1.06702 0.424276 0.176981 0.437643 0.929915
threshold=20.090000000000003 24.805000000000003 0.74081089433267733 452.54500000000002 0.7957718639449195 20.845000000000002 -0.98919999999999997 739.99000000000012 21.855000000000004 9.6000000000000032 7.8100000000000014 26.765000000000004 0.9239481815140983 15014.405000000001
decision_type=2 2 2 2 2 2 2 2 2 2 2 2 2 2
left_child=5 2 8 4 -4 6 -1 -5 9 -2 -10 12 -3 -14
right_child=1 11 3 7 -6 -7 -8 -9 10 -11 -12 -13 13 -15
leaf_value=0.03171928425848284 0.014797321474110826 -0.049799739116369632 0.024711140150651536 0.0014493021157513236 0.018402786274630403 0.0067652902662814207 0.10301898717244447 -0.029083221771166203 -0.0015504208704451915 -0.0085321915504699107 -0.056404254009303295 -0.10542909368189612 0.010272900553398164 -0.035055871930376174
leaf_weight=10.000000000000002 34 310 28 211 184 9.9999999999999982 10.000000000000002 142 66 53 424 564 39 51
leaf_count=10 34 310 28 211 184 10 10 142 66 53 424 564 39 51
internal_value=-0.0018633 -0.002151 -0.000227672 0.0029646 0.00867924 0.0183333 0.0275 -0.000467423 -0.00335355 0.00132184 -0.00418367 -0.00442946 -0.003625 -0.000555557
internal_weight=2136 2106 1142 565 212 30 20 353 577 87 490 964 400 90
internal_count=2136 2106 1142 565 212 30 20 353 577 87 490 964 400 90
is_linear=0
shrinkage=0.05


Tree=25
num_leaves=15
num_cat=0
split_feature=4 5 4 22 22 22 22 4 20 22 4 1 22 22
split_gain=4.81974 5.58804 6.26095 4.88572 1.53938 1.5305 0.820014 1.28706 1.1126 1.18583 0.243391 0.0901149 0.0856987 0.536895
threshold=25.035000000000004 679.98000000000013 20.845000000000002 0.5009122898073749 0.7522548710148802 0.98575081589502089 0.9239481815140983 26.935000000000006 15014.405000000001 0.99653827729370248 22.245000000000001 53.080000000000005 0.74081089433267733 0.77447169083781808
decision_type=2 2 2 2 2 2 2 2 2 2 2 2 2 2
left_child=1 2 4 10 -1 -5 12 8 9 -8 -4 -3 -2 -14
right_child=6 11 3 5 -6 -7 7 -9 -10 -11 -12 -13 13 -15
leaf_value=0.063536753188574172 -0.098062180369528851 -0.022407866515345421 -0.0046096494373584389 0.0081088350678722877 0.090817879060308013 0.016621386246717045 0.024174148838562712 -0.078835154769314894 -0.020401458135259495 -0.025200690664305872 -0.047545312278581844 -0.062985740907176777 0.010597472409827514 -0.032383139386470465
leaf_weight=14.000000000000002 628 9.9999999999999982 28 325 11.999999999999998 57 89 156 49 28 162 290 38 250
leaf_count=14 628 10 28 325 12 57 89 156 49 28 162 290 38 250
internal_value=-0.00188671 0.000902003 0.00369565 0.00260489 0.0276923 0.00586387 -0.00390953 -0.00173913 0.0013253 0.00397436 -0.00394737 -0.00466667 -0.00467249 -0.00395833
internal_weight=2136 898 598 572 26 382 1238 322 166 117 190 300 916 288
internal_count=2136 898 598 572 26 382 1238 322 166 117 190 300 916 288
is_linear=0
shrinkage=0.05


Tree=26
num_leaves=15
num_cat=0
split_feature=4 5 22 4 22 22 4 22 4 20 22 2 6 22
split_gain=3.9965 4.23105 5.07781 3.69793 1.47689 0.879008 1.13638 0.818243 1.0699 1.08584 1.27945 0.36046 0.162637 0.456377
threshold=25.035000000000004 679.98000000000013 0.70517752626968588 20.845000000000002 0.98575081589502089 0.37744852145085445 23.305000000000003 0.94244501643309719 27.085000000000004 15014.405000000001 0.99653827729370248 5.4650000000000007 13.005000000000001 0.74081089433267733
decision_type=2 2 2 2 2 2 2 2 2 2 2 2 2 2
left_child=1 2 5 -4 -5 -1 -7 12 9 10 -9 -3 13 -2
right_child=7 11 3 4 -6 6 -8 8 -10 -11 -12 -13 -14 -15
leaf_value=-0.041874140823911568 -0.040578841778420111 -0.059203493240727025 0.083142050099796944 0.014951087253312262 0.015790316934381193 0.027520527239522752 -0.011296410497602459 0.025097281935529289 -0.083221116738376635 -0.023909642333045995 -0.025190297159656719 0.0079885387817279271 -0.057364683391718463 0.0010009138771309093
leaf_weight=139 77 290 14.999999999999998 233 57 64 90 83 126 50 30 9.9999999999999982 835 37
leaf_count=139 77 290 15 233 57 64 90 83 126 50 30 10 835 37
internal_value=-0.00202715 0.000512248 0.00294314 0.00745902 0.0062069 -0.00175768 0.000844155 -0.00386914 -0.00153979 0.00113497 0.00384956 -0.00433333 -0.0045785 -0.00280702
internal_weight=2136 898 598 305 290 293 154 1238 289 163 113 300 949 114
internal_count=2136 898 598 305 290 293 154 1238 289 163 113 300 949 114
is_linear=0
shrinkage=0.05


Tree=27
num_leaves=15
num_cat=0
split_feature=0 23 5 0 0 10 3 6 0 23 23 0 23 11
split_gain=4.8953 3.15443 5.18693 2.83733 2.15136 1.71143 1.25 1.096 1.1509 0.939441 0.728763 0.574921 0.863564 0.0965406
threshold=19.805000000000003 0.36647099799968202 380.89500000000004 23.315000000000001 24.635000000000002 1.0000000180025095e-35 60.000000000000007 13.005000000000001 24.885000000000002 0.91936090643431534 0.15101078994440373 23.545000000000005 0.86545531305655499 -0.99724999999999986
decision_type=2 2 2 2 2 2 2 2 2 2 2 2 2 2
left_child=6 2 3 -2 5 -4 -1 8 9 -3 -5 12 -9 -6
right_child=1 7 4 10 13 -7 -8 11 -10 -11 -12 -13 -14 -15
leaf_value=0.043430795383893057 0.092435435640570662 0.013697781443349169 0.016329651417750734 0.0071996054737319334 -0.028708706601008889 -0.0029282927466158398 0.08917004135581702 -0.00072418224427939475 -0.032564978222482534 -0.029220807860414717 0.032113275170445307 -0.05363016225451557 -0.04070368223873768 -0.041187133841522672
leaf_weight=10 18 80 134 20 66 99 10 243 85 35 27 963 186 160
leaf_count=10 18 80 134 20 66 99 10 243 85 35 27 963 186 160
internal_value=-0.00212079 -0.0023535 0.00101145 0.0142308 -0.000860568 0.00251073 0.0225 -0.00346106 -1.19209e-09 0.00326087 0.00776596 -0.00395833 -0.0024359 -0.00433628
internal_weight=2136 2116 524 65 459 233 20 1592 200 115 47 1392 429 226
internal_count=2136 2116 524 65 459 233 20 1592 200 115 47 1392 429 226
is_linear=0
shrinkage=0.05


Tree=28
num_leaves=15
num_cat=0
split_feature=4 23 5 4 23 0 5 0 23 3 9 23 23 4
split_gain=3.94075 4.70275 5.10071 2.5176 1.85005 1.24344 1.40254 0.644593 0.57797 0.93487 0.441654 0.314494 0.659933 1.2197
threshold=25.665000000000003 0.70897861563100306 452.54500000000002 20.845000000000002 0.59175731018202693 22.315000000000001 568.63000000000011 21.805000000000003 0.93234632485081093 60.000000000000007 0.37500000000000006 0.15101078994440373 0.082689073440128144 27.105000000000004
decision_type=2 2 2 2 2 2 2 2 2 2 2 2 2 2
left_child=1 2 3 -1 -5 6 -4 8 9 -3 -7 12 -2 -14
right_child=11 7 5 4 -6 10 -8 -9 -10 -11 -12 -13 13 -15
leaf_value=0.076583748209120672 -0.041582332718492376 0.037071705651261687 0.018272836285245193 0.011938614333661631 0.021396886068470899 0.0004776789833373447 0.00164000176694698 -0.03312424648202713 -0.022516304834375764 -0.0068501490286962717 -0.025671990322199412 -0.054195891443251112 0.021146382126375408 -0.053244492378845348
leaf_weight=12.999999999999998 64 20 11.999999999999998 206 51 64 63 453 42 29 169 906 21 23
leaf_count=13 64 20 12 206 51 64 63 453 42 29 169 906 21 23
internal_value=-0.00205056 -8.91385e-06 0.00313149 0.00814815 0.00706226 -0.00126623 0.00433333 -0.00334559 0.000494504 0.00418367 -0.00306867 -0.00430967 -0.00175926 0.00295454
internal_weight=2136 1122 578 270 257 308 75 544 91 49 233 1014 108 44
internal_count=2136 1122 578 270 257 308 75 544 91 49 233 1014 108 44
is_linear=0
shrinkage=0.05


Tree=29
num_leaves=15
num_cat=0
split_feature=0 22 6 22 0 22 6 0 7 22 0 22 10 6
split_gain=4.01341 3.38515 3.19374 2.14195 1.82048 0.880435 0.839098 0.691184 0.528146 1.07233 1.49922 1.7507 0.271277 0.261612
threshold=24.405000000000005 0.54488935974326758 16.460000000000004 0.58741554219704073 20.090000000000003 0.93038971866793763 30.380000000000006 20.090000000000003 62.400000000000006 0.74081089433267733 25.585000000000004 0.82594856731250699 1.0000000180025095e-35 13.005000000000001
decision_type=2 2 2 2 2 2 2 2 2 2 2 2 2 2
left_child=1 7 3 -3 -5 12 -7 -1 9 -2 11 -11 -4 -9
right_child=8 2 5 4 -6 6 -8 13 -10 10 -12 -13 -14 -15
leaf_value=0.035573673974207791 -0.052257661892522622 0.022338318043220864 -0.0014017480851794524 0.073011754462919298 0.013980289473790401 0.019812440587744683 -0.050579332345822792 -0.0097092860446740571 -0.081126108494953109 0.014781567356713772 -0.022525619022360201 0.0027863486906213922 -0.043333427024468844 -0.041715726787204158
leaf_weight=10.999999999999998 224 12.999999999999998 94 11.999999999999998 306 95 31 45 716 15.999999999999998 114 68 102 289
leaf_count=11 224 13 94 12 306 95 31 45 716 16 114 68 102 289
internal_value=-0.00200375 0.00031062 0.00242726 0.00587613 0.00506289 -0.00111801 0.00214286 -0.00369565 -0.00403339 -0.00263033 5.05039e-05 0.00511905 -0.00321429 -0.0041018
internal_weight=2136 998 653 331 318 322 126 345 1138 422 198 84 196 334
internal_count=2136 998 653 331 318 322 126 345 1138 422 198 84 196 334
is_linear=0
shrinkage=0.05


Tree=30
num_leaves=15
num_cat=0
split_feature=22 5 4 4 8 22 4 23 4 8 22 4 4 1
split_gain=3.67235 4.04776 2.20783 2.05324 2.00254 1.71905 1.24632 1.03939 0.843912 1.53934 1.18523 0.745716 0.833478 0.404306
threshold=0.74081089433267733 380.89500000000004 23.395000000000003 26.525000000000002 17.745000000000005 0.91024686087223017 21.465000000000003 0.23537026727555119 23.305000000000003 9.6000000000000032 0.37744852145085445 25.870000000000001 24.475000000000005 70.970000000000013
decision_type=2 2 2 2 2 2 2 2 2 2 2 2 2 2
left_child=8 2 5 4 6 -2 -3 -7 9 10 -1 12 -4 -12
right_child=1 3 11 -5 -6 7 -8 -9 -10 -11 13 -13 -14 -15
leaf_value=-0.018166902837145751 0.01682440015460146 0.028109515998879998 0.0046709291810365971 -0.049244724985891025 -0.091428780534241277 0.044395225847100213 0.0027622845092113435 0.09583394283875496 -0.055940215321025458 -0.018436472271763777 0.026369489816707045 -0.0089274908657554115 0.0070331080447759362 0.033794993642211731
leaf_weight=30 13.999999999999998 9.9999999999999982 30 340 126 11.000000000000002 427 9.9999999999999982 888 137 38 31 33 10.999999999999998
leaf_count=30 14 10 30 340 126 11 427 10 888 137 38 31 33 11
internal_value=-0.0018633 0.000281007 0.00856589 -0.000902548 0.000950265 0.0192857 0.00255149 0.0283333 -0.00386775 -0.00106482 0.00449367 0.00457447 0.00769841 0.00928571
internal_weight=2136 1032 129 903 563 35 437 21 1104 216 79 94 63 49
internal_count=2136 1032 129 903 563 35 437 21 1104 216 79 94 63 49
is_linear=0
shrinkage=0.05


Tree=31
num_leaves=15
num_cat=0
split_feature=22 10 0 0 0 0 6 1 0 22 1 1 1 0
split_gain=3.67487 4.28827 2.56322 2.30569 2.13829 1.87888 1.28734 1.16638 1.05726 1.50347 0.925231 0.686813 2.03462 0.45065
threshold=0.93655593853549179 -0.43784999999999996 19.805000000000003 24.635000000000002 24.535000000000004 23.575000000000003 14.790000000000001 52.555000000000014 25.785000000000004 0.5009122898073749 71.465000000000018 60.830000000000005 68.100000000000009 23.545000000000005
decision_type=2 2 2 2 2 2 2 2 2 2 2 2 2 2
left_child=2 5 -1 4 7 10 8 -3 9 -4 -2 -7 -13 -8
right_child=1 3 6 -5 -6 11 13 -9 -10 -11 -12 12 -14 -15
leaf_value=0.0588444220019263 0.079946918487633717 0.061070204367227057 -0.02395427944942452 -0.032141351161148558 0.006690215754039614 -0.0079913859868611208 -0.0068210349881493914 0.0026505580459236099 -0.041295965182085254 0.0053245617488366899 0.085658723591210559 0.033781837451271307 -0.0040400316206271143 -0.055898471558927146
leaf_weight=15.999999999999998 12.000000000000002 13.999999999999998 125 215 11.999999999999998 13.999999999999998 378 200 109 170 10.999999999999998 10.000000000000002 15.999999999999998 834
leaf_count=16 12 14 125 215 12 14 378 200 109 170 11 10 16 834
internal_value=-0.00188671 0.00184524 -0.00303922 0.00010204 0.00362832 0.0140476 -0.00323639 0.00247663 -0.00079208 0.000762711 0.0254348 0.0075 0.0123077 -0.00405116
internal_weight=2136 504 1632 441 226 63 1616 214 404 295 23 40 26 1212
internal_count=2136 504 1632 441 226 63 1616 214 404 295 23 40 26 1212
is_linear=0
shrinkage=0.05


Tree=32
num_leaves=15
num_cat=0
split_feature=0 22 5 1 5 0 22 0 22 22 22 4 7 2
split_gain=3.94861 4.08809 3.50006 2 1.82983 2.41672 1.85781 1.6677 0.903032 0.339662 0.747604 1.23106 0.26041 0.444407
threshold=24.635000000000002 0.93038971866793763 380.89500000000004 71.065000000000012 568.63000000000011 19.805000000000003 0.5009122898073749 24.535000000000004 0.94805520968785773 0.74081089433267733 0.77447169083781808 26.665000000000003 68.540000000000006 0.58500000000000008
decision_type=2 2 2 2 2 2 2 2 2 2 2 2 2 2
left_child=1 4 3 -3 5 -1 -7 8 -4 -2 11 -11 13 -12
right_child=9 2 7 -5 -6 6 -8 -9 -10 10 12 -13 -14 -15
leaf_value=0.064152856085658502 -0.09196082477260048 0.072201350899287906 0.029767738359563409 0.079068733870456764 -0.031920924398884512 -0.020591042126029038 0.0036986865735417502 0.005847879281673859 0.0016702870423709187 0.017620297641680296 -0.009427261655016974 -0.04022806937806591 -0.072970499569427527 0.0032101812890145444
leaf_weight=9.9999999999999982 544 24 34 11.999999999999998 402 172 238 13.999999999999998 188 11.000000000000002 222 12.999999999999998 239 12.999999999999998
leaf_count=10 544 24 34 12 402 172 238 14 188 11 222 13 239 13
internal_value=-0.00193352 0.000164533 0.00547794 0.02 -0.00159368 0.000714285 0.00012195 0.00326271 0.00220721 -0.00413628 -0.00319277 0.00541667 -0.00362869 -0.00244681
internal_weight=2136 1094 272 36 822 420 410 236 222 1042 498 24 474 235
internal_count=2136 1094 272 36 822 420 410 236 222 1042 498 24 474 235
is_linear=0
shrinkage=0.05


Tree=33
num_leaves=15
num_cat=0
split_feature=22 4 6 4 11 22 4 6 22 22 22 4 22 4
split_gain=3.34261 3.40858 2.64972 2.80998 2.35742 0.854208 0.635962 0.86753 0.769689 0.495199 0.852632 0.142857 0.0667435 0.214669
threshold=0.70517752626968588 27.025000000000002 30.380000000000006 23.395000000000003 -0.89854999999999985 0.99653827729370248 24.905000000000005 13.005000000000001 0.40907743338811486 0.45560143098769151 0.58741554219704073 23.305000000000003 0.99496844910615079 27.775000000000002
decision_type=2 2 2 2 2 2 2 2 2 2 2 2 2 2
left_child=6 2 3 4 -2 -5 7 8 -1 -9 -11 -10 -3 -14
right_child=1 12 -4 5 -6 -7 -8 9 11 10 -12 -13 13 -15
leaf_value=-0.019022442643789533 0.013731628155769152 -0.066264360877161074 -0.089670894245981445 0.0025562908250486788 0.065554529063896597 -0.019986931028235299 -0.078034188556178496 -0.044702629246609567 0.032785440432878614 0.0044355222267987732 -0.037313474321393029 0.002466017987547918 -0.0057963232635255381 -0.092250400069302255
leaf_weight=24 59 255 135 502 52 58 610 218 14.000000000000002 80 72 13.999999999999998 12.999999999999998 30
leaf_count=24 59 255 135 502 52 58 610 218 14 80 72 14 13 30
internal_value=-0.00183989 7.24626e-05 0.00176179 0.00304769 0.0103153 0.00160714 -0.00388566 -0.00239337 0.00365384 -0.00324324 -0.00105263 0.00928571 -0.00449665 -0.00267442
internal_weight=2136 1104 806 671 111 560 1032 422 52 370 152 28 298 43
internal_count=2136 1104 806 671 111 560 1032 422 52 370 152 28 298 43
is_linear=0
shrinkage=0.05


Tree=34
num_leaves=15
num_cat=0
split_feature=0 22 5 22 22 6 4 0 5 22 4 22 1 1
split_gain=3.39534 3.76604 2.4267 2.57532 1.5401 0.861578 1.24078 0.544091 0.791913 1.07143 0.379135 0.776562 1.01787 2.65487
threshold=24.805000000000003 0.54488935974326758 452.54500000000002 0.58741554219704073 0.93655593853549179 30.380000000000006 22.435000000000006 21.805000000000003 452.54500000000002 0.37744852145085445 26.935000000000006 0.70517752626968588 65.590000000000018 63.985000000000007
decision_type=2 2 2 2 2 2 2 2 2 2 2 2 2 2
left_child=1 7 3 -3 -5 6 -4 8 9 -1 11 -2 13 -13
right_child=10 2 5 4 -6 -7 -8 -9 -10 -11 -12 12 -14 -15
leaf_value=-0.0056634407839581367 -0.069427148687925294 0.010368898360435778 0.023673652398627926 0.0031895901008359047 0.03124615849558865 -0.076561849329361983 0.00016449895507539562 -0.044170393686499859 -0.012397541090775328 0.038106745407964063 -0.081047654699867161 -0.0072335904779530615 -0.014786484439665985 0.024128732042187278
leaf_weight=14.000000000000002 219 11.999999999999998 14.999999999999998 171 108 93 366 340 43 9.9999999999999982 533 77 110 25
leaf_count=14 219 12 15 171 108 93 366 340 43 10 533 77 110 25
internal_value=-0.00181648 -8.53362e-06 0.00205882 0.00565292 0.00467742 -0.000147681 0.000905511 -0.00389435 0.000223879 0.0075 -0.00401452 -0.00291183 -0.000754718 0.00284314
internal_weight=2136 1172 765 291 279 474 381 407 67 24 964 431 212 102
internal_count=2136 1172 765 291 279 474 381 407 67 24 964 431 212 102
is_linear=0
shrinkage=0.05


Tree=35
num_leaves=15
num_cat=0
split_feature=0 23 5 4 23 1 23 0 5 1 5 23 1 0
split_gain=3.01311 3.07502 1.78316 1.93399 1.83067 0.604209 0.997151 0.365177 0.76753 0.325926 0.296964 0.542719 0.689872 1.29378
threshold=24.825000000000003 0.83846383739339581 739.99000000000012 20.725000000000005 0.81922450700169669 56.180000000000007 0.38242094458159287 21.805000000000003 420.44500000000005 72.675000000000026 452.54500000000002 0.70897861563100306 66.750000000000014 26.155000000000005
decision_type=2 2 2 2 2 2 2 2 2 2 2 2 2 2
left_child=1 2 3 -1 -5 6 -4 8 -3 -10 11 12 13 -2
right_child=10 7 5 4 -6 -7 -8 -9 9 -11 -12 -13 -14 -15
leaf_value=0.052558376720295341 0.010263325635020852 0.016966283552493047 0.021178673858145081 0.002685334231119104 0.022299912327567794 -0.033697094717456695 -0.060525590698747439 -0.04208279020242886 -0.014440003253527643 0.030194109868679476 -0.078904232593797669 -0.051449336481477759 -0.01396729943807961 -0.043882874742763249
leaf_weight=15.999999999999998 55 12.999999999999998 13.000000000000002 546 17 167 13.999999999999998 341 44 9.9999999999999982 604 173 83 40
leaf_count=16 55 13 13 546 17 167 14 341 44 10 604 173 83 40
internal_value=-0.00207397 -0.000385268 0.0014683 0.00285838 0.00237122 -0.00268041 0.00425926 -0.00389706 -0.000522389 -0.00314815 -0.0041623 -0.0030057 -0.00106742 0.0018421
internal_weight=2136 1181 773 579 563 194 27 408 67 54 955 351 178 95
internal_count=2136 1181 773 579 563 194 27 408 67 54 955 351 178 95
is_linear=0
shrinkage=0.05


Tree=36
num_leaves=15
num_cat=0
split_feature=0 22 10 22 4 0 22 4 22 1 1 0 6 1
split_gain=2.70336 3.00133 1.81617 1.92665 1.53683 1.15874 0.581251 0.384443 0.633447 0.990041 1.67114 0.365177 0.76753 0.325926
threshold=24.825000000000003 0.54488935974326758 1.0000000180025095e-35 0.55923163791368669 22.785000000000004 20.750000000000004 0.9884946951290402 26.935000000000006 0.70517752626968588 65.50500000000001 63.985000000000007 21.805000000000003 14.790000000000001 72.675000000000026
decision_type=2 2 2 2 2 2 2 2 2 2 2 2 2 2
left_child=1 11 3 -3 -5 -4 -7 8 -2 10 -10 12 -1 -14
right_child=7 2 5 4 -6 6 -8 -9 9 -11 -12 -13 13 -15
leaf_value=0.016117969374868393 -0.062637059604741849 0.010492627872950326 0.024786282956463582 0.04323447461273585 0.0023443390046250885 -0.012399642496699151 0.0013153567317992392 -0.075387158146964395 -0.0054548682690279942 -0.013257525872747908 0.024565919697433297 -0.039978650692307417 -0.013718003090851258 0.028684404375245512
leaf_weight=12.999999999999998 218 9.9999999999999982 9.9999999999999982 77 396 236 44 529 73 112 23 341 44 9.9999999999999982
leaf_count=13 218 10 10 77 396 236 44 529 73 112 23 341 44 10
internal_value=-0.00202715 -0.000427605 0.00140362 0.00328157 0.00282241 -0.00172414 -0.00232143 -0.00400524 -0.00288733 -0.000913463 0.0028125 -0.00389706 -0.000522389 -0.00314815
internal_weight=2136 1181 773 483 473 290 280 955 426 208 96 408 67 54
internal_count=2136 1181 773 483 473 290 280 955 426 208 96 408 67 54
is_linear=0
shrinkage=0.05


Tree=37
num_leaves=15
num_cat=0
split_feature=24 4 6 4 4 4 6 1 4 24 1 5 1 1
split_gain=2.14575 2.59009 2.21996 1.81958 1.07996 0.402851 0.724741 0.255562 0.205538 0.279379 0.36937 0.126421 0.0942529 8.88178e-16
threshold=1.5000000000000002 26.825000000000003 30.380000000000006 20.725000000000005 24.995000000000001 23.625000000000004 13.005000000000001 76.220000000000013 27.745000000000001 2.5000000000000004 62.170000000000009 452.54500000000002 55.705000000000005 73.610000000000014
decision_type=2 2 2 2 2 2 2 2 2 2 2 2 2 2
left_child=5 2 3 -2 -5 6 -1 11 9 -3 -11 -8 -4 -7
right_child=1 8 12 4 -6 13 7 -9 -10 10 -12 -13 -14 -15
leaf_value=0.015304638220539802 0.046052957970463507 -0.053327520195399929 -0.068873513775261297 0.0059545046558206437 -0.0015880754804051191 -0.078074632598411173 -0.0088655087328514195 0.023409553687946463 -0.084356606733821948 0.0029052050328056706 -0.013482646193662197 -0.0409978536772833 -0.090472766687737849 -0.087336662090496592
leaf_weight=14.999999999999998 18 72 9.9999999999999982 408 405 477 46 10.999999999999998 281 28 54 84 164 63
leaf_count=15 18 72 10 408 405 477 46 11 281 28 54 84 164 63
internal_value=-0.00207397 -0.000972223 0.000422884 0.00149819 0.00115006 -0.00435345 -0.00211539 -0.00322695 -0.0041954 -0.00272727 -0.000731709 -0.00384616 -0.00471264 -0.005
internal_weight=2136 1440 1005 831 813 696 156 141 435 154 82 130 174 540
internal_count=2136 1440 1005 831 813 696 156 141 435 154 82 130 174 540
is_linear=0
shrinkage=0.05


Tree=38
num_leaves=15
num_cat=0
split_feature=22 0 0 0 20 6 0 22 4 5 22 5 22 22
split_gain=2.65621 2.78171 1.53778 1.16309 1.36031 1.09114 1.16378 0.696209 1.23106 0.528696 0.705645 0.484437 0.740233 0.57583
threshold=0.74081089433267733 24.635000000000002 20.090000000000003 21.505000000000006 16775.780000000002 30.380000000000006 24.535000000000004 0.77447169083781808 26.665000000000003 380.89500000000004 0.9239481815140983 420.44500000000005 0.5009122898073749 0.55923163791368669
decision_type=2 2 2 2 2 2 2 2 2 2 2 2 2 2
left_child=3 2 -2 4 -1 6 -4 8 -3 10 -9 12 -5 -14
right_child=1 7 5 11 -6 -7 -8 9 -10 -11 -12 -13 13 -15
leaf_value=-0.011460743894892912 0.058149940162749082 0.013742973855375729 0.0054435408411115521 -0.023005316990216178 0.027012134681716871 -0.045516341381511304 0.0026905998519474242 -0.0040416919146508551 -0.0250096230201893 -0.031065057766845802 0.0048154852770773042 -0.057082009792440352 0.0054425095772632657 -0.0027104441709130574
leaf_weight=53 11.999999999999998 11.000000000000002 441 162 23 64 17 25 12.999999999999998 418 31 768 23 75
leaf_count=53 12 11 441 162 23 64 17 25 13 418 31 768 23 75
internal_value=-0.00202715 -0.00020349 0.00230337 -0.00373189 0.00223684 0.00189655 0.00275109 -0.00289157 0.00541667 -0.00331224 0.00125 -0.00417315 -0.00230769 0.00112245
internal_weight=2136 1032 534 1104 76 522 458 498 24 474 56 1028 260 98
internal_count=2136 1032 534 1104 76 522 458 498 24 474 56 1028 260 98
is_linear=0
shrinkage=0.05


Tree=39
num_leaves=15
num_cat=0
split_feature=0 22 5 20 22 4 10 22 22 4 4 9 6 5
split_gain=2.85336 2.29857 3.6122 2.08925 1.63131 1.4925 1.66422 1.30386 0.901904 0.714706 0.45 0.386842 0.373718 0.324421
threshold=22.605000000000004 0.90299113182541202 380.89500000000004 16775.780000000002 0.69287764045535594 27.265000000000004 -0.013599999999999998 0.40907743338811486 0.99653827729370248 23.965000000000003 24.995000000000001 0.36000000000000004 30.380000000000006 679.98000000000013
decision_type=2 2 2 2 2 2 2 2 2 2 2 2 2 2
left_child=1 3 -3 13 -2 6 8 -5 -6 11 -11 -4 -8 -1
right_child=4 2 9 7 5 -7 12 -9 -10 10 -12 -13 -14 -15
leaf_value=-0.0020026391815895187 -0.052784682109978477 0.070960949569687376 0.056184945762356567 -0.0080596779923567709 0.0056460155242235924 -0.055222198937379355 -0.0027716764074743588 0.019105680783482064 -0.016736796082739879 0.023521345498249639 0.020213602678433071 -0.0038484200977054956 -0.10950173015556125 -0.031221877457304266
leaf_weight=96 831 14.999999999999998 9.9999999999999982 22 323 260 229 47 39 10.000000000000002 9.9999999999999982 38 115 91
leaf_count=96 831 15 10 22 323 260 229 47 39 10 10 38 115 91
internal_value=-0.00198034 0.00222714 0.00945783 -0.000117189 -0.00277407 -0.00137681 -0.000184137 0.00731884 0.00218232 0.00455882 0.0125 0.00125 -0.00267442 -0.00286096
internal_weight=2136 339 83 256 1797 966 706 69 362 68 20 48 344 187
internal_count=2136 339 83 256 1797 966 706 69 362 68 20 48 344 187
is_linear=0
shrinkage=0.05


Tree=40
num_leaves=15
num_cat=0
split_feature=0 23 7 23 0 4 6 4 0 7 4 23 1 1
split_gain=3.03273 2.89045 2.12485 1.81574 2.20119 1.58466 0.764881 0.819001 0.688022 1.01909 0.384443 0.488554 0.846612 1.82254
threshold=24.825000000000003 0.86545531305655499 62.400000000000006 0.82896682450762904 23.180000000000003 20.725000000000005 30.380000000000006 24.615000000000006 21.805000000000003 55.750000000000007 26.935000000000006 0.70897861563100306 65.50500000000001 63.985000000000007
decision_type=2 2 2 2 2 2 2 2 2 2 2 2 2 2
left_child=1 2 3 5 -5 -1 7 -4 9 -3 11 12 13 -2
right_child=10 8 6 4 -6 -7 -8 -9 -10 -11 -12 -13 -14 -15
leaf_value=0.041516914758305663 -0.0042073789586898249 0.024949892396602849 0.0028979188033060968 0.00010464434661290947 0.018248857340283454 0.005599863099588865 -0.05983082268739285 -0.0026730170410000434 -0.039877950564739015 -0.0081882053269262244 -0.067233462838275901 -0.053020930997218441 -0.012731017818151816 0.023545572439353346
leaf_weight=13.999999999999998 73 13.999999999999998 110 10.000000000000002 13.999999999999998 271 99 297 309 43 529 218 112 23
leaf_count=14 73 14 110 10 14 271 99 297 309 43 529 218 112 23
internal_value=-0.00191011 -0.00021592 0.00144172 0.00470874 0.0179167 0.00359649 -0.000553361 0.000405404 -0.00390711 0.00114035 -0.00400524 -0.00288733 -0.00115385 0.00229167
internal_weight=2136 1181 815 309 24 285 506 407 366 57 955 426 208 96
internal_count=2136 1181 815 309 24 285 506 407 366 57 955 426 208 96
is_linear=0
shrinkage=0.05


Tree=41
num_leaves=15
num_cat=0
split_feature=0 22 10 22 0 4 0 1 22 0 22 6 0 22
split_gain=3.00074 2.80968 1.95045 1.25362 2.15451 1.64519 0.934841 1.38283 1.03534 0.651283 0.902256 0.454384 0.399923 0.618259
threshold=24.825000000000003 0.5009122898073749 -0.013599999999999998 0.55923163791368669 23.180000000000003 20.725000000000005 21.440000000000005 65.590000000000018 0.9884946951290402 21.805000000000003 0.37744852145085445 14.790000000000001 26.815000000000001 0.5009122898073749
decision_type=2 2 2 2 2 2 2 2 2 2 2 2 2 2
left_child=1 9 3 4 -3 -5 7 -4 -8 10 -1 12 13 -2
right_child=11 2 6 5 -6 -7 8 -9 -10 -11 -12 -13 -14 -15
leaf_value=-0.013101126926795159 -0.057345075694293951 -0.0013858854905550663 0.019782183087190867 0.039441069020390358 0.015745910264844575 0.0043292255854883712 -0.0081665996546778363 -0.005324305454942559 0.0038995162214055922 -0.037884053036502059 0.024370296800558237 -0.053638175623430276 -0.057738778421810681 0.0019570315606593598
leaf_weight=42 52 13.000000000000002 14.999999999999998 13.999999999999998 15.999999999999998 365 316 18 58 309 14.999999999999998 724 74 105
leaf_count=42 52 13 15 14 16 365 316 18 58 309 15 724 74 105
internal_value=-0.00181648 -0.000131246 0.00150307 0.00394608 0.0139655 0.00317942 -0.000945947 0.00712121 -0.00165776 -0.00377049 0.00114035 -0.00390052 -0.0019697 -0.000541402
internal_weight=2136 1181 815 408 29 379 407 33 374 366 57 955 231 157
internal_count=2136 1181 815 408 29 379 407 33 374 366 57 955 231 157
is_linear=0
shrinkage=0.05


Tree=42
num_leaves=15
num_cat=0
split_feature=0 22 7 22 0 4 8 4 7 22 22 1 0 4
split_gain=2.70677 2.68045 2.20541 1.81574 2.20119 1.58466 0.727012 0.818448 0.501053 0.5445 0.847933 0.467603 0.984615 0.431504
threshold=24.825000000000003 0.5009122898073749 62.400000000000006 0.55923163791368669 23.180000000000003 20.725000000000005 17.745000000000005 24.185000000000006 62.400000000000006 0.74081089433267733 0.78523795966413312 76.065000000000012 22.475000000000005 26.525000000000002
decision_type=2 2 2 2 2 2 2 2 2 2 2 2 2 2
left_child=1 11 3 4 -3 -5 7 -4 9 -2 -11 -1 -13 -12
right_child=8 2 6 5 -6 -7 -8 -9 -10 10 13 12 -14 -15
leaf_value=-0.025841322919211436 -0.031748669755432085 0.00016870640381002125 0.0068548033622955681 0.037469015569370843 0.016549118960027052 0.0051034086653350087 -0.056430951570289316 -0.0012829200059873045 -0.062043252468765568 0.014278154213694057 0.00089459701695324871 0.023096926345531482 -0.078286436104758578 -0.018828210504721818
leaf_weight=340 183 10.000000000000002 75 13.999999999999998 13.999999999999998 271 99 332 604 10.999999999999998 77 10.000000000000002 15.999999999999998 80
leaf_count=340 183 10 75 14 14 271 99 332 604 11 77 10 16 80
internal_value=-0.00181648 -0.00021592 0.00138037 0.00470874 0.0179167 0.00359649 -0.000652175 0.000282554 -0.00379581 -0.00229345 -0.000238096 -0.00377049 0.00269231 -0.00117835
internal_weight=2136 1181 815 309 24 285 506 407 955 351 168 366 26 157
internal_count=2136 1181 815 309 24 285 506 407 955 351 168 366 26 157
is_linear=0
shrinkage=0.05


Tree=43
num_leaves=15
num_cat=0
split_feature=0 22 5 4 22 1 22 0 7 5 0 22 1 22
split_gain=2.41487 2.4169 1.74984 1.04953 0.745582 0.619263 0.997151 0.618133 1.01909 0.530555 0.544953 0.83756 0.640027 0.306977
threshold=24.845000000000002 0.5009122898073749 739.99000000000012 20.725000000000005 0.99781321377224363 56.180000000000007 0.94244501643309719 21.805000000000003 55.750000000000007 452.54500000000002 26.415000000000003 0.5009122898073749 66.750000000000014 0.37744852145085445
decision_type=2 2 2 2 2 2 2 2 2 2 2 2 2 2
left_child=1 7 3 -3 -5 6 -4 8 -1 10 11 -2 -13 -10
right_child=9 2 5 4 -6 -7 -8 -9 13 -11 -12 12 -14 -15
leaf_value=0.023603946521940762 -0.061858903540356593 0.033218140662298189 -0.054648888924172502 0.0032422713120537888 -0.015179768864353719 -0.02658618487065998 0.021415503924082591 -0.035013338992052882 -0.024691765947994132 -0.059068452650002184 -0.040423530110052092 0.0081744283417248022 -0.0082043723936164308 0.0048397762276380686
leaf_weight=13.999999999999998 71 18 14.000000000000002 564 34 177 12.999999999999998 313 33 598 134 77 66 9.9999999999999982
leaf_count=14 71 18 14 564 34 177 13 313 33 598 134 77 66 10
internal_value=-0.00179307 -0.000294119 0.00121951 0.0025487 0.00219063 -0.00279412 0.00425926 -0.00364865 0.00114035 -0.00367865 -0.00212644 -0.000560749 0.00164336 -0.00267442
internal_weight=2136 1190 820 616 598 204 27 370 57 946 348 214 143 43
internal_count=2136 1190 820 616 598 204 27 370 57 946 348 214 143 43
is_linear=0
shrinkage=0.05


Tree=44
num_leaves=15
num_cat=0
split_feature=0 6 0 22 20 22 10 0 22 22 22 6 0 22
split_gain=2.60352 2.08855 1.57655 1.56956 1.91678 1.08252 1.16754 1.44339 0.940388 0.700461 0.678508 0.417234 0.416698 0.317717
threshold=23.475000000000005 16.460000000000004 19.805000000000003 0.93655593853549179 16775.780000000002 0.5009122898073749 -0.013599999999999998 25.485000000000003 0.74081089433267733 0.55923163791368669 0.31288844364721724 30.380000000000006 22.315000000000001 0.9884946951290402
decision_type=2 2 2 2 2 2 2 2 2 2 2 2 2 2
left_child=1 2 -1 10 -5 -2 7 9 -3 -7 -4 12 -10 -8
right_child=5 8 3 4 -6 6 13 -9 11 -11 -12 -13 -14 -15
leaf_value=0.05651751465646912 -0.083552115088568801 -0.041677005694763181 -0.015729026820750308 0.058839215130223881 -5.0782175954751206e-05 0.0074350130276620288 -0.032518985670430003 -0.019166283061690773 0.010281319423878861 0.0017384744113212022 0.0033951451384390675 -0.019124577697973669 3.0953546996128832e-05 -0.0025873672699930962
leaf_weight=10.999999999999998 471 164 51 35 33 18 438 246 39 248 187 38 69 88
leaf_count=11 471 164 51 35 33 18 438 246 39 248 187 38 69 88
internal_value=-0.00188671 0.00082137 0.00367508 0.00300653 0.00970588 -0.00301193 -0.00210983 -0.000410157 -0.00209678 0.00214286 0.00109244 0.000821917 0.00240741 -0.00376426
internal_weight=2136 627 317 306 68 1509 1038 512 310 266 238 146 108 526
internal_count=2136 627 317 306 68 1509 1038 512 310 266 238 146 108 526
is_linear=0
shrinkage=0.05


Tree=45
num_leaves=15
num_cat=0
split_feature=5 4 22 6 22 22 4 4 6 22 22 22 22 1
split_gain=2.36033 1.89014 1.40523 1.24776 1.23912 1.23256 1.10425 0.941719 1.16046 0.777263 0.564432 0.581018 0.500408 0.412323
threshold=452.54500000000002 23.645000000000003 0.93655593853549179 13.005000000000001 0.5009122898073749 0.72914769978834015 27.175000000000004 27.745000000000001 30.380000000000006 0.58741554219704073 0.31288844364721724 0.82594856731250699 0.97186771644114334 50.965000000000011
decision_type=2 2 2 2 2 2 2 2 2 2 2 2 2 2
left_child=1 2 10 -4 -3 -2 9 8 13 -6 -1 -12 -5 -7
right_child=5 4 3 12 6 7 -8 -9 -10 -11 11 -13 -14 -15
leaf_value=-0.011805409070460581 -0.047534687743636332 -0.04045574463594398 -0.0073991667644525156 0.063159686046275976 0.007072381384586649 0.046434741174339905 -0.042260822723215269 -0.063409462332675789 -0.064369146258659762 0.00047526360773670907 0.01391768716860322 -0.0088946291864535655 0.023292583110408063 0.00066592109027256913
leaf_weight=34 675 189 12.999999999999998 18 27 13.999999999999998 76 155 130 302 93 33 15.999999999999998 361
leaf_count=34 675 189 13 18 27 14 76 155 130 302 93 33 16 361
internal_value=-0.00183989 0.000305866 0.00442029 0.0120213 -0.00112795 -0.00312734 0.000432098 -0.00159091 -0.000544556 0.00168693 0.0021875 0.00373016 0.0170588 0.000866665
internal_weight=2136 801 207 47 594 1335 405 660 505 329 160 126 34 375
internal_count=2136 801 207 47 594 1335 405 660 505 329 160 126 34 375
is_linear=0
shrinkage=0.05


Tree=46
num_leaves=15
num_cat=0
split_feature=22 4 10 6 4 4 1 22 4 22 23 6 4 4
split_gain=2.20033 2.19054 1.96641 1.32946 1.33563 1.08148 1.09164 0.597084 0.705128 0.533824 1.38724 0.527453 0.724884 0.381599
threshold=0.70517752626968588 27.265000000000004 1.0000000180025095e-35 13.005000000000001 23.995000000000001 20.845000000000002 71.740000000000023 0.54488935974326758 27.045000000000005 0.31288844364721724 0.85671078145001467 30.380000000000006 24.615000000000006 23.995000000000001
decision_type=2 2 2 2 2 2 2 2 2 2 2 2 2 2
left_child=3 2 5 4 9 -2 -7 -6 -9 -1 -11 12 -4 -5
right_child=1 -3 11 13 7 6 -8 8 -10 10 -12 -13 -14 -15
leaf_value=-0.0030174745247678078 0.031035879257935595 -0.038704858098207791 0.0050317610168012575 -0.010615156618488948 -0.019546031887547784 0.0070835418070334449 -0.0046234559161031875 0.0082627797391223168 -0.044435444546942086 0.018720228955534182 0.015498018054934956 -0.0617879462713955 -0.0085618027708659877 -0.053320605334782084
leaf_weight=9.9999999999999982 13.999999999999998 254 45 243 69 409 115 15.000000000000002 10.999999999999998 13.000000000000002 10.999999999999998 135 132 660
leaf_count=10 14 254 45 243 69 409 115 15 11 13 11 135 132 660
internal_value=-0.00188671 -0.000335146 0.000882352 -0.00354651 0.00120155 0.00271375 0.00234733 -0.00184211 0.00461538 0.00970588 0.01375 -0.00227564 -0.000480227 -0.00422481
internal_weight=2136 1104 850 1032 129 538 524 95 26 34 24 312 177 903
internal_count=2136 1104 850 1032 129 538 524 95 26 34 24 312 177 903
is_linear=0
shrinkage=0.05


Tree=47
num_leaves=15
num_cat=0
split_feature=5 0 22 22 0 1 22 22 22 0 6 0 0 4
split_gain=2.36033 2.22821 1.28948 1.42398 1.75527 1.18895 1.17955 1.11284 1.02037 1.27867 1.72098 0.796462 0.616159 1.01428
threshold=452.54500000000002 23.305000000000003 0.5009122898073749 0.55923163791368669 24.885000000000002 79.030000000000015 0.31288844364721724 0.44022217077093501 0.86275003778655002 22.315000000000001 24.295000000000005 26.815000000000001 25.275000000000002 25.505000000000006
decision_type=2 2 2 2 2 2 2 2 2 2 2 2 2 2
left_child=1 5 -3 4 -4 6 -1 -8 -2 10 -10 -5 13 -11
right_child=8 2 3 11 -6 -7 7 -9 9 12 -12 -13 -14 -15
leaf_value=-0.01302137743032962 -0.030064959789027929 -0.042712311443907608 0.007304233617052569 0.00048148105201495676 -0.0049564332110137374 0.035177624736015732 0.0079024160353144742 0.017728833822386294 0.020181767204461819 -0.014689587491412468 -0.00056864381746546606 -0.043060077021869016 -0.044147264140974384 0.0042498979759485718
leaf_weight=32 870 185 11.000000000000002 306 11.999999999999998 11.999999999999998 18 149 15.999999999999998 123 25 76 168 133
leaf_count=32 870 185 11 306 12 12 18 149 16 123 25 76 168 133
internal_value=-0.00183989 0.000305866 -0.00127119 0.000308641 0.0123913 0.00471564 0.00379397 0.00547904 -0.00312734 -0.00123656 0.00719512 -0.000418849 -0.00205189 -0.000507814
internal_weight=2136 801 590 405 23 211 199 167 1335 465 41 382 424 256
internal_count=2136 801 590 405 23 211 199 167 1335 465 41 382 424 256
is_linear=0
shrinkage=0.05


Tree=48
num_leaves=15
num_cat=0
split_feature=4 23 6 4 23 6 4 6 23 23 23 4 3 4
split_gain=2.2653 2.31183 2.44466 1.55781 0.791311 0.551607 0.259212 0.836676 0.241783 0.154973 0.433555 0.10112 0.262733 0.508696
threshold=27.025000000000002 0.91245913578114801 30.380000000000006 23.765000000000004 0.35041260675351149 13.005000000000001 23.855000000000004 13.005000000000001 0.94422823979932036 0.099818867260593996 0.065534810592492068 27.265000000000004 60.000000000000007 27.145000000000003
decision_type=2 2 2 2 2 2 2 2 2 2 2 2 2 2
left_child=1 2 3 4 -1 -5 7 -3 -9 10 -2 12 -11 -14
right_child=9 6 -4 5 -6 -7 -8 8 -10 11 -12 -13 13 -15
leaf_value=0.047010467188301999 -0.036839062448626718 0.0036053227126964411 -0.071152643757805986 0.0030585137807568694 0.0076651655304283131 -0.00028074336633509108 -0.073122041508458593 -0.0071520304358095839 -0.025983410514905637 -0.043550067289830505 0.0076309565267109677 -0.059725240723780409 -0.036012258241081882 0.0055224737911195578
leaf_weight=65 29 13.999999999999998 195 112 172 621 260 28 85 47 13.999999999999998 471 13.000000000000002 9.9999999999999982
leaf_count=65 29 14 195 112 172 621 260 28 85 47 14 471 13 10
internal_value=-0.00174626 -0.000747424 0.000364806 0.00139175 0.00491561 0.000252386 -0.00409561 -0.0022441 -0.00367257 -0.00440069 -0.00151163 -0.00463032 -0.00285714 0.00152174
internal_weight=2136 1552 1165 970 237 733 387 127 113 584 43 541 70 23
internal_count=2136 1552 1165 970 237 733 387 127 113 584 43 541 70 23
is_linear=0
shrinkage=0.05


Tree=49
num_leaves=15
num_cat=0
split_feature=0 23 5 0 1 23 0 23 4 1 1 23 1 1
split_gain=2.15386 1.90923 1.89311 1.72088 1.33405 1.16863 0.561703 0.481339 0.732935 0.72102 1.47902 0.210536 0.175383 0.0951219
threshold=24.865000000000006 0.94975093725139803 568.63000000000011 19.805000000000003 79.030000000000015 0.50555750738881688 21.145000000000003 0.70897861563100306 27.745000000000001 65.50500000000001 63.985000000000007 0.68430231102288386 71.740000000000023 76.795000000000016
decision_type=2 2 2 2 2 2 2 2 2 2 2 2 2 2
left_child=1 2 3 -1 -5 6 -4 8 9 10 -2 -7 -11 -3
right_child=7 13 5 4 -6 11 -8 -9 -10 12 -12 -13 -14 -15
leaf_value=0.052256812203924197 -0.0013061997197049309 -0.043661937273629776 0.028546531730704608 0.00207130486309772 0.030323960130313937 -0.0064819639214378846 0.00019899206647907612 -0.057730171104263775 -0.046706494071893423 -0.0078612220464392719 0.02685682028639047 -0.035000033228325185 -0.012167348109134652 -0.067921314702781746
leaf_weight=10.999999999999998 93 195 11.999999999999998 475 12.999999999999998 95 199 474 196 87 25 187 64 9.9999999999999982
leaf_count=11 93 195 12 475 13 95 199 474 196 87 25 187 64 10
internal_value=-0.00176966 -0.00036341 0.000544354 0.00271543 0.00227459 -0.00165315 0.00116114 -0.0035623 -0.00241936 -0.000724908 0.00220339 -0.00375887 -0.00301325 -0.0047561
internal_weight=2136 1197 992 499 488 493 211 939 465 269 118 282 151 205
internal_count=2136 1197 992 499 488 493 211 939 465 269 118 282 151 205
is_linear=0
shrinkage=0.05


Tree=50
num_leaves=15
num_cat=0
split_feature=4 22 6 4 0 22 0 22 22 1 4 22 9 0
split_gain=1.97302 2.20211 2.04953 1.65329 0.921539 0.836547 0.344857 0.175533 0.525 0.079932 0.0774147 0.129255 0.248684 4.44089e-16
threshold=27.175000000000004 0.31288844364721724 30.380000000000006 23.765000000000004 19.805000000000003 0.74081089433267733 21.440000000000005 0.99496844910615079 0.99781321377224363 77.680000000000021 27.635000000000002 0.76347624337813269 0.36000000000000004 30.050000000000001
decision_type=2 2 2 2 2 2 2 2 2 2 2 2 2 2
left_child=1 9 3 4 -3 -5 -4 10 -9 -1 11 -2 -13 -12
right_child=7 2 6 5 -6 -7 -8 8 -10 -11 13 12 -14 -15
leaf_value=-0.053165255429180582 -0.068277195726318338 0.045624024825276145 0.00046509247143356359 -0.0075046783783949177 0.007972129595561591 0.0010499567222049104 -0.076360910185263003 0.0085028578973913114 -0.034413214709115257 -0.055012642726435336 -0.063428907405104526 -0.0098301129457879239 0.0020910323022938979 -0.25001708942485501
leaf_weight=282 54 17 10.999999999999998 325 240 516 202 11.999999999999998 28 11.999999999999998 383 21 19 13.999999999999998
leaf_count=282 54 17 11 325 240 516 202 12 28 12 383 21 19 14
internal_value=-0.00179307 -0.000919004 -4.19539e-05 0.000828778 0.00433852 -0.000243759 -0.00453052 -0.00443503 -0.00125 -0.00482993 -0.0046945 -0.00340426 -0.00125 -0.005
internal_weight=2136 1605 1311 1098 257 841 213 531 40 294 491 94 40 397
internal_count=2136 1605 1311 1098 257 841 213 531 40 294 491 94 40 397
is_linear=0
shrinkage=0.05


Tree=51
num_leaves=15
num_cat=0
split_feature=5 22 22 22 23 1 22 22 22 22 22 22 5 5
split_gain=1.978 1.69479 1.37243 0.538793 2.875 0.511111 0.442265 0.418512 1.35 0.607526 0.133796 0.232692 0.375 0.173077
threshold=568.63000000000011 0.31288844364721724 0.87962967011031401 0.99653827729370248 0.099818867260593996 55.970000000000006 0.99781321377224363 0.9884946951290402 0.99094606287942044 0.97186771644114334 0.72914769978834015 0.7522548710148802 739.99000000000012 679.98000000000013
decision_type=2 2 2 2 2 2 2 2 2 2 2 2 2 2
left_child=1 -1 10 4 -4 -6 7 9 -9 -3 -2 12 -12 -13
right_child=2 6 3 -5 5 -7 -8 8 -10 -11 11 13 -14 -15
leaf_value=-0.039548482816646961 -0.058543048955304648 0.0011571410147486498 0.030207391241190564 -0.029861786122709025 0.024905891882170704 -0.0013218784113124969 -0.017657433453034582 0.0084256369488881766 0.0025533225803974048 -0.018322586316814111 0.0091693258017818916 -0.0029937642943116908 -0.051394907275558378 -0.04749170839071766
leaf_weight=192 540 708 11.999999999999998 60 36 240 48 11.999999999999998 48 60 12.000000000000002 39 11.999999999999998 117
leaf_count=192 540 708 12 60 36 240 48 12 48 60 12 39 12 117
internal_value=-0.00174626 -0.00022472 -0.00326779 -0.000689656 0.000208332 -0.000833335 0.000707761 0.00097826 0.005 0.000664061 -0.00451389 -0.00333333 0.00125 -0.00403846
internal_weight=2136 1068 1068 348 288 276 876 828 60 768 720 180 24 156
internal_count=2136 1068 1068 348 288 276 876 828 60 768 720 180 24 156
is_linear=0
shrinkage=0.05


Tree=52
num_leaves=15
num_cat=0
split_feature=0 5 22 22 0 5 22 0 22 8 22 0 0 9
split_gain=1.90704 1.60087 1.25137 1.24875 1.0229 0.626834 0.634707 0.83695 0.522509 0.507947 0.434608 0.342857 0.338571 0.38961
threshold=24.695000000000004 568.63000000000011 0.31288844364721724 0.72914769978834015 19.805000000000003 452.54500000000002 0.42471264173135381 26.415000000000003 0.58741554219704073 17.745000000000005 0.99653827729370248 22.195000000000004 22.315000000000001 0.39500000000000007
decision_type=2 2 2 2 2 2 2 2 2 2 2 2 2 2
left_child=1 2 12 -3 -4 6 -2 -8 -6 10 -5 -11 13 -1
right_child=5 3 4 9 8 -7 7 -9 -10 11 -12 -13 -14 -15
leaf_value=-0.0046587392979426301 -0.063127595935572919 -0.036281627858730479 0.047304913301726745 0.0021230389141869291 0.0037514661887978517 -0.046718966149351275 0.00098827851568205672 -0.02581630528340545 0.0016590210147627055 0.0033206852247314178 -0.021068820780145766 -0.044665559821059478 -0.045433733615857654 0.0023571153308564012
leaf_weight=10.000000000000002 102 270 10.999999999999998 189 112 641 170 100 347 9.9999999999999982 24 60 79 10.999999999999998
leaf_count=10 102 270 11 189 112 641 170 100 347 10 24 60 79 11
internal_value=-0.00169944 -0.0002805 0.00157895 -0.00219711 0.00265957 -0.00327246 -0.00163979 -0.000370372 0.00229847 0.000123674 0.00133803 -0.00357143 -0.0035 0.00214286
internal_weight=2136 1123 570 553 470 1013 372 270 459 283 213 70 100 21
internal_count=2136 1123 570 553 470 1013 372 270 459 283 213 70 100 21
is_linear=0
shrinkage=0.05


Tree=53
num_leaves=15
num_cat=0
split_feature=4 22 13 0 22 0 5 0 5 22 22 7 0 4
split_gain=2.11453 2.158 2.18422 1.57888 0.629474 0.55237 1.25612 0.379487 0.174528 0.165308 0.525 0.0696924 0.318367 0.065677
threshold=27.175000000000004 0.40907743338811486 0.72000000000000008 19.805000000000003 0.99781321377224363 22.285000000000004 420.44500000000005 21.655000000000005 568.63000000000011 0.99496844910615079 0.99781321377224363 49.140000000000008 23.835000000000004 27.635000000000002
decision_type=2 2 2 2 2 2 2 2 2 2 2 2 2 2
left_child=1 5 3 -3 -5 6 -1 -4 -8 13 -11 12 -7 -2
right_child=9 2 7 4 -6 11 8 -9 -10 10 -12 -13 -14 -15
leaf_value=0.0021951990366083233 -0.014818939397106956 0.04212554106522888 0.0031546509634948483 0.001557187397828464 -0.015843952899085766 0.00060023704920554111 -0.00022960634794525359 -0.062529397094446396 -0.02879227395761437 0.006705404160536845 -0.030022262899402359 -0.061216611030205717 -0.016226222702467336 -0.058795267812727328
leaf_weight=12.999999999999998 94 15.999999999999998 9.9999999999999982 937 56 9.9999999999999982 15.999999999999998 185 37 11.999999999999998 28 286 39 397
leaf_count=13 94 16 10 937 56 10 16 185 37 12 28 286 39 397
internal_value=-0.00160581 -0.000700936 0.000357142 0.00129336 0.00104229 -0.00387781 0.000303029 -0.00448718 -0.00311321 -0.00434087 -0.00125 -0.00470149 -0.00295918 -0.00459267
internal_weight=2136 1605 1204 1009 993 401 66 195 53 531 40 335 49 491
internal_count=2136 1605 1204 1009 993 401 66 195 53 531 40 335 49 491
is_linear=0
shrinkage=0.05


Tree=54
num_leaves=15
num_cat=0
split_feature=0 23 4 6 1 6 4 4 4 4 23 23 1 6
split_gain=2.55081 1.69984 1.69473 1.66259 1.59614 2.41091 1.00863 1.65326 0.950218 1.54649 0.763134 0.560185 0.45 0.418462
threshold=22.315000000000001 0.86545531305655499 27.745000000000001 30.380000000000006 70.970000000000013 24.295000000000005 22.185000000000006 21.745000000000001 22.215000000000003 20.845000000000002 0.80923976778408746 0.46038001402560286 61.990000000000002 13.005000000000001
decision_type=2 2 2 2 2 2 2 2 2 2 2 2 2 2
left_child=4 2 3 10 6 8 7 11 9 -6 -2 -1 -9 -3
right_child=1 13 -4 -5 5 -7 -8 12 -10 -11 -12 -13 -14 -15
leaf_value=0.023257691085551854 3.0543200759240221e-05 -0.0056326519147505303 -0.043480266158876721 -0.075838107806046273 0.045758475647131841 -0.019050529812703148 -0.0036717057223458853 0.04971692386523148 0.020968907214328751 -0.0030028339291253803 0.0060365112848035814 -0.0032988866115278453 0.0073158187576401919 -0.057333614704880569
leaf_weight=18 777 75 284 157 10.000000000000002 18 111 10.000000000000002 18 12.999999999999998 71 54 9.9999999999999982 510
leaf_count=18 777 75 284 157 10 18 111 10 18 13 71 54 10 510
internal_value=-0.00160581 -0.00225187 -0.00123739 -0.000273633 0.00301527 0.0102542 0.000911329 0.00478261 0.0169512 0.0102174 0.000601414 0.00125 0.0175 -0.00448718
internal_weight=2136 1874 1289 1005 262 59 203 92 41 23 848 72 20 585
internal_count=2136 1874 1289 1005 262 59 203 92 41 23 848 72 20 585
is_linear=0
shrinkage=0.05


Tree=55
num_leaves=15
num_cat=0
split_feature=22 5 1 1 22 1 22 3 2 5 1 2 1 6
split_gain=1.81577 1.62537 0.713965 1.90322 0.624127 0.782248 0.56939 0.409091 0.225628 0.466667 0.205296 0.178439 0.12252 0.0984307
threshold=0.40907743338811486 679.98000000000013 57.760000000000005 58.430000000000007 0.87962967011031401 53.080000000000005 0.78523795966413312 36.000000000000007 0.115 452.54500000000002 72.675000000000026 3.1550000000000007 52.970000000000006 13.005000000000001
decision_type=2 2 2 2 2 2 2 2 2 2 2 2 2 2
left_child=11 2 8 7 -3 -6 -5 -4 12 -10 -7 13 -2 -1
right_child=1 4 3 6 5 10 -8 -9 9 -11 -12 -13 -14 -15
leaf_value=-0.009683767670896801 -0.00055273747051914695 -0.055413400289113325 0.0068869572754798663 0.002291456705320763 0.033939326293863391 -0.0068478710841552038 -0.00063854651075513527 0.01992878133606844 0.0043456728069725392 -0.010676650765138039 0.0072084117341812554 -0.033296712407876607 -0.010130831945892921 -0.045342251961487674
leaf_weight=65 69 342 11.000000000000002 313 18 204 463 10.999999999999998 16.000000000000004 13.999999999999998 39 18 108 445
leaf_count=65 69 342 11 313 18 204 463 11 16 14 39 18 108 445
internal_value=-0.00179307 -0.000957713 0.000273631 0.00095238 -0.00300995 -0.00116858 0.000541236 0.0154545 -0.002343 0.00166667 -0.00191358 -0.00433712 -0.0030226 -0.00450981
internal_weight=2136 1608 1005 798 603 261 776 22 207 30 243 528 177 510
internal_count=2136 1608 1005 798 603 261 776 22 207 30 243 528 177 510
is_linear=0
shrinkage=0.05


Tree=56
num_leaves=15
num_cat=0
split_feature=4 6 23 4 4 23 1 23 23 23 4 3 4 1
split_gain=1.88438 1.81709 1.97523 1.30738 0.821831 0.577497 0.342475 0.293628 0.183377 0.245189 0.19031 0.697614 0.118008 0.266667
threshold=27.025000000000002 30.380000000000006 0.91245913578114801 22.245000000000001 20.615000000000006 0.065534810592492068 64.280000000000015 0.99815109357002252 0.67165857384232497 0.63255009372278048 27.745000000000001 60.000000000000007 20.500000000000004 62.725000000000001
decision_type=2 2 2 2 2 2 2 2 2 2 2 2 2 2
left_child=1 2 4 6 -1 -6 -4 -5 9 10 11 -2 13 -3
right_child=8 12 3 7 5 -7 -8 -9 -10 -11 -12 -13 -14 -15
leaf_value=0.025381901709144561 -0.0109364432801012 0.0034040572063653604 0.0018823454986050846 -0.031317510237245119 -0.014051698273244845 0.001524624630423025 0.0012034308609147574 -0.00095156451680613598 -0.093670085652417592 0.0038047668220534806 -0.036974875351091445 0.0061632500750501574 -0.07365479512778797 -0.013153530523940997
leaf_weight=18 66 10.000000000000002 10.000000000000002 286 55 897 12.999999999999998 11.999999999999998 302 10.999999999999998 182 23 231 20
leaf_count=18 66 10 10 286 55 897 13 12 302 11 182 23 231 20
internal_value=-0.00172285 -0.000811857 -4.26038e-05 -0.00344237 0.00108247 0.000882352 0.00804348 -0.00432886 -0.00414384 -0.00322695 -0.00352399 -0.00162921 -0.00461686 -0.00166667
internal_weight=2136 1552 1291 321 970 952 23 298 584 282 271 89 261 30
internal_count=2136 1552 1291 321 970 952 23 298 584 282 271 89 261 30
is_linear=0
shrinkage=0.05


Tree=57
num_leaves=15
num_cat=0
split_feature=0 22 4 6 6 22 1 22 7 1 3 6 0 0
split_gain=2.06618 1.61571 1.46389 1.54918 0.992275 1.23073 0.835465 0.814609 0.611983 0.489797 0.716772 0.417931 1.03705 0.310012
threshold=22.335000000000004 0.5009122898073749 27.745000000000001 30.380000000000006 16.055000000000003 0.94244501643309719 74.860000000000014 0.58741554219704073 114.54000000000001 58.07500000000001 60.000000000000007 13.005000000000001 23.255000000000006 21.905000000000005
decision_type=2 2 2 2 2 2 2 2 2 2 2 2 2 2
left_child=4 11 3 7 6 13 9 -3 -7 -1 -11 12 -2 -6
right_child=1 2 -4 -5 5 8 -8 -9 -10 10 -12 -13 -14 -15
leaf_value=-0.0091217096855689701 0.0059579578686303307 0.0055438816537762125 -0.039957583652295549 -0.069914038017837174 -0.00028467443534310787 0.030100256304627517 0.024278161108841175 -5.1644706157425546e-05 0.0026396465830318796 0.0063567996847138488 0.017113163265293493 -0.052245274541308041 -0.0094379092683025134 -0.010236349483052347
leaf_weight=19 10.999999999999998 71 284 155 92 17 9.9999999999999982 775 10.000000000000002 37 36 505 64 50
leaf_count=19 11 71 284 155 92 17 10 775 10 37 36 505 64 50
internal_value=-0.00169944 -0.00229223 -0.0013035 -0.000404597 0.00238007 2.95846e-05 0.00627451 0.000437351 0.00981481 0.00478261 0.00664383 -0.00448276 -0.001 -0.00183099
internal_weight=2136 1865 1285 1001 271 169 102 846 27 92 73 580 75 142
internal_count=2136 1865 1285 1001 271 169 102 846 27 92 73 580 75 142
is_linear=0
shrinkage=0.05


Tree=58
num_leaves=15
num_cat=0
split_feature=0 22 4 6 22 6 6 5 3 22 5 22 6 0
split_gain=2.19452 1.57234 1.28782 1.54243 0.845976 1.10617 0.933097 0.922291 1.28571 0.562306 0.480442 0.685101 0.3982 1.03705
threshold=22.315000000000001 0.5009122898073749 27.775000000000002 30.380000000000006 0.86275003778655002 13.005000000000001 13.005000000000001 679.98000000000013 60.000000000000007 0.58741554219704073 568.63000000000011 0.47084587141109652 13.005000000000001 23.255000000000006
decision_type=2 2 2 2 2 2 2 2 2 2 2 2 2 2
left_child=4 12 3 9 5 -1 -6 8 -8 -3 11 -7 13 -2
right_child=1 2 -4 -5 6 10 7 -9 -10 -11 -12 -13 -14 -15
leaf_value=0.018209438645607045 0.0056600599751988109 0.0047746113700625481 -0.037960410975377445 -0.064396902778025081 -0.013928489371645043 0.0021131393351866944 0.0067963940773754774 0.013412762045018629 0.050083780299923657 -4.1652517220887281e-05 -0.0036685927056038965 -0.0037823571627967727 -0.048309904699053274 -0.0089660138048873878
leaf_weight=21 10.999999999999998 73 279 157 12.999999999999998 30 14 33 14 780 94 43 510 64
leaf_count=21 11 73 279 157 13 30 14 33 14 780 94 43 510 64
internal_value=-0.00165262 -0.00225187 -0.00127618 -0.000445546 0.00263359 0.000851063 0.00716216 0.0097541 0.0164286 0.00039273 -0.000508983 0.00253425 -0.00440171 -0.001
internal_weight=2136 1874 1289 1010 262 188 74 61 28 853 167 73 585 75
internal_count=2136 1874 1289 1010 262 188 74 61 28 853 167 73 585 75
is_linear=0
shrinkage=0.05


Tree=59
num_leaves=15
num_cat=0
split_feature=0 6 22 4 6 4 1 0 1 22 3 1 4 6
split_gain=1.801 1.79908 1.2646 1.06134 1.08627 1.04542 0.715442 0.702065 0.566601 0.437037 0.340231 0.710862 0.136377 0.126566
threshold=23.305000000000003 16.460000000000004 0.5009122898073749 27.775000000000002 30.380000000000006 20.615000000000006 79.030000000000015 23.180000000000003 66.655000000000015 0.72914769978834015 60.000000000000007 59.980000000000011 23.725000000000005 13.005000000000001
decision_type=2 2 2 2 2 2 2 2 2 2 2 2 2 2
left_child=1 5 13 4 8 -1 7 -7 -4 -3 12 -12 -11 -2
right_child=2 9 3 -5 -6 6 -8 -9 -10 10 11 -13 -14 -15
leaf_value=0.024210183816870429 -0.0094382365358519054 -0.02174520026559109 0.00098491315247383263 -0.036062390426608568 -0.094675956775663248 0.0017625976015165437 0.027812000516793674 0.025325585760272169 -0.0029729890287049383 -0.0068212765600670416 0.034885269397123025 -0.00036259791023893608 -0.00032361681231789658 -0.061098668338453614
leaf_weight=17 62 147 397 279 125 223 12.999999999999998 27 294 28 9.9999999999999982 47 45 422
leaf_count=17 62 147 397 279 125 223 13 27 294 28 10 47 45 422
internal_value=-0.00169944 0.000745062 -0.00256175 -0.00162101 -0.000710786 0.00357143 0.00279468 0.0022 6.51218e-05 -0.00211191 -1.19209e-09 0.00289474 -0.00226028 -0.00469008
internal_weight=2136 557 1579 1095 816 280 263 250 691 277 130 57 73 484
internal_count=2136 557 1579 1095 816 280 263 250 691 277 130 57 73 484
is_linear=0
shrinkage=0.05


Tree=60
num_leaves=15
num_cat=0
split_feature=0 5 23 4 10 4 1 1 0 23 6 4 0 1
split_gain=1.90011 1.68661 1.2646 1.04542 0.969335 1.12923 0.78183 0.715442 0.702065 0.489663 0.500122 0.574536 0.32736 0.819267
threshold=23.305000000000003 568.63000000000011 0.86545531305655499 20.615000000000006 1.0000000180025095e-35 27.775000000000002 66.655000000000015 79.030000000000015 23.180000000000003 0.82896682450762904 24.295000000000005 23.995000000000001 23.745000000000001 71.375000000000014
decision_type=2 2 2 2 2 2 2 2 2 2 2 2 2 2
left_child=1 3 4 -1 5 6 -2 8 -5 10 11 -3 13 -6
right_child=2 9 -4 7 12 -7 -8 -9 -10 -11 -12 -13 -14 -15
leaf_value=0.022999674626026916 0.00205710062137677 0.01497796342101794 -0.049053331900649547 0.0016744677214407169 -0.023641618810410908 -0.031167556070940541 -0.0022132235738544126 0.02642140049095399 0.024059306472258554 -0.026400534302900236 -0.0045947900634148468 -0.00016086003537249072 -0.024131232949752182 0.0076983339431089528
leaf_weight=17 300 20 484 223 34 164 220 12.999999999999998 27 109 90 58 365 11.999999999999998
leaf_count=17 300 20 484 223 34 164 220 13 27 109 90 58 365 12
internal_value=-0.00167603 0.000834828 -0.00256175 0.00357143 -0.00162101 -0.000467837 0.000673076 0.00279468 0.0022 -0.00193141 -0.000238096 0.00269231 -0.00354015 0.000434781
internal_weight=2136 557 1579 280 1095 684 520 263 250 277 168 78 411 46
internal_count=2136 557 1579 280 1095 684 520 263 250 277 168 78 411 46
is_linear=0
shrinkage=0.05


Tree=61
num_leaves=15
num_cat=0
split_feature=0 22 5 4 0 22 21 22 5 22 22 22 0 0
split_gain=1.6078 1.5278 1.75266 1.25507 0.60473 0.598639 0.816667 0.569647 0.536758 0.508957 0.485714 0.448427 0.549215 0.406814
threshold=25.265000000000004 0.32917936166072764 739.99000000000012 20.615000000000006 22.285000000000004 0.16269055358644466 12658.940000000002 0.99653827729370248 420.44500000000005 0.97577266019832842 0.99653827729370248 0.5009122898073749 27.300000000000001 26.125000000000004
decision_type=2 2 2 2 2 2 2 2 2 2 2 2 2 2
left_child=1 4 3 -3 5 6 -1 -5 11 -4 -11 -2 13 -13
right_child=8 2 9 7 -6 -7 -8 -9 -10 10 -12 12 -14 -15
leaf_value=0.0048337947493582783 -0.045361170266372097 0.019372992378532176 -0.017178787919544077 0.0016727409606901345 -0.04554132990041334 -0.027463299117774023 -0.00072803591418168644 -0.011516379434186727 -0.038878607082345661 0.016855528844158703 -0.043331272120082198 -9.1400593930666149e-05 -0.032343624990681712 0.0045402014398701592
leaf_weight=12.000000000000002 57 18 233 761 228 22 14.999999999999998 51 551 28 17 65 37 41
leaf_count=12 57 18 233 761 228 22 15 51 551 28 17 65 37 41
internal_value=-0.00160581 -0.000595669 0.000234656 0.00138554 -0.00391697 0.00112245 0.00611111 0.00109606 -0.00346871 -0.00320144 0.00166667 -0.00125 0.000244754 0.00207547
internal_weight=2136 1385 1108 830 277 49 27 812 751 278 45 200 143 106
internal_count=2136 1385 1108 830 277 49 27 812 751 278 45 200 143 106
is_linear=0
shrinkage=0.05


Tree=62
num_leaves=15
num_cat=0
split_feature=5 4 22 22 4 22 4 22 22 22 22 3 6 4
split_gain=1.68539 2.09405 1.41561 1.37931 0.974878 0.643891 1.07143 0.630357 0.549858 1.67619 0.616831 1.15236 0.497942 0.509809
threshold=568.63000000000011 22.785000000000004 0.40907743338811486 0.87962967011031401 26.525000000000002 0.89546819317495652 27.525000000000002 0.78523795966413312 0.51572537064332258 0.31288844364721724 0.9239481815140983 60.000000000000007 30.380000000000006 27.860000000000003
decision_type=2 2 2 2 2 2 2 2 2 2 2 2 2 2
left_child=1 8 -3 -2 7 6 -5 -4 9 -1 -10 -12 13 -7
right_child=3 2 4 5 -6 12 -8 -9 10 -11 11 -13 -14 -15
leaf_value=-0.00025470849370454223 -0.035777762158378024 -0.025473416262065725 0.005769681647778321 0.0077690978338488927 -0.014475533117813645 0.006063193669484811 -0.0070300851152786045 -0.00025622421002132682 0.0044522090197153625 0.0038817964366259492 0.011253394804314571 0.046735427071576512 -0.016052154129629868 -0.024133061608414434
leaf_weight=20 720 235 209 14.000000000000002 192 163 9.9999999999999982 302 61 22 15.999999999999998 11.000000000000002 81 80
leaf_count=20 720 235 209 14 192 163 10 302 61 22 16 11 81 80
internal_value=-0.0015824 -0.000177904 -0.00100213 -0.00298689 0.000120909 -0.0004023 0.0075 0.00126223 0.00576923 0.0104762 0.00352273 0.00981481 -0.000987656 0.000144032
internal_weight=2136 1068 938 1068 703 348 24 511 130 42 88 27 324 243
internal_count=2136 1068 938 1068 703 348 24 511 130 42 88 27 324 243
is_linear=0
shrinkage=0.05


Tree=63
num_leaves=15
num_cat=0
split_feature=0 22 1 5 0 2 1 22 22 1 3 1 6 0
split_gain=2.63487 1.56551 1.53417 1.40482 1.30169 0.804714 0.591429 0.504367 1.64773 0.403604 1.12201 0.448792 0.0947899 0.0365538
threshold=22.335000000000004 0.37744852145085445 76.065000000000012 739.99000000000012 26.815000000000001 2.2200000000000002 66.655000000000015 0.99310419374700554 0.99653827729370248 70.970000000000013 60.000000000000007 68.100000000000009 13.005000000000001 22.825000000000003
decision_type=2 2 2 2 2 2 2 2 2 2 2 2 2 2
left_child=2 -2 5 4 6 9 -3 13 -9 11 -11 -1 -6 -5
right_child=1 3 -4 7 12 -7 -8 8 -10 10 -12 -13 -14 -15
leaf_value=0.0011443216815422627 -0.043490141060033724 0.0012339165546542408 0.021860077297486943 -0.006750622674421343 -0.019243029536151451 0.025632274308411192 -0.0025787536815034167 0.020470168150376486 -0.047247879608852877 -0.011530419037344974 0.014878305923447617 -0.012287549532287816 -0.044841099451073924 -0.048844593565837716
leaf_weight=168 412 526 18 22 34 12.999999999999998 383 10.999999999999998 29 20 21 31 141 307
leaf_count=168 412 526 18 22 34 13 383 11 29 20 21 31 141 307
internal_value=-0.00148877 -0.00215818 0.00311808 -0.00138679 -0.000479706 0.00211462 0.000280527 -0.00405149 0.00125 0.00145833 0.00597561 0.000527637 -0.00442857 -0.00469605
internal_weight=2136 1865 271 1453 1084 253 909 369 40 240 41 199 175 329
internal_count=2136 1865 271 1453 1084 253 909 369 40 240 41 199 175 329
is_linear=0
shrinkage=0.05


Tree=64
num_leaves=15
num_cat=0
split_feature=4 8 22 4 4 1 22 4 2 22 22 9 7 4
split_gain=1.55722 1.58854 1.91627 1.06708 0.635037 0.588375 0.554113 0.513611 0.382222 0.308926 0.398396 0.59112 0.345832 0.509804
threshold=26.855000000000004 17.745000000000005 0.32917936166072764 22.785000000000004 19.540000000000003 76.425000000000026 0.51572537064332258 22.245000000000001 1.3200000000000003 0.9884946951290402 0.99653827729370248 0.24500000000000002 49.140000000000008 28.025000000000002
decision_type=2 2 2 2 2 2 2 2 2 2 2 2 2 2
left_child=1 2 7 6 -3 -5 -4 -1 -9 12 11 -11 13 -2
right_child=9 4 3 5 -6 -7 -8 8 -10 10 -12 -13 -14 -15
leaf_value=0.0023219409454930547 0.0042814290515092749 0.0019522780783745204 0.0028588038582414836 0.00087476620552009651 -0.050413598550448115 -0.01007596050454708 0.013793525969339178 -0.032936849641201686 0.0026726068644453201 0.019446657509991434 -0.023983437926117294 -0.0091352592733647524 -0.041938426592758198 -0.025624963349430797
leaf_weight=14.999999999999998 25 12.999999999999998 27 816 248 64 99 215 9.9999999999999982 11.000000000000002 38 15.999999999999998 513 26
leaf_count=15 25 13 27 816 248 64 99 215 10 11 38 16 513 26
internal_value=-0.00155899 -0.000686796 5.61786e-05 0.00101392 -0.00423372 0.000397726 0.00531746 -0.00395833 -0.00455556 -0.00364865 -0.000384617 0.00425926 -0.00402482 -9.80404e-05
internal_weight=2136 1507 1246 1006 261 880 126 240 225 629 65 27 564 51
internal_count=2136 1507 1246 1006 261 880 126 240 225 629 65 27 564 51
is_linear=0
shrinkage=0.05


Tree=65
num_leaves=15
num_cat=0
split_feature=0 22 22 5 6 1 2 22 22 22 22 5 0 4
split_gain=2.19762 1.5961 1.39009 1.4219 1.17599 1.13702 0.950643 0.82997 1.19344 0.797727 0.857912 0.609732 0.830139 0.449593
threshold=22.065000000000001 0.72914769978834015 0.78523795966413312 739.99000000000012 13.005000000000001 72.235000000000014 2.2200000000000002 0.93655593853549179 0.94805520968785773 0.37744852145085445 0.44022217077093501 679.98000000000013 21.945000000000004 19.540000000000003
decision_type=2 2 2 2 2 2 2 2 2 2 2 2 2 2
left_child=6 4 3 5 9 -3 11 -4 -9 -2 -11 12 -1 -13
right_child=1 2 7 -5 -6 -7 -8 8 -10 10 -12 13 -14 -15
leaf_value=0.0026202403307014777 -0.0051332047626881424 0.014479372616142835 -0.0060883989450602385 -0.073085695278365545 -0.02875698190943567 -0.0036162294840125838 0.028184725929584084 0.027562579949659372 -0.0025847735380349797 0.0072439598829181304 0.0015717706095856614 0.0020550717678127933 0.0088524682212025706 -0.0042651091814085215
leaf_weight=125 55 60 395 27 836 19 10.999999999999998 41 424 10.999999999999998 54 11.999999999999998 10.999999999999998 55
leaf_count=125 55 60 395 27 836 19 11 41 424 11 54 12 11 55
internal_value=-0.00139513 -0.00193028 -0.000496896 0.00490566 -0.00337866 0.00829114 0.00341121 -0.00116279 0.000268816 0.00125 0.005 0.00263547 0.00455882 -0.00126866
internal_weight=2136 1922 966 106 956 79 214 860 465 120 65 203 136 67
internal_count=2136 1922 966 106 956 79 214 860 465 120 65 203 136 67
is_linear=0
shrinkage=0.05


Tree=66
num_leaves=15
num_cat=0
split_feature=0 22 5 4 1 5 22 0 1 7 4 1 0 10
split_gain=1.86052 1.78475 1.34112 1.40206 1.67378 0.971127 1.01323 0.700431 0.367861 0.74652 0.806667 0.41958 0.417091 0.527095
threshold=22.605000000000004 0.5009122898073749 739.99000000000012 28.025000000000002 66.655000000000015 380.89500000000004 0.9239481815140983 21.570000000000004 70.970000000000013 68.540000000000006 22.215000000000003 73.440000000000012 21.015000000000004 -0.013599999999999998
decision_type=2 2 2 2 2 2 2 2 2 2 2 2 2 2
left_child=5 -2 3 4 -3 6 7 -1 12 10 -10 -11 13 -7
right_child=1 2 -4 -5 -6 8 -8 -9 9 11 -12 -13 -14 -15
leaf_value=-0.017493556521606706 -0.029831806966434976 0.0023292753243851078 -0.037059030789606123 -0.039115224063049597 -0.0028328268899400679 -0.0029056160174359049 0.04844876136188208 0.0036804182410662997 0.0030244578669888222 0.0025625486345736519 0.013614750303614229 -0.013699439308220289 -0.00081794800666494961 0.017015867426363553
leaf_weight=13.000000000000002 556 443 313 159 326 27 13.999999999999998 15.999999999999998 10.000000000000002 12.999999999999998 14.999999999999998 20 181 30
leaf_count=13 556 443 313 159 326 27 14 16 10 13 15 20 181 30
internal_value=-0.00146536 -0.00210629 -0.00105157 -9.6984e-05 0.000786735 0.00193215 0.00895349 0.00362069 0.000912161 0.00448276 0.011 -0.000454547 4.20156e-05 0.00377193
internal_weight=2136 1797 1241 928 769 339 43 29 296 58 25 33 238 57
internal_count=2136 1797 1241 928 769 339 43 29 296 58 25 33 238 57
is_linear=0
shrinkage=0.05


Tree=67
num_leaves=15
num_cat=0
split_feature=5 23 0 0 23 1 0 0 23 0 1 4 1 23
split_gain=1.81277 1.47118 1.35457 1.18231 1.05463 0.952066 0.888141 0.856414 0.996969 0.751585 0.692209 0.675839 0.503541 0.484801
threshold=452.54500000000002 0.67165857384232497 21.265000000000004 23.305000000000003 0.93234632485081093 54.960000000000008 25.275000000000002 27.300000000000001 0.80923976778408746 23.245000000000001 79.030000000000015 23.725000000000005 63.360000000000007 0.082689073440128144
decision_type=2 2 2 2 2 2 2 2 2 2 2 2 2 2
left_child=3 6 12 5 7 -1 11 8 -5 10 -7 -2 -3 -13
right_child=1 2 -4 4 -6 9 -8 -9 -10 -11 -12 13 -14 -15
leaf_value=-0.0024579776295089576 -0.0032028816189229392 -0.0095824086414157822 -0.035971859673979721 6.1274499652560195e-05 -0.037214933312103196 0.0044208633940163358 -0.021168924488808305 -0.026239646879141616 0.0049320573945685854 0.024766250613352515 0.022834777562387217 -0.018149604948419825 0.002536876615636448 0.0027260911093769744
leaf_weight=27 110 9.9999999999999982 649 322 128 161 228 61 79 10.999999999999998 11.999999999999998 36 31 271
leaf_count=27 110 10 649 322 128 161 228 61 79 11 12 36 31 271
internal_value=-0.00132491 -0.00245318 -0.00405797 0.000555554 -0.000593222 0.00376777 -0.000736435 0.000519479 0.0013591 0.00505435 0.00424855 0.00063549 0.0047561 0.00184039
internal_weight=2136 1335 690 801 590 211 645 462 401 184 173 417 41 307
internal_count=2136 1335 690 801 590 211 645 462 401 184 173 417 41 307
is_linear=0
shrinkage=0.05


Tree=68
num_leaves=15
num_cat=0
split_feature=5 22 0 4 1 22 0 0 22 5 1 22 3 0
split_gain=1.7828 1.30601 1.35004 1.29079 1.66598 1.04981 0.925037 0.781009 0.738324 0.57442 0.537619 0.992498 0.741758 0.524269
threshold=452.54500000000002 0.72914769978834015 21.265000000000004 22.785000000000004 76.220000000000013 0.32917936166072764 27.300000000000001 25.275000000000002 0.58741554219704073 739.99000000000012 63.135000000000012 0.57340843044527534 60.000000000000007 25.085000000000004
decision_type=2 2 2 2 2 2 2 2 2 2 2 2 2 2
left_child=3 2 -2 4 10 -5 8 9 -7 13 11 -1 -12 -3
right_child=1 7 -4 5 -6 6 -8 -9 -10 -11 12 -13 -14 -15
leaf_value=0.0025143843322226345 0.0018977543683562682 0.0010635239422200765 -0.036702532097172474 -0.025704066983788156 0.034319211343396661 0.0056295779400763017 -0.025222693421348797 -0.020315625617177539 0.0001437651316627406 -0.0010004619154329382 -0.013893155499620608 0.0051161013750131512 0.0044684037494440816 0.015365116493764659
leaf_weight=11.999999999999998 41 239 634 135 9.9999999999999982 110 64 230 383 175 30 31 26 15.999999999999998
leaf_count=12 41 239 634 135 10 110 64 230 383 175 30 31 26 16
internal_value=-0.00137172 -0.00249064 -0.00403704 0.000493132 0.00555046 -0.000303469 0.000655295 -0.000909092 0.00138945 0.000348836 0.00358586 0.0077907 0.000357142 0.00186274
internal_weight=2136 1335 675 801 109 692 557 660 493 430 99 43 56 255
internal_count=2136 1335 675 801 109 692 557 660 493 430 99 43 56 255
is_linear=0
shrinkage=0.05


Tree=69
num_leaves=15
num_cat=0
split_feature=0 23 5 23 23 4 4 4 23 0 0 20 0 23
split_gain=1.67405 1.56315 1.41687 1.25275 1.11341 0.916017 0.744118 0.677336 0.566074 0.686813 1.33929 1.21508 0.548739 0.750039
threshold=25.265000000000004 0.93234632485081093 679.98000000000013 0.91936090643431534 0.47558139622940165 24.955000000000002 20.615000000000006 24.145000000000003 0.16799211273207912 27.175000000000004 25.975000000000005 15014.405000000001 22.435000000000006 0.98663965293901656
decision_type=2 2 2 2 2 2 2 2 2 2 2 2 2 2
left_child=1 2 3 6 7 -5 -1 -4 9 10 -2 -12 13 -3
right_child=8 12 4 5 -6 -7 -8 -9 -10 -11 11 -13 -14 -15
leaf_value=0.013029786561284024 -0.0084155794701766904 -0.0065733615547569867 -0.0019212448163562865 0.0023281645185226512 -0.036520806063433685 0.00093573436795704268 0.0012497238272649808 0.012887496066045402 -0.022492483246164385 -0.030885688326785416 0.0145364748659994 -0.011956580522374805 -0.033296287541765564 0.0018028669228166501
leaf_weight=18 24 44 63 10.000000000000002 235 10.999999999999998 637 100 660 35 19 12.999999999999998 236 31
leaf_count=18 24 44 63 10 235 11 637 100 660 35 19 13 236 31
internal_value=-0.0013015 -0.000270759 0.000633146 0.00202663 -0.00173367 0.0140476 0.00164122 0.00144172 -0.0032024 0.000494504 0.00392857 0.010625 -0.00339228 0.000333332
internal_weight=2136 1385 1074 676 398 21 655 163 751 91 56 32 311 75
internal_count=2136 1385 1074 676 398 21 655 163 751 91 56 32 311 75
is_linear=0
shrinkage=0.05


Tree=70
num_leaves=15
num_cat=0
split_feature=5 4 22 22 22 0 0 22 4 6 22 0 0 0
split_gain=2.03933 1.46615 1.25027 1.12777 1.31792 0.754894 0.632111 0.586912 0.57788 0.51847 0.525824 0.509754 0.691621 0.492885
threshold=568.63000000000011 25.755000000000006 0.72914769978834015 0.32917936166072764 0.3933211724509133 23.365000000000006 25.240000000000006 0.54488935974326758 25.425000000000004 30.380000000000006 0.99653827729370248 27.045000000000005 26.645000000000003 21.265000000000004
decision_type=2 2 2 2 2 2 2 2 2 2 2 2 2 2
left_child=1 3 13 -1 5 -5 9 -3 -6 10 -4 12 -9 -2
right_child=2 7 6 4 8 -7 -8 11 -10 -11 -12 -13 -14 -15
leaf_value=-0.0077848020939508752 0.0011928636676694423 -0.043677646312362019 0.0043818369366063203 0.0061003078431332578 0.0021334105284258691 0.0011353668708315794 -0.019305064305525366 -0.0024906428589622285 0.0063485573357709825 -0.006494076109130967 -0.017408830795667008 -0.022402529569968393 0.0030145803492319786 -0.045545755180056983
leaf_weight=134 29 122 231 13.000000000000002 454 18 185 152 65 83 29 89 21 511
leaf_count=134 29 122 231 13 454 18 185 152 65 83 29 89 21 511
internal_value=-0.00120787 0.000337077 -0.00275281 0.00172515 0.00272727 0.0127419 -0.00102273 -0.00213542 0.00212909 0.000247812 0.00134615 -0.000801528 0.000780346 -0.00444445
internal_weight=2136 1068 1068 684 550 31 528 384 519 343 260 262 173 540
internal_count=2136 1068 1068 684 550 31 528 384 519 343 260 262 173 540
is_linear=0
shrinkage=0.05


Tree=71
num_leaves=15
num_cat=0
split_feature=5 22 4 1 22 0 1 0 6 22 0 1 1 22
split_gain=1.68539 1.25027 1.23069 1.25163 1.02455 0.821914 0.930701 0.632111 0.51847 0.525824 0.492885 0.445532 0.481879 0.347508
threshold=568.63000000000011 0.72914769978834015 22.785000000000004 76.220000000000013 0.36146417736073544 27.045000000000005 66.655000000000015 25.240000000000006 30.380000000000006 0.99653827729370248 21.265000000000004 54.960000000000008 63.135000000000012 0.99310419374700554
decision_type=2 2 2 2 2 2 2 2 2 2 2 2 2 2
left_child=2 10 3 11 -4 6 -6 8 9 -3 -2 -1 -13 -9
right_child=1 7 4 -5 5 -7 -8 13 -10 -11 -12 12 -14 -15
leaf_value=-0.01617245039536783 0.0011332204842859691 0.0041627450897760042 -0.024415720774209917 0.030279675269889325 0.0018974637156143116 -0.02211018066109726 -0.00068087128327302395 -0.021719197337237359 -0.0061693723036744174 -0.016538389255883659 -0.043268467421054134 0.0094459031862572027 0.0011774315239820926 0.0040076069784343487
leaf_weight=14.999999999999998 29 231 200 11.999999999999998 379 98 261 154 83 29 511 36 67 31
leaf_count=15 29 231 200 12 379 98 261 154 83 29 511 36 67 31
internal_value=-0.00134832 -0.00275281 5.61786e-05 0.00461538 -0.000575694 0.000284552 0.000937499 -0.00102273 0.000247812 0.00134615 -0.00444445 0.00305085 0.0042233 -0.00337838
internal_weight=2136 1068 1068 130 938 738 640 528 343 260 540 118 103 185
internal_count=2136 1068 1068 130 938 738 640 528 343 260 540 118 103 185
is_linear=0
shrinkage=0.05


Tree=72
num_leaves=15
num_cat=0
split_feature=5 22 4 22 1 1 4 4 6 4 4 1 22 22
split_gain=1.5382 1.26386 1.07383 0.873565 0.686376 1.08468 0.641495 0.520441 0.831938 0.535749 0.517078 0.480347 0.467195 0.992654
threshold=452.54500000000002 0.69287764045535594 23.895000000000003 0.36146417736073544 56.610000000000007 63.540000000000006 23.495000000000001 28.025000000000002 30.380000000000006 20.500000000000004 20.725000000000005 50.965000000000011 0.58741554219704073 0.54488935974326758
decision_type=2 2 2 2 2 2 2 2 2 2 2 2 2 2
left_child=2 -2 4 -4 -1 6 -6 8 11 -10 -7 -3 13 -5
right_child=1 7 3 12 5 10 -8 -9 9 -11 -12 -13 -14 -15
leaf_value=-0.0023355944062223846 -0.027779994018198695 0.026875660017030557 -0.033297511882557536 0.0001619338509772533 0.016521046895469859 0.027135853082548306 0.022031934810500316 -0.032934969312117431 0.003002220460773042 -0.037714051493614065 0.0029365910514422152 0.00071940462707377039 -0.00046712005500952093 0.006728670086767162
leaf_weight=42 630 18 119 73 57 11.999999999999998 11.999999999999998 142 13.999999999999998 125 121 406 342 23
leaf_count=42 630 18 119 73 57 12 12 142 14 125 121 406 342 23
internal_value=-0.0013015 -0.00234083 0.00043071 -0.000780971 0.00319672 0.00440594 0.00949275 -0.000886526 -0.000204264 -0.00356115 0.00176692 0.000896225 0.00025114 0.00333333
internal_weight=2136 1335 801 557 244 202 69 705 563 139 133 424 438 96
internal_count=2136 1335 801 557 244 202 69 705 563 139 133 424 438 96
is_linear=0
shrinkage=0.05


Tree=73
num_leaves=15
num_cat=0
split_feature=22 5 22 4 22 22 22 21 4 22 4 4 1 22
split_gain=1.38369 1.44676 1.36791 1.02915 1.41992 0.944259 0.885536 1.04167 0.659886 0.424495 0.342746 0.309612 0.501529 0.254822
threshold=0.32917936166072764 568.63000000000011 0.87962967011031401 25.755000000000006 0.58741554219704073 0.54488935974326758 0.89546819317495652 12060.420000000002 25.585000000000004 0.99653827729370248 24.315000000000001 28.025000000000002 65.50500000000001 0.72914769978834015
decision_type=2 2 2 2 2 2 2 2 2 2 2 2 2 2
left_child=10 3 13 4 5 -2 7 -4 -6 -8 -1 12 -5 -3
right_child=1 2 6 11 8 -7 9 -9 -10 -11 -12 -13 -14 -15
leaf_value=-0.0019274990823671201 0.0034862531622721557 -0.026205725476381111 -0.029625042008882281 0.00116778580184827 0.00030503186314716414 0.01299765599411846 0.00085787926894552349 0.01087652743881733 0.008980717283076969 -0.01719620887250015 -0.04650861090792166 -0.023221745135297026 -0.0078362143105890937 -0.0099361809571592435
leaf_weight=119 116 336 12.000000000000002 109 395 18 264 11.999999999999998 21 60 289 74 131 180
leaf_count=119 116 336 12 109 395 18 264 12 21 60 289 74 131 180
internal_value=-0.00127809 -0.000659723 -0.00210648 0.000787036 0.00209091 0.00656716 0.000316091 0.00958333 0.000649037 -0.000370372 -0.00389706 -0.00149682 -0.000625001 -0.00374031
internal_weight=2136 1728 864 864 550 134 348 24 416 324 408 314 240 516
internal_count=2136 1728 864 864 550 134 348 24 416 324 408 314 240 516
is_linear=0
shrinkage=0.05


Tree=74
num_leaves=15
num_cat=0
split_feature=0 22 5 4 1 22 0 1 2 1 1 7 4 1
split_gain=1.84915 1.34912 1.14247 1.23356 0.901832 0.47713 0.916456 0.471797 0.449449 0.401268 0.399343 0.130197 0.289976 0.122991
threshold=22.065000000000001 0.32917936166072764 739.99000000000012 28.245000000000001 76.220000000000013 0.87962967011031401 22.860000000000003 66.655000000000015 2.0100000000000002 58.07500000000001 60.290000000000006 55.750000000000007 23.995000000000001 72.125000000000014
decision_type=2 2 2 2 2 2 2 2 2 2 2 2 2 2
left_child=4 11 3 7 8 -4 -7 -3 9 -1 -11 12 -2 -5
right_child=1 2 5 13 -6 6 -8 -9 -10 10 -12 -13 -14 -15
leaf_value=-0.0054261731220761646 0.0024593727833316856 0.0015332096978578999 -0.052466895662021118 -0.044397614249085442 0.020913347733099108 0.0075385231010164176 -0.01117660131995156 -0.00085071383659402237 0.023306565339362355 0.012407330202471967 0.0014746404807941074 -0.040606276824566211 -0.027252695440626636 -0.032604995813243332
leaf_weight=42 20 580 240 132 14.999999999999998 17 144 416 11.999999999999998 11.999999999999998 133 274 72 27
leaf_count=42 20 580 240 132 15 17 144 416 12 12 133 274 72 27
internal_value=-0.00123127 -0.00172217 -0.00107969 -0.000281386 0.00317757 -0.00337905 -0.00127329 0.000371485 0.00228643 0.00168449 0.00293103 -0.00445355 -0.00282609 -0.00437107
internal_weight=2136 1922 1556 1155 214 401 161 996 199 187 145 366 92 159
internal_count=2136 1922 1556 1155 214 401 161 996 199 187 145 366 92 159
is_linear=0
shrinkage=0.05


Tree=75
num_leaves=15
num_cat=0
split_feature=0 5 4 24 1 0 7 4 1 5 0 4 24 4
split_gain=1.59319 0.876655 0.839107 0.94183 0.806379 0.672712 0.672222 0.62055 0.441024 0.551471 0.982433 0.515279 0.21892 0.377931
threshold=23.285000000000004 739.99000000000012 28.245000000000001 1.5000000000000002 66.655000000000015 20.090000000000003 68.540000000000006 25.755000000000006 54.465000000000011 679.98000000000013 23.245000000000001 19.540000000000003 2.5000000000000004 26.790000000000003
decision_type=2 2 2 2 2 2 2 2 2 2 2 2 2 2
left_child=5 2 3 7 -5 6 -1 -2 -7 10 -10 -11 -3 -14
right_child=1 12 -4 4 -6 8 -8 -9 9 11 -12 -13 13 -15
leaf_value=0.0098236710428308456 -0.0039603315116257054 -0.078965186757185571 -0.048842185621430154 0.0016183505161343097 -0.0023779879401508996 -0.0029954819084897465 -0.0027265414403532377 -0.043909348364133211 0.0023024524009660719 0.0050572564228428298 0.01779653319369592 -0.002361220520214698 -0.04575951600149461 -0.0006352773956713201
leaf_weight=18.000000000000004 149 253 188 386 292 61 11.999999999999998 180 263 9.9999999999999982 14.999999999999998 166 75 68
leaf_count=18 149 253 188 386 292 61 12 180 263 10 15 166 75 68
internal_value=-0.00127809 -0.00207731 -0.00140167 -0.000829197 0.000235987 0.00105504 0.00833333 -0.00302432 0.000631067 0.0011674 0.00255396 -0.00102273 -0.00411616 -0.00255245
internal_weight=2136 1591 1195 1007 678 545 30 329 515 454 278 176 396 143
internal_count=2136 1591 1195 1007 678 545 30 329 515 454 278 176 396 143
is_linear=0
shrinkage=0.05


Tree=76
num_leaves=15
num_cat=0
split_feature=22 4 6 4 1 22 4 1 4 22 11 1 1 22
split_gain=1.43953 1.35355 1.33182 0.793907 1.03496 0.460748 0.402909 0.566123 0.258362 0.217593 0.164989 0.237522 0.216346 0.156379
threshold=0.32917936166072764 28.245000000000001 30.380000000000006 23.995000000000001 56.610000000000007 0.74081089433267733 21.315000000000001 63.850000000000009 24.315000000000001 0.060169887675273891 -0.99724999999999986 72.675000000000026 68.315000000000012 0.94244501643309719
decision_type=2 2 2 2 2 2 2 2 2 2 2 2 2 2
left_child=8 2 3 4 -2 -5 7 -4 9 -1 12 -12 -11 -3
right_child=1 13 6 5 -6 -7 -8 -9 -10 10 11 -13 -14 -15
leaf_value=0.0055781304348351164 -0.0020275164843830316 -0.059443130788160492 0.0032366281630585277 -0.0021201198126937623 0.0079983770683725534 0.00073428697501464065 -0.056493162962080012 -0.02509441627349613 -0.041638269227404927 0.0021749610876001589 -0.012512045846886567 0.001800835007744944 -0.012560120451441614 -0.027873524433236666
leaf_weight=9.9999999999999982 58 171 23 381 240 594 164 25 289 16.000000000000004 69 13.999999999999998 9.9999999999999982 72
leaf_count=10 58 171 23 381 240 594 164 25 289 16 69 14 10 72
internal_value=-0.00134832 -0.000717594 -0.000151516 0.000459543 0.00271812 -0.00023077 -0.00382076 0.000208332 -0.00401961 -0.00205882 -0.00270642 -0.00379518 0.00076923 -0.00417696
internal_weight=2136 1728 1485 1273 298 975 212 48 408 119 109 83 26 243
internal_count=2136 1728 1485 1273 298 975 212 48 408 119 109 83 26 243
is_linear=0
shrinkage=0.05


Tree=77
num_leaves=15
num_cat=0
split_feature=5 22 4 22 1 22 22 22 22 1 4 6 4 22
split_gain=1.26096 1.13701 0.767556 0.873565 0.754643 0.59373 2.54853 0.832716 0.739001 0.67184 0.515886 0.644872 0.62788 0.415265
threshold=452.54500000000002 0.69287764045535594 23.895000000000003 0.36146417736073544 48.815000000000005 0.93655593853549179 0.95338485815333007 0.51572537064332258 0.28003368959032676 70.970000000000013 28.245000000000001 30.380000000000006 21.315000000000001 0.78523795966413312
decision_type=2 2 2 2 2 2 2 2 2 2 2 2 2 2
left_child=2 -2 5 -4 -5 7 -7 8 -1 -8 11 -3 -13 -6
right_child=1 10 3 4 13 6 9 -9 -10 -11 -12 12 -14 -15
leaf_value=-0.00042184251685255535 -0.02474512609455809 0.00077363037947458151 -0.025536368195718702 0.0064410917923255545 0.0017962962244225189 0.045745923048638011 -0.0068341560719817661 -0.0057683030743663714 0.008188570051044031 0.033188560226101248 -0.028113924798922264 0.0010799736506472597 -0.044845191850480373 -0.0011640429099985005
leaf_weight=38 630 440 119 10.999999999999998 187 9.9999999999999982 26 113 40 17 125 31 109 240
leaf_count=38 630 440 119 11 187 10 26 113 40 17 125 31 109 240
internal_value=-0.00132491 -0.00226592 0.000243445 -0.000780971 0.00025114 0.00258197 0.00726415 0.00128272 0.00525641 0.00197674 -0.000886526 -0.000258622 -0.00321429 -8.19684e-05
internal_weight=2136 1335 801 557 438 244 53 191 78 43 705 580 140 427
internal_count=2136 1335 801 557 438 244 53 191 78 43 705 580 140 427
is_linear=0
shrinkage=0.05


Tree=78
num_leaves=15
num_cat=0
split_feature=0 23 6 23 0 23 23 0 1 23 13 23 4 7
split_gain=1.63302 1.39115 1.19319 1.07152 0.876061 0.72365 3.28871 0.636725 0.441269 0.439156 1.90556 0.351691 0.299864 0.0747899
threshold=22.315000000000001 0.94422823979932036 16.460000000000004 0.67165857384232497 19.805000000000003 0.61913436964878354 0.64577863604729235 26.175000000000004 66.655000000000015 0.98663965293901656 0.51000000000000012 0.94422823979932036 21.375000000000004 55.750000000000007
decision_type=2 2 2 2 2 2 2 2 2 2 2 2 2 2
left_child=4 2 5 7 -1 8 -7 -4 -2 11 -11 12 -6 -3
right_child=1 13 3 -5 9 6 -8 -9 -10 10 -12 -13 -14 -15
leaf_value=0.023699897028923209 8.6410244579399926e-05 -0.01333231069138339 -0.00037935894995544872 -0.036631421899631415 -0.0028174394706101209 0.021061880493621551 0.0012406960413529917 -0.045203152673543107 -0.0060085315909436318 -0.0021303553188795803 0.0090808658825986873 -0.028118640417293728 0.0020925751958514767 -0.034906930442870653
leaf_weight=20 246 90 361 300 48 21 313 101 175 18.000000000000004 9.9999999999999982 23 143 267
leaf_count=20 246 90 361 300 48 21 313 101 175 18 10 23 143 267
internal_value=-0.00125468 -0.00177161 -0.00111075 -0.00250656 0.00244275 0.000298012 0.00203593 -0.000995672 -0.00108076 0.00161157 0.0075 0.00084112 0.0015445 -0.00457983
internal_weight=2136 1874 1517 762 262 755 334 462 421 242 28 214 191 357
internal_count=2136 1874 1517 762 262 755 334 462 421 242 28 214 191 357
is_linear=0
shrinkage=0.05


Tree=79
num_leaves=15
num_cat=0
split_feature=5 23 23 4 23 23 1 23 23 4 4 11 1 23
split_gain=1.24844 1.21603 1.2107 0.766541 0.654641 1.92509 0.581389 0.539591 0.890572 0.778562 0.455784 0.470455 0.267713 0.157453
threshold=679.98000000000013 0.94975093725139803 0.47558139622940165 28.075000000000003 0.80923976778408746 0.83846383739339581 66.655000000000015 0.082689073440128144 0.1169191230723063 21.465000000000003 23.965000000000003 -0.89854999999999985 67.685000000000016 0.67165857384232497
decision_type=2 2 2 2 2 2 2 2 2 2 2 2 2 2
left_child=1 3 7 4 6 -6 -1 -2 -9 -10 11 12 -3 -4
right_child=2 10 13 -5 5 -7 -8 8 9 -11 -12 -13 -14 -15
leaf_value=0.001473245076732236 -0.031634678372199465 0.0031110302324629611 -0.017763216265778647 -0.025973059148014906 0.010842738432173094 0.000751356567204883 -0.00087697725440655109 0.022180751421026958 0.01296304365288436 -0.0014315445834259715 -0.028587362403311608 -0.0094951739203746541 -0.0060003304953087644 -0.054063673632604961
leaf_weight=429 45 19 126 108 34 207 317 18 15.999999999999998 182 185 23 12.999999999999998 414
leaf_count=429 45 19 126 108 34 207 317 18 16 182 185 23 13 414
internal_value=-0.00125468 -0.000318353 -0.00281523 0.000388127 0.000825733 0.00309129 9.38326e-05 -1.91583e-05 0.00101852 5.05039e-05 -0.00354167 0.000454544 0.004375 -0.00416667
internal_weight=2136 1335 801 1095 987 241 746 261 216 198 240 55 32 540
internal_count=2136 1335 801 1095 987 241 746 261 216 198 240 55 32 540
is_linear=0
shrinkage=0.05


Tree=80
num_leaves=15
num_cat=0
split_feature=0 22 5 0 1 1 22 22 1 22 22 22 0 3
split_gain=1.82022 1.01113 1.00794 0.679244 0.536649 1.15098 0.818906 0.507179 0.462757 0.393023 0.626728 0.365965 0.301982 0.434397
threshold=23.275000000000002 0.36146417736073544 739.99000000000012 27.005000000000006 71.625000000000014 72.745000000000019 0.37744852145085445 0.32917936166072764 53.455000000000005 0.99310419374700554 0.99781321377224363 0.96767518139081532 23.245000000000001 36.000000000000007
decision_type=2 2 2 2 2 2 2 2 2 2 2 2 2 2
left_child=4 -2 3 8 7 -6 -7 -1 -3 -4 -11 -8 13 -9
right_child=1 2 9 -5 5 6 11 12 -10 10 -12 -13 -14 -15
leaf_value=-0.0027296869670363983 -0.035370083107855298 0.0022805098599579499 -0.042806481916724287 -0.022115790990160211 0.010781718457459497 0.0078977945162075121 -0.0014326862906068796 -0.001911503799792825 -0.000371304890898727 0.018259370728445256 -0.03542019656702778 0.016844692619142999 0.013624092765643109 0.0016397654719621077
leaf_weight=91 333 60 286 153 15.999999999999998 18 53 84 739 14.000000000000002 17 11.999999999999998 14.999999999999998 245
leaf_count=91 333 60 286 153 16 18 53 84 739 14 17 12 15 245
internal_value=-0.00125468 -0.00209738 -0.0014539 -0.000640757 0.00127341 0.00459596 0.00222891 0.00051724 -5.63216e-05 -0.0038959 0.00145161 -0.000384617 0.00139535 0.00107903
internal_weight=2136 1602 1269 952 534 99 83 435 799 317 31 65 344 329
internal_count=2136 1602 1269 952 534 99 83 435 799 317 31 65 344 329
is_linear=0
shrinkage=0.05


Tree=81
num_leaves=15
num_cat=0
split_feature=0 22 6 4 22 0 3 0 4 22 4 22 4 20
split_gain=1.72051 1.09679 0.74983 0.841404 0.549987 0.432134 0.565076 0.470302 0.326528 0.669231 0.664883 0.314082 0.293013 0.561698
threshold=23.275000000000002 0.5009122898073749 30.380000000000006 29.195000000000004 0.99653827729370248 23.245000000000001 60.000000000000007 22.605000000000004 21.105000000000004 0.89546819317495652 22.785000000000004 0.93655593853549179 25.755000000000006 16775.780000000002
decision_type=2 2 2 2 2 2 2 2 2 2 2 2 2 2
left_child=5 12 3 4 -3 6 7 -1 9 -8 -10 -9 13 -2
right_child=1 2 -4 -5 -6 -7 8 11 10 -11 -12 -13 -14 -15
leaf_value=0.00070240838062807774 -0.021639903218400758 0.00043232180081876557 -0.059231935700111621 -0.064350940811174567 -0.016358148420983896 0.012117233633345038 -0.01987354926568689 -0.010700777233489693 0.008071646224313193 0.025058704464957116 0.0015006011325839864 0.00019987470727846058 -0.05818717772254315 0.0036767619674504095
leaf_weight=186 152 805 135 100 73 18 29 86 61 9.9999999999999982 113 31 288 49
leaf_count=186 152 805 135 100 73 18 29 86 61 10 113 31 288 49
internal_value=-0.00118446 -0.00200375 -0.00113657 -0.000654398 -0.000159454 0.00127341 0.00100775 -0.000379539 0.00298122 -0.00115385 0.00390804 -0.00286325 -0.00397751 -0.00251244
internal_weight=2136 1602 1113 978 878 534 516 303 213 39 174 117 489 201
internal_count=2136 1602 1113 978 878 534 516 303 213 39 174 117 489 201
is_linear=0
shrinkage=0.05


Tree=82
num_leaves=15
num_cat=0
split_feature=0 23 6 4 2 1 23 23 1 23 1 0 0 4
split_gain=1.59192 1.13175 0.76924 0.861318 0.616793 0.7155 0.882781 0.711706 0.5 0.487628 0.484691 0.374382 0.304762 0.293013
threshold=23.275000000000002 0.86545531305655499 30.380000000000006 29.195000000000004 0.19000000000000003 70.970000000000013 0.25205309817207106 0.85671078145001467 66.390000000000015 0.94422823979932036 66.655000000000015 23.245000000000001 22.825000000000003 25.755000000000006
decision_type=2 2 2 2 2 2 2 2 2 2 2 2 2 2
left_child=4 2 3 10 5 9 -7 -8 12 11 -2 -1 -6 -3
right_child=1 13 -4 -5 8 6 7 -9 -10 -11 -12 -13 -14 -15
leaf_value=0.0004263008716901394 0.00091393627853695127 -0.012899514042349809 -0.056270338915106036 -0.061133393770615829 0.019464611921079018 0.02068877601084361 -0.0011999878662904521 0.0077437451586926942 -0.0058253006853338854 -0.0043907486139574065 -0.0022100663724584258 0.012337026445693695 0.0016087695677096921 -0.055277818836415998
leaf_weight=296 498 201 135 100 14.000000000000002 18 54 35 11.999999999999998 80 380 14.999999999999998 9.9999999999999982 288
leaf_count=296 498 201 135 100 14 18 54 35 12 80 380 15 10 288
internal_value=-0.00118446 -0.00197254 -0.00109165 -0.000603273 0.00117977 0.00072289 0.00434579 0.00230337 0.0075 -0.000268543 -0.000102507 0.000627008 0.0116667 -0.00397751
internal_weight=2136 1602 1113 978 534 498 107 89 36 391 878 311 24 489
internal_count=2136 1602 1113 978 534 498 107 89 36 391 878 311 24 489
is_linear=0
shrinkage=0.05


Tree=83
num_leaves=15
num_cat=0
split_feature=0 22 6 22 22 20 4 22 22 10 21 22 22 20
split_gain=1.40386 1.09011 0.933596 1.99248 0.791865 1.27066 0.637043 0.578853 0.90668 2.19431 0.601663 0.760968 0.542128 0.731126
threshold=23.745000000000001 0.36146417736073544 13.005000000000001 0.8713187725699193 0.87962967011031401 15014.405000000001 26.385000000000002 0.93655593853549179 0.94805520968785773 -0.013599999999999998 12333.330000000002 0.87962967011031401 0.99653827729370248 16775.780000000002
decision_type=2 2 2 2 2 2 2 2 2 2 2 2 2 2
left_child=7 -2 3 -3 6 -6 -4 10 9 -9 -1 -12 13 -10
right_child=1 2 4 -5 5 -7 -8 8 12 -11 11 -13 -14 -15
leaf_value=-0.005396523568193254 -0.028755711077010623 0.0072056896513123143 -0.0022595113409577755 -0.0082709836025478337 0.00091718463313076161 -0.025061354305660123 -0.031809667318097555 0.043160910538032185 0.016905410211163156 -0.0033533334398994129 0.0014195157785493709 -0.015656686326042106 -0.0071672311628784404 -0.003714286359066156
leaf_weight=272 295 80 258 53 292 121 311 10.000000000000002 77 12.999999999999998 249 40 36 29
leaf_count=272 295 80 258 53 292 121 311 10 77 13 249 40 36 29
internal_value=-0.00120787 -0.00212766 -0.00141256 0.0025188 -0.00194501 -0.000278452 -0.00315466 0.000578511 0.00318182 0.0123913 -0.000187167 0.00140138 0.00169014 0.00349056
internal_weight=2136 1410 1115 133 982 413 569 726 165 23 561 289 142 106
internal_count=2136 1410 1115 133 982 413 569 726 165 23 561 289 142 106
is_linear=0
shrinkage=0.05


Tree=84
num_leaves=15
num_cat=0
split_feature=0 22 6 4 1 6 0 0 4 4 0 4 1 22
split_gain=1.46995 1.12092 0.847732 0.895792 0.621439 0.499169 0.723164 0.501961 0.495969 0.627223 0.65807 1.70667 0.434666 0.102174
threshold=23.755000000000006 0.5009122898073749 30.380000000000006 29.195000000000004 66.655000000000015 13.005000000000001 25.005000000000006 24.555000000000003 19.540000000000003 21.375000000000004 20.750000000000004 21.810000000000006 70.970000000000013 0.70517752626968588
decision_type=2 2 2 2 2 2 2 2 2 2 2 2 2 2
left_child=8 5 3 4 -3 6 7 -2 -1 13 11 -11 -12 -10
right_child=1 2 -4 -5 -6 -7 -8 -9 9 10 12 -13 -14 -15
leaf_value=0.021515285830925338 2.6790514318349343e-05 0.00087710654871187487 -0.064171895673838242 -0.058122583313741587 -0.002121685357943273 -0.030677002788231773 -0.018045279076518685 0.0075182697755582428 -0.014389032163927682 0.017761389183113218 -8.5674248319142138e-05 -0.010975774678354647 0.0062872240815973817 -0.00098693015364169291
leaf_weight=18 17.000000000000004 420 123 100 324 372 32 9.9999999999999982 47 10.000000000000002 477 14.999999999999998 126 45
leaf_count=18 17 420 123 100 324 372 32 10 47 10 477 15 126 45
internal_value=-0.00111423 -0.00206724 -0.00112203 -0.000556873 4.03214e-05 -0.00418794 8.47446e-05 0.00611111 0.000691056 0.00048611 0.00105095 0.009 0.000721392 -0.00336957
internal_weight=2136 1398 967 844 744 431 59 27 738 720 628 25 603 92
internal_count=2136 1398 967 844 744 431 59 27 738 720 628 25 603 92
is_linear=0
shrinkage=0.05


Tree=85
num_leaves=15
num_cat=0
split_feature=22 6 22 22 5 22 6 22 1 22 9 11 1 1
split_gain=1.06034 1.05564 0.542083 2.96811 0.565717 0.322689 0.715136 0.204045 0.381927 0.17415 0.402381 0.116667 0.2 0.0979592
threshold=0.32917936166072764 30.380000000000006 0.99653827729370248 0.99496844910615079 568.63000000000011 0.16269055358644466 13.005000000000001 0.95843238470078729 64.280000000000015 0.12865578461947555 0.46000000000000002 -0.99869999999999992 66.13000000000001 61.810000000000009
decision_type=2 2 2 2 2 2 2 2 2 2 2 2 2 2
left_child=5 2 3 4 -2 6 -1 -3 -9 -8 -11 12 -7 -4
right_child=1 7 13 -5 -6 11 9 8 -10 10 -12 -13 -14 -15
leaf_value=0.0030291563930928711 0.00045056395813030829 -0.040673020313012467 -0.0090215073402892584 0.026754314170690394 -0.0020978230285261983 0.0002752360255709123 -0.01691739468873301 0.0017334908046405036 -0.023745310162957611 -0.011543090020781365 0.0013394415174474402 -0.039401174997912285 -0.031252415464813416 -0.017821192659284328
leaf_weight=21 792 165 49 21 594 12.000000000000002 105 23 28 30 11.999999999999998 210 18 56
leaf_count=21 792 165 49 21 594 12 105 23 28 30 12 210 18 56
internal_value=-0.00111423 -0.000572918 -0.000105821 0.000152806 -0.000129871 -0.00340686 -0.00172619 -0.00384259 -0.00107843 -0.00295918 -0.000238096 -0.00458333 -0.00166667 -0.00357143
internal_weight=2136 1728 1512 1407 1386 408 168 216 51 147 42 240 30 105
internal_count=2136 1728 1512 1407 1386 408 168 216 51 147 42 240 30 105
is_linear=0
shrinkage=0.05


Tree=86
num_leaves=15
num_cat=0
split_feature=0 22 6 4 1 3 22 22 4 6 0 0 1 22
split_gain=1.50017 1.11173 0.720398 0.919839 0.55737 0.555909 0.550186 0.830392 0.482394 0.47243 0.723164 0.501961 0.328576 1.13761
threshold=23.755000000000006 0.5009122898073749 30.380000000000006 29.195000000000004 66.655000000000015 36.000000000000007 0.76347624337813269 0.7957718639449195 23.395000000000003 13.005000000000001 25.005000000000006 24.555000000000003 71.625000000000014 0.51572537064332258
decision_type=2 2 2 2 2 2 2 2 2 2 2 2 2 2
left_child=5 9 3 4 -3 6 -1 -8 -9 10 11 -2 -7 -14
right_child=1 2 -4 -5 -6 12 7 8 -10 -11 -12 -13 13 -15
leaf_value=-0.010911380535799767 -4.8649008820586149e-05 0.00093814237270259274 -0.059098929437883418 -0.055111562996628199 -0.0020381292879526193 0.0010215853214933979 0.018420793484671856 0.0082598418576618707 -0.0019280348288336217 -0.028854430044908477 -0.017165543320599264 0.0071069351543643 0.0071967225085106321 0.00021404132391611623
leaf_weight=114 17.000000000000004 420 123 100 324 416 9.9999999999999982 37 65 372 32 9.9999999999999982 28 68
leaf_count=114 17 420 123 100 324 416 10 37 65 372 32 10 28 68
internal_value=-0.000997192 -0.00195994 -0.00101862 -0.000497632 0.000107526 0.000826557 -0.00123894 0.00125 -9.80404e-05 -0.00407193 8.47446e-05 0.00611111 0.00173828 0.004375
internal_weight=2136 1398 967 844 744 738 226 112 102 431 59 27 512 96
internal_count=2136 1398 967 844 744 738 226 112 102 431 59 27 512 96
is_linear=0
shrinkage=0.05


Tree=87
num_leaves=15
num_cat=0
split_feature=0 22 6 0 1 6 22 22 22 0 22 2 3 22
split_gain=1.6137 1.19781 0.720398 0.605554 0.621168 0.441857 0.605315 1.32182 0.712644 0.654298 0.512399 0.680664 0.54675 1.00496
threshold=23.755000000000006 0.5009122898073749 30.380000000000006 27.005000000000006 66.655000000000015 16.460000000000004 0.47084587141109652 0.28003368959032676 0.14569472580964501 22.660000000000004 0.77447169083781808 0.19000000000000003 60.000000000000007 0.83552254320998587
decision_type=2 2 2 2 2 2 2 2 2 2 2 2 2 2
left_child=5 -2 3 4 -3 6 7 8 -1 -9 11 -7 -12 -14
right_child=1 2 -4 -5 -6 10 -8 9 -10 -11 12 -13 13 -15
leaf_value=0.0011503177677256932 -0.019918763640996755 0.00093936825128462331 -0.056143982965989249 -0.018592559896646366 -0.0019411366551117235 -0.010604534027644975 0.0014186381949865951 0.0070077562236484483 -0.012338124845482593 0.0052237200158599777 -0.00019865130588570814 0.001340416354734553 0.0082217124304131747 0.0046974357013615624
leaf_weight=27 431 387 123 152 305 197 266 22 31 27 91 14.999999999999998 9.9999999999999982 52
leaf_count=27 431 387 123 152 305 197 266 22 31 27 91 15 10 52
internal_value=-0.000997192 -0.00199571 -0.00101862 -0.000497632 0.000130057 0.000894308 0.00210456 0.00528037 0.000172413 0.0113265 -0.000342467 -0.00193396 0.00186274 0.00548387
internal_weight=2136 1398 967 844 692 738 373 107 58 49 365 212 153 62
internal_count=2136 1398 967 844 692 738 373 107 58 49 365 212 153 62
is_linear=0
shrinkage=0.05


Tree=88
num_leaves=15
num_cat=0
split_feature=0 23 8 4 1 4 0 4 1 0 7 1 4 0
split_gain=1.38163 1.03532 0.601991 0.786122 0.801112 0.533272 0.556306 0.734694 0.822273 0.598876 0.467621 0.455274 0.394743 0.310447
threshold=24.405000000000005 0.72100388094302625 17.745000000000005 29.195000000000004 65.50500000000001 19.540000000000003 24.185000000000006 24.550000000000001 73.610000000000014 23.755000000000006 49.140000000000008 75.565000000000012 21.105000000000004 25.005000000000006
decision_type=2 2 2 2 2 2 2 2 2 2 2 2 2 2
left_child=5 2 3 4 -2 -1 9 -8 -9 12 11 13 -7 -3
right_child=1 10 -4 -5 -6 6 7 8 -10 -11 -12 -13 -14 -15
leaf_value=0.019958858131025842 0.0018188520115087693 0.0036014096901467634 -0.071779429222794636 -0.045248672679767399 -0.0018391658736440055 -0.0029532945213101864 -0.0069341381337671999 0.0067348143845916732 -0.0091702550649789809 -0.0061872399282574403 -0.030422203074476975 0.0073269522690778263 0.001030673303060221 -0.014013782428105857
leaf_weight=18 217 15.999999999999998 72 71 224 74 25 46 10.999999999999998 178 486 9.9999999999999982 646 42
leaf_count=18 217 16 72 71 224 74 25 46 11 178 486 10 646 42
internal_value=-0.000997192 -0.00218805 -0.000719179 -0.000117189 0.000668933 0.00036072 0.00020408 0.00414634 0.0072807 -0.000155903 -0.00373646 0.000147058 0.00048611 -0.00155173
internal_weight=2136 1138 584 512 441 998 980 82 57 898 554 68 720 58
internal_count=2136 1138 584 512 441 998 980 82 57 898 554 68 720 58
is_linear=0
shrinkage=0.05


Tree=89
num_leaves=15
num_cat=0
split_feature=0 22 6 4 1 1 4 7 22 22 4 0 1 4
split_gain=1.28156 0.860741 0.578152 0.754991 0.716846 0.542598 0.539556 0.53715 0.86447 0.631504 0.871192 0.576202 0.5347 0.33078
threshold=24.405000000000005 0.69287764045535594 30.380000000000006 29.195000000000004 65.50500000000001 79.865000000000023 19.540000000000003 68.540000000000006 0.53038584004487344 0.14569472580964501 23.225000000000005 24.335000000000004 50.965000000000011 26.495000000000001
decision_type=2 2 2 2 2 2 2 2 2 2 2 2 2 2
left_child=6 5 3 4 -3 13 -1 9 -9 10 -8 -11 -10 -2
right_child=1 2 -4 -5 -6 -7 7 8 12 11 -12 -13 -14 -15
leaf_value=0.018960915224474555 -0.0095352771526089064 0.0017279094109333372 -0.068190457761654916 -0.042986239045779029 -0.0017472075799618014 0.0033105664417730045 0.002899266941198856 -0.01692523703581645 0.025641965660048713 0.00038237323405853198 -0.0039269756433087701 0.0044870689905488039 4.0102714966292357e-05 -0.049748879132206228
leaf_weight=18 225 217 72 71 224 12.999999999999998 13.000000000000002 159 12.999999999999998 458 17 11.999999999999998 308 316
leaf_count=18 225 217 72 71 224 13 13 159 13 458 17 12 308 316
internal_value=-0.000997192 -0.00214411 -0.000804796 -0.000214845 0.000555554 -0.00355596 0.00031062 0.00015306 -0.00104167 0.0013 0.00833333 0.000851063 0.000451712 -0.00379852
internal_weight=2136 1138 584 512 441 554 998 980 480 500 30 470 321 541
internal_count=2136 1138 584 512 441 554 998 980 480 500 30 470 321 541
is_linear=0
shrinkage=0.05


Tree=90
num_leaves=15
num_cat=0
split_feature=0 22 6 6 4 22 5 22 0 22 22 22 0 4
split_gain=1.2361 0.805194 0.586182 0.578152 0.754991 0.451185 0.446689 1.10756 0.68359 0.788549 1.95004 0.419841 0.365068 0.352757
threshold=24.405000000000005 0.69287764045535594 13.005000000000001 30.380000000000006 29.195000000000004 0.37744852145085445 679.98000000000013 0.87962967011031401 24.335000000000004 0.58741554219704073 0.54488935974326758 0.57340843044527534 27.935000000000006 23.645000000000003
decision_type=2 2 2 2 2 2 2 2 2 2 2 2 2 2
left_child=6 2 5 4 12 -2 8 -8 9 10 -1 -7 -3 -11
right_child=1 3 -4 -5 -6 11 7 -9 -10 13 -12 -13 -14 -15
leaf_value=0.00055060840639662508 -0.0084763908051292813 0.00029041687586344893 -0.028247622168120681 -0.064780934873572171 -0.040836927093490072 0.0042132478601367472 -0.020907133180459257 0.004672210872415837 0.0041355242220744081 0.0012187156350740645 0.01636878391517816 -0.001035442690187549 0.0061406028600225334 -0.0017477770377774379
leaf_weight=217 32 431 486 72 71 21 248 121 14.999999999999998 160 15.999999999999998 14.999999999999998 9.9999999999999982 221
leaf_count=217 32 431 486 72 71 21 248 121 15 160 16 15 10 221
internal_value=-0.000973784 -0.00210018 -0.00346571 -0.000804796 -0.000214845 0.000882352 0.00031062 -0.00107046 0.00112083 0.000863191 0.00315451 0.00472222 0.000555554 -0.000538059
internal_weight=2136 1138 554 584 512 68 998 369 629 614 233 36 441 381
internal_count=2136 1138 554 584 512 68 998 369 629 614 233 36 441 381
is_linear=0
shrinkage=0.05


Tree=91
num_leaves=15
num_cat=0
split_feature=0 6 23 23 23 20 4 0 1 23 2 0 23 3
split_gain=1.28177 1.09619 1.52936 1.44999 1.61629 0.696037 0.839034 0.681834 0.52446 1.11429 0.754453 1.01263 0.684052 0.576136
threshold=23.755000000000006 13.005000000000001 0.50555750738881688 0.49064204624668717 0.92599062340417404 15014.405000000001 29.220000000000002 27.330000000000002 70.970000000000013 0.25205309817207106 0.19000000000000003 22.285000000000004 0.85671078145001467 36.000000000000007
decision_type=2 2 2 2 2 2 2 2 2 2 2 2 2 2
left_child=8 3 5 -2 7 6 -3 -5 10 -10 -1 -12 -11 -14
right_child=1 2 -4 4 -6 -7 -8 -9 9 12 11 -13 13 -15
leaf_value=-0.00026815084012408178 -0.0074986734600728626 0.0015327268873362363 -0.015656215301441682 0.0077103921766492447 -0.0031066680287056229 -0.015103977732856714 -0.030380420044931928 -0.011135265020662173 0.016459863327034731 -0.00086359668720499712 0.017640607329457804 0.0011622148424621276 -0.032014927353647277 0.0062444917017103578
leaf_weight=538 53 264 786 64 44 129 45 12.999999999999998 21 87 12.999999999999998 31 14.999999999999998 33
leaf_count=538 53 264 786 64 44 129 45 13 21 87 13 31 15 33
internal_value=-0.000926967 -0.00181688 -0.00234477 0.00189655 0.00491735 2.28299e-05 0.00131068 0.00928571 0.000758806 0.00333333 6.87273e-05 0.00636364 0.00166667 0.00645833
internal_weight=2136 1398 1224 174 121 438 309 77 738 156 582 44 135 48
internal_count=2136 1398 1224 174 121 438 309 77 738 156 582 44 135 48
is_linear=0
shrinkage=0.05


Tree=92
num_leaves=15
num_cat=0
split_feature=5 22 4 22 22 22 4 22 22 22 22 4 22 22
split_gain=1.31164 1.44879 0.83826 0.671296 0.617748 0.577805 0.556217 0.627407 0.548741 1.04158 1.9484 0.603499 0.466399 0.465033
threshold=679.98000000000013 0.87962967011031401 26.525000000000002 0.99653827729370248 0.54488935974326758 0.57340843044527534 29.270000000000003 0.89546819317495652 0.31288844364721724 0.58741554219704073 0.54488935974326758 24.145000000000003 0.62837760187664593 0.98575081589502089
decision_type=2 2 2 2 2 2 2 2 2 2 2 2 2 2
left_child=2 -2 8 6 -4 -6 7 -3 11 10 -10 -1 -11 -7
right_child=1 3 4 -5 5 13 -8 -9 9 12 -12 -13 -14 -15
leaf_value=0.00033561674941264366 -0.035196892613663704 0.0021963522209977548 -0.044421050017792119 -0.022714481029235595 0.0030586204123299169 -0.0075235959783932901 -0.033099477280032409 0.0040473638723307502 0.0011431349888565596 -0.011158886684382807 0.013503313093819297 -0.0087653608178669441 0.00062504284766124005 0.0033638768192928779
leaf_weight=61 540 13.999999999999998 116 45 13.999999999999998 186 27 175 169 38 24 119 559 49
leaf_count=61 540 14 116 45 14 186 27 175 169 38 24 119 559 49
internal_value=-0.000903559 -0.00250312 5.61786e-05 0.000555554 -0.0019863 -0.000582331 0.00171296 0.00267196 0.000824741 0.0013924 0.00458549 -0.00166667 0.000360133 -0.00117021
internal_weight=2136 801 1335 261 365 249 216 189 970 790 193 180 597 235
internal_count=2136 801 1335 261 365 249 216 189 970 790 193 180 597 235
is_linear=0
shrinkage=0.05


Tree=93
num_leaves=15
num_cat=0
split_feature=0 22 5 4 1 1 22 1 3 5 6 0 0 4
split_gain=1.15353 1.19179 0.991233 0.897387 0.54484 0.495019 1.14571 0.543908 0.563063 0.480408 0.441852 0.723164 0.501961 0.410236
threshold=23.835000000000004 0.5009122898073749 739.99000000000012 29.105000000000004 72.235000000000014 70.970000000000013 0.96767518139081532 69.27500000000002 36.000000000000007 568.63000000000011 13.005000000000001 25.005000000000006 24.555000000000003 26.045000000000005
decision_type=2 2 2 2 2 2 2 2 2 2 2 2 2 2
left_child=5 10 3 4 -3 7 -7 8 9 -1 11 12 -2 -10
right_child=1 2 -4 -5 -6 6 -8 -9 13 -11 -12 -13 -14 -15
leaf_value=0.00068938763154304666 0.00062435308442864801 0.00073830618797262975 -0.026064335410564077 -0.042040414393429405 -0.0050239733948510782 0.00085125915370183743 0.015434502048660939 -0.010438051652943028 0.0016410556151444965 -0.012512890119987134 -0.022230321361399987 -0.013537230321336297 0.0075579568154174803 -0.028503911580088137
leaf_weight=97 17.000000000000004 502 237 74 134 145 21 49 348 88 360 32 9.9999999999999982 22
leaf_count=97 17 502 237 74 134 145 21 49 348 88 360 32 10 22
internal_value=-0.000833335 -0.00170571 -0.000723338 0.000211266 0.000817609 0.000714285 0.00313253 4.96677e-05 0.000495494 -0.00175676 -0.00392602 8.47446e-05 0.00611111 0.00162162
internal_weight=2136 1366 947 710 636 770 166 604 555 185 419 59 27 370
internal_count=2136 1366 947 710 636 770 166 604 555 185 419 59 27 370
is_linear=0
shrinkage=0.05


Tree=94
num_leaves=15
num_cat=0
split_feature=0 22 8 22 22 4 10 22 8 22 1 0 22 0
split_gain=1.22535 0.983212 0.892409 0.737369 3.16294 0.519099 0.62004 0.669281 0.389117 0.416904 0.326087 0.349655 0.304843 0.714286
threshold=26.235000000000003 0.32917936166072764 17.745000000000005 0.99653827729370248 0.99496844910615079 24.685000000000006 1.0000000180025095e-35 0.14569472580964501 8.8550000000000022 0.55923163791368669 71.570000000000007 27.330000000000002 0.90299113182541202 23.945000000000004
decision_type=2 2 2 2 2 2 2 2 2 2 2 2 2 2
left_child=1 5 3 4 -3 6 7 -1 9 -2 11 -11 -4 -14
right_child=8 2 12 -5 -6 -7 -8 -9 -10 10 -12 -13 13 -15
leaf_value=0.0029912060626044353 -0.041544088786254152 0.00054396659429513665 -0.033910895657822425 -0.011280097703483561 0.024961441630498165 -0.021738753476651291 -0.022074090440975525 -0.0010466818877691757 -0.038645382160656092 0.0042940611597417589 -0.016213642133888494 -0.0095875490060806853 0.0033745733021152734 -0.038359671735450393
leaf_weight=30 38 1123 115 83 19 189 63 51 293 29 14.999999999999998 25 28 35
leaf_count=30 38 1123 115 83 19 189 63 51 293 29 15 25 28 35
internal_value=-0.000880151 -0.000305301 0.000274411 0.000755101 0.00108581 -0.00274775 -0.000486112 0.00240741 -0.003375 -0.000794394 0.00152174 0.00333333 -0.00303371 -0.000238096
internal_weight=2136 1736 1403 1225 1142 333 144 81 400 107 69 54 178 63
internal_count=2136 1736 1403 1225 1142 333 144 81 400 107 69 54 178 63
is_linear=0
shrinkage=0.05


Tree=95
num_leaves=15
num_cat=0
split_feature=22 4 6 22 22 4 10 22 1 22 22 0 0 6
split_gain=1.16602 1.103 1.00651 0.645766 2.26271 0.521176 0.52291 0.453232 0.561237 0.448179 0.294613 0.596825 0.154202 0.10238
threshold=0.32917936166072764 29.195000000000004 30.380000000000006 0.99653827729370248 0.99496844910615079 24.685000000000006 1.0000000180025095e-35 0.14569472580964501 63.360000000000007 0.24684749415872467 0.88768027107944258 23.945000000000004 26.155000000000005 13.005000000000001
decision_type=2 2 2 2 2 2 2 2 2 2 2 2 2 2
left_child=5 2 3 4 -2 6 7 8 -1 -9 -4 -12 -5 -7
right_child=1 -3 10 12 -6 13 -8 9 -10 -11 11 -13 -14 -15
leaf_value=-0.00012141261548696911 0.00042188535022576201 -0.046967224519752881 -0.042056911302165552 -0.012718477256685574 0.023634304414747023 -0.010256066905174225 -0.021039211013777495 -0.017808875584796723 0.0071047547563795506 0.0011330379420117697 0.0028659805510930043 -0.051392077131179929 -0.0072152275821238624 -0.032054928577333962
leaf_weight=13.000000000000002 1279 117 132 79 20 34 65 30 17 21 31 53 17 228
leaf_count=13 1279 117 132 79 20 34 65 30 17 21 31 53 17 228
internal_value=-0.000880151 -0.000312501 2.79318e-05 0.000519712 0.000812162 -0.00328431 -0.000890412 0.00179012 0.00666667 -0.00107843 -0.00314815 -0.000833335 -0.0034375 -0.00461832
internal_weight=2136 1728 1611 1395 1299 408 146 81 30 51 216 84 96 262
internal_count=2136 1728 1611 1395 1299 408 146 81 30 51 216 84 96 262
is_linear=0
shrinkage=0.05


Tree=96
num_leaves=15
num_cat=0
split_feature=23 4 6 23 23 4 10 23 1 23 23 0 0 6
split_gain=1.16602 1.103 1.00651 0.645766 2.26271 0.521176 0.52291 0.453232 0.561237 0.448179 0.294613 0.596825 0.154202 0.10238
threshold=0.94422823979932036 29.195000000000004 30.380000000000006 0.082689073440128144 0.099818867260593996 24.685000000000006 1.0000000180025095e-35 0.98929220549296726 63.360000000000007 0.96901616890815878 0.46038001402560286 23.945000000000004 26.155000000000005 13.005000000000001
decision_type=2 2 2 2 2 2 2 2 2 2 2 2 2 2
left_child=1 2 3 12 -5 6 7 9 -9 -2 11 -4 -1 -7
right_child=5 -3 10 4 -6 13 -8 8 -10 -11 -12 -13 -14 -15
leaf_value=-0.012082553393851293 0.0010763860449111795 -0.044618863293765229 0.0027226815235383492 0.022452589194009664 0.00040079108271447628 -0.0097432635599155083 -0.019987250463088621 -0.00011534198471262223 0.0067495170185605698 -0.016918431805556886 -0.039954065737057273 -0.048822473274620935 -0.006854466203017673 -0.03045218214846725
leaf_weight=79 21 117 31 20 1279 34 65 13.000000000000002 17 30 132 53 17 228
leaf_count=79 21 117 31 20 1279 34 65 13 17 30 132 53 17 228
internal_value=-0.000880151 -0.000312501 2.79318e-05 0.000519712 0.000812162 -0.00328431 -0.000890412 0.00179012 0.00666667 -0.00107843 -0.00314815 -0.000833335 -0.0034375 -0.00461832
internal_weight=2136 1728 1611 1395 1299 408 146 81 30 51 216 84 96 262
internal_count=2136 1728 1611 1395 1299 408 146 81 30 51 216 84 96 262
is_linear=0
shrinkage=0.05


Tree=97
num_leaves=15
num_cat=0
split_feature=5 22 22 4 22 22 22 22 4 4 1 22 4 4
split_gain=1.04931 1.06551 1.9685 0.899527 1.05174 0.590392 0.589701 0.773536 0.534392 0.528002 0.465072 0.404898 0.38513 0.333142
threshold=739.99000000000012 0.87962967011031401 0.89546819317495652 26.525000000000002 0.70517752626968588 0.060169887675273891 0.31288844364721724 0.78523795966413312 29.105000000000004 22.215000000000003 61.490000000000002 0.99310419374700554 26.715000000000003 24.145000000000003
decision_type=2 2 2 2 2 2 2 2 2 2 2 2 2 2
left_child=3 -2 -3 5 -5 -1 13 -8 12 10 -4 -11 -6 -7
right_child=1 2 9 4 8 6 7 -9 -10 11 -12 -13 -14 -15
leaf_value=0.0034803315121326173 -0.031221238283841136 0.0033751829247867047 0.015975397687767384 -0.035652017267903943 -0.0088522236293840893 0.00011200771942870055 0.0030013039645260986 -0.00048628526494569259 -0.025451699940095475 -0.011509815109383141 0.00027088775066696526 0.0095456848615715784 0.0016394509207614651 -0.010676488013944668
leaf_weight=11.999999999999998 360 11.999999999999998 11.000000000000002 253 34 57 421 454 56 98 19 34 186 129
leaf_count=12 360 12 11 253 34 57 421 454 56 98 19 34 186 129
internal_value=-0.000833335 -0.00275281 0.000459769 -0.000193509 -0.00188091 0.000638396 0.000513665 0.00105714 0.000253622 -0.000987656 0.005 -0.00234849 0.00136364 -0.00204301
internal_weight=2136 534 174 1602 529 1073 1061 875 276 162 30 132 220 186
internal_count=2136 534 174 1602 529 1073 1061 875 276 162 30 132 220 186
is_linear=0
shrinkage=0.05


Tree=98
num_leaves=15
num_cat=0
split_feature=5 22 22 4 22 22 22 22 0 4 4 1 22 22
split_gain=1.07506 1.06551 1.9685 0.933111 1.05174 0.585413 0.557806 0.624061 0.54212 0.690187 0.528002 0.465072 0.404898 0.374998
threshold=739.99000000000012 0.87962967011031401 0.89546819317495652 26.525000000000002 0.70517752626968588 0.060169887675273891 0.28003368959032676 0.78523795966413312 27.005000000000006 27.145000000000003 22.215000000000003 61.490000000000002 0.99310419374700554 0.14569472580964501
decision_type=2 2 2 2 2 2 2 2 2 2 2 2 2 2
left_child=3 -2 -3 5 -5 -1 13 -8 9 -6 11 -4 -12 -7
right_child=1 2 10 4 8 6 7 -9 -10 -11 12 -13 -14 -15
leaf_value=0.0033063149365259847 -0.029660176369649086 0.0032064237785473671 0.015176627803379014 -0.033869416404508745 -0.0018412303865584169 0.0004079544831405248 0.002672651901607813 -0.00046197100169840231 -0.01279022704844807 0.0061495322184888894 -0.010934324353913987 0.00025734336313361882 0.0090684006184929989 -0.017293612341896383
leaf_weight=11.999999999999998 360 11.999999999999998 11.000000000000002 253 82 58 448 454 104 90 98 19 34 101
leaf_count=12 360 12 11 253 82 58 448 454 104 90 98 19 34 101
internal_value=-0.000809926 -0.00275281 0.000459769 -0.000162298 -0.00188091 0.000684994 0.000560791 0.00104213 0.000253622 0.00197674 -0.000987656 0.005 -0.00234849 -0.00216981
internal_weight=2136 534 174 1602 529 1073 1061 902 276 172 162 30 132 159
internal_count=2136 534 174 1602 529 1073 1061 902 276 172 162 30 132 159
is_linear=0
shrinkage=0.05


Tree=99
num_leaves=15
num_cat=0
split_feature=7 22 22 1 4 0 4 22 0 22 22 22 22 1
split_gain=1.01124 1.16455 0.987938 0.744161 0.72175 0.643342 0.827079 0.553686 0.46301 0.604159 0.424459 2.70319 0.640537 0.316674
threshold=72.295000000000016 0.87962967011031401 0.89546819317495652 51.595000000000006 28.075000000000003 21.905000000000005 23.930000000000003 0.28003368959032676 24.845000000000002 0.14569472580964501 0.58741554219704073 0.54488935974326758 0.64166506163122816 71.035000000000011
decision_type=2 2 2 2 2 2 2 2 2 2 2 2 2 2
left_child=4 5 -3 -4 7 6 -2 8 9 -1 11 -9 -12 -5
right_child=1 2 3 13 -6 -7 -8 10 -10 -11 12 -13 -14 -15
leaf_value=0.0012869593172800846 -0.024452430514874054 0.0022174257853139951 0.024786920710139184 -0.0024871418543386502 -0.018878248797301801 -0.032700754112825234 0.013255718118671656 8.2608260795155185e-05 -0.019533072313050889 -0.013166755413102761 -0.010895979338150154 0.011493850265455664 0.00038155577290621218 0.0079804334216490476
leaf_weight=50 26 18 11.999999999999998 185 123 499 14.999999999999998 236 84 62 57 34 689 46
leaf_count=50 26 18 12 185 123 499 15 236 84 62 57 34 689 46
internal_value=-0.000973784 -0.00237828 0.000363983 -0.000473252 -0.000131087 -0.0037037 0.00231707 0.000239273 -0.00219388 -8.92869e-05 0.00070866 0.00240741 9.38326e-05 -0.0011039
internal_weight=2136 801 261 243 1335 540 41 1212 196 112 1016 270 746 231
internal_count=2136 801 261 243 1335 540 41 1212 196 112 1016 270 746 231
is_linear=0
shrinkage=0.05


end of trees

feature_importances:
day_of_year_sin=355
forecast_temperature=236
b2_temperature=227
forecast_humidity=131
elevation_mean=121
day_of_year_cos=121
elevation_std=86
elevation_range=26
lead_time_hours=20
aspect_sin=18
forecast_rainfall=12
distance_to_nearest_water=11
slope_mean=10
month=8
slope_std=6
aspect_cos=6
distance_to_forecast_grid_m=4
tri_std=2

parameters:
[boosting: gbdt]
[objective: quantile]
[metric: quantile]
[tree_learner: serial]
[device_type: cpu]
[data_sample_strategy: bagging]
[data: ]
[valid: ]
[num_iterations: 100]
[learning_rate: 0.05]
[num_leaves: 15]
[num_threads: 8]
[seed: 42]
[deterministic: 0]
[force_col_wise: 0]
[force_row_wise: 0]
[histogram_pool_size: -1]
[max_depth: 5]
[min_data_in_leaf: 10]
[min_sum_hessian_in_leaf: 0.001]
[bagging_fraction: 0.8]
[pos_bagging_fraction: 1]
[neg_bagging_fraction: 1]
[bagging_freq: 0]
[bagging_seed: 400]
[bagging_by_query: 0]
[feature_fraction: 0.8]
[feature_fraction_bynode: 1]
[feature_fraction_seed: 30056]
[extra_trees: 0]
[extra_seed: 12879]
[early_stopping_round: 0]
[early_stopping_min_delta: 0]
[first_metric_only: 0]
[max_delta_step: 0]
[lambda_l1: 0]
[lambda_l2: 0]
[linear_lambda: 0]
[min_gain_to_split: 0]
[drop_rate: 0.1]
[max_drop: 50]
[skip_drop: 0.5]
[xgboost_dart_mode: 0]
[uniform_drop: 0]
[drop_seed: 17869]
[top_rate: 0.2]
[other_rate: 0.1]
[min_data_per_group: 100]
[max_cat_threshold: 32]
[cat_l2: 10]
[cat_smooth: 10]
[max_cat_to_onehot: 4]
[top_k: 20]
[monotone_constraints: ]
[monotone_constraints_method: basic]
[monotone_penalty: 0]
[feature_contri: ]
[forcedsplits_filename: ]
[refit_decay_rate: 0.9]
[cegb_tradeoff: 1]
[cegb_penalty_split: 0]
[cegb_penalty_feature_lazy: ]
[cegb_penalty_feature_coupled: ]
[path_smooth: 0]
[interaction_constraints: ]
[verbosity: -1]
[saved_feature_importance_type: 0]
[use_quantized_grad: 0]
[num_grad_quant_bins: 4]
[quant_train_renew_leaf: 0]
[stochastic_rounding: 1]
[linear_tree: 0]
[max_bin: 255]
[max_bin_by_feature: ]
[min_data_in_bin: 3]
[bin_construct_sample_cnt: 200000]
[data_random_seed: 175]
[is_enable_sparse: 1]
[enable_bundle: 1]
[use_missing: 1]
[zero_as_missing: 0]
[feature_pre_filter: 1]
[pre_partition: 0]
[two_round: 0]
[header: 0]
[label_column: ]
[weight_column: ]
[group_column: ]
[ignore_column: ]
[categorical_feature: ]
[forcedbins_filename: ]
[precise_float_parser: 0]
[parser_config_file: ]
[objective_seed: 16083]
[num_class: 1]
[is_unbalance: 0]
[scale_pos_weight: 1]
[sigmoid: 1]
[boost_from_average: 1]
[reg_sqrt: 0]
[alpha: 0.9]
[fair_c: 1]
[poisson_max_delta_step: 0.7]
[tweedie_variance_power: 1.5]
[lambdarank_truncation_level: 30]
[lambdarank_norm: 1]
[label_gain: ]
[lambdarank_position_bias_regularization: 0]
[eval_at: ]
[multi_error_top_k: 1]
[auc_mu_weights: ]
[num_machines: 1]
[local_listen_port: 12400]
[time_out: 120]
[machine_list_filename: ]
[machines: ]
[gpu_platform_id: -1]
[gpu_device_id: -1]
[gpu_device_id_list: ]
[gpu_use_dp: 0]
[num_gpu: 1]

end of parameters

pandas_categorical:[]
