tree
version=v4
num_class=1
num_tree_per_iteration=1
label_index=0
max_feature_idx=24
objective=quantile
feature_names=forecast_temperature forecast_humidity forecast_rainfall lead_time_hours b2_temperature elevation_mean elevation_std elevation_range slope_mean slope_std aspect_sin aspect_cos tri_mean tri_std landcover_fraction_tree landcover_fraction_shrub landcover_fraction_grass landcover_fraction_cropland landcover_fraction_builtup landcover_fraction_water distance_to_nearest_water distance_to_forecast_grid_m day_of_year_sin day_of_year_cos month
feature_infos=[17.800000000000001:32.509999999999998] [38.549999999999997:92.700000000000003] [0:21.109999999999999] [24:72] [17.43:32.950000000000003] [354.08999999999997:899.00999999999999] [12.289999999999999:32.460000000000001] [45.369999999999997:118.16] [7.3899999999999997:18.890000000000001] [0.13:0.54000000000000004] [-0.46550000000000002:0.72440000000000004] [-0.99890000000000001:-0.68910000000000005] [9.5299999999999994:25.140000000000001] [0.17999999999999999:0.77000000000000002] none none none [0.024799999999999999:1] [0:0.97519999999999996] none [0:18225.799999999999] [3595.1999999999998:16825.540000000001] [0.034398060613608013:0.99998555065071859] [0.0053757315575838844:0.99940821160625981] [1:3]
tree_sizes=1387 1428 1437 1450 1425 1429 1437 1446 1449 1458 1434 1471 1436 1482 1428 1438 1435 1427 1427 1461 1433 1441 1440 1442 1444 1439 1435 1460 1436 1445 1425 1431 1432 1439 1438 1439 1443 1438 1451 1461 1440 1441 1464 1447 1442 1463 1468 1441 1480 1445 1437 1457 1453 1457 1462 1476 1458 1463 1440 1443 1454 1458 1457 1478 1456 1460 1478 1509 1463 1465 1483 1462 1474 1522 1399 1524 1527 1495 1521 1515 1501 1365 1365 1437 1482 1502 1452 1453 1489 1446 1451 1486 1469 1502 1498 1478 1498 1506 1465 1469

Tree=0
num_leaves=15
num_cat=0
split_feature=5 4 23 4 0 23 23 4 6 23 0 4 4 23
split_gain=105.209 74.9213 56.1978 32.8955 29.1618 24.2355 13.0257 11.7248 8.73258 4.81237 7.36107 5.8081 4.08971 3.94354
threshold=679.98000000000013 26.715000000000003 0.91245913578114801 24.145000000000003 23.785000000000004 0.70897861563100306 0.72100388094302625 28.275000000000002 30.380000000000006 0.47558139622940165 24.915000000000003 26.285000000000004 20.500000000000004 0.73281578960684157
decision_type=2 2 2 2 2 2 2 2 2 2 2 2 2 2
left_child=1 2 13 -4 5 8 7 -3 -2 10 11 -6 -10 -1
right_child=4 6 3 -5 9 -7 -8 -9 12 -11 -12 -13 -14 -15
leaf_value=-1.5460000455379486 -1.6205000452697278 -1.6812500447034835 -1.6345000445842743 -1.7685000419616699 -1.7682500422000884 -1.7700000405311584 -1.8210000395774841 -1.765500044822693 -1.6265000455081462 -1.8990000367164612 -1.8135000467300415 -1.6715000450611115 -1.7205000400543213 -1.6205000452697278
leaf_weight=550 98 100 89 165 20 129 153 67 13.999999999999998 352 114 41 33 211
leaf_count=550 98 100 89 165 20 129 153 67 14 352 114 41 33 211
internal_value=-1.7 -1.6914 -1.68475 -1.70512 -1.71433 -1.70109 -1.7125 -1.70284 -1.68707 -1.7212 -1.71443 -1.70041 -1.70479 -1.67796
internal_weight=2136 1335 1015 254 801 274 320 167 145 527 175 61 47 761
internal_count=2136 1335 1015 254 801 274 320 167 145 527 175 61 47 761
is_linear=0
shrinkage=1


Tree=1
num_leaves=15
num_cat=0
split_feature=4 6 24 4 24 4 4 4 24 6 4 5 1 24
split_gain=103.507 92.2983 66.2326 44.1093 11.2824 16.3462 8.48702 7.90246 5.65619 5.16044 3.2321 3.08748 3.25074 2.77895
threshold=26.855000000000004 30.380000000000006 1.5000000000000002 24.425000000000004 2.5000000000000004 28.215000000000003 20.500000000000004 26.015000000000004 2.5000000000000004 13.005000000000001 23.355000000000004 420.44500000000005 65.075000000000003 2.5000000000000004
decision_type=2 2 2 2 2 2 2 2 2 2 2 2 2 2
left_child=1 2 3 10 -2 11 13 -4 -9 -5 -1 -6 -13 -3
right_child=4 6 7 9 5 -7 -8 8 -10 -11 -12 12 -14 -15
leaf_value=0.11702500369399788 -0.14654999434947968 -0.013174997009336954 0.14755000084638598 -0.0033249998092651392 0.062812503129243843 -0.079825001955032351 -0.15299999415874482 0.0025500029325485232 0.071300002411007882 -0.069075002670288085 0.022324999421834947 0.018562505096197123 -0.012324994802474976 0.076325002200901507
leaf_weight=77 408 19 654 44 18 115 231 89 93 209 80 45 43 11.000000000000002
leaf_count=77 408 19 654 44 18 115 231 89 93 209 80 45 43 11
internal_value=-9.3633e-05 0.00701725 0.0126806 -0.00378049 -0.0171304 -0.00803167 -0.0200192 0.0207536 0.0115385 -0.0166996 0.0170382 0.00613208 0.00227273 0.005
internal_weight=2136 1507 1246 410 629 221 261 836 182 253 157 106 88 30
internal_count=2136 1507 1246 410 629 221 261 836 182 253 157 106 88 30
is_linear=0
shrinkage=0.05


Tree=2
num_leaves=15
num_cat=0
split_feature=5 4 22 0 22 22 4 4 6 4 0 4 22 22
split_gain=102.024 70.6171 36.0828 28.9817 28.9095 25.1021 20.6797 19.7713 8.07421 4.89561 4.64046 4.61479 11.6057 3.80125
threshold=679.98000000000013 26.045000000000005 0.31288844364721724 23.965000000000003 0.69287764045535594 0.70517752626968588 28.275000000000002 23.965000000000003 30.380000000000006 27.045000000000005 22.120000000000001 25.285000000000004 0.69287764045535594 0.87962967011031401
decision_type=2 2 2 2 2 2 2 2 2 2 2 2 2 2
left_child=1 2 7 5 -3 10 9 -1 -7 -6 -2 -4 -13 -5
right_child=3 4 11 13 6 8 -8 -9 -10 -11 -12 12 -14 -15
leaf_value=0.056373752759769559 -0.0050462507009506278 -0.092621250629425056 0.16067250211536888 -0.18647250321507455 0.061735002424567934 0.067803752122446895 -0.054897497564554212 -0.058300001468509444 -0.0084374938905239175 0.00688999909162521 -0.099350002557039269 -0.0033806227259337907 0.086422502890229236 -0.077635624781250967
leaf_weight=55 37 223 536 332 107 108 67 102 55 75 105 58 112 164
leaf_count=55 37 223 536 332 107 108 67 102 55 75 105 58 112 164
internal_value=9.3633e-05 0.00855805 0.0170626 -0.0140137 -0.00699153 -0.00188525 0.00471888 -0.00461783 0.0115031 0.0134615 -0.0172535 0.0218839 0.0147059 -0.0214718
internal_weight=2136 1335 863 801 472 305 249 157 163 182 142 706 170 496
internal_count=2136 1335 863 801 472 305 249 157 163 182 142 706 170 496
is_linear=0
shrinkage=0.05


Tree=3
num_leaves=15
num_cat=0
split_feature=5 22 22 5 6 22 1 22 22 22 22 3 5 1
split_gain=98.1126 53.6503 19.8215 11.9174 9.1413 4.72803 4.09544 4.0012 3.0375 4.16673 2.97894 2.7 2.5037 1.9441
threshold=679.98000000000013 0.45560143098769151 0.70517752626968588 452.54500000000002 30.380000000000006 0.72914769978834015 53.080000000000005 0.69287764045535594 0.31288844364721724 0.16269055358644466 0.93655593853549179 36.000000000000007 420.44500000000005 74.315000000000012
decision_type=2 2 2 2 2 2 2 2 2 2 2 2 2 2
left_child=1 8 -2 7 10 6 -5 -3 9 -1 -4 12 -10 -7
right_child=2 3 4 5 -6 13 -8 -9 11 -11 -12 -13 -14 -15
leaf_value=-0.014706250555999591 -0.15639887996166946 0.067816533491574238 -0.016673281107796346 0.049501377300918109 -0.097043217431753884 0.069148252022080123 -0.0086928407176397725 0.14738887903615833 0.0027918462861329266 -0.095990180468559283 0.019344814293179663 0.016960125946998594 -0.058490180468559277 0.0020857521282508953
leaf_weight=105 387 153 150 13.999999999999998 138 232 106 423 18 135 126 90 27 32
leaf_count=105 387 153 150 14 138 232 106 423 18 135 126 90 27 32
internal_value=7.02247e-05 0.00837079 -0.013764 0.0146354 -0.00615942 0.0078125 -0.000416667 0.019184 -0.00766667 -0.0110417 -0.000905797 -0.00166667 -0.0116667 0.011553
internal_weight=2136 1335 801 960 414 384 120 576 375 240 276 135 45 264
internal_count=2136 1335 801 960 414 384 120 576 375 240 276 135 45 264
is_linear=0
shrinkage=0.05


Tree=4
num_leaves=15
num_cat=0
split_feature=0 5 5 23 23 23 4 0 0 0 4 23 23 0
split_gain=106.828 57.1307 39.9587 27.8932 20.9575 20.0877 13.2633 11.679 8.68965 6.92495 5.80545 5.71604 5.14574 6.93629
threshold=24.805000000000003 679.98000000000013 452.54500000000002 0.72100388094302625 0.57780407610161799 0.94975093725139803 23.725000000000005 27.300000000000001 22.120000000000001 23.735000000000003 26.235000000000003 0.91245913578114801 0.67165857384232497 26.175000000000004
decision_type=2 2 2 2 2 2 2 2 2 2 2 2 2 2
left_child=1 5 3 7 9 -1 -7 -2 -6 -3 -11 -5 13 -4
right_child=2 4 12 11 8 6 -8 -9 -10 10 -12 -13 -14 -15
leaf_value=0.13623193027723582 0.063465682975873336 0.064096776052579532 -0.023026046264400937 -0.015228277643518518 0.01087850879009813 0.065439975154832936 -0.043970933259828031 -0.029022071883343159 -0.085802384552229202 -0.05018350624423476 0.020529634834422036 -0.08625612086019481 -0.16825644074149429 -0.11152816200464033
leaf_weight=609 145 104 160 76 44 48 83 39 210 24 50 93 325 126
leaf_count=609 145 104 160 76 44 48 83 39 210 24 50 93 325 126
internal_value=0.000140449 0.0102816 -0.0121888 0.00120397 -0.00416667 0.0187162 0.000954198 0.0146739 -0.0133858 0.00898876 -0.0027027 -0.0134615 -0.0199264 -0.015035
internal_weight=2136 1172 964 353 432 740 131 184 254 178 74 169 611 286
internal_count=2136 1172 964 353 432 740 131 184 254 178 74 169 611 286
is_linear=0
shrinkage=0.05


Tree=5
num_leaves=15
num_cat=0
split_feature=0 5 5 22 22 22 4 0 0 0 22 4 5 22
split_gain=99.6736 53.9006 38.0419 26.2074 21.089 18.2755 16.3392 10.2325 9.36429 6.92564 5.79066 5.53078 5.4702 6.88942
threshold=24.805000000000003 679.98000000000013 452.54500000000002 0.69287764045535594 0.70517752626968588 0.51572537064332258 23.725000000000005 27.300000000000001 23.735000000000003 22.120000000000001 0.40907743338811486 26.235000000000003 679.98000000000013 0.54488935974326758
decision_type=2 2 2 2 2 2 2 2 2 2 2 2 2 2
left_child=1 5 3 10 9 6 -1 -5 -6 -3 -2 -10 13 -4
right_child=2 4 12 7 8 -7 -8 -9 11 -11 -12 -13 -14 -15
leaf_value=0.083680524067929002 -0.081943314817185073 0.0024820803926754679 -0.12234267593968103 0.06029239882707968 0.048062501497120921 0.14120783690155855 -0.0078134329027247148 -0.027570968289176004 -0.057934089381589553 -0.096468691162100995 -0.014466863761342597 0.008993812047557859 -0.15616609866772219 -0.018352688939607231
leaf_weight=95 93 37 84 145 140 501 144 39 31 160 76 64 369 158
leaf_count=95 93 37 84 145 140 501 144 39 31 160 76 64 369 158
internal_value=0.000187266 0.00998294 -0.011722 0.00134561 -0.00405093 0.0181757 0.00679916 0.0144022 0.00606383 -0.0161168 -0.0128698 -0.00605263 -0.0192717 -0.0134298
internal_weight=2136 1172 964 353 432 740 239 184 235 197 169 95 611 242
internal_count=2136 1172 964 353 432 740 239 184 235 197 169 95 611 242
is_linear=0
shrinkage=0.05


Tree=6
num_leaves=15
num_cat=0
split_feature=0 5 5 23 23 23 4 0 0 23 0 5 23 23
split_gain=97.3764 41.0757 40.6564 26.639 20.7368 15.2165 11.3358 9.90829 8.68144 8.07915 10.0641 12.9724 5.8848 5.23004
threshold=24.555000000000003 679.98000000000013 452.54500000000002 0.67165857384232497 0.46038001402560286 0.94975093725139803 23.725000000000005 27.610000000000003 22.120000000000001 0.72100388094302625 26.325000000000003 679.98000000000013 0.9052873537896472 0.84771273534009206
decision_type=2 2 2 2 2 2 2 2 2 2 2 2 2 2
left_child=1 5 3 7 -3 -1 -7 -2 -6 10 11 -4 -5 -10
right_child=2 4 9 12 8 6 -8 -9 13 -11 -12 -13 -14 -15
leaf_value=0.12764744529489921 0.068794029465343617 0.055682110201714687 0.013934964180000354 -0.0037727534801710928 0.021307979052643002 0.057983950193694844 -0.042599619564909354 -0.027528659480859242 -0.016351502063612123 -0.15394407583822806 -0.10938403923851442 -0.059147098543039046 -0.070202932154284789 -0.09569900512222447
leaf_weight=560 162 119 94 96 50 48 70 27 116 330 120 136 108 100
leaf_count=560 162 119 94 96 50 48 70 27 116 330 120 136 108 100
internal_value=0.000304307 0.0110301 -0.0103215 0.00248092 -0.00201299 0.0184366 0.00211864 0.0160053 -0.00977444 -0.0177206 -0.0124286 -0.00630435 -0.010049 -0.0141204
internal_weight=2136 1063 1073 393 385 678 118 189 266 680 350 230 204 216
internal_count=2136 1063 1073 393 385 678 118 189 266 680 350 230 204 216
is_linear=0
shrinkage=0.05


Tree=7
num_leaves=15
num_cat=0
split_feature=4 6 22 4 4 0 4 22 22 4 6 22 5 22
split_gain=92.452 77.9253 62.514 37.1568 12.1846 10.9397 10.0232 8.15166 7.22836 6.71586 4.0992 3.80435 3.16258 2.33785
threshold=27.195000000000004 30.380000000000006 0.5009122898073749 25.065000000000001 25.585000000000004 22.555000000000003 23.355000000000004 0.91723323322845218 0.72914769978834015 28.445000000000004 13.005000000000001 0.88768027107944258 420.44500000000005 0.87962967011031401
decision_type=2 2 2 2 2 2 2 2 2 2 2 2 2 2
left_child=1 2 3 6 -4 11 -1 -6 -2 12 -5 -3 -10 -14
right_child=8 5 4 10 7 -7 -8 -9 9 -11 -12 -13 13 -15
leaf_value=0.089935153032991003 -0.14066058994242467 -0.015921881458041721 0.12636688345020267 -0.0091222520764129966 0.0083337492539694476 -0.12883808899828708 0.0026701575381335775 0.051898004155187152 0.019548450813914112 -0.07462992160220637 -0.076834755748059119 0.062890718135289111 -0.023479429536413 -0.0011776234643966156
leaf_weight=75 271 32 572 33 222 215 147 127 17 125 175 13.999999999999998 41 70
leaf_count=75 271 32 572 33 222 215 147 127 17 125 175 14 41 70
internal_value=0.000210674 0.00614144 0.0109734 -0.00476744 0.0183225 -0.0188697 0.00945946 0.0109599 -0.0180344 -0.0119565 -0.0199519 0.00326087 -0.00390625 -0.00698198
internal_weight=2136 1612 1351 430 921 261 222 349 524 253 208 46 128 111
internal_count=2136 1612 1351 430 921 261 222 349 524 253 208 46 128 111
is_linear=0
shrinkage=0.05


Tree=8
num_leaves=15
num_cat=0
split_feature=4 6 23 4 4 4 4 23 23 4 23 6 23 5
split_gain=90.0413 69.6104 58.3856 34.8041 11.8131 10.036 9.43704 8.21002 7.97609 7.03382 3.78309 3.74159 3.31941 2.9213
threshold=27.195000000000004 30.380000000000006 0.86545531305655499 25.065000000000001 25.585000000000004 20.845000000000002 23.355000000000004 0.39825772665344078 0.68430231102288386 28.445000000000004 0.46038001402560286 13.005000000000001 0.72100388094302625 420.44500000000005
decision_type=2 2 2 2 2 2 2 2 2 2 2 2 2 2
left_child=1 2 4 6 12 10 -4 -6 9 13 -3 -5 -1 -2
right_child=8 5 3 11 7 -7 -8 -9 -10 -11 -12 -13 -14 -15
leaf_value=0.13144672504294683 0.018571028273218406 0.059746182228524659 0.085438395381341459 -0.0086661394725923383 0.049303103947427797 -0.12246061023145988 0.0025366496612268977 0.0079170617912709736 -0.13362756044530341 -0.070898425522096048 -0.0073673903047894286 -0.072993017960656159 0.069522730707351751 -0.011017465003989769
leaf_weight=447 17 13.999999999999998 75 33 127 213 147 222 271 125 34 175 125 111
leaf_count=447 17 14 75 33 127 213 147 222 271 125 34 175 125 111
internal_value=0.000257491 0.00611042 0.0106773 -0.00453488 0.0177796 -0.0175287 0.00923423 0.0105301 -0.0177481 -0.0113636 0.003125 -0.0192308 0.0222028 -0.003125
internal_weight=2136 1612 1351 430 921 261 222 349 524 253 48 208 572 128
internal_count=2136 1612 1351 430 921 261 222 349 524 253 48 208 572 128
is_linear=0
shrinkage=0.05


Tree=9
num_leaves=15
num_cat=0
split_feature=0 5 5 23 23 23 4 0 4 23 23 0 5 0
split_gain=89.4473 46.1511 31.9112 22.3668 21.1642 17.755 17.6737 10.0245 7.68697 6.4452 5.87268 8.52204 12.4598 4.97741
threshold=24.805000000000003 679.98000000000013 452.54500000000002 0.67165857384232497 0.46038001402560286 0.79901556149977504 23.765000000000004 23.245000000000001 29.005000000000006 0.94422823979932036 0.84771273534009206 26.325000000000003 679.98000000000013 23.945000000000004
decision_type=2 2 2 2 2 2 2 2 2 2 2 2 2 2
left_child=1 5 3 8 13 -1 -7 -6 -2 -5 11 12 -4 -3
right_child=2 4 10 9 7 6 -8 -9 -10 -11 -12 -13 -14 -15
leaf_value=0.12328642538671215 0.047091147148292767 0.051650449208267106 0.0056442797000325288 -0.011494458752609793 -0.0034841546698084593 0.083510085828364722 -0.0060120705187256878 -0.077401152409992624 -0.04612581296529842 -0.085844607584292743 -0.14731454465493224 -0.1139348864155436 -0.065221664181371417 -0.00084764451720411584
leaf_weight=449 155 91 100 117 136 124 167 158 13.999999999999998 67 209 159 143 47
leaf_count=449 155 91 100 117 136 124 167 158 14 67 209 159 143 47
internal_value=0.000234082 0.00951365 -0.0110477 0.00092068 -0.00347222 0.0170946 0.00747423 -0.0110544 0.0140533 -0.0111413 -0.0179624 -0.0144279 -0.00853909 0.0126812
internal_weight=2136 1172 964 353 432 740 291 294 169 184 611 402 243 138
internal_count=2136 1172 964 353 432 740 291 294 169 184 611 402 243 138
is_linear=0
shrinkage=0.05


Tree=10
num_leaves=15
num_cat=0
split_feature=0 5 5 22 22 22 0 0 6 5 22 0 22 0
split_gain=86.918 43.1278 29.3478 20.778 19.4057 18.2103 15.9624 7.49458 7.40287 6.39065 7.90544 10.706 6.23555 6.19138
threshold=24.805000000000003 679.98000000000013 452.54500000000002 0.70517752626968588 0.74081089433267733 0.62837760187664593 23.275000000000002 27.045000000000005 30.380000000000006 679.98000000000013 0.53038584004487344 26.045000000000005 0.32917936166072764 23.245000000000001
decision_type=2 2 2 2 2 2 2 2 2 2 2 2 2 2
left_child=1 5 4 13 12 6 -1 -6 -5 10 -4 -12 -2 -3
right_child=2 3 9 8 7 -7 -8 -9 -10 -11 11 -13 -14 -15
leaf_value=0.067509887005456903 -0.081552377205078089 -0.023194703730075462 -0.09621004301637813 0.037424801806558119 0.059859088362260338 0.11843140458613284 -0.0076472766960444588 -0.0052239522004968956 -0.015346814515277852 -0.12458047426377797 0.0076361120934503538 -0.036813928024828267 -0.010919735814979292 -0.085944581550048055
leaf_weight=157 67 89 82 159 123 432 151 46 76 369 82 78 117 108
leaf_count=157 67 89 82 159 123 432 151 46 76 369 82 78 117 108
internal_value=0.000280899 0.00942833 -0.0108402 -0.003125 0.000637394 0.0167568 0.00746753 0.0128698 0.00691489 -0.0174714 -0.011157 -0.0046875 -0.0105978 -0.0151015
internal_weight=2136 1172 964 432 353 740 308 169 235 611 242 160 184 197
internal_count=2136 1172 964 432 353 740 308 169 235 611 242 160 184 197
is_linear=0
shrinkage=0.05


Tree=11
num_leaves=15
num_cat=0
split_feature=4 6 22 4 4 22 22 4 4 4 22 22 22 6
split_gain=78.5933 67.7502 50.4554 20.127 15.2843 11.3071 10.8813 10.6861 8.08487 5.06358 4.13614 3.78788 2.45035 1.94549
threshold=27.045000000000005 30.380000000000006 0.40907743338811486 23.765000000000004 25.585000000000004 0.91723323322845218 0.72914769978834015 20.845000000000002 29.220000000000002 25.065000000000001 0.69287764045535594 0.87962967011031401 0.99781321377224363 13.005000000000001
decision_type=2 2 2 2 2 2 2 2 2 2 2 2 2 2
left_child=1 2 3 -1 10 -6 -2 11 13 -5 -4 -3 -9 -8
right_child=6 7 4 9 5 -7 8 12 -10 -11 -12 -13 -14 -15
leaf_value=0.046115478423446501 -0.11377729189464732 -0.0067353365891184014 0.054222746652875478 -0.011881033956918552 0.0048770930503118761 0.043087072791106747 0.012532301767848487 -0.11217840595188718 -0.094490589343455944 -0.054993351057915224 0.11405355986848623 0.052443691531460584 -0.021967358095467682 -0.0092773834026985465
leaf_weight=73 293 33 186 95 231 112 21 201 68 156 447 14.999999999999998 11.999999999999998 193
leaf_count=73 293 33 186 95 231 112 21 201 68 156 447 15 12 193
internal_value=0.000280899 0.00610186 0.0107692 -0.00632716 0.0164447 0.00794461 -0.0155217 -0.0171456 -0.00851064 -0.0130478 0.0210506 0.00416667 -0.0219484 -0.00373832
internal_weight=2136 1561 1300 324 976 343 575 261 282 251 633 48 213 214
internal_count=2136 1561 1300 324 976 343 575 261 282 251 633 48 213 214
is_linear=0
shrinkage=0.05


Tree=12
num_leaves=15
num_cat=0
split_feature=0 5 5 23 23 0 0 23 23 0 6 23 23 0
split_gain=79.703 35.8915 33.5176 28.5562 27.5513 17.7239 10.9527 9.62789 7.32236 5.85942 5.05448 4.39299 3.70809 3.60495
threshold=24.405000000000005 679.98000000000013 568.63000000000011 0.65881608208381881 0.86545531305655499 26.975000000000005 22.120000000000001 0.39825772665344078 0.91245913578114801 23.275000000000002 30.380000000000006 0.47558139622940165 0.93234632485081093 25.025000000000002
decision_type=2 2 2 2 2 2 2 2 2 2 2 2 2 2
left_child=2 4 8 10 5 7 12 -2 -1 -10 -4 -3 -5 -6
right_child=1 11 3 6 13 -7 -8 -9 9 -11 -12 -13 -14 -15
leaf_value=0.12292325329598237 0.056589281818891446 -0.049108710465765239 0.054878757843511275 0.029339185269319751 -0.023922413053142379 -0.023226430338554128 -0.044832885744704967 0.0082954547421376871 0.049246174432004228 -0.0087609710687995956 0.001415646658837444 -0.1311625802338108 -0.0019287710324458309 -0.077739374671066938
leaf_weight=388 132 140 176 34 72 118 195 229 64 52 59 292 30 155
leaf_count=388 132 140 176 34 72 118 195 229 64 52 59 292 30 155
internal_value=0.000257491 -0.00878735 0.0105711 0.00131579 -0.00184136 0.00495825 -0.0101351 0.0104571 0.0196429 0.00862069 0.0139362 -0.0201389 0.0078125 -0.0161894
internal_weight=2136 1138 998 494 706 479 259 361 504 116 235 432 64 227
internal_count=2136 1138 998 494 706 479 259 361 504 116 235 432 64 227
is_linear=0
shrinkage=0.05


Tree=13
num_leaves=15
num_cat=0
split_feature=4 6 23 4 4 23 23 4 4 4 23 4 23 6
split_gain=71.8895 62.458 48.4329 17.2154 15.8656 16.3003 12.8045 9.93152 7.34009 6.80918 3.44519 4.54545 3.43137 2.98975
threshold=27.045000000000005 30.380000000000006 0.91245913578114801 23.355000000000004 24.515000000000004 0.39825772665344078 0.563679860499117 20.845000000000002 29.220000000000002 25.065000000000001 0.13398478063445371 23.595000000000002 0.46038001402560286 13.005000000000001
decision_type=2 2 2 2 2 2 2 2 2 2 2 2 2 2
left_child=1 2 4 -4 -1 -6 8 12 -2 -5 11 -9 -3 -8
right_child=6 7 3 9 5 -7 13 10 -10 -11 -12 -13 -14 -15
leaf_value=0.12523714820330284 -0.00067545571608965127 0.052250724472934065 0.054597395624211779 -0.0053795801896711487 0.060753916333539972 0.0099825245580999981 -0.011928463885549669 0.010320460731066006 -0.09378333848823793 -0.05029547245649775 -0.10611599875893168 -0.066415237868928431 -0.0044390772933231076 -0.094063301566252089
leaf_weight=381 170 13.999999999999998 54 114 209 386 32 11.000000000000002 59 156 191 10.999999999999998 34 314
leaf_count=381 170 14 54 114 209 386 32 11 59 156 191 11 34 314
internal_value=0.000374532 0.0059417 0.0104231 -0.00632716 0.0159836 0.0108824 -0.0147391 -0.0163793 -0.00556769 -0.0114815 -0.0210094 -0.00227273 0.00416667 -0.0208092
internal_weight=2136 1561 1300 324 976 595 575 261 229 270 213 22 48 346
internal_count=2136 1561 1300 324 976 595 575 261 229 270 213 22 48 346
is_linear=0
shrinkage=0.05


Tree=14
num_leaves=15
num_cat=0
split_feature=5 4 22 22 4 22 22 6 4 4 4 22 4 6
split_gain=67.3521 51.6579 31.7624 22.5933 17.3157 13.8629 8.17494 6.79348 14.4715 12.491 6.70347 5.07222 4.46984 3.24532
threshold=679.98000000000013 25.375000000000004 0.5009122898073749 0.70517752626968588 28.215000000000003 0.40907743338811486 0.9239481815140983 30.380000000000006 26.285000000000004 22.185000000000006 23.135000000000002 0.88768027107944258 28.445000000000004 13.005000000000001
decision_type=2 2 2 2 2 2 2 2 2 2 2 2 2 2
left_child=1 5 13 -2 6 10 -4 8 -5 11 -1 -9 -10 -3
right_child=3 2 4 7 -6 -7 -8 9 12 -11 -12 -13 -14 -15
leaf_value=0.064117526453948789 -0.094901286143807648 -0.017925324219255901 0.0063565534391336167 0.055472525000716512 -0.038538788354284828 0.097383814183864909 0.035065559243929838 -0.027940019299566556 -5.3020032797451716e-05 -0.083597190415709524 -0.004323727107293735 0.025304439910543319 -0.05413896350058061 -0.073507092153999531
leaf_weight=43 387 41 241 78 88 508 132 21 128 88 123 29 70 159
leaf_count=43 387 41 241 78 88 508 132 21 128 88 123 29 70 159
internal_value=0.000444757 0.0073221 -0.00260968 -0.0110175 0.00460954 0.0170623 0.00931635 -0.00289855 0.00163043 -0.0119565 0.00451807 0.008 -0.00555556 -0.01925
internal_weight=2136 1335 661 801 461 674 373 414 276 138 166 50 198 200
internal_count=2136 1335 661 801 461 674 373 414 276 138 166 50 198 200
is_linear=0
shrinkage=0.05


Tree=15
num_leaves=15
num_cat=0
split_feature=0 6 7 22 22 0 22 0 0 22 0 0 6 6
split_gain=74.7691 35.9299 28.729 23.0583 15.1903 12.4386 10.9498 11.6213 8.57191 7.06645 6.75002 5.77348 6.76897 5.27469
threshold=24.805000000000003 16.460000000000004 62.400000000000006 0.70517752626968588 0.42471264173135381 22.755000000000006 0.70517752626968588 23.275000000000002 23.025000000000002 0.74081089433267733 28.080000000000002 26.645000000000003 30.380000000000006 30.380000000000006
decision_type=2 2 2 2 2 2 2 2 2 2 2 2 2 2
left_child=1 6 4 5 -2 -3 7 -1 -5 -4 -6 12 -11 -10
right_child=2 3 9 8 10 -7 -8 -9 13 11 -12 -13 -14 -15
leaf_value=0.078551651116451418 -0.045445610836968076 0.0054085339287175795 -0.10046049430481395 0.057795623227475716 0.027838500872078564 -0.052586701787010373 0.11105861209085413 0.0012642842903648312 0.013204409644061044 -0.0011870716075487731 -0.032806371672316419 -0.087076682216098086 -0.065419037461467183 -0.016663279020719068
leaf_weight=138 96 94 325 113 232 172 312 144 153 149 25 96 41 46
leaf_count=138 96 94 325 113 232 172 312 144 153 149 25 96 41 46
internal_value=0.000304307 0.0087884 -0.0100104 -8.65052e-05 0.00134561 -0.0109023 0.0174242 0.0102837 0.00913462 -0.0165712 0.00768482 -0.0108392 -0.00578947 0.00288945
internal_weight=2136 1172 964 578 353 266 594 282 312 611 257 286 190 199
internal_count=2136 1172 964 578 353 266 594 282 312 611 257 286 190 199
is_linear=0
shrinkage=0.05


Tree=16
num_leaves=15
num_cat=0
split_feature=0 6 22 22 7 4 22 0 6 4 22 6 4 0
split_gain=70.2416 49.2922 26.0194 19.886 13.8799 13.0858 9.8504 9.14843 7.83652 6.86429 6.06958 5.70216 5.13611 4.31229
threshold=23.475000000000005 16.460000000000004 0.69287764045535594 0.85392600138668617 72.295000000000016 27.045000000000005 0.89546819317495652 25.825000000000003 30.380000000000006 28.445000000000004 0.32917936166072764 13.005000000000001 23.135000000000002 22.120000000000001
decision_type=2 2 2 2 2 2 2 2 2 2 2 2 2 2
left_child=4 2 7 -3 10 -4 13 11 9 -5 12 -2 -1 -6
right_child=1 3 5 8 6 -7 -8 -9 -10 -11 -12 -13 -14 -15
leaf_value=0.053016165584824193 0.034753515629724945 -0.081240180113923963 0.053886143854547777 0.014036411993764869 0.013300287565397717 -0.0073433241776553419 0.052905840993218316 -0.044114555967195705 -0.058733804142194715 -0.046974770242554476 0.10350568339366005 -0.0089016640644137401 -0.0061153214378661842 -0.0097607600129734802
leaf_weight=32 56 474 303 144 51 93 65 120 70 70 324 179 40 115
leaf_count=32 56 474 303 144 51 93 65 120 70 70 324 179 40 115
internal_value=0.000327715 -0.0055169 0.00356192 -0.0145119 0.0143939 0.0123737 0.00465368 -0.00626761 -0.0040493 0.000700935 0.0200758 -0.000531915 0.00694444 -0.00180723
internal_weight=2136 1509 751 758 627 396 231 355 284 214 396 235 72 166
internal_count=2136 1509 751 758 627 396 231 355 284 214 396 235 72 166
is_linear=0
shrinkage=0.05


Tree=17
num_leaves=15
num_cat=0
split_feature=0 5 22 22 4 5 6 22 4 6 0 0 22 4
split_gain=69.1901 42.4688 27.3642 22.1792 16.7785 12.2996 8.79634 8.53888 8.39002 6.29967 5.84762 5.69238 5.68786 5.3995
threshold=23.915000000000003 679.98000000000013 0.5009122898073749 0.51572537064332258 27.045000000000005 568.63000000000011 30.380000000000006 0.74081089433267733 26.345000000000002 30.380000000000006 22.120000000000001 22.755000000000006 0.89546819317495652 24.550000000000001
decision_type=2 2 2 2 2 2 2 2 2 2 2 2 2 2
left_child=3 2 8 5 -4 11 13 -3 -2 -9 -7 -1 -8 -5
right_child=1 7 4 6 -6 10 12 9 -10 -11 -12 -13 -14 -15
leaf_value=0.073224086890864348 -0.01499236968883453 -0.10688221443344879 0.029552555979101627 0.11259585105840518 -0.009174059230046161 0.0036654488940149224 -0.018049148454373731 -0.014005466391836408 -0.070729261029918764 -0.074711392520261141 -0.04633905360589035 0.0029023221367527221 0.021871223551184784 0.025550093790881356
leaf_weight=60 135 266 378 314 186 41 38 164 118 81 95 73 28 159
leaf_count=60 135 266 378 314 186 41 38 164 118 81 95 73 28 159
internal_value=0.000468165 -0.0065512 0.000520196 0.012005 0.00664894 0.00027881 0.0178571 -0.0178571 -0.0131423 -0.0111224 -0.0102941 0.0110902 0.000757576 0.0202431
internal_weight=2136 1328 817 808 564 269 539 511 253 245 136 133 66 473
internal_count=2136 1328 817 808 564 269 539 511 253 245 136 133 66 473
is_linear=0
shrinkage=0.05


Tree=18
num_leaves=15
num_cat=0
split_feature=0 7 22 22 0 7 0 7 6 6 22 0 0 6
split_gain=68.1291 33.5127 26.2061 22.6552 17.669 11.9556 11.2059 9.39851 7.52137 6.96974 4.98337 4.83883 4.6775 3.65414
threshold=24.405000000000005 72.295000000000016 0.70517752626968588 0.5009122898073749 22.660000000000004 62.400000000000006 27.435000000000006 72.295000000000016 13.005000000000001 16.460000000000004 0.85392600138668617 25.925000000000004 22.795000000000005 30.380000000000006
decision_type=2 2 2 2 2 2 2 2 2 2 2 2 2 2
left_child=2 3 4 11 9 -6 8 -4 -5 -1 -3 -2 -9 -12
right_child=1 10 7 6 5 -7 -8 12 -10 -11 13 -13 -14 -15
leaf_value=0.082842028775477083 -0.025123688861162577 -0.10337921601229211 0.094398541458717206 0.052951708867335669 0.017301714700942005 -0.02658058039148093 -0.030365724558327735 0.044851223756501614 0.010029205886683257 0.0024821774029884949 -0.018467326184898304 -0.067282917965894071 0.0023718382403605798 -0.079975814311179241
leaf_weight=93 136 274 334 75 106 178 75 73 329 87 107 91 127 51
leaf_count=93 136 274 334 75 106 178 75 73 329 87 107 91 127 51
internal_value=0.000234082 -0.0081283 0.00976954 -0.00141643 0.00107759 -0.00669014 0.00474948 0.0173221 0.00804455 0.0133333 -0.0190972 -0.0144273 0.00875 -0.0120253
internal_weight=2136 1138 998 706 464 284 479 534 404 180 432 227 200 158
internal_count=2136 1138 998 706 464 284 479 534 404 180 432 227 200 158
is_linear=0
shrinkage=0.05


Tree=19
num_leaves=15
num_cat=0
split_feature=5 23 23 6 5 23 6 23 23 23 6 23 23 23
split_gain=55.625 30.8451 21.974 11.7391 5.12597 4.14931 5.65385 2.99732 2.75783 2.61914 4.00641 2.37511 2.32527 2.28667
threshold=452.54500000000002 0.70897861563100306 0.9052873537896472 30.380000000000006 568.63000000000011 0.44504239796885176 13.005000000000001 0.35041260675351149 0.49064204624668717 0.84771273534009206 24.295000000000005 0.94422823979932036 0.91245913578114801 0.61913436964878354
decision_type=2 2 2 2 2 2 2 2 2 2 2 2 2 2
left_child=2 3 5 7 11 -1 -7 -2 -8 10 -6 12 -3 -9
right_child=1 4 -4 -5 9 6 8 13 -10 -11 -12 -13 -14 -15
leaf_value=0.089863813938065779 0.019483675545755086 -0.0016743223207000087 -0.011835616841483799 -0.033290729026639224 -0.0090190423179836946 0.069626552034464703 -0.024016817400641422 -0.0014796816988126961 0.026729955324570134 -0.069793186209350599 -0.080046001624543159 -0.037321186766531046 0.019476894984147199 0.011723202048509074
leaf_weight=243 252 63 207 138 78 117 18 216 216 360 78 51 14.999999999999998 84
leaf_count=243 252 63 207 138 78 117 18 216 216 360 78 51 15 84
internal_value=0.000351124 -0.00589888 0.0107678 0.00144928 -0.0137597 0.0156566 0.0121795 0.00471014 0.00769231 -0.0159884 -0.0105769 -0.00484496 0.000641026 0.00133333
internal_weight=2136 1335 801 690 645 594 351 552 234 516 156 129 78 300
internal_count=2136 1335 801 690 645 594 351 552 234 516 156 129 78 300
is_linear=0
shrinkage=0.05


Tree=20
num_leaves=15
num_cat=0
split_feature=0 5 22 22 5 0 0 22 22 7 22 4 4 4
split_gain=69.1552 40.7554 17.8261 16.6585 13.2658 9.96873 9.96166 7.65076 7.55351 7.12208 6.85792 5.64588 4.54261 3.86971
threshold=23.675000000000004 452.54500000000002 0.74081089433267733 0.74081089433267733 679.98000000000013 26.845000000000002 25.365000000000006 0.89546819317495652 0.32917936166072764 49.140000000000008 0.32917936166072764 25.345000000000002 24.785000000000004 23.135000000000002
decision_type=2 2 2 2 2 2 2 2 2 2 2 2 2 2
left_child=4 3 -3 9 8 -5 12 -6 13 10 -2 -11 -4 -1
right_child=1 2 6 5 7 -7 -8 -9 -10 11 -12 -13 -14 -15
leaf_value=0.043153832364340117 -0.021952878091815477 -0.06437274214888862 -0.028579272109672885 0.05726420860798194 -0.0016933844282036481 -0.0075555735365198939 -0.03418732085473055 0.042285849899576712 0.086394182070311007 0.0015653583868976565 0.040389317197874829 -0.041666447836723269 0.0099091979169493704 -0.0062065238399612978
leaf_weight=32 37 463 43 203 187 51 219 73 353 83 57 106 178 51
leaf_count=32 37 463 43 203 187 51 219 73 353 83 57 106 178 51
internal_value=0.000421348 -0.00583333 -0.01232 0.00507449 0.0133621 0.0143701 -0.00511364 0.00442308 0.0186927 -0.00326855 0.00797872 -0.00886243 0.00237557 0.00512048
internal_weight=2136 1440 903 537 696 254 440 260 436 283 94 189 221 83
internal_count=2136 1440 903 537 696 254 440 260 436 283 94 189 221 83
is_linear=0
shrinkage=0.05


Tree=21
num_leaves=15
num_cat=0
split_feature=0 5 23 23 4 5 6 4 0 6 0 23 23 6
split_gain=65.8897 30.0645 22.9963 20.7689 17.742 14.1243 9.71491 8.66134 8.41134 6.91113 6.90643 4.40002 4.2322 3.42149
threshold=24.555000000000003 679.98000000000013 0.70897861563100306 0.94422823979932036 27.595000000000002 568.63000000000011 30.380000000000006 25.485000000000003 22.715000000000003 13.005000000000001 23.345000000000002 0.70897861563100306 0.46038001402560286 13.005000000000001
decision_type=2 2 2 2 2 2 2 2 2 2 2 2 2 2
left_child=2 3 6 4 9 8 7 -1 -4 -2 -7 -3 -8 -10
right_child=1 11 5 -5 -6 10 12 -9 13 -11 -12 -13 -14 -15
leaf_value=0.079173711822129275 0.046339015724324188 -0.036489898425154557 0.075996140150076663 -0.058459458690012969 -0.022150106700970243 0.00072053953676551883 0.014718266294950266 0.009055142640668784 0.042094585285020858 0.010246621088002981 -0.036412280083940284 -0.10284980682404098 -0.048606516684545575 -0.0036408615742716203
leaf_weight=378 72 205 94 130 155 138 41 117 36 300 103 211 28 128
leaf_count=378 72 205 94 130 155 138 41 117 36 300 103 211 28 128
internal_value=0.000749064 -0.00799161 0.00957197 -0.00133181 0.00308349 0.00175351 0.0164894 0.0189394 0.00988372 0.00900538 -0.00695021 -0.0185096 -0.00108696 0.00304878
internal_weight=2136 1073 1063 657 527 499 564 495 258 372 241 416 69 164
internal_count=2136 1073 1063 657 527 499 564 495 258 372 241 416 69 164
is_linear=0
shrinkage=0.05


Tree=22
num_leaves=15
num_cat=0
split_feature=0 7 22 22 0 4 22 0 0 6 6 6 6 22
split_gain=62.5516 37.6513 21.4789 18.0201 12.1454 11.9591 9.6144 9.16286 7.483 6.02835 5.89605 4.24242 3.13165 3.03355
threshold=23.475000000000005 62.400000000000006 0.69287764045535594 0.53038584004487344 26.355000000000004 25.285000000000004 0.51572537064332258 26.845000000000002 25.825000000000003 16.460000000000004 30.380000000000006 13.005000000000001 16.460000000000004 0.89546819317495652
decision_type=2 2 2 2 2 2 2 2 2 2 2 2 2 2
left_child=6 2 8 12 5 -5 9 13 11 -1 -8 -2 -3 -4
right_child=1 3 7 4 -6 -7 10 -9 -10 -11 -12 -13 -14 -15
leaf_value=0.028847717773612613 0.031714448919397585 -0.02572284974019079 0.030311264436953225 -0.028438908803172149 -0.069415014218771193 0.0021324094115534819 0.073159258874497188 -0.0069284887530481733 -0.032474096822407129 -0.0090466073175997537 0.0029584142100880398 -0.010078594550088922 -0.080430891027819959 0.065673823550795082
leaf_weight=102 56 59 104 129 157 351 365 56 93 106 54 120 250 134
leaf_count=102 56 59 104 129 157 351 365 56 93 106 54 120 250 134
internal_value=0.000561798 -0.00495361 0.00528419 -0.0110465 -0.00624019 -0.00229167 0.0138357 0.0146259 -0.00492565 0.00504808 0.0181981 0.00113636 -0.0209547 0.0189076
internal_weight=2136 1509 563 946 637 480 627 294 269 208 419 176 309 238
internal_count=2136 1509 563 946 637 480 627 294 269 208 419 176 309 238
is_linear=0
shrinkage=0.05


Tree=23
num_leaves=15
num_cat=0
split_feature=0 5 5 22 22 0 4 22 6 22 4 0 4 0
split_gain=58.7117 28.7742 22.3044 19.5326 13.9016 13.8056 13.4441 8.02724 7.595 4.62333 4.14096 3.83597 3.81098 3.60472
threshold=24.555000000000003 679.98000000000013 452.54500000000002 0.32917936166072764 0.91723323322845218 22.065000000000001 27.595000000000002 0.40907743338811486 13.005000000000001 0.70517752626968588 28.920000000000005 23.025000000000002 23.135000000000002 22.475000000000005
decision_type=2 2 2 2 2 2 2 2 2 2 2 2 2 2
left_child=2 3 7 -2 5 -4 8 13 -5 -3 -8 -6 -7 -1
right_child=1 9 4 6 11 12 10 -9 -10 -11 -12 -13 -14 -15
leaf_value=0.064895176843016572 -0.053664496681068569 -0.094685770977773587 0.028443363025141988 0.044076135747744327 0.053629210200863288 -0.048325130163582801 -0.0068937376195664759 0.086149001594052005 0.0090541378244733354 -0.034507801128816462 -0.077066119872174987 0.014988490689971178 -0.0046817580638379569 -0.0014164716974663584
leaf_weight=26 130 211 104 72 70 85 101 314 300 205 54 108 288 68
leaf_count=26 130 211 104 72 70 85 101 314 300 205 54 108 288 68
internal_value=0.000632022 -0.00761883 0.00896049 -0.0011035 0.00324427 -0.00120545 0.00317837 0.0181373 0.00833333 -0.0179087 -0.00919355 0.0151685 -0.00569705 0.00531915
internal_weight=2136 1073 1063 657 655 477 527 408 372 416 155 178 373 94
internal_count=2136 1073 1063 657 655 477 527 408 372 416 155 178 373 94
is_linear=0
shrinkage=0.05


Tree=24
num_leaves=15
num_cat=0
split_feature=0 5 5 22 0 22 4 22 22 0 5 22 8 4
split_gain=60.0262 24.0165 23.2559 17.7935 14.773 12.3786 11.0761 8.81121 6.50635 6.16912 5.50768 3.59409 3.67345 2.88311
threshold=24.805000000000003 679.98000000000013 452.54500000000002 0.32917936166072764 22.985000000000003 0.72914769978834015 28.920000000000005 0.69287764045535594 0.40907743338811486 22.715000000000003 420.44500000000005 0.70517752626968588 17.745000000000005 22.995000000000001
decision_type=2 2 2 2 2 2 2 2 2 2 2 2 2 2
left_child=2 3 7 -2 8 -6 10 9 -4 -1 -5 -3 -13 -7
right_child=1 11 4 6 5 13 -8 -9 -10 -11 -12 12 -14 -15
leaf_value=0.068848672102337624 -0.063290228064943846 -0.090449433196499077 -0.00032322840122445823 0.025596548591974633 -0.026692753503911482 -0.0069941211872354917 -0.073212813878566221 0.096493677130052316 0.039477269493934847 0.0087690328896286845 -0.00023140764937650273 -0.022365516440943846 -0.078854197867394102 0.0083888154938509853
leaf_weight=68 117 190 78 176 210 44 54 239 186 141 248 117 62 206
leaf_count=68 117 190 78 176 210 44 54 239 186 141 248 117 62 206
internal_value=0.000632022 -0.00860996 0.00823379 -0.00239496 0.00269337 -0.00271739 0.00188285 0.0171875 0.0121212 0.009689 0.00459906 -0.0186314 -0.0135475 0.0048
internal_weight=2136 964 1172 595 724 460 478 448 264 209 424 369 179 250
internal_count=2136 964 1172 595 724 460 478 448 264 209 424 369 179 250
is_linear=0
shrinkage=0.05


Tree=25
num_leaves=15
num_cat=0
split_feature=4 6 22 22 4 22 6 4 4 4 22 1 22 4
split_gain=47.6472 43.5876 27.2068 15.7316 13.7296 12.529 11.2568 9.13443 9.12217 5.58776 4.37009 3.13887 3.13381 2.6474
threshold=27.045000000000005 30.380000000000006 0.32917936166072764 0.53038584004487344 24.425000000000004 0.16269055358644466 13.005000000000001 22.110000000000003 29.315000000000001 26.045000000000005 0.87962967011031401 64.88000000000001 0.69287764045535594 25.485000000000003
decision_type=2 2 2 2 2 2 2 2 2 2 2 2 2 2
left_child=1 2 5 -2 12 9 -6 10 11 -1 -3 -5 -4 -7
right_child=3 7 4 8 6 13 -8 -9 -10 -11 -12 -13 -14 -15
leaf_value=0.015494686944348288 -0.075913843489324673 -0.035961777324685029 0.043006957132515691 0.0028928761777930745 0.044816722473678086 -0.035468776983530993 0.0077178922596445269 -0.074000075717958524 -0.083212573218141753 -0.015985461429055593 0.01812784776770562 -0.0062442117368754161 0.092680856368729747 -0.069566829530285909
leaf_weight=70 186 72 139 142 95 98 562 160 86 28 29 161 251 57
leaf_count=70 186 72 139 142 95 98 562 160 86 28 29 161 251 57
internal_value=0.000608614 0.00514094 0.00888462 -0.0116957 0.0124403 -0.00583004 0.00802892 -0.0135057 -0.00597686 0.00816327 -0.00173267 -0.00189769 0.0198718 -0.0146774
internal_weight=2136 1561 1300 575 1047 253 657 261 389 98 101 303 390 155
internal_count=2136 1561 1300 575 1047 253 657 261 389 98 101 303 390 155
is_linear=0
shrinkage=0.05


Tree=26
num_leaves=15
num_cat=0
split_feature=5 4 22 22 22 4 6 6 4 4 4 4 4 6
split_gain=47.8353 32.3254 16.4906 13.895 13.0263 10.907 6.13992 5.4215 7.48502 6.40151 5.21261 4.8605 4.5166 4.16716
threshold=679.98000000000013 26.345000000000002 0.69287764045535594 0.70517752626968588 0.5009122898073749 23.355000000000004 13.005000000000001 30.380000000000006 28.445000000000004 22.565000000000001 29.315000000000001 24.425000000000004 26.985000000000003 30.380000000000006
decision_type=2 2 2 2 2 2 2 2 2 2 2 2 2 2
left_child=1 2 5 12 -3 -1 -7 8 -5 -9 -6 -4 13 -2
right_child=3 4 11 7 10 6 -8 9 -10 -11 -12 -13 -14 -15
leaf_value=0.057220148710704848 -0.0077838714813766698 -0.054427720534441532 0.091008174323201921 0.01060323419876732 0.0029869734549761717 0.035342183365793034 -0.0090951641755780306 0.0035514831964399197 -0.033898797256492766 -0.061069804074266945 -0.071582813341273949 0.024619042182605206 -0.068483017097576648 -0.062467725350653848
leaf_weight=116 91 118 231 206 256 63 267 61 70 77 29 255 170 126
leaf_count=116 91 118 231 206 256 63 267 61 70 77 29 255 170 126
internal_value=0.000514981 0.00631086 0.011427 -0.00914482 -0.00552109 0.0044843 -0.000151515 -0.00277778 0.00126812 -0.0108696 0.000263158 0.0177984 -0.0159561 -0.0111751
internal_weight=2136 1335 932 801 403 446 330 414 276 138 285 486 387 217
internal_count=2136 1335 932 801 403 446 330 414 276 138 285 486 387 217
is_linear=0
shrinkage=0.05


Tree=27
num_leaves=15
num_cat=0
split_feature=0 5 23 23 5 7 0 0 0 5 23 23 23 0
split_gain=47.7849 35.0088 20.1331 14.3657 9.79032 9.50992 6.69934 6.25389 6.02977 5.23855 4.50203 4.34537 4.02852 3.20333
threshold=23.345000000000002 420.44500000000005 0.68430231102288386 0.93234632485081093 679.98000000000013 68.540000000000006 25.365000000000006 26.845000000000002 25.695000000000004 679.98000000000013 0.84771273534009206 0.44504239796885176 0.18492372395086379 23.125000000000004
decision_type=2 2 2 2 2 2 2 2 2 2 2 2 2 2
left_child=4 3 5 7 10 12 -7 -2 9 -4 -1 13 -3 -6
right_child=1 2 8 -5 11 6 -8 -9 -10 -11 -12 -13 -14 -15
leaf_value=0.09198454459997607 0.043734776532030263 0.028642950803018975 -0.0077810666481796355 -0.018862262900925766 0.044388873738084894 -0.00030946638283986251 -0.031054604643880712 -0.00017588009121689564 -0.082802580173717069 -0.046883156734003707 0.016448303562081015 -8.640902454666589e-06 0.0035627014258053399 -0.0034773888314792085
leaf_weight=227 241 58 195 89 50 214 176 59 206 182 131 156 142 9.9999999999999982
leaf_count=227 241 58 195 89 50 214 176 59 206 182 131 156 142 10
internal_value=0.000468165 -0.0040653 -0.00837596 0.00893316 0.0128049 -0.00186441 -0.00641026 0.0141667 -0.0149657 -0.0112069 0.0178771 0.00439815 0.007 0.0158333
internal_weight=2136 1562 1173 389 574 590 390 300 583 377 358 216 200 60
internal_count=2136 1562 1173 389 574 590 390 300 583 377 358 216 200 60
is_linear=0
shrinkage=0.05


Tree=28
num_leaves=15
num_cat=0
split_feature=0 5 23 5 23 0 6 23 4 0 0 23 4 4
split_gain=43.5962 32.7499 19.8947 12.8015 8.61077 8.40566 8.08625 6.39225 6.25548 6.00266 5.06192 5.0639 4.79936 4.21553
threshold=23.305000000000003 679.98000000000013 0.93234632485081093 420.44500000000005 0.76693674423623703 26.525000000000002 24.295000000000005 0.84771273534009206 27.025000000000002 26.155000000000005 25.005000000000006 0.98929220549296726 25.735000000000003 22.785000000000004
decision_type=2 2 2 2 2 2 2 2 2 2 2 2 2 2
left_child=6 2 3 8 9 -5 7 -1 -2 12 11 -4 -3 -9
right_child=1 4 10 5 -6 -7 -8 13 -10 -11 -12 -13 -14 -15
leaf_value=0.071092504726317174 0.042102689025907872 -0.020882377549354559 -0.034419933164118975 0.0040148322645728683 -0.066220686456851155 -0.024891746544067173 0.0038853721943098996 0.054576499478744489 -3.5214946787121006e-05 -0.092446560662385713 -0.052377120974851921 0.011866760020476175 0.00018903767060409195 0.0017895303752303304
leaf_weight=260 237 81 69 375 250 102 147 53 66 90 111 26 172 97
leaf_count=260 237 81 69 375 250 102 147 53 66 90 111 26 172 97
internal_value=0.000585206 -0.00365738 0.00192698 0.00557692 -0.0129427 0.000471698 0.0126122 0.0162195 0.0136139 -0.00779883 -0.0118932 -0.00342105 -0.00385375 0.008
internal_weight=2136 1579 986 780 593 477 557 410 303 343 206 95 253 150
internal_count=2136 1579 986 780 593 477 557 410 303 343 206 95 253 150
is_linear=0
shrinkage=0.05


Tree=29
num_leaves=15
num_cat=0
split_feature=0 7 7 22 0 0 22 22 22 0 0 0 6 22
split_gain=41.3716 20.7827 20.7085 13.9846 10.3244 8.74766 8.40039 6.69077 5.47472 5.21961 4.43543 4.20972 3.49036 3.35227
threshold=24.805000000000003 62.400000000000006 72.295000000000016 0.32917936166072764 23.055000000000003 28.630000000000006 0.70517752626968588 0.51572537064332258 0.77447169083781808 22.715000000000003 21.990000000000006 26.175000000000004 13.005000000000001 0.69287764045535594
decision_type=2 2 2 2 2 2 2 2 2 2 2 2 2 2
left_child=1 6 3 -2 8 11 9 -6 10 -1 -3 -5 -11 -4
right_child=2 4 13 5 7 -7 -8 -9 -10 12 -12 -13 -14 -15
leaf_value=0.061519678617901079 -0.048636990384153034 0.017225992476125641 -0.073917262920612278 0.011784516074283102 -0.027993849996407583 -0.10410477361168724 0.079780176242961645 0.00073037643967747154 0.036695078255272337 0.034977508531861441 -0.010561881192145572 -0.0012064901169330665 -0.0022298142418434651 -0.02786884248810665
leaf_weight=70 117 82 185 269 130 37 235 314 114 43 84 172 100 184
leaf_count=70 117 82 185 269 130 37 235 314 114 43 84 172 100 184
internal_value=0.000514981 0.00682594 -0.00715768 -0.00138655 0.0015884 0.00240586 0.0152902 -0.00315315 0.00910714 0.00809859 0.00331325 0.00436508 0.00262238 -0.0164634
internal_weight=2136 1172 964 595 724 478 448 444 280 213 166 441 143 369
internal_count=2136 1172 964 595 724 478 448 444 280 213 166 441 143 369
is_linear=0
shrinkage=0.05


Tree=30
num_leaves=15
num_cat=0
split_feature=5 22 22 4 4 8 4 8 4 4 4 4 4 22
split_gain=36.708 21.9001 12.3576 12.2131 10.3722 12.2487 10.3472 9.76184 8.5377 6.54028 5.45635 4.21844 4.06202 3.05847
threshold=420.44500000000005 0.69287764045535594 0.42471264173135381 26.415000000000003 28.445000000000004 17.745000000000005 24.275000000000002 17.745000000000005 22.215000000000003 26.985000000000003 22.565000000000001 26.855000000000004 21.745000000000001 0.16269055358644466
decision_type=2 2 2 2 2 2 2 2 2 2 2 2 2 2
left_child=2 3 11 7 5 6 -3 8 -2 -4 -7 13 -9 -1
right_child=1 4 9 -5 -6 10 -8 12 -10 -11 -12 -13 -14 -15
leaf_value=0.022467522860446388 0.097757666997884657 0.050670029310013548 0.054445291388156042 -0.045858110526792964 -0.030771529355955188 0.0016961188864238032 0.0056486388010809248 -0.012450945621014743 -0.0042027802097945322 0.00068252659343259747 -0.052944795566646531 -0.040685383864033822 -0.08301287958087028 -0.0045381548156891325
leaf_weight=33 31 114 335 297 114 63 478 43 305 61 77 26 80 79
leaf_count=33 31 114 335 297 114 63 478 43 305 61 77 26 80 79
internal_value=0.000444757 -0.00333958 0.0117978 -0.00952381 0.00218676 0.00437158 0.00751689 -0.00441176 0 0.0162879 -0.00892857 -0.00108696 -0.0164634 0.003125
internal_weight=2136 1602 534 756 846 732 592 459 336 396 140 138 123 112
internal_count=2136 1602 534 756 846 732 592 459 336 396 140 138 123 112
is_linear=0
shrinkage=0.05


Tree=31
num_leaves=15
num_cat=0
split_feature=0 6 22 0 22 6 0 0 22 7 0 0 22 22
split_gain=37.0271 28.0449 17.5068 10.5011 10.1633 7.23937 6.49196 6.39136 6.32356 6.18282 4.76558 3.025 3.65651 2.8966
threshold=23.245000000000001 14.790000000000001 0.69287764045535594 26.375000000000004 0.36146417736073544 14.790000000000001 25.805000000000003 21.265000000000004 0.9239481815140983 68.540000000000006 28.080000000000002 26.605000000000004 0.14569472580964501 0.9239481815140983
decision_type=2 2 2 2 2 2 2 2 2 2 2 2 2 2
left_child=5 4 6 9 11 -1 -3 -7 -9 -4 -6 12 -2 -5
right_child=1 2 3 13 10 7 -8 8 -10 -11 -12 -13 -14 -15
leaf_value=0.088119420182616981 0.017982145045665376 -0.023703718233734374 0.010941373462921114 -0.082100029888017775 0.030149888361717281 0.077595617653569759 -0.075269237643164913 0.0013377533906131001 0.034457602378767639 -0.0015880662981474303 -0.019733213405322969 -0.063162473987953258 -0.021305837312946087 -0.015248118904734476
leaf_weight=134 21 381 182 63 291 83 181 224 75 340 19 18 51 73
leaf_count=134 21 381 182 63 291 83 181 224 75 340 19 18 51 73
internal_value=0.000351124 -0.0033642 -0.00713115 -0.00159574 0.008125 0.0120155 -0.0136121 0.00850785 0.00510033 0.00162835 0.0124194 -0.00666667 -0.00208333 -0.0139706
internal_weight=2136 1620 1220 658 400 516 562 382 299 522 310 90 72 136
internal_count=2136 1620 1220 658 400 516 562 382 299 522 310 90 72 136
is_linear=0
shrinkage=0.05


Tree=32
num_leaves=15
num_cat=0
split_feature=0 5 22 7 22 0 22 0 7 0 22 1 4 0
split_gain=34.751 25.3984 16.4475 12.3979 8.50189 7.79619 6.914 6.32795 5.92097 5.27833 5.0276 3.76628 2.55569 2.53626
threshold=23.245000000000001 679.98000000000013 0.9239481815140983 49.140000000000008 0.69287764045535594 26.375000000000004 0.42471264173135381 27.435000000000006 92.320000000000007 26.155000000000005 0.32917936166072764 70.365000000000009 23.725000000000005 25.805000000000003
decision_type=2 2 2 2 2 2 2 2 2 2 2 2 2 2
left_child=6 2 3 10 13 -5 -1 11 12 -6 -2 -4 -8 -3
right_child=1 4 7 5 9 -7 8 -9 -10 -11 -12 -13 -14 -15
leaf_value=0.004520617962395313 -0.001106393609769607 -0.037380023857138192 0.036030843054723392 -0.0028062667021544309 -0.0023714432937665068 -0.042879615651264837 0.088397991408691201 -0.012598537259279331 0.0059467829976902926 -0.077452644967466011 0.027654007403811423 0.0058768001808662158 0.02021345012716045 -0.10367728451549932
leaf_weight=140 39 189 172 480 236 118 191 33 98 83 106 64 87 100
leaf_count=140 39 189 172 480 236 118 191 33 98 83 106 64 87 100
internal_value=0.000327715 -0.0032716 0.00158103 -0.00225437 -0.0113487 -0.00543478 0.0116279 0.0121747 0.0151596 -0.005721 0.0108621 0.0150424 0.0188849 -0.0175606
internal_weight=2136 1620 1012 743 608 598 516 269 376 319 145 236 278 289
internal_count=2136 1620 1012 743 608 598 516 269 376 319 145 236 278 289
is_linear=0
shrinkage=0.05


Tree=33
num_leaves=15
num_cat=0
split_feature=5 4 22 22 4 5 22 4 22 4 6 4 6 4
split_gain=31.211 21.3673 13.226 10.6625 9.0722 7.29305 5.80744 5.54211 4.24024 5.81009 4.0533 2.97552 4.80602 4.5216
threshold=679.98000000000013 23.995000000000001 0.32917936166072764 0.69287764045535594 28.215000000000003 420.44500000000005 0.72914769978834015 22.215000000000003 0.14569472580964501 26.575000000000003 13.005000000000001 29.220000000000002 30.380000000000006 22.565000000000001
decision_type=2 2 2 2 2 2 2 2 2 2 2 2 2 2
left_child=1 6 8 -2 5 -4 7 -1 9 -3 -9 12 -5 -14
right_child=3 2 4 11 -6 -7 -8 10 -10 -11 -12 -13 13 -15
leaf_value=0.091077530794961059 -0.043174298801665449 0.0092886246758340455 0.027259693573440848 0.0063327611415373245 -0.022197915290814108 0.0022242312487009697 0.080049480912223026 0.050462081592911635 -0.042034876303589902 -0.033028422701878314 -0.00044240556676382466 -0.045797379271931199 0.0015495595494664394 -0.051494939663009547
leaf_weight=54 378 37 255 239 100 446 158 27 132 24 102 43 63 78
leaf_count=54 378 37 255 239 100 446 158 27 132 24 102 43 63 78
internal_value=0.000280899 0.00496255 0.00125755 -0.00752185 0.00408864 0.00609843 0.0157625 0.00969945 -0.0104922 0.000409836 0.00406977 -0.00206856 -0.000657895 -0.00797872
internal_weight=2136 1335 994 801 801 701 341 183 193 61 129 423 380 141
internal_count=2136 1335 994 801 801 701 341 183 193 61 129 423 380 141
is_linear=0
shrinkage=0.05


Tree=34
num_leaves=15
num_cat=0
split_feature=0 5 22 6 0 22 4 4 22 6 4 7 22 0
split_gain=31.7313 22.4575 14.4721 11.4023 7.82886 7.5085 6.93834 6.46811 6.32355 4.64186 4.32645 3.74904 3.23193 2.89239
threshold=22.985000000000003 679.98000000000013 0.9239481815140983 13.005000000000001 26.125000000000004 0.53038584004487344 27.825000000000003 26.935000000000006 0.42471264173135381 24.295000000000005 25.485000000000003 68.540000000000006 0.89546819317495652 25.895000000000003
decision_type=2 2 2 2 2 2 2 2 2 2 2 2 2 2
left_child=8 2 3 13 5 -3 -5 11 -1 -10 -7 -4 -11 -2
right_child=1 4 7 6 -6 10 -8 -9 9 12 -12 -13 -14 -15
leaf_value=0.0054180232644633567 0.029031301787128028 -0.036980177555022829 0.043732186310466353 -0.0029855485140682925 -0.084663212807611785 -0.020318177025170372 -0.052334768204415211 -0.00095623252627953243 0.068408275184764 -0.0027763062101045875 0.0012416411816845942 0.0012462201213879589 0.032634362389577586 0.0011319962985979815
leaf_weight=121 100 162 160 561 161 108 75 78 230 50 210 37 31 52
leaf_count=121 100 162 160 561 161 108 75 78 230 50 210 37 31 52
internal_value=0.000280899 -0.00278756 0.0016698 -0.00177665 -0.0101794 -0.00697917 -0.00471698 0.0115455 0.0123843 0.0161576 -0.00251572 0.0163706 0.0058642 0.0105263
internal_weight=2136 1704 1063 788 641 480 636 275 432 311 318 197 81 152
internal_count=2136 1704 1063 788 641 480 636 275 432 311 318 197 81 152
is_linear=0
shrinkage=0.05


Tree=35
num_leaves=15
num_cat=0
split_feature=0 5 23 6 0 4 23 23 0 4 11 6 0 6
split_gain=32.885 17.6849 14.1063 11.1628 9.45469 8.71423 8.29079 7.55652 4.8443 4.10841 4.09146 3.60686 3.59353 3.32681
threshold=25.005000000000006 452.54500000000002 0.84771273534009206 24.295000000000005 21.265000000000004 29.855000000000004 0.69674355214024553 0.35041260675351149 22.660000000000004 28.075000000000003 -0.98919999999999997 13.005000000000001 25.385000000000002 30.380000000000006
decision_type=2 2 2 2 2 2 2 2 2 2 2 2 2 2
left_child=1 6 3 5 -3 12 -1 -6 -8 10 -4 -10 -2 -9
right_child=2 4 9 -5 7 -7 8 13 11 -11 -12 -13 -14 -15
leaf_value=0.060120661082946496 0.01795448471480663 0.048504977466828844 -0.046456984624513087 -0.051788163129635835 0.012038185870757221 -0.06181420847456072 0.046112135342952471 -0.0021393936569848227 0.02723526079253057 -0.081503298846446859 -0.0031265766800963601 -0.0038170970295343639 0.001160461066053442 -0.03478628993957629
leaf_weight=240 77 66 87 151 182 39 72 422 53 99 100 118 316 114
leaf_count=240 77 66 87 151 182 39 72 422 53 99 100 118 316 114
internal_value=0.000327715 0.00546567 -0.00716341 -0.00270154 0.000829082 0.00138889 0.0129917 -0.000835655 0.00648148 -0.0162587 -0.0118984 0.00190058 0.00362595 -0.00382463
internal_weight=2136 1267 869 583 784 432 483 718 243 286 187 171 393 536
internal_count=2136 1267 869 583 784 432 483 718 243 286 187 171 393 536
is_linear=0
shrinkage=0.05


Tree=36
num_leaves=15
num_cat=0
split_feature=0 7 22 6 4 22 0 22 0 6 4 11 6 0
split_gain=31.1697 17.524 12.1859 10.6774 8.44785 8.02602 7.46539 6.75519 4.85281 5.51351 4.22031 3.07134 3.03056 2.52522
threshold=25.005000000000006 62.400000000000006 0.53038584004487344 24.295000000000005 29.855000000000004 0.71726873870877716 21.265000000000004 0.93655593853549179 21.855000000000004 13.005000000000001 28.215000000000003 -0.98919999999999997 30.380000000000006 25.385000000000002
decision_type=2 2 2 2 2 2 2 2 2 2 2 2 2 2
left_child=1 5 10 4 13 8 -3 12 -1 -10 11 -2 -8 -4
right_child=2 6 3 -5 -6 -7 7 -9 9 -11 -12 -13 -14 -15
leaf_value=0.074290206128743499 -0.044023454726440384 0.046079728593487405 0.017056760479066301 -0.049198754973154048 -0.058723498050832684 0.057114628028799165 -0.002032423974135581 0.011436276577219365 0.034813671282435787 -0.0035169575667220012 -0.084931674349743608 -0.0033201740375918944 -0.033046975442597486 0.0011024380127507727
leaf_weight=39 89 66 77 151 39 240 422 182 71 133 91 106 114 316
leaf_count=39 89 66 77 151 39 240 422 182 71 133 91 106 114 316
internal_value=0.000187266 0.00518942 -0.00710587 -0.00295883 0.00104167 0.0126812 0.00057398 -0.000905292 0.00627572 0.00318627 -0.0155594 -0.0114103 -0.00373134 0.00324427
internal_weight=2136 1267 869 583 432 483 784 718 243 204 286 195 536 393
internal_count=2136 1267 869 583 432 483 784 718 243 204 286 195 536 393
is_linear=0
shrinkage=0.05


Tree=37
num_leaves=15
num_cat=0
split_feature=5 4 6 4 4 24 4 24 24 4 24 4 24 5
split_gain=25.0938 14.8711 12.1361 9.69444 9.64381 7.78301 5.632 5.41375 4.37239 3.88932 3.18182 2.5369 2.23332 2.19708
threshold=420.44500000000005 28.215000000000003 30.380000000000006 22.995000000000001 26.575000000000003 1.5000000000000002 22.675000000000004 1.5000000000000002 1.5000000000000002 30.175000000000004 2.5000000000000004 24.515000000000004 1.5000000000000002 380.89500000000004
decision_type=2 2 2 2 2 2 2 2 2 2 2 2 2 2
left_child=4 2 3 -2 7 -5 10 13 -3 -10 -4 -9 -6 -1
right_child=1 8 6 5 12 -7 -8 11 9 -11 -12 -13 -14 -15
leaf_value=-0.0021973736309786654 0.051289964937645996 -0.080685090632256443 -0.031354210507212231 -0.011036739556811448 -0.010970173912954474 0.0042586069065917226 -0.057535335479270255 0.078508897342614958 -0.010219617699284079 -0.088784032937980081 0.0052934025235700961 0.027489155224708097 0.0018109209961238105 0.023064672135179865
leaf_weight=74 91 77 90 323 35 665 130 157 141 43 42 122 81 65
leaf_count=74 91 77 90 323 35 665 130 157 141 43 42 122 81 65
internal_value=0.000351124 -0.00277778 -0.000652498 0.00169138 0.00973783 0.000253036 -0.0103053 0.0132775 -0.0136973 -0.00951087 -0.0030303 0.0172939 -0.00301724 0.00521583
internal_weight=2136 1602 1341 1079 534 988 262 418 261 184 132 279 116 139
internal_count=2136 1602 1341 1079 534 988 262 418 261 184 132 279 116 139
is_linear=0
shrinkage=0.05


Tree=38
num_leaves=15
num_cat=0
split_feature=0 5 22 0 0 5 22 22 4 22 22 22 0 0
split_gain=28.8546 17.0702 12.067 9.4507 7.45523 7.241 5.54333 5.44797 5.63355 5.02583 4.1485 3.2293 2.54176 2.51092
threshold=23.275000000000002 679.98000000000013 0.32917936166072764 28.630000000000006 26.125000000000004 452.54500000000002 0.9239481815140983 0.14569472580964501 26.685000000000006 0.87962967011031401 0.7522548710148802 0.45560143098769151 20.295000000000005 22.860000000000003
decision_type=2 2 2 2 2 2 2 2 2 2 2 2 2 2
left_child=5 2 7 6 9 11 -4 8 -2 -3 12 -1 -7 -12
right_child=1 4 3 -5 -6 10 -8 -9 -10 -11 13 -13 -14 -15
leaf_value=0.013065337916194381 0.010063720365673823 -0.019877573887428907 0.0020722239998112652 -0.084344831291081085 -0.070628397665079709 0.089718617464605147 0.021106660298764502 -0.043910271746734612 -0.028765446406022702 0.0022219265181977477 0.030427809605461455 0.077891189525451598 -0.0014692056183561954 0.0050486079279370797
leaf_weight=54 39 296 516 37 161 13.999999999999998 256 129 22 146 101 150 171 44
leaf_count=54 39 296 516 37 161 14 256 129 22 146 101 150 171 44
internal_value=0.000421348 -0.00293383 0.00107608 0.00373918 -0.00957711 0.0104869 0.00492228 -0.0102632 0.00204918 -0.00622172 0.00590909 0.0178922 0.000945946 0.0122414
internal_weight=2136 1602 999 809 603 534 772 190 61 442 330 204 185 145
internal_count=2136 1602 999 809 603 534 772 190 61 442 330 204 185 145
is_linear=0
shrinkage=0.05


Tree=39
num_leaves=15
num_cat=0
split_feature=0 5 22 0 22 6 22 5 5 22 9 0 0 22
split_gain=27.0878 20.8746 11.3646 9.55879 9.50288 8.88184 6.0984 5.22066 4.95588 4.64857 4.35091 3.74889 3.06638 1.96645
threshold=26.125000000000004 420.44500000000005 0.31288844364721724 21.265000000000004 0.16269055358644466 30.380000000000006 0.74081089433267733 679.98000000000013 380.89500000000004 0.44022217077093501 0.24500000000000002 22.435000000000006 28.685000000000006 0.31288844364721724
decision_type=2 2 2 2 2 2 2 2 2 2 2 2 2 2
left_child=1 6 4 -4 10 -5 8 9 11 -2 -3 -1 -11 -10
right_child=7 2 3 5 -6 -7 -8 -9 13 12 -12 -13 -14 -15
leaf_value=0.047609346797573997 -0.044428653802159969 -0.022741915827648864 0.056705420926972165 0.0039636047389040863 -0.048445517491184177 -0.018370487563819538 0.048473371177309432 -0.067096977781825731 0.0070389350739298645 -1.2647972829749055e-05 0.0095605343473901261 -0.0072072409443974502 -0.050168770689181463 0.035938642427353305
leaf_weight=15.999999999999998 72 37 71 813 136 167 205 161 39 170 61 92 28 68
leaf_count=16 72 37 71 813 136 167 205 161 39 170 61 92 28 68
internal_value=0.000468165 0.00329912 0.000136187 0.0023549 -0.00982906 0.00107143 0.0129762 -0.0107309 0.00709302 -0.00648148 0.00204082 -0.000462963 -0.00252525 0.0147196
internal_weight=2136 1705 1285 1051 234 980 420 431 215 270 98 108 198 107
internal_count=2136 1705 1285 1051 234 980 420 431 215 270 98 108 198 107
is_linear=0
shrinkage=0.05


Tree=40
num_leaves=15
num_cat=0
split_feature=0 7 6 0 23 23 0 23 0 23 23 4 23 6
split_gain=24.3787 12.5687 12.1331 7.40537 8.15905 7.08872 5.93122 4.79904 4.44771 3.81022 3.78339 4.88561 3.45059 2.91969
threshold=24.405000000000005 72.295000000000016 14.790000000000001 21.265000000000004 0.39825772665344078 0.94422823979932036 27.435000000000006 0.89014232404703397 27.045000000000005 0.72100388094302625 0.98663965293901656 26.685000000000006 0.38242094458159287 30.380000000000006
decision_type=2 2 2 2 2 2 2 2 2 2 2 2 2 2
left_child=2 5 7 -4 -5 6 12 -1 9 -3 -7 -12 -2 -6
right_child=1 8 3 4 13 10 -8 -9 -10 -11 11 -13 -14 -15
leaf_value=0.057316211293082502 0.017355695529922149 -0.0042209812044134319 0.052804782817388457 0.016867992676258398 -0.00065465784852213331 -0.0462216286040424 -0.020175079358769013 0.011026064551644075 -0.10897122862347755 -0.037033112143592374 0.0083423519323983179 -0.031670214588952743 0.0017767440832148944 -0.029090267292088013
leaf_weight=190 142 177 83 193 379 83 86 64 79 176 32 25 338 89
leaf_count=190 142 177 83 193 379 83 86 64 79 176 32 25 338 89
internal_value=0.000608614 -0.00439367 0.00631263 0.0030914 0.00132375 -0.000283286 0.00220848 0.015748 -0.0111111 -0.00871105 -0.0103571 -0.000438596 0.004375 -0.00224359
internal_weight=2136 1138 998 744 661 706 566 254 432 353 140 57 480 468
internal_count=2136 1138 998 744 661 706 566 254 432 353 140 57 480 468
is_linear=0
shrinkage=0.05


Tree=41
num_leaves=15
num_cat=0
split_feature=0 6 6 0 22 22 0 22 6 22 0 4 0 22
split_gain=23.4435 11.4576 11.3812 6.58361 7.59825 5.18469 4.79094 4.64081 4.2059 5.19741 4.01923 3.0077 2.32488 2.2699
threshold=24.405000000000005 16.460000000000004 14.790000000000001 21.265000000000004 0.91723323322845218 0.69287764045535594 27.435000000000006 0.45560143098769151 13.005000000000001 0.9239481815140983 27.680000000000003 26.095000000000002 23.475000000000005 0.54488935974326758
decision_type=2 2 2 2 2 2 2 2 2 2 2 2 2 2
left_child=2 6 7 -4 12 -3 8 -1 -2 -10 11 -7 -5 -8
right_child=1 5 3 4 -6 10 13 -9 9 -11 -12 -13 -14 -15
leaf_value=0.010474761324061872 0.014758337152855398 -0.038497824388641383 0.050164543676519027 0.00088219205881291402 0.016024593042445478 -0.026169033781938446 -0.078749140600402515 0.054450400728428376 -0.0033581469872752605 0.024104072734402959 -0.075338122382917511 0.0023385655736410048 -0.0083678229965649682 -0.009754583462678169
leaf_weight=64 113 280 83 280 193 64 20 190 286 86 34 196 188 59
leaf_count=64 113 280 83 280 193 64 20 190 286 86 34 196 188 59
internal_value=0.000819288 -0.00408612 0.00641283 0.00329301 0.00162632 -0.00905923 0.000975177 0.0155512 0.00283505 0.000268817 -0.00442177 -0.00230769 -0.00181624 -0.010443
internal_weight=2136 1138 998 744 661 574 564 254 485 372 294 260 468 79
internal_count=2136 1138 998 744 661 574 564 254 485 372 294 260 468 79
is_linear=0
shrinkage=0.05


Tree=42
num_leaves=15
num_cat=0
split_feature=0 8 0 22 22 22 7 8 22 7 0 22 0 0
split_gain=22.5688 15.0878 9.27774 7.92789 6.52671 6.50517 6.1543 6.08463 4.34791 4.10005 3.59871 3.57649 2.75871 2.71809
threshold=23.055000000000003 8.8550000000000022 26.125000000000004 0.53038584004487344 0.31288844364721724 0.74081089433267733 55.750000000000007 17.745000000000005 0.16269055358644466 92.320000000000007 25.845000000000002 0.93655593853549179 27.540000000000003 20.295000000000005
decision_type=2 2 2 2 2 2 2 2 2 2 2 2 2 2
left_child=3 5 4 13 8 6 -2 -6 -3 -5 -7 12 -4 -1
right_child=1 2 11 9 7 10 -8 -9 -10 -11 -12 -13 -14 -15
leaf_value=0.080335865916711213 0.0088891632366691672 -1.2661161522320442e-06 -0.028151928051689579 0.051887194734072398 0.0016928682257956241 0.031269140226722003 -0.014948012968391178 -0.018281341761580496 -0.041985655954408202 0.0086379844132224194 0.003873524161531328 -0.0037554821846525811 -0.12661903999032439 0.00072828550764090507
leaf_weight=11.999999999999998 106 58 169 210 654 134 111 126 111 75 64 79 69 158
leaf_count=12 106 58 169 210 654 134 111 126 111 75 64 79 69 158
internal_value=0.000725655 -0.00194825 -0.00466035 0.0106044 -0.00218651 0.0063253 0.000345622 -0.00025641 -0.0110947 0.0157018 0.0128788 -0.0120662 -0.0151261 0.00205882
internal_weight=2136 1681 1266 455 949 415 217 780 169 285 198 317 238 170
internal_count=2136 1681 1266 455 949 415 217 780 169 285 198 317 238 170
is_linear=0
shrinkage=0.05


Tree=43
num_leaves=15
num_cat=0
split_feature=0 5 22 0 22 4 6 22 22 22 9 4 22 22
split_gain=21.9016 15.0113 8.94146 7.17512 6.99566 6.47075 7.56515 7.22896 6.09655 4.71803 4.13845 3.22549 2.97766 2.6507
threshold=25.385000000000002 420.44500000000005 0.31288844364721724 21.265000000000004 0.16269055358644466 30.405000000000005 30.380000000000006 0.54488935974326758 0.45560143098769151 0.91723323322845218 0.24500000000000002 28.215000000000003 0.14569472580964501 0.57340843044527534
decision_type=2 2 2 2 2 2 2 2 2 2 2 2 2 2
left_child=1 8 4 -4 10 6 7 11 12 -5 -3 -2 -1 -9
right_child=5 2 3 9 -6 -7 -8 13 -10 -11 -12 -13 -14 -15
leaf_value=0.030288878175650846 -0.0064395166972617606 -0.015828647633175853 0.046127323819224554 -0.00044392887294734398 -0.03176378568075993 -0.12134654899339925 -0.072658240835887455 0.016042656891215475 0.036060339079372797 0.010796499188884954 0.0098795370053516521 -0.051808087570316234 -0.0029231047687668047 -0.00058540360966378156
leaf_weight=20 102 33 71 536 118 50 82 21 252 278 54 74 81 364
leaf_count=20 102 33 71 536 118 50 82 21 252 278 54 74 81 364
internal_value=0.000632022 0.00414068 0.00123853 0.00341808 -0.00817073 -0.00667388 -0.00532659 -0.00325312 0.013102 0.00208845 0.00258621 -0.0116477 0.00272277 0.000584416
internal_weight=2136 1443 1090 885 205 693 643 561 353 814 87 176 101 385
internal_count=2136 1443 1090 885 205 693 643 561 353 814 87 176 101 385
is_linear=0
shrinkage=0.05


Tree=44
num_leaves=15
num_cat=0
split_feature=0 6 0 22 22 22 6 9 0 22 3 22 22 22
split_gain=19.4901 13.7322 7.9106 7.5848 6.14347 5.09802 4.79054 4.63499 4.37589 2.99383 2.89624 2.89 2.60409 2.13832
threshold=25.365000000000006 14.790000000000001 21.265000000000004 0.7522548710148802 0.53038584004487344 0.45560143098769151 30.380000000000006 0.36000000000000004 28.485000000000003 0.58741554219704073 36.000000000000007 0.14569472580964501 0.24684749415872467 0.98575081589502089
decision_type=2 2 2 2 2 2 2 2 2 2 2 2 2 2
left_child=1 5 -3 -4 10 11 8 -5 9 -6 -2 -1 -13 -10
right_child=4 2 3 7 6 -7 -8 -9 13 -11 -12 12 -14 -15
leaf_value=0.0287744342668683 -0.0071001073182869303 0.042755590565028229 -0.0064404586528461266 0.016632475548980497 0.014861543476613193 0.0338534765608293 -0.063208909585780279 -0.0001499412020727342 -0.080669477211819107 -0.00064195060406417039 -0.048264915666314773 -0.026183490624797058 0.0069846681744500459 0.0017136746730475718
leaf_weight=20 81 83 537 238 28 249 59 225 31 361 133 27 53 10.999999999999998
leaf_count=20 81 83 537 238 28 249 59 225 31 361 133 27 53 11
internal_value=0.000561798 0.00391061 0.00113112 -0.0001 -0.00625 0.0125358 -0.00316327 0.00458963 -0.00133411 0.000321337 -0.0133178 0.003 -0.00125 -0.0166667
internal_weight=2136 1432 1083 1000 704 349 490 463 431 389 214 100 80 42
internal_count=2136 1432 1083 1000 704 349 490 463 431 389 214 100 80 42
is_linear=0
shrinkage=0.05


Tree=45
num_leaves=15
num_cat=0
split_feature=5 22 4 6 4 22 22 5 22 4 4 4 22 6
split_gain=18.8989 9.58973 9.03545 10.5833 7.27819 6.98501 5.90768 7.66667 4.50676 4.37836 4.30992 3.98438 2.34098 2.24921
threshold=420.44500000000005 0.31288844364721724 30.175000000000004 30.380000000000006 22.995000000000001 0.16269055358644466 0.74081089433267733 380.89500000000004 0.78523795966413312 26.075000000000003 26.345000000000002 22.435000000000006 0.6547626423706755 24.295000000000005
decision_type=2 2 2 2 2 2 2 2 2 2 2 2 2 2
left_child=6 5 3 4 -3 9 7 11 -5 -2 -8 -1 -13 -11
right_child=1 2 -4 8 -6 -7 10 -9 -10 13 -12 12 -14 -15
leaf_value=0.042539301992322899 0.0076011049229323113 0.045099452736661876 -0.077519539308811933 -0.039502071856639391 0.0014297038233732186 -0.045080710088230461 0.043704236853323135 0.01688991749689257 -0.0035471951260310775 -0.02818925210662733 0.0061901913260953186 -0.005822503197535924 -0.029157779142441265 0.0024146453117585235
leaf_weight=15.999999999999998 69 78 54 102 963 162 195 138 117 39 63 105 17 18
leaf_count=16 69 78 54 102 963 162 195 138 117 39 63 105 17 18
internal_value=0.000561798 -0.00215356 -0.000342466 0.000515873 0.00261768 -0.0104167 0.00870787 0.00362319 -0.00947489 -0.0015873 0.0141473 -0.00471014 -0.00778689 -0.0118421
internal_weight=2136 1602 1314 1260 1041 288 534 276 219 126 258 138 122 57
internal_count=2136 1602 1314 1260 1041 288 534 276 219 126 258 138 122 57
is_linear=0
shrinkage=0.05


Tree=46
num_leaves=15
num_cat=0
split_feature=5 22 4 22 6 22 22 5 4 4 4 13 22 4
split_gain=16.6868 9.67673 8.57888 6.51517 9.64003 7.96649 6.08399 6.09058 4.0373 4.02107 3.86226 3.7527 2.45379 2.2035
threshold=420.44500000000005 0.93655593853549179 29.450000000000006 0.31288844364721724 30.380000000000006 0.16269055358644466 0.74081089433267733 380.89500000000004 25.555000000000003 26.345000000000002 22.435000000000006 0.48000000000000004 0.6547626423706755 23.995000000000001
decision_type=2 2 2 2 2 2 2 2 2 2 2 2 2 2
left_child=6 2 3 5 -5 -2 7 10 11 -8 -1 -3 -12 -9
right_child=1 8 -4 4 -6 -7 9 13 -10 -11 12 -13 -14 -15
leaf_value=0.040412336892706749 -4.1342070450223202e-05 0.037046419419540011 -0.074549279907071081 0.0013824519586979834 -0.031036711035205524 -0.042083745876074601 0.041519025010656976 0.039747799413343637 0.00015494988850338622 0.0058806817597905521 -0.0055313780376591284 0.0048829164953592945 -0.027699890185319206 0.0053521457425466552
leaf_weight=15.999999999999998 120 75 76 714 156 158 195 37 199 63 105 104 17 101
leaf_count=16 120 75 76 714 156 158 195 37 199 63 105 104 17 101
internal_value=0.000585206 -0.00196629 -0.00412582 -0.00304878 -0.00091954 -0.00971223 0.0082397 0.00307971 0.00502646 0.0137597 -0.00434783 0.0104749 -0.00737705 0.0105072
internal_weight=2136 1602 1224 1148 870 278 534 276 378 258 138 179 122 138
internal_count=2136 1602 1224 1148 870 278 534 276 378 258 138 179 122 138
is_linear=0
shrinkage=0.05


Tree=47
num_leaves=15
num_cat=0
split_feature=0 22 6 0 6 5 0 22 1 7 0 1 4 4
split_gain=18.3036 10.5593 9.58659 6.72874 6.132 5.82064 5.45752 5.52369 5.02922 3.73447 3.61758 3.31572 3.11786 2.50034
threshold=23.475000000000005 0.9239481815140983 16.055000000000003 26.475000000000005 13.005000000000001 452.54500000000002 21.015000000000004 0.7522548710148802 60.830000000000005 68.540000000000006 28.630000000000006 59.585000000000008 24.735000000000003 22.215000000000003
decision_type=2 2 2 2 2 2 2 2 2 2 2 2 2 2
left_child=4 2 8 12 -1 -3 13 -8 -2 -9 -10 -7 -4 -6
right_child=1 5 3 -5 6 11 7 9 10 -11 -12 -13 -14 -15
leaf_value=0.040979794121315055 -0.009567350565966427 0.023097551445921672 -0.025512177928368442 -0.051633668733099693 0.08187141152207493 0.012177796743422554 -0.0014490151871236869 0.034163314656078803 0.0055404545786002044 0.0066493004627318948 -0.093755326767387237 -0.0047478918472006089 -0.0050516537124186914 0.00208921188546638
leaf_weight=80 125 142 130 153 58 63 249 98 286 125 9.9999999999999982 187 413 17
leaf_count=80 125 142 130 153 58 63 249 98 286 125 10 187 413 17
internal_value=0.000514981 -0.00246852 -0.00494628 -0.00854885 0.00769537 0.00459184 0.00580439 0.00381356 0.0010095 0.00952915 0.00456081 0 -0.00593923 0.0183333
internal_weight=2136 1509 1117 696 627 392 547 472 421 223 296 250 543 75
internal_count=2136 1509 1117 696 627 392 547 472 421 223 296 250 543 75
is_linear=0
shrinkage=0.05


Tree=48
num_leaves=15
num_cat=0
split_feature=5 23 4 6 23 4 23 5 9 4 4 4 4 23
split_gain=14.2328 9.11139 8.46212 8.02484 7.42334 7.3622 6.24828 5.51087 4.5873 4.37881 3.60658 3.57455 2.41974 2.41088
threshold=420.44500000000005 0.94975093725139803 30.505000000000003 30.380000000000006 0.98663965293901656 22.215000000000003 0.67165857384232497 380.89500000000004 0.24500000000000002 24.355000000000004 26.345000000000002 22.335000000000004 28.595000000000002 0.75578561982460213
decision_type=2 2 2 2 2 2 2 2 2 2 2 2 2 2
left_child=6 2 3 5 -3 -2 10 11 -6 -5 -1 -8 -10 -13
right_child=1 4 -4 9 8 -7 7 -9 12 -11 -12 13 -14 -15
leaf_value=0.038276690044454977 0.07512860772030798 -0.040469904604394286 -0.10000216228309813 -0.0076140753802662609 -0.021629297670644788 0.001493291129570721 0.043607802200940966 0.015007765072296914 0.0073038395776569677 -0.071016438543722443 0.0044317700995049397 -0.026591918404983258 -0.029595205140550408 -0.0047459165441184207
leaf_weight=195 43 162 37 177 42 1015 14.999999999999998 138 73 42 63 17 10.999999999999998 106
leaf_count=195 43 162 37 177 42 1015 15 138 73 42 63 17 11 106
internal_value=0.000514981 -0.00184145 -7.61035e-05 0.000606891 -0.00989583 0.00241021 0.00758427 0.00235507 -0.000793651 -0.00810502 0.0131783 -0.00471014 0.00595238 -0.00752033
internal_weight=2136 1602 1314 1277 288 1058 534 276 126 219 258 138 84 123
internal_count=2136 1602 1314 1277 288 1058 534 276 126 219 258 138 84 123
is_linear=0
shrinkage=0.05


Tree=49
num_leaves=15
num_cat=0
split_feature=0 5 0 23 6 23 0 23 9 23 23 1 23 0
split_gain=18.1321 8.24526 7.37126 7.05718 7.63872 6.87067 5.50777 5.06172 4.99116 3.70495 3.68927 2.91279 2.51774 2.26578
threshold=24.405000000000005 420.44500000000005 28.010000000000002 0.94975093725139803 30.380000000000006 0.98663965293901656 20.295000000000005 0.39825772665344078 0.24500000000000002 0.86545531305655499 0.41397665785662119 72.38000000000001 0.30163443639916493 22.435000000000006
decision_type=2 2 2 2 2 2 2 2 2 2 2 2 2 2
left_child=1 9 3 4 11 -5 -3 -8 -7 -1 -4 -2 -6 -11
right_child=2 6 10 5 12 8 7 -9 -10 13 -12 -13 -14 -15
leaf_value=0.046785058053792031 0.0031898558209518093 0.076316783476357425 -0.0027539500602137505 -0.047939612899301723 -0.0026533096355874312 -0.028888985465976447 0.012418114381645463 -0.00075019665011226704 0.0042910475734834197 0.030165182874058658 -0.095002054168943237 -0.0044692572323853817 -0.046304269154976499 -0.00080317755459213347
leaf_weight=178 591 31 25 116 29 23 201 512 67 18 67 146 74 58
leaf_count=178 591 31 25 116 29 23 201 512 67 18 67 146 74 58
internal_value=0.000491573 0.00541082 -0.0038225 -0.00262906 -0.000595238 -0.0109223 0.00275538 0.00185835 -0.000555556 0.013189 -0.0173913 0.00118725 -0.0133495 0.00394737
internal_weight=2136 998 1138 1046 840 206 744 713 90 254 92 737 103 76
internal_count=2136 998 1138 1046 840 206 744 713 90 254 92 737 103 76
is_linear=0
shrinkage=0.05


Tree=50
num_leaves=15
num_cat=0
split_feature=0 6 0 22 22 22 0 6 4 4 1 0 6 4
split_gain=16.9982 8.88348 6.26713 5.88259 5.79432 5.50562 4.6395 4.48073 4.01603 3.64404 2.86832 2.8148 2.76038 2.24069
threshold=25.365000000000006 14.790000000000001 21.015000000000004 0.89546819317495652 0.53038584004487344 0.69287764045535594 22.315000000000001 30.380000000000006 28.445000000000004 30.505000000000003 72.38000000000001 22.860000000000003 13.005000000000001 22.215000000000003
decision_type=2 2 2 2 2 2 2 2 2 2 2 2 2 2
left_child=1 3 13 6 8 -4 -1 9 -2 10 -6 -7 -8 -3
right_child=4 2 5 -5 7 11 12 -9 -10 -11 -12 -13 -14 -15
leaf_value=0.056468032797839768 -0.016162237840686267 0.063857179326035962 -0.0065296006823593496 0.052161691229757237 0.0023541755097906403 0.016576633906758852 0.014268090803189377 -0.053111199290871096 -0.059320378987234926 -0.056700668131176982 -0.0055143357374595661 0.0013379546218689087 -0.0033773783517184242 0.0040457563539183948
leaf_weight=42 137 45 482 108 306 117 100 59 77 29 96 422 99 17
leaf_count=42 137 45 482 108 306 117 100 59 77 29 96 422 99 17
internal_value=0.000608614 0.00373603 0.00150046 0.0106734 -0.00575284 0.000563173 0.0063278 -0.0027551 -0.0126168 -0.000986079 0.000248756 0.00403525 0.0031407 0.0169355
internal_weight=2136 1432 1083 349 704 1021 241 490 214 431 402 539 199 62
internal_count=2136 1432 1083 349 704 1021 241 490 214 431 402 539 199 62
is_linear=0
shrinkage=0.05


Tree=51
num_leaves=15
num_cat=0
split_feature=5 22 22 5 8 22 22 22 9 22 1 1 22 22
split_gain=11.8876 7.22754 5.20962 4.74194 3.9494 5.94639 5.44444 4.01903 3.50116 2.34253 2.10972 2.07228 2.00238 1.70248
threshold=420.44500000000005 0.91723323322845218 0.89546819317495652 380.89500000000004 17.745000000000005 0.31288844364721724 0.14569472580964501 0.8713187725699193 0.37500000000000006 0.24684749415872467 72.90000000000002 62.790000000000006 0.48595098096596934 0.97186771644114334
decision_type=2 2 2 2 2 2 2 2 2 2 2 2 2 2
left_child=2 4 3 -1 5 6 -2 -7 13 -6 -10 -5 -11 -3
right_child=1 8 -4 11 9 7 -8 -9 10 12 -12 -13 -14 -15
leaf_value=-0.0028190275317994842 0.00061746282575871894 0.021751399051914165 0.03173048390929957 0.0054060772434629369 0.0022284181617665544 0.0012982421117715638 -0.032235722123840717 -0.014997345177664302 7.5670885323375631e-05 -0.05379989289950704 -0.010139279884192831 0.019146419498620438 -0.025099867470316783 0.0056600223423417364
leaf_weight=186 90 120 162 69 36 645 150 90 124 45 20 117 114 168
leaf_count=186 90 120 162 69 36 645 150 90 124 45 20 117 114 168
internal_value=0.000561798 -0.00159176 0.00702247 0.00376344 -0.00363248 -0.00233333 -0.00916667 -0.000102041 0.00393519 -0.0101282 -0.00243056 0.0094086 -0.0127358 0.00711806
internal_weight=2136 1602 534 372 1170 975 240 735 432 195 144 186 159 288
internal_count=2136 1602 534 372 1170 975 240 735 432 195 144 186 159 288
is_linear=0
shrinkage=0.05


Tree=52
num_leaves=15
num_cat=0
split_feature=0 0 5 22 22 8 0 22 22 22 9 20 8 0
split_gain=17.4447 8.58567 5.11177 5.96304 5.00411 4.45012 4.13448 3.95082 3.7369 3.15507 2.97302 2.95326 2.95001 2.91005
threshold=22.860000000000003 26.475000000000005 452.54500000000002 0.89546819317495652 0.7522548710148802 17.745000000000005 21.015000000000004 0.44022217077093501 0.16269055358644466 0.31288844364721724 0.36000000000000004 16775.780000000002 17.745000000000005 28.485000000000003
decision_type=2 2 2 2 2 2 2 2 2 2 2 2 2 2
left_child=4 2 3 8 6 7 -1 -3 -2 10 -4 -8 -11 -9
right_child=1 5 9 -5 -6 -7 11 13 -10 12 -12 -13 -14 -15
leaf_value=0.051922035566928239 0.01318741682282859 -0.048742539610736317 -0.026675967859266625 0.019674664877389673 0.041542088743726752 -0.092367370587510017 -0.0019739691579413439 -0.0015851693849920634 -0.0015631564935464804 0.00056723022035405364 -0.0026813683900094309 0.012035922995973197 -0.010633090359243914 -0.036433292823819442
leaf_weight=52 37 74 70 150 175 38 133 184 326 579 87 44 142 45
leaf_count=52 37 74 70 150 175 38 133 184 326 579 87 44 142 45
internal_value=0.000421348 -0.00176097 -1.79727e-05 0.00394737 0.00977723 -0.00887097 0.00491266 -0.00684818 0.000482094 -0.00233485 -0.00875796 0.00127119 -0.0009362 -0.00360262
internal_weight=2136 1732 1391 513 404 341 229 303 363 878 157 177 721 229
internal_count=2136 1732 1391 513 404 341 229 303 363 878 157 177 721 229
is_linear=0
shrinkage=0.05


Tree=53
num_leaves=15
num_cat=0
split_feature=0 0 22 13 5 22 22 22 0 4 22 4 13 7
split_gain=14.9698 7.74842 5.54151 4.77965 4.74779 5.49842 4.48717 3.66885 3.26064 3.11036 3.06662 3.94372 3.22502 2.96877
threshold=22.860000000000003 26.475000000000005 0.7522548710148802 0.72000000000000008 452.54500000000002 0.89546819317495652 0.44022217077093501 0.16269055358644466 20.940000000000001 30.505000000000003 0.31288844364721724 25.375000000000004 0.48000000000000004 49.140000000000008
decision_type=2 2 2 2 2 2 2 2 2 2 2 2 2 2
left_child=2 4 8 6 5 7 -3 -2 -1 -8 12 -12 -6 -10
right_child=1 3 -4 -5 10 -7 9 -9 13 -11 11 -13 -14 -15
leaf_value=0.055237206092825092 0.012528045981687162 -0.046305412630199494 0.039464984306540413 -0.087749002058134504 -0.025342169466303299 0.018690931633520189 -0.001439077248295706 -0.0014849986688691545 0.024585889512738802 -0.05885906169259985 -0.0056957639637348571 0.0018847377580212378 -0.0025472999705089538 -0.00092910982800351602
leaf_weight=48 37 74 175 38 70 150 197 326 22 32 237 484 87 159
leaf_count=48 37 74 175 38 70 150 197 326 22 32 237 484 87 159
internal_value=0.000491573 -0.00153002 0.00915842 -0.00828446 0.000125809 0.00394737 -0.00618812 0.000619835 0.0040393 -0.00272926 -0.00210706 -0.000728155 -0.00843949 0.000966851
internal_weight=2136 1732 404 341 1391 513 303 363 229 229 878 721 157 181
internal_count=2136 1732 404 341 1391 513 303 363 229 229 878 721 157 181
is_linear=0
shrinkage=0.05


Tree=54
num_leaves=15
num_cat=0
split_feature=0 0 23 5 5 23 6 4 6 4 23 0 4 0
split_gain=13.4297 8.22806 7.23282 5.87354 4.98694 4.9677 4.67549 4.27069 4.04568 3.51234 3.39003 2.62327 2.47614 2.05932
threshold=25.365000000000006 22.065000000000001 0.39825772665344078 452.54500000000002 568.63000000000011 0.84771273534009206 13.005000000000001 28.445000000000004 30.380000000000006 23.495000000000001 0.81922450700169669 29.915000000000003 26.885000000000002 26.475000000000005
decision_type=2 2 2 2 2 2 2 2 2 2 2 2 2 2
left_child=1 4 3 -3 -1 8 -4 12 10 -8 11 -2 -7 -10
right_child=5 2 6 -5 -6 7 9 -9 13 -11 -12 -13 -14 -15
leaf_value=0.056261665330072722 -0.0019488962633173791 0.038176259481042862 0.013335709357257881 0.0017112020258879036 0.005456775316071946 -0.025013456505647725 -0.013166344907254402 -0.052141667065402644 -0.010810352854558447 -0.00029295745701476419 0.015796961858261679 -0.084719032996297711 -0.00060135783037628125 -0.081332486218072209
leaf_weight=114 394 126 106 215 100 65 168 77 32 603 25 11.999999999999998 72 27
leaf_count=114 394 126 106 215 100 65 168 77 32 603 25 12 72 27
internal_value=0.000327715 0.00310754 0.00151888 0.00769795 0.0121495 -0.0053267 -0.000883694 -0.0116822 -0.00255102 -0.00223735 -0.00087007 -0.00197044 -0.00638686 -0.0148305
internal_weight=2136 1432 1218 341 214 704 877 214 490 771 431 406 137 59
internal_count=2136 1432 1218 341 214 704 877 214 490 771 431 406 137 59
is_linear=0
shrinkage=0.05


Tree=55
num_leaves=15
num_cat=0
split_feature=5 22 6 22 22 22 22 5 22 1 11 22 22 22
split_gain=10.1475 6.53669 4.13088 4.02421 5.56217 3.81203 3.66676 5.23188 2.93965 2.64946 3.71395 2.28758 2.85948 1.89185
threshold=420.44500000000005 0.93655593853549179 30.380000000000006 0.31288844364721724 0.16269055358644466 0.94805520968785773 0.74081089433267733 380.89500000000004 0.8713187725699193 70.555000000000021 -0.99724999999999986 0.24684749415872467 0.90299113182541202 0.31288844364721724
decision_type=2 2 2 2 2 2 2 2 2 2 2 2 2 2
left_child=6 2 3 4 -2 -3 7 -1 -5 10 -7 -4 -13 -9
right_child=1 5 11 8 -6 9 -8 13 -10 -11 -12 12 -14 -15
leaf_value=-0.0042653890308765778 0.00084517550544331859 0.04382190659364818 0.0023930785445548833 0.0010730627074556855 -0.032876163118263114 0.017164964243705207 0.021012193665223014 0.00066916269100953394 -0.0098246909420485647 -0.0051924129438647888 0.00039928336957684998 -0.03298531018383271 0.0059398342726507238 0.017182340819003442
leaf_weight=138 105 36 36 645 135 80 258 48 135 80 182 153 14.999999999999998 90
leaf_count=138 105 36 36 645 135 80 258 48 135 80 182 153 15 90
internal_value=0.000210674 -0.00177903 -0.00355392 -0.0022549 -0.00791667 0.00396825 0.00617978 0.00217391 -0.000512821 0.00233918 0.00477099 -0.010049 -0.0125 0.00905797
internal_weight=2136 1602 1224 1020 240 378 534 276 780 342 262 204 168 138
internal_count=2136 1602 1224 1020 240 378 534 276 780 342 262 204 168 138
is_linear=0
shrinkage=0.05


Tree=56
num_leaves=15
num_cat=0
split_feature=4 6 4 23 4 4 23 23 23 23 6 4 23 23
split_gain=9.34029 10.2858 9.93789 5.37328 4.97403 4.67589 4.35966 4.14861 3.84768 3.42663 3.39554 2.77101 2.0208 1.99974
threshold=26.345000000000002 30.380000000000006 22.215000000000003 0.84771273534009206 24.425000000000004 28.445000000000004 0.36647099799968202 0.61913436964878354 0.96901616890815878 0.31798952869803615 13.005000000000001 30.505000000000003 0.563679860499117 0.81922450700169669
decision_type=2 2 2 2 2 2 2 2 2 2 2 2 2 2
left_child=1 2 -1 11 7 -5 9 12 -9 -4 -8 13 -3 -2
right_child=3 4 6 5 -6 -7 10 8 -10 -11 -12 -13 -14 -15
leaf_value=0.063558719246485137 -0.0013428473237442008 0.00045358518861579047 0.013247783156542216 -0.0092178740221397389 -0.047573749536549831 -0.048150332449179524 0.016557983630445562 -0.023447554653540582 0.011128570829717278 0.0416078551061735 -2.9232301096460136e-05 -0.049367556566257111 0.038789043066262789 0.015237217916534807
leaf_weight=95 482 81 213 176 44 77 127 95 28 35 615 29 10.999999999999998 28
leaf_count=95 482 81 213 176 44 77 127 95 28 35 615 29 11 28
internal_value=0.000140449 0.00267857 0.00481567 -0.00416667 -0.00627413 -0.0101779 0.00333333 -0.00313953 -0.00914634 0.00907258 0.00141509 -0.00134508 0.0048913 -0.000490196
internal_weight=2136 1344 1085 792 259 253 990 215 123 248 742 539 92 510
internal_count=2136 1344 1085 792 259 253 990 215 123 248 742 539 92 510
is_linear=0
shrinkage=0.05


Tree=57
num_leaves=15
num_cat=0
split_feature=0 6 0 0 0 22 22 9 6 22 22 6 22 22
split_gain=11.9776 6.6191 6.09693 4.51636 3.96903 3.89118 7.02187 6.34688 4.37136 3.37374 3.30432 3.20988 3.14273 2.5547
threshold=24.405000000000005 14.790000000000001 27.680000000000003 20.295000000000005 22.315000000000001 0.31288844364721724 0.16269055358644466 0.24500000000000002 24.295000000000005 0.28003368959032676 0.91723323322845218 13.005000000000001 0.89546819317495652 0.96319629568591714
decision_type=2 2 2 2 2 2 2 2 2 2 2 2 2 2
left_child=1 4 5 -3 -1 6 7 -2 -7 -6 11 -4 -10 -5
right_child=2 3 10 13 9 8 -8 -9 12 -11 -12 -13 -14 -15
leaf_value=0.069012788753030366 -0.020669428997527373 0.060380783284160883 0.00040885883071029028 -0.00027569484711635064 -0.0082750778511321964 0.001306190943829888 -0.038856928372911485 0.0059612113284743147 -0.020003413814356087 0.015730084448923289 -0.012885363538164031 -0.086895090137664527 0.00059488235047409086 0.015349185708615954
leaf_weight=67 23 31 15.999999999999998 594 24 618 115 66 122 163 37 65 76 119
leaf_count=67 23 31 16 594 24 618 115 66 122 163 37 65 76 119
internal_value=-0.000140449 0.00385772 -0.00364675 0.00147849 0.0108268 -0.00240196 -0.00857843 0.00196629 -0.000857843 0.00708556 -0.0144068 -0.0200617 -0.00732323 0.000666199
internal_weight=2136 998 1138 744 254 1020 204 89 816 187 118 81 198 713
internal_count=2136 998 1138 744 254 1020 204 89 816 187 118 81 198 713
is_linear=0
shrinkage=0.05


Tree=58
num_leaves=15
num_cat=0
split_feature=0 0 6 4 5 22 5 22 4 6 0 0 22 22
split_gain=11.0845 6.765 4.43094 4.17633 3.96987 5.73154 3.71493 3.37326 3.83974 2.83568 2.7914 2.28916 2.25936 2.1713
threshold=25.365000000000006 22.065000000000001 30.380000000000006 30.505000000000003 452.54500000000002 0.91723323322845218 420.44500000000005 0.53038584004487344 28.445000000000004 13.005000000000001 20.295000000000005 26.475000000000005 0.95843238470078729 0.57340843044527534
decision_type=2 2 2 2 2 2 2 2 2 2 2 2 2 2
left_child=1 6 3 7 5 9 -1 8 -2 -3 -8 12 -4 -9
right_child=2 4 11 -5 -6 -7 10 13 -10 -11 -12 -13 -14 -15
leaf_value=0.0718268563768827 -0.0031196719547215701 0.010824503463642471 -0.034354054663062121 -0.082550335630781291 -0.00055399511551934566 0.03318650859569143 0.057361744119952832 0.016598722845046352 -0.037897659399046685 -0.0026182082959415043 0.0049263686738836411 -0.076364935643929086 0.020914080703619845 -0.001050306820862934
leaf_weight=58 113 106 34 45 769 126 31 24 61 217 125 38 10.999999999999998 378
leaf_count=58 113 106 34 45 769 126 31 24 61 217 125 38 11 378
internal_value=2.34082e-05 0.00254888 -0.00511364 -0.00366345 0.00110837 0.0048441 0.0107477 -0.00251736 -0.00833333 0.00131579 0.00673077 -0.0159639 -0.00833333 0
internal_weight=2136 1432 704 621 1218 449 214 576 174 323 156 83 45 402
internal_count=2136 1432 704 621 1218 449 214 576 174 323 156 83 45 402
is_linear=0
shrinkage=0.05


Tree=59
num_leaves=15
num_cat=0
split_feature=0 0 6 22 6 22 6 4 0 22 22 4 6 4
split_gain=10.5162 7.41058 4.51631 3.89078 3.73335 3.37703 3.29534 3.21381 2.7914 2.44317 4.60816 2.36437 2.30287 1.97341
threshold=22.065000000000001 26.545000000000005 30.380000000000006 0.53038584004487344 14.790000000000001 0.89546819317495652 14.790000000000001 25.895000000000003 20.295000000000005 0.9884946951290402 0.99653827729370248 28.025000000000002 13.005000000000001 31.285000000000004
decision_type=2 2 2 2 2 2 2 2 2 2 2 2 2 2
left_child=6 4 3 11 5 12 -1 -7 -8 -6 -11 -3 -2 -5
right_child=1 2 -4 13 9 7 8 -9 -10 10 -12 -13 -14 -15
leaf_value=0.068235513558038557 0.010572386849772838 -0.0097823097745465271 -0.073074952587425954 -0.0015137179853728089 -0.0018628038556923522 0.03173761182089789 0.054493656913955184 -0.0039574954717568672 0.0046800502401894593 0.037045769387251397 -0.0019051306039705063 -0.053708047268019504 -0.0036893427403083437 -0.083400201513680994
leaf_weight=58 135 27 35 194 1071 90 31 26 125 59 75 58 139 12.999999999999998
leaf_count=58 135 27 35 194 1071 90 31 26 125 59 75 58 139 13
internal_value=0 -0.00117066 -0.00802752 -0.00599315 0.00023511 0.00448718 0.010514 0.0116379 0.00673077 -0.00114108 0.00522388 -0.015 0.00145985 -0.00229469
internal_weight=2136 1922 327 292 1595 390 214 116 156 1205 134 85 274 207
internal_count=2136 1922 327 292 1595 390 214 116 156 1205 134 85 274 207
is_linear=0
shrinkage=0.05


Tree=60
num_leaves=15
num_cat=0
split_feature=0 0 23 6 23 23 23 9 6 23 4 1 20 0
split_gain=10.0999 6.76431 3.7124 4.25226 3.61055 3.3985 8.83882 4.16151 3.65535 3.45714 3.04193 3.01985 2.88684 2.44619
threshold=22.065000000000001 26.545000000000005 0.41397665785662119 13.005000000000001 0.84771273534009206 0.94975093725139803 0.98663965293901656 0.24500000000000002 30.380000000000006 0.61913436964878354 22.785000000000004 72.675000000000026 15014.405000000001 27.935000000000006
decision_type=2 2 2 2 2 2 2 2 2 2 2 2 2 2
left_child=4 5 12 -4 10 8 -7 -8 -2 -10 -1 -6 -3 -5
right_child=1 2 3 13 11 6 7 -9 9 -11 -12 -13 -14 -15
leaf_value=0.057295836928189119 0.0025279458187968552 0.012501372412234719 0.0027805843726714133 -0.022160407040169396 -0.0011279161519473502 -0.025083056364988532 -0.016488363020357943 0.009494854012988321 0.0010107324578321642 -0.02425274246357402 0.0080147648350355621 0.051154718274334487 -0.014079841455163535 -0.079999180324352936
leaf_weight=94 1130 65 33 133 68 177 30 86 92 80 40 11.999999999999998 36 60
leaf_count=94 1130 65 33 133 68 177 30 86 92 80 40 12 36 60
internal_value=-2.34082e-05 -0.00117066 -0.00772171 -0.0112832 0.0102804 0.000172414 -0.00469283 0.00603448 0.00126728 -0.00552326 0.0152985 0.001875 0.000247525 -0.0141192
internal_weight=2136 1922 327 226 214 1595 293 116 1302 172 134 80 101 193
internal_count=2136 1922 327 226 214 1595 293 116 1302 172 134 80 101 193
is_linear=0
shrinkage=0.05


Tree=61
num_leaves=15
num_cat=0
split_feature=0 0 22 5 4 22 6 22 5 5 22 22 4 0
split_gain=9.73691 6.71069 3.63034 3.45368 3.26531 3.26246 3.82513 2.46883 4.17241 2.49268 2.1952 4.19948 1.97341 1.90092
threshold=22.065000000000001 26.545000000000005 0.69287764045535594 420.44500000000005 22.785000000000004 0.53038584004487344 30.380000000000006 0.89546819317495652 380.89500000000004 380.89500000000004 0.9884946951290402 0.99653827729370248 31.285000000000004 27.300000000000001
decision_type=2 2 2 2 2 2 2 2 2 2 2 2 2 2
left_child=2 3 -1 7 -4 13 12 9 -9 -2 -5 -12 -7 -3
right_child=1 5 4 10 -6 6 -8 8 -10 -11 11 -13 -14 -15
leaf_value=0.0045555348637103255 -0.0029056185109099133 -0.019892922893221466 0.058875967186684613 -0.0018148000681908361 0.0095175462651381632 -0.00081731536340621256 -0.068258015098789399 0.041890159919366995 0.0021787965503520801 0.0099270830648781963 0.035067083626948985 -0.0018604106966635837 -0.075230232421779286 -0.06185665830094076
leaf_weight=114 139 49 66 1071 34 194 25 58 58 135 59 75 12.999999999999998 46
leaf_count=114 139 49 66 1071 34 194 25 58 58 135 59 75 13 46
internal_value=-7.02247e-05 -0.00119667 0.0100467 0.000141066 0.017 -0.00772171 -0.00452586 0.00423077 0.0103448 0.00164234 -0.00118257 0.00485075 -0.00229469 -0.0155263
internal_weight=2136 1922 214 1595 100 327 232 390 116 274 1205 134 207 95
internal_count=2136 1922 214 1595 100 327 232 390 116 274 1205 134 207 95
is_linear=0
shrinkage=0.05


Tree=62
num_leaves=15
num_cat=0
split_feature=5 4 4 22 22 22 6 9 4 22 22 4 22 5
split_gain=7.48455 5.81839 4.54444 4.06341 3.28659 5.43784 4.58569 4.48386 3.83555 3.22673 2.11679 1.81496 1.53202 2.26664
threshold=420.44500000000005 24.245000000000001 30.175000000000004 0.53038584004487344 0.31288844364721724 0.16269055358644466 30.380000000000006 0.24500000000000002 21.810000000000006 0.78523795966413312 0.91723323322845218 26.555000000000003 0.74081089433267733 380.89500000000004
decision_type=2 2 2 2 2 2 2 2 2 2 2 2 2 2
left_child=1 3 4 -1 5 7 8 -2 -6 -8 -4 -7 -3 -14
right_child=2 12 10 -5 6 11 9 -9 -10 -11 -12 -13 13 -15
leaf_value=0.0010452630447302603 -0.013805270268812465 -0.0016086849712668716 -0.073682842726100622 0.036995057981219451 0.054706182207651936 -0.017874698512349574 -0.027461708245351282 0.007424124179408409 0.00075631449916591662 -0.00029324679103606146 -0.00024953741173194821 -0.040207496530718867 0.020941500568923965 -0.00087126990573815346
leaf_weight=56 41 184 42 131 31 105 102 80 1010 117 19 55 73 90
leaf_count=56 41 184 42 131 31 105 102 80 1010 117 19 55 73 90
internal_value=-7.02247e-05 0.00505618 -0.00177903 0.0121658 -0.00124919 -0.00613879 -0.00015873 0.0018595 0.00122478 -0.00673516 -0.0151639 -0.0121875 0.00122478 0.0047546
internal_weight=2136 534 1602 187 1541 281 1260 121 1041 219 61 160 347 163
internal_count=2136 534 1602 187 1541 281 1260 121 1041 219 61 160 347 163
is_linear=0
shrinkage=0.05


Tree=63
num_leaves=15
num_cat=0
split_feature=0 0 5 22 0 0 5 0 22 5 1 22 22 22
split_gain=9.23569 5.99538 3.9873 3.97403 3.88153 3.55291 2.93744 2.73716 2.50924 2.2296 2.04052 2.02222 1.8516 2.60122
threshold=25.365000000000006 20.295000000000005 420.44500000000005 0.53038584004487344 22.315000000000001 27.300000000000001 739.99000000000012 29.915000000000003 0.57340843044527534 420.44500000000005 62.790000000000006 0.094468741652255758 0.31288844364721724 0.2965049369093406
decision_type=2 2 2 2 2 2 2 2 2 2 2 2 2 2
left_child=1 -1 4 5 -3 6 11 8 -5 -10 -6 -2 13 -4
right_child=3 2 12 7 10 -7 -8 -9 9 -11 -12 -13 -14 -15
leaf_value=0.06512887472563432 0.012183424762882833 0.038302396801405528 -0.0033293754882109117 0.014159472488900255 -0.0011503095052288416 -0.058683391137330392 -0.03421239901040618 -0.078853561523806848 0.0041813768258700318 -0.004554942765267622 0.010802279277503102 -0.0055705151176976388 0.0011179327427264629 -0.054561651336825369
leaf_weight=40 11.999999999999998 58 188 26 112 46 51 17 116 331 170 105 850 13.999999999999998
leaf_count=40 12 58 188 26 112 46 51 17 116 331 170 105 850 14
internal_value=-0.000140449 0.0021648 0.00161638 -0.00482955 0.00632353 -0.010514 -0.00714286 -0.00234694 -0.00163848 -0.00251678 0.00390071 -0.00277778 9.5057e-05 -0.00420792
internal_weight=2136 1432 1392 704 340 214 168 490 473 447 282 117 1052 202
internal_count=2136 1432 1392 704 340 214 168 490 473 447 282 117 1052 202
is_linear=0
shrinkage=0.05


Tree=64
num_leaves=15
num_cat=0
split_feature=5 4 4 22 22 9 8 4 4 22 5 22 22 22
split_gain=5.51561 4.61323 4.14537 3.07347 5.5161 3.9622 3.88121 3.81431 3.15721 2.75338 2.89351 2.52282 2.30782 2.09495
threshold=420.44500000000005 23.170000000000005 30.175000000000004 0.31288844364721724 0.16269055358644466 0.24500000000000002 17.745000000000005 21.810000000000006 24.455000000000002 0.74081089433267733 380.89500000000004 0.53038584004487344 0.6547626423706755 0.81613017994572579
decision_type=2 2 2 2 2 2 2 2 2 2 2 2 2 2
left_child=1 11 3 4 5 -2 7 -5 -8 10 12 -1 -3 -11
right_child=2 9 -4 6 -6 -7 8 -9 -10 13 -12 -13 -14 -15
leaf_value=0.0065302443383518987 -0.012948537980961294 -0.003600130216522013 -0.052309496684223869 0.048714429360987625 -0.024407302972201353 0.0071577905129735836 -0.0032129137096774674 0.00081632196768980378 -0.040937264510370032 0.016777835395921994 0.0053335764541721986 0.058681336229831349 -0.028173954620828043 0.0070757052566896017
leaf_weight=28 41 95 61 31 160 80 179 1010 40 34 118 66 15.999999999999998 177
leaf_count=28 41 95 61 31 160 80 179 1010 40 34 118 66 16 177
internal_value=-9.3633e-05 0.00430712 -0.00156055 -0.00105451 -0.00578292 0.00227273 0 0.00127281 -0.00605023 0.00215909 -0.00163755 0.0143617 -0.00743243 0.00627962
internal_weight=2136 534 1602 1541 281 121 1260 1041 219 440 229 94 111 211
internal_count=2136 534 1602 1541 281 121 1260 1041 219 440 229 94 111 211
is_linear=0
shrinkage=0.05


Tree=65
num_leaves=15
num_cat=0
split_feature=0 0 22 22 5 6 1 11 22 4 5 0 9 22
split_gain=8.02106 5.47294 4.28446 4.08634 5.28483 4.68157 3.64675 3.42467 3.20954 2.57085 2.2575 2.04781 1.63333 1.26473
threshold=22.065000000000001 27.435000000000006 0.51572537064332258 0.9239481815140983 380.89500000000004 13.005000000000001 72.675000000000026 -0.99724999999999986 0.74081089433267733 22.785000000000004 420.44500000000005 26.545000000000005 0.37500000000000006 0.69287764045535594
decision_type=2 2 2 2 2 2 2 2 2 2 2 2 2 2
left_child=2 3 6 5 -5 -2 -1 -6 -3 13 -10 -7 -12 -4
right_child=1 8 9 4 7 11 -8 -9 10 -11 12 -13 -14 -15
leaf_value=-0.0025958246282086431 0.0089921645250066306 -0.050682548694625185 0.026223314035003109 0.041882340440861081 0.01471372819946295 -0.0018638669829874278 0.047154993782580507 -0.00079718534500536483 0.0067219199938551195 0.0071276711045834638 -0.0032651267049189584 -0.020734663718765312 -0.029256753814718574 0.052001905729794143
leaf_weight=65 158 71 31 57 118 1035 11.999999999999998 288 21 40 40 114 20 66
leaf_count=65 158 71 31 57 118 1035 12 288 21 40 40 114 20 66
internal_value=-7.02247e-05 -0.00109261 0.00911215 -0.000310734 0.0037257 -0.00174063 -0.000324675 0.00172414 -0.0101974 0.0144161 -0.00339506 -0.0028503 -0.00833333 0.0188144
internal_weight=2136 1922 214 1770 463 1307 77 406 152 137 81 1149 60 97
internal_count=2136 1922 214 1770 463 1307 77 406 152 137 81 1149 60 97
is_linear=0
shrinkage=0.05


Tree=66
num_leaves=15
num_cat=0
split_feature=0 0 22 22 1 22 22 6 9 4 22 22 22 22
split_gain=7.85831 5.08362 4.28446 3.64926 3.64675 3.47493 8.65804 4.1285 3.56186 2.57085 2.3591 2.08308 1.82506 1.26473
threshold=22.065000000000001 28.630000000000006 0.51572537064332258 0.98575081589502089 72.675000000000026 0.31288844364721724 0.16269055358644466 30.380000000000006 0.24500000000000002 22.785000000000004 0.78523795966413312 0.9884946951290402 0.2965049369093406 0.69287764045535594
decision_type=2 2 2 2 2 2 2 2 2 2 2 2 2 2
left_child=2 5 4 -3 -1 6 8 11 -2 13 -9 -7 -8 -4
right_child=1 3 9 -5 -6 7 12 10 -10 -11 -12 -13 -14 -15
leaf_value=-0.0024660333967982118 -0.012948071421297192 -0.069761281178674084 0.024912148333252948 0.0017567994211495021 0.044797244093451483 0.00077283893036803053 -0.02132322034143468 -0.026669658681417654 0.0070107190590863906 0.0067712875493542886 -0.00013397613588641554 0.013833060878536885 -0.060865499373235869 0.049401810443304439
leaf_weight=65 33 53 31 10.999999999999998 11.999999999999998 1150 177 90 106 40 105 174 23 66
leaf_count=65 33 53 31 11 12 1150 177 90 106 40 105 174 23 66
internal_value=2.34082e-05 -0.000988554 0.00911215 -0.0148438 -0.000324675 -0.000511302 -0.0050885 0.000510204 0.0044964 0.0144161 -0.00628205 0.00151057 -0.01175 0.0188144
internal_weight=2136 1922 214 64 77 1858 339 1519 139 137 195 1324 200 97
internal_count=2136 1922 214 64 77 1858 339 1519 139 137 195 1324 200 97
is_linear=0
shrinkage=0.05


Tree=67
num_leaves=15
num_cat=0
split_feature=0 0 23 23 1 8 23 23 5 4 23 23 0 1
split_gain=7.22545 5.04551 3.87065 3.64926 3.64675 3.33577 3.8357 6.94147 2.8398 2.65581 2.17668 1.92926 1.55653 1.21621
threshold=22.065000000000001 28.630000000000006 0.85671078145001467 0.18492372395086379 72.675000000000026 17.745000000000005 0.94975093725139803 0.98929220549296726 452.54500000000002 24.785000000000004 0.15101078994440373 0.61913436964878354 20.295000000000005 60.475000000000001
decision_type=2 2 2 2 2 2 2 2 2 2 2 2 2 2
left_child=2 5 8 -3 -4 6 10 -8 -1 11 -2 -7 -10 -14
right_child=1 3 4 -5 -6 9 7 -9 12 -11 -12 -13 13 -15
leaf_value=0.051721088437762755 0.013141407834610042 0.0016689594500920225 -0.0023427317269583028 -0.066273217119740394 0.04255738188877891 0.0011839264550118857 -0.021489188781574645 0.0054902494112542451 0.042275949757884027 -0.051848777429745523 0.00073419698384962211 -0.01715088282556896 -0.0083279925289525547 0.0074197881278024128
leaf_weight=61 174 10.999999999999998 65 53 11.999999999999998 91 193 103 14.999999999999998 30 1150 117 10.999999999999998 50
leaf_count=61 174 11 65 53 12 91 193 103 15 30 1150 117 11 50
internal_value=-7.02247e-05 -0.00104058 0.00864486 -0.0148438 -0.000324675 -0.000565124 0.000246914 -0.00489865 0.0136861 -0.00609244 0.00139728 -0.00408654 0.00723684 0.00368852
internal_weight=2136 1922 214 64 77 1858 1620 296 137 238 1324 208 76 61
internal_count=2136 1922 214 64 77 1858 1620 296 137 238 1324 208 76 61
is_linear=0
shrinkage=0.05


Tree=68
num_leaves=15
num_cat=0
split_feature=0 0 7 22 0 0 22 7 22 22 1 22 5 4
split_gain=6.64182 5.31808 3.92112 4.71582 5.48437 3.24645 2.69395 2.61037 2.3472 2.33874 2.26392 2.21776 1.69487 1.23299
threshold=25.365000000000006 20.295000000000005 68.540000000000006 0.72914769978834015 22.575000000000003 29.360000000000003 0.53038584004487344 49.140000000000008 0.16269055358644466 0.57340843044527534 71.945000000000007 0.36146417736073544 420.44500000000005 28.165000000000003
decision_type=2 2 2 2 2 2 2 2 2 2 2 2 2 2
left_child=1 -1 3 7 -5 6 8 -3 -2 -8 13 -10 -11 -4
right_child=5 2 10 4 -6 -7 9 -9 11 12 -12 -13 -14 -15
leaf_value=0.057068748588028129 0.00090526738679199694 0.0087592021818500704 -0.0018959839313423669 0.03947986458401237 0.008793330759263215 -0.084913170933619525 0.020361466874421953 -0.0022584198884046309 -0.034139564708518713 0.0038965553755342611 0.010095450552074777 -0.0048641637889229039 -0.0028944867855068891 0.006429240681092175
leaf_weight=40 54 87 572 58 277 30 26 276 73 115 112 76 330 9.9999999999999982
leaf_count=40 54 87 572 58 277 30 26 276 73 115 112 76 330 10
internal_value=7.02247e-05 0.00202514 0.00150862 0.00415473 0.00843284 -0.00390625 -0.00318991 0.000206612 -0.00800493 -0.00111465 -0.00115274 -0.0112416 -0.00196629 -0.0024055
internal_weight=2136 1432 1392 698 335 704 674 363 203 471 694 149 445 582
internal_count=2136 1432 1392 698 335 704 674 363 203 471 694 149 445 582
is_linear=0
shrinkage=0.05


Tree=69
num_leaves=15
num_cat=0
split_feature=0 0 5 0 0 23 23 23 10 23 23 23 23 23
split_gain=6.85438 5.17294 3.73997 3.33567 3.3111 2.53581 2.2979 2.20791 2.56513 2.10385 2.04274 1.76119 1.41803 3.13608
threshold=25.275000000000002 20.295000000000005 420.44500000000005 29.360000000000003 22.315000000000001 0.84771273534009206 0.81922450700169669 0.98663965293901656 -0.013599999999999998 0.93234632485081093 0.44504239796885176 0.86545531305655499 0.18492372395086379 0.23537026727555119
decision_type=2 2 2 2 2 2 2 2 2 2 2 2 2 2
left_child=1 -1 4 5 11 6 -2 9 -9 -7 -6 -3 -4 -14
right_child=3 2 12 -5 10 7 -8 8 -10 -11 -12 -13 13 -15
leaf_value=0.054215311158626725 -0.0017076492733440391 0.040073641756266501 0.010561226590754419 -0.080667512386938547 0.022250147415123867 -0.0042800553600919498 0.019343393530700848 0.0064242406861533263 -0.013131854331194327 -0.03126721805838064 0.0011759551532616792 0.0060445882309679705 -0.018595566747741921 0.00014503818278859272
leaf_weight=40 470 42 122 30 78 79 26 37 21 80 192 15.999999999999998 38 865
leaf_count=40 470 42 122 30 78 79 26 37 21 80 192 16 38 865
internal_value=0.000210674 0.00227925 0.00175536 -0.00366756 0.00640244 -0.00298036 -0.00100806 -0.00748848 0.000862069 -0.0105346 0.00407407 0.0172414 0.000268293 -0.000415282
internal_weight=2136 1393 1353 743 328 713 496 217 58 159 270 58 1025 903
internal_count=2136 1393 1353 743 328 713 496 217 58 159 270 58 1025 903
is_linear=0
shrinkage=0.05


Tree=70
num_leaves=15
num_cat=0
split_feature=0 5 0 0 22 22 5 22 22 22 6 4 22 0
split_gain=6.46121 5.0337 5.34713 4.02771 2.63906 1.86876 3.68273 2.21566 1.81059 3.00171 2.27207 1.59893 1.55265 1.10938
threshold=20.295000000000005 420.44500000000005 27.005000000000006 22.315000000000001 0.91723323322845218 0.74081089433267733 380.89500000000004 0.81613017994572579 0.31288844364721724 0.16269055358644466 30.380000000000006 28.245000000000001 0.53038584004487344 28.375000000000004
decision_type=2 2 2 2 2 2 2 2 2 2 2 2 2 2
left_child=-1 3 8 12 13 6 -5 -7 9 -3 -10 -6 -2 -4
right_child=1 2 4 5 11 7 -8 -9 10 -11 -12 -13 -14 -15
leaf_value=0.051504545600695395 0.0057423588194195742 0.0017608110620513152 -0.027255319991387663 -0.0063707331053445507 -0.028477542486172583 0.018003482887451818 0.005340111437767886 0.0059107838393867027 0.0012074570770711725 -0.016442368472868198 -0.0046836222107316866 0.0017009342213723634 0.038069959668453182 -0.065554494880912015
leaf_weight=40 15.999999999999998 112 60 123 15.999999999999998 37 121 186 950 153 193 45 42 42
leaf_count=40 16 112 60 123 16 37 121 186 950 153 193 45 42 42
internal_value=9.3633e-05 -0.00028626 -0.00170274 0.00395238 -0.0102761 0.00240899 -0.000614754 0.00571749 -0.000710227 -0.00443396 0.000153106 -0.00204918 0.0163793 -0.0151961
internal_weight=2136 2096 1571 525 163 467 244 223 1408 265 1143 61 58 102
internal_count=2136 2096 1571 525 163 467 244 223 1408 265 1143 61 58 102
is_linear=0
shrinkage=0.05


Tree=71
num_leaves=15
num_cat=0
split_feature=0 5 0 0 22 1 6 4 22 1 22 0 22 22
split_gain=6.46121 5.0337 5.29136 3.61011 2.86097 2.62564 2.26762 2.35556 2.26326 1.79991 2.97323 1.99214 0.6 0.559466
threshold=20.295000000000005 420.44500000000005 29.360000000000003 22.860000000000003 0.64166506163122816 63.540000000000006 30.380000000000006 24.785000000000004 0.31288844364721724 62.790000000000006 0.98271523713537257 25.825000000000003 0.61490419508004501 0.89546819317495652
decision_type=2 2 2 2 2 2 2 2 2 2 2 2 2 2
left_child=12 3 6 4 5 -2 8 -8 -3 10 -5 -11 -1 -6
right_child=1 2 -4 9 13 -7 7 -9 -10 11 -12 -13 -14 -15
leaf_value=0.021790832307440167 0.019077840396221946 -0.0062270947700861726 -0.08358646325652036 -0.0053525033464997436 0.019247978818110825 -0.0030111177530021574 -0.0044494411001950954 -0.049548259685287956 0.00052472362806676998 0.010501310761458377 0.019165356822295733 -0.0015846957295656328 0.066804572728828712 0.042757890099511892
leaf_weight=15.999999999999998 14.999999999999998 232 24 142 27 24 227 31 1057 166 26 91 24 34
leaf_count=16 15 232 24 142 27 24 227 31 1057 166 26 91 24 34
internal_value=9.3633e-05 -0.00028626 -0.00170274 0.00395238 0.0125 0.00192308 -0.00134131 -0.00562016 -0.000484872 0.00194118 -0.00208333 0.00457198 0.02 0.0192623
internal_weight=2136 2096 1571 525 100 39 1547 258 1289 425 168 257 40 61
internal_count=2136 2096 1571 525 100 39 1547 258 1289 425 168 257 40 61
is_linear=0
shrinkage=0.05


Tree=72
num_leaves=15
num_cat=0
split_feature=4 7 4 22 6 6 6 4 22 22 22 22 22 22
split_gain=4.54566 3.84203 6.43768 5.20407 4.58686 4.15681 1.67727 3.13484 2.76824 3.96886 1.79259 1.76406 1.61729 0.833333
threshold=30.915000000000003 68.540000000000006 21.745000000000001 0.9239481815140983 13.005000000000001 13.005000000000001 30.380000000000006 24.825000000000003 0.99653827729370248 0.9884946951290402 0.99879288126755872 0.78523795966413312 0.45560143098769151 0.85392600138668617
decision_type=2 2 2 2 2 2 2 2 2 2 2 2 2 2
left_child=1 2 12 4 -4 -5 8 11 9 -3 -10 -8 -1 -2
right_child=13 6 3 5 -6 -7 7 -9 10 -11 -12 -13 -14 -15
leaf_value=0.016836264711934119 -0.083809475732677302 -0.00036171431489289145 0.0077958237532620217 -0.0035716766836563774 -0.0020917489890108776 0.018878263403090512 -0.013509578696522563 -0.053348232185817412 -0.019387146656204352 0.031350465648487841 -0.0036320203324280323 0.0012100991009300179 0.059852909892084263 -0.011793842897649244
leaf_weight=10.999999999999998 20 695 192 65 554 198 131 35 18 35 27 101 42 11.999999999999998
leaf_count=11 20 695 192 65 554 198 131 35 18 35 27 101 42 12
internal_value=-4.68165e-05 0.000237643 0.00235405 0.00146184 -0.000670241 0.00750951 -0.00191939 -0.00533708 -0.000741935 0 -0.0127778 -0.00323276 0.0193396 -0.01875
internal_weight=2136 2104 1062 1009 746 263 1042 267 775 730 45 232 53 32
internal_count=2136 2104 1062 1009 746 263 1042 267 775 730 45 232 53 32
is_linear=0
shrinkage=0.05


Tree=73
num_leaves=15
num_cat=0
split_feature=4 6 4 22 22 4 4 22 22 22 22 22 4 4
split_gain=4.51158 3.45704 6.65272 3.65655 6.37602 3.21957 1.77342 1.61425 2.67316 2.53343 0.96375 0.833333 0.280619 0.147436
threshold=30.915000000000003 30.380000000000006 21.565000000000001 0.31288844364721724 0.14569472580964501 24.825000000000003 25.715000000000003 0.78523795966413312 0.82594856731250699 0.24684749415872467 0.51572537064332258 0.85392600138668617 25.375000000000004 21.005000000000006
decision_type=2 2 2 2 2 2 2 2 2 2 2 2 2 2
left_child=1 2 10 4 -4 7 -5 9 -9 -3 -1 -2 -7 -12
right_child=11 5 3 6 -6 12 -8 8 -10 -11 13 -13 -14 -15
leaf_value=0.017033299135749764 -0.079619001946043419 0.012284568585427614 0.004403904768944744 0.0051566265948215229 -0.017241752888851103 -0.029960075163675451 -5.2337252792894477e-05 0.038968615223871829 -0.00016791609412289966 -0.018918421555021787 0.068522472443456758 -0.011204150752766774 -0.057743042311110715 0.031991995173082446
leaf_weight=13.999999999999998 20 33 121 675 206 12.999999999999998 782 10.999999999999998 90 98 23 11.999999999999998 22 15.999999999999998
leaf_count=14 20 33 121 675 206 13 782 11 90 98 23 12 22 16
internal_value=-0.000117041 0.00016635 0.000939031 0.000420404 -0.0043578 -0.00514981 0.00149279 -0.00301724 0.00173267 -0.00667939 0.0183962 -0.01875 -0.0192857 0.0224359
internal_weight=2136 2104 1837 1784 327 267 1457 232 101 131 53 32 35 39
internal_count=2136 2104 1837 1784 327 267 1457 232 101 131 53 32 35 39
is_linear=0
shrinkage=0.05


Tree=74
num_leaves=14
num_cat=0
split_feature=0 0 5 0 22 6 0 22 1 22 22 6 23
split_gain=6.53741 5.02283 3.27348 2.82741 2.64939 1.78263 2.25841 1.7418 1.27351 1.1254 0.6 0.215873 0.369748
threshold=20.295000000000005 28.750000000000004 420.44500000000005 22.435000000000006 0.98575081589502089 30.380000000000006 26.545000000000005 0.31288844364721724 62.790000000000006 0.64166506163122816 0.61490419508004501 24.295000000000005 0.89014232404703397
decision_type=2 2 2 2 2 2 2 2 2 2 2 2 2
left_child=10 2 3 9 11 7 -7 -4 -5 -2 -1 12 -3
right_child=1 4 5 8 -6 6 -8 -9 -10 -11 -12 -13 -14
leaf_value=0.015569750907983805 0.014138796478353789 -0.020209858990296415 -0.0052486031534706885 -0.0013134006168991743 0.0079211358176795033 -0.0038974709384542619 -0.041516282976177134 0.00039241219852855782 0.0046884703554297674 0.036834709544678872 0.059431832452136818 -0.12612421654410638 -0.068079079314929389
leaf_weight=15.999999999999998 25 17.000000000000004 232 175 10.999999999999998 228 29 1036 276 39 24 17 10.999999999999998
leaf_count=16 25 17 232 175 11 228 29 1036 276 39 24 17 11
internal_value=-2.34082e-05 -0.000405534 0 0.0034466 -0.0151786 -0.00116393 -0.00496109 -0.000394322 0.002051 0.0132813 0.02 -0.0205556 -0.0178571
internal_weight=2136 2096 2040 515 56 1525 257 1268 451 64 40 45 28
internal_count=2136 2096 2040 515 56 1525 257 1268 451 64 40 45 28
is_linear=0
shrinkage=0.05


Tree=75
num_leaves=15
num_cat=0
split_feature=0 0 5 0 0 4 2 1 1 4 4 8 0 1
split_gain=5.77537 5.00662 2.78638 3.00397 1.63672 2.73889 1.66324 1.4042 1.23758 1.21108 0.729167 0.481667 0.0615385 0.06
threshold=20.295000000000005 28.750000000000004 420.44500000000005 22.825000000000003 25.365000000000006 26.665000000000003 2.9900000000000007 62.790000000000006 63.540000000000006 30.915000000000003 30.175000000000004 11.040000000000001 29.360000000000003 61.070000000000007
decision_type=2 2 2 2 2 2 2 2 2 2 2 2 2 2
left_child=11 2 3 8 6 -6 -4 -5 -2 10 -3 13 -11 -1
right_child=1 9 4 7 5 -7 -8 -9 -10 12 -12 -13 -14 -15
leaf_value=0.071675756002511526 0.017913725657672686 -0.037588533120014901 -0.0002153463449854065 -0.0028495709423536353 -0.011904827920520495 -0.0011749021132299586 0.0068309279395169509 0.0047660032051290106 0.015258934795949756 -0.039938163603855492 0.0034157821996506077 0.020978655876244725 -0.06000962329834001 0.062124757198677077
leaf_weight=10.000000000000002 41 16.000000000000004 1012 165 123 350 40 253 56 10.000000000000002 13.999999999999998 14.999999999999998 15.999999999999998 14.999999999999998
leaf_count=10 41 16 1012 165 123 350 40 253 56 10 14 15 16 15
internal_value=-7.02247e-05 -0.000429389 -2.45098e-05 0.00315534 -0.00109836 -0.00354123 0 0.00131579 0.0110825 -0.0151786 -0.00833333 0.01875 -0.0230769 0.023
internal_weight=2136 2096 2040 515 1525 473 1052 418 97 56 30 40 26 25
internal_count=2136 2096 2040 515 1525 473 1052 418 97 56 30 40 26 25
is_linear=0
shrinkage=0.05


Tree=76
num_leaves=15
num_cat=0
split_feature=4 6 4 4 22 22 2 22 22 22 22 22 4 4
split_gain=4.55704 3.83397 6.5494 3.13484 2.76335 5.83513 1.95231 1.42984 2.78812 2.53343 0.96375 0.833333 0.280619 0.147436
threshold=30.915000000000003 30.380000000000006 21.565000000000001 24.825000000000003 0.31288844364721724 0.16269055358644466 1.0000000180025095e-35 0.78523795966413312 0.82594856731250699 0.24684749415872467 0.51572537064332258 0.85392600138668617 25.375000000000004 21.005000000000006
decision_type=2 2 2 2 2 2 2 2 2 2 2 2 2 2
left_child=1 2 10 7 5 -4 -6 9 -9 -3 -1 -2 -5 -12
right_child=11 3 4 12 6 -7 -8 8 -10 -11 13 -13 -14 -15
leaf_value=0.014137095243661291 -0.067782488287348369 0.011875981020328209 0.0030348615292867648 -0.025791015860656821 0.000851608990316824 -0.023197408259127486 0.0082801983239647828 0.037225825326850218 -0.00018303385125975903 -0.018473879659815229 0.059018519338743226 -0.0078380304632581273 -0.052184834650720324 0.029019257888030971
leaf_weight=13.999999999999998 20 33 141 12.999999999999998 1334 186 123 10.999999999999998 90 98 23 11.999999999999998 22 15.999999999999998
leaf_count=14 20 33 141 13 1334 186 123 11 90 98 23 12 22 16
internal_value=-2.34082e-05 0.000261407 0.00107512 -0.00533708 0.000560538 -0.00359327 0.00149279 -0.00323276 0.00123762 -0.00667939 0.0183962 -0.01875 -0.0192857 0.0224359
internal_weight=2136 2104 1837 267 1784 327 1457 232 101 131 53 32 35 39
internal_count=2136 2104 1837 267 1784 327 1457 232 101 131 53 32 35 39
is_linear=0
shrinkage=0.05


Tree=77
num_leaves=15
num_cat=0
split_feature=4 6 4 4 22 22 22 22 4 22 22 22 22 22
split_gain=4.52293 3.73695 5.91393 2.5993 2.53145 3.99423 3.98524 2.14934 1.63642 1.40119 1.13778 0.833333 0.808936 0.356033
threshold=30.915000000000003 30.380000000000006 21.565000000000001 23.855000000000004 0.98575081589502089 0.99653827729370248 0.97577266019832842 0.95843238470078729 22.995000000000001 0.24684749415872467 0.78523795966413312 0.85392600138668617 0.51572537064332258 0.37744852145085445
decision_type=2 2 2 2 2 2 2 2 2 2 2 2 2 2
left_child=1 2 12 8 6 -6 -4 13 9 -3 -10 -2 -1 -5
right_child=11 3 4 7 5 -7 -8 -9 10 -11 -12 -13 -14 -15
leaf_value=0.013430240481478228 -0.06439336387298096 0.026686028147483054 0.00025350410892054781 -0.028095750234028306 0.032657586240842196 -0.0022127662745731083 -0.011024048246390063 0.0013458763841713408 -0.0048971803792921438 -0.0038033653394591916 0.0097231907019814882 -0.0074461289400952202 0.047732920121752058 -0.043527608357765951
leaf_weight=13.999999999999998 20 20 1518 19 102 103 61 15.999999999999998 25 126 20 11.999999999999998 39 41
leaf_count=14 20 20 1518 19 102 103 61 16 25 126 20 12 39 41
internal_value=-9.3633e-05 0.000190114 0.000993468 -0.00533708 0.000504484 0.00573171 -0.000174161 -0.0131579 -0.00222513 -0.00479452 0.00611111 -0.01875 0.0174528 -0.0175
internal_weight=2136 2104 1837 267 1784 205 1579 76 191 146 45 32 53 60
internal_count=2136 2104 1837 267 1784 205 1579 76 191 146 45 32 53 60
is_linear=0
shrinkage=0.05


Tree=78
num_leaves=15
num_cat=0
split_feature=0 0 23 10 20 23 6 0 23 4 4 10 4 1
split_gain=5.03057 4.18297 2.53577 7.6435 5.27731 4.08812 2.73594 2.43018 1.81377 1.10021 0.727873 0.628205 0.236842 0.0615385
threshold=28.860000000000003 20.495000000000005 0.39825772665344078 -0.43784999999999996 16775.780000000002 0.47558139622940165 16.055000000000003 25.985000000000003 0.41397665785662119 21.745000000000001 25.525000000000002 1.0000000180025095e-35 30.915000000000003 61.070000000000007
decision_type=2 2 2 2 2 2 2 2 2 2 2 2 2 2
left_child=1 9 3 10 7 -6 -5 -4 -2 11 -3 13 -10 -1
right_child=8 2 4 6 5 -7 -8 -9 12 -11 -12 -13 -14 -15
leaf_value=0.046420051083009728 -0.0006163277516042843 0.050800694191840107 -0.0014097998122135859 -0.004942389545202203 -0.016118260405945804 0.0048724263728183621 0.0049419101145758539 -0.014914080801514374 -0.049514516051246196 -0.0026100977685627139 0.01799436092667819 0.0061769536038411401 -0.067281539782414426 0.054468249176909345
leaf_weight=10.000000000000002 13.999999999999998 48 899 137 28 345 342 215 19 9.9999999999999982 21 12.999999999999998 19 15.999999999999998
leaf_count=10 14 48 899 137 28 345 342 215 19 10 21 13 19 16
internal_value=-2.34082e-05 0.000359885 1.2285e-05 0.00291971 -0.00105918 0.00408847 0.000678497 -0.00278276 -0.0153846 0.0147959 0.0184783 0.0185897 -0.0210526 0.0230769
internal_weight=2136 2084 2035 548 1487 373 479 1114 52 49 69 39 38 26
internal_count=2136 2084 2035 548 1487 373 479 1114 52 49 69 39 38 26
is_linear=0
shrinkage=0.05


Tree=79
num_leaves=15
num_cat=0
split_feature=4 6 4 4 4 23 23 23 23 23 23 23 1 4
split_gain=3.81788 3.27769 4.65311 2.67896 2.3612 2.71523 2.16481 1.61425 2.67316 2.53343 1.00446 0.558922 0.345714 0.24
threshold=30.915000000000003 30.380000000000006 21.565000000000001 24.825000000000003 26.335000000000004 0.95995164131966326 0.36647099799968202 0.61913436964878354 0.563679860499117 0.96901616890815878 0.72100388094302625 0.70897861563100306 68.215000000000018 20.845000000000002
decision_type=2 2 2 2 2 2 2 2 2 2 2 2 2 2
left_child=1 2 11 7 6 -6 -4 8 -3 -9 -2 13 -5 -1
right_child=10 3 4 12 5 -7 -8 9 -10 -11 -12 -13 -14 -15
leaf_value=0.092740905167705778 -0.0070430061055102525 -0.00011839532819029886 0.013143289680697612 -0.041598323445606461 -0.00012339870662700925 -0.013506476888911623 0.0005434270886182632 -0.016682217796876599 0.034948864516019328 0.010018370552548306 -0.070142145146675453 0.013057581264059016 -0.051203971135092501 0.040623984067542453
leaf_weight=15.000000000000002 13.999999999999998 90 254 25 644 116 770 98 10.999999999999998 33 18 28 9.9999999999999982 9.9999999999999982
leaf_count=15 14 90 254 25 644 116 770 98 11 33 18 28 10 10
internal_value=-4.68165e-05 0.000213878 0.000966249 -0.00496255 0.000532511 -0.00157895 0.00209961 -0.00301724 0.00173267 -0.00667939 -0.0171875 0.015566 -0.0178571 0.021
internal_weight=2136 2104 1837 267 1784 760 1024 232 101 131 32 53 35 25
internal_count=2136 2104 1837 267 1784 760 1024 232 101 131 32 53 35 25
is_linear=0
shrinkage=0.05


Tree=80
num_leaves=15
num_cat=0
split_feature=0 0 7 22 22 6 1 22 22 7 0 22 1 5
split_gain=4.40614 3.63842 2.51215 3.35106 3.86656 3.82555 1.69895 1.70454 1.69493 1.36058 1.17222 0.668182 0.251852 0.242857
threshold=28.860000000000003 20.495000000000005 68.540000000000006 0.93038971866793763 0.95338485815333007 13.005000000000001 71.945000000000007 0.17963823861099873 0.90299113182541202 68.540000000000006 26.705000000000002 0.62837760187664593 58.430000000000007 679.98000000000013
decision_type=2 2 2 2 2 2 2 2 2 2 2 2 2 2
left_child=1 9 3 5 -5 -3 10 -8 13 12 -4 -11 -1 -2
right_child=8 2 6 4 -6 -7 7 -9 -10 11 -12 -13 -14 -15
leaf_value=0.025157604498511191 -0.036064565562877182 0.0069749583963998113 -0.0015255500560130031 0.03388673291922175 0.0086363795791089999 -0.0017123350980428498 0.023558628569681786 0.0016393605313177796 -0.0031641556202255841 -0.0048303843967906664 -0.018506742534400412 0.024935731873906609 0.050304655843670054 -0.09898812693747723
leaf_weight=10.000000000000002 18 196 743 47 205 569 11.999999999999998 169 17 10.000000000000002 94 11.999999999999998 17 17
leaf_count=10 18 196 743 47 205 569 12 169 17 10 94 12 17 17
internal_value=-4.68165e-05 0.0003119 -1.2285e-05 0.00174533 0.00674603 9.80392e-05 -0.00176817 0.00262431 -0.0144231 0.0137755 -0.00271804 0.00454545 0.0212963 -0.0207143
internal_weight=2136 2084 2035 1017 252 765 1018 181 52 49 837 22 27 35
internal_count=2136 2084 2035 1017 252 765 1018 181 52 49 837 22 27 35
is_linear=0
shrinkage=0.05


Tree=81
num_leaves=14
num_cat=0
split_feature=0 0 22 22 22 22 5 20 22 22 5 22 4
split_gain=4.46373 3.06005 1.96695 3.79579 5.43876 3.29775 5.42601 2.43148 1.69493 1.45775 1.06319 0.735294 0.242857
threshold=28.860000000000003 20.495000000000005 0.98575081589502089 0.97186771644114334 0.96319629568591714 0.99310419374700554 380.89500000000004 16775.780000000002 0.90299113182541202 0.9884946951290402 679.98000000000013 0.66766646831012755 30.915000000000003
decision_type=2 2 2 2 2 2 2 2 2 2 2 2 2
left_child=1 10 3 4 -3 9 -7 -5 12 -4 11 -1 -2
right_child=8 2 5 7 -6 6 -8 -9 -10 -11 -12 -13 -14
leaf_value=0.01020058986771142 -0.050917634353276231 -0.00019392574948726428 0.00039402438239857231 -0.0059681153260486043 0.0258537863188418 0.048828129811048983 -0.0036186066721645375 -0.011802370425498461 -0.003005947839214285 0.035178581858097857 0.0015021701189266825 0.072545081920958945 -0.067910313895849492
leaf_weight=17 18 1671 20 65 48 20 142 22 17 47 14.999999999999998 17 17
leaf_count=17 18 1671 20 65 48 20 142 22 17 47 15 17 17
internal_value=4.68165e-05 0.000407869 0.000110565 -0.000442968 7.27167e-05 0.00447598 0.000617284 -0.0106322 -0.0144231 0.013806 0.0127551 0.0176471 -0.0207143
internal_weight=2136 2084 2035 1806 1719 229 162 87 52 67 49 34 35
internal_count=2136 2084 2035 1806 1719 229 162 87 52 67 49 34 35
is_linear=0
shrinkage=0.05


Tree=82
num_leaves=14
num_cat=0
split_feature=0 0 23 23 5 23 23 20 23 23 5 23 4
split_gain=4.52168 3.01267 1.87938 3.29775 5.42601 3.06136 5.4007 2.06614 1.69493 1.45775 1.06319 0.735294 0.242857
threshold=28.860000000000003 20.495000000000005 0.16799211273207912 0.1169191230723063 380.89500000000004 0.23537026727555119 0.26866134250169732 16775.780000000002 0.46038001402560286 0.15101078994440373 679.98000000000013 0.76693674423623703 30.915000000000003
decision_type=2 2 2 2 2 2 2 2 2 2 2 2 2
left_child=1 10 3 4 -3 7 -7 -4 -2 -5 11 -1 -10
right_child=8 2 5 9 -6 6 -8 -9 12 -11 -12 -13 -14
leaf_value=0.068917827824911002 -0.0028556504472535774 0.046386723320496537 -0.0056697095597461732 0.033419652765192966 -0.003437676338556306 0.024561097002899712 -0.00018422946201289981 -0.011212251904223539 -0.0483717526356124 0.00037432316327864481 0.0014270616129803517 0.0096905603743258524 -0.06451479820105703
leaf_weight=17 17 20 65 47 142 48 1671 22 18 20 14.999999999999998 17 17
leaf_count=17 17 20 65 47 142 48 1671 22 18 20 15 17 17
internal_value=0.000140449 0.000503839 0.000208845 0.00447598 0.000617284 -0.000332226 0.00013089 -0.00948276 -0.0144231 0.013806 0.0127551 0.0176471 -0.0207143
internal_weight=2136 2084 2035 229 162 1806 1719 87 52 67 49 34 35
internal_count=2136 2084 2035 229 162 1806 1719 87 52 67 49 34 35
is_linear=0
shrinkage=0.05


Tree=83
num_leaves=14
num_cat=0
split_feature=0 0 22 22 10 6 22 10 1 6 6 6 22
split_gain=3.45722 3.04964 1.84645 4.51468 4.14578 3.68007 1.92214 1.8398 1.10501 1.06122 0.952381 0.5 0.513986
threshold=29.360000000000003 20.495000000000005 0.93655593853549179 0.94805520968785773 -0.43784999999999996 13.005000000000001 0.16269055358644466 1.0000000180025095e-35 69.825000000000003 14.790000000000001 16.460000000000004 24.295000000000005 0.62837760187664593
decision_type=2 2 2 2 2 2 2 2 2 2 2 2 2
left_child=1 9 5 7 -5 8 -7 -4 -3 -1 -2 12 -11
right_child=10 2 3 4 -6 6 -8 -9 -10 11 -12 -13 -14
leaf_value=0.078515481629843509 -0.018869130385406874 0.003241251195244277 0.054951719990898346 0.034013748685795653 -0.00092539502327253502 0.0024615805732362823 -0.0025379361568815596 0.0077547390714483968 0.010281312350083428 0.0062535203522120055 -0.083018615750612715 0.00261352002967247 0.027919938490819463
leaf_weight=12.999999999999998 14.000000000000002 143 30 55 385 140 1231 17 56 13.000000000000002 15.999999999999998 11.999999999999998 10.999999999999998
leaf_count=13 14 143 30 55 385 140 1231 17 56 13 16 12 11
internal_value=0.000187266 0.00042735 0.00013369 0.00282341 0.00125 -0.000700637 -0.0016229 0.0175532 0.00565327 0.0127551 -0.0166667 0.00833333 0.0125
internal_weight=2136 2106 2057 487 440 1570 1371 47 199 49 30 36 24
internal_count=2136 2106 2057 487 440 1570 1371 47 199 49 30 36 24
is_linear=0
shrinkage=0.05


Tree=84
num_leaves=15
num_cat=0
split_feature=0 0 22 7 22 22 22 4 1 1 20 6 4 22
split_gain=3.48609 2.72016 4.38242 2.42047 1.88504 3.53053 5.48902 3.14648 2.4432 1.9041 1.4632 0.952381 0.950095 1.54784
threshold=29.360000000000003 22.715000000000003 0.64166506163122816 62.400000000000006 0.98575081589502089 0.97186771644114334 0.96767518139081532 24.955000000000002 65.50500000000001 64.035000000000011 16775.780000000002 16.460000000000004 21.565000000000001 0.58741554219704073
decision_type=2 2 2 2 2 2 2 2 2 2 2 2 2 2
left_child=1 2 12 -4 5 6 -3 9 -9 -6 -7 -2 -1 -14
right_child=11 4 3 -5 7 10 -8 8 -10 -11 -12 -13 13 -15
leaf_value=0.0062936561698639926 -0.017925673866136527 -0.00092910572446674999 0.030015705168623886 0.0047859662868562696 0.0082217528933994366 -0.0098977158997309092 0.023710277439565643 0.0064733220970911 -0.0066821402439189992 0.025060091417094706 -0.012212244237909176 -0.078867684963082108 -0.00086306228463972764 -0.036654162083776906
leaf_weight=53 14.000000000000002 1435 77 110 35 56 21 77 71 32 21 15.999999999999998 106 11.999999999999998
leaf_count=53 14 1435 77 110 35 56 21 77 71 32 21 16 106 12
internal_value=0.000257491 0.000498575 0.00446927 0.00975936 -0.000314645 -0.00092955 -0.000377747 0.00406977 0 0.0130597 -0.0113636 -0.0166667 -0.00131579 -0.00381356
internal_weight=2136 2106 358 187 1748 1533 1456 215 148 67 77 30 171 118
internal_count=2136 2106 358 187 1748 1533 1456 215 148 67 77 30 171 118
is_linear=0
shrinkage=0.05


Tree=85
num_leaves=15
num_cat=0
split_feature=6 22 22 22 10 10 22 22 22 22 22 22 22 22
split_gain=2.83815 2.43621 3.48821 4.94017 3.9213 3.55556 2.24042 3.16286 1.59401 3.40024 2.20094 1.27725 1.45483 1.16243
threshold=30.380000000000006 0.060169887675273891 0.28003368959032676 0.16269055358644466 -0.013599999999999998 0.65755000000000019 0.2965049369093406 0.31288844364721724 0.78523795966413312 0.82594856731250699 0.24684749415872467 0.72914769978834015 0.66766646831012755 0.90299113182541202
decision_type=2 2 2 2 2 2 2 2 2 2 2 2 2 2
left_child=1 -1 3 4 -3 -5 -4 -8 10 -10 -2 12 -12 -11
right_child=8 2 6 5 -6 -7 7 -9 9 13 11 -13 -14 -15
leaf_value=0.013612098525346606 0.0076065085117793313 0.0078284425800150097 0.027931664009908964 -0.026047522344993274 -0.0063144949818209218 0.010652106516839633 -0.052880981189914515 0.001512747214877397 0.028727348434983369 -0.02955343789886529 -0.022185620562453837 -0.033984310596141092 0.010011154838722636 6.1196855317913195e-06
leaf_weight=21 36 72 21 126 54 21 21 1533 11.999999999999998 27 84 14.999999999999998 14.999999999999998 78
leaf_count=21 36 72 21 126 54 21 21 1533 12 27 84 15 15 78
internal_value=0.000234082 0.000922953 0.000730519 -0.00448718 0.00277778 -0.0107143 0.00163492 0.0014157 -0.00458801 -0.000213675 -0.008 -0.0114035 -0.00934343 -0.00309524
internal_weight=2136 1869 1848 273 126 147 1575 1554 267 117 150 114 99 105
internal_count=2136 1869 1848 273 126 147 1575 1554 267 117 150 114 99 105
is_linear=0
shrinkage=0.05


Tree=86
num_leaves=15
num_cat=0
split_feature=0 22 1 6 7 22 22 22 22 10 22 1 22 22
split_gain=3.56179 2.67793 2.50156 2.68772 2.35043 2.55676 2.93124 3.57574 2.20367 2.38242 1.97711 1.96867 1.95987 1.74429
threshold=25.275000000000002 0.53038584004487344 72.38000000000001 30.380000000000006 68.540000000000006 0.93038971866793763 0.95338485815333007 0.96319629568591714 0.16269055358644466 -0.013599999999999998 0.58741554219704073 71.945000000000007 0.90299113182541202 0.24684749415872467
decision_type=2 2 2 2 2 2 2 2 2 2 2 2 2 2
left_child=4 8 3 10 5 -1 -7 -8 9 -2 -3 -6 -5 -10
right_child=1 2 -4 12 11 6 7 -9 13 -11 -12 -13 -14 -15
leaf_value=0.0019142710032178129 0.0066836239130302569 0.015641629758587947 -0.0051883359600345628 -0.036006225060028284 -0.0015376223029044624 0.037409664275163658 -0.0086030692655611474 0.019535236730836649 -0.027377413926138228 -0.011217199865426242 0.0011558401306565936 0.0082501772369059177 0.00099348838863320141 -0.010707719856778763
leaf_weight=530 39 30 113 29 579 34 19 118 42 23 318 113 25 124
leaf_count=530 39 30 113 29 579 34 19 118 42 23 318 113 25 124
internal_value=7.02247e-05 -0.00272544 -0.000728155 0.0011194 0.00156138 0.003602 0.00891813 0.00565693 -0.00723684 0.000806452 0.00272989 -0.00050578 -0.00925926 -0.010241
internal_weight=2136 743 515 402 1393 701 171 137 228 62 348 692 54 166
internal_count=2136 743 515 402 1393 701 171 137 228 62 348 692 54 166
is_linear=0
shrinkage=0.05


Tree=87
num_leaves=15
num_cat=0
split_feature=0 0 22 7 6 22 22 22 0 3 1 1 0 1
split_gain=2.77276 2.33784 3.55696 2.22965 1.80917 2.2792 2.25826 2.02516 1.55651 1.379 1.37309 1.33439 2.50544 1.77847
threshold=29.360000000000003 22.985000000000003 0.7522548710148802 62.400000000000006 30.380000000000006 0.90299113182541202 0.060169887675273891 0.24684749415872467 25.595000000000002 36.000000000000007 65.645000000000024 72.235000000000014 21.990000000000006 61.635000000000012
decision_type=2 2 2 2 2 2 2 2 2 2 2 2 2 2
left_child=1 2 11 -4 6 8 -3 -8 -6 -5 -7 13 -13 -1
right_child=-2 4 3 9 5 10 7 -9 -10 -11 -12 12 -14 -15
leaf_value=0.0051657246794500128 -0.039994317812902504 0.012495112843283963 0.029530283683202509 -0.003037807865868858 -0.0074588785847434337 -0.0036059151189100471 -0.0049558629621745624 0.0002429012152794563 -0.029407470688677419 0.0145905406038361 0.0037014663175806597 0.020856742344136134 -0.0062296523525712001 -0.0071427322194557831
leaf_weight=75 30 15.999999999999998 80 32 86 32 172 1286 49 83 33 26 19 117
leaf_count=75 30 16 80 32 86 32 172 1286 49 83 33 26 19 117
internal_value=9.3633e-05 0.000308642 0.00358796 0.00858974 -0.000537634 -0.005 6.78426e-05 -0.000137174 -0.0087037 0.00413043 0.00269231 -0.000527426 0.00722222 -0.00234375
internal_weight=2136 2106 432 195 1674 200 1474 1458 135 115 65 237 45 192
internal_count=2136 2106 432 195 1674 200 1474 1458 135 115 65 237 45 192
is_linear=0
shrinkage=0.05


Tree=88
num_leaves=15
num_cat=0
split_feature=4 0 23 5 8 23 1 11 23 3 23 1 23 0
split_gain=2.51969 2.14272 3.3597 1.98062 1.71114 2.1779 1.7515 2.39899 1.40843 1.379 1.13451 1.23256 1.13432 1.11455
threshold=31.440000000000001 22.985000000000003 0.65881608208381881 452.54500000000002 17.745000000000005 0.61913436964878354 73.695000000000007 -0.98919999999999997 0.69674355214024553 36.000000000000007 0.98663965293901656 60.705000000000005 0.94975093725139803 27.365000000000006
decision_type=2 2 2 2 2 2 2 2 2 2 2 2 2 2
left_child=1 2 3 -1 6 13 12 -8 -7 -5 11 -4 -3 -6
right_child=-2 4 10 9 5 8 7 -9 -10 -11 -12 -13 -14 -15
leaf_value=0.028053769499042383 -0.050069684304084427 0.0011047235672877133 0.0051965243812309271 -0.0028859174725754167 0.00079855298009423592 -0.033535382886746401 -0.0097708855713895884 -0.00017345400444048755 -0.015900590573694331 0.013861013573644297 0.0044505400803210504 -0.0050409700598028073 -0.0030324077916015994 -0.030785301637463916
leaf_weight=80 20 1039 55 32 85 12.999999999999998 63 139 97 83 46 136 238 9.9999999999999982
leaf_count=80 20 1039 55 32 85 13 63 139 97 83 46 136 238 10
internal_value=0.000163858 0.000330813 0.00347222 0.00833333 -0.000475059 -0.0047561 0.000118323 -0.00420792 -0.00954545 0.00413043 -0.000527426 -0.00222513 0.000802662 0.000789474
internal_weight=2136 2116 432 195 1684 205 1479 202 110 115 237 191 1277 95
internal_count=2136 2116 432 195 1684 205 1479 202 110 115 237 191 1277 95
is_linear=0
shrinkage=0.05


Tree=89
num_leaves=15
num_cat=0
split_feature=0 22 0 7 4 22 22 6 11 22 1 22 22 4
split_gain=2.45306 2.96356 1.87356 1.71302 2.31699 2.35133 2.20478 2.75823 1.6431 1.43494 1.39774 1.30849 1.93687 1.55061
threshold=25.635000000000002 0.55923163791368669 28.110000000000003 68.540000000000006 22.435000000000006 0.70517752626968588 0.9884946951290402 13.005000000000001 -0.98919999999999997 0.95338485815333007 75.565000000000012 0.99653827729370248 0.99879288126755872 25.425000000000004
decision_type=2 2 2 2 2 2 2 2 2 2 2 2 2 2
left_child=3 2 -2 4 5 -1 9 -8 -3 -6 -10 13 -13 -5
right_child=1 8 -4 11 6 -7 7 -9 10 -11 -12 12 -14 -15
leaf_value=0.0064419398201213066 -0.0058049532977807244 -0.0040355092985411914 -0.039423256229361714 -0.0016657232936266087 0.0018394589516828293 0.035898223436244762 -0.008760301094452555 0.021556631125811018 0.0026697388413402523 -0.0040150191432406944 -0.0071103049873147365 -0.016286709807322188 0.0026266380137706298 0.0014187782225868585
leaf_weight=50 162 148 24 383 544 42 17 54 225 66 36 17 24 344
leaf_count=50 162 148 24 383 544 42 17 54 225 66 36 17 24 344
internal_value=0.000163858 -0.00256303 -0.0077957 0.00121674 0.0028784 0.0103261 0.00187225 0.0102113 -0.000183374 0.000901639 0.00220307 -0.000455729 -0.00914634 3.43879e-05
internal_weight=2136 595 186 1541 773 92 681 71 409 610 261 768 41 727
internal_count=2136 595 186 1541 773 92 681 71 409 610 261 768 41 727
is_linear=0
shrinkage=0.05


Tree=90
num_leaves=15
num_cat=0
split_feature=22 20 0 0 5 20 22 22 5 22 4 22 22 22
split_gain=2.4434 5.02446 4.27545 3.85513 2.52062 2.36836 2.2173 4.28816 2.77465 1.9376 3.43241 2.98276 1.76191 2.62117
threshold=0.74081089433267733 16775.780000000002 22.575000000000003 28.110000000000003 679.98000000000013 15014.405000000001 0.16269055358644466 0.28003368959032676 842.19500000000005 0.9884946951290402 25.345000000000002 0.97577266019832842 0.87962967011031401 0.90299113182541202
decision_type=2 2 2 2 2 2 2 2 2 2 2 2 2 2
left_child=1 3 4 6 -2 9 8 -8 -1 11 -11 -4 -7 -14
right_child=2 -3 5 -5 -6 12 7 -9 -10 10 -12 -13 13 -15
leaf_value=0.0061151012662139072 0.027113994610691996 0.0037255508054426043 0.0027364593193875495 -0.046480056283235795 0.001189770247733435 0.0021283894619830933 -0.022598640818292506 -0.0016523181956351525 -0.014926728818183844 0.020881406915712365 0.0058153584437644736 -0.023246457533710841 -0.030640926840869193 -0.0037090697561114275
leaf_weight=102 78 276 390 36 57 109 125 544 21 33 89 51 20 205
leaf_count=102 78 276 390 36 57 109 125 544 21 33 89 51 20 205
internal_value=0.000140449 -0.00149457 0.00188953 -0.00344203 0.0101852 0.000641026 -0.00271465 -0.00384903 0.00345528 0.00261989 0.00819672 0.0010771 -0.00269461 -0.00522222
internal_weight=2136 1104 1032 828 135 897 792 669 123 563 122 441 334 225
internal_count=2136 1104 1032 828 135 897 792 669 123 563 122 441 334 225
is_linear=0
shrinkage=0.05


Tree=91
num_leaves=15
num_cat=0
split_feature=0 6 23 1 1 4 2 23 1 11 6 0 23 1
split_gain=2.5568 2.47464 2.01374 1.73146 1.78564 1.63087 1.60868 1.67162 1.58202 2.10927 1.59045 2.3344 1.74173 1.42744
threshold=23.275000000000002 13.005000000000001 0.68430231102288386 72.235000000000014 61.440000000000005 31.440000000000001 2.1100000000000003 0.53493525241775031 73.695000000000007 -0.99724999999999986 30.380000000000006 26.155000000000005 0.99815109357002252 82.530000000000015
decision_type=2 2 2 2 2 2 2 2 2 2 2 2 2 2
left_child=1 -1 6 4 -4 8 7 -3 10 -10 12 -12 -2 -11
right_child=5 2 3 -5 -6 -7 -8 -9 9 13 11 -13 -14 -15
leaf_value=0.01115330997786328 0.00030475849040212947 0.0013796995520521495 0.0027232660533404954 0.0092850102495086514 -0.0066365384810836538 -0.043271034463250271 0.021276789228591698 0.013298945290045539 -0.0089979499181112917 -0.0018335627817887556 -0.0017561192259866411 -0.02703307199585472 0.013405757490619653 0.02907072719774665
leaf_weight=72 1180 140 72 37 141 20 9.9999999999999982 62 63 144 127 46 10.999999999999998 10.999999999999998
leaf_count=72 1180 140 72 37 141 20 10 62 63 144 127 46 11 11
internal_value=0.000187266 0.00318352 0.00183983 -0.0012 -0.00293427 -0.000811486 0.00542453 0.00445545 -0.000632111 -0.00458716 0 -0.00447977 0.000650714 -0.00145161
internal_weight=2136 534 462 250 213 1602 212 202 1582 218 1364 173 1191 155
internal_count=2136 534 462 250 213 1602 212 202 1582 218 1364 173 1191 155
is_linear=0
shrinkage=0.05


Tree=92
num_leaves=15
num_cat=0
split_feature=7 4 22 1 22 22 6 22 1 22 22 1 22 20
split_gain=2.29401 3.31094 3.35933 1.93938 1.568 3.0149 1.31313 1.41969 1.29666 1.32192 2.44253 2.26667 2.11134 1.6875
threshold=68.540000000000006 25.145000000000003 0.93038971866793763 73.695000000000007 0.95338485815333007 0.96319629568591714 13.005000000000001 0.93038971866793763 46.290000000000013 0.99653827729370248 0.99879288126755872 59.525000000000006 0.9884946951290402 15014.405000000001
decision_type=2 2 2 2 2 2 2 2 2 2 2 2 2 2
left_child=1 2 -1 -3 -4 -6 -5 -8 -2 12 -11 -12 -10 -14
right_child=8 3 4 6 5 -7 7 -9 9 10 11 -13 13 -15
leaf_value=0.0023568931429370776 -0.010645360931089649 0.00030247117503900517 0.045417615118975158 0.0090844109135251316 -0.0089285928960496138 0.021288584767737918 -0.0085480524222057326 0.0040472581358127003 -0.0012419933709645781 -0.015111620010147859 -0.0091980720761668522 0.0078832973739786406 0.039038485468594411 -0.00065023664800790417
leaf_weight=389 15.999999999999998 460 25 21 14.999999999999998 85 51 22 946 24 9.9999999999999982 24 24 24
leaf_count=389 16 460 25 21 15 85 51 22 946 24 10 24 24 24
internal_value=0.000140449 0.00177903 0.00466926 -0.000902527 0.0118 0.009 -0.00744681 -0.0106164 -0.00149813 -0.00128327 -0.00862069 0 -0.000855131 0.009375
internal_weight=2136 1068 514 554 125 100 94 73 1068 1052 58 34 994 48
internal_count=2136 1068 514 554 125 100 94 73 1068 1052 58 34 994 48
is_linear=0
shrinkage=0.05


Tree=93
num_leaves=15
num_cat=0
split_feature=0 22 5 4 6 22 22 3 1 0 1 1 1 0
split_gain=2.71421 3.04735 1.98062 1.64759 1.45531 1.99054 1.4925 1.379 1.19304 2.50544 1.4836 1.12437 1.83018 1.11455
threshold=22.985000000000003 0.7522548710148802 452.54500000000002 31.440000000000001 30.380000000000006 0.78523795966413312 0.71726873870877716 36.000000000000007 72.235000000000014 21.990000000000006 61.635000000000012 82.530000000000015 81.465000000000018 27.365000000000006
decision_type=2 2 2 2 2 2 2 2 2 2 2 2 2 2
left_child=1 8 -3 4 11 6 -6 -4 10 -10 -1 12 -2 -7
right_child=3 2 7 -5 5 13 -8 -9 9 -11 -12 -13 -14 -15
leaf_value=0.0044432091211311867 1.0636035456368376e-06 0.023644124392508771 -0.0029767101788579007 -0.041045383071539515 -0.013742437209566118 0.0015624084662935189 -0.030349504482240209 0.012357353421909315 0.019551754865461651 -0.0062575734393771707 -0.0063025784293374021 0.02749934618071246 -0.018895632279741115 -0.026425017241418571
leaf_weight=75 1457 80 32 20 97 85 12.999999999999998 83 26 19 117 10.999999999999998 10.999999999999998 9.9999999999999982
leaf_count=75 1457 80 32 20 97 85 13 83 26 19 117 11 11 10
internal_value=0.000163858 0.0037037 0.00833333 -0.000733568 -0.000564133 -0.0045122 -0.00909091 0.00413043 -0.000105485 0.00722222 -0.00182292 -1.69033e-05 -0.00013624 0.000789474
internal_weight=2136 432 195 1704 1684 205 110 115 237 45 192 1479 1468 95
internal_count=2136 432 195 1704 1684 205 110 115 237 45 192 1479 1468 95
is_linear=0
shrinkage=0.05


Tree=94
num_leaves=15
num_cat=0
split_feature=0 22 22 4 22 0 1 11 22 1 4 11 10 0
split_gain=2.10463 2.75795 2.00518 2.41411 1.56126 1.38669 1.21643 1.10434 1.53548 1.31257 0.924874 0.871192 0.849073 1.54371
threshold=25.635000000000002 0.55923163791368669 0.094468741652255758 28.720000000000002 0.58741554219704073 20.090000000000003 82.530000000000015 -0.98919999999999997 0.76347624337813269 75.565000000000012 26.885000000000002 -0.98919999999999997 1.0000000180025095e-35 24.825000000000003
decision_type=2 2 2 2 2 2 2 2 2 2 2 2 2 2
left_child=5 2 -2 10 -3 11 12 8 -6 -9 -4 -1 -7 -14
right_child=1 4 3 -5 7 6 -8 9 -10 -11 -12 -13 13 -15
leaf_value=0.0058173700102646334 0.0045251221417752733 0.011441919094750209 -0.013149513912374601 -0.031862161546388192 -0.021488932602134747 0.0015980349849767151 0.027564400506938147 0.0022050810671574994 -0.0021893879799513185 -0.0067857432758626143 -0.0017910817089939136 0.063202408574269828 -0.0017683445160564665 0.0035554890500727691
leaf_weight=13.000000000000002 18 21 47 59 32 926 11.999999999999998 212 109 35 62 17 430 143
leaf_count=13 18 21 47 59 32 926 12 212 109 35 62 17 430 143
internal_value=4.68165e-05 -0.00247899 -0.00752688 -0.00922619 -0.000183374 0.00102206 0.000810721 -0.000902062 -0.00443262 0.00111336 -0.00481651 0.0116667 0.000683789 -0.00082897
internal_weight=2136 595 186 168 409 1541 1511 388 141 247 109 30 1499 573
internal_count=2136 595 186 168 409 1541 1511 388 141 247 109 30 1499 573
is_linear=0
shrinkage=0.05


Tree=95
num_leaves=15
num_cat=0
split_feature=0 22 22 4 7 0 22 22 4 1 22 4 22 22
split_gain=2.0658 2.67962 2.00537 2.51645 1.52024 1.97367 1.73542 3.63682 3.01474 1.34425 1.40203 1.76768 1.28843 1.23991
threshold=25.635000000000002 0.54488935974326758 0.094468741652255758 28.720000000000002 68.540000000000006 20.940000000000001 0.72914769978834015 0.58741554219704073 24.765000000000004 71.945000000000007 0.99653827729370248 25.715000000000003 0.57340843044527534 0.98575081589502089
decision_type=2 2 2 2 2 2 2 2 2 2 2 2 2 2
left_child=4 2 -2 -4 5 -1 7 -7 -8 10 -6 -12 -3 -14
right_child=1 12 3 -5 9 6 8 -9 -10 -11 11 -13 13 -15
leaf_value=0.029836561449617906 0.004298866034686522 0.019500192673424979 -0.0037134564167334186 -0.031610612690810426 -0.00054482248082986522 0.0020007401291229575 0.014349244070954836 -0.0075331730819841519 -0.00072912821559851799 0.0078989794835533835 -0.00081336647585623098 -0.014089461887779018 -0.0021903624776004149 0.0024788511238050346
leaf_weight=42 18 17 109 56 603 285 193 82 171 129 22 13.999999999999998 318 77
leaf_count=42 18 17 109 56 603 285 193 82 171 129 22 14 318 77
internal_value=2.34082e-05 -0.00247899 -0.00751366 -0.00924242 0.000989617 0.00255498 0.00194938 -0.000476839 0.0043956 -0.000585938 -0.00152582 -0.0111111 -0.000242718 -0.000822785
internal_weight=2136 595 183 165 1541 773 731 367 364 768 639 36 412 395
internal_count=2136 595 183 165 1541 773 731 367 364 768 639 36 412 395
is_linear=0
shrinkage=0.05


Tree=96
num_leaves=15
num_cat=0
split_feature=0 23 0 23 5 23 23 5 23 23 20 4 4 4
split_gain=2.05944 2.75504 1.73202 1.90443 2.73802 1.73075 4.12847 3.29808 2.19403 5.64637 2.01774 1.45864 1.28321 1.19323
threshold=27.855000000000004 0.72100388094302625 22.065000000000001 0.76693674423623703 679.98000000000013 0.15101078994440373 0.082689073440128144 380.89500000000004 0.23537026727555119 0.25205309817207106 2371.8400000000006 25.525000000000002 23.995000000000001 29.055000000000003
decision_type=2 2 2 2 2 2 2 2 2 2 2 2 2 2
left_child=2 13 3 4 -1 6 7 -4 11 -10 -8 -7 -6 -2
right_child=1 -3 5 -5 12 8 10 -9 9 -11 -12 -13 -14 -15
leaf_value=0.026079045572891913 -0.0033596300129190128 -0.028835895005264334 0.015850647709036859 -0.00013693988232338361 -0.0046573756616689081 -0.00069267180481858987 0.059661726790409625 -0.0049009514699253805 0.021286653499245578 -0.00039800753304288785 0.016416975648135514 -0.014873320070862681 0.012326747594055349 0.0021241339429156404
leaf_weight=68 14.999999999999998 45 12.999999999999998 108 24 41 23 91 22 1505 67 58 13.999999999999998 42
leaf_count=68 15 45 13 108 24 41 23 91 22 1505 67 58 14 42
internal_value=7.02247e-05 -0.00686275 0.000417896 0.0046729 0.00943396 -8.24176e-05 0.00438144 -0.00240385 -0.000615006 -0.000147348 0.0122222 -0.00782828 -0.00131579 0.000438596
internal_weight=2136 102 2034 214 106 1820 194 104 1626 1527 90 99 38 57
internal_count=2136 102 2034 214 106 1820 194 104 1626 1527 90 99 38 57
is_linear=0
shrinkage=0.05


Tree=97
num_leaves=15
num_cat=0
split_feature=4 2 1 22 22 9 4 1 6 1 22 2 23 10
split_gain=1.81701 1.70621 2.04371 1.63981 3.98502 3.15637 2.28453 1.45818 1.07729 0.99 0.953077 0.910779 0.8 0.561938
threshold=31.440000000000001 1.0000000180025095e-35 59.235000000000007 0.14569472580964501 0.31288844364721724 0.24500000000000002 28.305000000000003 48.310000000000009 13.005000000000001 63.905000000000008 0.5009122898073749 0.50000000000000011 0.78855491365589059 1.0000000180025095e-35
decision_type=2 2 2 2 2 2 2 2 2 2 2 2 2 2
left_child=1 3 10 5 6 -1 -5 -6 -4 -7 -3 -10 -2 -12
right_child=12 2 8 4 7 9 -8 -9 11 -11 13 -13 -14 -15
leaf_value=-0.0094663735312367943 -0.0058014050932976074 0.0012802040806002336 0.010900648977163264 -0.0081418279986348544 -0.0084172683262307771 0.0088438540218729548 -0.034760130203351204 0.00020553369311484551 0.012216722208998382 0.0043191047320034542 0.027789737716545356 -0.0020765030754717364 -0.055341669179910284 0.0074428407379805387
leaf_weight=33 10.000000000000002 19 13.999999999999998 203 26 45 21 1559 11.999999999999998 55 22 94 9.9999999999999982 12.999999999999998
leaf_count=33 10 19 14 203 26 45 21 1559 12 55 22 94 10 13
internal_value=0 0.000141777 0.00488506 -0.000283213 -0.00067717 0.00507519 -0.00691964 0.000205047 0.00125 0.0095 0.012963 -0.000471698 -0.015 0.0178571
internal_weight=2136 2116 174 1942 1809 133 224 1585 120 100 54 106 20 35
internal_count=2136 2116 174 1942 1809 133 224 1585 120 100 54 106 20 35
is_linear=0
shrinkage=0.05


Tree=98
num_leaves=15
num_cat=0
split_feature=0 22 0 5 0 22 2 22 0 22 9 22 11 22
split_gain=2.20688 2.88479 1.88066 1.4876 1.38669 1.28843 1.22118 2.31273 1.54065 1.27234 3.32816 2.0383 1.12855 1.40208
threshold=25.635000000000002 0.54488935974326758 28.110000000000003 739.99000000000012 20.090000000000003 0.57340843044527534 1.0000000180025095e-35 0.91024686087223017 23.545000000000005 0.16269055358644466 0.24500000000000002 0.19653276579064646 -0.98919999999999997 0.76347624337813269
decision_type=2 2 2 2 2 2 2 2 2 2 2 2 2 2
left_child=4 2 3 -2 -1 -3 9 8 -8 10 -6 -11 13 -7
right_child=1 5 -4 -5 6 12 7 -9 -10 11 -12 -13 -14 -15
leaf_value=0.028713865410946379 -0.0023545425114975373 0.018534806731750165 -0.031413886233230763 -0.023928031740118285 -0.0080490991309110256 -0.016108259987687668 0.0073932322491621072 0.012588935347743753 -0.0078920810013183972 -0.010094331256205891 0.0096432108112198163 0.00013480691149186098 0.0012029336308151215 -0.001960776765077288
leaf_weight=30 115 17 24 44 32 34 31 44 44 32 74 1254 252 109
leaf_count=30 115 17 24 44 32 34 31 44 44 32 74 1254 252 109
internal_value=2.34082e-05 -0.00256303 -0.00778689 -0.00581761 0.00102206 -0.000242718 0.000810721 0.00567227 0.000333333 0.000395115 0.00566038 -3.88802e-05 -0.000822785 -0.00437063
internal_weight=2136 595 183 159 1541 412 1511 119 75 1392 106 1286 395 143
internal_count=2136 595 183 159 1541 412 1511 119 75 1392 106 1286 395 143
is_linear=0
shrinkage=0.05


Tree=99
num_leaves=15
num_cat=0
split_feature=0 22 22 7 0 22 6 22 22 1 2 22 22 22
split_gain=1.87046 2.3689 1.57235 1.52024 1.97367 1.47743 2.33361 1.39128 1.38281 1.34425 1.44576 1.90543 1.32287 1.21394
threshold=25.635000000000002 0.55923163791368669 0.16269055358644466 68.540000000000006 20.940000000000001 0.9884946951290402 13.005000000000001 0.36146417736073544 0.3933211724509133 71.945000000000007 0.77500000000000013 0.99653827729370248 0.16269055358644466 0.57340843044527534
decision_type=2 2 2 2 2 2 2 2 2 2 2 2 2 2
left_child=3 2 -2 4 -1 12 -7 -4 -9 10 11 -5 -6 -3
right_child=1 13 7 9 5 6 -8 8 -10 -11 -12 -13 -14 -15
leaf_value=0.026152698334234573 0.00092652089503637576 0.022220766256664904 -0.023882909912667394 -0.00089711391711799347 0.0084867510213570314 -0.0084200521044152776 0.017899627336669537 0.012379244742686658 -0.0073607812517434206 0.0070293075136328214 0.0016107979266361651 -0.0069963515406130721 0.00022484372695416588 -0.00068769678759575967
leaf_weight=42 51 13.999999999999998 62 560 55 17 54 17 56 129 47 32 605 395
leaf_count=42 51 14 62 560 55 17 54 17 56 129 47 32 605 395
internal_value=7.02247e-05 -0.00231092 -0.00698925 0.000989617 0.00255498 0.00194938 0.00880282 -0.00981481 -0.00513699 -0.000585938 -0.00152582 -0.00219595 0.00121212 -0.000183374
internal_weight=2136 595 186 1541 773 731 71 135 73 768 639 592 660 409
internal_count=2136 595 186 1541 773 731 71 135 73 768 639 592 660 409
is_linear=0
shrinkage=0.05


end of trees

feature_importances:
day_of_year_sin=377
forecast_temperature=252
b2_temperature=222
day_of_year_cos=140
elevation_std=126
elevation_mean=108
forecast_humidity=58
elevation_range=32
slope_std=15
slope_mean=12
aspect_sin=10
aspect_cos=10
distance_to_nearest_water=10
month=9
forecast_rainfall=7
lead_time_hours=5
tri_std=3

parameters:
[boosting: gbdt]
[objective: quantile]
[metric: quantile]
[tree_learner: serial]
[device_type: cpu]
[data_sample_strategy: bagging]
[data: ]
[valid: ]
[num_iterations: 100]
[learning_rate: 0.05]
[num_leaves: 15]
[num_threads: 8]
[seed: 42]
[deterministic: 0]
[force_col_wise: 0]
[force_row_wise: 0]
[histogram_pool_size: -1]
[max_depth: 5]
[min_data_in_leaf: 10]
[min_sum_hessian_in_leaf: 0.001]
[bagging_fraction: 0.8]
[pos_bagging_fraction: 1]
[neg_bagging_fraction: 1]
[bagging_freq: 0]
[bagging_seed: 400]
[bagging_by_query: 0]
[feature_fraction: 0.8]
[feature_fraction_bynode: 1]
[feature_fraction_seed: 30056]
[extra_trees: 0]
[extra_seed: 12879]
[early_stopping_round: 0]
[early_stopping_min_delta: 0]
[first_metric_only: 0]
[max_delta_step: 0]
[lambda_l1: 0]
[lambda_l2: 0]
[linear_lambda: 0]
[min_gain_to_split: 0]
[drop_rate: 0.1]
[max_drop: 50]
[skip_drop: 0.5]
[xgboost_dart_mode: 0]
[uniform_drop: 0]
[drop_seed: 17869]
[top_rate: 0.2]
[other_rate: 0.1]
[min_data_per_group: 100]
[max_cat_threshold: 32]
[cat_l2: 10]
[cat_smooth: 10]
[max_cat_to_onehot: 4]
[top_k: 20]
[monotone_constraints: ]
[monotone_constraints_method: basic]
[monotone_penalty: 0]
[feature_contri: ]
[forcedsplits_filename: ]
[refit_decay_rate: 0.9]
[cegb_tradeoff: 1]
[cegb_penalty_split: 0]
[cegb_penalty_feature_lazy: ]
[cegb_penalty_feature_coupled: ]
[path_smooth: 0]
[interaction_constraints: ]
[verbosity: -1]
[saved_feature_importance_type: 0]
[use_quantized_grad: 0]
[num_grad_quant_bins: 4]
[quant_train_renew_leaf: 0]
[stochastic_rounding: 1]
[linear_tree: 0]
[max_bin: 255]
[max_bin_by_feature: ]
[min_data_in_bin: 3]
[bin_construct_sample_cnt: 200000]
[data_random_seed: 175]
[is_enable_sparse: 1]
[enable_bundle: 1]
[use_missing: 1]
[zero_as_missing: 0]
[feature_pre_filter: 1]
[pre_partition: 0]
[two_round: 0]
[header: 0]
[label_column: ]
[weight_column: ]
[group_column: ]
[ignore_column: ]
[categorical_feature: ]
[forcedbins_filename: ]
[precise_float_parser: 0]
[parser_config_file: ]
[objective_seed: 16083]
[num_class: 1]
[is_unbalance: 0]
[scale_pos_weight: 1]
[sigmoid: 1]
[boost_from_average: 1]
[reg_sqrt: 0]
[alpha: 0.5]
[fair_c: 1]
[poisson_max_delta_step: 0.7]
[tweedie_variance_power: 1.5]
[lambdarank_truncation_level: 30]
[lambdarank_norm: 1]
[label_gain: ]
[lambdarank_position_bias_regularization: 0]
[eval_at: ]
[multi_error_top_k: 1]
[auc_mu_weights: ]
[num_machines: 1]
[local_listen_port: 12400]
[time_out: 120]
[machine_list_filename: ]
[machines: ]
[gpu_platform_id: -1]
[gpu_device_id: -1]
[gpu_device_id_list: ]
[gpu_use_dp: 0]
[num_gpu: 1]

end of parameters

pandas_categorical:[]
