{
  "type": "FeatureCollection",
  "name": "coimbatore_panchayats",
  "crs": {
    "type": "name",
    "properties": {
      "name": "urn:ogc:def:crs:OGC:1.3:CRS84"
    }
  },
  "features": [
    {
      "type": "Feature",
      "properties": {
        "panchayat_name": "Anaimalai Panchayat 1",
        "panchayat_code": "GP_33_12_0001",
        "block_name": "Anaimalai",
        "district_name": "Coimbatore",
        "state_name": "Tamil Nadu",
        "area_sq_km": 5.57
      },
      "geometry": {
        "type": "Polygon",
        "coordinates": [
          [
            [
              76.962,
              10.58
            ],
            [
              76.956,
              10.590392
            ],
            [
              76.944,
              10.590392
            ],
            [
              76.938,
              10.58
            ],
            [
              76.944,
              10.569608
            ],
            [
              76.956,
              10.569608
            ],
            [
              76.962,
              10.58
            ]
          ]
        ]
      }
    },
    {
      "type": "Feature",
      "properties": {
        "panchayat_name": "Anaimalai Panchayat 2",
        "panchayat_code": "GP_33_12_0002",
        "block_name": "Anaimalai",
        "district_name": "Coimbatore",
        "state_name": "Tamil Nadu",
        "area_sq_km": 17.07
      },
      "geometry": {
        "type": "Polygon",
        "coordinates": [
          [
            [
              76.996677,
              10.600337
            ],
            [
              76.986177,
              10.618523
            ],
            [
              76.965177,
              10.618523
            ],
            [
              76.954677,
              10.600337
            ],
            [
              76.965177,
              10.58215
            ],
            [
              76.986177,
              10.58215
            ],
            [
              76.996677,
              10.600337
            ]
          ]
        ]
      }
    },
    {
      "type": "Feature",
      "properties": {
        "panchayat_name": "Anaimalai Panchayat 3",
        "panchayat_code": "GP_33_12_0003",
        "block_name": "Anaimalai",
        "district_name": "Coimbatore",
        "state_name": "Tamil Nadu",
        "area_sq_km": 12.54
      },
      "geometry": {
        "type": "Polygon",
        "coordinates": [
          [
            [
              77.00153,
              10.639452
            ],
            [
              76.99253,
              10.65504
            ],
            [
              76.97453,
              10.65504
            ],
            [
              76.96553,
              10.639452
            ],
            [
              76.97453,
              10.623863
            ],
            [
              76.99253,
              10.623863
            ],
            [
              77.00153,
              10.639452
            ]
          ]
        ]
      }
    },
    {
      "type": "Feature",
      "properties": {
        "panchayat_name": "Anaimalai Panchayat 4",
        "panchayat_code": "GP_33_12_0004",
        "block_name": "Anaimalai",
        "district_name": "Coimbatore",
        "state_name": "Tamil Nadu",
        "area_sq_km": 8.71
      },
      "geometry": {
        "type": "Polygon",
        "coordinates": [
          [
            [
              76.95118,
              10.599021
            ],
            [
              76.94368,
              10.612012
            ],
            [
              76.92868,
              10.612012
            ],
            [
              76.92118,
              10.599021
            ],
            [
              76.92868,
              10.586031
            ],
            [
              76.94368,
              10.586031
            ],
            [
              76.95118,
              10.599021
            ]
          ]
        ]
      }
    },
    {
      "type": "Feature",
      "properties": {
        "panchayat_name": "Anaimalai Panchayat 5",
        "panchayat_code": "GP_33_12_0005",
        "block_name": "Anaimalai",
        "district_name": "Coimbatore",
        "state_name": "Tamil Nadu",
        "area_sq_km": 5.57
      },
      "geometry": {
        "type": "Polygon",
        "coordinates": [
          [
            [
              76.936774,
              10.629726
            ],
            [
              76.930774,
              10.640118
            ],
            [
              76.918774,
              10.640118
            ],
            [
              76.912774,
              10.629726
            ],
            [
              76.918774,
              10.619334
            ],
            [
              76.930774,
              10.619334
            ],
            [
              76.936774,
              10.629726
            ]
          ]
        ]
      }
    },
    {
      "type": "Feature",
      "properties": {
        "panchayat_name": "Anaimalai Panchayat 6",
        "panchayat_code": "GP_33_12_0006",
        "block_name": "Anaimalai",
        "district_name": "Coimbatore",
        "state_name": "Tamil Nadu",
        "area_sq_km": 17.07
      },
      "geometry": {
        "type": "Polygon",
        "coordinates": [
          [
            [
              76.911,
              10.649282
            ],
            [
              76.9005,
              10.667469
            ],
            [
              76.8795,
              10.667469
            ],
            [
              76.869,
              10.649282
            ],
            [
              76.8795,
              10.631095
            ],
            [
              76.9005,
              10.631095
            ],
            [
              76.911,
              10.649282
            ]
          ]
        ]
      }
    },
    {
      "type": "Feature",
      "properties": {
        "panchayat_name": "Anaimalai Panchayat 7",
        "panchayat_code": "GP_33_12_0007",
        "block_name": "Anaimalai",
        "district_name": "Coimbatore",
        "state_name": "Tamil Nadu",
        "area_sq_km": 12.54
      },
      "geometry": {
        "type": "Polygon",
        "coordinates": [
          [
            [
              76.93182,
              10.591756
            ],
            [
              76.92282,
              10.607344
            ],
            [
              76.90482,
              10.607344
            ],
            [
              76.89582,
              10.591756
            ],
            [
              76.90482,
              10.576167
            ],
            [
              76.92282,
              10.576167
            ],
            [
              76.93182,
              10.591756
            ]
          ]
        ]
      }
    },
    {
      "type": "Feature",
      "properties": {
        "panchayat_name": "Anaimalai Panchayat 8",
        "panchayat_code": "GP_33_12_0008",
        "block_name": "Anaimalai",
        "district_name": "Coimbatore",
        "state_name": "Tamil Nadu",
        "area_sq_km": 8.71
      },
      "geometry": {
        "type": "Polygon",
        "coordinates": [
          [
            [
              76.896093,
              10.590396
            ],
            [
              76.888593,
              10.603386
            ],
            [
              76.873593,
              10.603386
            ],
            [
              76.866093,
              10.590396
            ],
            [
              76.873593,
              10.577405
            ],
            [
              76.888593,
              10.577405
            ],
            [
              76.896093,
              10.590396
            ]
          ]
        ]
      }
    },
    {
      "type": "Feature",
      "properties": {
        "panchayat_name": "Anaimalai Panchayat 9",
        "panchayat_code": "GP_33_12_0009",
        "block_name": "Anaimalai",
        "district_name": "Coimbatore",
        "state_name": "Tamil Nadu",
        "area_sq_km": 5.57
      },
      "geometry": {
        "type": "Polygon",
        "coordinates": [
          [
            [
              76.863748,
              10.563367
            ],
            [
              76.857748,
              10.573759
            ],
            [
              76.845748,
              10.573759
            ],
            [
              76.839748,
              10.563367
            ],
            [
              76.845748,
              10.552975
            ],
            [
              76.857748,
              10.552975
            ],
            [
              76.863748,
              10.563367
            ]
          ]
        ]
      }
    },
    {
      "type": "Feature",
      "properties": {
        "panchayat_name": "Anaimalai Panchayat 10",
        "panchayat_code": "GP_33_12_0010",
        "block_name": "Anaimalai",
        "district_name": "Coimbatore",
        "state_name": "Tamil Nadu",
        "area_sq_km": 17.07
      },
      "geometry": {
        "type": "Polygon",
        "coordinates": [
          [
            [
              76.93482,
              10.568244
            ],
            [
              76.92432,
              10.586431
            ],
            [
              76.90332,
              10.586431
            ],
            [
              76.89282,
              10.568244
            ],
            [
              76.90332,
              10.550058
            ],
            [
              76.92432,
              10.550058
            ],
            [
              76.93482,
              10.568244
            ]
          ]
        ]
      }
    },
    {
      "type": "Feature",
      "properties": {
        "panchayat_name": "Anaimalai Panchayat 11",
        "panchayat_code": "GP_33_12_0011",
        "block_name": "Anaimalai",
        "district_name": "Coimbatore",
        "state_name": "Tamil Nadu",
        "area_sq_km": 12.54
      },
      "geometry": {
        "type": "Polygon",
        "coordinates": [
          [
            [
              76.923,
              10.536699
            ],
            [
              76.914,
              10.552287
            ],
            [
              76.896,
              10.552287
            ],
            [
              76.887,
              10.536699
            ],
            [
              76.896,
              10.52111
            ],
            [
              76.914,
              10.52111
            ],
            [
              76.923,
              10.536699
            ]
          ]
        ]
      }
    },
    {
      "type": "Feature",
      "properties": {
        "panchayat_name": "Anaimalai Panchayat 12",
        "panchayat_code": "GP_33_12_0012",
        "block_name": "Anaimalai",
        "district_name": "Coimbatore",
        "state_name": "Tamil Nadu",
        "area_sq_km": 8.71
      },
      "geometry": {
        "type": "Polygon",
        "coordinates": [
          [
            [
              76.936638,
              10.500438
            ],
            [
              76.929138,
              10.513429
            ],
            [
              76.914138,
              10.513429
            ],
            [
              76.906638,
              10.500438
            ],
            [
              76.914138,
              10.487448
            ],
            [
              76.929138,
              10.487448
            ],
            [
              76.936638,
              10.500438
            ]
          ]
        ]
      }
    },
    {
      "type": "Feature",
      "properties": {
        "panchayat_name": "Anaimalai Panchayat 13",
        "panchayat_code": "GP_33_12_0013",
        "block_name": "Anaimalai",
        "district_name": "Coimbatore",
        "state_name": "Tamil Nadu",
        "area_sq_km": 5.57
      },
      "geometry": {
        "type": "Polygon",
        "coordinates": [
          [
            [
              76.94818,
              10.560979
            ],
            [
              76.94218,
              10.571371
            ],
            [
              76.93018,
              10.571371
            ],
            [
              76.92418,
              10.560979
            ],
            [
              76.93018,
              10.550587
            ],
            [
              76.94218,
              10.550587
            ],
            [
              76.94818,
              10.560979
            ]
          ]
        ]
      }
    },
    {
      "type": "Feature",
      "properties": {
        "panchayat_name": "Anaimalai Panchayat 14",
        "panchayat_code": "GP_33_12_0014",
        "block_name": "Anaimalai",
        "district_name": "Coimbatore",
        "state_name": "Tamil Nadu",
        "area_sq_km": 17.07
      },
      "geometry": {
        "type": "Polygon",
        "coordinates": [
          [
            [
              76.984457,
              10.542843
            ],
            [
              76.973957,
              10.561029
            ],
            [
              76.952957,
              10.561029
            ],
            [
              76.942457,
              10.542843
            ],
            [
              76.952957,
              10.524656
            ],
            [
              76.973957,
              10.524656
            ],
            [
              76.984457,
              10.542843
            ]
          ]
        ]
      }
    },
    {
      "type": "Feature",
      "properties": {
        "panchayat_name": "Anaimalai Panchayat 15",
        "panchayat_code": "GP_33_12_0015",
        "block_name": "Anaimalai",
        "district_name": "Coimbatore",
        "state_name": "Tamil Nadu",
        "area_sq_km": 12.54
      },
      "geometry": {
        "type": "Polygon",
        "coordinates": [
          [
            [
              77.021084,
              10.547461
            ],
            [
              77.012084,
              10.56305
            ],
            [
              76.994084,
              10.56305
            ],
            [
              76.985084,
              10.547461
            ],
            [
              76.994084,
              10.531873
            ],
            [
              77.012084,
              10.531873
            ],
            [
              77.021084,
              10.547461
            ]
          ]
        ]
      }
    },
    {
      "type": "Feature",
      "properties": {
        "panchayat_name": "Annur Panchayat 1",
        "panchayat_code": "GP_33_12_0016",
        "block_name": "Annur",
        "district_name": "Coimbatore",
        "state_name": "Tamil Nadu",
        "area_sq_km": 5.57
      },
      "geometry": {
        "type": "Polygon",
        "coordinates": [
          [
            [
              77.132,
              11.23
            ],
            [
              77.126,
              11.240392
            ],
            [
              77.114,
              11.240392
            ],
            [
              77.108,
              11.23
            ],
            [
              77.114,
              11.219608
            ],
            [
              77.126,
              11.219608
            ],
            [
              77.132,
              11.23
            ]
          ]
        ]
      }
    },
    {
      "type": "Feature",
      "properties": {
        "panchayat_name": "Annur Panchayat 2",
        "panchayat_code": "GP_33_12_0017",
        "block_name": "Annur",
        "district_name": "Coimbatore",
        "state_name": "Tamil Nadu",
        "area_sq_km": 17.07
      },
      "geometry": {
        "type": "Polygon",
        "coordinates": [
          [
            [
              77.166677,
              11.250337
            ],
            [
              77.156177,
              11.268523
            ],
            [
              77.135177,
              11.268523
            ],
            [
              77.124677,
              11.250337
            ],
            [
              77.135177,
              11.23215
            ],
            [
              77.156177,
              11.23215
            ],
            [
              77.166677,
              11.250337
            ]
          ]
        ]
      }
    },
    {
      "type": "Feature",
      "properties": {
        "panchayat_name": "Annur Panchayat 3",
        "panchayat_code": "GP_33_12_0018",
        "block_name": "Annur",
        "district_name": "Coimbatore",
        "state_name": "Tamil Nadu",
        "area_sq_km": 12.54
      },
      "geometry": {
        "type": "Polygon",
        "coordinates": [
          [
            [
              77.17153,
              11.289452
            ],
            [
              77.16253,
              11.30504
            ],
            [
              77.14453,
              11.30504
            ],
            [
              77.13553,
              11.289452
            ],
            [
              77.14453,
              11.273863
            ],
            [
              77.16253,
              11.273863
            ],
            [
              77.17153,
              11.289452
            ]
          ]
        ]
      }
    },
    {
      "type": "Feature",
      "properties": {
        "panchayat_name": "Annur Panchayat 4",
        "panchayat_code": "GP_33_12_0019",
        "block_name": "Annur",
        "district_name": "Coimbatore",
        "state_name": "Tamil Nadu",
        "area_sq_km": 8.71
      },
      "geometry": {
        "type": "Polygon",
        "coordinates": [
          [
            [
              77.12118,
              11.249021
            ],
            [
              77.11368,
              11.262012
            ],
            [
              77.09868,
              11.262012
            ],
            [
              77.09118,
              11.249021
            ],
            [
              77.09868,
              11.236031
            ],
            [
              77.11368,
              11.236031
            ],
            [
              77.12118,
              11.249021
            ]
          ]
        ]
      }
    },
    {
      "type": "Feature",
      "properties": {
        "panchayat_name": "Annur Panchayat 5",
        "panchayat_code": "GP_33_12_0020",
        "block_name": "Annur",
        "district_name": "Coimbatore",
        "state_name": "Tamil Nadu",
        "area_sq_km": 5.57
      },
      "geometry": {
        "type": "Polygon",
        "coordinates": [
          [
            [
              77.106774,
              11.279726
            ],
            [
              77.100774,
              11.290118
            ],
            [
              77.088774,
              11.290118
            ],
            [
              77.082774,
              11.279726
            ],
            [
              77.088774,
              11.269334
            ],
            [
              77.100774,
              11.269334
            ],
            [
              77.106774,
              11.279726
            ]
          ]
        ]
      }
    },
    {
      "type": "Feature",
      "properties": {
        "panchayat_name": "Annur Panchayat 6",
        "panchayat_code": "GP_33_12_0021",
        "block_name": "Annur",
        "district_name": "Coimbatore",
        "state_name": "Tamil Nadu",
        "area_sq_km": 17.07
      },
      "geometry": {
        "type": "Polygon",
        "coordinates": [
          [
            [
              77.081,
              11.299282
            ],
            [
              77.0705,
              11.317469
            ],
            [
              77.0495,
              11.317469
            ],
            [
              77.039,
              11.299282
            ],
            [
              77.0495,
              11.281095
            ],
            [
              77.0705,
              11.281095
            ],
            [
              77.081,
              11.299282
            ]
          ]
        ]
      }
    },
    {
      "type": "Feature",
      "properties": {
        "panchayat_name": "Annur Panchayat 7",
        "panchayat_code": "GP_33_12_0022",
        "block_name": "Annur",
        "district_name": "Coimbatore",
        "state_name": "Tamil Nadu",
        "area_sq_km": 12.54
      },
      "geometry": {
        "type": "Polygon",
        "coordinates": [
          [
            [
              77.10182,
              11.241756
            ],
            [
              77.09282,
              11.257344
            ],
            [
              77.07482,
              11.257344
            ],
            [
              77.06582,
              11.241756
            ],
            [
              77.07482,
              11.226167
            ],
            [
              77.09282,
              11.226167
            ],
            [
              77.10182,
              11.241756
            ]
          ]
        ]
      }
    },
    {
      "type": "Feature",
      "properties": {
        "panchayat_name": "Annur Panchayat 8",
        "panchayat_code": "GP_33_12_0023",
        "block_name": "Annur",
        "district_name": "Coimbatore",
        "state_name": "Tamil Nadu",
        "area_sq_km": 8.71
      },
      "geometry": {
        "type": "Polygon",
        "coordinates": [
          [
            [
              77.066093,
              11.240396
            ],
            [
              77.058593,
              11.253386
            ],
            [
              77.043593,
              11.253386
            ],
            [
              77.036093,
              11.240396
            ],
            [
              77.043593,
              11.227405
            ],
            [
              77.058593,
              11.227405
            ],
            [
              77.066093,
              11.240396
            ]
          ]
        ]
      }
    },
    {
      "type": "Feature",
      "properties": {
        "panchayat_name": "Annur Panchayat 9",
        "panchayat_code": "GP_33_12_0024",
        "block_name": "Annur",
        "district_name": "Coimbatore",
        "state_name": "Tamil Nadu",
        "area_sq_km": 5.57
      },
      "geometry": {
        "type": "Polygon",
        "coordinates": [
          [
            [
              77.033748,
              11.213367
            ],
            [
              77.027748,
              11.223759
            ],
            [
              77.015748,
              11.223759
            ],
            [
              77.009748,
              11.213367
            ],
            [
              77.015748,
              11.202975
            ],
            [
              77.027748,
              11.202975
            ],
            [
              77.033748,
              11.213367
            ]
          ]
        ]
      }
    },
    {
      "type": "Feature",
      "properties": {
        "panchayat_name": "Annur Panchayat 10",
        "panchayat_code": "GP_33_12_0025",
        "block_name": "Annur",
        "district_name": "Coimbatore",
        "state_name": "Tamil Nadu",
        "area_sq_km": 17.07
      },
      "geometry": {
        "type": "Polygon",
        "coordinates": [
          [
            [
              77.10482,
              11.218244
            ],
            [
              77.09432,
              11.236431
            ],
            [
              77.07332,
              11.236431
            ],
            [
              77.06282,
              11.218244
            ],
            [
              77.07332,
              11.200058
            ],
            [
              77.09432,
              11.200058
            ],
            [
              77.10482,
              11.218244
            ]
          ]
        ]
      }
    },
    {
      "type": "Feature",
      "properties": {
        "panchayat_name": "Annur Panchayat 11",
        "panchayat_code": "GP_33_12_0026",
        "block_name": "Annur",
        "district_name": "Coimbatore",
        "state_name": "Tamil Nadu",
        "area_sq_km": 12.54
      },
      "geometry": {
        "type": "Polygon",
        "coordinates": [
          [
            [
              77.093,
              11.186699
            ],
            [
              77.084,
              11.202287
            ],
            [
              77.066,
              11.202287
            ],
            [
              77.057,
              11.186699
            ],
            [
              77.066,
              11.17111
            ],
            [
              77.084,
              11.17111
            ],
            [
              77.093,
              11.186699
            ]
          ]
        ]
      }
    },
    {
      "type": "Feature",
      "properties": {
        "panchayat_name": "Annur Panchayat 12",
        "panchayat_code": "GP_33_12_0027",
        "block_name": "Annur",
        "district_name": "Coimbatore",
        "state_name": "Tamil Nadu",
        "area_sq_km": 8.71
      },
      "geometry": {
        "type": "Polygon",
        "coordinates": [
          [
            [
              77.106638,
              11.150438
            ],
            [
              77.099138,
              11.163429
            ],
            [
              77.084138,
              11.163429
            ],
            [
              77.076638,
              11.150438
            ],
            [
              77.084138,
              11.137448
            ],
            [
              77.099138,
              11.137448
            ],
            [
              77.106638,
              11.150438
            ]
          ]
        ]
      }
    },
    {
      "type": "Feature",
      "properties": {
        "panchayat_name": "Annur Panchayat 13",
        "panchayat_code": "GP_33_12_0028",
        "block_name": "Annur",
        "district_name": "Coimbatore",
        "state_name": "Tamil Nadu",
        "area_sq_km": 5.57
      },
      "geometry": {
        "type": "Polygon",
        "coordinates": [
          [
            [
              77.11818,
              11.210979
            ],
            [
              77.11218,
              11.221371
            ],
            [
              77.10018,
              11.221371
            ],
            [
              77.09418,
              11.210979
            ],
            [
              77.10018,
              11.200587
            ],
            [
              77.11218,
              11.200587
            ],
            [
              77.11818,
              11.210979
            ]
          ]
        ]
      }
    },
    {
      "type": "Feature",
      "properties": {
        "panchayat_name": "Annur Panchayat 14",
        "panchayat_code": "GP_33_12_0029",
        "block_name": "Annur",
        "district_name": "Coimbatore",
        "state_name": "Tamil Nadu",
        "area_sq_km": 17.07
      },
      "geometry": {
        "type": "Polygon",
        "coordinates": [
          [
            [
              77.154457,
              11.192843
            ],
            [
              77.143957,
              11.211029
            ],
            [
              77.122957,
              11.211029
            ],
            [
              77.112457,
              11.192843
            ],
            [
              77.122957,
              11.174656
            ],
            [
              77.143957,
              11.174656
            ],
            [
              77.154457,
              11.192843
            ]
          ]
        ]
      }
    },
    {
      "type": "Feature",
      "properties": {
        "panchayat_name": "Annur Panchayat 15",
        "panchayat_code": "GP_33_12_0030",
        "block_name": "Annur",
        "district_name": "Coimbatore",
        "state_name": "Tamil Nadu",
        "area_sq_km": 12.54
      },
      "geometry": {
        "type": "Polygon",
        "coordinates": [
          [
            [
              77.191084,
              11.197461
            ],
            [
              77.182084,
              11.21305
            ],
            [
              77.164084,
              11.21305
            ],
            [
              77.155084,
              11.197461
            ],
            [
              77.164084,
              11.181873
            ],
            [
              77.182084,
              11.181873
            ],
            [
              77.191084,
              11.197461
            ]
          ]
        ]
      }
    },
    {
      "type": "Feature",
      "properties": {
        "panchayat_name": "Karamadai Panchayat 1",
        "panchayat_code": "GP_33_12_0031",
        "block_name": "Karamadai",
        "district_name": "Coimbatore",
        "state_name": "Tamil Nadu",
        "area_sq_km": 5.57
      },
      "geometry": {
        "type": "Polygon",
        "coordinates": [
          [
            [
              76.992,
              11.25
            ],
            [
              76.986,
              11.260392
            ],
            [
              76.974,
              11.260392
            ],
            [
              76.968,
              11.25
            ],
            [
              76.974,
              11.239608
            ],
            [
              76.986,
              11.239608
            ],
            [
              76.992,
              11.25
            ]
          ]
        ]
      }
    },
    {
      "type": "Feature",
      "properties": {
        "panchayat_name": "Karamadai Panchayat 2",
        "panchayat_code": "GP_33_12_0032",
        "block_name": "Karamadai",
        "district_name": "Coimbatore",
        "state_name": "Tamil Nadu",
        "area_sq_km": 17.07
      },
      "geometry": {
        "type": "Polygon",
        "coordinates": [
          [
            [
              77.026677,
              11.270337
            ],
            [
              77.016177,
              11.288523
            ],
            [
              76.995177,
              11.288523
            ],
            [
              76.984677,
              11.270337
            ],
            [
              76.995177,
              11.25215
            ],
            [
              77.016177,
              11.25215
            ],
            [
              77.026677,
              11.270337
            ]
          ]
        ]
      }
    },
    {
      "type": "Feature",
      "properties": {
        "panchayat_name": "Karamadai Panchayat 3",
        "panchayat_code": "GP_33_12_0033",
        "block_name": "Karamadai",
        "district_name": "Coimbatore",
        "state_name": "Tamil Nadu",
        "area_sq_km": 12.54
      },
      "geometry": {
        "type": "Polygon",
        "coordinates": [
          [
            [
              77.03153,
              11.309452
            ],
            [
              77.02253,
              11.32504
            ],
            [
              77.00453,
              11.32504
            ],
            [
              76.99553,
              11.309452
            ],
            [
              77.00453,
              11.293863
            ],
            [
              77.02253,
              11.293863
            ],
            [
              77.03153,
              11.309452
            ]
          ]
        ]
      }
    },
    {
      "type": "Feature",
      "properties": {
        "panchayat_name": "Karamadai Panchayat 4",
        "panchayat_code": "GP_33_12_0034",
        "block_name": "Karamadai",
        "district_name": "Coimbatore",
        "state_name": "Tamil Nadu",
        "area_sq_km": 8.71
      },
      "geometry": {
        "type": "Polygon",
        "coordinates": [
          [
            [
              76.98118,
              11.269021
            ],
            [
              76.97368,
              11.282012
            ],
            [
              76.95868,
              11.282012
            ],
            [
              76.95118,
              11.269021
            ],
            [
              76.95868,
              11.256031
            ],
            [
              76.97368,
              11.256031
            ],
            [
              76.98118,
              11.269021
            ]
          ]
        ]
      }
    },
    {
      "type": "Feature",
      "properties": {
        "panchayat_name": "Karamadai Panchayat 5",
        "panchayat_code": "GP_33_12_0035",
        "block_name": "Karamadai",
        "district_name": "Coimbatore",
        "state_name": "Tamil Nadu",
        "area_sq_km": 5.57
      },
      "geometry": {
        "type": "Polygon",
        "coordinates": [
          [
            [
              76.966774,
              11.299726
            ],
            [
              76.960774,
              11.310118
            ],
            [
              76.948774,
              11.310118
            ],
            [
              76.942774,
              11.299726
            ],
            [
              76.948774,
              11.289334
            ],
            [
              76.960774,
              11.289334
            ],
            [
              76.966774,
              11.299726
            ]
          ]
        ]
      }
    },
    {
      "type": "Feature",
      "properties": {
        "panchayat_name": "Karamadai Panchayat 6",
        "panchayat_code": "GP_33_12_0036",
        "block_name": "Karamadai",
        "district_name": "Coimbatore",
        "state_name": "Tamil Nadu",
        "area_sq_km": 17.07
      },
      "geometry": {
        "type": "Polygon",
        "coordinates": [
          [
            [
              76.941,
              11.319282
            ],
            [
              76.9305,
              11.337469
            ],
            [
              76.9095,
              11.337469
            ],
            [
              76.899,
              11.319282
            ],
            [
              76.9095,
              11.301095
            ],
            [
              76.9305,
              11.301095
            ],
            [
              76.941,
              11.319282
            ]
          ]
        ]
      }
    },
    {
      "type": "Feature",
      "properties": {
        "panchayat_name": "Karamadai Panchayat 7",
        "panchayat_code": "GP_33_12_0037",
        "block_name": "Karamadai",
        "district_name": "Coimbatore",
        "state_name": "Tamil Nadu",
        "area_sq_km": 12.54
      },
      "geometry": {
        "type": "Polygon",
        "coordinates": [
          [
            [
              76.96182,
              11.261756
            ],
            [
              76.95282,
              11.277344
            ],
            [
              76.93482,
              11.277344
            ],
            [
              76.92582,
              11.261756
            ],
            [
              76.93482,
              11.246167
            ],
            [
              76.95282,
              11.246167
            ],
            [
              76.96182,
              11.261756
            ]
          ]
        ]
      }
    },
    {
      "type": "Feature",
      "properties": {
        "panchayat_name": "Karamadai Panchayat 8",
        "panchayat_code": "GP_33_12_0038",
        "block_name": "Karamadai",
        "district_name": "Coimbatore",
        "state_name": "Tamil Nadu",
        "area_sq_km": 8.71
      },
      "geometry": {
        "type": "Polygon",
        "coordinates": [
          [
            [
              76.926093,
              11.260396
            ],
            [
              76.918593,
              11.273386
            ],
            [
              76.903593,
              11.273386
            ],
            [
              76.896093,
              11.260396
            ],
            [
              76.903593,
              11.247405
            ],
            [
              76.918593,
              11.247405
            ],
            [
              76.926093,
              11.260396
            ]
          ]
        ]
      }
    },
    {
      "type": "Feature",
      "properties": {
        "panchayat_name": "Karamadai Panchayat 9",
        "panchayat_code": "GP_33_12_0039",
        "block_name": "Karamadai",
        "district_name": "Coimbatore",
        "state_name": "Tamil Nadu",
        "area_sq_km": 5.57
      },
      "geometry": {
        "type": "Polygon",
        "coordinates": [
          [
            [
              76.893748,
              11.233367
            ],
            [
              76.887748,
              11.243759
            ],
            [
              76.875748,
              11.243759
            ],
            [
              76.869748,
              11.233367
            ],
            [
              76.875748,
              11.222975
            ],
            [
              76.887748,
              11.222975
            ],
            [
              76.893748,
              11.233367
            ]
          ]
        ]
      }
    },
    {
      "type": "Feature",
      "properties": {
        "panchayat_name": "Karamadai Panchayat 10",
        "panchayat_code": "GP_33_12_0040",
        "block_name": "Karamadai",
        "district_name": "Coimbatore",
        "state_name": "Tamil Nadu",
        "area_sq_km": 17.07
      },
      "geometry": {
        "type": "Polygon",
        "coordinates": [
          [
            [
              76.96482,
              11.238244
            ],
            [
              76.95432,
              11.256431
            ],
            [
              76.93332,
              11.256431
            ],
            [
              76.92282,
              11.238244
            ],
            [
              76.93332,
              11.220058
            ],
            [
              76.95432,
              11.220058
            ],
            [
              76.96482,
              11.238244
            ]
          ]
        ]
      }
    },
    {
      "type": "Feature",
      "properties": {
        "panchayat_name": "Karamadai Panchayat 11",
        "panchayat_code": "GP_33_12_0041",
        "block_name": "Karamadai",
        "district_name": "Coimbatore",
        "state_name": "Tamil Nadu",
        "area_sq_km": 12.54
      },
      "geometry": {
        "type": "Polygon",
        "coordinates": [
          [
            [
              76.953,
              11.206699
            ],
            [
              76.944,
              11.222287
            ],
            [
              76.926,
              11.222287
            ],
            [
              76.917,
              11.206699
            ],
            [
              76.926,
              11.19111
            ],
            [
              76.944,
              11.19111
            ],
            [
              76.953,
              11.206699
            ]
          ]
        ]
      }
    },
    {
      "type": "Feature",
      "properties": {
        "panchayat_name": "Karamadai Panchayat 12",
        "panchayat_code": "GP_33_12_0042",
        "block_name": "Karamadai",
        "district_name": "Coimbatore",
        "state_name": "Tamil Nadu",
        "area_sq_km": 8.71
      },
      "geometry": {
        "type": "Polygon",
        "coordinates": [
          [
            [
              76.966638,
              11.170438
            ],
            [
              76.959138,
              11.183429
            ],
            [
              76.944138,
              11.183429
            ],
            [
              76.936638,
              11.170438
            ],
            [
              76.944138,
              11.157448
            ],
            [
              76.959138,
              11.157448
            ],
            [
              76.966638,
              11.170438
            ]
          ]
        ]
      }
    },
    {
      "type": "Feature",
      "properties": {
        "panchayat_name": "Karamadai Panchayat 13",
        "panchayat_code": "GP_33_12_0043",
        "block_name": "Karamadai",
        "district_name": "Coimbatore",
        "state_name": "Tamil Nadu",
        "area_sq_km": 5.57
      },
      "geometry": {
        "type": "Polygon",
        "coordinates": [
          [
            [
              76.97818,
              11.230979
            ],
            [
              76.97218,
              11.241371
            ],
            [
              76.96018,
              11.241371
            ],
            [
              76.95418,
              11.230979
            ],
            [
              76.96018,
              11.220587
            ],
            [
              76.97218,
              11.220587
            ],
            [
              76.97818,
              11.230979
            ]
          ]
        ]
      }
    },
    {
      "type": "Feature",
      "properties": {
        "panchayat_name": "Karamadai Panchayat 14",
        "panchayat_code": "GP_33_12_0044",
        "block_name": "Karamadai",
        "district_name": "Coimbatore",
        "state_name": "Tamil Nadu",
        "area_sq_km": 17.07
      },
      "geometry": {
        "type": "Polygon",
        "coordinates": [
          [
            [
              77.014457,
              11.212843
            ],
            [
              77.003957,
              11.231029
            ],
            [
              76.982957,
              11.231029
            ],
            [
              76.972457,
              11.212843
            ],
            [
              76.982957,
              11.194656
            ],
            [
              77.003957,
              11.194656
            ],
            [
              77.014457,
              11.212843
            ]
          ]
        ]
      }
    },
    {
      "type": "Feature",
      "properties": {
        "panchayat_name": "Karamadai Panchayat 15",
        "panchayat_code": "GP_33_12_0045",
        "block_name": "Karamadai",
        "district_name": "Coimbatore",
        "state_name": "Tamil Nadu",
        "area_sq_km": 12.54
      },
      "geometry": {
        "type": "Polygon",
        "coordinates": [
          [
            [
              77.051084,
              11.217461
            ],
            [
              77.042084,
              11.23305
            ],
            [
              77.024084,
              11.23305
            ],
            [
              77.015084,
              11.217461
            ],
            [
              77.024084,
              11.201873
            ],
            [
              77.042084,
              11.201873
            ],
            [
              77.051084,
              11.217461
            ]
          ]
        ]
      }
    },
    {
      "type": "Feature",
      "properties": {
        "panchayat_name": "Kinathukadavu Panchayat 1",
        "panchayat_code": "GP_33_12_0046",
        "block_name": "Kinathukadavu",
        "district_name": "Coimbatore",
        "state_name": "Tamil Nadu",
        "area_sq_km": 5.57
      },
      "geometry": {
        "type": "Polygon",
        "coordinates": [
          [
            [
              77.052,
              10.82
            ],
            [
              77.046,
              10.830392
            ],
            [
              77.034,
              10.830392
            ],
            [
              77.028,
              10.82
            ],
            [
              77.034,
              10.809608
            ],
            [
              77.046,
              10.809608
            ],
            [
              77.052,
              10.82
            ]
          ]
        ]
      }
    },
    {
      "type": "Feature",
      "properties": {
        "panchayat_name": "Kinathukadavu Panchayat 2",
        "panchayat_code": "GP_33_12_0047",
        "block_name": "Kinathukadavu",
        "district_name": "Coimbatore",
        "state_name": "Tamil Nadu",
        "area_sq_km": 17.07
      },
      "geometry": {
        "type": "Polygon",
        "coordinates": [
          [
            [
              77.086677,
              10.840337
            ],
            [
              77.076177,
              10.858523
            ],
            [
              77.055177,
              10.858523
            ],
            [
              77.044677,
              10.840337
            ],
            [
              77.055177,
              10.82215
            ],
            [
              77.076177,
              10.82215
            ],
            [
              77.086677,
              10.840337
            ]
          ]
        ]
      }
    },
    {
      "type": "Feature",
      "properties": {
        "panchayat_name": "Kinathukadavu Panchayat 3",
        "panchayat_code": "GP_33_12_0048",
        "block_name": "Kinathukadavu",
        "district_name": "Coimbatore",
        "state_name": "Tamil Nadu",
        "area_sq_km": 12.54
      },
      "geometry": {
        "type": "Polygon",
        "coordinates": [
          [
            [
              77.09153,
              10.879452
            ],
            [
              77.08253,
              10.89504
            ],
            [
              77.06453,
              10.89504
            ],
            [
              77.05553,
              10.879452
            ],
            [
              77.06453,
              10.863863
            ],
            [
              77.08253,
              10.863863
            ],
            [
              77.09153,
              10.879452
            ]
          ]
        ]
      }
    },
    {
      "type": "Feature",
      "properties": {
        "panchayat_name": "Kinathukadavu Panchayat 4",
        "panchayat_code": "GP_33_12_0049",
        "block_name": "Kinathukadavu",
        "district_name": "Coimbatore",
        "state_name": "Tamil Nadu",
        "area_sq_km": 8.71
      },
      "geometry": {
        "type": "Polygon",
        "coordinates": [
          [
            [
              77.04118,
              10.839021
            ],
            [
              77.03368,
              10.852012
            ],
            [
              77.01868,
              10.852012
            ],
            [
              77.01118,
              10.839021
            ],
            [
              77.01868,
              10.826031
            ],
            [
              77.03368,
              10.826031
            ],
            [
              77.04118,
              10.839021
            ]
          ]
        ]
      }
    },
    {
      "type": "Feature",
      "properties": {
        "panchayat_name": "Kinathukadavu Panchayat 5",
        "panchayat_code": "GP_33_12_0050",
        "block_name": "Kinathukadavu",
        "district_name": "Coimbatore",
        "state_name": "Tamil Nadu",
        "area_sq_km": 5.57
      },
      "geometry": {
        "type": "Polygon",
        "coordinates": [
          [
            [
              77.026774,
              10.869726
            ],
            [
              77.020774,
              10.880118
            ],
            [
              77.008774,
              10.880118
            ],
            [
              77.002774,
              10.869726
            ],
            [
              77.008774,
              10.859334
            ],
            [
              77.020774,
              10.859334
            ],
            [
              77.026774,
              10.869726
            ]
          ]
        ]
      }
    },
    {
      "type": "Feature",
      "properties": {
        "panchayat_name": "Kinathukadavu Panchayat 6",
        "panchayat_code": "GP_33_12_0051",
        "block_name": "Kinathukadavu",
        "district_name": "Coimbatore",
        "state_name": "Tamil Nadu",
        "area_sq_km": 17.07
      },
      "geometry": {
        "type": "Polygon",
        "coordinates": [
          [
            [
              77.001,
              10.889282
            ],
            [
              76.9905,
              10.907469
            ],
            [
              76.9695,
              10.907469
            ],
            [
              76.959,
              10.889282
            ],
            [
              76.9695,
              10.871095
            ],
            [
              76.9905,
              10.871095
            ],
            [
              77.001,
              10.889282
            ]
          ]
        ]
      }
    },
    {
      "type": "Feature",
      "properties": {
        "panchayat_name": "Kinathukadavu Panchayat 7",
        "panchayat_code": "GP_33_12_0052",
        "block_name": "Kinathukadavu",
        "district_name": "Coimbatore",
        "state_name": "Tamil Nadu",
        "area_sq_km": 12.54
      },
      "geometry": {
        "type": "Polygon",
        "coordinates": [
          [
            [
              77.02182,
              10.831756
            ],
            [
              77.01282,
              10.847344
            ],
            [
              76.99482,
              10.847344
            ],
            [
              76.98582,
              10.831756
            ],
            [
              76.99482,
              10.816167
            ],
            [
              77.01282,
              10.816167
            ],
            [
              77.02182,
              10.831756
            ]
          ]
        ]
      }
    },
    {
      "type": "Feature",
      "properties": {
        "panchayat_name": "Kinathukadavu Panchayat 8",
        "panchayat_code": "GP_33_12_0053",
        "block_name": "Kinathukadavu",
        "district_name": "Coimbatore",
        "state_name": "Tamil Nadu",
        "area_sq_km": 8.71
      },
      "geometry": {
        "type": "Polygon",
        "coordinates": [
          [
            [
              76.986093,
              10.830396
            ],
            [
              76.978593,
              10.843386
            ],
            [
              76.963593,
              10.843386
            ],
            [
              76.956093,
              10.830396
            ],
            [
              76.963593,
              10.817405
            ],
            [
              76.978593,
              10.817405
            ],
            [
              76.986093,
              10.830396
            ]
          ]
        ]
      }
    },
    {
      "type": "Feature",
      "properties": {
        "panchayat_name": "Kinathukadavu Panchayat 9",
        "panchayat_code": "GP_33_12_0054",
        "block_name": "Kinathukadavu",
        "district_name": "Coimbatore",
        "state_name": "Tamil Nadu",
        "area_sq_km": 5.57
      },
      "geometry": {
        "type": "Polygon",
        "coordinates": [
          [
            [
              76.953748,
              10.803367
            ],
            [
              76.947748,
              10.813759
            ],
            [
              76.935748,
              10.813759
            ],
            [
              76.929748,
              10.803367
            ],
            [
              76.935748,
              10.792975
            ],
            [
              76.947748,
              10.792975
            ],
            [
              76.953748,
              10.803367
            ]
          ]
        ]
      }
    },
    {
      "type": "Feature",
      "properties": {
        "panchayat_name": "Kinathukadavu Panchayat 10",
        "panchayat_code": "GP_33_12_0055",
        "block_name": "Kinathukadavu",
        "district_name": "Coimbatore",
        "state_name": "Tamil Nadu",
        "area_sq_km": 17.07
      },
      "geometry": {
        "type": "Polygon",
        "coordinates": [
          [
            [
              77.02482,
              10.808244
            ],
            [
              77.01432,
              10.826431
            ],
            [
              76.99332,
              10.826431
            ],
            [
              76.98282,
              10.808244
            ],
            [
              76.99332,
              10.790058
            ],
            [
              77.01432,
              10.790058
            ],
            [
              77.02482,
              10.808244
            ]
          ]
        ]
      }
    },
    {
      "type": "Feature",
      "properties": {
        "panchayat_name": "Kinathukadavu Panchayat 11",
        "panchayat_code": "GP_33_12_0056",
        "block_name": "Kinathukadavu",
        "district_name": "Coimbatore",
        "state_name": "Tamil Nadu",
        "area_sq_km": 12.54
      },
      "geometry": {
        "type": "Polygon",
        "coordinates": [
          [
            [
              77.013,
              10.776699
            ],
            [
              77.004,
              10.792287
            ],
            [
              76.986,
              10.792287
            ],
            [
              76.977,
              10.776699
            ],
            [
              76.986,
              10.76111
            ],
            [
              77.004,
              10.76111
            ],
            [
              77.013,
              10.776699
            ]
          ]
        ]
      }
    },
    {
      "type": "Feature",
      "properties": {
        "panchayat_name": "Kinathukadavu Panchayat 12",
        "panchayat_code": "GP_33_12_0057",
        "block_name": "Kinathukadavu",
        "district_name": "Coimbatore",
        "state_name": "Tamil Nadu",
        "area_sq_km": 8.71
      },
      "geometry": {
        "type": "Polygon",
        "coordinates": [
          [
            [
              77.026638,
              10.740438
            ],
            [
              77.019138,
              10.753429
            ],
            [
              77.004138,
              10.753429
            ],
            [
              76.996638,
              10.740438
            ],
            [
              77.004138,
              10.727448
            ],
            [
              77.019138,
              10.727448
            ],
            [
              77.026638,
              10.740438
            ]
          ]
        ]
      }
    },
    {
      "type": "Feature",
      "properties": {
        "panchayat_name": "Kinathukadavu Panchayat 13",
        "panchayat_code": "GP_33_12_0058",
        "block_name": "Kinathukadavu",
        "district_name": "Coimbatore",
        "state_name": "Tamil Nadu",
        "area_sq_km": 5.57
      },
      "geometry": {
        "type": "Polygon",
        "coordinates": [
          [
            [
              77.03818,
              10.800979
            ],
            [
              77.03218,
              10.811371
            ],
            [
              77.02018,
              10.811371
            ],
            [
              77.01418,
              10.800979
            ],
            [
              77.02018,
              10.790587
            ],
            [
              77.03218,
              10.790587
            ],
            [
              77.03818,
              10.800979
            ]
          ]
        ]
      }
    },
    {
      "type": "Feature",
      "properties": {
        "panchayat_name": "Kinathukadavu Panchayat 14",
        "panchayat_code": "GP_33_12_0059",
        "block_name": "Kinathukadavu",
        "district_name": "Coimbatore",
        "state_name": "Tamil Nadu",
        "area_sq_km": 17.07
      },
      "geometry": {
        "type": "Polygon",
        "coordinates": [
          [
            [
              77.074457,
              10.782843
            ],
            [
              77.063957,
              10.801029
            ],
            [
              77.042957,
              10.801029
            ],
            [
              77.032457,
              10.782843
            ],
            [
              77.042957,
              10.764656
            ],
            [
              77.063957,
              10.764656
            ],
            [
              77.074457,
              10.782843
            ]
          ]
        ]
      }
    },
    {
      "type": "Feature",
      "properties": {
        "panchayat_name": "Kinathukadavu Panchayat 15",
        "panchayat_code": "GP_33_12_0060",
        "block_name": "Kinathukadavu",
        "district_name": "Coimbatore",
        "state_name": "Tamil Nadu",
        "area_sq_km": 12.54
      },
      "geometry": {
        "type": "Polygon",
        "coordinates": [
          [
            [
              77.111084,
              10.787461
            ],
            [
              77.102084,
              10.80305
            ],
            [
              77.084084,
              10.80305
            ],
            [
              77.075084,
              10.787461
            ],
            [
              77.084084,
              10.771873
            ],
            [
              77.102084,
              10.771873
            ],
            [
              77.111084,
              10.787461
            ]
          ]
        ]
      }
    },
    {
      "type": "Feature",
      "properties": {
        "panchayat_name": "Madukkarai Panchayat 1",
        "panchayat_code": "GP_33_12_0061",
        "block_name": "Madukkarai",
        "district_name": "Coimbatore",
        "state_name": "Tamil Nadu",
        "area_sq_km": 5.57
      },
      "geometry": {
        "type": "Polygon",
        "coordinates": [
          [
            [
              76.992,
              10.9
            ],
            [
              76.986,
              10.910392
            ],
            [
              76.974,
              10.910392
            ],
            [
              76.968,
              10.9
            ],
            [
              76.974,
              10.889608
            ],
            [
              76.986,
              10.889608
            ],
            [
              76.992,
              10.9
            ]
          ]
        ]
      }
    },
    {
      "type": "Feature",
      "properties": {
        "panchayat_name": "Madukkarai Panchayat 2",
        "panchayat_code": "GP_33_12_0062",
        "block_name": "Madukkarai",
        "district_name": "Coimbatore",
        "state_name": "Tamil Nadu",
        "area_sq_km": 17.07
      },
      "geometry": {
        "type": "Polygon",
        "coordinates": [
          [
            [
              77.026677,
              10.920337
            ],
            [
              77.016177,
              10.938523
            ],
            [
              76.995177,
              10.938523
            ],
            [
              76.984677,
              10.920337
            ],
            [
              76.995177,
              10.90215
            ],
            [
              77.016177,
              10.90215
            ],
            [
              77.026677,
              10.920337
            ]
          ]
        ]
      }
    },
    {
      "type": "Feature",
      "properties": {
        "panchayat_name": "Madukkarai Panchayat 3",
        "panchayat_code": "GP_33_12_0063",
        "block_name": "Madukkarai",
        "district_name": "Coimbatore",
        "state_name": "Tamil Nadu",
        "area_sq_km": 12.54
      },
      "geometry": {
        "type": "Polygon",
        "coordinates": [
          [
            [
              77.03153,
              10.959452
            ],
            [
              77.02253,
              10.97504
            ],
            [
              77.00453,
              10.97504
            ],
            [
              76.99553,
              10.959452
            ],
            [
              77.00453,
              10.943863
            ],
            [
              77.02253,
              10.943863
            ],
            [
              77.03153,
              10.959452
            ]
          ]
        ]
      }
    },
    {
      "type": "Feature",
      "properties": {
        "panchayat_name": "Madukkarai Panchayat 4",
        "panchayat_code": "GP_33_12_0064",
        "block_name": "Madukkarai",
        "district_name": "Coimbatore",
        "state_name": "Tamil Nadu",
        "area_sq_km": 8.71
      },
      "geometry": {
        "type": "Polygon",
        "coordinates": [
          [
            [
              76.98118,
              10.919021
            ],
            [
              76.97368,
              10.932012
            ],
            [
              76.95868,
              10.932012
            ],
            [
              76.95118,
              10.919021
            ],
            [
              76.95868,
              10.906031
            ],
            [
              76.97368,
              10.906031
            ],
            [
              76.98118,
              10.919021
            ]
          ]
        ]
      }
    },
    {
      "type": "Feature",
      "properties": {
        "panchayat_name": "Madukkarai Panchayat 5",
        "panchayat_code": "GP_33_12_0065",
        "block_name": "Madukkarai",
        "district_name": "Coimbatore",
        "state_name": "Tamil Nadu",
        "area_sq_km": 5.57
      },
      "geometry": {
        "type": "Polygon",
        "coordinates": [
          [
            [
              76.966774,
              10.949726
            ],
            [
              76.960774,
              10.960118
            ],
            [
              76.948774,
              10.960118
            ],
            [
              76.942774,
              10.949726
            ],
            [
              76.948774,
              10.939334
            ],
            [
              76.960774,
              10.939334
            ],
            [
              76.966774,
              10.949726
            ]
          ]
        ]
      }
    },
    {
      "type": "Feature",
      "properties": {
        "panchayat_name": "Madukkarai Panchayat 6",
        "panchayat_code": "GP_33_12_0066",
        "block_name": "Madukkarai",
        "district_name": "Coimbatore",
        "state_name": "Tamil Nadu",
        "area_sq_km": 17.07
      },
      "geometry": {
        "type": "Polygon",
        "coordinates": [
          [
            [
              76.941,
              10.969282
            ],
            [
              76.9305,
              10.987469
            ],
            [
              76.9095,
              10.987469
            ],
            [
              76.899,
              10.969282
            ],
            [
              76.9095,
              10.951095
            ],
            [
              76.9305,
              10.951095
            ],
            [
              76.941,
              10.969282
            ]
          ]
        ]
      }
    },
    {
      "type": "Feature",
      "properties": {
        "panchayat_name": "Madukkarai Panchayat 7",
        "panchayat_code": "GP_33_12_0067",
        "block_name": "Madukkarai",
        "district_name": "Coimbatore",
        "state_name": "Tamil Nadu",
        "area_sq_km": 12.54
      },
      "geometry": {
        "type": "Polygon",
        "coordinates": [
          [
            [
              76.96182,
              10.911756
            ],
            [
              76.95282,
              10.927344
            ],
            [
              76.93482,
              10.927344
            ],
            [
              76.92582,
              10.911756
            ],
            [
              76.93482,
              10.896167
            ],
            [
              76.95282,
              10.896167
            ],
            [
              76.96182,
              10.911756
            ]
          ]
        ]
      }
    },
    {
      "type": "Feature",
      "properties": {
        "panchayat_name": "Madukkarai Panchayat 8",
        "panchayat_code": "GP_33_12_0068",
        "block_name": "Madukkarai",
        "district_name": "Coimbatore",
        "state_name": "Tamil Nadu",
        "area_sq_km": 8.71
      },
      "geometry": {
        "type": "Polygon",
        "coordinates": [
          [
            [
              76.926093,
              10.910396
            ],
            [
              76.918593,
              10.923386
            ],
            [
              76.903593,
              10.923386
            ],
            [
              76.896093,
              10.910396
            ],
            [
              76.903593,
              10.897405
            ],
            [
              76.918593,
              10.897405
            ],
            [
              76.926093,
              10.910396
            ]
          ]
        ]
      }
    },
    {
      "type": "Feature",
      "properties": {
        "panchayat_name": "Madukkarai Panchayat 9",
        "panchayat_code": "GP_33_12_0069",
        "block_name": "Madukkarai",
        "district_name": "Coimbatore",
        "state_name": "Tamil Nadu",
        "area_sq_km": 5.57
      },
      "geometry": {
        "type": "Polygon",
        "coordinates": [
          [
            [
              76.893748,
              10.883367
            ],
            [
              76.887748,
              10.893759
            ],
            [
              76.875748,
              10.893759
            ],
            [
              76.869748,
              10.883367
            ],
            [
              76.875748,
              10.872975
            ],
            [
              76.887748,
              10.872975
            ],
            [
              76.893748,
              10.883367
            ]
          ]
        ]
      }
    },
    {
      "type": "Feature",
      "properties": {
        "panchayat_name": "Madukkarai Panchayat 10",
        "panchayat_code": "GP_33_12_0070",
        "block_name": "Madukkarai",
        "district_name": "Coimbatore",
        "state_name": "Tamil Nadu",
        "area_sq_km": 17.07
      },
      "geometry": {
        "type": "Polygon",
        "coordinates": [
          [
            [
              76.96482,
              10.888244
            ],
            [
              76.95432,
              10.906431
            ],
            [
              76.93332,
              10.906431
            ],
            [
              76.92282,
              10.888244
            ],
            [
              76.93332,
              10.870058
            ],
            [
              76.95432,
              10.870058
            ],
            [
              76.96482,
              10.888244
            ]
          ]
        ]
      }
    },
    {
      "type": "Feature",
      "properties": {
        "panchayat_name": "Madukkarai Panchayat 11",
        "panchayat_code": "GP_33_12_0071",
        "block_name": "Madukkarai",
        "district_name": "Coimbatore",
        "state_name": "Tamil Nadu",
        "area_sq_km": 12.54
      },
      "geometry": {
        "type": "Polygon",
        "coordinates": [
          [
            [
              76.953,
              10.856699
            ],
            [
              76.944,
              10.872287
            ],
            [
              76.926,
              10.872287
            ],
            [
              76.917,
              10.856699
            ],
            [
              76.926,
              10.84111
            ],
            [
              76.944,
              10.84111
            ],
            [
              76.953,
              10.856699
            ]
          ]
        ]
      }
    },
    {
      "type": "Feature",
      "properties": {
        "panchayat_name": "Madukkarai Panchayat 12",
        "panchayat_code": "GP_33_12_0072",
        "block_name": "Madukkarai",
        "district_name": "Coimbatore",
        "state_name": "Tamil Nadu",
        "area_sq_km": 8.71
      },
      "geometry": {
        "type": "Polygon",
        "coordinates": [
          [
            [
              76.966638,
              10.820438
            ],
            [
              76.959138,
              10.833429
            ],
            [
              76.944138,
              10.833429
            ],
            [
              76.936638,
              10.820438
            ],
            [
              76.944138,
              10.807448
            ],
            [
              76.959138,
              10.807448
            ],
            [
              76.966638,
              10.820438
            ]
          ]
        ]
      }
    },
    {
      "type": "Feature",
      "properties": {
        "panchayat_name": "Madukkarai Panchayat 13",
        "panchayat_code": "GP_33_12_0073",
        "block_name": "Madukkarai",
        "district_name": "Coimbatore",
        "state_name": "Tamil Nadu",
        "area_sq_km": 5.57
      },
      "geometry": {
        "type": "Polygon",
        "coordinates": [
          [
            [
              76.97818,
              10.880979
            ],
            [
              76.97218,
              10.891371
            ],
            [
              76.96018,
              10.891371
            ],
            [
              76.95418,
              10.880979
            ],
            [
              76.96018,
              10.870587
            ],
            [
              76.97218,
              10.870587
            ],
            [
              76.97818,
              10.880979
            ]
          ]
        ]
      }
    },
    {
      "type": "Feature",
      "properties": {
        "panchayat_name": "Madukkarai Panchayat 14",
        "panchayat_code": "GP_33_12_0074",
        "block_name": "Madukkarai",
        "district_name": "Coimbatore",
        "state_name": "Tamil Nadu",
        "area_sq_km": 17.07
      },
      "geometry": {
        "type": "Polygon",
        "coordinates": [
          [
            [
              77.014457,
              10.862843
            ],
            [
              77.003957,
              10.881029
            ],
            [
              76.982957,
              10.881029
            ],
            [
              76.972457,
              10.862843
            ],
            [
              76.982957,
              10.844656
            ],
            [
              77.003957,
              10.844656
            ],
            [
              77.014457,
              10.862843
            ]
          ]
        ]
      }
    },
    {
      "type": "Feature",
      "properties": {
        "panchayat_name": "Madukkarai Panchayat 15",
        "panchayat_code": "GP_33_12_0075",
        "block_name": "Madukkarai",
        "district_name": "Coimbatore",
        "state_name": "Tamil Nadu",
        "area_sq_km": 12.54
      },
      "geometry": {
        "type": "Polygon",
        "coordinates": [
          [
            [
              77.051084,
              10.867461
            ],
            [
              77.042084,
              10.88305
            ],
            [
              77.024084,
              10.88305
            ],
            [
              77.015084,
              10.867461
            ],
            [
              77.024084,
              10.851873
            ],
            [
              77.042084,
              10.851873
            ],
            [
              77.051084,
              10.867461
            ]
          ]
        ]
      }
    },
    {
      "type": "Feature",
      "properties": {
        "panchayat_name": "Perur Panchayat 1",
        "panchayat_code": "GP_33_12_0076",
        "block_name": "Perur",
        "district_name": "Coimbatore",
        "state_name": "Tamil Nadu",
        "area_sq_km": 5.57
      },
      "geometry": {
        "type": "Polygon",
        "coordinates": [
          [
            [
              76.942,
              10.97
            ],
            [
              76.936,
              10.980392
            ],
            [
              76.924,
              10.980392
            ],
            [
              76.918,
              10.97
            ],
            [
              76.924,
              10.959608
            ],
            [
              76.936,
              10.959608
            ],
            [
              76.942,
              10.97
            ]
          ]
        ]
      }
    },
    {
      "type": "Feature",
      "properties": {
        "panchayat_name": "Perur Panchayat 2",
        "panchayat_code": "GP_33_12_0077",
        "block_name": "Perur",
        "district_name": "Coimbatore",
        "state_name": "Tamil Nadu",
        "area_sq_km": 17.07
      },
      "geometry": {
        "type": "Polygon",
        "coordinates": [
          [
            [
              76.976677,
              10.990337
            ],
            [
              76.966177,
              11.008523
            ],
            [
              76.945177,
              11.008523
            ],
            [
              76.934677,
              10.990337
            ],
            [
              76.945177,
              10.97215
            ],
            [
              76.966177,
              10.97215
            ],
            [
              76.976677,
              10.990337
            ]
          ]
        ]
      }
    },
    {
      "type": "Feature",
      "properties": {
        "panchayat_name": "Perur Panchayat 3",
        "panchayat_code": "GP_33_12_0078",
        "block_name": "Perur",
        "district_name": "Coimbatore",
        "state_name": "Tamil Nadu",
        "area_sq_km": 12.54
      },
      "geometry": {
        "type": "Polygon",
        "coordinates": [
          [
            [
              76.98153,
              11.029452
            ],
            [
              76.97253,
              11.04504
            ],
            [
              76.95453,
              11.04504
            ],
            [
              76.94553,
              11.029452
            ],
            [
              76.95453,
              11.013863
            ],
            [
              76.97253,
              11.013863
            ],
            [
              76.98153,
              11.029452
            ]
          ]
        ]
      }
    },
    {
      "type": "Feature",
      "properties": {
        "panchayat_name": "Perur Panchayat 4",
        "panchayat_code": "GP_33_12_0079",
        "block_name": "Perur",
        "district_name": "Coimbatore",
        "state_name": "Tamil Nadu",
        "area_sq_km": 8.71
      },
      "geometry": {
        "type": "Polygon",
        "coordinates": [
          [
            [
              76.93118,
              10.989021
            ],
            [
              76.92368,
              11.002012
            ],
            [
              76.90868,
              11.002012
            ],
            [
              76.90118,
              10.989021
            ],
            [
              76.90868,
              10.976031
            ],
            [
              76.92368,
              10.976031
            ],
            [
              76.93118,
              10.989021
            ]
          ]
        ]
      }
    },
    {
      "type": "Feature",
      "properties": {
        "panchayat_name": "Perur Panchayat 5",
        "panchayat_code": "GP_33_12_0080",
        "block_name": "Perur",
        "district_name": "Coimbatore",
        "state_name": "Tamil Nadu",
        "area_sq_km": 5.57
      },
      "geometry": {
        "type": "Polygon",
        "coordinates": [
          [
            [
              76.916774,
              11.019726
            ],
            [
              76.910774,
              11.030118
            ],
            [
              76.898774,
              11.030118
            ],
            [
              76.892774,
              11.019726
            ],
            [
              76.898774,
              11.009334
            ],
            [
              76.910774,
              11.009334
            ],
            [
              76.916774,
              11.019726
            ]
          ]
        ]
      }
    },
    {
      "type": "Feature",
      "properties": {
        "panchayat_name": "Perur Panchayat 6",
        "panchayat_code": "GP_33_12_0081",
        "block_name": "Perur",
        "district_name": "Coimbatore",
        "state_name": "Tamil Nadu",
        "area_sq_km": 17.07
      },
      "geometry": {
        "type": "Polygon",
        "coordinates": [
          [
            [
              76.891,
              11.039282
            ],
            [
              76.8805,
              11.057469
            ],
            [
              76.8595,
              11.057469
            ],
            [
              76.849,
              11.039282
            ],
            [
              76.8595,
              11.021095
            ],
            [
              76.8805,
              11.021095
            ],
            [
              76.891,
              11.039282
            ]
          ]
        ]
      }
    },
    {
      "type": "Feature",
      "properties": {
        "panchayat_name": "Perur Panchayat 7",
        "panchayat_code": "GP_33_12_0082",
        "block_name": "Perur",
        "district_name": "Coimbatore",
        "state_name": "Tamil Nadu",
        "area_sq_km": 12.54
      },
      "geometry": {
        "type": "Polygon",
        "coordinates": [
          [
            [
              76.91182,
              10.981756
            ],
            [
              76.90282,
              10.997344
            ],
            [
              76.88482,
              10.997344
            ],
            [
              76.87582,
              10.981756
            ],
            [
              76.88482,
              10.966167
            ],
            [
              76.90282,
              10.966167
            ],
            [
              76.91182,
              10.981756
            ]
          ]
        ]
      }
    },
    {
      "type": "Feature",
      "properties": {
        "panchayat_name": "Perur Panchayat 8",
        "panchayat_code": "GP_33_12_0083",
        "block_name": "Perur",
        "district_name": "Coimbatore",
        "state_name": "Tamil Nadu",
        "area_sq_km": 8.71
      },
      "geometry": {
        "type": "Polygon",
        "coordinates": [
          [
            [
              76.876093,
              10.980396
            ],
            [
              76.868593,
              10.993386
            ],
            [
              76.853593,
              10.993386
            ],
            [
              76.846093,
              10.980396
            ],
            [
              76.853593,
              10.967405
            ],
            [
              76.868593,
              10.967405
            ],
            [
              76.876093,
              10.980396
            ]
          ]
        ]
      }
    },
    {
      "type": "Feature",
      "properties": {
        "panchayat_name": "Perur Panchayat 9",
        "panchayat_code": "GP_33_12_0084",
        "block_name": "Perur",
        "district_name": "Coimbatore",
        "state_name": "Tamil Nadu",
        "area_sq_km": 5.57
      },
      "geometry": {
        "type": "Polygon",
        "coordinates": [
          [
            [
              76.843748,
              10.953367
            ],
            [
              76.837748,
              10.963759
            ],
            [
              76.825748,
              10.963759
            ],
            [
              76.819748,
              10.953367
            ],
            [
              76.825748,
              10.942975
            ],
            [
              76.837748,
              10.942975
            ],
            [
              76.843748,
              10.953367
            ]
          ]
        ]
      }
    },
    {
      "type": "Feature",
      "properties": {
        "panchayat_name": "Perur Panchayat 10",
        "panchayat_code": "GP_33_12_0085",
        "block_name": "Perur",
        "district_name": "Coimbatore",
        "state_name": "Tamil Nadu",
        "area_sq_km": 17.07
      },
      "geometry": {
        "type": "Polygon",
        "coordinates": [
          [
            [
              76.91482,
              10.958244
            ],
            [
              76.90432,
              10.976431
            ],
            [
              76.88332,
              10.976431
            ],
            [
              76.87282,
              10.958244
            ],
            [
              76.88332,
              10.940058
            ],
            [
              76.90432,
              10.940058
            ],
            [
              76.91482,
              10.958244
            ]
          ]
        ]
      }
    },
    {
      "type": "Feature",
      "properties": {
        "panchayat_name": "Perur Panchayat 11",
        "panchayat_code": "GP_33_12_0086",
        "block_name": "Perur",
        "district_name": "Coimbatore",
        "state_name": "Tamil Nadu",
        "area_sq_km": 12.54
      },
      "geometry": {
        "type": "Polygon",
        "coordinates": [
          [
            [
              76.903,
              10.926699
            ],
            [
              76.894,
              10.942287
            ],
            [
              76.876,
              10.942287
            ],
            [
              76.867,
              10.926699
            ],
            [
              76.876,
              10.91111
            ],
            [
              76.894,
              10.91111
            ],
            [
              76.903,
              10.926699
            ]
          ]
        ]
      }
    },
    {
      "type": "Feature",
      "properties": {
        "panchayat_name": "Perur Panchayat 12",
        "panchayat_code": "GP_33_12_0087",
        "block_name": "Perur",
        "district_name": "Coimbatore",
        "state_name": "Tamil Nadu",
        "area_sq_km": 8.71
      },
      "geometry": {
        "type": "Polygon",
        "coordinates": [
          [
            [
              76.916638,
              10.890438
            ],
            [
              76.909138,
              10.903429
            ],
            [
              76.894138,
              10.903429
            ],
            [
              76.886638,
              10.890438
            ],
            [
              76.894138,
              10.877448
            ],
            [
              76.909138,
              10.877448
            ],
            [
              76.916638,
              10.890438
            ]
          ]
        ]
      }
    },
    {
      "type": "Feature",
      "properties": {
        "panchayat_name": "Perur Panchayat 13",
        "panchayat_code": "GP_33_12_0088",
        "block_name": "Perur",
        "district_name": "Coimbatore",
        "state_name": "Tamil Nadu",
        "area_sq_km": 5.57
      },
      "geometry": {
        "type": "Polygon",
        "coordinates": [
          [
            [
              76.92818,
              10.950979
            ],
            [
              76.92218,
              10.961371
            ],
            [
              76.91018,
              10.961371
            ],
            [
              76.90418,
              10.950979
            ],
            [
              76.91018,
              10.940587
            ],
            [
              76.92218,
              10.940587
            ],
            [
              76.92818,
              10.950979
            ]
          ]
        ]
      }
    },
    {
      "type": "Feature",
      "properties": {
        "panchayat_name": "Perur Panchayat 14",
        "panchayat_code": "GP_33_12_0089",
        "block_name": "Perur",
        "district_name": "Coimbatore",
        "state_name": "Tamil Nadu",
        "area_sq_km": 17.07
      },
      "geometry": {
        "type": "Polygon",
        "coordinates": [
          [
            [
              76.964457,
              10.932843
            ],
            [
              76.953957,
              10.951029
            ],
            [
              76.932957,
              10.951029
            ],
            [
              76.922457,
              10.932843
            ],
            [
              76.932957,
              10.914656
            ],
            [
              76.953957,
              10.914656
            ],
            [
              76.964457,
              10.932843
            ]
          ]
        ]
      }
    },
    {
      "type": "Feature",
      "properties": {
        "panchayat_name": "Perur Panchayat 15",
        "panchayat_code": "GP_33_12_0090",
        "block_name": "Perur",
        "district_name": "Coimbatore",
        "state_name": "Tamil Nadu",
        "area_sq_km": 12.54
      },
      "geometry": {
        "type": "Polygon",
        "coordinates": [
          [
            [
              77.001084,
              10.937461
            ],
            [
              76.992084,
              10.95305
            ],
            [
              76.974084,
              10.95305
            ],
            [
              76.965084,
              10.937461
            ],
            [
              76.974084,
              10.921873
            ],
            [
              76.992084,
              10.921873
            ],
            [
              77.001084,
              10.937461
            ]
          ]
        ]
      }
    },
    {
      "type": "Feature",
      "properties": {
        "panchayat_name": "Pollachi North Panchayat 1",
        "panchayat_code": "GP_33_12_0091",
        "block_name": "Pollachi North",
        "district_name": "Coimbatore",
        "state_name": "Tamil Nadu",
        "area_sq_km": 5.57
      },
      "geometry": {
        "type": "Polygon",
        "coordinates": [
          [
            [
              77.042,
              10.72
            ],
            [
              77.036,
              10.730392
            ],
            [
              77.024,
              10.730392
            ],
            [
              77.018,
              10.72
            ],
            [
              77.024,
              10.709608
            ],
            [
              77.036,
              10.709608
            ],
            [
              77.042,
              10.72
            ]
          ]
        ]
      }
    },
    {
      "type": "Feature",
      "properties": {
        "panchayat_name": "Pollachi North Panchayat 2",
        "panchayat_code": "GP_33_12_0092",
        "block_name": "Pollachi North",
        "district_name": "Coimbatore",
        "state_name": "Tamil Nadu",
        "area_sq_km": 17.07
      },
      "geometry": {
        "type": "Polygon",
        "coordinates": [
          [
            [
              77.076677,
              10.740337
            ],
            [
              77.066177,
              10.758523
            ],
            [
              77.045177,
              10.758523
            ],
            [
              77.034677,
              10.740337
            ],
            [
              77.045177,
              10.72215
            ],
            [
              77.066177,
              10.72215
            ],
            [
              77.076677,
              10.740337
            ]
          ]
        ]
      }
    },
    {
      "type": "Feature",
      "properties": {
        "panchayat_name": "Pollachi North Panchayat 3",
        "panchayat_code": "GP_33_12_0093",
        "block_name": "Pollachi North",
        "district_name": "Coimbatore",
        "state_name": "Tamil Nadu",
        "area_sq_km": 12.54
      },
      "geometry": {
        "type": "Polygon",
        "coordinates": [
          [
            [
              77.08153,
              10.779452
            ],
            [
              77.07253,
              10.79504
            ],
            [
              77.05453,
              10.79504
            ],
            [
              77.04553,
              10.779452
            ],
            [
              77.05453,
              10.763863
            ],
            [
              77.07253,
              10.763863
            ],
            [
              77.08153,
              10.779452
            ]
          ]
        ]
      }
    },
    {
      "type": "Feature",
      "properties": {
        "panchayat_name": "Pollachi North Panchayat 4",
        "panchayat_code": "GP_33_12_0094",
        "block_name": "Pollachi North",
        "district_name": "Coimbatore",
        "state_name": "Tamil Nadu",
        "area_sq_km": 8.71
      },
      "geometry": {
        "type": "Polygon",
        "coordinates": [
          [
            [
              77.03118,
              10.739021
            ],
            [
              77.02368,
              10.752012
            ],
            [
              77.00868,
              10.752012
            ],
            [
              77.00118,
              10.739021
            ],
            [
              77.00868,
              10.726031
            ],
            [
              77.02368,
              10.726031
            ],
            [
              77.03118,
              10.739021
            ]
          ]
        ]
      }
    },
    {
      "type": "Feature",
      "properties": {
        "panchayat_name": "Pollachi North Panchayat 5",
        "panchayat_code": "GP_33_12_0095",
        "block_name": "Pollachi North",
        "district_name": "Coimbatore",
        "state_name": "Tamil Nadu",
        "area_sq_km": 5.57
      },
      "geometry": {
        "type": "Polygon",
        "coordinates": [
          [
            [
              77.016774,
              10.769726
            ],
            [
              77.010774,
              10.780118
            ],
            [
              76.998774,
              10.780118
            ],
            [
              76.992774,
              10.769726
            ],
            [
              76.998774,
              10.759334
            ],
            [
              77.010774,
              10.759334
            ],
            [
              77.016774,
              10.769726
            ]
          ]
        ]
      }
    },
    {
      "type": "Feature",
      "properties": {
        "panchayat_name": "Pollachi North Panchayat 6",
        "panchayat_code": "GP_33_12_0096",
        "block_name": "Pollachi North",
        "district_name": "Coimbatore",
        "state_name": "Tamil Nadu",
        "area_sq_km": 17.07
      },
      "geometry": {
        "type": "Polygon",
        "coordinates": [
          [
            [
              76.991,
              10.789282
            ],
            [
              76.9805,
              10.807469
            ],
            [
              76.9595,
              10.807469
            ],
            [
              76.949,
              10.789282
            ],
            [
              76.9595,
              10.771095
            ],
            [
              76.9805,
              10.771095
            ],
            [
              76.991,
              10.789282
            ]
          ]
        ]
      }
    },
    {
      "type": "Feature",
      "properties": {
        "panchayat_name": "Pollachi North Panchayat 7",
        "panchayat_code": "GP_33_12_0097",
        "block_name": "Pollachi North",
        "district_name": "Coimbatore",
        "state_name": "Tamil Nadu",
        "area_sq_km": 12.54
      },
      "geometry": {
        "type": "Polygon",
        "coordinates": [
          [
            [
              77.01182,
              10.731756
            ],
            [
              77.00282,
              10.747344
            ],
            [
              76.98482,
              10.747344
            ],
            [
              76.97582,
              10.731756
            ],
            [
              76.98482,
              10.716167
            ],
            [
              77.00282,
              10.716167
            ],
            [
              77.01182,
              10.731756
            ]
          ]
        ]
      }
    },
    {
      "type": "Feature",
      "properties": {
        "panchayat_name": "Pollachi North Panchayat 8",
        "panchayat_code": "GP_33_12_0098",
        "block_name": "Pollachi North",
        "district_name": "Coimbatore",
        "state_name": "Tamil Nadu",
        "area_sq_km": 8.71
      },
      "geometry": {
        "type": "Polygon",
        "coordinates": [
          [
            [
              76.976093,
              10.730396
            ],
            [
              76.968593,
              10.743386
            ],
            [
              76.953593,
              10.743386
            ],
            [
              76.946093,
              10.730396
            ],
            [
              76.953593,
              10.717405
            ],
            [
              76.968593,
              10.717405
            ],
            [
              76.976093,
              10.730396
            ]
          ]
        ]
      }
    },
    {
      "type": "Feature",
      "properties": {
        "panchayat_name": "Pollachi North Panchayat 9",
        "panchayat_code": "GP_33_12_0099",
        "block_name": "Pollachi North",
        "district_name": "Coimbatore",
        "state_name": "Tamil Nadu",
        "area_sq_km": 5.57
      },
      "geometry": {
        "type": "Polygon",
        "coordinates": [
          [
            [
              76.943748,
              10.703367
            ],
            [
              76.937748,
              10.713759
            ],
            [
              76.925748,
              10.713759
            ],
            [
              76.919748,
              10.703367
            ],
            [
              76.925748,
              10.692975
            ],
            [
              76.937748,
              10.692975
            ],
            [
              76.943748,
              10.703367
            ]
          ]
        ]
      }
    },
    {
      "type": "Feature",
      "properties": {
        "panchayat_name": "Pollachi North Panchayat 10",
        "panchayat_code": "GP_33_12_0100",
        "block_name": "Pollachi North",
        "district_name": "Coimbatore",
        "state_name": "Tamil Nadu",
        "area_sq_km": 17.07
      },
      "geometry": {
        "type": "Polygon",
        "coordinates": [
          [
            [
              77.01482,
              10.708244
            ],
            [
              77.00432,
              10.726431
            ],
            [
              76.98332,
              10.726431
            ],
            [
              76.97282,
              10.708244
            ],
            [
              76.98332,
              10.690058
            ],
            [
              77.00432,
              10.690058
            ],
            [
              77.01482,
              10.708244
            ]
          ]
        ]
      }
    },
    {
      "type": "Feature",
      "properties": {
        "panchayat_name": "Pollachi North Panchayat 11",
        "panchayat_code": "GP_33_12_0101",
        "block_name": "Pollachi North",
        "district_name": "Coimbatore",
        "state_name": "Tamil Nadu",
        "area_sq_km": 12.54
      },
      "geometry": {
        "type": "Polygon",
        "coordinates": [
          [
            [
              77.003,
              10.676699
            ],
            [
              76.994,
              10.692287
            ],
            [
              76.976,
              10.692287
            ],
            [
              76.967,
              10.676699
            ],
            [
              76.976,
              10.66111
            ],
            [
              76.994,
              10.66111
            ],
            [
              77.003,
              10.676699
            ]
          ]
        ]
      }
    },
    {
      "type": "Feature",
      "properties": {
        "panchayat_name": "Pollachi North Panchayat 12",
        "panchayat_code": "GP_33_12_0102",
        "block_name": "Pollachi North",
        "district_name": "Coimbatore",
        "state_name": "Tamil Nadu",
        "area_sq_km": 8.71
      },
      "geometry": {
        "type": "Polygon",
        "coordinates": [
          [
            [
              77.016638,
              10.640438
            ],
            [
              77.009138,
              10.653429
            ],
            [
              76.994138,
              10.653429
            ],
            [
              76.986638,
              10.640438
            ],
            [
              76.994138,
              10.627448
            ],
            [
              77.009138,
              10.627448
            ],
            [
              77.016638,
              10.640438
            ]
          ]
        ]
      }
    },
    {
      "type": "Feature",
      "properties": {
        "panchayat_name": "Pollachi North Panchayat 13",
        "panchayat_code": "GP_33_12_0103",
        "block_name": "Pollachi North",
        "district_name": "Coimbatore",
        "state_name": "Tamil Nadu",
        "area_sq_km": 5.57
      },
      "geometry": {
        "type": "Polygon",
        "coordinates": [
          [
            [
              77.02818,
              10.700979
            ],
            [
              77.02218,
              10.711371
            ],
            [
              77.01018,
              10.711371
            ],
            [
              77.00418,
              10.700979
            ],
            [
              77.01018,
              10.690587
            ],
            [
              77.02218,
              10.690587
            ],
            [
              77.02818,
              10.700979
            ]
          ]
        ]
      }
    },
    {
      "type": "Feature",
      "properties": {
        "panchayat_name": "Pollachi North Panchayat 14",
        "panchayat_code": "GP_33_12_0104",
        "block_name": "Pollachi North",
        "district_name": "Coimbatore",
        "state_name": "Tamil Nadu",
        "area_sq_km": 17.07
      },
      "geometry": {
        "type": "Polygon",
        "coordinates": [
          [
            [
              77.064457,
              10.682843
            ],
            [
              77.053957,
              10.701029
            ],
            [
              77.032957,
              10.701029
            ],
            [
              77.022457,
              10.682843
            ],
            [
              77.032957,
              10.664656
            ],
            [
              77.053957,
              10.664656
            ],
            [
              77.064457,
              10.682843
            ]
          ]
        ]
      }
    },
    {
      "type": "Feature",
      "properties": {
        "panchayat_name": "Pollachi North Panchayat 15",
        "panchayat_code": "GP_33_12_0105",
        "block_name": "Pollachi North",
        "district_name": "Coimbatore",
        "state_name": "Tamil Nadu",
        "area_sq_km": 12.54
      },
      "geometry": {
        "type": "Polygon",
        "coordinates": [
          [
            [
              77.101084,
              10.687461
            ],
            [
              77.092084,
              10.70305
            ],
            [
              77.074084,
              10.70305
            ],
            [
              77.065084,
              10.687461
            ],
            [
              77.074084,
              10.671873
            ],
            [
              77.092084,
              10.671873
            ],
            [
              77.101084,
              10.687461
            ]
          ]
        ]
      }
    },
    {
      "type": "Feature",
      "properties": {
        "panchayat_name": "Pollachi South Panchayat 1",
        "panchayat_code": "GP_33_12_0106",
        "block_name": "Pollachi South",
        "district_name": "Coimbatore",
        "state_name": "Tamil Nadu",
        "area_sq_km": 5.57
      },
      "geometry": {
        "type": "Polygon",
        "coordinates": [
          [
            [
              77.042,
              10.6
            ],
            [
              77.036,
              10.610392
            ],
            [
              77.024,
              10.610392
            ],
            [
              77.018,
              10.6
            ],
            [
              77.024,
              10.589608
            ],
            [
              77.036,
              10.589608
            ],
            [
              77.042,
              10.6
            ]
          ]
        ]
      }
    },
    {
      "type": "Feature",
      "properties": {
        "panchayat_name": "Pollachi South Panchayat 2",
        "panchayat_code": "GP_33_12_0107",
        "block_name": "Pollachi South",
        "district_name": "Coimbatore",
        "state_name": "Tamil Nadu",
        "area_sq_km": 17.07
      },
      "geometry": {
        "type": "Polygon",
        "coordinates": [
          [
            [
              77.076677,
              10.620337
            ],
            [
              77.066177,
              10.638523
            ],
            [
              77.045177,
              10.638523
            ],
            [
              77.034677,
              10.620337
            ],
            [
              77.045177,
              10.60215
            ],
            [
              77.066177,
              10.60215
            ],
            [
              77.076677,
              10.620337
            ]
          ]
        ]
      }
    },
    {
      "type": "Feature",
      "properties": {
        "panchayat_name": "Pollachi South Panchayat 3",
        "panchayat_code": "GP_33_12_0108",
        "block_name": "Pollachi South",
        "district_name": "Coimbatore",
        "state_name": "Tamil Nadu",
        "area_sq_km": 12.54
      },
      "geometry": {
        "type": "Polygon",
        "coordinates": [
          [
            [
              77.08153,
              10.659452
            ],
            [
              77.07253,
              10.67504
            ],
            [
              77.05453,
              10.67504
            ],
            [
              77.04553,
              10.659452
            ],
            [
              77.05453,
              10.643863
            ],
            [
              77.07253,
              10.643863
            ],
            [
              77.08153,
              10.659452
            ]
          ]
        ]
      }
    },
    {
      "type": "Feature",
      "properties": {
        "panchayat_name": "Pollachi South Panchayat 4",
        "panchayat_code": "GP_33_12_0109",
        "block_name": "Pollachi South",
        "district_name": "Coimbatore",
        "state_name": "Tamil Nadu",
        "area_sq_km": 8.71
      },
      "geometry": {
        "type": "Polygon",
        "coordinates": [
          [
            [
              77.03118,
              10.619021
            ],
            [
              77.02368,
              10.632012
            ],
            [
              77.00868,
              10.632012
            ],
            [
              77.00118,
              10.619021
            ],
            [
              77.00868,
              10.606031
            ],
            [
              77.02368,
              10.606031
            ],
            [
              77.03118,
              10.619021
            ]
          ]
        ]
      }
    },
    {
      "type": "Feature",
      "properties": {
        "panchayat_name": "Pollachi South Panchayat 5",
        "panchayat_code": "GP_33_12_0110",
        "block_name": "Pollachi South",
        "district_name": "Coimbatore",
        "state_name": "Tamil Nadu",
        "area_sq_km": 5.57
      },
      "geometry": {
        "type": "Polygon",
        "coordinates": [
          [
            [
              77.016774,
              10.649726
            ],
            [
              77.010774,
              10.660118
            ],
            [
              76.998774,
              10.660118
            ],
            [
              76.992774,
              10.649726
            ],
            [
              76.998774,
              10.639334
            ],
            [
              77.010774,
              10.639334
            ],
            [
              77.016774,
              10.649726
            ]
          ]
        ]
      }
    },
    {
      "type": "Feature",
      "properties": {
        "panchayat_name": "Pollachi South Panchayat 6",
        "panchayat_code": "GP_33_12_0111",
        "block_name": "Pollachi South",
        "district_name": "Coimbatore",
        "state_name": "Tamil Nadu",
        "area_sq_km": 17.07
      },
      "geometry": {
        "type": "Polygon",
        "coordinates": [
          [
            [
              76.991,
              10.669282
            ],
            [
              76.9805,
              10.687469
            ],
            [
              76.9595,
              10.687469
            ],
            [
              76.949,
              10.669282
            ],
            [
              76.9595,
              10.651095
            ],
            [
              76.9805,
              10.651095
            ],
            [
              76.991,
              10.669282
            ]
          ]
        ]
      }
    },
    {
      "type": "Feature",
      "properties": {
        "panchayat_name": "Pollachi South Panchayat 7",
        "panchayat_code": "GP_33_12_0112",
        "block_name": "Pollachi South",
        "district_name": "Coimbatore",
        "state_name": "Tamil Nadu",
        "area_sq_km": 12.54
      },
      "geometry": {
        "type": "Polygon",
        "coordinates": [
          [
            [
              77.01182,
              10.611756
            ],
            [
              77.00282,
              10.627344
            ],
            [
              76.98482,
              10.627344
            ],
            [
              76.97582,
              10.611756
            ],
            [
              76.98482,
              10.596167
            ],
            [
              77.00282,
              10.596167
            ],
            [
              77.01182,
              10.611756
            ]
          ]
        ]
      }
    },
    {
      "type": "Feature",
      "properties": {
        "panchayat_name": "Pollachi South Panchayat 8",
        "panchayat_code": "GP_33_12_0113",
        "block_name": "Pollachi South",
        "district_name": "Coimbatore",
        "state_name": "Tamil Nadu",
        "area_sq_km": 8.71
      },
      "geometry": {
        "type": "Polygon",
        "coordinates": [
          [
            [
              76.976093,
              10.610396
            ],
            [
              76.968593,
              10.623386
            ],
            [
              76.953593,
              10.623386
            ],
            [
              76.946093,
              10.610396
            ],
            [
              76.953593,
              10.597405
            ],
            [
              76.968593,
              10.597405
            ],
            [
              76.976093,
              10.610396
            ]
          ]
        ]
      }
    },
    {
      "type": "Feature",
      "properties": {
        "panchayat_name": "Pollachi South Panchayat 9",
        "panchayat_code": "GP_33_12_0114",
        "block_name": "Pollachi South",
        "district_name": "Coimbatore",
        "state_name": "Tamil Nadu",
        "area_sq_km": 5.57
      },
      "geometry": {
        "type": "Polygon",
        "coordinates": [
          [
            [
              76.943748,
              10.583367
            ],
            [
              76.937748,
              10.593759
            ],
            [
              76.925748,
              10.593759
            ],
            [
              76.919748,
              10.583367
            ],
            [
              76.925748,
              10.572975
            ],
            [
              76.937748,
              10.572975
            ],
            [
              76.943748,
              10.583367
            ]
          ]
        ]
      }
    },
    {
      "type": "Feature",
      "properties": {
        "panchayat_name": "Pollachi South Panchayat 10",
        "panchayat_code": "GP_33_12_0115",
        "block_name": "Pollachi South",
        "district_name": "Coimbatore",
        "state_name": "Tamil Nadu",
        "area_sq_km": 17.07
      },
      "geometry": {
        "type": "Polygon",
        "coordinates": [
          [
            [
              77.01482,
              10.588244
            ],
            [
              77.00432,
              10.606431
            ],
            [
              76.98332,
              10.606431
            ],
            [
              76.97282,
              10.588244
            ],
            [
              76.98332,
              10.570058
            ],
            [
              77.00432,
              10.570058
            ],
            [
              77.01482,
              10.588244
            ]
          ]
        ]
      }
    },
    {
      "type": "Feature",
      "properties": {
        "panchayat_name": "Pollachi South Panchayat 11",
        "panchayat_code": "GP_33_12_0116",
        "block_name": "Pollachi South",
        "district_name": "Coimbatore",
        "state_name": "Tamil Nadu",
        "area_sq_km": 12.54
      },
      "geometry": {
        "type": "Polygon",
        "coordinates": [
          [
            [
              77.003,
              10.556699
            ],
            [
              76.994,
              10.572287
            ],
            [
              76.976,
              10.572287
            ],
            [
              76.967,
              10.556699
            ],
            [
              76.976,
              10.54111
            ],
            [
              76.994,
              10.54111
            ],
            [
              77.003,
              10.556699
            ]
          ]
        ]
      }
    },
    {
      "type": "Feature",
      "properties": {
        "panchayat_name": "Pollachi South Panchayat 12",
        "panchayat_code": "GP_33_12_0117",
        "block_name": "Pollachi South",
        "district_name": "Coimbatore",
        "state_name": "Tamil Nadu",
        "area_sq_km": 8.71
      },
      "geometry": {
        "type": "Polygon",
        "coordinates": [
          [
            [
              77.016638,
              10.520438
            ],
            [
              77.009138,
              10.533429
            ],
            [
              76.994138,
              10.533429
            ],
            [
              76.986638,
              10.520438
            ],
            [
              76.994138,
              10.507448
            ],
            [
              77.009138,
              10.507448
            ],
            [
              77.016638,
              10.520438
            ]
          ]
        ]
      }
    },
    {
      "type": "Feature",
      "properties": {
        "panchayat_name": "Pollachi South Panchayat 13",
        "panchayat_code": "GP_33_12_0118",
        "block_name": "Pollachi South",
        "district_name": "Coimbatore",
        "state_name": "Tamil Nadu",
        "area_sq_km": 5.57
      },
      "geometry": {
        "type": "Polygon",
        "coordinates": [
          [
            [
              77.02818,
              10.580979
            ],
            [
              77.02218,
              10.591371
            ],
            [
              77.01018,
              10.591371
            ],
            [
              77.00418,
              10.580979
            ],
            [
              77.01018,
              10.570587
            ],
            [
              77.02218,
              10.570587
            ],
            [
              77.02818,
              10.580979
            ]
          ]
        ]
      }
    },
    {
      "type": "Feature",
      "properties": {
        "panchayat_name": "Pollachi South Panchayat 14",
        "panchayat_code": "GP_33_12_0119",
        "block_name": "Pollachi South",
        "district_name": "Coimbatore",
        "state_name": "Tamil Nadu",
        "area_sq_km": 17.07
      },
      "geometry": {
        "type": "Polygon",
        "coordinates": [
          [
            [
              77.064457,
              10.562843
            ],
            [
              77.053957,
              10.581029
            ],
            [
              77.032957,
              10.581029
            ],
            [
              77.022457,
              10.562843
            ],
            [
              77.032957,
              10.544656
            ],
            [
              77.053957,
              10.544656
            ],
            [
              77.064457,
              10.562843
            ]
          ]
        ]
      }
    },
    {
      "type": "Feature",
      "properties": {
        "panchayat_name": "Pollachi South Panchayat 15",
        "panchayat_code": "GP_33_12_0120",
        "block_name": "Pollachi South",
        "district_name": "Coimbatore",
        "state_name": "Tamil Nadu",
        "area_sq_km": 12.54
      },
      "geometry": {
        "type": "Polygon",
        "coordinates": [
          [
            [
              77.101084,
              10.567461
            ],
            [
              77.092084,
              10.58305
            ],
            [
              77.074084,
              10.58305
            ],
            [
              77.065084,
              10.567461
            ],
            [
              77.074084,
              10.551873
            ],
            [
              77.092084,
              10.551873
            ],
            [
              77.101084,
              10.567461
            ]
          ]
        ]
      }
    },
    {
      "type": "Feature",
      "properties": {
        "panchayat_name": "Sultanpet Panchayat 1",
        "panchayat_code": "GP_33_12_0121",
        "block_name": "Sultanpet",
        "district_name": "Coimbatore",
        "state_name": "Tamil Nadu",
        "area_sq_km": 5.57
      },
      "geometry": {
        "type": "Polygon",
        "coordinates": [
          [
            [
              77.212,
              10.92
            ],
            [
              77.206,
              10.930392
            ],
            [
              77.194,
              10.930392
            ],
            [
              77.188,
              10.92
            ],
            [
              77.194,
              10.909608
            ],
            [
              77.206,
              10.909608
            ],
            [
              77.212,
              10.92
            ]
          ]
        ]
      }
    },
    {
      "type": "Feature",
      "properties": {
        "panchayat_name": "Sultanpet Panchayat 2",
        "panchayat_code": "GP_33_12_0122",
        "block_name": "Sultanpet",
        "district_name": "Coimbatore",
        "state_name": "Tamil Nadu",
        "area_sq_km": 17.07
      },
      "geometry": {
        "type": "Polygon",
        "coordinates": [
          [
            [
              77.246677,
              10.940337
            ],
            [
              77.236177,
              10.958523
            ],
            [
              77.215177,
              10.958523
            ],
            [
              77.204677,
              10.940337
            ],
            [
              77.215177,
              10.92215
            ],
            [
              77.236177,
              10.92215
            ],
            [
              77.246677,
              10.940337
            ]
          ]
        ]
      }
    },
    {
      "type": "Feature",
      "properties": {
        "panchayat_name": "Sultanpet Panchayat 3",
        "panchayat_code": "GP_33_12_0123",
        "block_name": "Sultanpet",
        "district_name": "Coimbatore",
        "state_name": "Tamil Nadu",
        "area_sq_km": 12.54
      },
      "geometry": {
        "type": "Polygon",
        "coordinates": [
          [
            [
              77.25153,
              10.979452
            ],
            [
              77.24253,
              10.99504
            ],
            [
              77.22453,
              10.99504
            ],
            [
              77.21553,
              10.979452
            ],
            [
              77.22453,
              10.963863
            ],
            [
              77.24253,
              10.963863
            ],
            [
              77.25153,
              10.979452
            ]
          ]
        ]
      }
    },
    {
      "type": "Feature",
      "properties": {
        "panchayat_name": "Sultanpet Panchayat 4",
        "panchayat_code": "GP_33_12_0124",
        "block_name": "Sultanpet",
        "district_name": "Coimbatore",
        "state_name": "Tamil Nadu",
        "area_sq_km": 8.71
      },
      "geometry": {
        "type": "Polygon",
        "coordinates": [
          [
            [
              77.20118,
              10.939021
            ],
            [
              77.19368,
              10.952012
            ],
            [
              77.17868,
              10.952012
            ],
            [
              77.17118,
              10.939021
            ],
            [
              77.17868,
              10.926031
            ],
            [
              77.19368,
              10.926031
            ],
            [
              77.20118,
              10.939021
            ]
          ]
        ]
      }
    },
    {
      "type": "Feature",
      "properties": {
        "panchayat_name": "Sultanpet Panchayat 5",
        "panchayat_code": "GP_33_12_0125",
        "block_name": "Sultanpet",
        "district_name": "Coimbatore",
        "state_name": "Tamil Nadu",
        "area_sq_km": 5.57
      },
      "geometry": {
        "type": "Polygon",
        "coordinates": [
          [
            [
              77.186774,
              10.969726
            ],
            [
              77.180774,
              10.980118
            ],
            [
              77.168774,
              10.980118
            ],
            [
              77.162774,
              10.969726
            ],
            [
              77.168774,
              10.959334
            ],
            [
              77.180774,
              10.959334
            ],
            [
              77.186774,
              10.969726
            ]
          ]
        ]
      }
    },
    {
      "type": "Feature",
      "properties": {
        "panchayat_name": "Sultanpet Panchayat 6",
        "panchayat_code": "GP_33_12_0126",
        "block_name": "Sultanpet",
        "district_name": "Coimbatore",
        "state_name": "Tamil Nadu",
        "area_sq_km": 17.07
      },
      "geometry": {
        "type": "Polygon",
        "coordinates": [
          [
            [
              77.161,
              10.989282
            ],
            [
              77.1505,
              11.007469
            ],
            [
              77.1295,
              11.007469
            ],
            [
              77.119,
              10.989282
            ],
            [
              77.1295,
              10.971095
            ],
            [
              77.1505,
              10.971095
            ],
            [
              77.161,
              10.989282
            ]
          ]
        ]
      }
    },
    {
      "type": "Feature",
      "properties": {
        "panchayat_name": "Sultanpet Panchayat 7",
        "panchayat_code": "GP_33_12_0127",
        "block_name": "Sultanpet",
        "district_name": "Coimbatore",
        "state_name": "Tamil Nadu",
        "area_sq_km": 12.54
      },
      "geometry": {
        "type": "Polygon",
        "coordinates": [
          [
            [
              77.18182,
              10.931756
            ],
            [
              77.17282,
              10.947344
            ],
            [
              77.15482,
              10.947344
            ],
            [
              77.14582,
              10.931756
            ],
            [
              77.15482,
              10.916167
            ],
            [
              77.17282,
              10.916167
            ],
            [
              77.18182,
              10.931756
            ]
          ]
        ]
      }
    },
    {
      "type": "Feature",
      "properties": {
        "panchayat_name": "Sultanpet Panchayat 8",
        "panchayat_code": "GP_33_12_0128",
        "block_name": "Sultanpet",
        "district_name": "Coimbatore",
        "state_name": "Tamil Nadu",
        "area_sq_km": 8.71
      },
      "geometry": {
        "type": "Polygon",
        "coordinates": [
          [
            [
              77.146093,
              10.930396
            ],
            [
              77.138593,
              10.943386
            ],
            [
              77.123593,
              10.943386
            ],
            [
              77.116093,
              10.930396
            ],
            [
              77.123593,
              10.917405
            ],
            [
              77.138593,
              10.917405
            ],
            [
              77.146093,
              10.930396
            ]
          ]
        ]
      }
    },
    {
      "type": "Feature",
      "properties": {
        "panchayat_name": "Sultanpet Panchayat 9",
        "panchayat_code": "GP_33_12_0129",
        "block_name": "Sultanpet",
        "district_name": "Coimbatore",
        "state_name": "Tamil Nadu",
        "area_sq_km": 5.57
      },
      "geometry": {
        "type": "Polygon",
        "coordinates": [
          [
            [
              77.113748,
              10.903367
            ],
            [
              77.107748,
              10.913759
            ],
            [
              77.095748,
              10.913759
            ],
            [
              77.089748,
              10.903367
            ],
            [
              77.095748,
              10.892975
            ],
            [
              77.107748,
              10.892975
            ],
            [
              77.113748,
              10.903367
            ]
          ]
        ]
      }
    },
    {
      "type": "Feature",
      "properties": {
        "panchayat_name": "Sultanpet Panchayat 10",
        "panchayat_code": "GP_33_12_0130",
        "block_name": "Sultanpet",
        "district_name": "Coimbatore",
        "state_name": "Tamil Nadu",
        "area_sq_km": 17.07
      },
      "geometry": {
        "type": "Polygon",
        "coordinates": [
          [
            [
              77.18482,
              10.908244
            ],
            [
              77.17432,
              10.926431
            ],
            [
              77.15332,
              10.926431
            ],
            [
              77.14282,
              10.908244
            ],
            [
              77.15332,
              10.890058
            ],
            [
              77.17432,
              10.890058
            ],
            [
              77.18482,
              10.908244
            ]
          ]
        ]
      }
    },
    {
      "type": "Feature",
      "properties": {
        "panchayat_name": "Sultanpet Panchayat 11",
        "panchayat_code": "GP_33_12_0131",
        "block_name": "Sultanpet",
        "district_name": "Coimbatore",
        "state_name": "Tamil Nadu",
        "area_sq_km": 12.54
      },
      "geometry": {
        "type": "Polygon",
        "coordinates": [
          [
            [
              77.173,
              10.876699
            ],
            [
              77.164,
              10.892287
            ],
            [
              77.146,
              10.892287
            ],
            [
              77.137,
              10.876699
            ],
            [
              77.146,
              10.86111
            ],
            [
              77.164,
              10.86111
            ],
            [
              77.173,
              10.876699
            ]
          ]
        ]
      }
    },
    {
      "type": "Feature",
      "properties": {
        "panchayat_name": "Sultanpet Panchayat 12",
        "panchayat_code": "GP_33_12_0132",
        "block_name": "Sultanpet",
        "district_name": "Coimbatore",
        "state_name": "Tamil Nadu",
        "area_sq_km": 8.71
      },
      "geometry": {
        "type": "Polygon",
        "coordinates": [
          [
            [
              77.186638,
              10.840438
            ],
            [
              77.179138,
              10.853429
            ],
            [
              77.164138,
              10.853429
            ],
            [
              77.156638,
              10.840438
            ],
            [
              77.164138,
              10.827448
            ],
            [
              77.179138,
              10.827448
            ],
            [
              77.186638,
              10.840438
            ]
          ]
        ]
      }
    },
    {
      "type": "Feature",
      "properties": {
        "panchayat_name": "Sultanpet Panchayat 13",
        "panchayat_code": "GP_33_12_0133",
        "block_name": "Sultanpet",
        "district_name": "Coimbatore",
        "state_name": "Tamil Nadu",
        "area_sq_km": 5.57
      },
      "geometry": {
        "type": "Polygon",
        "coordinates": [
          [
            [
              77.19818,
              10.900979
            ],
            [
              77.19218,
              10.911371
            ],
            [
              77.18018,
              10.911371
            ],
            [
              77.17418,
              10.900979
            ],
            [
              77.18018,
              10.890587
            ],
            [
              77.19218,
              10.890587
            ],
            [
              77.19818,
              10.900979
            ]
          ]
        ]
      }
    },
    {
      "type": "Feature",
      "properties": {
        "panchayat_name": "Sultanpet Panchayat 14",
        "panchayat_code": "GP_33_12_0134",
        "block_name": "Sultanpet",
        "district_name": "Coimbatore",
        "state_name": "Tamil Nadu",
        "area_sq_km": 17.07
      },
      "geometry": {
        "type": "Polygon",
        "coordinates": [
          [
            [
              77.234457,
              10.882843
            ],
            [
              77.223957,
              10.901029
            ],
            [
              77.202957,
              10.901029
            ],
            [
              77.192457,
              10.882843
            ],
            [
              77.202957,
              10.864656
            ],
            [
              77.223957,
              10.864656
            ],
            [
              77.234457,
              10.882843
            ]
          ]
        ]
      }
    },
    {
      "type": "Feature",
      "properties": {
        "panchayat_name": "Sultanpet Panchayat 15",
        "panchayat_code": "GP_33_12_0135",
        "block_name": "Sultanpet",
        "district_name": "Coimbatore",
        "state_name": "Tamil Nadu",
        "area_sq_km": 12.54
      },
      "geometry": {
        "type": "Polygon",
        "coordinates": [
          [
            [
              77.271084,
              10.887461
            ],
            [
              77.262084,
              10.90305
            ],
            [
              77.244084,
              10.90305
            ],
            [
              77.235084,
              10.887461
            ],
            [
              77.244084,
              10.871873
            ],
            [
              77.262084,
              10.871873
            ],
            [
              77.271084,
              10.887461
            ]
          ]
        ]
      }
    },
    {
      "type": "Feature",
      "properties": {
        "panchayat_name": "Sulur Panchayat 1",
        "panchayat_code": "GP_33_12_0136",
        "block_name": "Sulur",
        "district_name": "Coimbatore",
        "state_name": "Tamil Nadu",
        "area_sq_km": 5.57
      },
      "geometry": {
        "type": "Polygon",
        "coordinates": [
          [
            [
              77.152,
              11.02
            ],
            [
              77.146,
              11.030392
            ],
            [
              77.134,
              11.030392
            ],
            [
              77.128,
              11.02
            ],
            [
              77.134,
              11.009608
            ],
            [
              77.146,
              11.009608
            ],
            [
              77.152,
              11.02
            ]
          ]
        ]
      }
    },
    {
      "type": "Feature",
      "properties": {
        "panchayat_name": "Sulur Panchayat 2",
        "panchayat_code": "GP_33_12_0137",
        "block_name": "Sulur",
        "district_name": "Coimbatore",
        "state_name": "Tamil Nadu",
        "area_sq_km": 17.07
      },
      "geometry": {
        "type": "Polygon",
        "coordinates": [
          [
            [
              77.186677,
              11.040337
            ],
            [
              77.176177,
              11.058523
            ],
            [
              77.155177,
              11.058523
            ],
            [
              77.144677,
              11.040337
            ],
            [
              77.155177,
              11.02215
            ],
            [
              77.176177,
              11.02215
            ],
            [
              77.186677,
              11.040337
            ]
          ]
        ]
      }
    },
    {
      "type": "Feature",
      "properties": {
        "panchayat_name": "Sulur Panchayat 3",
        "panchayat_code": "GP_33_12_0138",
        "block_name": "Sulur",
        "district_name": "Coimbatore",
        "state_name": "Tamil Nadu",
        "area_sq_km": 12.54
      },
      "geometry": {
        "type": "Polygon",
        "coordinates": [
          [
            [
              77.19153,
              11.079452
            ],
            [
              77.18253,
              11.09504
            ],
            [
              77.16453,
              11.09504
            ],
            [
              77.15553,
              11.079452
            ],
            [
              77.16453,
              11.063863
            ],
            [
              77.18253,
              11.063863
            ],
            [
              77.19153,
              11.079452
            ]
          ]
        ]
      }
    },
    {
      "type": "Feature",
      "properties": {
        "panchayat_name": "Sulur Panchayat 4",
        "panchayat_code": "GP_33_12_0139",
        "block_name": "Sulur",
        "district_name": "Coimbatore",
        "state_name": "Tamil Nadu",
        "area_sq_km": 8.71
      },
      "geometry": {
        "type": "Polygon",
        "coordinates": [
          [
            [
              77.14118,
              11.039021
            ],
            [
              77.13368,
              11.052012
            ],
            [
              77.11868,
              11.052012
            ],
            [
              77.11118,
              11.039021
            ],
            [
              77.11868,
              11.026031
            ],
            [
              77.13368,
              11.026031
            ],
            [
              77.14118,
              11.039021
            ]
          ]
        ]
      }
    },
    {
      "type": "Feature",
      "properties": {
        "panchayat_name": "Sulur Panchayat 5",
        "panchayat_code": "GP_33_12_0140",
        "block_name": "Sulur",
        "district_name": "Coimbatore",
        "state_name": "Tamil Nadu",
        "area_sq_km": 5.57
      },
      "geometry": {
        "type": "Polygon",
        "coordinates": [
          [
            [
              77.126774,
              11.069726
            ],
            [
              77.120774,
              11.080118
            ],
            [
              77.108774,
              11.080118
            ],
            [
              77.102774,
              11.069726
            ],
            [
              77.108774,
              11.059334
            ],
            [
              77.120774,
              11.059334
            ],
            [
              77.126774,
              11.069726
            ]
          ]
        ]
      }
    },
    {
      "type": "Feature",
      "properties": {
        "panchayat_name": "Sulur Panchayat 6",
        "panchayat_code": "GP_33_12_0141",
        "block_name": "Sulur",
        "district_name": "Coimbatore",
        "state_name": "Tamil Nadu",
        "area_sq_km": 17.07
      },
      "geometry": {
        "type": "Polygon",
        "coordinates": [
          [
            [
              77.101,
              11.089282
            ],
            [
              77.0905,
              11.107469
            ],
            [
              77.0695,
              11.107469
            ],
            [
              77.059,
              11.089282
            ],
            [
              77.0695,
              11.071095
            ],
            [
              77.0905,
              11.071095
            ],
            [
              77.101,
              11.089282
            ]
          ]
        ]
      }
    },
    {
      "type": "Feature",
      "properties": {
        "panchayat_name": "Sulur Panchayat 7",
        "panchayat_code": "GP_33_12_0142",
        "block_name": "Sulur",
        "district_name": "Coimbatore",
        "state_name": "Tamil Nadu",
        "area_sq_km": 12.54
      },
      "geometry": {
        "type": "Polygon",
        "coordinates": [
          [
            [
              77.12182,
              11.031756
            ],
            [
              77.11282,
              11.047344
            ],
            [
              77.09482,
              11.047344
            ],
            [
              77.08582,
              11.031756
            ],
            [
              77.09482,
              11.016167
            ],
            [
              77.11282,
              11.016167
            ],
            [
              77.12182,
              11.031756
            ]
          ]
        ]
      }
    },
    {
      "type": "Feature",
      "properties": {
        "panchayat_name": "Sulur Panchayat 8",
        "panchayat_code": "GP_33_12_0143",
        "block_name": "Sulur",
        "district_name": "Coimbatore",
        "state_name": "Tamil Nadu",
        "area_sq_km": 8.71
      },
      "geometry": {
        "type": "Polygon",
        "coordinates": [
          [
            [
              77.086093,
              11.030396
            ],
            [
              77.078593,
              11.043386
            ],
            [
              77.063593,
              11.043386
            ],
            [
              77.056093,
              11.030396
            ],
            [
              77.063593,
              11.017405
            ],
            [
              77.078593,
              11.017405
            ],
            [
              77.086093,
              11.030396
            ]
          ]
        ]
      }
    },
    {
      "type": "Feature",
      "properties": {
        "panchayat_name": "Sulur Panchayat 9",
        "panchayat_code": "GP_33_12_0144",
        "block_name": "Sulur",
        "district_name": "Coimbatore",
        "state_name": "Tamil Nadu",
        "area_sq_km": 5.57
      },
      "geometry": {
        "type": "Polygon",
        "coordinates": [
          [
            [
              77.053748,
              11.003367
            ],
            [
              77.047748,
              11.013759
            ],
            [
              77.035748,
              11.013759
            ],
            [
              77.029748,
              11.003367
            ],
            [
              77.035748,
              10.992975
            ],
            [
              77.047748,
              10.992975
            ],
            [
              77.053748,
              11.003367
            ]
          ]
        ]
      }
    },
    {
      "type": "Feature",
      "properties": {
        "panchayat_name": "Sulur Panchayat 10",
        "panchayat_code": "GP_33_12_0145",
        "block_name": "Sulur",
        "district_name": "Coimbatore",
        "state_name": "Tamil Nadu",
        "area_sq_km": 17.07
      },
      "geometry": {
        "type": "Polygon",
        "coordinates": [
          [
            [
              77.12482,
              11.008244
            ],
            [
              77.11432,
              11.026431
            ],
            [
              77.09332,
              11.026431
            ],
            [
              77.08282,
              11.008244
            ],
            [
              77.09332,
              10.990058
            ],
            [
              77.11432,
              10.990058
            ],
            [
              77.12482,
              11.008244
            ]
          ]
        ]
      }
    },
    {
      "type": "Feature",
      "properties": {
        "panchayat_name": "Sulur Panchayat 11",
        "panchayat_code": "GP_33_12_0146",
        "block_name": "Sulur",
        "district_name": "Coimbatore",
        "state_name": "Tamil Nadu",
        "area_sq_km": 12.54
      },
      "geometry": {
        "type": "Polygon",
        "coordinates": [
          [
            [
              77.113,
              10.976699
            ],
            [
              77.104,
              10.992287
            ],
            [
              77.086,
              10.992287
            ],
            [
              77.077,
              10.976699
            ],
            [
              77.086,
              10.96111
            ],
            [
              77.104,
              10.96111
            ],
            [
              77.113,
              10.976699
            ]
          ]
        ]
      }
    },
    {
      "type": "Feature",
      "properties": {
        "panchayat_name": "Sulur Panchayat 12",
        "panchayat_code": "GP_33_12_0147",
        "block_name": "Sulur",
        "district_name": "Coimbatore",
        "state_name": "Tamil Nadu",
        "area_sq_km": 8.71
      },
      "geometry": {
        "type": "Polygon",
        "coordinates": [
          [
            [
              77.126638,
              10.940438
            ],
            [
              77.119138,
              10.953429
            ],
            [
              77.104138,
              10.953429
            ],
            [
              77.096638,
              10.940438
            ],
            [
              77.104138,
              10.927448
            ],
            [
              77.119138,
              10.927448
            ],
            [
              77.126638,
              10.940438
            ]
          ]
        ]
      }
    },
    {
      "type": "Feature",
      "properties": {
        "panchayat_name": "Sulur Panchayat 13",
        "panchayat_code": "GP_33_12_0148",
        "block_name": "Sulur",
        "district_name": "Coimbatore",
        "state_name": "Tamil Nadu",
        "area_sq_km": 5.57
      },
      "geometry": {
        "type": "Polygon",
        "coordinates": [
          [
            [
              77.13818,
              11.000979
            ],
            [
              77.13218,
              11.011371
            ],
            [
              77.12018,
              11.011371
            ],
            [
              77.11418,
              11.000979
            ],
            [
              77.12018,
              10.990587
            ],
            [
              77.13218,
              10.990587
            ],
            [
              77.13818,
              11.000979
            ]
          ]
        ]
      }
    },
    {
      "type": "Feature",
      "properties": {
        "panchayat_name": "Sulur Panchayat 14",
        "panchayat_code": "GP_33_12_0149",
        "block_name": "Sulur",
        "district_name": "Coimbatore",
        "state_name": "Tamil Nadu",
        "area_sq_km": 17.07
      },
      "geometry": {
        "type": "Polygon",
        "coordinates": [
          [
            [
              77.174457,
              10.982843
            ],
            [
              77.163957,
              11.001029
            ],
            [
              77.142957,
              11.001029
            ],
            [
              77.132457,
              10.982843
            ],
            [
              77.142957,
              10.964656
            ],
            [
              77.163957,
              10.964656
            ],
            [
              77.174457,
              10.982843
            ]
          ]
        ]
      }
    },
    {
      "type": "Feature",
      "properties": {
        "panchayat_name": "Sulur Panchayat 15",
        "panchayat_code": "GP_33_12_0150",
        "block_name": "Sulur",
        "district_name": "Coimbatore",
        "state_name": "Tamil Nadu",
        "area_sq_km": 12.54
      },
      "geometry": {
        "type": "Polygon",
        "coordinates": [
          [
            [
              77.211084,
              10.987461
            ],
            [
              77.202084,
              11.00305
            ],
            [
              77.184084,
              11.00305
            ],
            [
              77.175084,
              10.987461
            ],
            [
              77.184084,
              10.971873
            ],
            [
              77.202084,
              10.971873
            ],
            [
              77.211084,
              10.987461
            ]
          ]
        ]
      }
    },
    {
      "type": "Feature",
      "properties": {
        "panchayat_name": "Thondamuthur Panchayat 1",
        "panchayat_code": "GP_33_12_0151",
        "block_name": "Thondamuthur",
        "district_name": "Coimbatore",
        "state_name": "Tamil Nadu",
        "area_sq_km": 5.57
      },
      "geometry": {
        "type": "Polygon",
        "coordinates": [
          [
            [
              76.862,
              10.99
            ],
            [
              76.856,
              11.000392
            ],
            [
              76.844,
              11.000392
            ],
            [
              76.838,
              10.99
            ],
            [
              76.844,
              10.979608
            ],
            [
              76.856,
              10.979608
            ],
            [
              76.862,
              10.99
            ]
          ]
        ]
      }
    },
    {
      "type": "Feature",
      "properties": {
        "panchayat_name": "Thondamuthur Panchayat 2",
        "panchayat_code": "GP_33_12_0152",
        "block_name": "Thondamuthur",
        "district_name": "Coimbatore",
        "state_name": "Tamil Nadu",
        "area_sq_km": 17.07
      },
      "geometry": {
        "type": "Polygon",
        "coordinates": [
          [
            [
              76.896677,
              11.010337
            ],
            [
              76.886177,
              11.028523
            ],
            [
              76.865177,
              11.028523
            ],
            [
              76.854677,
              11.010337
            ],
            [
              76.865177,
              10.99215
            ],
            [
              76.886177,
              10.99215
            ],
            [
              76.896677,
              11.010337
            ]
          ]
        ]
      }
    },
    {
      "type": "Feature",
      "properties": {
        "panchayat_name": "Thondamuthur Panchayat 3",
        "panchayat_code": "GP_33_12_0153",
        "block_name": "Thondamuthur",
        "district_name": "Coimbatore",
        "state_name": "Tamil Nadu",
        "area_sq_km": 12.54
      },
      "geometry": {
        "type": "Polygon",
        "coordinates": [
          [
            [
              76.90153,
              11.049452
            ],
            [
              76.89253,
              11.06504
            ],
            [
              76.87453,
              11.06504
            ],
            [
              76.86553,
              11.049452
            ],
            [
              76.87453,
              11.033863
            ],
            [
              76.89253,
              11.033863
            ],
            [
              76.90153,
              11.049452
            ]
          ]
        ]
      }
    },
    {
      "type": "Feature",
      "properties": {
        "panchayat_name": "Thondamuthur Panchayat 4",
        "panchayat_code": "GP_33_12_0154",
        "block_name": "Thondamuthur",
        "district_name": "Coimbatore",
        "state_name": "Tamil Nadu",
        "area_sq_km": 8.71
      },
      "geometry": {
        "type": "Polygon",
        "coordinates": [
          [
            [
              76.85118,
              11.009021
            ],
            [
              76.84368,
              11.022012
            ],
            [
              76.82868,
              11.022012
            ],
            [
              76.82118,
              11.009021
            ],
            [
              76.82868,
              10.996031
            ],
            [
              76.84368,
              10.996031
            ],
            [
              76.85118,
              11.009021
            ]
          ]
        ]
      }
    },
    {
      "type": "Feature",
      "properties": {
        "panchayat_name": "Thondamuthur Panchayat 5",
        "panchayat_code": "GP_33_12_0155",
        "block_name": "Thondamuthur",
        "district_name": "Coimbatore",
        "state_name": "Tamil Nadu",
        "area_sq_km": 5.57
      },
      "geometry": {
        "type": "Polygon",
        "coordinates": [
          [
            [
              76.836774,
              11.039726
            ],
            [
              76.830774,
              11.050118
            ],
            [
              76.818774,
              11.050118
            ],
            [
              76.812774,
              11.039726
            ],
            [
              76.818774,
              11.029334
            ],
            [
              76.830774,
              11.029334
            ],
            [
              76.836774,
              11.039726
            ]
          ]
        ]
      }
    },
    {
      "type": "Feature",
      "properties": {
        "panchayat_name": "Thondamuthur Panchayat 6",
        "panchayat_code": "GP_33_12_0156",
        "block_name": "Thondamuthur",
        "district_name": "Coimbatore",
        "state_name": "Tamil Nadu",
        "area_sq_km": 17.07
      },
      "geometry": {
        "type": "Polygon",
        "coordinates": [
          [
            [
              76.811,
              11.059282
            ],
            [
              76.8005,
              11.077469
            ],
            [
              76.7795,
              11.077469
            ],
            [
              76.769,
              11.059282
            ],
            [
              76.7795,
              11.041095
            ],
            [
              76.8005,
              11.041095
            ],
            [
              76.811,
              11.059282
            ]
          ]
        ]
      }
    },
    {
      "type": "Feature",
      "properties": {
        "panchayat_name": "Thondamuthur Panchayat 7",
        "panchayat_code": "GP_33_12_0157",
        "block_name": "Thondamuthur",
        "district_name": "Coimbatore",
        "state_name": "Tamil Nadu",
        "area_sq_km": 12.54
      },
      "geometry": {
        "type": "Polygon",
        "coordinates": [
          [
            [
              76.83182,
              11.001756
            ],
            [
              76.82282,
              11.017344
            ],
            [
              76.80482,
              11.017344
            ],
            [
              76.79582,
              11.001756
            ],
            [
              76.80482,
              10.986167
            ],
            [
              76.82282,
              10.986167
            ],
            [
              76.83182,
              11.001756
            ]
          ]
        ]
      }
    },
    {
      "type": "Feature",
      "properties": {
        "panchayat_name": "Thondamuthur Panchayat 8",
        "panchayat_code": "GP_33_12_0158",
        "block_name": "Thondamuthur",
        "district_name": "Coimbatore",
        "state_name": "Tamil Nadu",
        "area_sq_km": 8.71
      },
      "geometry": {
        "type": "Polygon",
        "coordinates": [
          [
            [
              76.796093,
              11.000396
            ],
            [
              76.788593,
              11.013386
            ],
            [
              76.773593,
              11.013386
            ],
            [
              76.766093,
              11.000396
            ],
            [
              76.773593,
              10.987405
            ],
            [
              76.788593,
              10.987405
            ],
            [
              76.796093,
              11.000396
            ]
          ]
        ]
      }
    },
    {
      "type": "Feature",
      "properties": {
        "panchayat_name": "Thondamuthur Panchayat 9",
        "panchayat_code": "GP_33_12_0159",
        "block_name": "Thondamuthur",
        "district_name": "Coimbatore",
        "state_name": "Tamil Nadu",
        "area_sq_km": 5.57
      },
      "geometry": {
        "type": "Polygon",
        "coordinates": [
          [
            [
              76.763748,
              10.973367
            ],
            [
              76.757748,
              10.983759
            ],
            [
              76.745748,
              10.983759
            ],
            [
              76.739748,
              10.973367
            ],
            [
              76.745748,
              10.962975
            ],
            [
              76.757748,
              10.962975
            ],
            [
              76.763748,
              10.973367
            ]
          ]
        ]
      }
    },
    {
      "type": "Feature",
      "properties": {
        "panchayat_name": "Thondamuthur Panchayat 10",
        "panchayat_code": "GP_33_12_0160",
        "block_name": "Thondamuthur",
        "district_name": "Coimbatore",
        "state_name": "Tamil Nadu",
        "area_sq_km": 17.07
      },
      "geometry": {
        "type": "Polygon",
        "coordinates": [
          [
            [
              76.83482,
              10.978244
            ],
            [
              76.82432,
              10.996431
            ],
            [
              76.80332,
              10.996431
            ],
            [
              76.79282,
              10.978244
            ],
            [
              76.80332,
              10.960058
            ],
            [
              76.82432,
              10.960058
            ],
            [
              76.83482,
              10.978244
            ]
          ]
        ]
      }
    },
    {
      "type": "Feature",
      "properties": {
        "panchayat_name": "Thondamuthur Panchayat 11",
        "panchayat_code": "GP_33_12_0161",
        "block_name": "Thondamuthur",
        "district_name": "Coimbatore",
        "state_name": "Tamil Nadu",
        "area_sq_km": 12.54
      },
      "geometry": {
        "type": "Polygon",
        "coordinates": [
          [
            [
              76.823,
              10.946699
            ],
            [
              76.814,
              10.962287
            ],
            [
              76.796,
              10.962287
            ],
            [
              76.787,
              10.946699
            ],
            [
              76.796,
              10.93111
            ],
            [
              76.814,
              10.93111
            ],
            [
              76.823,
              10.946699
            ]
          ]
        ]
      }
    },
    {
      "type": "Feature",
      "properties": {
        "panchayat_name": "Thondamuthur Panchayat 12",
        "panchayat_code": "GP_33_12_0162",
        "block_name": "Thondamuthur",
        "district_name": "Coimbatore",
        "state_name": "Tamil Nadu",
        "area_sq_km": 8.71
      },
      "geometry": {
        "type": "Polygon",
        "coordinates": [
          [
            [
              76.836638,
              10.910438
            ],
            [
              76.829138,
              10.923429
            ],
            [
              76.814138,
              10.923429
            ],
            [
              76.806638,
              10.910438
            ],
            [
              76.814138,
              10.897448
            ],
            [
              76.829138,
              10.897448
            ],
            [
              76.836638,
              10.910438
            ]
          ]
        ]
      }
    },
    {
      "type": "Feature",
      "properties": {
        "panchayat_name": "Thondamuthur Panchayat 13",
        "panchayat_code": "GP_33_12_0163",
        "block_name": "Thondamuthur",
        "district_name": "Coimbatore",
        "state_name": "Tamil Nadu",
        "area_sq_km": 5.57
      },
      "geometry": {
        "type": "Polygon",
        "coordinates": [
          [
            [
              76.84818,
              10.970979
            ],
            [
              76.84218,
              10.981371
            ],
            [
              76.83018,
              10.981371
            ],
            [
              76.82418,
              10.970979
            ],
            [
              76.83018,
              10.960587
            ],
            [
              76.84218,
              10.960587
            ],
            [
              76.84818,
              10.970979
            ]
          ]
        ]
      }
    },
    {
      "type": "Feature",
      "properties": {
        "panchayat_name": "Thondamuthur Panchayat 14",
        "panchayat_code": "GP_33_12_0164",
        "block_name": "Thondamuthur",
        "district_name": "Coimbatore",
        "state_name": "Tamil Nadu",
        "area_sq_km": 17.07
      },
      "geometry": {
        "type": "Polygon",
        "coordinates": [
          [
            [
              76.884457,
              10.952843
            ],
            [
              76.873957,
              10.971029
            ],
            [
              76.852957,
              10.971029
            ],
            [
              76.842457,
              10.952843
            ],
            [
              76.852957,
              10.934656
            ],
            [
              76.873957,
              10.934656
            ],
            [
              76.884457,
              10.952843
            ]
          ]
        ]
      }
    },
    {
      "type": "Feature",
      "properties": {
        "panchayat_name": "Thondamuthur Panchayat 15",
        "panchayat_code": "GP_33_12_0165",
        "block_name": "Thondamuthur",
        "district_name": "Coimbatore",
        "state_name": "Tamil Nadu",
        "area_sq_km": 12.54
      },
      "geometry": {
        "type": "Polygon",
        "coordinates": [
          [
            [
              76.921084,
              10.957461
            ],
            [
              76.912084,
              10.97305
            ],
            [
              76.894084,
              10.97305
            ],
            [
              76.885084,
              10.957461
            ],
            [
              76.894084,
              10.941873
            ],
            [
              76.912084,
              10.941873
            ],
            [
              76.921084,
              10.957461
            ]
          ]
        ]
      }
    },
    {
      "type": "Feature",
      "properties": {
        "panchayat_name": "Valparai Panchayat 1",
        "panchayat_code": "GP_33_12_0166",
        "block_name": "Valparai",
        "district_name": "Coimbatore",
        "state_name": "Tamil Nadu",
        "area_sq_km": 5.57
      },
      "geometry": {
        "type": "Polygon",
        "coordinates": [
          [
            [
              76.982,
              10.32
            ],
            [
              76.976,
              10.330392
            ],
            [
              76.964,
              10.330392
            ],
            [
              76.958,
              10.32
            ],
            [
              76.964,
              10.309608
            ],
            [
              76.976,
              10.309608
            ],
            [
              76.982,
              10.32
            ]
          ]
        ]
      }
    },
    {
      "type": "Feature",
      "properties": {
        "panchayat_name": "Valparai Panchayat 2",
        "panchayat_code": "GP_33_12_0167",
        "block_name": "Valparai",
        "district_name": "Coimbatore",
        "state_name": "Tamil Nadu",
        "area_sq_km": 17.07
      },
      "geometry": {
        "type": "Polygon",
        "coordinates": [
          [
            [
              77.016677,
              10.340337
            ],
            [
              77.006177,
              10.358523
            ],
            [
              76.985177,
              10.358523
            ],
            [
              76.974677,
              10.340337
            ],
            [
              76.985177,
              10.32215
            ],
            [
              77.006177,
              10.32215
            ],
            [
              77.016677,
              10.340337
            ]
          ]
        ]
      }
    },
    {
      "type": "Feature",
      "properties": {
        "panchayat_name": "Valparai Panchayat 3",
        "panchayat_code": "GP_33_12_0168",
        "block_name": "Valparai",
        "district_name": "Coimbatore",
        "state_name": "Tamil Nadu",
        "area_sq_km": 12.54
      },
      "geometry": {
        "type": "Polygon",
        "coordinates": [
          [
            [
              77.02153,
              10.379452
            ],
            [
              77.01253,
              10.39504
            ],
            [
              76.99453,
              10.39504
            ],
            [
              76.98553,
              10.379452
            ],
            [
              76.99453,
              10.363863
            ],
            [
              77.01253,
              10.363863
            ],
            [
              77.02153,
              10.379452
            ]
          ]
        ]
      }
    },
    {
      "type": "Feature",
      "properties": {
        "panchayat_name": "Valparai Panchayat 4",
        "panchayat_code": "GP_33_12_0169",
        "block_name": "Valparai",
        "district_name": "Coimbatore",
        "state_name": "Tamil Nadu",
        "area_sq_km": 8.71
      },
      "geometry": {
        "type": "Polygon",
        "coordinates": [
          [
            [
              76.97118,
              10.339021
            ],
            [
              76.96368,
              10.352012
            ],
            [
              76.94868,
              10.352012
            ],
            [
              76.94118,
              10.339021
            ],
            [
              76.94868,
              10.326031
            ],
            [
              76.96368,
              10.326031
            ],
            [
              76.97118,
              10.339021
            ]
          ]
        ]
      }
    },
    {
      "type": "Feature",
      "properties": {
        "panchayat_name": "Valparai Panchayat 5",
        "panchayat_code": "GP_33_12_0170",
        "block_name": "Valparai",
        "district_name": "Coimbatore",
        "state_name": "Tamil Nadu",
        "area_sq_km": 5.57
      },
      "geometry": {
        "type": "Polygon",
        "coordinates": [
          [
            [
              76.956774,
              10.369726
            ],
            [
              76.950774,
              10.380118
            ],
            [
              76.938774,
              10.380118
            ],
            [
              76.932774,
              10.369726
            ],
            [
              76.938774,
              10.359334
            ],
            [
              76.950774,
              10.359334
            ],
            [
              76.956774,
              10.369726
            ]
          ]
        ]
      }
    },
    {
      "type": "Feature",
      "properties": {
        "panchayat_name": "Valparai Panchayat 6",
        "panchayat_code": "GP_33_12_0171",
        "block_name": "Valparai",
        "district_name": "Coimbatore",
        "state_name": "Tamil Nadu",
        "area_sq_km": 17.07
      },
      "geometry": {
        "type": "Polygon",
        "coordinates": [
          [
            [
              76.931,
              10.389282
            ],
            [
              76.9205,
              10.407469
            ],
            [
              76.8995,
              10.407469
            ],
            [
              76.889,
              10.389282
            ],
            [
              76.8995,
              10.371095
            ],
            [
              76.9205,
              10.371095
            ],
            [
              76.931,
              10.389282
            ]
          ]
        ]
      }
    },
    {
      "type": "Feature",
      "properties": {
        "panchayat_name": "Valparai Panchayat 7",
        "panchayat_code": "GP_33_12_0172",
        "block_name": "Valparai",
        "district_name": "Coimbatore",
        "state_name": "Tamil Nadu",
        "area_sq_km": 12.54
      },
      "geometry": {
        "type": "Polygon",
        "coordinates": [
          [
            [
              76.95182,
              10.331756
            ],
            [
              76.94282,
              10.347344
            ],
            [
              76.92482,
              10.347344
            ],
            [
              76.91582,
              10.331756
            ],
            [
              76.92482,
              10.316167
            ],
            [
              76.94282,
              10.316167
            ],
            [
              76.95182,
              10.331756
            ]
          ]
        ]
      }
    },
    {
      "type": "Feature",
      "properties": {
        "panchayat_name": "Valparai Panchayat 8",
        "panchayat_code": "GP_33_12_0173",
        "block_name": "Valparai",
        "district_name": "Coimbatore",
        "state_name": "Tamil Nadu",
        "area_sq_km": 8.71
      },
      "geometry": {
        "type": "Polygon",
        "coordinates": [
          [
            [
              76.916093,
              10.330396
            ],
            [
              76.908593,
              10.343386
            ],
            [
              76.893593,
              10.343386
            ],
            [
              76.886093,
              10.330396
            ],
            [
              76.893593,
              10.317405
            ],
            [
              76.908593,
              10.317405
            ],
            [
              76.916093,
              10.330396
            ]
          ]
        ]
      }
    },
    {
      "type": "Feature",
      "properties": {
        "panchayat_name": "Valparai Panchayat 9",
        "panchayat_code": "GP_33_12_0174",
        "block_name": "Valparai",
        "district_name": "Coimbatore",
        "state_name": "Tamil Nadu",
        "area_sq_km": 5.57
      },
      "geometry": {
        "type": "Polygon",
        "coordinates": [
          [
            [
              76.883748,
              10.303367
            ],
            [
              76.877748,
              10.313759
            ],
            [
              76.865748,
              10.313759
            ],
            [
              76.859748,
              10.303367
            ],
            [
              76.865748,
              10.292975
            ],
            [
              76.877748,
              10.292975
            ],
            [
              76.883748,
              10.303367
            ]
          ]
        ]
      }
    },
    {
      "type": "Feature",
      "properties": {
        "panchayat_name": "Valparai Panchayat 10",
        "panchayat_code": "GP_33_12_0175",
        "block_name": "Valparai",
        "district_name": "Coimbatore",
        "state_name": "Tamil Nadu",
        "area_sq_km": 17.07
      },
      "geometry": {
        "type": "Polygon",
        "coordinates": [
          [
            [
              76.95482,
              10.308244
            ],
            [
              76.94432,
              10.326431
            ],
            [
              76.92332,
              10.326431
            ],
            [
              76.91282,
              10.308244
            ],
            [
              76.92332,
              10.290058
            ],
            [
              76.94432,
              10.290058
            ],
            [
              76.95482,
              10.308244
            ]
          ]
        ]
      }
    },
    {
      "type": "Feature",
      "properties": {
        "panchayat_name": "Valparai Panchayat 11",
        "panchayat_code": "GP_33_12_0176",
        "block_name": "Valparai",
        "district_name": "Coimbatore",
        "state_name": "Tamil Nadu",
        "area_sq_km": 12.54
      },
      "geometry": {
        "type": "Polygon",
        "coordinates": [
          [
            [
              76.943,
              10.276699
            ],
            [
              76.934,
              10.292287
            ],
            [
              76.916,
              10.292287
            ],
            [
              76.907,
              10.276699
            ],
            [
              76.916,
              10.26111
            ],
            [
              76.934,
              10.26111
            ],
            [
              76.943,
              10.276699
            ]
          ]
        ]
      }
    },
    {
      "type": "Feature",
      "properties": {
        "panchayat_name": "Valparai Panchayat 12",
        "panchayat_code": "GP_33_12_0177",
        "block_name": "Valparai",
        "district_name": "Coimbatore",
        "state_name": "Tamil Nadu",
        "area_sq_km": 8.71
      },
      "geometry": {
        "type": "Polygon",
        "coordinates": [
          [
            [
              76.956638,
              10.240438
            ],
            [
              76.949138,
              10.253429
            ],
            [
              76.934138,
              10.253429
            ],
            [
              76.926638,
              10.240438
            ],
            [
              76.934138,
              10.227448
            ],
            [
              76.949138,
              10.227448
            ],
            [
              76.956638,
              10.240438
            ]
          ]
        ]
      }
    },
    {
      "type": "Feature",
      "properties": {
        "panchayat_name": "Valparai Panchayat 13",
        "panchayat_code": "GP_33_12_0178",
        "block_name": "Valparai",
        "district_name": "Coimbatore",
        "state_name": "Tamil Nadu",
        "area_sq_km": 5.57
      },
      "geometry": {
        "type": "Polygon",
        "coordinates": [
          [
            [
              76.96818,
              10.300979
            ],
            [
              76.96218,
              10.311371
            ],
            [
              76.95018,
              10.311371
            ],
            [
              76.94418,
              10.300979
            ],
            [
              76.95018,
              10.290587
            ],
            [
              76.96218,
              10.290587
            ],
            [
              76.96818,
              10.300979
            ]
          ]
        ]
      }
    },
    {
      "type": "Feature",
      "properties": {
        "panchayat_name": "Valparai Panchayat 14",
        "panchayat_code": "GP_33_12_0179",
        "block_name": "Valparai",
        "district_name": "Coimbatore",
        "state_name": "Tamil Nadu",
        "area_sq_km": 17.07
      },
      "geometry": {
        "type": "Polygon",
        "coordinates": [
          [
            [
              77.004457,
              10.282843
            ],
            [
              76.993957,
              10.301029
            ],
            [
              76.972957,
              10.301029
            ],
            [
              76.962457,
              10.282843
            ],
            [
              76.972957,
              10.264656
            ],
            [
              76.993957,
              10.264656
            ],
            [
              77.004457,
              10.282843
            ]
          ]
        ]
      }
    },
    {
      "type": "Feature",
      "properties": {
        "panchayat_name": "Valparai Panchayat 15",
        "panchayat_code": "GP_33_12_0180",
        "block_name": "Valparai",
        "district_name": "Coimbatore",
        "state_name": "Tamil Nadu",
        "area_sq_km": 12.54
      },
      "geometry": {
        "type": "Polygon",
        "coordinates": [
          [
            [
              77.041084,
              10.287461
            ],
            [
              77.032084,
              10.30305
            ],
            [
              77.014084,
              10.30305
            ],
            [
              77.005084,
              10.287461
            ],
            [
              77.014084,
              10.271873
            ],
            [
              77.032084,
              10.271873
            ],
            [
              77.041084,
              10.287461
            ]
          ]
        ]
      }
    }
  ]
}