tree
version=v4
num_class=1
num_tree_per_iteration=1
label_index=0
max_feature_idx=24
objective=regression
feature_names=forecast_temperature forecast_humidity forecast_rainfall lead_time_hours b2_humidity elevation_mean elevation_std elevation_range slope_mean slope_std aspect_sin aspect_cos tri_mean tri_std landcover_fraction_tree landcover_fraction_shrub landcover_fraction_grass landcover_fraction_cropland landcover_fraction_builtup landcover_fraction_water distance_to_nearest_water distance_to_forecast_grid_m day_of_year_sin day_of_year_cos month
feature_infos=[17.800000000000001:32.509999999999998] [38.549999999999997:92.700000000000003] [0:21.109999999999999] [24:72] [38.549999999999997:92.700000000000003] [354.08999999999997:899.00999999999999] [12.289999999999999:32.460000000000001] [45.369999999999997:118.16] [7.3899999999999997:18.890000000000001] [0.13:0.54000000000000004] [-0.46550000000000002:0.72440000000000004] [-0.99890000000000001:-0.68910000000000005] [9.5299999999999994:25.140000000000001] [0.17999999999999999:0.77000000000000002] none none none [0.024799999999999999:1] [0:0.97519999999999996] none [0:18225.799999999999] [3595.1999999999998:16825.540000000001] [0.034398060613608013:0.99998555065071859] [0.0053757315575838844:0.99940821160625981] [1:3]
tree_sizes=1356 1402 1400 1417 1423 1429 1428 1420 1418 1408 1396 1422 1436 1409 1432 1412 1442 1449 1421 1415 1441 1409 1429 1423 1412 1430 1458 1438 1434 1415 1443 1424 1457 1431 1442 1426 1432 1432 1421 1504 1473 1440 1500 1440 1467 1440 1464 1416 1477 1457 1435 1463 1428 1451 1420 1447 1429 1496 1474 1462 1483 1460 1462 1494 1471 1508 1459 1432 1450 1479 1442 1477 1452 1441 1475 1451 1442 1475 1471 1483 1442 1435 1450 1438 1459 1490 1443 1492 1483 1464 1429 1480 1479 1458 1484 1434 1429 1517 1444 1468

Tree=0
num_leaves=15
num_cat=0
split_feature=4 23 23 10 10 4 23 4 23 4 9 6 23 4
split_gain=96846.9 48120.5 47050.7 19156.5 14890.4 7900.56 7338.79 6429.91 6087.22 5660.44 5265.08 4868.66 4013.29 4001.2
threshold=66.195000000000007 0.92599062340417404 0.92599062340417404 -0.10059999999999999 1.0000000180025095e-35 59.235000000000007 0.98045953152007548 79.360000000000014 0.98045953152007548 54.150000000000006 0.37500000000000006 30.380000000000006 0.54938884295715751 60.705000000000005
decision_type=2 2 2 2 2 2 2 2 2 2 2 2 2 2
left_child=1 3 4 9 7 -5 -3 -2 -4 -1 -7 -6 -13 -8
right_child=2 6 8 5 11 10 13 -9 -10 -11 -12 12 -14 -15
leaf_value=4.6886082912664939 3.7240890198783818 5.0653191437286313 4.460000977090993 4.9366932562804005 3.9889236259963834 4.3916986131563061 5.946353812516719 2.9993153424218653 4.9915264764510026 4.1650624534102549 4.7963482413479159 4.0714077398205335 4.7387738444516962 5.3689171455512348
leaf_weight=63 421 132 132 255 179 187 50 33 91 286 141 41 50 75
leaf_count=63 421 132 132 255 179 187 50 33 91 286 141 41 50 75
internal_value=4.41912 4.71959 4.04187 4.55255 3.84627 4.72794 5.32533 3.67141 4.6769 4.25957 4.56565 4.14031 4.43809 5.59989
internal_weight=2136 1189 947 932 724 583 257 454 223 349 328 270 91 125
internal_count=2136 1189 947 932 724 583 257 454 223 349 328 270 91 125
is_linear=0
shrinkage=1


Tree=1
num_leaves=15
num_cat=0
split_feature=1 24 24 20 1 20 1 1 6 9 5 1 9 5
split_gain=87404.3 35718.5 34159.4 11656.3 10963.5 9204.76 6816.82 6017.01 5848.67 5273.12 5098.73 4530.26 4414.56 4044.62
threshold=66.195000000000007 1.5000000000000002 1.5000000000000002 15014.405000000001 56.610000000000007 15014.405000000001 79.360000000000014 75.565000000000012 13.005000000000001 0.36000000000000004 452.54500000000002 51.595000000000006 0.36000000000000004 452.54500000000002
decision_type=2 2 2 2 2 2 2 2 2 2 2 2 2 2
left_child=1 8 7 6 -3 9 12 -2 -1 -6 -7 -10 -4 -5
right_child=2 4 3 13 5 10 -8 -9 11 -11 -12 -13 -14 -15
leaf_value=0.16509690840418142 0.18299882337450982 0.40633188240584872 -0.53368314017545815 -0.60299528353456144 -0.016202100118595446 -0.081747380721158003 -1.4817830173032625 -0.3610053892247379 1.2343708160311677 -0.40942325961206943 0.39709166897968817 0.68490776303176748 -0.88185905198517611 -0.14501998253355849
leaf_weight=48 247 210 227 69 209 87 28 64 43 144 154 294 152 160
leaf_count=48 247 210 227 69 209 87 28 64 43 144 154 294 152 160
internal_value=1.91159e-10 0.285443 -0.358387 -0.568378 0.0958042 -0.0139783 -0.72894 0.0710494 0.681469 -0.17661 0.224233 0.755017 -0.673321 -0.283013
internal_weight=2136 1189 947 636 804 594 407 311 385 353 241 337 379 229
internal_count=2136 1189 947 636 804 594 407 311 385 353 241 337 379 229
is_linear=0
shrinkage=0.05


Tree=2
num_leaves=15
num_cat=0
split_feature=4 22 22 10 6 4 4 22 22 4 9 10 22 4
split_gain=78882.4 40456.7 39446.5 15986.3 12314.8 8375.75 6782.64 6674.09 5422.01 4605.08 4321.91 3767.32 3601.91 3550.79
threshold=66.195000000000007 0.37744852145085445 0.37744852145085445 -0.10059999999999999 30.380000000000006 74.315000000000012 59.235000000000007 0.19653276579064646 0.19653276579064646 53.650000000000006 0.37500000000000006 -0.29389999999999994 0.84484927454466385 60.705000000000005
decision_type=2 2 2 2 2 2 2 2 2 2 2 2 2 2
left_child=1 7 8 9 5 -4 -5 13 -2 -3 -8 -7 -6 -1
right_child=2 3 4 6 12 11 10 -9 -10 -11 -12 -13 -14 -15
leaf_value=1.4148006157875062 0.53792429307659906 0.27959538698196412 -0.48354505472344711 0.47165478084565082 0.30916209708154208 -1.210444464882215 -0.029739167736494605 0.57863172455549694 0.036281126567381299 -0.2264824856777449 0.33687940958213619 -0.72452595618342164 -0.323075488645856 0.87083438571294158
leaf_weight=50 91 53 454 255 50 60 187 132 132 296 141 119 41 75
leaf_count=50 91 53 454 255 50 60 187 132 132 296 141 119 41 75
internal_value=-1.7407e-09 0.271171 -0.340467 0.118016 -0.519562 -0.597748 0.278235 0.826584 0.240988 -0.149628 0.127862 -0.887404 0.0243078 1.08842
internal_weight=2136 1189 947 932 724 633 583 257 223 349 328 179 91 125
internal_count=2136 1189 947 932 724 633 583 257 223 349 328 179 91 125
is_linear=0
shrinkage=0.05


Tree=3
num_leaves=15
num_cat=0
split_feature=1 22 22 10 10 1 1 9 1 22 5 22 1 1
split_gain=71191.4 36604.6 35600.4 14614.8 11556.3 7604.49 6755.3 5532.29 5024.05 4893.36 3856.51 3046.98 2875.76 2865.45
threshold=66.195000000000007 0.24684749415872467 0.37744852145085445 -0.10059999999999999 1.0000000180025095e-35 53.650000000000006 53.650000000000006 0.37500000000000006 79.360000000000014 0.19653276579064646 842.19500000000005 0.94805520968785773 59.900000000000013 71.945000000000007
decision_type=2 2 2 2 2 2 2 2 2 2 2 2 2 2
left_child=1 12 9 6 8 -5 -3 -7 -4 13 -6 -10 -1 -2
right_child=2 3 4 5 10 7 -8 -9 11 -11 -12 -13 -14 -15
leaf_value=1.2143385298668392 0.71270250321831563 0.37702242192767921 -0.6010670324588403 0.69121150486540095 -0.10315084406225893 0.082027869453976082 -0.18897504315266622 0.40729578722599485 -0.92492732794388477 0.034467065555156405 -0.50630597835829994 -1.970363531112671 0.78468569772244967 0.12069049112258419
leaf_weight=63 60 63 421 101 182 312 323 225 23 132 88 9.9999999999999982 102 31
leaf_count=63 60 63 421 101 182 312 323 225 23 132 88 10 102 31
internal_value=-2.14577e-09 0.257613 -0.323444 0.14625 -0.493584 0.293177 -0.0965972 0.218313 -0.647635 0.228938 -0.23455 -1.24173 0.948735 0.511028
internal_weight=2136 1189 947 1024 724 638 386 537 454 223 270 33 165 91
internal_count=2136 1189 947 1024 724 638 386 537 454 223 270 33 165 91
is_linear=0
shrinkage=0.05


Tree=4
num_leaves=15
num_cat=0
split_feature=1 23 23 10 10 23 1 23 23 6 1 23 6 6
split_gain=64910.1 39607.2 28752.7 12537.7 11951.9 8684.88 7951.65 6036.55 5686.02 4618.95 4569.57 3654.63 3352.71 3262.88
threshold=64.035000000000011 0.92599062340417404 0.92599062340417404 -0.29389999999999994 -0.29389999999999994 0.50555750738881688 70.070000000000007 0.98045953152007548 0.53493525241775031 30.380000000000006 53.650000000000006 0.98045953152007548 13.005000000000001 30.380000000000006
decision_type=2 2 2 2 2 2 2 2 2 2 2 2 2 2
left_child=2 3 4 5 8 -2 -5 -3 -1 -8 -6 -4 -9 -12
right_child=1 7 11 6 10 -7 9 12 -10 -11 13 -13 -14 -15
leaf_value=-0.46226476175791548 -1.0902700817615716 0.071435623801115788 0.62953654759460032 -0.13659329530917194 0.56030391198137541 -0.46711396484381773 -0.56599996437629063 -0.13313583592826037 0.092137242021710086 -0.046704749994929518 0.14498037854777723 1.0602559778763323 0.64534714418992989 0.48791501122362474
leaf_weight=92 97 165 99 347 115 132 267 15.999999999999998 93 51 377 98 102 85
leaf_count=92 97 165 99 347 115 132 267 16 93 51 377 98 102 85
internal_value=1.76656e-09 -0.248798 0.305354 -0.411988 0.166149 -0.731071 -0.302108 0.266721 -0.183565 -0.482717 0.278276 0.843803 0.53979 0.208074
internal_weight=2136 1177 959 894 762 229 665 283 185 318 577 197 118 462
internal_count=2136 1177 959 894 762 229 665 283 185 318 577 197 118 462
is_linear=0
shrinkage=0.05


Tree=5
num_leaves=15
num_cat=0
split_feature=4 22 22 4 10 10 10 22 22 22 6 22 4 6
split_gain=58676.8 36614.6 25176.6 11741.7 10900.4 6591.89 5635.86 5516.59 5183.11 4256.02 4168.6 3358.68 3339.42 3049.56
threshold=63.905000000000008 0.37744852145085445 0.37744852145085445 70.070000000000007 -0.29389999999999994 -0.29389999999999994 1.0000000180025095e-35 0.19653276579064646 0.84484927454466385 0.99879288126755872 30.380000000000006 0.19653276579064646 53.650000000000006 13.005000000000001
decision_type=2 2 2 2 2 2 2 2 2 2 2 2 2 2
left_child=2 7 11 6 8 -5 -3 13 -4 12 -7 -1 -6 -2
right_child=1 3 4 5 9 10 -8 -9 -10 -11 -12 -13 -14 -15
leaf_value=1.018081803196355 -0.12647904003970326 -0.35489081049524895 0.094156971389716293 -0.90031049432961829 0.48730592414600038 -0.53769996845711032 -0.0031835916744386581 0.073195964354508647 -0.43804444439791057 0.84321120631310242 -0.04436951587707097 0.59981156022278304 0.17693703543845055 0.61453520635763814
leaf_weight=95 15.999999999999998 289 92 115 109 267 188 167 91 31 51 97 423 105
leaf_count=95 16 289 92 115 109 267 188 167 91 31 51 97 423 105
internal_value=1.66737e-09 -0.231887 0.296162 -0.387392 0.164746 -0.575899 -0.216272 0.259466 -0.17049 0.273713 -0.458581 0.806768 0.240528 0.51655
internal_weight=2136 1198 938 910 746 433 477 288 183 563 318 192 532 121
internal_count=2136 1198 938 910 746 433 477 288 183 563 318 192 532 121
is_linear=0
shrinkage=0.05


Tree=6
num_leaves=15
num_cat=0
split_feature=1 23 23 10 10 1 23 1 1 1 13 5 23 1
split_gain=53178 27705.1 25935.8 11140.4 8863.69 5175.61 4389.11 4331.18 4316.03 3529.86 3435.29 3301.67 3155.66 2945.2
threshold=66.195000000000007 0.92599062340417404 0.92599062340417404 -0.10059999999999999 1.0000000180025095e-35 61.810000000000009 0.98045953152007548 73.835000000000008 75.565000000000012 58.320000000000007 0.48000000000000004 842.19500000000005 0.99815109357002252 52.970000000000006
decision_type=2 2 2 2 2 2 2 2 2 2 2 2 2 2
left_child=1 3 4 9 7 10 13 -2 -4 -1 -5 -6 -8 -3
right_child=2 6 8 5 11 -7 12 -9 -10 -11 -12 -13 -14 -15
leaf_value=0.093548902862963565 -0.45281597439333166 1.0093049049377443 0.29944583925289203 0.22175421548788166 -0.076327615436985283 0.025057710614055397 0.97264317305464498 -0.78286101473685932 -0.25811769872210749 -0.24189815780390866 0.5318228526249319 -0.44935606908561154 0.085852556337009778 0.37557150332765149
leaf_weight=119 307 22 180 238 182 202 114 147 43 230 143 88 10.999999999999998 110
leaf_count=119 307 22 180 238 182 202 114 147 43 230 143 88 11 110
internal_value=7.72592e-10 0.222648 -0.279545 0.0959073 -0.424765 0.229657 0.68227 -0.559681 0.191934 -0.127519 0.338132 -0.197907 0.894606 0.481194
internal_weight=2136 1189 947 932 724 583 257 454 223 349 381 270 125 132
internal_count=2136 1189 947 932 724 583 257 454 223 349 381 270 125 132
is_linear=0
shrinkage=0.05


Tree=7
num_leaves=15
num_cat=0
split_feature=1 22 22 1 10 6 10 10 22 22 22 1 1 6
split_gain=48546.5 31184.3 16282.6 14400.7 7824.5 6910.9 4814.92 4360.17 4116.36 3389.05 2954.68 2837.13 2509.39 2435.5
threshold=69.27500000000002 0.24684749415872467 0.24684749415872467 60.570000000000007 1.0000000180025095e-35 30.380000000000006 -0.10059999999999999 -0.29389999999999994 0.86275003778655002 0.060169887675273891 0.5009122898073749 46.830000000000005 53.650000000000006 13.005000000000001
decision_type=2 2 2 2 2 2 2 2 2 2 2 2 2 2
left_child=1 9 13 6 10 7 12 8 -4 -1 -5 -8 -3 -2
right_child=2 3 5 4 -6 -7 11 -9 -10 -11 -12 -13 -14 -15
leaf_value=0.09270220851819766 -0.33960693432734562 0.32588625067756294 -0.52566081997824876 0.037115855891333552 0.12667832369802565 0.01449629357501642 0.89733327825864162 -0.4306972654474458 -1.0655509280581628 0.79375820174332601 -0.27255038143342569 0.33380670891264863 -0.055388783289622656 0.4056092692273004
leaf_weight=19 12.999999999999998 63 82 98 287 67 24 346 62 186 360 322 137 70
leaf_count=19 13 63 82 98 287 67 24 346 62 186 360 322 137 70
internal_value=1.93136e-09 0.155909 -0.364438 0.0649421 -0.0780189 -0.461792 0.260008 -0.526918 -0.758114 0.728782 -0.20629 0.372895 0.0647129 0.288889
internal_weight=2136 1496 640 1291 745 557 546 490 144 205 458 346 200 83
internal_count=2136 1496 640 1291 745 557 546 490 144 205 458 346 200 83
is_linear=0
shrinkage=0.05


Tree=8
num_leaves=15
num_cat=0
split_feature=1 23 23 10 10 23 1 23 1 23 6 23 6 1
split_gain=44229 27197.7 19091.6 9309.22 8546.49 7118.34 5754.87 4700.72 4240.14 3782.98 3115.77 3027.65 2989.5 2698.86
threshold=63.905000000000008 0.92599062340417404 0.92599062340417404 -0.29389999999999994 -0.29389999999999994 0.50555750738881688 70.070000000000007 0.53493525241775031 75.565000000000012 0.048361154940047744 30.380000000000006 0.98045953152007548 30.380000000000006 78.170000000000016
decision_type=2 2 2 2 2 2 2 2 2 2 2 2 2 2
left_child=2 3 4 5 7 13 -5 -1 11 -6 -8 -3 -11 -2
right_child=1 8 -4 6 9 -7 10 -9 -10 12 -12 -13 -14 -15
leaf_value=-0.40895037605212292 -0.83025804210235088 0.14386798559826006 0.70176789160080566 -0.10545118090946877 0.7760944247245789 -0.37127353654320078 -0.46556594485368175 0.097880377126452714 -0.23578945786453956 0.15584305949350444 -0.039059469045377243 0.49724861935458398 0.47780777902429011 -1.6038150713993955
leaf_weight=91 85 135 192 361 31 133 267 92 43 446 51 110 86 12.999999999999998
leaf_count=91 85 135 192 361 31 133 267 92 43 446 51 110 86 13
internal_value=-2.4214e-10 -0.201324 0.257128 -0.335348 0.14269 -0.609528 -0.242071 -0.15415 0.222155 0.239177 -0.397164 0.302529 0.20789 -0.932873
internal_weight=2136 1198 938 910 746 231 679 183 288 563 318 245 532 98
internal_count=2136 1198 938 910 746 231 679 183 288 563 318 245 532 98
is_linear=0
shrinkage=0.05


Tree=9
num_leaves=15
num_cat=0
split_feature=4 23 23 4 6 23 20 23 21 23 6 20 23 4
split_gain=40000.2 25919.1 13376.2 10863.6 5762.67 5320.05 5167.45 3737.69 3649.45 3236.77 3185.88 3138.42 2870.14 2849.04
threshold=69.27500000000002 0.9052873537896472 0.96901616890815878 60.570000000000007 30.380000000000006 0.98045953152007548 15014.405000000001 0.99815109357002252 12060.420000000002 0.50555750738881688 13.005000000000001 15014.405000000001 0.50555750738881688 50.035000000000004
decision_type=2 2 2 2 2 2 2 2 2 2 2 2 2 2
left_child=1 3 4 11 8 10 12 -7 9 -2 -3 13 -5 -1
right_child=2 5 -4 6 -6 7 -8 -9 -10 -11 -12 -13 -14 -15
leaf_value=0.53105549586670742 -0.9626506359827135 -0.1700411648687872 0.26134639814136978 -0.39282744635827838 0.015878695594285851 0.80679607557398936 0.058585215945536062 0.059437204779762977 -0.39048651107734966 -0.48390528407038719 0.40911256650304378 0.37629162866667093 -0.11529845587508294 0.051796530061469906
leaf_weight=35 62 27 83 160 67 140 257 19 346 82 197 166 223 272
leaf_count=35 62 27 83 160 67 140 257 19 346 82 197 166 223 272
internal_value=9.48109e-10 0.141522 -0.330808 0.0194362 -0.419047 0.496305 -0.114856 0.717489 -0.478516 -0.690032 0.339304 0.201142 -0.231237 0.106435
internal_weight=2136 1496 640 1113 557 383 640 159 490 144 224 473 383 307
internal_count=2136 1496 640 1113 557 383 640 159 490 144 224 473 383 307
is_linear=0
shrinkage=0.05


Tree=10
num_leaves=15
num_cat=0
split_feature=1 22 22 1 20 6 1 1 22 5 22 21 1 22
split_gain=36764 22219.1 15825.9 8063.38 5048.95 4852.07 4572.18 3519.71 3506.19 3270.15 3389.02 2623.56 2452.05 2447.9
threshold=63.905000000000008 0.37744852145085445 0.37744852145085445 73.835000000000008 15014.405000000001 30.380000000000006 56.735000000000007 75.565000000000012 0.84484927454466385 452.54500000000002 0.88768027107944258 12060.420000000002 81.465000000000018 0.19653276579064646
decision_type=2 2 2 2 2 2 2 2 2 2 2 2 2 2
left_child=2 7 -1 5 6 11 -4 13 -7 10 -6 -3 -5 -2
right_child=1 3 4 12 9 8 -8 -9 -10 -11 -12 -13 -14 -15
leaf_value=0.63925593212285703 0.44752773730253631 -0.4413213283710537 0.23826850469295799 -0.51072183627184875 -0.1930211340636015 0.41112247419854003 -0.086904323641210798 -0.218017889801846 -0.19012744268592524 0.42261946963176866 0.41631566912699969 -0.20784737285455021 -1.0561454793681271 0.12977698124531242
leaf_weight=192 110 168 169 198 55 48 300 43 49 183 39 424 23 135
leaf_count=192 110 168 169 198 55 48 300 43 49 183 39 424 23 135
internal_value=1.63521e-10 -0.18355 0.234427 -0.304688 0.130235 -0.220394 0.0302688 0.199212 0.107398 0.299493 0.0597888 -0.274103 -0.567485 0.272441
internal_weight=2136 1198 938 910 746 689 469 288 97 277 94 592 221 245
internal_count=2136 1198 938 910 746 689 469 288 97 277 94 592 221 245
is_linear=0
shrinkage=0.05


Tree=11
num_leaves=15
num_cat=0
split_feature=4 22 22 10 22 10 4 4 22 9 22 22 6 4
split_gain=33209.9 20997 12241.4 8457.47 6431.74 6034.25 5521.07 3480.8 2832.1 2780.47 2489.81 2419.43 2405.4 2273.79
threshold=63.220000000000006 0.37744852145085445 0.37744852145085445 -0.29389999999999994 0.86275003778655002 -0.10059999999999999 70.070000000000007 72.745000000000019 0.19653276579064646 0.37500000000000006 0.19653276579064646 0.99879288126755872 30.380000000000006 78.170000000000016
decision_type=2 2 2 2 2 2 2 2 2 2 2 2 2 2
left_child=2 7 10 4 -3 -4 -5 8 -2 11 -1 -7 -8 -6
right_child=1 3 5 6 13 9 12 -9 -10 -11 -12 -13 -14 -15
leaf_value=0.8031276954272214 0.49066679280883863 -0.30310903932427019 -0.05193528630062938 -0.066521915627950887 -0.73021566027089169 0.11642003939011876 -0.40394231924780188 -0.094785307919325892 0.13598805884520213 0.41896306906440639 0.43155232385421799 0.73325557848986467 -0.02919699473708284 -1.435271248450646
leaf_weight=85 106 142 250 412 95 245 267 73 120 164 96 17 51 12.999999999999998
leaf_count=85 106 142 250 412 95 245 267 73 120 164 96 17 51 13
internal_value=1.44931e-10 -0.161383 0.240851 -0.273285 -0.524282 0.143069 -0.187327 0.205384 0.302342 0.257508 0.606049 0.156444 -0.343842 -0.815083
internal_weight=2136 1279 857 980 250 676 730 299 226 426 181 262 318 108
internal_count=2136 1279 857 980 250 676 730 299 226 426 181 262 318 108
is_linear=0
shrinkage=0.05


Tree=12
num_leaves=15
num_cat=0
split_feature=1 23 23 1 6 23 13 6 1 1 21 6 23 23
split_gain=30261.9 19366.2 10143.2 9966.25 6200.75 4903.69 4689.05 4535.31 3183.88 2773.97 2164.53 2059.92 1850.24 1650.1
threshold=69.27500000000002 0.96901616890815878 0.96901616890815878 53.650000000000006 30.380000000000006 0.53493525241775031 0.51000000000000012 30.380000000000006 79.360000000000014 59.900000000000013 12658.940000000002 13.005000000000001 0.41397665785662119 0.99815109357002252
decision_type=2 2 2 2 2 2 2 2 2 2 2 2 2 2
left_child=1 3 7 -1 6 -6 -5 8 10 -3 -2 -4 -9 -11
right_child=2 9 11 4 5 -7 -8 12 -10 13 -12 -13 -14 -15
leaf_value=0.41558561091617935 -0.47747338860319388 0.85068114844579545 -0.3500924023298117 0.047424489563463817 -0.009801433114586651 0.54687723824206524 -0.17455635939115291 -0.46795289834340414 -0.79541851240396511 0.5169782648689204 -0.2550873760882692 0.3352592179604939 0.16238613506922356 0.0046809873854120575
leaf_weight=164 236 63 12.999999999999998 547 74 85 421 14.999999999999998 50 124 204 70 52 18
leaf_count=164 236 63 13 547 74 85 421 15 50 124 204 70 52 18
internal_value=1.10931e-09 0.123095 -0.287736 0.0514084 -0.00158631 0.287794 -0.0491188 -0.364574 -0.417332 0.574549 -0.374367 0.227915 0.0212655 0.452039
internal_weight=2136 1496 640 1291 1127 159 968 557 490 205 440 83 67 142
internal_count=2136 1496 640 1291 1127 159 968 557 490 205 440 83 67 142
is_linear=0
shrinkage=0.05


Tree=13
num_leaves=15
num_cat=0
split_feature=1 23 23 1 10 10 23 23 20 23 10 1 1 23
split_gain=27858.6 16904.9 11747.5 6299.9 6160.11 4281.64 4129.92 3196.81 3152.71 3022.18 2440.43 2383.62 2148.6 2071.97
threshold=63.905000000000008 0.91245913578114801 0.92599062340417404 73.835000000000008 -0.29389999999999994 1.0000000180025095e-35 0.53493525241775031 0.048361154940047744 16775.780000000002 0.96901616890815878 -0.29389999999999994 52.010000000000012 53.650000000000006 0.98045953152007548
decision_type=2 2 2 2 2 2 2 2 2 2 2 2 2 2
left_child=2 3 4 5 6 -2 -1 -6 9 -3 -5 -4 -9 -13
right_child=1 8 11 10 7 -7 -8 12 -10 -11 -12 13 -14 -15
leaf_value=-0.37654268718682804 -0.29728912363464877 0.060148907489561976 0.94678907059133055 -0.77578871289237605 0.68978677675608668 -0.038214805132755832 0.098521090392529487 0.36540215208169519 -0.1067989899067297 0.42313362339065091 -0.40141439130039597 0.28490627190882439 0.11644776662719165 0.64521557447899669
leaf_weight=91 410 109 32 61 31 261 92 109 84 121 152 76 423 84
leaf_count=91 410 109 32 61 31 261 92 109 84 121 152 76 423 84
internal_value=6.09785e-10 -0.15978 0.204069 -0.27172 0.114301 -0.196517 -0.137713 0.196216 0.155364 0.25111 -0.50863 0.552855 0.167455 0.474069
internal_weight=2136 1198 938 884 746 671 183 563 314 230 213 192 532 160
internal_count=2136 1198 938 884 746 671 183 563 314 230 213 192 532 160
is_linear=0
shrinkage=0.05


Tree=14
num_leaves=15
num_cat=0
split_feature=1 22 1 22 20 20 1 22 22 22 1 20 6 22
split_gain=25414.3 18643.7 8293.89 6022.24 4657.25 4416.51 2831.52 2687.73 2645.03 2725.45 2395.87 2311.91 2075.58 1932.82
threshold=70.190000000000012 0.42471264173135381 60.570000000000007 0.24684749415872467 16775.780000000002 15014.405000000001 79.360000000000014 0.86275003778655002 0.19653276579064646 0.060169887675273891 46.830000000000005 15014.405000000001 30.380000000000006 0.77447169083781808
decision_type=2 2 2 2 2 2 2 2 2 2 2 2 2 2
left_child=1 4 10 -2 8 7 12 -4 9 -1 -3 -12 -5 -7
right_child=3 2 5 6 -6 13 -8 -9 -10 -11 11 -13 -14 -15
leaf_value=0.029821235562364264 0.13549881174953446 0.66105620770350759 -0.10093238307394026 -0.35257549418694778 0.096674468808553446 -0.12240507871193707 -0.69590409607798964 -0.35607037271528197 0.36571114623503459 0.74676700527207895 0.053682884947428934 0.29044004026101905 -0.015602024931174059 0.14814443570056132
leaf_weight=14.999999999999998 72 23 242 377 99 106 54 180 177 114 290 160 52 175
leaf_count=15 72 23 242 377 99 106 54 180 177 114 290 160 52 175
internal_value=-4.45627e-10 0.102185 0.00142412 -0.29109 0.394766 -0.107494 -0.354681 -0.209759 0.491208 0.663401 0.163304 0.137863 -0.31173 0.0460866
internal_weight=2136 1581 1176 555 405 703 483 422 306 129 473 450 429 281
internal_count=2136 1581 1176 555 405 703 483 422 306 129 473 450 429 281
is_linear=0
shrinkage=0.05


Tree=15
num_leaves=15
num_cat=0
split_feature=1 22 22 10 10 22 22 22 6 22 9 1 22 22
split_gain=23163.8 13866.8 9750.7 5511.55 5413.48 4778.95 3208.83 3145.61 2756.77 2580.17 2512.45 2165.75 2067.8 1747.39
threshold=63.905000000000008 0.40907743338811486 0.37744852145085445 -0.10059999999999999 -0.29389999999999994 0.86275003778655002 0.99781321377224363 0.97577266019832842 13.005000000000001 0.19653276579064646 0.37500000000000006 52.010000000000012 0.99879288126755872 0.19653276579064646
decision_type=2 2 2 2 2 2 2 2 2 2 2 2 2 2
left_child=2 8 11 -4 5 -3 7 -6 -2 -10 12 -1 -5 -13
right_child=1 4 3 10 6 -7 -8 -9 9 -11 -12 13 -14 -15
leaf_value=0.87934345528483393 -0.23729247763708591 -0.25579158418649245 -0.072544525319286735 0.082373833646616976 -0.15263969852323916 -0.72133681561265683 0.31340428683906796 -0.46494343776451913 0.39215561695042112 0.075836071298418642 0.35341633765505315 0.58591616408500291 0.65097306896658513 0.25503037069973195
leaf_weight=32 42 126 277 269 533 98 32 95 105 167 183 84 17 76
leaf_count=32 42 126 277 269 533 98 32 95 105 167 183 84 17 76
internal_value=-1.90586e-10 -0.145696 0.186081 0.104297 -0.24708 -0.459468 -0.174996 -0.199883 0.139728 0.197945 0.208743 0.503845 0.116172 0.428745
internal_weight=2136 1198 938 746 884 224 660 628 314 272 469 192 286 160
internal_count=2136 1198 938 746 884 224 660 628 314 272 469 192 286 160
is_linear=0
shrinkage=0.05


Tree=16
num_leaves=15
num_cat=0
split_feature=4 22 4 22 10 20 10 10 22 22 22 4 22 22
split_gain=21566.2 15322.6 6843.17 5043.8 4246.59 4082.83 2899.58 2745.12 2422.35 2133.02 2439.81 1780.72 1580.64 3719.51
threshold=70.190000000000012 0.42471264173135381 60.570000000000007 0.40907743338811486 1.0000000180025095e-35 16775.780000000002 -0.29389999999999994 -0.29389999999999994 0.99879288126755872 0.19653276579064646 0.060169887675273891 78.770000000000024 0.90299113182541202 0.97577266019832842
decision_type=2 2 2 2 2 2 2 2 2 2 2 2 2 2
left_child=1 5 7 -2 -4 9 11 -3 -9 10 -1 -5 -8 -14
right_child=3 2 4 6 -6 -7 12 8 -10 -11 -12 -13 13 -15
leaf_value=0.0048471848169962563 -0.012299741231478178 -0.062699022950685551 -0.1934815379347937 -0.48481026553845674 0.059006906031696227 0.080271725196654764 -0.36660028582906978 0.18246029013818182 0.69277470874786384 0.33697659723608003 0.68318246158428098 -1.0170007831171939 0.16084389339334199 -0.40806378100888208
leaf_weight=14.999999999999998 143 115 432 91 271 99 187 333 25 177 114 19 56 59
leaf_count=15 143 115 432 91 271 99 187 333 25 177 114 19 56 59
internal_value=9.42877e-11 0.0941318 0.00278495 -0.268148 -0.0961496 0.359376 -0.35695 0.149827 0.218097 0.449674 0.604306 -0.576734 -0.276897 -0.13103
internal_weight=2136 1581 1176 555 703 405 412 473 358 306 129 110 302 115
internal_count=2136 1581 1176 555 703 405 412 473 358 306 129 110 302 115
is_linear=0
shrinkage=0.05


Tree=17
num_leaves=15
num_cat=0
split_feature=1 22 22 1 6 22 6 13 1 1 21 22 22 6
split_gain=19622.6 12168 7035.87 6807.59 4567.48 4386.63 3380.62 3165.96 2421.06 1944.12 1751.11 1740.3 1667.39 1320.99
threshold=68.965000000000018 0.24684749415872467 0.24684749415872467 53.650000000000006 30.380000000000006 0.97186771644114334 30.380000000000006 0.51000000000000012 79.360000000000014 59.900000000000013 12658.940000000002 0.077330756371236084 0.91024686087223017 13.005000000000001
decision_type=2 2 2 2 2 2 2 2 2 2 2 2 2 2
left_child=1 9 11 -3 7 -6 8 -5 10 -1 -4 -2 -8 -13
right_child=2 3 6 4 5 -7 12 -9 -10 -11 -12 13 -14 -15
leaf_value=0.70091785495243375 -0.31801882584889735 0.34735227628872256 -0.38766511367800516 0.04098734624635024 0.38557200185656548 -0.27050574555760248 0.1756460042494648 -0.14349250119841814 -0.66272060438990599 0.36248816063914163 -0.19256692826316726 -0.26868934631347657 -0.40674513876147106 0.34566080668142862
leaf_weight=63 14.999999999999998 164 246 534 125 32 53 412 50 130 216 9.9999999999999982 15.999999999999998 70
leaf_count=63 15 164 246 534 125 32 53 412 50 130 216 10 16 70
internal_value=-1.09919e-10 0.10312 -0.222716 0.0467833 0.00209306 0.251849 -0.287943 -0.0393569 -0.332219 0.47296 -0.29645 0.176201 0.0405988 0.268867
internal_weight=2136 1460 676 1267 1103 157 581 946 512 193 462 95 69 80
internal_count=2136 1460 676 1267 1103 157 581 946 512 193 462 95 69 80
is_linear=0
shrinkage=0.05


Tree=18
num_leaves=15
num_cat=0
split_feature=1 22 22 10 22 10 1 1 1 9 22 22 22 6
split_gain=17870.4 10976.6 6367.23 4866.82 4731.2 3467.54 2847.28 2633.51 2141.75 1993.06 1810.41 1801.56 1716.14 1657.95
threshold=63.220000000000006 0.42471264173135381 0.42471264173135381 -0.29389999999999994 0.86275003778655002 -0.10059999999999999 73.160000000000011 71.945000000000007 51.595000000000006 0.37500000000000006 0.19653276579064646 0.90299113182541202 0.99879288126755872 30.380000000000006
decision_type=2 2 2 2 2 2 2 2 2 2 2 2 2 2
left_child=2 7 8 4 -3 -4 13 10 -1 12 -2 -8 -7 -5
right_child=1 3 5 6 -6 9 11 -9 -10 -11 -12 -13 -14 -15
leaf_value=0.79190573021769528 0.37912054089084268 -0.19883072671981961 -0.050886313663410745 -0.1246440395671668 -0.64660640598999131 0.064683598344460191 -0.44727692403472386 -0.082338234054733006 0.34779182662927238 0.32846873398177712 0.098431837723624932 -0.12323345186265365 0.58520931987201474 0.10260685462165962
leaf_weight=32 100 130 242 424 108 231 104 106 179 156 135 73 17 99
leaf_count=32 100 130 242 424 108 231 104 106 179 156 135 73 17 99
internal_value=6.46334e-10 -0.118384 0.176678 -0.206701 -0.402023 0.0987881 -0.140291 0.124553 0.415146 0.188445 0.217874 -0.313632 0.100365 -0.0816271
internal_weight=2136 1279 857 938 238 646 700 341 211 404 235 177 248 523
internal_count=2136 1279 857 938 238 646 700 341 211 404 235 177 248 523
is_linear=0
shrinkage=0.05


Tree=19
num_leaves=15
num_cat=0
split_feature=1 23 1 10 23 10 23 6 1 5 1 23 23 23
split_gain=16327.4 11916.2 6749.57 5071.72 3434.71 2295.81 1996.5 1829.76 1817.31 1770.08 1614.88 1593.7 3497.85 1441.56
threshold=70.555000000000021 0.96901616890815878 56.735000000000007 1.0000000180025095e-35 0.82896682450762904 -0.29389999999999994 0.99815109357002252 30.380000000000006 46.830000000000005 842.19500000000005 55.110000000000007 0.42957308670649791 0.21861778653020106 0.50555750738881688
decision_type=2 2 2 2 2 2 2 2 2 2 2 2 2 2
left_child=1 2 8 -4 5 -2 10 -6 -1 -5 -3 12 -7 -13
right_child=4 6 3 9 7 11 -8 -9 -10 -11 -12 13 -14 -15
leaf_value=0.60033811032772066 -0.55515397124820287 0.89720552846005097 -0.11951395543668036 0.17223290802086688 -0.1293204256014015 -0.40064460335782281 -0.077633363949625112 0.3483931448148645 0.19507876740703323 -0.040649179479963077 0.41374625420491951 -0.80348645361030813 0.16845538213297173 -0.3120247958121119
leaf_weight=31 90 19 669 287 156 54 19 23 257 148 190 17 54 122
leaf_count=31 90 19 669 287 156 54 19 23 257 148 190 17 54 122
internal_value=-1.4129e-10 0.0780181 0.0231362 -0.0330979 -0.244941 -0.338957 0.413086 -0.0679382 0.2387 0.0998041 0.457697 -0.26018 -0.116095 -0.372132
internal_weight=2136 1620 1392 1104 516 337 228 179 288 435 209 247 108 139
internal_count=2136 1620 1392 1104 516 337 228 179 288 435 209 247 108 139
is_linear=0
shrinkage=0.05


Tree=20
num_leaves=15
num_cat=0
split_feature=1 22 22 1 10 10 22 9 22 5 22 22 1 1
split_gain=15011 7503.65 7421.73 4731.55 3782.58 2958.61 2503.2 2273.77 2000.15 1831.93 1754.36 1718.89 1532.83 1346.2
threshold=67.27500000000002 0.40907743338811486 0.24684749415872467 53.650000000000006 -0.10059999999999999 -0.29389999999999994 0.86275003778655002 0.37500000000000006 0.99947698988027445 739.99000000000012 0.060169887675273891 0.97577266019832842 72.675000000000026 55.110000000000007
decision_type=2 2 2 2 2 2 2 2 2 2 2 2 2 2
left_child=2 9 10 -4 -5 6 -3 -6 11 12 -1 -7 -2 -12
right_child=1 5 3 4 7 8 -8 -9 -10 -11 13 -13 -14 -15
leaf_value=-0.12643370117459979 0.12380764922879713 -0.24750869798035113 0.30761487874906601 -0.11256998616152668 0.011521656302420398 -0.16004762687633367 -0.63376007594260175 0.20814192907446882 0.4782019528475675 0.3289963987443531 0.85234525454671761 -0.4258890234035988 -0.18870308104615946 0.40401410903808072
leaf_weight=13.999999999999998 99 87 164 355 355 364 81 251 10.999999999999998 57 19 73 65 141
leaf_count=14 99 87 164 355 355 364 81 251 11 57 19 73 65 141
internal_value=2.58337e-11 -0.165126 0.106398 0.0593958 0.0170359 -0.254797 -0.433737 0.0929601 -0.187694 0.0848147 0.41029 -0.204456 -5.33109e-05 0.457253
internal_weight=2136 837 1299 1125 961 616 168 606 448 221 174 437 164 160
internal_count=2136 837 1299 1125 961 616 168 606 448 221 174 437 164 160
is_linear=0
shrinkage=0.05


Tree=21
num_leaves=15
num_cat=0
split_feature=1 23 23 20 23 23 5 5 1 10 23 1 6 9
split_gain=13755.1 8415.29 5034.48 4191.09 4430.21 3320.37 7891.32 3462.42 2995.82 2873.25 2666.01 2502.19 1841.12 1610.26
threshold=63.220000000000006 0.92599062340417404 0.98045953152007548 15014.405000000001 0.21861778653020106 0.42957308670649791 739.99000000000012 739.99000000000012 50.035000000000004 -0.10059999999999999 0.065534810592492068 73.925000000000026 13.005000000000001 0.24500000000000002
decision_type=2 2 2 2 2 2 2 2 2 2 2 2 2 2
left_child=2 3 8 4 10 7 -7 -5 -1 -10 -2 -6 -3 -11
right_child=1 12 -4 5 11 6 -8 -9 9 13 -12 -13 -14 -15
leaf_value=0.43171361605636777 -0.12595594482762473 -0.18738549124449491 0.52022627445704805 0.34099536574107003 -0.13214852487802559 -0.36754879083703546 0.24781157788407954 -0.17677927984143882 -0.047819307485165503 0.04669901712987963 -0.69283305258490158 -0.39867534525038906 0.17708897144177707 0.24047147054366855
leaf_weight=68 28 40 85 88 387 153 79 51 260 181 80 114 259 263
leaf_count=68 28 40 85 88 387 153 79 51 260 181 80 114 259 263
internal_value=7.02923e-10 -0.103862 0.155005 -0.174704 -0.255409 -0.0422264 -0.158008 0.15102 0.114793 0.0841811 -0.545865 -0.192795 0.12833 0.161479
internal_weight=2136 1279 857 980 609 371 232 139 772 704 108 501 299 444
internal_count=2136 1279 857 980 609 371 232 139 772 704 108 501 299 444
is_linear=0
shrinkage=0.05


Tree=22
num_leaves=15
num_cat=0
split_feature=4 22 22 10 22 22 20 22 10 22 22 6 22 4
split_gain=12696.3 7935.95 4704.17 3916.88 4979.7 3736.07 2877.84 2750.44 2343.3 1758.6 4461.71 3080.22 1628.44 1589.89
threshold=68.965000000000018 0.42471264173135381 0.24684749415872467 -0.29389999999999994 0.86275003778655002 0.99781321377224363 16775.780000000002 0.99310419374700554 -0.10059999999999999 0.97577266019832842 0.95338485815333007 16.055000000000003 0.81613017994572579 58.320000000000007
decision_type=2 2 2 2 2 2 2 2 2 2 2 2 2 2
left_child=1 6 -2 4 12 7 -1 -5 -4 10 -10 -11 -3 -6
right_child=2 3 8 5 13 -7 -8 -9 9 11 -12 -13 -14 -15
leaf_value=0.36153238622796496 0.14703764878605541 -0.017902411081532173 -0.36205767916575282 0.058331653166511288 -0.14387721798636696 0.44608392036352007 0.033873495880503805 -0.43818270276332721 -0.1683871417275884 0.24322734304836821 0.48368005398018604 -0.60598555155926281 0.47790774093254618 -0.51890792243088357
leaf_weight=281 95 129 218 730 44 61 88 29 275 13.999999999999998 29 45 19 79
leaf_count=281 95 129 218 730 44 61 88 29 275 14 29 45 19 79
internal_value=6.90676e-10 0.0829479 -0.179148 0.0151535 -0.149644 0.069617 0.283392 0.0393607 -0.232483 -0.154666 -0.106183 -0.404477 0.0457489 -0.384751
internal_weight=2136 1460 676 1091 271 820 369 759 581 363 304 59 148 123
internal_count=2136 1460 676 1091 271 820 369 759 581 363 304 59 148 123
is_linear=0
shrinkage=0.05


Tree=23
num_leaves=15
num_cat=0
split_feature=4 22 22 4 10 22 10 22 20 6 4 22 6 4
split_gain=11726.3 6720.31 4789.55 3331.9 3090.08 3298.94 2438.77 2137.88 1878.19 1789.52 1425.95 1377.87 1242.71 1232.62
threshold=63.905000000000008 0.40907743338811486 0.37744852145085445 74.180000000000021 -0.29389999999999994 0.84484927454466385 1.0000000180025095e-35 0.99879288126755872 16775.780000000002 13.005000000000001 59.900000000000013 0.19653276579064646 30.380000000000006 82.530000000000015
decision_type=2 2 2 2 2 2 2 2 2 2 2 2 2 2
left_child=2 8 9 6 5 -4 -3 12 11 -1 -11 -2 -6 -5
right_child=1 3 4 13 7 -7 -8 -9 -10 10 -12 -13 -14 -15
leaf_value=-0.080483615185533264 0.32157276329067019 -0.19745247640787905 0.10772213413906487 -0.32641041183976527 0.076018435685089356 -0.31686654555519206 -0.0044537150761468358 0.53672397636598157 -0.10731091151745725 0.53927617079400003 0.24906729492661239 0.070815723704207426 0.28360273472444958 -0.87136862277984628
leaf_weight=21 90 423 92 183 446 91 267 31 84 94 77 140 86 10.999999999999998
leaf_count=21 90 423 92 183 446 91 267 31 84 94 77 140 86 11
internal_value=5.12042e-10 -0.103663 0.132397 -0.174242 0.0750779 -0.103412 -0.12277 0.133095 0.095037 0.355104 0.408597 0.168938 0.109575 -0.35731
internal_weight=2136 1198 938 884 746 183 690 563 314 192 171 230 532 194
internal_count=2136 1198 938 884 746 183 690 563 314 192 171 230 532 194
is_linear=0
shrinkage=0.05


Tree=24
num_leaves=15
num_cat=0
split_feature=1 22 1 8 22 22 22 1 22 1 8 1 10 22
split_gain=10668.1 7955.7 5107.6 3268.9 3794.8 2198.23 2030.41 1939.28 1907.94 1459.54 1443.52 1144.17 1123.44 928.47
threshold=70.555000000000021 0.19653276579064646 56.735000000000007 17.745000000000005 0.97577266019832842 0.55923163791368669 0.060169887675273891 79.360000000000014 0.99781321377224363 46.830000000000005 17.745000000000005 59.980000000000011 -0.10059999999999999 0.90299113182541202
decision_type=2 2 2 2 2 2 2 2 2 2 2 2 2 2
left_child=1 6 9 8 -5 10 -1 12 -4 -3 -2 -8 -7 -14
right_child=5 2 3 4 -6 7 11 -9 -10 -11 -12 -13 13 -15
leaf_value=-0.11007397488543863 -0.11090886432032745 0.52657099943608043 -0.076642825086813096 0.28434782107922096 -0.35291573937450138 -0.36391143867602715 0.66067641863510729 -0.61473842980088422 0.22655062743208629 0.16937225232641717 0.31339967911658079 0.35645045070057241 -0.25883266256294318 -0.040042044213888323
leaf_weight=19 156 32 917 141 28 104 42 37 55 269 23 117 108 88
leaf_count=19 156 32 917 141 28 104 42 37 55 269 23 117 108 88
internal_value=6.72552e-10 0.0630638 0.0241343 -0.0241979 0.178766 -0.197991 0.378437 -0.273204 -0.0594868 0.207347 -0.0563888 0.436812 -0.231081 -0.1606
internal_weight=2136 1620 1442 1141 169 516 178 337 972 301 179 159 300 196
internal_count=2136 1620 1442 1141 169 516 178 337 972 301 179 159 300 196
is_linear=0
shrinkage=0.05


Tree=25
num_leaves=15
num_cat=0
split_feature=1 22 22 10 6 22 6 6 1 22 10 1 22 22
split_gain=9731.28 6099.53 3637.45 3478.97 3067.18 3051.53 5477.93 4052.86 2456.6 2345.4 1908.69 1717.53 1574.14 1528.82
threshold=63.220000000000006 0.57340843044527534 0.17963823861099873 -0.29389999999999994 30.380000000000006 0.89546819317495652 16.055000000000003 30.380000000000006 53.650000000000006 0.86275003778655002 -0.10059999999999999 73.160000000000011 0.077330756371236084 0.81613017994572579
decision_type=2 2 2 2 2 2 2 2 2 2 2 2 2 2
left_child=2 4 12 9 11 7 -7 -5 -4 13 -10 -2 -1 -3
right_child=1 3 8 5 -6 6 -8 -9 10 -11 -12 -13 -14 -15
leaf_value=-0.064922231932481131 0.054995202841872808 -0.27779070188601812 0.26635833940961778 -0.29711834039499563 0.38096152928567706 0.32753930484036825 -0.14629483328175705 0.18184622469938028 -0.064690176528945029 -0.51085593159551979 0.11870121260869103 -0.19651394868707833 0.55912531251087783 0.20706655262481599
leaf_weight=11.999999999999998 337 72 170 265 62 91 185 53 224 108 387 85 64 21
leaf_count=12 337 72 170 265 62 91 185 53 224 108 387 85 64 21
internal_value=9.05429e-10 -0.0873594 0.130376 -0.172556 0.0525812 -0.111712 0.00993309 -0.217291 0.0982429 -0.352363 0.0514677 0.00433578 0.460591 -0.168307
internal_weight=2136 1279 857 795 484 594 276 318 781 201 611 422 76 93
internal_count=2136 1279 857 795 484 594 276 318 781 201 611 422 76 93
is_linear=0
shrinkage=0.05


Tree=26
num_leaves=15
num_cat=0
split_feature=4 22 4 20 20 22 22 22 4 6 22 4 6 22
split_gain=9019.88 6736.11 3249.02 2820.14 2312.25 2327.54 2243.67 2037.73 1640.66 1268.74 1310.47 1151.36 1127.17 986.919
threshold=70.190000000000012 0.42471264173135381 59.235000000000007 16775.780000000002 15014.405000000001 0.97577266019832842 0.24684749415872467 0.77447169083781808 79.360000000000014 30.380000000000006 0.060169887675273891 46.830000000000005 13.005000000000001 0.96767518139081532
decision_type=2 2 2 2 2 2 2 2 2 2 2 2 2 2
left_child=1 3 11 9 5 -4 12 -6 -8 10 -1 -3 -2 -10
right_child=6 2 4 -5 7 -7 8 -9 13 -11 -12 -13 -14 -15
leaf_value=-0.24380530466636025 -0.37890651009299536 0.46348246180492902 -0.075648128947108387 0.0047797617662434632 -0.12054412507377894 -0.36653879308197873 -0.17953615766973832 0.14531695447749829 -0.35160666526999418 0.53944747003854487 0.29144811824102096 0.098502947397383994 0.17097527945994354 -0.85157672992119426
leaf_weight=11.999999999999998 10.999999999999998 23 401 99 113 83 429 199 41 51 243 357 61 12.999999999999998
leaf_count=12 11 23 401 99 113 83 429 199 41 51 243 357 61 13
internal_value=7.53996e-10 0.0608766 0.000310049 0.236744 -0.0571118 -0.125532 -0.173416 0.0490275 -0.212231 0.311791 0.26626 0.120594 0.0869656 -0.47197
internal_weight=2136 1581 1176 405 796 484 555 312 483 306 255 380 72 54
internal_count=2136 1581 1176 405 796 484 555 312 483 306 255 380 72 54
is_linear=0
shrinkage=0.05


Tree=27
num_leaves=15
num_cat=0
split_feature=23 10 9 23 23 23 23 23 23 23 23 6 23 23
split_gain=8081.87 4798.1 2895.62 3980.89 2844.67 7408.38 3770.66 2064.46 1703.36 1430.57 1410.3 1658.74 7006.46 3391.81
threshold=0.96901616890815878 -0.10059999999999999 0.37500000000000006 0.95995164131966326 0.21861778653020106 0.048361154940047744 0.30163443639916493 0.99696839222562084 0.98369513783825568 0.9052873537896472 0.81922450700169669 13.005000000000001 0.47558139622940165 0.50555750738881688
decision_type=2 2 2 2 2 2 2 2 2 2 2 2 2 2
left_child=1 10 4 9 5 -3 -6 8 -2 -4 11 12 -1 -13
right_child=7 2 3 -5 6 -7 -8 -9 -10 -11 -12 13 -14 -15
leaf_value=0.2537596175618384 0.14309216653928161 0.46100570184213147 0.1120193916787464 -0.77781000733375549 0.44447648973100717 -0.48331946998834613 -0.032213734814076349 -0.052972786501050001 0.41499408377437952 0.38635753073074203 -0.025927595932174613 -0.3928855707997867 -0.39244741528858373 -0.073324881744881484
leaf_weight=87 96 27 396 11.999999999999998 45 90 531 48 144 54 189 186 81 150
leaf_count=87 96 27 396 12 45 90 531 48 144 54 189 186 81 150
internal_value=2.36755e-10 -0.0383946 0.0240118 0.120972 -0.0406286 -0.265398 0.00502769 0.246366 0.306233 0.14494 -0.142405 -0.186085 -0.0578045 -0.250225
internal_weight=2136 1848 1155 462 693 117 576 288 240 450 693 504 168 336
internal_count=2136 1848 1155 462 693 117 576 288 240 450 693 504 168 336
is_linear=0
shrinkage=0.05


Tree=28
num_leaves=15
num_cat=0
split_feature=4 23 23 4 6 10 6 4 4 23 23 23 9 21
split_gain=8120.53 4676.89 2851.81 2553.47 2240.29 2036.59 1697.47 1695.73 1437.14 1249 1239.9 1237.88 1167.96 1094.24
threshold=68.965000000000018 0.9052873537896472 0.96901616890815878 56.735000000000007 13.005000000000001 1.0000000180025095e-35 30.380000000000006 51.595000000000006 79.360000000000014 0.048361154940047744 0.99696839222562084 0.41397665785662119 0.46000000000000002 12658.940000000002
decision_type=2 2 2 2 2 2 2 2 2 2 2 2 2 2
left_child=1 3 6 13 -3 9 8 -6 -2 -5 -4 -8 -9 -1
right_child=2 4 10 5 7 -7 11 12 -10 -11 -12 -13 -14 -15
leaf_value=0.059501178440852814 -0.18861623856347878 -0.11900825037859207 0.18891421576961875 0.26333606569096446 0.62989503309644501 0.069523198747479212 -0.33744003595784311 0.16446498206015139 -0.47081103014945991 -0.10607386654785354 -0.30646038532257081 0.1643668460114947 0.38090431094169619 0.27324861640966425
leaf_weight=130 462 43 80 24 29 335 15.999999999999998 208 50 491 14.999999999999998 53 89 111
leaf_count=130 462 43 80 24 29 335 16 208 50 491 15 53 89 111
internal_value=-2.53825e-10 0.0663374 -0.143273 0.0142931 0.220214 -0.0264376 -0.1848 0.264958 -0.216174 -0.0888586 0.110697 0.0480058 0.229324 0.157949
internal_weight=2136 1460 676 1091 369 850 581 326 512 515 95 69 297 241
internal_count=2136 1460 676 1091 369 850 581 326 512 515 95 69 297 241
is_linear=0
shrinkage=0.05


Tree=29
num_leaves=15
num_cat=0
split_feature=1 22 22 10 22 10 6 20 10 22 22 22 22 22
split_gain=7470.98 4202.97 2984.45 2748.88 2402.23 2780.26 2207.36 2173.42 2133.61 2441.12 1753.83 1630.89 1623.03 1548.12
threshold=63.905000000000008 0.57340843044527534 0.57340843044527534 -0.29389999999999994 0.77447169083781808 0.65755000000000019 30.380000000000006 16775.780000000002 -0.29389999999999994 0.99781321377224363 0.97577266019832842 0.86275003778655002 0.86275003778655002 0.81613017994572579
decision_type=2 2 2 2 2 2 2 2 2 2 2 2 2 2
left_child=2 6 7 12 -5 -6 -2 -1 11 10 -10 13 -4 -3
right_child=1 8 3 4 5 -7 -8 -9 9 -11 -12 -13 -14 -15
leaf_value=0.2971313878967185 -0.0064300126113688433 -0.26197695418289219 0.04710505467373878 -0.095004780718992501 0.10400256327752555 0.48710181111829326 0.31884527186552686 -0.003153837448622607 -0.090434311580121801 0.31629658564925195 -0.32791626447125488 -0.44354924243228622 -0.28381574500606138 0.24017403438687324
leaf_weight=254 399 66 64 116 280 57 60 79 428 32 95 98 88 20
leaf_count=254 399 66 64 116 280 57 60 79 428 32 95 98 88 20
internal_value=5.55698e-10 -0.082743 0.105678 0.0395106 0.101247 0.1688 0.0360896 0.225893 -0.156551 -0.107633 -0.133572 -0.304102 -0.144481 -0.145198
internal_weight=2136 1198 938 605 453 337 459 333 739 555 523 184 152 86
internal_count=2136 1198 938 605 453 337 459 333 739 555 523 184 152 86
is_linear=0
shrinkage=0.05


Tree=30
num_leaves=15
num_cat=0
split_feature=1 22 1 8 22 22 1 1 22 13 7 20 22 10
split_gain=6951.95 5336.64 3889.23 2037.75 2991.96 1904.63 1358.33 1218.27 964.933 836.411 816.697 758.983 880.458 746.948
threshold=73.160000000000011 0.19653276579064646 59.235000000000007 17.745000000000005 0.84484927454466385 0.077330756371236084 50.035000000000004 81.465000000000018 0.99781321377224363 0.6000000000000002 114.54000000000001 16775.780000000002 0.16269055358644466 -0.10059999999999999
decision_type=2 2 2 2 2 2 2 2 2 2 2 2 2 2
left_child=1 5 6 8 -5 9 -3 13 -4 -1 -8 -7 -13 -2
right_child=7 2 3 4 -6 11 10 -9 -10 -11 -12 12 -14 -15
leaf_value=-0.15462157974640531 -0.28989219914808451 0.33761599380796886 -0.077582581329309813 0.31209176816046241 -0.11497129268119917 0.42951276500805702 0.12190526972611458 -0.52532378332368257 0.17010720157768669 0.33929476737976078 -0.10241815013730007 0.31787250891879754 -0.2313435660302639 -0.12307992796517081
leaf_weight=30 107 68 960 92 74 116 344 29 41 11.999999999999998 46 27 9.9999999999999982 180
leaf_count=30 107 68 960 92 74 116 344 29 41 12 46 27 10 180
internal_value=1.11401e-10 0.0375864 0.00792723 -0.0405315 0.121714 0.284746 0.131402 -0.216479 -0.0674374 -0.0135026 0.0954466 0.366618 0.169436 -0.185271
internal_weight=2136 1820 1625 1167 166 195 458 316 1001 42 390 153 37 287
internal_count=2136 1820 1625 1167 166 195 458 316 1001 42 390 153 37 287
is_linear=0
shrinkage=0.05


Tree=31
num_leaves=15
num_cat=0
split_feature=1 22 22 6 22 10 22 20 22 22 22 6 22 6
split_gain=6324.21 3197.16 3077.17 2200.15 2126.24 4577.53 3535.26 1771.34 2539.29 2130.19 1687.33 2883.21 1647.38 1356.98
threshold=67.27500000000002 0.40907743338811486 0.57340843044527534 13.005000000000001 0.77447169083781808 0.65755000000000019 0.84484927454466385 15014.405000000001 0.97577266019832842 0.95338485815333007 0.90299113182541202 30.380000000000006 0.87962967011031401 30.380000000000006
decision_type=2 2 2 2 2 2 2 2 2 2 2 2 2 2
left_child=2 -2 3 -1 -4 6 -6 8 9 -3 11 -9 -7 -12
right_child=1 7 4 -5 5 12 -8 10 -10 -11 13 -13 -14 -15
leaf_value=-0.11636710499918435 0.055968509410503769 -0.21279560160933883 -0.11800068533891042 0.20965674070911283 0.2966857188169591 -0.017021544650197031 -0.051423952363086035 -0.32737935072845881 -0.49331590058030311 0.20583532219204834 0.26986883106726139 0.14617056165635586 0.55713554751454741 -0.16294387689343207
leaf_weight=59 221 286 232 421 88 15.999999999999998 426 90 74 34 55 50 57 27
leaf_count=59 221 286 232 421 88 16 426 90 74 34 55 50 57 27
internal_value=5.00455e-10 -0.10718 0.0690607 0.169583 0.0101465 0.0607941 0.00817459 -0.165712 -0.229357 -0.168316 -0.0527582 -0.158254 0.431293 0.127357
internal_weight=2136 837 1299 480 819 587 514 616 394 320 222 140 73 82
internal_count=2136 837 1299 480 819 587 514 616 394 320 222 140 73 82
is_linear=0
shrinkage=0.05


Tree=32
num_leaves=15
num_cat=0
split_feature=1 22 1 8 22 22 22 1 1 21 1 22 22 22
split_gain=5925.86 4619.45 3326.76 2248.14 3149.2 1986.07 1572.05 1075.07 882.736 753.326 708.656 623.742 710.247 2824.28
threshold=73.160000000000011 0.17963823861099873 53.650000000000006 17.745000000000005 0.84484927454466385 0.077330756371236084 0.99781321377224363 81.465000000000018 55.495000000000012 8878.6050000000014 46.830000000000005 0.24684749415872467 0.95338485815333007 0.96319629568591714
decision_type=2 2 2 2 2 2 2 2 2 2 2 2 2 2
left_child=1 5 10 6 -5 9 -4 11 -7 -1 -3 -2 -13 -14
right_child=7 2 3 4 -6 8 -8 -9 -10 -11 -12 12 13 -15
leaf_value=0.31504903733730316 0.0536336148423808 0.42625598169185902 -0.053013353925765921 0.30660132219288816 -0.08990160052546825 0.78387276132901507 0.19941939865167324 -0.48999125258675935 0.3341019601374865 -0.15369404047727586 0.16815178585997156 -0.24123544965511387 0.60797736644744882 -0.22101441506220373
leaf_weight=11.999999999999998 28 33 1206 118 87 11.999999999999998 65 29 120 30 137 197 12.999999999999998 49
leaf_count=12 28 33 1206 118 87 12 65 29 120 30 137 197 13 49
internal_value=5.75859e-10 0.0347019 0.0088025 -0.0153214 0.138329 0.279704 -0.0401037 -0.199865 0.37499 -0.0197674 0.218254 -0.170549 -0.194785 -0.0471936
internal_weight=2136 1820 1646 1476 205 174 1271 316 132 42 170 287 259 62
internal_count=2136 1820 1646 1476 205 174 1271 316 132 42 170 287 259 62
is_linear=0
shrinkage=0.05


Tree=33
num_leaves=15
num_cat=0
split_feature=4 22 10 22 6 6 6 22 22 22 4 6 22 4
split_gain=5524.36 3864.34 2724.74 2803.44 4516.55 3615.29 2582.93 2354.41 2314.9 1783.37 1313.38 1221.74 1049.71 850.291
threshold=60.570000000000007 0.57340843044527534 -0.29389999999999994 0.89546819317495652 16.055000000000003 30.380000000000006 30.380000000000006 0.86275003778655002 0.17963823861099873 0.81613017994572579 46.830000000000005 13.005000000000001 0.24684749415872467 78.170000000000016
decision_type=2 2 2 2 2 2 2 2 2 2 2 2 2 2
left_child=8 6 7 5 -5 -4 11 9 -1 -3 -10 -2 -13 -9
right_child=1 2 3 4 -6 -7 -8 13 10 -11 -12 12 -14 -15
leaf_value=0.46750728675852654 -0.17972922005677877 -0.20064464629228629 -0.2286452899592662 0.29995879522092372 -0.091001413169441422 0.18136885922402146 0.32212912821652079 -0.36339760624656553 0.40494317818771713 0.28041015487909315 0.079961350024244246 0.14050648431209001 -0.02014090743109162 -0.79020468913591824
leaf_weight=46 73 84 311 112 217 65 76 114 33 25 537 165 265 12.999999999999998
leaf_count=46 73 84 311 112 217 65 76 114 33 25 537 165 265 13
internal_value=-1.17778e-10 -0.0511893 -0.113725 -0.0644988 0.0420914 -0.157765 0.0504453 -0.260779 0.126311 -0.090311 0.0987761 0.00939562 0.0415029 -0.407087
internal_weight=2136 1520 941 705 329 376 579 236 616 109 570 503 430 127
internal_count=2136 1520 941 705 329 376 579 236 616 109 570 503 430 127
is_linear=0
shrinkage=0.05


Tree=34
num_leaves=15
num_cat=0
split_feature=1 22 1 22 6 22 1 1 13 1 9 7 22 22
split_gain=5098.7 3929.83 2920.75 1831.86 1564.84 2833.9 1045 826.346 787.452 741.564 662.261 661.335 464.097 489.999
threshold=73.835000000000008 0.17963823861099873 59.235000000000007 0.077330756371236084 30.380000000000006 0.84484927454466385 46.830000000000005 81.465000000000018 0.51000000000000012 55.495000000000012 0.46000000000000002 114.54000000000001 0.24684749415872467 0.95338485815333007
decision_type=2 2 2 2 2 2 2 2 2 2 2 2 2 2
left_child=1 3 6 10 8 -6 -3 12 -4 -5 -1 -8 -2 -14
right_child=7 2 4 9 5 -7 11 -9 -10 -11 -12 -13 13 -15
leaf_value=-0.15110090000014154 0.048977701873941855 0.38469601982470714 -0.019554752045602756 0.72130375107129419 0.28450619137471483 -0.12175545876531245 0.11554455529363883 -0.45230752517437117 -0.10714625285922862 0.30921863571178815 0.28636818826198579 -0.076298790702632832 -0.23258357297473001 -0.060055188463862853
leaf_weight=31 22 33 597 11.999999999999998 97 77 377 29 450 121 11.999999999999998 51 173 54
leaf_count=31 22 33 597 12 97 77 377 29 450 121 12 51 173 54
internal_value=1.67246e-10 0.0298812 0.00635907 0.254678 -0.0341262 0.104724 0.113588 -0.19971 -0.0572015 0.346399 -0.0290165 0.0926847 -0.170291 -0.191542
internal_weight=2136 1858 1682 176 1221 174 461 278 1047 133 43 428 249 227
internal_count=2136 1858 1682 176 1221 174 461 278 1047 133 43 428 249 227
is_linear=0
shrinkage=0.05


Tree=35
num_leaves=15
num_cat=0
split_feature=1 23 1 23 10 10 23 23 23 9 1 5 0 1
split_gain=4693.65 2736.78 1986.66 1640.25 1572.21 1116.83 1123.66 2502.79 1978.27 1051.75 848.053 838.04 787.766 634.588
threshold=68.965000000000018 0.96901616890815878 53.650000000000006 0.84771273534009206 -0.10059999999999999 -0.29389999999999994 0.42957308670649791 0.21861778653020106 0.50555750738881688 0.37500000000000006 54.465000000000011 739.99000000000012 23.915000000000003 76.220000000000013
decision_type=2 2 2 2 2 2 2 2 2 2 2 2 2 2
left_child=1 2 -1 5 -4 13 7 -7 -8 -6 -3 -5 -13 -2
right_child=3 10 4 11 9 6 8 -9 -10 -11 -12 12 -14 -15
leaf_value=0.18608697494662299 -0.21585226528157919 0.55263388885392084 -0.077735084483981504 -0.050027385649588932 -0.0063243059478331328 -0.21903457820415495 -0.60964718505740167 0.20530777986336879 -0.13364204437753488 0.11885555084561117 0.19221723299792837 0.42544716984033593 0.020332447886466983 -0.46451091295794439
leaf_weight=164 79 18 412 173 404 70 25 69 172 287 175 20 30 38
leaf_count=164 79 18 412 173 404 70 25 69 172 287 175 20 30 38
internal_value=-5.19239e-10 0.0504338 0.0237158 -0.108925 -0.000426411 -0.163571 -0.117243 -0.00838981 -0.194049 0.0456679 0.225831 0.00208152 0.182378 -0.296613
internal_weight=2136 1460 1267 676 1103 453 336 139 197 691 193 223 50 117
internal_count=2136 1460 1267 676 1103 453 336 139 197 691 193 223 50 117
is_linear=0
shrinkage=0.05


Tree=36
num_leaves=15
num_cat=0
split_feature=1 22 20 22 22 22 6 20 9 22 1 1 22 10
split_gain=4289.48 3278 2072.52 3435.29 2879.51 3491.91 2426.26 1797.55 1542.17 1316.27 977.913 797.597 663.932 542.384
threshold=73.160000000000011 0.42471264173135381 15014.405000000001 0.77447169083781808 0.97577266019832842 0.99781321377224363 30.380000000000006 16775.780000000002 0.39500000000000007 0.95338485815333007 59.900000000000013 82.530000000000015 0.16269055358644466 -0.10059999999999999
decision_type=2 2 2 2 2 2 2 2 2 2 2 2 2 2
left_child=1 7 4 6 9 -6 -4 10 -5 -3 -1 13 -9 -2
right_child=11 2 3 8 5 -7 -8 12 -10 -11 -12 -13 -14 -15
leaf_value=0.32960267173405738 -0.2363726498125571 -0.035045747897400843 -0.2155627626659615 0.33799604933556854 -0.40355812013149261 0.095557407771839825 0.1534064935673195 0.15020110597567901 0.097604698849547866 0.21033722008268041 0.14590841429201823 -0.5140137430280447 -0.11139830212238469 -0.098319542294611109
leaf_weight=100 116 613 133 98 112 51 67 35 209 60 263 15.999999999999998 79 184
leaf_count=100 116 613 133 98 112 51 67 35 209 60 263 16 79 184
internal_value=2.52408e-10 0.0295243 -0.0104665 0.0692927 -0.0588372 -0.247393 -0.0919581 0.142119 0.174342 -0.0131691 0.196513 -0.170045 -0.0310827 -0.1517
internal_weight=2136 1820 1343 507 836 163 200 477 307 673 363 316 114 300
internal_count=2136 1820 1343 507 836 163 200 477 307 673 363 316 114 300
is_linear=0
shrinkage=0.05


Tree=37
num_leaves=15
num_cat=0
split_feature=1 24 1 20 6 24 1 10 1 24 5 5 9 24
split_gain=4098.06 2519.82 1639.46 1442.44 1362.49 1313.58 1320.48 970.013 776.98 760.333 3362.91 1805.12 679.864 674.185
threshold=61.810000000000009 1.5000000000000002 46.830000000000005 15014.405000000001 30.380000000000006 2.5000000000000004 79.360000000000014 -0.10059999999999999 77.615000000000009 2.5000000000000004 739.99000000000012 739.99000000000012 0.24500000000000002 1.5000000000000002
decision_type=2 2 2 2 2 2 2 2 2 2 2 2 2 2
left_child=2 4 -1 5 8 -3 -7 -4 -2 10 -5 -11 13 -9
right_child=1 3 7 9 -6 6 -8 12 -10 11 -12 -13 -14 -15
leaf_value=0.41508494364587883 0.032795758704405008 -0.07357285911425529 0.0028946091808127556 -0.25120189189274089 0.26495778277272086 -0.19841000764734218 -0.66635648235678679 0.20204669634266847 -0.21370502887027604 0.16968252318791854 0.20190513006278446 -0.15894879112306698 0.17795640249665545 -0.0090690425286690402
leaf_weight=38 369 293 267 117 61 261 15.999999999999998 53 35 117 63 65 249 132
leaf_count=38 369 293 267 117 61 261 16 53 35 117 63 65 249 132
internal_value=-3.61345e-11 -0.0503712 0.0952214 -0.0978036 0.0446976 -0.147375 -0.225439 0.0778821 0.0114405 -0.0197498 -0.0926144 0.0523142 0.124015 0.0514128
internal_weight=2136 1397 739 932 465 570 277 701 404 362 180 182 434 185
internal_count=2136 1397 739 932 465 570 277 701 404 362 180 182 434 185
is_linear=0
shrinkage=0.05


Tree=38
num_leaves=15
num_cat=0
split_feature=1 22 10 22 22 20 13 22 22 6 22 6 1 22
split_gain=3728.85 2755.61 2292.12 2629.47 2469.52 1858.76 1705.5 1371.94 1370.7 1126.86 1003.61 859.103 780.79 768.444
threshold=59.235000000000007 0.57340843044527534 -0.29389999999999994 0.77447169083781808 0.86275003778655002 16775.780000000002 0.48000000000000004 0.17963823861099873 0.81613017994572579 30.380000000000006 0.28003368959032676 16.055000000000003 50.035000000000004 0.24684749415872467
decision_type=2 2 2 2 2 2 2 2 2 2 2 2 2 2
left_child=7 5 4 11 8 9 -5 -1 -3 13 -11 -4 -9 -2
right_child=1 2 3 6 -6 -7 -8 12 -10 10 -12 -13 -14 -15
leaf_value=0.42679555823697762 0.15264812719348508 -0.14360503682477788 -0.33287163167982037 -0.076671749133278025 -0.3608353823097083 -0.10184895428649794 0.099563121888135278 0.25146738040394018 0.25644546560943127 0.070381962921884325 0.4245724923080868 -0.12130141160325021 0.070145531897397376 0.0059648553091794891
leaf_weight=34 144 91 71 264 137 156 286 70 28 36 45 148 391 235
leaf_count=34 144 91 71 264 137 156 286 70 28 36 45 148 391 235
internal_value=-2.45344e-10 -0.0362832 -0.086512 -0.0433716 -0.216102 0.0472957 0.0149704 0.120284 -0.0494755 0.0978752 0.267154 -0.189893 0.0976781 0.0616968
internal_weight=2136 1641 1025 769 256 616 550 495 119 460 81 219 461 379
internal_count=2136 1641 1025 769 256 616 550 495 119 460 81 219 461 379
is_linear=0
shrinkage=0.05


Tree=39
num_leaves=15
num_cat=0
split_feature=4 22 4 22 10 22 22 22 22 22 22 9 22 4
split_gain=3531.55 2761.64 2001.44 1583.48 1302.13 1675.57 632.421 2039.94 1026.25 1171.17 597.339 571.32 535.077 519.346
threshold=73.835000000000008 0.17963823861099873 53.650000000000006 0.077330756371236084 -0.10059999999999999 0.97577266019832842 0.99879288126755872 0.99310419374700554 0.95338485815333007 0.96319629568591714 0.53038584004487344 0.46000000000000002 0.57340843044527534 55.495000000000012
decision_type=2 2 2 2 2 2 2 2 2 2 2 2 2 2
left_child=1 3 -3 11 12 -6 7 8 10 -10 -2 -1 -4 -5
right_child=6 2 4 13 5 -7 -8 -9 9 -11 -12 -13 -14 -15
leaf_value=-0.16383981570120781 -0.080005837029513027 0.16780956515713652 -7.0422824253054236e-05 0.61233459065357854 0.051141700846784446 -0.12939980107974383 0.20533561266281386 -0.74798580964406336 0.56231769919395447 -0.081723673921078446 -0.25128556170983474 0.24248410860697428 -0.1065331296622512 0.26747611077263772
leaf_weight=31 81 170 170 11.999999999999998 803 153 10.999999999999998 14.999999999999998 9.9999999999999982 24 137 11.999999999999998 386 121
leaf_count=31 81 170 170 12 803 153 11 15 10 24 137 12 386 121
internal_value=2.47393e-10 0.0248686 0.00515011 0.213315 -0.0131383 0.0222475 -0.166208 -0.181515 -0.147797 0.1077 -0.187645 -0.0504471 -0.0739816 0.298591
internal_weight=2136 1858 1682 176 1512 956 278 267 252 34 218 43 556 133
internal_count=2136 1858 1682 176 1512 956 278 267 252 34 218 43 556 133
is_linear=0
shrinkage=0.05


Tree=40
num_leaves=15
num_cat=0
split_feature=1 23 23 23 6 21 1 23 23 23 6 23 23 23
split_gain=3291.71 1856.57 1485.22 3541.34 1710.4 1385.9 1313.05 1186.74 923.43 1485.31 2088.22 1174.48 905.87 752.534
threshold=68.965000000000018 0.98045953152007548 0.065534810592492068 0.1169191230723063 16.055000000000003 12060.420000000002 53.650000000000006 0.96901616890815878 0.013975997299564686 0.13398478063445371 16.055000000000003 0.30163443639916493 0.99696839222562084 0.99815109357002252
decision_type=2 2 2 2 2 2 2 2 2 2 2 2 2 2
left_child=1 2 5 4 -4 -1 -5 8 -2 10 -10 -11 -9 -3
right_child=7 13 3 6 -6 -7 -8 12 9 11 -12 -13 -14 -15
leaf_value=-0.060739361634477976 0.35831641837954525 0.24936350369049856 0.01842812024630033 0.15929083700215668 -0.6796359071025142 0.38780887138609793 0.0049727255562329346 0.13947074528783562 -0.028105119802057744 0.063669009625234391 -0.71987815871834759 -0.13646690953816742 -0.28395203312238054 -0.11372864730656147
leaf_weight=26 9.9999999999999982 132 12.999999999999998 159 27 51 1036 80 20 88 24 439 14.999999999999998 15.999999999999998
leaf_count=26 10 132 13 159 27 51 1036 80 20 88 24 439 15 16
internal_value=3.10833e-10 0.0422354 0.0232983 0.0100149 -0.452765 0.236351 0.0255054 -0.0912185 -0.118007 -0.126349 -0.405436 -0.103048 0.0726145 0.21011
internal_weight=2136 1460 1312 1235 40 77 1195 676 581 571 44 527 95 148
internal_count=2136 1460 1312 1235 40 77 1195 676 581 571 44 527 95 148
is_linear=0
shrinkage=0.05


Tree=41
num_leaves=15
num_cat=0
split_feature=1 22 6 10 22 6 22 22 22 1 10 22 22 22
split_gain=2995.76 2086.69 1418.91 1281.82 2112.02 2741.93 2578.78 1275.42 1331.85 1238.37 829.012 794.238 3372.18 791.948
threshold=61.810000000000009 0.57340843044527534 30.380000000000006 -0.29389999999999994 0.89546819317495652 16.055000000000003 0.86275003778655002 0.86275003778655002 0.81613017994572579 46.830000000000005 -0.10059999999999999 0.28003368959032676 0.19653276579064646 0.97577266019832842
decision_type=2 2 2 2 2 2 2 2 2 2 2 2 2 2
left_child=9 2 -2 7 6 -6 -5 8 -3 -1 -11 12 -4 -12
right_child=1 3 11 4 5 -7 -8 -9 -10 10 13 -13 -14 -15
leaf_value=0.35941050209497155 0.0027009332464423565 -0.16336132734070852 0.42069492421366955 -0.086630830599038131 0.25348663251146236 -0.066653834625777578 -0.48841231750405356 -0.31155322755180431 0.27651807620952074 -0.0029792806698700019 0.1388635370346715 0.39859005589234203 -0.65150164040652192 -0.043727984720132722
leaf_weight=38 463 79 22 303 101 198 46 114 22 267 363 38 10.999999999999998 71
leaf_count=38 463 79 22 303 101 198 46 114 22 267 363 38 11 71
internal_value=-4.62091e-11 -0.0430672 0.0346175 -0.0911363 -0.0560361 0.0414873 -0.139588 -0.196927 -0.067546 0.0814139 0.0663442 0.242749 0.0632961 0.108993
internal_weight=2136 1397 534 863 648 299 349 215 101 739 701 71 33 434
internal_count=2136 1397 534 863 648 299 349 215 101 739 701 71 33 434
is_linear=0
shrinkage=0.05


Tree=42
num_leaves=15
num_cat=0
split_feature=1 22 1 22 22 22 10 22 22 21 1 9 1 10
split_gain=2861.93 2202.55 1550.43 1328.75 1153.27 3284.8 2991.38 625.364 1103.62 722.911 573.681 486.449 445.822 371.594
threshold=73.835000000000008 0.17963823861099873 59.235000000000007 0.077330756371236084 0.97577266019832842 0.95338485815333007 0.65755000000000019 0.99879288126755872 0.99310419374700554 12333.330000000002 82.530000000000015 0.46000000000000002 55.495000000000012 -0.10059999999999999
decision_type=2 2 2 2 2 2 2 2 2 2 2 2 2 2
left_child=1 3 7 11 5 -4 -6 8 -3 -9 13 -1 -5 -2
right_child=10 2 4 12 6 -7 -8 9 -10 -11 -12 -13 -14 -15
leaf_value=-0.15556812815127835 -0.2082799986080088 0.084726179621079895 -0.029686001681397223 0.55948482155799872 -0.21387614550455136 0.30579631480423708 0.39501637427703196 -0.012388316392898556 -0.32624517118229585 0.52953640222549436 -0.44027547664009037 0.21936288674672447 0.23996841060844334 -0.085467190126334247
leaf_weight=31 99 418 955 11.999999999999998 164 79 23 10.000000000000002 17 15.999999999999998 15.999999999999998 11.999999999999998 121 163
leaf_count=31 99 418 955 12 164 79 23 10 17 16 16 12 121 163
internal_value=-3.81939e-10 0.0223871 0.00477737 0.19068 -0.0247195 -0.00405437 -0.138986 0.0829025 0.0686652 0.321104 -0.149623 -0.0509362 0.268797 -0.131874
internal_weight=2136 1858 1682 176 1221 1034 187 461 435 26 278 43 133 262
internal_count=2136 1858 1682 176 1221 1034 187 461 435 26 278 43 133 262
is_linear=0
shrinkage=0.05


Tree=43
num_leaves=15
num_cat=0
split_feature=1 22 22 22 10 22 6 22 22 22 22 6 6 1
split_gain=2609.9 1438.5 1335.17 1744.41 2931.35 3050.39 1462.54 1289.95 1120.73 1282.9 2275.54 1719.07 625.327 604.236
threshold=67.27500000000002 0.40907743338811486 0.57340843044527534 0.77447169083781808 0.65755000000000019 0.84484927454466385 13.005000000000001 0.87962967011031401 0.99986533717164605 0.97577266019832842 0.95338485815333007 16.055000000000003 13.005000000000001 51.595000000000006
decision_type=2 2 2 2 2 2 2 2 2 2 2 2 2 2
left_child=2 12 6 -4 5 -5 -1 -6 9 10 -3 -11 -2 -8
right_child=1 8 3 4 7 -7 13 -9 -10 11 -12 -13 -14 -15
leaf_value=-0.12256111794672275 -0.16763846316645226 -0.12086529548970655 -0.11051433643088818 0.27732175503254192 -0.048789712414145474 -0.04603597641323514 0.31222633462637028 0.45927596385018871 0.35120728054137618 -0.032530044515927635 0.23157808082360851 -0.44819715611758781 0.074554895490505979 0.12201792150282567
leaf_weight=59 31 449 232 88 15.999999999999998 426 47 57 12.999999999999998 42 51 61 190 374
leaf_count=59 31 449 232 88 16 426 47 57 13 42 51 61 190 374
internal_value=-5.77287e-11 -0.068853 0.0443649 0.0055577 0.0514329 0.00932488 0.11058 0.347919 -0.108115 -0.118017 -0.0849161 -0.278702 0.0405821 0.143253
internal_weight=2136 837 1299 819 587 514 480 73 616 603 500 103 221 421
internal_count=2136 837 1299 819 587 514 480 73 616 603 500 103 221 421
is_linear=0
shrinkage=0.05


Tree=44
num_leaves=15
num_cat=0
split_feature=1 22 22 22 20 22 10 22 6 22 22 22 22 22
split_gain=2457.02 1891.44 1448.81 3147.33 5237.17 2784.74 1263.43 1196.54 645.562 524.6 1630.17 841.615 979.501 470.027
threshold=73.835000000000008 0.17963823861099873 0.99781321377224363 0.97577266019832842 16775.780000000002 0.95338485815333007 -0.29389999999999994 0.077330756371236084 16.460000000000004 0.99879288126755872 0.99310419374700554 0.95338485815333007 0.96319629568591714 0.84484927454466385
decision_type=2 2 2 2 2 2 2 2 2 2 2 2 2 2
left_child=1 7 3 5 -5 -3 -4 -1 -8 10 11 13 -13 -2
right_child=9 2 6 4 -6 -7 8 -9 -10 -11 -12 12 -14 -15
leaf_value=-0.052582844849242721 -0.11431678898632527 -0.00017374018540442388 -0.14005619786679743 -0.35227981225188287 0.25771519491013062 0.27230280536678758 0.47906727838900781 0.25082703585267291 0.16131308087796878 0.19975735870274633 -0.65896722555160525 0.52469601988792414 -0.064291709568351507 -0.28046112366277598
leaf_weight=43 160 1310 20 140 47 101 31 133 33 10.999999999999998 14.999999999999998 9.9999999999999982 24 58
leaf_count=43 160 1310 20 140 47 101 31 133 33 11 15 10 24 58
internal_value=5.84131e-10 0.0207431 0.00442433 -0.006215 -0.198966 0.0193303 0.206825 0.176698 0.315225 -0.138635 -0.152577 -0.122434 0.10894 -0.15852
internal_weight=2136 1858 1682 1598 187 1411 84 176 64 278 267 252 34 218
internal_count=2136 1858 1682 1598 187 1411 84 176 64 278 267 252 34 218
is_linear=0
shrinkage=0.05


Tree=45
num_leaves=15
num_cat=0
split_feature=1 22 10 22 22 22 20 22 6 22 22 6 22 9
split_gain=2275.6 1675.46 1638.75 2183.95 1997.71 1647.02 1520.14 1085.18 897.034 966.079 835.462 741.11 657.519 547.777
threshold=59.235000000000007 0.57340843044527534 -0.29389999999999994 0.77447169083781808 0.86275003778655002 0.83552254320998587 16775.780000000002 0.81613017994572579 30.380000000000006 0.28003368959032676 0.17963823861099873 16.055000000000003 0.060169887675273891 0.46000000000000002
decision_type=2 2 2 2 2 2 2 2 2 2 2 2 2 2
left_child=10 6 4 11 7 -5 8 -3 12 -10 -1 -4 -2 -12
right_child=1 2 3 5 -6 -7 -8 -9 9 -11 13 -13 -14 -15
leaf_value=0.33315495401620865 -0.28598040980952127 -0.11097252118390995 -0.29736372590143706 0.22451147501959523 -0.30726021451019025 -0.014856172844126662 -0.098050274798431647 0.24498231216067717 0.040542308140235649 0.38804758866628014 0.046724873856808784 -0.10085876892144617 0.063186584397917619 0.17668275838629122
leaf_weight=34 13.999999999999998 91 71 85 137 465 156 28 36 45 356 148 365 105
leaf_count=34 14 91 71 85 137 465 156 28 36 45 356 148 365 105
internal_value=4.83219e-10 -0.0283443 -0.0675105 -0.0310332 -0.177085 0.022137 0.0368266 -0.0272184 0.0825675 0.233601 0.0939657 -0.164566 0.0502886 0.0763248
internal_weight=2136 1641 1025 769 256 550 616 119 460 81 495 219 379 461
internal_count=2136 1641 1025 769 256 550 616 119 460 81 495 219 379 461
is_linear=0
shrinkage=0.05


Tree=46
num_leaves=15
num_cat=0
split_feature=1 22 22 22 6 6 10 22 11 22 22 5 1 5
split_gain=2158.74 1717.68 1298.46 2718.58 2915.19 1545.55 1086.95 824.89 658.056 906.108 1141.97 582.374 456.323 410.522
threshold=72.125000000000014 0.17963823861099873 0.99781321377224363 0.99094606287942044 16.055000000000003 30.380000000000006 -0.29389999999999994 0.060169887675273891 -0.98919999999999997 0.97577266019832842 0.95338485815333007 568.63000000000011 84.490000000000009 739.99000000000012
decision_type=2 2 2 2 2 2 2 2 2 2 2 2 2 2
left_child=1 7 3 5 -5 -3 -4 -1 9 10 -2 -8 -10 -9
right_child=8 2 6 4 -6 -7 11 13 12 -11 -12 -13 -14 -15
leaf_value=-0.13260164190279811 -0.02412275136039968 -0.0069192562738715976 -0.13182342475966405 0.096316034370853065 -0.52081838726997376 0.14879762904179064 0.45446618612735501 0.1705513879858159 -0.14062142976943184 -0.37473238632082939 0.48866744730621581 0.15266337719830603 -0.47001953287558118 0.36694132741008489
leaf_weight=19 114 1233 19 31 50 183 31 111 238 15.999999999999998 11.999999999999998 33 10.999999999999998 35
leaf_count=19 114 1233 19 31 50 183 31 111 238 16 12 33 11 35
internal_value=3.24132e-10 0.0237936 0.00776272 -0.00291022 -0.284631 0.0132052 0.200261 0.177301 -0.106189 -0.0202937 0.0247144 0.298849 -0.155173 0.217631
internal_weight=2136 1745 1580 1497 81 1416 83 165 391 142 126 64 249 146
internal_count=2136 1745 1580 1497 81 1416 83 165 391 142 126 64 249 146
is_linear=0
shrinkage=0.05


Tree=47
num_leaves=15
num_cat=0
split_feature=1 22 10 22 22 22 20 22 1 6 22 6 7 22
split_gain=2011.17 1450.02 1416.72 1970.46 1778.09 1483.8 1340.08 979.179 822.953 754.181 883.669 648.897 619.087 750.22
threshold=59.235000000000007 0.57340843044527534 -0.29389999999999994 0.77447169083781808 0.86275003778655002 0.83552254320998587 16775.780000000002 0.81613017994572579 46.830000000000005 30.380000000000006 0.28003368959032676 16.055000000000003 114.54000000000001 0.89546819317495652
decision_type=2 2 2 2 2 2 2 2 2 2 2 2 2 2
left_child=8 6 4 11 7 -5 9 -3 -1 -2 -11 -4 -10 -14
right_child=1 2 3 5 -6 -7 -8 -9 12 10 -12 -13 13 -15
leaf_value=0.31191146208561565 0.047330857619230386 -0.10313383911398577 -0.28026644549739194 0.21342319337760701 -0.28777534152741419 -0.013774068457905644 -0.092655970779462513 0.2349891871213913 0.091272806366083148 0.030773583551247916 0.36312666767173346 -0.096392665337771188 0.06319215074181557 -0.31375229683789341
leaf_weight=38 379 91 71 85 137 465 156 28 402 36 45 148 33 22
leaf_count=38 379 91 71 85 137 465 156 28 402 36 45 148 33 22
internal_value=1.902e-10 -0.0266466 -0.0630826 -0.0291665 -0.164964 0.0213382 0.0339815 -0.0235755 0.0883376 0.0769281 0.215414 -0.156005 0.0697472 -0.0875856
internal_weight=2136 1641 1025 769 256 550 616 119 495 460 81 219 457 55
internal_count=2136 1641 1025 769 256 550 616 119 495 460 81 219 457 55
is_linear=0
shrinkage=0.05


Tree=48
num_leaves=15
num_cat=0
split_feature=4 23 23 23 20 6 6 7 4 9 23 23 23 23
split_gain=1903.52 1473.21 1388.4 2269.29 4684.75 1348.9 1305.3 1206.25 716.499 551.525 522.784 1392.15 786.451 811.594
threshold=73.835000000000008 0.9052873537896472 0.065534810592492068 0.13398478063445371 16775.780000000002 13.005000000000001 30.380000000000006 114.54000000000001 51.595000000000006 0.46000000000000002 0.048361154940047744 0.13398478063445371 0.30163443639916493 0.26866134250169732
decision_type=2 2 2 2 2 2 2 2 2 2 2 2 2 2
left_child=1 2 7 4 -4 -3 -5 -1 -7 -10 -2 -12 13 -13
right_child=10 5 3 6 -6 8 -8 -9 9 -11 11 12 -14 -15
leaf_value=0.25840840511829466 0.21578144485300241 -0.13532444033444974 -0.49731013178825378 -0.023705847825911012 0.36854528217088611 0.36356124754609737 0.13171378054089034 -0.32666719779372216 0.068521979050266524 0.19797638217388686 -0.60390637477238984 -0.042110317324598634 -0.14297027426089348 0.4940236127376556
leaf_weight=74 10.999999999999998 57 61 1052 21 29 155 9.9999999999999982 283 116 14.999999999999998 24 218 9.9999999999999982
leaf_count=74 11 57 61 1052 21 29 155 10 283 116 15 24 218 10
internal_value=-2.64055e-10 0.0182578 -0.00820381 -0.0210391 -0.275567 0.0931686 -0.00374724 0.188757 0.123599 0.106158 -0.122025 -0.135942 -0.108087 0.115576
internal_weight=2136 1858 1373 1289 82 485 1207 84 428 399 278 267 252 34
internal_count=2136 1858 1373 1289 82 485 1207 84 428 399 278 267 252 34
is_linear=0
shrinkage=0.05


Tree=49
num_leaves=15
num_cat=0
split_feature=1 23 1 23 23 20 23 23 23 20 20 20 20 23
split_gain=1796.09 1018.6 1005.31 979.057 887.57 2660.46 1791.38 769.774 1391.68 2249.9 1032.12 761.825 644.776 400.448
threshold=67.27500000000002 0.91245913578114801 50.035000000000004 0.013975997299564686 0.21861778653020106 16775.780000000002 0.30163443639916493 0.81922450700169669 0.63255009372278048 15014.405000000001 16775.780000000002 16775.780000000002 16775.780000000002 0.99815109357002252
decision_type=2 2 2 2 2 2 2 2 2 2 2 2 2 2
left_child=2 3 -1 -2 5 -5 -6 8 9 -4 13 -10 -3 -9
right_child=1 12 7 4 6 -7 -8 10 11 -11 -12 -13 -14 -15
leaf_value=0.2120321795810014 0.33915319901246294 0.086510114785697728 -0.042331945489950847 -0.38072788840667771 0.20893310378579533 0.20424437477038457 -0.10377563165497131 0.13226902390922773 -0.055661686190783426 0.16280796660884334 -0.055742379748779873 -0.26819391021864458 -0.10654755347108438 -0.17452081496065314
leaf_weight=77 12.999999999999998 162 343 77 51 26 449 322 162 219 108 57 59 10.999999999999998
leaf_count=77 13 162 343 77 51 26 449 322 162 219 108 57 59 11
internal_value=-2.65755e-10 -0.0571183 0.0368037 -0.0901564 -0.0994119 -0.233065 -0.0718793 0.0257623 -0.00405782 0.0376069 0.0785731 -0.110978 0.0349698 0.122135
internal_weight=2136 837 1299 616 603 103 500 1222 781 562 441 219 221 333
internal_count=2136 837 1299 616 603 103 500 1222 781 562 441 219 221 333
is_linear=0
shrinkage=0.05


Tree=50
num_leaves=15
num_cat=0
split_feature=1 22 1 22 22 1 22 10 20 7 22 22 22 3
split_gain=1656.38 1233.39 993.112 1014.68 2139.92 646.292 645.311 585.726 536.526 534.686 623.283 461.156 475.615 353.823
threshold=59.235000000000007 0.24684749415872467 77.120000000000019 0.99781321377224363 0.97577266019832842 46.830000000000005 0.060169887675273891 -0.29389999999999994 16775.780000000002 114.54000000000001 0.89546819317495652 0.17963823861099873 0.77447169083781808 60.000000000000007
decision_type=2 2 2 2 2 2 2 2 2 2 2 2 2 2
left_child=5 6 3 4 -3 -1 -2 -5 -8 11 -11 -7 -13 -4
right_child=1 2 13 7 -6 9 8 -9 -10 10 -12 12 -14 -15
leaf_value=0.27829703872925354 -0.1693809533086808 -0.013747277887383759 -0.11982251398425958 -0.15299822048030118 -0.2141782402502079 0.29165883278846744 0.15628426443358326 0.25231057699135645 -0.026424757473998601 0.054909247938882223 -0.28866903961382134 0.013598271743691666 0.12591862838577342 -0.30241032991653838
leaf_weight=38 23 1075 83 10.999999999999998 152 25 157 47 54 33 22 188 189 39
leaf_count=38 23 1075 83 11 152 25 157 47 54 33 22 188 189 39
internal_value=2.80465e-11 -0.0241823 -0.04186 -0.0289166 -0.0385765 0.080168 0.0821108 0.175442 0.109525 0.0636933 -0.0825221 0.0836979 0.0699074 -0.178191
internal_weight=2136 1641 1407 1285 1227 495 234 58 211 457 55 402 377 122
internal_count=2136 1641 1407 1285 1227 495 234 58 211 457 55 402 377 122
is_linear=0
shrinkage=0.05


Tree=51
num_leaves=15
num_cat=0
split_feature=1 22 9 22 22 20 7 8 1 5 22 22 22 22
split_gain=1524.38 1107.15 1049.82 1009.34 1651.27 3841.12 1020.58 972.447 617.728 548.51 493.87 470.358 455.828 1114.32
threshold=70.190000000000012 0.42471264173135381 0.46000000000000002 0.99781321377224363 0.99094606287942044 16775.780000000002 114.54000000000001 17.745000000000005 79.360000000000014 420.44500000000005 0.060169887675273891 0.32917936166072764 0.99879288126755872 0.99310419374700554
decision_type=2 2 2 2 2 2 2 2 2 2 2 2 2 2
left_child=1 2 9 4 7 -6 -5 -3 12 -1 -11 -4 13 -2
right_child=8 3 11 6 5 -7 -8 -9 -10 10 -12 -13 -14 -15
leaf_value=-0.1043167348418917 -0.045645377470620918 -0.014451582554894286 0.17013439219206192 0.23942455746233465 -0.45157746429796575 0.41022267131244439 -0.30057025682181121 0.13189471040350886 -0.22140500572372657 -0.2344298765063286 0.094288056542917664 0.41226506865134943 0.23939663646026302 -0.44662289023399354
leaf_weight=49 463 895 78 70 54 17 9.9999999999999982 130 61 11.999999999999998 239 27 12.999999999999998 18
leaf_count=49 463 895 78 70 54 17 10 130 61 12 239 27 13 18
internal_value=1.52114e-10 0.0250263 0.0963254 0.000471739 -0.0120431 -0.245231 0.171925 0.00410941 -0.0712911 0.0487006 0.0785725 0.232397 -0.0527548 -0.0606508
internal_weight=2136 1581 405 1176 1096 71 80 1025 555 300 251 105 494 481
internal_count=2136 1581 405 1176 1096 71 80 1025 555 300 251 105 494 481
is_linear=0
shrinkage=0.05


Tree=52
num_leaves=15
num_cat=0
split_feature=10 22 22 22 8 22 22 7 22 22 22 7 5 22
split_gain=1530.18 1188.09 3365.21 3218.68 3190.06 1599.59 1416.6 1255.05 1727.83 1398.28 783.585 1006.18 518.279 501.282
threshold=-0.10059999999999999 0.97577266019832842 0.99781321377224363 0.95338485815333007 9.6000000000000032 0.96767518139081532 0.97938885712668811 92.320000000000007 0.84484927454466385 0.89546819317495652 0.57340843044527534 55.750000000000007 568.63000000000011 0.98271523713537257
decision_type=2 2 2 2 2 2 2 2 2 2 2 2 2 2
left_child=10 3 4 7 -3 -5 -6 9 -9 -2 11 -1 -4 -12
right_child=1 2 12 5 6 -7 -8 8 -10 -11 13 -13 -14 -15
leaf_value=-0.12036245186069999 -0.021550072256415601 0.26636633939213222 0.41027690445383391 0.557419179810418 -0.85345435539881387 0.086074365640136721 -0.2772453790064901 0.21225248664143562 -0.13660607342918715 0.1709752851545259 -0.1172511383011164 0.074862701040363383 0.1103118991272317 0.0082596592906147553
leaf_weight=99 744 27 24 45 11.999999999999998 30 96 168 45 108 405 198 36 99
leaf_count=99 744 27 24 45 12 30 96 168 45 108 405 198 36 99
internal_value=-2.4846e-10 0.0327806 -0.0812679 0.0522889 -0.219742 0.368881 -0.341269 0.0299936 0.13855 0.00285455 -0.0546343 0.00978765 0.230298 -0.0925972
internal_weight=2136 1335 195 1140 135 75 108 1065 213 852 801 297 60 504
internal_count=2136 1335 195 1140 135 75 108 1065 213 852 801 297 60 504
is_linear=0
shrinkage=0.05


Tree=53
num_leaves=15
num_cat=0
split_feature=1 22 22 1 22 1 0 7 22 5 22 22 22 22
split_gain=1440.18 944.376 775.401 797.802 778.242 665.503 602.807 523.215 1029.63 491.267 702.442 472.155 517.282 340.143
threshold=61.810000000000009 0.24684749415872467 0.99986533717164605 73.835000000000008 0.99310419374700554 46.830000000000005 22.255000000000006 114.54000000000001 0.90299113182541202 739.99000000000012 0.077330756371236084 0.17963823861099873 0.99781321377224363 0.19653276579064646
decision_type=2 2 2 2 2 2 2 2 2 2 2 2 2 2
left_child=5 9 3 6 -5 -1 -3 11 -9 10 -2 -7 -13 -11
right_child=1 2 -4 4 -6 7 -8 8 -10 13 -12 12 -14 -15
leaf_value=0.26024214044997568 -0.19534119650207718 -0.14012990496851591 0.29912722646258771 -0.10487391294804833 -0.43022169858217246 0.21163878835116826 -0.015523177146939843 0.055462537161162444 -0.31936836716319839 0.27588095103318871 0.078865932941747208 0.035870762318111614 0.22918060760240297 -0.038935444300824948
leaf_weight=38 29 110 15.999999999999998 227 20 48 825 53 28 39 120 535 37 10.999999999999998
leaf_count=38 29 110 16 227 20 48 825 53 28 39 120 535 37 11
internal_value=4.05257e-10 -0.0298608 -0.0466158 -0.0512959 -0.131218 0.0564487 -0.0301828 0.0454014 -0.0741086 0.0710054 0.0254968 0.0610148 0.0483751 0.206621
internal_weight=2136 1397 1198 1182 247 739 935 701 81 199 149 620 572 50
internal_count=2136 1397 1198 1182 247 739 935 701 81 199 149 620 572 50
is_linear=0
shrinkage=0.05


Tree=54
num_leaves=15
num_cat=0
split_feature=10 23 23 23 6 23 23 6 23 23 1 23 6 23
split_gain=1340.69 1088.87 2925.49 2910.72 2880.65 1445.26 1399.87 1121.55 1534.67 1271.51 813.229 660.733 790.512 696.81
threshold=-0.10059999999999999 0.21861778653020106 0.30163443639916493 0.065534810592492068 16.055000000000003 0.25205309817207106 0.1169191230723063 30.380000000000006 0.53493525241775031 0.44504239796885176 78.170000000000016 0.81922450700169669 13.005000000000001 0.30163443639916493
decision_type=2 2 2 2 2 2 2 2 2 2 2 2 2 2
left_child=10 3 5 -2 -5 -3 -6 9 -9 -4 11 13 -13 -1
right_child=1 2 7 4 6 -7 -8 8 -10 -11 -12 12 -14 -15
leaf_value=0.012918655819406636 0.21126544828837118 0.082371568990250443 0.16276769987727879 0.25464971242127599 -0.57734151888224816 0.53040049427085456 -0.195477670032738 -0.1285954903681866 0.20018572876939464 -0.020823010432493863 -0.2653086701319331 -0.10044136011338496 0.078324325703123088 -0.11690418055301227
leaf_weight=152 60 30 108 27 36 45 72 45 168 744 42 91 193 323
leaf_count=152 60 30 108 27 36 45 72 45 168 744 42 91 193 323
internal_value=4.79815e-10 0.0306839 0.0493598 -0.0784986 -0.207283 0.351189 -0.322766 0.0281042 0.130725 0.00244905 -0.0511398 -0.0392885 0.0210438 -0.0753609
internal_weight=2136 1335 1140 195 135 75 108 1065 213 852 801 759 284 475
internal_count=2136 1335 1140 195 135 75 108 1065 213 852 801 759 284 475
is_linear=0
shrinkage=0.05


Tree=55
num_leaves=15
num_cat=0
split_feature=1 22 22 20 6 22 21 22 1 9 21 22 5 22
split_gain=1318.45 926.201 777.043 1668.43 1017.23 2283.2 762.631 523.82 500.819 438.592 598.325 595.492 420.763 402.822
threshold=59.235000000000007 0.24684749415872467 0.28003368959032676 15014.405000000001 30.380000000000006 0.84484927454466385 12658.940000000002 0.077330756371236084 46.830000000000005 0.46000000000000002 12658.940000000002 0.7957718639449195 739.99000000000012 0.86275003778655002
decision_type=2 2 2 2 2 2 2 2 2 2 2 2 2 2
left_child=8 7 3 -3 6 -6 -4 12 -1 10 -10 -12 -2 -11
right_child=1 2 4 -5 5 -7 -8 -9 9 13 11 -13 -14 -15
leaf_value=0.24593534108839538 -0.17053826602504535 0.007636046539182248 -0.082193957299825551 -0.67017223656177527 0.24009986237855629 -0.11349946768466562 -0.0010609348505986706 0.10753957374774395 -0.034163515330110188 0.21493428582895358 0.0063828466160372761 0.19477406330866578 0.17384145980079968 0.014919711821354355
leaf_weight=38 34 23 681 14.999999999999998 100 84 504 188 179 71 87 81 11.999999999999998 39
leaf_count=38 34 23 681 15 100 84 504 188 179 71 87 81 12 39
internal_value=1.318e-10 -0.0215749 -0.0368939 -0.25992 -0.0307033 0.0786741 -0.0476867 0.0705352 0.0715242 0.0570218 0.029443 0.0972143 -0.0807001 0.14402
internal_weight=2136 1641 1407 38 1369 184 1185 234 495 457 347 168 46 110
internal_count=2136 1641 1407 38 1369 184 1185 234 495 457 347 168 46 110
is_linear=0
shrinkage=0.05


Tree=56
num_leaves=15
num_cat=0
split_feature=1 23 23 20 6 23 23 23 20 23 9 1 21 23
split_gain=1233.54 1032.31 923.042 2197.58 1121.63 2339.96 863.974 595.752 365.27 373.013 355.96 427.478 228.093 417.518
threshold=53.650000000000006 0.96901616890815878 0.95995164131966326 15014.405000000001 30.380000000000006 0.53493525241775031 0.065534810592492068 0.99815109357002252 16775.780000000002 0.98663965293901656 0.46000000000000002 42.310000000000009 12658.940000000002 0.81922450700169669
decision_type=2 2 2 2 2 2 2 2 2 2 2 2 2 2
left_child=10 2 4 -4 6 -6 -2 8 -3 -10 11 -1 13 -13
right_child=1 7 3 -5 5 -7 -8 -9 9 -11 -12 12 -14 -15
leaf_value=0.41045784831047061 0.12661146030991108 0.13612742709005846 0.035774433364470802 -0.6774566509657437 -0.098555993675686349 0.22987754813781602 -0.045611000254556111 -0.15921091039975485 -0.14342979490756988 0.10549935631673127 0.28599451811149201 -0.086265104924413305 0.13965311346886058 0.15563514476021134
leaf_weight=9.9999999999999982 77 188 27 18 97 123 1342 24 27 34 29 44 66 30
leaf_count=10 77 188 27 18 97 123 1342 24 27 34 29 44 66 30
internal_value=-2.84961e-11 -0.0114915 -0.0261129 -0.249518 -0.0199792 0.0850682 -0.0362656 0.0787006 0.101632 -0.0046824 0.125636 0.0946338 0.072075 0.0118026
internal_weight=2136 1957 1684 45 1639 220 1419 273 249 61 179 150 140 74
internal_count=2136 1957 1684 45 1639 220 1419 273 249 61 179 150 140 74
is_linear=0
shrinkage=0.05


Tree=57
num_leaves=15
num_cat=0
split_feature=1 22 1 22 22 22 6 1 0 9 22 22 22 1
split_gain=1169 1002.39 742.609 493.221 450.146 1294.45 664.406 406.318 382.885 389.634 341.54 1103.13 694.332 270.071
threshold=72.125000000000014 0.17963823861099873 53.650000000000006 0.060169887675273891 0.99781321377224363 0.97577266019832842 16.460000000000004 82.530000000000015 21.655000000000005 0.46000000000000002 0.99879288126755872 0.99310419374700554 0.95338485815333007 55.495000000000012
decision_type=2 2 2 2 2 2 2 2 2 2 2 2 2 2
left_child=1 3 8 -1 5 -4 -6 10 -3 -10 11 12 -2 -5
right_child=7 2 4 13 6 -7 -8 -9 9 -11 -12 -13 -14 -15
leaf_value=-0.10485744021440808 -0.086813934249463084 -0.12881516776978971 0.0047355038621958272 0.39320702006419506 0.26350025577923736 -0.1472751021666347 -0.032273977708358034 -0.32489979509264233 0.093158484091476881 0.30883055663108827 0.22067080169916153 -0.51074907524245128 0.11439110592007638 0.14561161384153276
leaf_weight=19 301 15.999999999999998 1175 11.999999999999998 37 159 39 15.999999999999998 129 25 9.9999999999999982 13.999999999999998 50 134
leaf_count=19 301 16 1175 12 37 159 39 16 129 25 10 14 50 134
internal_value=1.24787e-10 0.0175092 0.00526295 0.134777 -0.0066395 -0.0133827 0.111721 -0.0781422 0.103983 0.12817 -0.0676139 -0.0755121 -0.0581522 0.165962
internal_weight=2136 1745 1580 165 1410 1334 76 391 170 154 375 365 351 146
internal_count=2136 1745 1580 165 1410 1334 76 391 170 154 375 365 351 146
is_linear=0
shrinkage=0.05


Tree=58
num_leaves=15
num_cat=0
split_feature=10 23 22 22 6 22 22 23 4 4 22 22 6 2
split_gain=1080.48 919.382 1533.51 2721.21 2702.6 1759.69 1286.6 1030.38 658.71 325.505 423.145 306.835 602.17 308.963
threshold=-0.10059999999999999 0.013975997299564686 0.97577266019832842 0.95338485815333007 16.055000000000003 0.97938885712668811 0.96767518139081532 0.31798952869803615 68.430000000000021 78.170000000000016 0.90299113182541202 0.57340843044527534 13.005000000000001 0.115
decision_type=2 2 2 2 2 2 2 2 2 2 2 2 2 2
left_child=8 -2 3 7 -4 -6 -5 -3 11 -10 -11 12 -1 -13
right_child=1 2 4 6 5 -7 -8 -9 9 10 -12 13 -14 -15
leaf_value=-0.089015165101736793 0.41678677399953207 -0.38743793090184531 0.27498154722981982 0.50472615457243397 -0.78907511631647753 -0.15667452137691507 0.082003888823091994 0.029915285842925576 -0.085933502095653438 -0.13114937204739144 -0.47444522839326125 -0.029766725994225952 0.096671061397046981 -0.21969976107711378
leaf_weight=65 14.999999999999998 14.999999999999998 36 45 11.999999999999998 132 30 1050 228 29 12.999999999999998 310 133 23
leaf_count=65 15 15 36 45 12 132 30 1050 228 29 13 310 133 23
internal_value=7.11436e-10 0.0275457 0.0231225 0.0445371 -0.112503 -0.209375 0.335637 0.0240371 -0.0459095 -0.109496 -0.237408 -0.0135772 0.0357135 -0.0428852
internal_weight=2136 1335 1320 1140 180 144 75 1065 801 270 42 531 198 333
internal_count=2136 1335 1320 1140 180 144 75 1065 801 270 42 531 198 333
is_linear=0
shrinkage=0.05


Tree=59
num_leaves=15
num_cat=0
split_feature=1 22 1 22 22 20 0 0 13 21 20 22 22 22
split_gain=1035.1 675.197 597.839 563.809 508.456 1792.92 479.095 387.955 387.828 398.401 358.618 350.511 1161.27 1680.8
threshold=67.27500000000002 0.3933211724509133 53.650000000000006 0.99986533717164605 0.99310419374700554 16775.780000000002 22.755000000000006 21.655000000000005 0.6000000000000002 12658.940000000002 16775.780000000002 0.57340843044527534 0.77447169083781808 0.83552254320998587
decision_type=2 2 2 2 2 2 2 2 2 2 2 2 2 2
left_child=2 10 7 4 6 -6 -3 -1 9 -9 -2 -4 -13 -14
right_child=1 3 11 -5 5 -7 -8 8 -10 -11 -12 12 13 -15
leaf_value=-0.12215895224362612 0.072719851122476545 -0.16430905419017774 0.051472514968828799 0.2562326951668813 -0.41897930409227097 0.26866823480679441 -0.042169501255526182 0.018388237138944014 0.30894394922587609 0.18961787589571694 -0.073826858048376284 -0.11001321584610316 0.23733408008480358 -0.0070596693767617548
leaf_weight=15.999999999999998 156 97 406 12.999999999999998 35 12.999999999999998 466 70 27 66 57 197 84 433
leaf_count=16 156 97 406 13 35 13 466 70 27 66 57 197 84 433
internal_value=-1.32984e-10 -0.0433612 0.0279395 -0.0695986 -0.0765312 -0.232741 -0.0632131 0.112787 0.135849 0.101485 0.0335031 0.014379 -0.00671341 0.0326484
internal_weight=2136 837 1299 624 611 48 563 179 163 136 213 1120 714 517
internal_count=2136 837 1299 624 611 48 563 179 163 136 213 1120 714 517
is_linear=0
shrinkage=0.05


Tree=60
num_leaves=15
num_cat=0
split_feature=1 23 23 1 10 23 5 0 9 1 3 23 23 23
split_gain=964.074 796.985 650.352 615.793 425.469 718.776 307.78 307.648 320.658 294.78 258.721 657.699 801.85 761.746
threshold=73.835000000000008 0.98369513783825568 0.99696839222562084 53.650000000000006 -0.10059999999999999 0.21861778653020106 739.99000000000012 21.655000000000005 0.46000000000000002 84.490000000000009 60.000000000000007 0.47558139622940165 0.26866134250169732 0.50555750738881688
decision_type=2 2 2 2 2 2 2 2 2 2 2 2 2 2
left_child=1 3 -3 7 -5 -6 -4 -1 -9 10 11 12 -2 -13
right_child=9 2 6 4 5 -7 -8 8 -10 -11 -12 13 -14 -15
leaf_value=-0.11605100482702256 -0.081658758799875941 0.16887881022534873 -0.13803536896744081 -0.042523002528448144 -0.086839537961664159 0.0314079959299398 0.16019557591450093 0.082544105026380044 0.27819707131385807 -0.32924884036183361 -0.15608474403517703 -0.5266160559654236 0.28747406985078539 -0.072970436125873561
leaf_weight=15.999999999999998 31 133 31 556 153 803 11.999999999999998 129 25 11.999999999999998 73 9.9999999999999982 28 124
leaf_count=16 31 133 31 556 153 803 12 129 25 12 73 10 28 124
internal_value=-4.69967e-11 0.0129934 0.114228 0.00240052 -0.00774379 0.0124834 -0.0548081 0.0926253 0.114306 -0.0868411 -0.0759054 -0.0455785 0.0935229 -0.106825
internal_weight=2136 1858 176 1682 1512 956 43 170 154 278 266 193 59 134
internal_count=2136 1858 176 1682 1512 956 43 170 154 278 266 193 59 134
is_linear=0
shrinkage=0.05


Tree=61
num_leaves=15
num_cat=0
split_feature=10 22 22 22 6 22 22 23 4 22 22 5 6 22
split_gain=905.725 816.718 1240.36 2454.97 2387.76 1634.33 1140.3 921.589 520.546 440.263 624.342 2198.38 577.812 521.971
threshold=-0.10059999999999999 0.99986533717164605 0.97577266019832842 0.95338485815333007 16.055000000000003 0.98271523713537257 0.96767518139081532 0.31798952869803615 78.170000000000016 0.57340843044527534 0.95338485815333007 679.98000000000013 13.005000000000001 0.86275003778655002
decision_type=2 2 2 2 2 2 2 2 2 2 2 2 2 2
left_child=8 2 3 7 -4 -6 -5 -2 9 12 13 -12 -1 -11
right_child=1 -3 4 6 5 -7 -8 -9 -10 10 11 -13 -14 -15
leaf_value=-0.087166220476085854 -0.36830738226572679 0.39208539724349978 0.26329136821958754 0.47598947080473109 -0.56863417016963169 -0.11664767322440944 0.078025219247986888 0.026398141319264792 -0.21338142011137237 -0.05501222853367857 0.15668737220919074 -0.24602680463416904 0.065668874800716745 -0.18856227310919038
leaf_weight=91 14.999999999999998 14.999999999999998 36 45 24 120 30 1050 42 211 101 51 193 112
leaf_count=91 15 15 36 45 24 120 30 1050 42 211 101 51 193 112
internal_value=-1.70909e-10 0.0252199 0.021051 0.0403103 -0.100925 -0.191979 0.316804 0.0208389 -0.0420331 -0.0325514 -0.0619968 0.0215662 0.0166971 -0.101321
internal_weight=2136 1335 1320 1140 180 144 75 1065 801 759 475 152 284 323
internal_count=2136 1335 1320 1140 180 144 75 1065 801 759 475 152 284 323
is_linear=0
shrinkage=0.05


Tree=62
num_leaves=15
num_cat=0
split_feature=4 22 22 22 6 22 22 6 22 22 9 2 22 11
split_gain=882.122 600.939 634.258 2819.66 1937.7 1831.96 600.433 1161.48 412.288 1354.95 581.137 463.679 725.768 419.439
threshold=61.810000000000009 0.5009122898073749 0.78523795966413312 0.83552254320998587 24.295000000000005 0.87962967011031401 0.70517752626968588 30.380000000000006 0.99781321377224363 0.99310419374700554 0.37500000000000006 0.19000000000000003 0.8713187725699193 -0.98919999999999997
decision_type=2 2 2 2 2 2 2 2 2 2 2 2 2 2
left_child=8 -2 6 4 -4 -5 -3 -8 9 11 -11 13 -13 -1
right_child=1 2 3 5 -6 -7 7 -9 -10 10 -12 12 -14 -15
leaf_value=0.11683428442148969 0.024358918570110941 -0.05204168371138318 0.10993518003129535 -0.2627622251932541 0.66373822038823915 -0.013034026830490411 -0.2392266346480359 0.27882085045178734 0.1891343225117611 -0.60853630629452782 -0.094577878442677593 0.036879309561363489 -0.32172470224045574 0.029930921586715065
leaf_weight=215 448 240 56 89 22 420 110 11.999999999999998 46 11.000000000000002 10.999999999999998 43 21 392
leaf_count=215 448 240 56 89 22 420 110 12 46 11 11 43 21 392
internal_value=1.04043e-10 -0.0233699 -0.0459016 -0.0138016 0.266136 -0.0566997 -0.0979533 -0.188271 0.0441784 0.0345565 -0.351557 0.0472159 -0.0807876 0.0607122
internal_weight=2136 1397 949 587 78 509 362 122 739 693 22 671 64 607
internal_count=2136 1397 949 587 78 509 362 122 739 693 22 671 64 607
is_linear=0
shrinkage=0.05


Tree=63
num_leaves=15
num_cat=0
split_feature=1 22 22 22 20 7 22 22 20 1 22 22 22 5
split_gain=821.488 733.213 548.96 1234.83 2415.08 727.901 484.058 412.352 302.394 286.785 250.929 891.809 577.551 241.273
threshold=72.125000000000014 0.17963823861099873 0.99781321377224363 0.99310419374700554 16775.780000000002 114.54000000000001 0.78523795966413312 0.060169887675273891 16775.780000000002 84.490000000000009 0.99879288126755872 0.99310419374700554 0.95338485815333007 739.99000000000012
decision_type=2 2 2 2 2 2 2 2 2 2 2 2 2 2
left_child=1 7 3 6 -5 8 -3 -1 -4 10 11 12 -2 -9
right_child=9 2 5 4 -6 -7 -8 13 -10 -11 -12 -13 -14 -15
leaf_value=-0.10413829292121686 -0.074969171207459259 -0.019015357585770915 0.11950243669562043 -0.4254835015251523 0.31361642599105838 -0.27069385647773742 0.039496635656970536 0.1073930448206427 0.34430765537988572 -0.30615732048948607 0.18925144281238318 -0.45600361185414456 0.10836547810584307 0.25795149121965683
leaf_weight=19 305 817 52 42 14.999999999999998 9.9999999999999982 623 111 21 11.999999999999998 9.9999999999999982 13.999999999999998 50 35
leaf_count=19 305 817 52 42 15 10 623 111 21 12 10 14 50 35
internal_value=1.89366e-10 0.0146778 0.00420408 -0.00273561 -0.230984 0.129369 0.00629921 0.114972 0.184172 -0.0655057 -0.0578862 -0.0645837 -0.0491474 0.143486
internal_weight=2136 1745 1580 1497 57 83 1440 165 73 391 379 369 355 146
internal_count=2136 1745 1580 1497 57 83 1440 165 73 391 379 369 355 146
is_linear=0
shrinkage=0.05


Tree=64
num_leaves=15
num_cat=0
split_feature=1 8 22 1 22 22 22 22 22 3 22 21 22 21
split_gain=801.19 726.377 1209.4 531.88 535.944 495.329 483.582 1719.47 1595.52 415.384 390.998 382.983 378.376 328.181
threshold=58.07500000000001 17.745000000000005 0.96767518139081532 76.795000000000016 0.99879288126755872 0.5009122898073749 0.69287764045535594 0.84484927454466385 0.61490419508004501 36.000000000000007 0.99781321377224363 12333.330000000002 0.26347957579725428 12658.940000000002
decision_type=2 2 2 2 2 2 2 2 2 2 2 2 2 2
left_child=9 3 6 4 5 -2 8 -8 -3 12 -4 -6 -1 -11
right_child=1 2 10 -5 11 -7 7 -9 -10 13 -12 -13 -14 -15
leaf_value=0.24298178936753956 0.01999736012359056 0.1225091774333123 -0.29393801225556271 -0.12450683427642482 -0.03771882717808088 -0.044957780297517624 0.46901227453102667 0.015822198782116177 -0.4319900890191396 0.059252285350252079 0.072057930231094358 0.28185695576667785 -0.030593729536586369 0.17709369321343721
leaf_weight=13.999999999999998 436 96 27 129 14.999999999999998 898 36 50 14.999999999999998 162 9.9999999999999982 25 130 93
leaf_count=14 436 96 27 129 15 898 36 50 15 162 10 25 130 93
internal_value=2.67077e-10 -0.0146765 0.0672685 -0.0274344 -0.0183207 -0.0237281 0.116531 0.20553 0.0475768 0.0638926 -0.19502 0.162016 -0.00399611 0.10223
internal_weight=2136 1737 234 1503 1374 1334 197 86 111 399 37 40 144 255
internal_count=2136 1737 234 1503 1374 1334 197 86 111 399 37 40 144 255
is_linear=0
shrinkage=0.05


Tree=65
num_leaves=15
num_cat=0
split_feature=10 1 22 22 6 22 22 23 1 0 2 2 22 1
split_gain=756.734 670.807 763.335 2328.61 1738.32 1937.23 1005.27 797.405 426.971 296.069 223.83 240.313 299.174 210.881
threshold=-0.10059999999999999 51.595000000000006 0.97577266019832842 0.95338485815333007 16.055000000000003 0.99781321377224363 0.96767518139081532 0.31798952869803615 68.430000000000021 25.465000000000003 0.19000000000000003 5.4650000000000007 0.77447169083781808 48.310000000000009
decision_type=2 2 2 2 2 2 2 2 2 2 2 2 2 2
left_child=8 9 3 7 -4 -6 -5 -3 10 -2 13 12 -12 -1
right_child=1 2 4 6 5 -7 -8 -9 -10 -11 11 -13 -14 -15
leaf_value=0.18777948931923935 0.13573804070743231 -0.35058815240859986 0.22736399189845935 0.44944796509212925 -0.27662625642648586 0.11720743055972789 0.07578994943139454 0.016694255606809705 -0.089614601053504495 0.43280945718288422 -0.059689413905143734 0.078375773429870621 -0.39463754594326023 -0.0090848524483347626
leaf_weight=13.999999999999998 52 14.999999999999998 37 45 102 45 30 999 270 9.9999999999999982 15.000000000000002 9.9999999999999982 11.999999999999998 480
leaf_count=14 52 15 37 45 102 45 30 999 270 10 15 10 12 480
internal_value=-2.29724e-11 0.0230524 0.0152306 0.0311456 -0.0789624 -0.156065 0.299985 0.0112611 -0.0384207 0.183653 -0.0123899 -0.131006 -0.208555 -0.0035057
internal_weight=2136 1335 1273 1089 184 147 75 1014 801 62 531 37 27 494
internal_count=2136 1335 1273 1089 184 147 75 1014 801 62 531 37 27 494
is_linear=0
shrinkage=0.05


Tree=66
num_leaves=15
num_cat=0
split_feature=1 6 22 0 22 22 20 22 22 20 6 22 22 22
split_gain=686.561 642.777 1039.06 672.075 491.295 2851.86 2441.73 998.887 1453.62 1172.67 644.179 429.364 1861.8 1463.55
threshold=58.07500000000001 30.380000000000006 0.96767518139081532 24.605000000000004 0.95338485815333007 0.96767518139081532 16775.780000000002 0.84484927454466385 0.87962967011031401 16775.780000000002 18.480000000000004 0.68037272099988588 0.61490419508004501 0.84484927454466385
decision_type=2 2 2 2 2 2 2 2 2 2 2 2 2 2
left_child=-1 4 11 -4 7 10 -7 9 -9 -2 -6 12 -3 -13
right_child=1 2 3 -5 5 6 -8 8 -10 -11 -12 13 -14 -15
leaf_value=0.059145578158871143 0.018668404690674701 0.1155490067942689 0.064516243245452645 -0.36562393506368007 0.4699119204129929 -0.13941104601378018 0.19913601724332886 -0.31130103097836437 -0.049418583644287931 -0.1045992612987067 0.063495625899388244 0.42005385756492619 -0.54502582748730977 0.011403443224728109
leaf_weight=399 676 96 15.999999999999998 21 39 178 76 76 175 270 12.999999999999998 39 11.999999999999998 50
leaf_count=399 676 96 16 21 39 178 76 76 175 270 13 39 12 50
internal_value=-2.31141e-11 -0.0135861 0.0634993 -0.179617 -0.0255874 0.0309516 -0.0381135 -0.040041 -0.128714 -0.0165137 0.368308 0.109161 0.0421518 0.190475
internal_weight=2136 1737 234 37 1503 306 254 1197 251 946 52 197 108 89
internal_count=2136 1737 234 37 1503 306 254 1197 251 946 52 197 108 89
is_linear=0
shrinkage=0.05


Tree=67
num_leaves=15
num_cat=0
split_feature=23 23 20 8 23 23 23 10 23 23 0 9 1 23
split_gain=665.611 861.901 2049.84 840.069 1623.43 2336.6 766.483 840.377 759.847 514.633 400.518 323.351 262.222 234.835
threshold=0.96901616890815878 0.95995164131966326 15014.405000000001 17.745000000000005 0.53493525241775031 0.63255009372278048 0.048361154940047744 -0.29389999999999994 0.1169191230723063 0.99696839222562084 26.005000000000006 0.46000000000000002 55.110000000000007 0.98369513783825568
decision_type=2 2 2 2 2 2 2 2 2 2 2 2 2 2
left_child=1 3 -3 6 10 -6 7 -1 -8 12 -5 -11 -2 -14
right_child=9 2 -4 4 5 -7 8 -9 -10 11 -12 -13 13 -15
leaf_value=-0.13621454514925266 0.2788385720629441 0.032972623010476432 -0.64194908075862467 -0.0065679402103366929 0.68544257595425562 0.10768814057444356 -0.17161703155309493 0.26802126306885232 -0.016876124297063658 -0.15367640590088236 -0.23510179177213175 0.14602300922075909 0.021905387434261767 0.12719376602007035
leaf_weight=18 19 30 18 73 21 105 84 45 1428 36 26 11.999999999999998 88 133
leaf_count=18 19 30 18 73 21 105 84 45 1428 36 26 12 88 133
internal_value=4.28968e-11 -0.0110186 -0.220123 -0.00544244 0.0849309 0.203981 -0.0183529 0.152525 -0.0254728 0.0707024 -0.0665869 -0.0787516 0.100593 0.085269
internal_weight=2136 1848 48 1800 225 126 1575 63 1512 288 99 48 240 221
internal_count=2136 1848 48 1800 225 126 1575 63 1512 288 99 48 240 221
is_linear=0
shrinkage=0.05


Tree=68
num_leaves=15
num_cat=0
split_feature=1 22 22 22 20 22 7 22 1 3 22 5 8 22
split_gain=645.159 560.214 425.588 951.099 2487.26 767.77 583.554 340.906 240.095 221.523 564.568 662.842 240.23 352.377
threshold=72.125000000000014 0.17963823861099873 0.99781321377224363 0.99094606287942044 16775.780000000002 0.98575081589502089 114.54000000000001 0.060169887675273891 84.490000000000009 60.000000000000007 0.60124882823926262 679.98000000000013 17.745000000000005 0.88768027107944258
decision_type=2 2 2 2 2 2 2 2 2 2 2 2 2 2
left_child=1 7 3 5 -5 -3 -4 -1 9 12 -11 -12 13 -2
right_child=8 2 6 4 -6 -7 -8 -9 -10 10 11 -13 -14 -15
leaf_value=-0.098551000889978924 -0.084068548232204776 0.00068074112171551582 0.16312839777706423 -0.33280727099627261 0.29944120929354717 0.21286530193915085 -0.24414685934782032 0.12660100833091834 -0.2782437708733293 0.040425598697784622 -0.080763880699338528 -0.40317007076740269 0.10904245849313408 0.045924675935193116
leaf_weight=19 166 1372 73 60 21 44 9.9999999999999982 146 11.999999999999998 39 44 25 29 76
leaf_count=19 166 1372 73 60 21 44 10 146 12 39 44 25 29 76
internal_value=5.75673e-11 0.0130075 0.00385239 -0.00225793 -0.168891 0.00727405 0.114059 0.100674 -0.0580513 -0.0510795 -0.111632 -0.197578 -0.0269479 -0.0432442
internal_weight=2136 1745 1580 1497 81 1416 83 165 391 379 108 69 271 242
internal_count=2136 1745 1580 1497 81 1416 83 165 391 379 108 69 271 242
is_linear=0
shrinkage=0.05


Tree=69
num_leaves=15
num_cat=0
split_feature=10 23 23 23 6 23 23 23 1 23 23 23 5 23
split_gain=624.443 588.896 871.431 1930.56 1615.3 1459.06 824.731 729.16 338.556 346.35 325.526 489.338 1690.08 475.096
threshold=-0.10059999999999999 0.013975997299564686 0.21861778653020106 0.30163443639916493 16.055000000000003 0.18492372395086379 0.25205309817207106 0.31798952869803615 78.170000000000016 0.44504239796885176 0.81922450700169669 0.30163443639916493 679.98000000000013 0.50555750738881688
decision_type=2 2 2 2 2 2 2 2 2 2 2 2 2 2
left_child=8 -2 4 6 -3 -6 -4 -5 10 -10 11 12 -1 -13
right_child=1 2 3 7 5 -7 -8 -9 9 -11 -12 13 -14 -15
leaf_value=0.13987982347747371 0.33246351718902589 0.21472628811995187 0.075665897844980165 -0.32986627101898192 -0.088552039062681928 -0.51561525563399002 0.41411225974559784 0.021221652026776047 -0.38753950893878941 -0.076953839138150223 0.015093156914382478 -0.17061979096781996 -0.21322220949565662 -0.043207357305221225
leaf_weight=101 14.999999999999998 36 30 14.999999999999998 120 24 45 1050 12.999999999999998 29 284 112 51 211
leaf_count=101 15 36 30 15 120 24 45 1050 13 29 284 112 51 211
internal_value=-1.80819e-10 0.0209407 0.0174007 0.0335437 -0.0848381 -0.159729 0.278734 0.0162768 -0.0349012 -0.173087 -0.0272545 -0.052574 0.0214048 -0.0873875
internal_weight=2136 1335 1320 1140 180 144 75 1065 801 42 759 475 152 323
internal_count=2136 1335 1320 1140 180 144 75 1065 801 42 759 475 152 323
is_linear=0
shrinkage=0.05


Tree=70
num_leaves=15
num_cat=0
split_feature=1 1 22 22 22 20 20 0 9 21 22 22 22 22
split_gain=599.828 473.362 415.404 1125.16 3210.26 652.493 642.514 310.846 319.881 283.093 270.957 254.857 219.646 210.049
threshold=53.650000000000006 77.120000000000019 0.57340843044527534 0.78523795966413312 0.83552254320998587 16775.780000000002 16775.780000000002 21.655000000000005 0.46000000000000002 12658.940000000002 0.060169887675273891 0.16269055358644466 0.57340843044527534 0.89546819317495652
decision_type=2 2 2 2 2 2 2 2 2 2 2 2 2 2
left_child=7 2 5 6 -5 10 -4 -1 9 12 -2 -7 -9 -11
right_child=1 -3 3 4 -6 11 -8 8 -10 13 -12 -13 -14 -15
leaf_value=-0.12269567335024477 -0.13285794779658319 -0.098353044398956826 -0.056052215367498749 0.25998167034271547 -0.02751570005239784 0.057763733392631689 -0.21425565659123308 0.11547189469316177 0.26545498831611541 0.077118051854463729 0.064650963367970007 -0.091625828474760057 -0.06531939407189688 0.25853922466437024
leaf_weight=15.999999999999998 18 135 262 113 690 37 85 28 27 39 492 125 42 27
leaf_count=16 18 135 262 113 690 37 85 28 27 39 492 125 42 27
internal_value=-2.45955e-10 -0.00801334 -0.00131968 -0.0195698 0.0129416 0.029912 -0.0948052 0.0876096 0.108253 0.0770438 0.0576801 -0.057506 0.00699712 0.151336
internal_weight=2136 1957 1822 1150 803 672 347 179 163 136 510 162 70 66
internal_count=2136 1957 1822 1150 803 672 347 179 163 136 510 162 70 66
is_linear=0
shrinkage=0.05


Tree=71
num_leaves=15
num_cat=0
split_feature=1 22 22 22 22 22 1 2 0 22 20 22 9 10
split_gain=566.08 431.808 362.724 358.917 573.893 417.195 355.936 358.195 346.2 305.912 1158.19 447.173 301.825 271.11
threshold=67.27500000000002 0.3933211724509133 0.99986533717164605 0.32917936166072764 0.24684749415872467 0.34537287020513602 50.035000000000004 0.19000000000000003 29.020000000000003 0.99310419374700554 16775.780000000002 0.98575081589502089 0.46000000000000002 1.0000000180025095e-35
decision_type=2 2 2 2 2 2 2 2 2 2 2 2 2 2
left_child=6 3 9 4 -2 -5 -1 8 -8 11 -11 -3 -7 -9
right_child=1 2 -4 5 -6 12 7 13 -10 10 -12 -13 -14 -15
leaf_value=0.12492739941634529 0.052199111271061395 -0.057475191870557697 0.20829677811035743 0.4162870569662615 -0.15702609897631667 -0.0045461560133844619 0.018123371091176076 -0.15114503766325388 0.21843710304661232 -0.32946014809821333 0.22322240884487449 0.16763819106247113 0.31015404224395754 0.017557951018569017
leaf_weight=77 114 540 12.999999999999998 10.999999999999998 46 32 1103 55 22 35 12.999999999999998 23 9.9999999999999982 42
leaf_count=77 114 540 13 11 46 32 1103 55 22 35 13 23 10 42
internal_value=-2.68306e-10 -0.0320664 -0.0530485 0.0294024 -0.00795314 0.142174 0.0206617 0.0140918 0.0220406 -0.0586091 -0.179775 -0.0482787 0.0703825 -0.0780984
internal_weight=2136 837 624 213 160 53 1299 1222 1125 611 48 563 42 97
internal_count=2136 837 624 213 160 53 1299 1222 1125 611 48 563 42 97
is_linear=0
shrinkage=0.05


Tree=72
num_leaves=15
num_cat=0
split_feature=1 6 22 22 22 20 22 22 22 6 22 22 22 3
split_gain=518.637 483.723 815.243 442.417 2380.16 1822.2 778.713 1325.32 977.911 559.863 402.708 2434.31 573.691 371.193
threshold=58.07500000000001 30.380000000000006 0.96767518139081532 0.95338485815333007 0.96767518139081532 16775.780000000002 0.84484927454466385 0.87962967011031401 0.78523795966413312 18.480000000000004 0.28003368959032676 0.19653276579064646 0.42471264173135381 36.000000000000007
decision_type=2 2 2 2 2 2 2 2 2 2 2 2 2 2
left_child=13 3 10 6 9 -6 8 -8 -2 -5 11 -3 -12 -1
right_child=1 2 -4 4 5 -7 7 -9 -10 -11 12 -13 -14 -15
leaf_value=-0.012769831442791556 -0.032931650216080258 0.24533526462813221 -0.16028351147432585 0.43435119891013851 -0.11916995980473383 0.17329122692738708 -0.2885715394035766 -0.038512698570532466 0.13027308003488677 0.055465247997870816 0.35526489851375426 -0.60420005779999952 0.09011350966962603 0.087646638059477311
leaf_weight=144 843 24 37 39 178 76 76 175 103 12.999999999999998 24 12.999999999999998 136 255
leaf_count=144 843 24 37 39 178 76 76 175 103 13 24 13 136 255
internal_value=-1.02267e-10 -0.0118083 0.055063 -0.0222194 0.0314334 -0.0316619 -0.0359352 -0.114228 -0.015162 0.33963 0.0955088 -0.0531501 0.129886 0.0514061
internal_weight=2136 1737 234 1503 306 254 1197 251 946 52 197 37 160 399
internal_count=2136 1737 234 1503 306 254 1197 251 946 52 197 37 160 399
is_linear=0
shrinkage=0.05


Tree=73
num_leaves=15
num_cat=0
split_feature=22 22 22 21 22 6 20 20 1 22 6 22 1 1
split_gain=498.282 1165.85 2805 3030.76 4578.17 1249.29 718.345 692.641 530.38 436.689 974.126 731.557 424.596 318.417
threshold=0.57340843044527534 0.78523795966413312 0.83552254320998587 12333.330000000002 0.87962967011031401 24.295000000000005 16775.780000000002 16775.780000000002 55.350000000000009 0.74081089433267733 30.380000000000006 0.64166506163122816 78.170000000000016 62.725000000000001
decision_type=2 2 2 2 2 2 2 2 2 2 2 2 2 2
left_child=7 6 5 12 -5 8 9 13 -3 11 -11 -2 -4 -1
right_child=1 2 3 4 -6 -7 -8 -9 -10 10 -12 -13 -14 -15
leaf_value=0.10618592217733913 -0.12946263553367721 0.48808611869812019 -0.10546448733320686 -0.32799124021393555 0.14492129122453004 0.51734742899735775 -0.20398484489643109 -0.049529367145339051 0.10186157775111498 -0.24069692858805261 0.25279226005077365 0.05225600425878333 -0.33631066814774563 0.030378027536961085
leaf_weight=220 90 9.9999999999999982 387 60 348 30 102 198 80 60 11.999999999999998 144 21 374
leaf_count=220 90 10 387 60 348 30 102 198 80 60 12 144 21 374
internal_value=-1.37911e-10 -0.0185383 0.0122073 -0.0209855 0.0753753 0.237918 -0.0890724 0.0314589 0.144775 -0.0507682 -0.158449 -0.0176358 -0.117346 0.058455
internal_weight=2136 1344 936 816 408 120 408 792 90 306 72 234 408 594
internal_count=2136 1344 936 816 408 120 408 792 90 306 72 234 408 594
is_linear=0
shrinkage=0.05


Tree=74
num_leaves=15
num_cat=0
split_feature=10 9 1 22 22 22 22 22 6 22 0 22 1 22
split_gain=510.041 527.672 491.675 430.376 1615.8 678.578 584.097 399.917 1073.52 990.255 363.425 276.436 258.16 204.35
threshold=-0.10059999999999999 0.24500000000000002 56.735000000000007 0.99310419374700554 0.99653827729370248 0.98271523713537257 0.97577266019832842 0.97577266019832842 16.055000000000003 0.95338485815333007 26.415000000000003 0.99879288126755872 68.265000000000015 0.98271523713537257
decision_type=2 2 2 2 2 2 2 2 2 2 2 2 2 2
left_child=12 3 10 5 -5 6 -2 9 -9 -4 -3 -6 -1 -14
right_child=1 2 7 4 11 -7 -8 8 -10 -11 -12 -13 13 -15
leaf_value=-0.010961212691584869 -0.010695279722935276 0.10600751874347528 0.026181291280448112 -0.6635592977205913 -0.16295317023371653 0.25284209439220529 -0.36409195065498356 0.16557466495124734 -0.17937727697304828 0.275444568351431 0.37010626077651976 0.14686104843599931 -0.086818045403900729 0.044089364391915936
leaf_weight=525 456 99 543 11.999999999999998 12.000000000000002 24 11.999999999999998 34 67 43 14.999999999999998 18 242 34
leaf_count=525 456 99 543 12 12 24 12 34 67 43 15 18 242 34
internal_value=1.03738e-10 0.0189255 0.044592 -0.0195741 -0.173206 -0.00645923 -0.0197567 0.0286344 -0.0632548 0.0444719 0.140757 0.0229354 -0.0315425 -0.0706918
internal_weight=2136 1335 801 534 42 492 468 687 101 586 114 30 801 276
internal_count=2136 1335 801 534 42 492 468 687 101 586 114 30 801 276
is_linear=0
shrinkage=0.05


Tree=75
num_leaves=15
num_cat=0
split_feature=1 1 8 24 0 0 0 9 21 21 0 0 3 5
split_gain=432.558 359.113 285.466 824.387 425.831 345.742 271.753 287.998 221.235 221.056 191 187.36 180.46 209.084
threshold=53.650000000000006 77.120000000000019 17.745000000000005 2.5000000000000004 26.005000000000006 29.020000000000003 21.655000000000005 0.46000000000000002 12658.940000000002 12658.940000000002 23.965000000000003 23.255000000000006 60.000000000000007 679.98000000000013
decision_type=2 2 2 2 2 2 2 2 2 2 2 2 2 2
left_child=6 2 5 10 -5 8 -1 9 -2 -8 -4 -11 -3 -14
right_child=1 12 3 4 -6 -7 7 -9 -10 11 -12 -13 13 -15
leaf_value=-0.12223861860111357 -0.028420692940965494 -0.045293329443250388 0.054370909440668608 -0.0083564732395685643 -0.25868432512101919 0.15651646554470064 0.0021887922074113574 0.24286184218470699 0.0098596343735184756 0.30844315364956859 0.16494142027778758 0.09002294485215788 -0.098044551668628577 -0.33693814180218262
leaf_weight=15.999999999999998 887 91 69 65 23 31 70 27 657 11.999999999999998 90 54 31 12.999999999999998
leaf_count=16 887 91 69 65 23 31 70 27 657 12 90 54 31 13
internal_value=7.11191e-11 -0.00680492 -0.000974728 0.0490017 -0.0737831 -0.00881229 0.0743979 0.0936996 -0.0121317 0.0640866 0.116958 0.129736 -0.0854909 -0.168627
internal_weight=2136 1957 1822 247 88 1575 179 163 1544 136 159 66 135 44
internal_count=2136 1957 1822 247 88 1575 179 163 1544 136 159 66 135 44
is_linear=0
shrinkage=0.05


Tree=76
num_leaves=15
num_cat=0
split_feature=22 22 20 7 6 22 22 22 22 22 22 7 22 1
split_gain=483.635 1438.22 1822.7 675.626 455.639 567.225 2313.46 507.161 1734.38 802.947 307.923 245.743 220.642 127.554
threshold=0.99781321377224363 0.99310419374700554 16775.780000000002 114.54000000000001 30.380000000000006 0.84484927454466385 0.77447169083781808 0.95338485815333007 0.96319629568591714 0.94805520968785773 0.95843238470078729 55.750000000000007 0.99496844910615079 56.610000000000007
decision_type=2 2 2 2 2 2 2 2 2 2 2 2 2 2
left_child=1 4 12 11 7 6 -6 9 -9 -1 -7 -2 -3 -13
right_child=3 2 -4 -5 5 10 -8 8 -10 -11 -12 13 -14 -15
leaf_value=-0.012519320074021307 0.29502965603023767 -0.51282833351029289 0.21108468837208219 -0.24126805017391839 0.04812629411351823 -0.12344330329603206 0.60915795507885173 0.35334492013567975 -0.0018709184749731945 -0.32389456033706665 0.080757344563802083 0.26873632475733755 -0.29842891515129144 0.073118930101394655
leaf_weight=1470 24 18 18 11.999999999999998 147 48 21 42 189 21 30 9.9999999999999982 36 50
leaf_count=1470 24 18 18 12 147 48 21 42 189 21 30 10 36 50
internal_value=-3.81351e-10 -0.00516118 -0.22465 0.109675 0.00286891 0.0665216 0.118255 -0.00622433 0.0627138 -0.0169049 -0.0449046 0.15981 -0.369895 0.105722
internal_weight=2136 2040 72 96 1968 246 168 1722 231 1491 78 84 54 60
internal_count=2136 2040 72 96 1968 246 168 1722 231 1491 78 84 54 60
is_linear=0
shrinkage=0.05


Tree=77
num_leaves=15
num_cat=0
split_feature=22 22 22 22 22 7 20 22 22 7 1 9 23 6
split_gain=465.441 814.088 1339.16 550.042 1139.87 609.753 492.676 1271.28 425.249 281.875 294.001 265.46 215.775 202.351
threshold=0.24684749415872467 0.31288844364721724 0.37744852145085445 0.99781321377224363 0.99310419374700554 114.54000000000001 15014.405000000001 0.28003368959032676 0.077330756371236084 114.54000000000001 62.725000000000001 0.46000000000000002 0.95499258812111987 13.005000000000001
decision_type=2 2 2 2 2 2 2 2 2 2 2 2 2 2
left_child=8 6 9 4 -4 -5 12 -8 11 10 -3 -1 -2 -10
right_child=1 2 3 5 -6 -7 7 -9 13 -11 -12 -13 -14 -15
leaf_value=-0.14462072611786425 -0.22747699419657388 0.39161299092488155 -0.0097176887248551988 0.15181928959098601 -0.213417851469583 -0.2292046457529068 -0.5943412001762125 -8.9936951796213785e-05 -0.035174959128101667 -0.046567327280839288 0.16364398345802769 0.12692836225032808 -0.0085022086939877933 0.10364706096549831
leaf_weight=36 14.999999999999998 18 1488 84 72 11.999999999999998 18 18 30 11.999999999999998 66 11.999999999999998 45 210
leaf_count=36 15 18 1488 84 72 12 18 18 30 12 66 12 45 210
internal_value=3.41251e-10 -0.00921398 -0.00144573 -0.0119708 -0.0191192 0.104191 -0.150985 -0.297216 0.059123 0.180112 0.212494 -0.0767335 -0.0632459 0.0862943
internal_weight=2136 1848 1752 1656 1560 96 96 36 288 96 84 48 60 240
internal_count=2136 1848 1752 1656 1560 96 96 36 288 96 84 48 60 240
is_linear=0
shrinkage=0.05


Tree=78
num_leaves=15
num_cat=0
split_feature=23 23 23 0 13 23 23 7 23 6 13 23 1 23
split_gain=420.061 734.714 1208.59 507.201 682.395 496.413 1028.73 550.302 383.787 263.662 239.578 226.121 195.811 171.514
threshold=0.96901616890815878 0.94975093725139803 0.92599062340417404 23.975000000000005 0.52500000000000013 0.065534810592492068 0.1169191230723063 114.54000000000001 0.99696839222562084 30.380000000000006 0.6000000000000002 0.93842613001991437 55.495000000000012 0.97311896095856321
decision_type=2 2 2 2 2 2 2 2 2 2 2 2 2 2
left_child=1 2 5 4 -3 7 -7 -1 12 11 -10 -4 -2 -14
right_child=8 3 9 -5 -6 6 -8 -9 10 -11 -12 -13 13 -15
leaf_value=0.14422832476418643 0.22782598733901979 -0.12966103470987744 0.05775185972452164 -0.04420716476965357 -0.55982477941683362 -0.20274695662988559 -0.0092318045278330166 -0.21774441115558149 -0.13738968825071224 0.3903396169344584 0.1205819457769394 0.22182235235259651 0.20040395991368729 0.05320745966678514
leaf_weight=84 21 27 42 55 13.999999999999998 72 1488 11.999999999999998 36 11.999999999999998 11.999999999999998 42 22 197
leaf_count=84 21 27 42 55 14 72 1488 12 36 12 12 42 22 197
internal_value=3.32187e-10 -0.00875328 -0.00137344 -0.143435 -0.276546 -0.0113723 -0.0181633 0.0989817 0.0561669 0.171106 -0.0728968 0.139787 0.0819796 0.0679943
internal_weight=2136 1848 1752 96 41 1656 1560 96 288 96 48 84 240 219
internal_count=2136 1848 1752 96 41 1656 1560 96 288 96 48 84 240 219
is_linear=0
shrinkage=0.05


Tree=79
num_leaves=15
num_cat=0
split_feature=1 10 23 23 23 23 23 23 6 23 6 1 1 23
split_gain=397.606 310.531 336.276 511.402 1088.69 649.212 256.865 1862.55 1273.69 1489.4 650.224 204.656 202.228 189.466
threshold=70.190000000000012 -0.10059999999999999 0.98663965293901656 0.63255009372278048 0.563679860499117 0.81922450700169669 0.54938884295715751 0.57780407610161799 13.005000000000001 0.47558139622940165 13.005000000000001 58.975000000000009 70.295000000000016 0.39825772665344078
decision_type=2 2 2 2 2 2 2 2 2 2 2 2 2 2
left_child=1 6 3 4 -3 -5 8 -8 9 -1 -9 -4 -2 -10
right_child=12 2 11 5 -6 -7 7 10 13 -11 -12 -13 -14 -15
leaf_value=0.18742088427501066 -0.21749999622503915 0.028396152782463043 0.2865358103066683 -0.093078978884725549 0.25745650500059131 0.029754490155710613 0.57554620930126743 -0.1095241411926289 -0.18447973494801451 -0.41547516882419588 0.034848763782750161 0.087785459082464101 -0.031379262040869368 -0.057214012278652776
leaf_weight=70 14.999999999999998 383 15.999999999999998 171 60 290 13.999999999999998 116 102 11.999999999999998 238 68 540 41
leaf_count=70 15 383 16 171 60 290 14 116 102 12 238 68 540 41
internal_value=4.89729e-10 0.0127813 0.0299488 0.0210569 0.0594201 -0.0158085 -0.0158214 0.00990992 -0.0579064 0.0991922 -0.0124599 0.125643 -0.0364096 -0.147991
internal_weight=2136 1581 988 904 443 461 593 368 225 82 354 84 555 143
internal_count=2136 1581 988 904 443 461 593 368 225 82 354 84 555 143
is_linear=0
shrinkage=0.05


Tree=80
num_leaves=15
num_cat=0
split_feature=22 22 22 22 20 22 22 22 7 5 7 22 0 5
split_gain=370.159 483.156 409.924 972.988 1615.56 479.864 2137.87 1001.52 471.28 240.313 209.052 197.51 164.875 154.328
threshold=0.17963823861099873 0.077330756371236084 0.99781321377224363 0.99310419374700554 16775.780000000002 0.95338485815333007 0.96767518139081532 0.94805520968785773 114.54000000000001 739.99000000000012 55.750000000000007 0.99496844910615079 24.605000000000004 739.99000000000012
decision_type=2 2 2 2 2 2 2 2 2 2 2 2 2 2
left_child=1 9 3 5 11 7 -7 -2 10 -1 -4 -5 -12 -3
right_child=2 13 8 4 -6 6 -8 -9 -10 -11 12 -13 -14 -15
leaf_value=-0.13574082589604788 -0.010161475466751439 0.08213946494032387 0.2607852638078233 -0.46393882317675489 0.21826473242706723 0.29007959320313403 -0.029402117988987203 -0.33575039754311242 -0.19890904223235947 0.12262621931731701 0.16906479659179849 -0.26108957239323194 0.0032965319758901999 0.20167871243837807
leaf_weight=36 1488 108 24 18 18 72 192 24 11.999999999999998 11.999999999999998 30 36 30 36
leaf_count=36 1488 108 24 18 18 72 192 24 12 12 30 36 30 36
internal_value=-3.63275e-10 0.0662309 -0.00654133 -0.0117744 -0.191963 -0.00446946 0.0577293 -0.0153296 0.0941956 -0.0711491 0.136068 -0.328706 0.0861807 0.112024
internal_weight=2136 192 1944 1848 72 1776 264 1512 96 48 84 54 60 144
internal_count=2136 192 1944 1848 72 1776 264 1512 96 48 84 54 60 144
is_linear=0
shrinkage=0.05


Tree=81
num_leaves=15
num_cat=0
split_feature=4 3 6 22 0 22 22 22 22 22 20 22 22 20
split_gain=366.609 334.374 318.424 573.78 510.354 393.183 1565.18 658.203 340.401 1762.92 1274.49 638.48 2421.85 895.939
threshold=58.07500000000001 36.000000000000007 30.380000000000006 0.96767518139081532 24.605000000000004 0.76347624337813269 0.84484927454466385 0.57340843044527534 0.95338485815333007 0.96319629568591714 16775.780000000002 0.86275003778655002 0.87962967011031401 16775.780000000002
decision_type=2 2 2 2 2 2 2 2 2 2 2 2 2 2
left_child=1 -1 8 5 -5 7 -7 -4 11 -10 -11 13 -13 -2
right_child=2 -3 3 4 -6 6 -8 -9 9 10 -12 12 -14 -15
leaf_value=-0.017690089073989335 0.016672768311929594 0.077616208533884276 0.10047675273622032 0.076408288162201646 -0.29842415111405507 0.52277925556356253 0.016695277684833854 -0.14895605111592694 0.34740125442806047 -0.08826505844045511 0.14916852088990037 -0.47070470111150486 -0.030329416139583506 -0.089067769717159018
leaf_weight=144 704 255 87 15.999999999999998 21 22 50 38 38 187 81 38 175 280
leaf_count=144 704 255 87 16 21 22 50 38 38 187 81 38 175 280
internal_value=-1.52114e-10 0.04322 -0.0099279 0.0443277 -0.136334 0.0782592 0.171332 0.0246492 -0.0183749 0.0286874 -0.0165034 -0.0304058 -0.108894 -0.013416
internal_weight=2136 399 1737 234 37 197 72 125 1503 306 268 1197 213 984
internal_count=2136 399 1737 234 37 197 72 125 1503 306 268 1197 213 984
is_linear=0
shrinkage=0.05


Tree=82
num_leaves=15
num_cat=0
split_feature=10 9 1 23 23 23 23 23 23 6 23 0 23 23
split_gain=354.237 421.582 405.543 324.797 1165.91 653.951 2433.66 459.827 318.387 830.419 786.431 292.809 218.414 793.072
threshold=-0.10059999999999999 0.24500000000000002 56.735000000000007 0.1169191230723063 0.082689073440128144 0.44504239796885176 0.50555750738881688 0.39825772665344078 0.21861778653020106 16.055000000000003 0.30163443639916493 26.415000000000003 0.18492372395086379 0.15101078994440373
decision_type=2 2 2 2 2 2 2 2 2 2 2 2 2 2
left_child=12 3 11 4 -2 7 -7 -5 9 -4 -10 -3 13 -1
right_child=1 2 8 5 -6 6 -8 -9 10 -11 -12 -13 -14 -15
leaf_value=-0.023473102414267668 0.01450884391864141 0.094859250611390444 0.14349117451073493 0.053130908176193349 -0.56863620678583782 -0.52696905632813773 -0.0064021664535112936 0.32723865393135282 0.24418654895799105 -0.15989961378387552 0.022052569093541148 0.33191542419294517 -0.036091862120012225 0.3434417374018166
leaf_weight=81 30 99 34 102 11.999999999999998 24 348 18 43 67 543 14.999999999999998 702 18
leaf_count=81 30 99 34 102 12 24 348 18 43 67 543 15 702 18
internal_value=1.58638e-10 0.0157722 0.0387138 -0.0186403 -0.152104 -0.00724708 -0.0399871 0.0942471 0.0242212 -0.0577681 0.0383525 0.126051 -0.026287 0.0432387
internal_weight=2136 1335 801 534 42 492 372 120 687 101 586 114 801 99
internal_count=2136 1335 801 534 42 492 372 120 687 101 586 114 801 99
is_linear=0
shrinkage=0.05


Tree=83
num_leaves=15
num_cat=0
split_feature=1 22 22 22 20 22 22 22 22 22 3 22 6 1
split_gain=347.456 327.622 354.124 1222.42 602.217 561.2 400.243 348.382 294.864 225.518 182.39 413.217 294.848 202.426
threshold=72.125000000000014 0.17963823861099873 0.31288844364721724 0.34537287020513602 15014.405000000001 0.32917936166072764 0.78523795966413312 0.28003368959032676 0.26347957579725428 0.060169887675273891 60.000000000000007 0.60124882823926262 16.460000000000004 76.220000000000013
decision_type=2 2 2 2 2 2 2 2 2 2 2 2 2 2
left_child=1 9 4 5 7 -4 -5 -3 -6 -1 -2 -12 -13 -14
right_child=10 2 3 6 8 -7 -8 -9 -10 -11 11 12 13 -15
leaf_value=-0.085450899517653806 -0.020829807320381883 0.060619226817602984 0.070656515745555648 -0.027151862503871034 -0.10397094500949607 0.45315113717859445 0.026862263547556858 -0.14959142310199913 -0.33867639108844427 0.097674658667130321 0.028150256173241708 -0.072029565214305313 -0.1800058228628976 -0.43105628069203639
leaf_weight=19 278 73 17 623 32 22 763 27 23 146 42 37 21 12.999999999999998
leaf_count=19 278 73 17 623 32 22 763 27 23 146 42 37 21 13
internal_value=-5.71176e-12 0.00954574 0.00254455 0.0103514 -0.0692283 0.286423 0.00258319 0.00386235 -0.20212 0.0765875 -0.0426019 -0.0961649 -0.169703 -0.275996
internal_weight=2136 1745 1580 1425 155 39 1386 100 55 165 391 113 71 34
internal_count=2136 1745 1580 1425 155 39 1386 100 55 165 391 113 71 34
is_linear=0
shrinkage=0.05


Tree=84
num_leaves=15
num_cat=0
split_feature=22 22 9 20 22 6 6 22 22 22 22 11 20 21
split_gain=338.773 990 1289.72 1060.31 1105.93 2546.19 1487.48 757.826 1233.38 1114.55 516.803 795.101 465.809 277.488
threshold=0.57340843044527534 0.64166506163122816 0.37500000000000006 15014.405000000001 0.88768027107944258 30.380000000000006 30.380000000000006 0.86275003778655002 0.89546819317495652 0.78523795966413312 0.61490419508004501 -0.89854999999999985 16775.780000000002 15373.250000000002
decision_type=2 2 2 2 2 2 2 2 2 2 2 2 2 2
left_child=12 2 -2 7 5 -5 -6 9 -9 -3 -4 -12 13 -1
right_child=1 3 10 4 6 -7 -8 8 -10 -11 11 -13 -14 -15
leaf_value=0.063361276683992607 0.011579459259907405 -0.054628325878487288 -0.19644162040203811 -0.15140222084802996 0.21446855403704657 0.22059245946938577 -0.043223424167150547 -0.28943325658949715 -0.046525671861743861 0.14209385070639352 -0.78376916218548986 -0.20818922892212868 -0.040476469222851329 -0.028337910967041746
leaf_weight=495 60 180 36 138 168 69 84 60 405 120 12.000000000000002 11.999999999999998 198 99
leaf_count=495 60 180 36 138 168 69 84 60 405 120 12 12 198 99
internal_value=-1.70862e-12 -0.0152857 -0.152339 -0.00184919 0.0582295 -0.027404 0.128571 -0.0378964 -0.0778686 0.0240605 -0.316257 -0.495979 0.0259394 0.0480781
internal_weight=2136 1344 120 1224 459 207 252 765 465 300 60 24 792 594
internal_count=2136 1344 120 1224 459 207 252 765 465 300 60 24 792 594
is_linear=0
shrinkage=0.05


Tree=85
num_leaves=15
num_cat=0
split_feature=1 10 23 22 22 22 22 22 6 22 6 22 22 22
split_gain=322.96 296.524 406.135 610.478 1345.55 973.252 208.153 1956.18 1192.96 1199.55 608.37 463.381 182.758 187.838
threshold=50.035000000000004 -0.10059999999999999 0.013975997299564686 0.97577266019832842 0.89546819317495652 0.97938885712668811 0.83552254320998587 0.81613017994572579 13.005000000000001 0.87962967011031401 13.005000000000001 0.98575081589502089 0.89546819317495652 0.71726873870877716
decision_type=2 2 2 2 2 2 2 2 2 2 2 2 2 2
left_child=12 6 -3 4 -4 -5 7 10 9 -8 -2 -10 13 -1
right_child=1 2 3 5 -6 -7 8 -9 11 -11 -12 -13 -14 -15
leaf_value=0.096061943544317852 -0.1100409660821423 0.2786858152065958 -0.0048098997828912825 -0.46432455579439802 0.13684862260186811 -0.04288856503023189 -0.34581549274069923 0.50339943385786479 -0.18095517528542718 0.15452153517988074 0.012875823255640684 -0.012883776439161138 0.22632767643247331 -0.14303657770156861
leaf_weight=46 151 13.999999999999998 900 14.999999999999998 206 158 13.999999999999998 18 140 83 302 58 21 9.9999999999999982
leaf_count=46 151 14 900 15 206 158 14 18 140 83 302 58 21 10
internal_value=2.74372e-10 -0.00375977 0.0108447 0.00791294 0.021575 -0.0794293 -0.028412 -0.0077845 -0.0613461 0.0823079 -0.0280964 -0.131722 0.100537 0.0533658
internal_weight=2136 2059 1293 1279 1106 173 766 471 295 97 453 198 77 56
internal_count=2136 2059 1293 1279 1106 173 766 471 295 97 453 198 77 56
is_linear=0
shrinkage=0.05


Tree=86
num_leaves=15
num_cat=0
split_feature=22 22 9 9 1 0 22 10 6 6 9 22 22 22
split_gain=315.807 885.212 1141.98 685.073 595.237 476.541 403.002 362.592 328.939 318.859 316.27 233.926 236.183 528.948
threshold=0.57340843044527534 0.6547626423706755 0.37500000000000006 0.37500000000000006 57.565000000000005 29.020000000000003 0.86275003778655002 -0.29389999999999994 13.005000000000001 30.380000000000006 0.24500000000000002 0.060169887675273891 0.19653276579064646 0.31288844364721724
decision_type=2 2 2 2 2 2 2 2 2 2 2 2 2 2
left_child=8 2 10 5 -5 6 -3 -6 -1 -4 -2 -10 -13 -14
right_child=1 3 9 4 7 -7 -8 -9 11 -11 -12 12 13 -15
leaf_value=-0.060209124198070535 -0.095886387945049334 0.006964495035498279 -0.21195332248591714 0.15335611202303442 -0.058963952845765083 0.24980935241494862 -0.078221237500094715 0.039678763806781113 -0.12710638335390417 -0.45495109185576443 0.11369987341264885 0.093700899591758147 -0.054579279666804537 0.058114272836564479
leaf_weight=99 36 226 54 93 123 13.999999999999998 360 384 21 18 36 168 147 357
leaf_count=99 36 226 54 93 123 14 360 384 21 18 36 168 147 357
internal_value=1.48836e-10 -0.0147585 -0.131898 -0.000701784 0.037077 -0.0384806 -0.045368 0.0157477 0.0250448 -0.272703 0.00890674 0.0372239 0.0423592 0.0252453
internal_weight=2136 1344 144 1200 600 600 586 507 792 72 72 693 672 504
internal_count=2136 1344 144 1200 600 600 586 507 792 72 72 693 672 504
is_linear=0
shrinkage=0.05


Tree=87
num_leaves=15
num_cat=0
split_feature=22 22 20 22 21 22 22 20 22 7 21 9 22 7
split_gain=308.26 898.621 1545.11 908.577 1932.59 2121.01 994.446 1978.79 1077.07 395.081 323.287 263.7 261.804 171.052
threshold=0.99781321377224363 0.99094606287942044 16775.780000000002 0.98575081589502089 12333.330000000002 0.9884946951290402 0.97577266019832842 16775.780000000002 0.95338485815333007 114.54000000000001 15373.250000000002 0.37500000000000006 0.99496844910615079 55.750000000000007
decision_type=2 2 2 2 2 2 2 2 2 2 2 2 2 2
left_child=1 3 10 6 5 -5 8 -8 -1 13 -3 -6 -4 -2
right_child=9 2 12 4 11 -7 7 -9 -10 -11 -12 -13 -14 -15
leaf_value=-0.005186530244588621 0.23871275838464501 -0.31664756942540406 0.028843052933613451 1.0053909182548522 0.066561795709033797 0.065308384100596098 -0.33577937264409335 0.26956496470504338 0.14979432761358719 -0.18080512266606094 -0.032355784469594556 -0.2649124418695768 0.35912302335103358 0.080772452862001964
leaf_weight=1704 24 60 12.000000000000002 12 12.000000000000002 12 54 18 120 11.999999999999998 11.999999999999998 11.999999999999998 11.999999999999998 60
leaf_count=1704 24 60 12 12 12 12 54 18 120 12 12 12 12 60
internal_value=6.1009e-11 -0.00412049 -0.153453 0.00325398 0.218087 0.53535 -0.00218483 -0.184443 0.00500958 0.0875603 -0.269266 -0.0991753 0.193983 0.125898
internal_weight=2136 2040 96 1944 48 24 1896 72 1824 96 72 24 24 84
internal_count=2136 2040 96 1944 48 24 1896 72 1824 96 72 24 24 84
is_linear=0
shrinkage=0.05


Tree=88
num_leaves=15
num_cat=0
split_feature=1 10 23 23 23 23 23 23 23 7 23 23 3 23
split_gain=296.055 290.191 356.262 472.003 1147.43 894.588 272.103 450.359 747.362 436.402 277.008 246.384 125.22 269.215
threshold=77.120000000000019 -0.10059999999999999 0.013975997299564686 0.21861778653020106 0.44504239796885176 0.20180061326459475 0.70897861563100306 0.61913436964878354 0.54938884295715751 55.750000000000007 0.99696839222562084 0.67165857384232497 60.000000000000007 0.47558139622940165
decision_type=2 2 2 2 2 2 2 2 2 2 2 2 2 2
left_child=1 6 -3 5 -5 -4 7 8 -1 -8 -11 -9 13 -2
right_child=12 2 3 4 -6 -7 9 11 -10 10 -12 -13 -14 -15
leaf_value=-0.055990711914487713 0.078593702602665877 0.26165620048840837 -0.024993177998112515 0.14075774630856894 0.0049872789401920444 -0.42881973942120877 -0.067884851054439685 -0.2673287774238623 0.1677878152145896 0.062079944382279331 -0.18436296358704568 -0.059233141243457799 -0.14091809603639624 -0.10151676531817953
leaf_weight=282 32 14.999999999999998 160 189 881 14.999999999999998 117 33 43 229 11.999999999999998 25 44 59
leaf_count=282 32 15 160 189 881 15 117 33 43 229 12 25 44 59
internal_value=-1.99323e-10 0.00483503 0.019437 0.0165187 0.0289692 -0.0596069 -0.0199943 -0.0492877 -0.0263831 0.0113448 0.0498089 -0.177632 -0.0716658 -0.0381812
internal_weight=2136 2001 1260 1245 1070 175 741 383 325 358 241 58 135 91
internal_count=2136 2001 1260 1245 1070 175 741 383 325 358 241 58 135 91
is_linear=0
shrinkage=0.05


Tree=89
num_leaves=15
num_cat=0
split_feature=22 22 9 9 1 22 11 0 22 0 21 11 22 9
split_gain=292.021 798.816 1043.99 555.798 519.191 464.719 684.819 427.611 378.474 308.446 278.253 323.279 250.463 245.27
threshold=0.57340843044527534 0.64166506163122816 0.37500000000000006 0.37500000000000006 57.565000000000005 0.61490419508004501 -0.89854999999999985 29.020000000000003 0.86275003778655002 22.120000000000001 12333.330000000002 -0.99869999999999992 0.88768027107944258 0.24500000000000002
decision_type=2 2 2 2 2 2 2 2 2 2 2 2 2 2
left_child=10 2 13 7 12 -4 -7 8 -3 -6 -1 -12 -5 -2
right_child=1 3 5 4 9 6 -8 -9 -10 -11 11 -13 -14 -15
leaf_value=0.053719709041490774 -0.090915665278832117 0.0067115578557826391 -0.17116317844225304 0.044800371440445505 -0.10763592112581342 -0.72229281341036145 -0.1881194517016411 0.23733759884323394 -0.074552556931610323 0.024228534696731377 0.072694405342329946 -0.031635957154812232 0.20806963232430548 0.11126840998729071
leaf_weight=396 30 238 36 41 49 12.000000000000002 11.999999999999998 13.999999999999998 360 467 99 297 55 30
leaf_count=396 30 238 36 41 49 12 12 14 360 467 99 297 55 30
internal_value=-1.8561e-10 -0.0141919 -0.137302 -0.00212225 0.0315706 -0.28478 -0.455206 -0.0358151 -0.04221 0.0117065 0.0240832 -0.00555337 0.13834 0.0101764
internal_weight=2136 1344 120 1224 612 60 24 612 598 516 792 396 96 60
internal_count=2136 1344 120 1224 612 60 24 612 598 516 792 396 96 60
is_linear=0
shrinkage=0.05


Tree=90
num_leaves=15
num_cat=0
split_feature=4 22 22 22 21 6 20 22 20 21 22 22 22 22
split_gain=279.825 251.729 699.636 2002.44 1774.65 878.986 410.145 393.481 295.642 223.077 233.298 178.845 284.983 261.931
threshold=50.035000000000004 0.57340843044527534 0.78523795966413312 0.83552254320998587 12333.330000000002 24.295000000000005 16775.780000000002 0.74081089433267733 16775.780000000002 15373.250000000002 0.54488935974326758 0.16269055358644466 0.2965049369093406 0.11157877211276467
decision_type=2 2 2 2 2 2 2 2 2 2 2 2 2 2
left_child=-1 8 6 5 -5 -4 7 -3 9 10 -2 13 -13 -10
right_child=1 2 3 4 -6 -7 -8 -9 11 -11 -12 12 -14 -15
leaf_value=0.093582621642521457 0.042382653873516259 -0.010802921763233907 0.11966761318820247 -0.095879523517872822 0.053812672317425161 0.43262045065561933 -0.16045020016455891 -0.14646997577377727 -0.056976683166894054 -0.032806390389165982 0.18646970401207608 -0.16530119528373083 -0.014247448596299865 0.20020833267933794
leaf_weight=77 442 226 89 398 394 30 99 70 22 94 30 45 102 18
leaf_count=77 442 226 89 398 394 30 99 70 22 94 30 45 102 18
internal_value=-4.5066e-11 -0.00349969 -0.0167747 0.00732291 -0.0214114 0.198563 -0.0723517 -0.0428863 0.0195244 0.0375326 0.0515407 -0.0349814 -0.0604884 0.0587566
internal_weight=2136 2059 1306 911 792 119 395 296 753 566 472 187 147 40
internal_count=2136 2059 1306 911 792 119 395 296 753 566 472 187 147 40
is_linear=0
shrinkage=0.05


Tree=91
num_leaves=15
num_cat=0
split_feature=23 23 20 23 20 23 23 20 23 7 23 6 6 7
split_gain=281.47 770.456 1338.28 833.994 1382.21 1960.12 819.038 1726.04 965.939 332.038 238.421 161.17 225.418 149.7
threshold=0.065534810592492068 0.13398478063445371 16775.780000000002 0.16799211273207912 16775.780000000002 0.15101078994440373 0.21861778653020106 16775.780000000002 0.30163443639916493 114.54000000000001 0.099818867260593996 18.480000000000004 30.380000000000006 55.750000000000007
decision_type=2 2 2 2 2 2 2 2 2 2 2 2 2 2
left_child=9 2 11 4 5 -3 7 -5 -8 13 -4 -2 -13 -1
right_child=1 3 10 6 -6 -7 8 -9 -10 -11 -12 12 -14 -15
leaf_value=0.22435371459772191 -0.32480156647248404 -0.0053170567585362335 0.33872863451639801 -0.30906603488105316 -0.25600800861914957 0.73256976902484894 0.14132167051856717 0.25629828903410168 -0.005446462063759646 -0.16235468933979672 0.023542735353112222 -0.086716070841066542 -0.3521273714179794 0.076599925818542636
leaf_weight=24 36 18 12.000000000000002 54 11.999999999999998 18 120 18 1704 11.999999999999998 11.999999999999998 24 11.999999999999998 60
leaf_count=24 36 18 12 54 12 18 120 18 1704 12 12 24 12 60
internal_value=-2.53939e-10 -0.00393737 -0.142212 0.00289099 0.208718 0.363626 -0.00231981 -0.167725 0.00420934 0.083669 0.181136 -0.249994 -0.175187 0.118815
internal_weight=2136 2040 96 1944 48 36 1896 72 1824 96 24 72 36 84
internal_count=2136 2040 96 1944 48 36 1896 72 1824 96 24 72 36 84
is_linear=0
shrinkage=0.05


Tree=92
num_leaves=15
num_cat=0
split_feature=1 22 22 22 22 10 22 2 2 1 22 10 2 1
split_gain=261.391 242.187 383.353 384.732 235.406 234.579 222.814 195.047 193.01 311.092 192.259 183.011 319.993 169.037
threshold=67.27500000000002 0.37744852145085445 0.32917936166072764 0.24684749415872467 0.99986533717164605 -0.013599999999999998 0.34537287020513602 2.5850000000000004 0.19000000000000003 50.965000000000011 0.077330756371236084 1.0000000180025095e-35 1.2250000000000003 58.210000000000008
decision_type=2 2 2 2 2 2 2 2 2 2 2 2 2 2
left_child=8 2 3 10 7 -5 -4 -3 13 -10 -2 12 -11 -1
right_child=1 4 6 5 -6 -7 -8 -9 9 11 -12 -13 -14 -15
leaf_value=0.048610588358010819 -0.1038363179093913 -0.047572220729582441 0.3576048840175976 -0.012019986015829175 0.17377843673412618 -0.23805527326961362 0.092022934343133661 0.081076678910082398 0.1895916759967804 -0.39637007236480715 0.07039530731737613 -0.00094487706608161696 -0.083033804706594161 0.0075030620031833958
leaf_weight=357 19 594 10.999999999999998 22 12.999999999999998 24 28 31 11.999999999999998 9.9999999999999982 95 41 44 835
leaf_count=357 19 594 11 22 13 24 28 31 12 10 95 41 44 835
internal_value=1.11527e-10 -0.02179 0.0263678 -0.00789439 -0.036811 -0.129951 0.166931 -0.0411912 0.0140402 -0.0502881 0.0413567 -0.0805887 -0.141059 0.0198146
internal_weight=2136 837 199 160 638 46 39 625 1299 107 114 95 54 1192
internal_count=2136 837 199 160 638 46 39 625 1299 107 114 95 54 1192
is_linear=0
shrinkage=0.05


Tree=93
num_leaves=15
num_cat=0
split_feature=10 23 22 22 22 5 22 22 22 22 6 22 6 6
split_gain=251.538 306.485 366.033 1093.46 2007.03 813.097 746.274 399.064 176.139 639.995 514.113 492.637 845.315 721.624
threshold=-0.10059999999999999 0.013975997299564686 0.97577266019832842 0.89546819317495652 0.86275003778655002 739.99000000000012 0.97938885712668811 0.9884946951290402 0.98271523713537257 0.9884946951290402 13.005000000000001 0.86275003778655002 13.005000000000001 13.005000000000001
decision_type=2 2 2 2 2 2 2 2 2 2 2 2 2 2
left_child=8 -2 3 4 -3 -5 -4 -8 11 -10 -11 13 -13 -1
right_child=1 2 6 5 -6 -7 7 -9 9 10 -12 12 -14 -15
leaf_value=-0.089499142863413039 0.23802819440762205 0.017219195373974549 -0.39318409403165183 0.20458104832186585 -0.28176866888999941 0.003752339045916285 0.1021514744228787 -0.072445303872227682 0.30996340492533314 0.15850014261625434 -0.10871631646597829 0.050950265970701972 -0.17890228099500141 0.035209523920630821
leaf_weight=174 14.999999999999998 870 14.999999999999998 126 60 84 45 120 18 27 54 60 120 348
leaf_count=174 15 870 15 126 60 84 45 120 18 27 54 60 120 348
internal_value=-2.08103e-10 0.0132907 0.0107368 0.0211991 -0.00207034 0.12425 -0.0555243 -0.024828 -0.0221511 0.0402845 -0.0196442 -0.0309561 -0.102285 -0.00636003
internal_weight=2136 1335 1320 1140 930 210 180 165 801 99 81 702 180 522
internal_count=2136 1335 1320 1140 930 210 180 165 801 99 81 702 180 522
is_linear=0
shrinkage=0.05


Tree=94
num_leaves=15
num_cat=0
split_feature=1 22 22 20 22 21 22 21 8 22 1 9 22 1
split_gain=247.3 243.471 590.981 1091.6 478.748 1444.57 775.416 295.304 209.689 166.511 106.706 106.173 96.5045 303.884
threshold=76.795000000000016 0.99781321377224363 0.99094606287942044 16775.780000000002 0.98575081589502089 12333.330000000002 0.97577266019832842 15373.250000000002 11.040000000000001 0.99496844910615079 84.490000000000009 0.24500000000000002 0.88768027107944258 78.770000000000024
decision_type=2 2 2 2 2 2 2 2 2 2 2 2 2 2
left_child=1 2 4 7 6 -6 -1 -4 -3 -5 11 -2 -13 -14
right_child=10 8 3 9 5 -7 -8 -9 -10 -11 -12 12 13 -15
leaf_value=0.009410491887235535 -0.14084282185022648 0.1430883439225063 -0.27190609485177059 0.04298791086131875 0.4588251342150298 -0.10209456558028858 -0.16278012514333517 0.011462366106835278 -0.013803969649598003 0.31810067133470016 -0.20602816107372443 -0.060167199518684655 0.21962462557213649 -0.087376686146384802
leaf_weight=1698 26 57 56 11.000000000000002 22 24 68 10.999999999999998 34 10.999999999999998 11.999999999999998 73 13.999999999999998 19
leaf_count=1698 26 57 56 11 22 24 68 11 34 11 12 73 14 19
internal_value=3.29628e-10 0.00457423 0.000749694 -0.125041 0.00692817 0.166171 0.00278028 -0.225383 0.0844692 0.180544 -0.0632769 -0.0502995 -0.0280907 0.0428663
internal_weight=2136 1992 1901 89 1812 46 1766 67 91 22 144 132 106 33
internal_count=2136 1992 1901 89 1812 46 1766 67 91 22 144 132 106 33
is_linear=0
shrinkage=0.05


Tree=95
num_leaves=15
num_cat=0
split_feature=6 22 22 22 22 22 22 22 22 22 22 10 22 10
split_gain=242.82 519.914 1701.92 357.865 1344.2 259.693 307.166 558.453 650.747 364.981 328.835 1638.28 1127.53 266.314
threshold=30.380000000000006 0.84484927454466385 0.77447169083781808 0.16269055358644466 0.28003368959032676 0.99879288126755872 0.37744852145085445 0.32917936166072764 0.34537287020513602 0.24684749415872467 0.89546819317495652 -0.29389999999999994 0.86275003778655002 -0.29389999999999994
decision_type=2 2 2 2 2 2 2 2 2 2 2 2 2 2
left_child=5 2 3 -2 -5 6 7 9 -9 -1 12 -12 -8 -7
right_child=1 -3 -4 4 -6 13 10 8 -10 -11 11 -13 -14 -15
leaf_value=0.036019671731397494 0.22910664840823128 -0.046287588257756501 0.51921346982320149 -0.35901154654011846 0.079198994074194215 -0.069124839620457762 -0.021272583951211343 0.39211186142194843 0.05122344602076781 -0.074934687296904265 -0.13152024253375003 0.068027483183476664 -0.21385964781400704 0.15843440044050416
leaf_weight=252 21 99 21 21 105 18 798 21 42 105 144 360 84 45
leaf_count=252 21 99 21 21 105 18 798 21 42 105 144 360 84 45
internal_value=-1.88641e-10 0.0446026 0.0981629 0.0380129 0.0061639 -0.00637181 -0.00985283 0.0276061 0.164853 0.00338604 -0.021204 0.0110138 -0.0396142 0.0934175
internal_weight=2136 267 168 147 126 1869 1806 420 63 357 1386 504 882 63
internal_count=2136 267 168 147 126 1869 1806 420 63 357 1386 504 882 63
is_linear=0
shrinkage=0.05


Tree=96
num_leaves=15
num_cat=0
split_feature=1 23 23 9 20 23 23 5 21 20 23 23 23 23
split_gain=233.553 199.99 667.761 947.771 654.871 568.816 544.9 336.695 268.36 243.592 197.687 196.812 155.667 255.887
threshold=50.035000000000004 0.81922450700169669 0.75578561982460213 0.37500000000000006 15014.405000000001 0.47558139622940165 0.50555750738881688 739.99000000000012 15373.250000000002 16775.780000000002 0.83846383739339581 0.86545531305655499 0.98663965293901656 0.95499258812111987
decision_type=2 2 2 2 2 2 2 2 2 2 2 2 2 2
left_child=-1 2 4 8 6 -6 -2 -5 -4 10 -3 -12 13 -11
right_child=1 9 3 7 5 -7 -8 -9 -10 12 11 -13 -14 -15
leaf_value=0.085495738036833802 -0.065835695377968975 0.14705129919263224 0.063951103968752754 -0.18783986343472614 0.094140186173269372 -0.020942201358967169 0.023337383466749202 -0.4447805956882589 -0.1589755889442232 -0.012130805706678361 -0.067407354018559643 0.035911679847371557 0.055302442545071245 -0.15526612151000235
leaf_weight=77 449 36 54 51 254 186 277 17 18 102 51 479 40 45
leaf_count=77 449 36 54 51 254 186 277 17 18 102 51 479 40 45
internal_value=-3.47584e-11 -0.00319727 -0.0150296 -0.118209 -0.00264101 0.0454917 -0.0318124 -0.252075 0.00821943 0.0173248 0.033671 0.0259697 -0.0321509 -0.0559477
internal_weight=2136 2059 1306 140 1166 440 726 68 72 753 566 530 187 147
internal_count=2136 2059 1306 140 1166 440 726 68 72 753 566 530 187 147
is_linear=0
shrinkage=0.05


Tree=97
num_leaves=15
num_cat=0
split_feature=1 2 1 2 10 1 22 22 22 22 22 23 22 20
split_gain=216.892 180.704 287.462 245.988 274.851 161.235 158.894 375.316 1087.37 510.22 267.363 584.133 157.487 394.781
threshold=61.810000000000009 0.19000000000000003 50.965000000000011 4.6000000000000005 -1.0000000180025095e-35 84.490000000000009 0.5009122898073749 0.78523795966413312 0.83552254320998587 0.70517752626968588 0.45560143098769151 0.89784768270548698 0.97577266019832842 16775.780000000002
decision_type=2 2 2 2 2 2 2 2 2 2 2 2 2 2
left_child=1 12 -3 4 -4 6 10 9 -9 -8 11 -2 -1 -14
right_child=5 2 3 -5 -6 -7 7 8 -10 -11 -12 -13 13 -15
leaf_value=0.040690115468085944 -0.30445473432540893 0.17178865099946661 -0.24291920935221278 0.11887953200123527 -0.0085538784888657647 -0.19407675986488659 -0.01924733825105553 0.17829065507689079 -0.023473287754850445 -0.1448264544768656 0.13020786623987887 0.013615103386889772 -0.080236328840255736 0.14739286839962004
leaf_weight=560 14.999999999999998 11.999999999999998 28.999999999999996 10.999999999999998 22.000000000000004 11.999999999999998 240 77 503 122 45 383 80 25
leaf_count=560 15 12 29 11 22 12 240 77 503 122 45 383 80 25
internal_value=3.97682e-10 0.0219062 -0.0522122 -0.0955672 -0.14182 -0.0115882 -0.010007 -0.0216209 0.00331262 -0.0615696 0.0146888 0.00162755 0.030154 -0.0260389
internal_weight=2136 739 74 62 51 1397 1385 942 580 362 443 398 665 105
internal_count=2136 739 74 62 51 1397 1385 942 580 362 443 398 665 105
is_linear=0
shrinkage=0.05


Tree=98
num_leaves=15
num_cat=0
split_feature=6 22 22 22 22 22 22 22 21 22 22 22 22 0
split_gain=211.368 496.307 1498.59 308.692 1248.24 265.574 328.244 372.041 1938.8 1073.63 266.421 233.451 744.237 407.431
threshold=30.380000000000006 0.84484927454466385 0.77447169083781808 0.16269055358644466 0.28003368959032676 0.060169887675273891 0.24684749415872467 0.89546819317495652 12333.330000000002 0.86275003778655002 0.23014236637527921 0.95843238470078729 0.97577266019832842 24.605000000000004
decision_type=2 2 2 2 2 2 2 2 2 2 2 2 2 2
left_child=5 2 3 -2 -5 -1 10 9 -9 -8 -7 -3 -13 -14
right_child=1 11 -4 4 -6 6 7 8 -10 -11 -12 12 13 -15
leaf_value=-0.18275180150355613 0.21498142856927147 -0.12633226725738497 0.48904252052307129 -0.34397768392449335 0.07830118474506198 0.034836690082613912 -0.014615283225948381 -0.086024525577639357 0.10080796659947087 -0.20097990979750954 0.22162120115189327 0.37163468499978386 0.10519442961496467 -0.22071259468793869
leaf_weight=21 21 48 21 21 105 210 966 243 324 84 21 11.999999999999998 17 22
leaf_count=21 21 48 21 21 105 210 966 243 324 84 21 12 17 22
internal_value=-3.12599e-10 0.0416138 0.093944 0.0375014 0.00792137 -0.00594483 -0.00393566 -0.0119003 0.0207369 -0.0295245 0.0518171 -0.0471889 0.0272989 -0.0786506
internal_weight=2136 267 168 147 126 1869 1848 1617 567 1050 231 99 51 39
internal_count=2136 267 168 147 126 1869 1848 1617 567 1050 231 99 51 39
is_linear=0
shrinkage=0.05


Tree=99
num_leaves=15
num_cat=0
split_feature=22 22 20 22 22 22 22 20 22 7 9 22 0 0
split_gain=208.852 622.833 733.372 335.506 1203.16 870.559 822.574 762.438 688.258 236.125 215.229 171.374 116.811 99.2666
threshold=0.99781321377224363 0.99310419374700554 16775.780000000002 0.98271523713537257 0.97577266019832842 0.9884946951290402 0.95338485815333007 16775.780000000002 0.98575081589502089 114.54000000000001 0.24500000000000002 0.99496844910615079 25.975000000000005 24.605000000000004
decision_type=2 2 2 2 2 2 2 2 2 2 2 2 2 2
left_child=1 3 11 4 6 8 -1 -6 -5 13 -7 -3 -13 -2
right_child=9 2 -4 5 7 10 -8 -9 -10 -11 -12 12 -14 -15
leaf_value=-0.0051902316618996878 0.15871771442703905 -0.36593064376049572 0.1285612424214681 0.054292933404212818 -0.36493188424242873 0.12587232142686844 0.13024900549401838 0.095272720853487647 0.43295785238345463 -0.13539713025093078 -0.11863893622325526 -0.12112185920660312 -0.32220517158508305 0.049886159391396429
leaf_weight=1704 40 18 18 24 36 11.999999999999998 120 11.999999999999998 24 11.999999999999998 36 26 9.9999999999999982 44
leaf_count=1704 40 18 18 24 36 12 120 12 24 12 36 26 10 44
internal_value=2.27002e-10 -0.00339163 -0.147832 0.00189275 -0.00278234 0.0930571 0.00372024 -0.249881 0.243625 0.0720722 -0.0575111 -0.239962 -0.176978 0.101711
internal_weight=2136 2040 72 1968 1872 96 1824 48 48 96 48 54 36 84
internal_count=2136 2040 72 1968 1872 96 1824 48 48 96 48 54 36 84
is_linear=0
shrinkage=0.05


end of trees

feature_importances:
day_of_year_sin=498
day_of_year_cos=191
forecast_humidity=190
elevation_std=110
aspect_sin=87
distance_to_nearest_water=71
b2_humidity=51
slope_std=44
elevation_mean=28
distance_to_forecast_grid_m=28
forecast_temperature=27
elevation_range=24
slope_mean=11
forecast_rainfall=10
lead_time_hours=9
tri_std=9
month=7
aspect_cos=5

parameters:
[boosting: gbdt]
[objective: regression]
[metric: rmse]
[tree_learner: serial]
[device_type: cpu]
[data_sample_strategy: bagging]
[data: ]
[valid: ]
[num_iterations: 100]
[learning_rate: 0.05]
[num_leaves: 15]
[num_threads: 8]
[seed: 42]
[deterministic: 0]
[force_col_wise: 0]
[force_row_wise: 0]
[histogram_pool_size: -1]
[max_depth: 5]
[min_data_in_leaf: 10]
[min_sum_hessian_in_leaf: 0.001]
[bagging_fraction: 0.8]
[pos_bagging_fraction: 1]
[neg_bagging_fraction: 1]
[bagging_freq: 0]
[bagging_seed: 400]
[bagging_by_query: 0]
[feature_fraction: 0.8]
[feature_fraction_bynode: 1]
[feature_fraction_seed: 30056]
[extra_trees: 0]
[extra_seed: 12879]
[early_stopping_round: 0]
[early_stopping_min_delta: 0]
[first_metric_only: 0]
[max_delta_step: 0]
[lambda_l1: 0]
[lambda_l2: 0]
[linear_lambda: 0]
[min_gain_to_split: 0]
[drop_rate: 0.1]
[max_drop: 50]
[skip_drop: 0.5]
[xgboost_dart_mode: 0]
[uniform_drop: 0]
[drop_seed: 17869]
[top_rate: 0.2]
[other_rate: 0.1]
[min_data_per_group: 100]
[max_cat_threshold: 32]
[cat_l2: 10]
[cat_smooth: 10]
[max_cat_to_onehot: 4]
[top_k: 20]
[monotone_constraints: ]
[monotone_constraints_method: basic]
[monotone_penalty: 0]
[feature_contri: ]
[forcedsplits_filename: ]
[refit_decay_rate: 0.9]
[cegb_tradeoff: 1]
[cegb_penalty_split: 0]
[cegb_penalty_feature_lazy: ]
[cegb_penalty_feature_coupled: ]
[path_smooth: 0]
[interaction_constraints: ]
[verbosity: -1]
[saved_feature_importance_type: 0]
[use_quantized_grad: 0]
[num_grad_quant_bins: 4]
[quant_train_renew_leaf: 0]
[stochastic_rounding: 1]
[linear_tree: 0]
[max_bin: 255]
[max_bin_by_feature: ]
[min_data_in_bin: 3]
[bin_construct_sample_cnt: 200000]
[data_random_seed: 175]
[is_enable_sparse: 1]
[enable_bundle: 1]
[use_missing: 1]
[zero_as_missing: 0]
[feature_pre_filter: 1]
[pre_partition: 0]
[two_round: 0]
[header: 0]
[label_column: ]
[weight_column: ]
[group_column: ]
[ignore_column: ]
[categorical_feature: ]
[forcedbins_filename: ]
[precise_float_parser: 0]
[parser_config_file: ]
[objective_seed: 16083]
[num_class: 1]
[is_unbalance: 0]
[scale_pos_weight: 1]
[sigmoid: 1]
[boost_from_average: 1]
[reg_sqrt: 0]
[alpha: 0.9]
[fair_c: 1]
[poisson_max_delta_step: 0.7]
[tweedie_variance_power: 1.5]
[lambdarank_truncation_level: 30]
[lambdarank_norm: 1]
[label_gain: ]
[lambdarank_position_bias_regularization: 0]
[eval_at: ]
[multi_error_top_k: 1]
[auc_mu_weights: ]
[num_machines: 1]
[local_listen_port: 12400]
[time_out: 120]
[machine_list_filename: ]
[machines: ]
[gpu_platform_id: -1]
[gpu_device_id: -1]
[gpu_device_id_list: ]
[gpu_use_dp: 0]
[num_gpu: 1]

end of parameters

pandas_categorical:[]
