tree
version=v4
num_class=1
num_tree_per_iteration=1
label_index=0
max_feature_idx=24
objective=regression
feature_names=forecast_temperature forecast_humidity forecast_rainfall lead_time_hours b2_temperature elevation_mean elevation_std elevation_range slope_mean slope_std aspect_sin aspect_cos tri_mean tri_std landcover_fraction_tree landcover_fraction_shrub landcover_fraction_grass landcover_fraction_cropland landcover_fraction_builtup landcover_fraction_water distance_to_nearest_water distance_to_forecast_grid_m day_of_year_sin day_of_year_cos month
feature_infos=[17.800000000000001:32.509999999999998] [38.549999999999997:92.700000000000003] [0:21.109999999999999] [24:72] [17.43:32.950000000000003] [354.08999999999997:899.00999999999999] [12.289999999999999:32.460000000000001] [45.369999999999997:118.16] [7.3899999999999997:18.890000000000001] [0.13:0.54000000000000004] [-0.46550000000000002:0.72440000000000004] [-0.99890000000000001:-0.68910000000000005] [9.5299999999999994:25.140000000000001] [0.17999999999999999:0.77000000000000002] none none none [0.024799999999999999:1] [0:0.97519999999999996] none [0:18225.799999999999] [3595.1999999999998:16825.540000000001] [0.034398060613608013:0.99998555065071859] [0.0053757315575838844:0.99940821160625981] [1:3]
tree_sizes=1383 1410 1423 1442 1419 1420 1418 1424 1419 1424 1426 1430 1425 1425 1425 1428 1439 1433 1433 1438 1444 1442 1431 1446 1430 1436 1429 1430 1433 1431 1435 1441 1437 1443 1428 1449 1427 1466 1452 1427 1461 1429 1468 1435 1443 1456 1465 1446 1493 1458 1451 1457 1430 1457 1437 1467 1480 1483 1461 1458 1474 1478 1499 1480 1473 1456 1448 1479 1457 1460 1468 1480 1443 1459 1493 1456 1463 1440 1459 1477 1494 1447 1502 1444 1496 1469 1484 1493 1470 1462 1460 1516 1455 1479 1527 1479 1521 1475 1518 1470

Tree=0
num_leaves=15
num_cat=0
split_feature=0 5 5 23 23 23 23 4 4 0 0 4 5 4
split_gain=5982.5 2747.35 2744.48 1260.96 1134.11 742.104 619.396 608.364 606.068 259.747 254.092 244.102 225.03 206.726
threshold=24.555000000000003 679.98000000000013 679.98000000000013 0.89014232404703397 0.86545531305655499 0.70897861563100306 0.70897861563100306 27.045000000000005 23.135000000000002 26.705000000000002 28.110000000000003 23.355000000000004 452.54500000000002 27.635000000000002
decision_type=2 2 2 2 2 2 2 2 2 2 2 2 2 2
left_child=2 4 3 8 7 9 -4 -2 -1 -3 -7 -5 -10 -6
right_child=1 5 6 11 13 10 -8 -9 12 -11 -12 -13 -14 -15
leaf_value=-1.4522865160861813 -1.6564176415193546 -1.8122156769375779 -1.6954091176610373 -1.6188984851459671 -1.819889964879164 -1.9634601113330641 -1.8227169830705474 -1.7747569079005669 -1.5421528109029858 -1.9378341515803157 -2.1551411665266675 -1.7404387627831575 -1.6209945359596729 -1.9389138464330771
leaf_weight=130 261 148 209 63 163 192 176 186 199 57 19 120 166 47
leaf_count=130 261 148 209 63 163 192 176 186 199 57 19 120 166 47
internal_value=-1.73106 -1.81435 -1.64699 -1.58645 -1.75069 -1.9149 -1.75361 -1.70566 -1.54499 -1.84714 -1.98072 -1.6986 -1.57801 -1.84653
internal_weight=2136 1073 1063 678 657 416 385 447 495 205 211 183 365 210
internal_count=2136 1073 1063 678 657 416 385 447 495 205 211 183 365 210
is_linear=0
shrinkage=1


Tree=1
num_leaves=15
num_cat=0
split_feature=0 5 5 24 24 24 4 4 24 4 0 0 4 4
split_gain=5411.34 2838.16 2238.85 1280.01 876.457 574.72 569.093 428.816 396.401 316.865 286.69 225.148 168.45 168.108
threshold=24.805000000000003 679.98000000000013 679.98000000000013 1.5000000000000002 1.5000000000000002 2.5000000000000004 24.145000000000003 27.655000000000005 2.5000000000000004 23.725000000000005 27.225000000000005 23.255000000000006 22.185000000000006 27.655000000000005
decision_type=2 2 2 2 2 2 2 2 2 2 2 2 2 2
left_child=1 3 4 9 13 11 12 -6 10 -1 -4 -3 -5 -2
right_child=2 5 8 6 7 -7 -8 -9 -10 -11 -12 -13 -14 -15
leaf_value=0.10729750264828142 -0.088683877247696122 -0.02501337358279896 -0.19783360052226795 0.30513128062426031 0.050412579862069255 0.048614577485223937 0.1249136164882657 -0.060633248929661931 -0.11297175108389122 -0.010344633722507348 -0.34434723377227788 -0.11479720488621468 0.20816828430660311 -0.19794561137323796
leaf_weight=95 150 133 202 59 271 152 256 128 127 144 40 147 186 46
leaf_count=95 150 133 202 59 271 152 256 128 127 144 40 147 186 46
internal_value=1.18271e-10 0.0721766 -0.08775 0.131626 -0.0277434 -0.0296587 0.177046 0.0147889 -0.184509 0.0364169 -0.222051 -0.0721499 0.231519 -0.114327
internal_weight=2136 1172 964 740 595 432 501 399 369 239 242 280 245 196
internal_count=2136 1172 964 740 595 432 501 399 369 239 242 280 245 196
is_linear=0
shrinkage=0.05


Tree=2
num_leaves=15
num_cat=0
split_feature=0 5 5 22 22 22 22 4 4 4 0 0 6 4
split_gain=4891.43 2245.11 2227.42 1038.67 936.401 622.321 524.954 512.097 468.1 259.258 227.056 211.616 202.281 162.205
threshold=24.555000000000003 679.98000000000013 679.98000000000013 0.51572537064332258 0.45560143098769151 0.70517752626968588 0.70517752626968588 27.045000000000005 23.675000000000004 23.355000000000004 26.705000000000002 28.110000000000003 30.380000000000006 27.635000000000002
decision_type=2 2 2 2 2 2 2 2 2 2 2 2 2 2
left_child=2 4 3 9 13 11 -4 -6 -5 -1 -7 -3 -8 -2
right_child=1 5 6 8 7 10 12 -9 -10 -11 -12 -13 -14 -15
leaf_value=0.11595373193422953 -0.085966189611928187 -0.21072946954518557 -0.083652790775787175 0.23410534291343896 0.064601239844501682 -0.071502704936633452 0.068081313728221834 -0.041970133566064764 0.13141814230944648 0.0011737846860570926 -0.18895061585986825 -0.38565715112184229 -0.036518720831668038 -0.19620268039925154
leaf_weight=75 149 192 176 187 273 148 140 192 273 143 57 19 69 43
leaf_count=75 149 192 176 187 273 148 140 192 273 143 57 19 69 43
internal_value=-2.18224e-11 -0.0753103 0.0760188 0.130559 -0.0177592 -0.166202 -0.0200293 0.0205976 0.173163 0.0406623 -0.104159 -0.226481 0.0335483 -0.110655
internal_weight=2136 1073 1063 678 657 416 385 465 460 218 205 211 209 192
internal_count=2136 1073 1063 678 657 416 385 465 460 218 205 211 209 192
is_linear=0
shrinkage=0.05


Tree=3
num_leaves=15
num_cat=0
split_feature=5 22 22 5 6 22 22 22 22 5 22 1 6 1
split_gain=4258.91 1904.5 1162.55 642.606 383.394 345.49 100.248 94.1822 90.7412 75.3524 59.241 43.3131 43.1984 34.6653
threshold=679.98000000000013 0.42471264173135381 0.70517752626968588 452.54500000000002 30.380000000000006 0.70517752626968588 0.91024686087223017 0.93655593853549179 0.72914769978834015 452.54500000000002 0.88768027107944258 53.080000000000005 13.005000000000001 63.445000000000007
decision_type=2 2 2 2 2 2 2 2 2 2 2 2 2 2
left_child=1 9 -2 5 7 12 -7 -4 11 -1 -6 -5 -3 -12
right_child=2 3 4 8 10 6 -8 -9 -10 -11 13 -13 -14 -15
leaf_value=-0.027396752819382916 -0.15344938965639443 0.099643422979861507 -0.025654123702241727 0.083876347016484942 -0.14181356182045959 0.12113218084371911 0.17052751152507134 0.032983714179505429 0.057530045197486425 -0.07509510374587515 -0.033743221161421387 -0.0038798457612725101 0.04768283185975937 -0.099885723661058232
leaf_weight=207 387 60 150 15.999999999999998 54 189 225 126 264 138 32 116 120 52
leaf_count=207 387 60 150 16 54 189 225 126 264 138 32 116 120 52
internal_value=-3.33086e-10 0.0546883 -0.0911471 0.0899425 -0.0329081 0.122834 0.147977 0.00111532 0.0406058 -0.0464761 -0.100955 0.00675727 0.065003 -0.0746886
internal_weight=2136 1335 801 990 414 594 414 276 396 345 138 132 180 84
internal_count=2136 1335 801 990 414 594 414 276 396 345 138 132 180 84
is_linear=0
shrinkage=0.05


Tree=4
num_leaves=15
num_cat=0
split_feature=0 5 5 23 23 23 4 23 4 4 0 6 0 0
split_gain=4397.99 2086.14 1640.23 961.024 677.023 515.526 423.764 393.01 381.749 366.511 181.706 178.877 166.103 157.595
threshold=24.805000000000003 679.98000000000013 679.98000000000013 0.72100388094302625 0.9052873537896472 0.70897861563100306 23.355000000000004 0.70897861563100306 23.265000000000004 27.045000000000005 28.110000000000003 30.380000000000006 23.435000000000006 26.705000000000002
decision_type=2 2 2 2 2 2 2 2 2 2 2 2 2 2
left_child=1 3 4 8 9 11 -5 13 -1 -2 -9 -3 -7 -4
right_child=2 5 7 6 -6 12 -8 10 -10 -11 -12 -13 -14 -15
leaf_value=0.25663812035008482 0.047459239014484088 0.057929785829037433 -0.076696221900294681 0.13292764115693242 -0.11420952759189076 -0.039788027882802293 0.015628477873272512 -0.19571343869493718 0.14162831475523613 -0.045098115463485841 -0.35870183769025304 -0.035326067205077333 -0.13195572810040579 -0.1774010956287384
leaf_weight=95 234 159 122 116 164 107 229 171 300 197 19 76 90 57
leaf_count=95 234 159 122 116 164 107 229 171 300 197 19 76 90 57
internal_value=9.18242e-11 0.0650686 -0.0791083 0.116037 -0.0277466 -0.0222391 0.0550682 -0.161927 0.169289 0.00515344 -0.212012 0.0277704 -0.0818951 -0.108764
internal_weight=2136 1172 964 740 595 432 345 369 395 431 190 235 197 179
internal_count=2136 1172 964 740 595 432 345 369 395 431 190 235 197 179
is_linear=0
shrinkage=0.05


Tree=5
num_leaves=15
num_cat=0
split_feature=0 5 5 22 22 22 4 22 4 4 0 0 5 4
split_gain=3975.18 1646.7 1631.69 799.024 697.161 455.121 421.483 394.041 360.133 186.65 183.332 174.457 168.531 160.939
threshold=24.555000000000003 679.98000000000013 679.98000000000013 0.45560143098769151 0.69287764045535594 0.70517752626968588 23.135000000000002 0.88768027107944258 28.215000000000003 26.495000000000001 26.175000000000004 27.045000000000005 452.54500000000002 23.855000000000004
decision_type=2 2 2 2 2 2 2 2 2 2 2 2 2 2
left_child=2 4 3 13 9 11 -5 -4 -6 -2 -7 -3 -8 -1
right_child=1 5 7 6 8 10 12 -9 -10 -11 -12 -13 -14 -15
leaf_value=0.075194504591582834 -0.03022854641476699 -0.17563333717543028 -0.047509771596580833 0.22552348283620982 0.056152632470158018 -0.055234710990436503 0.15170986807376297 0.061950562425259065 -0.071605848002692929 -0.10778426596382906 -0.15239027955486806 -0.29276079489634588 0.083479864918626856 -0.018698019520767654
leaf_weight=87 142 172 266 130 275 126 199 119 69 171 79 39 166 96
leaf_count=87 142 172 266 130 275 126 199 119 69 171 79 39 166 96
internal_value=2.26078e-10 -0.0678913 0.06853 0.115211 -0.0186033 -0.145733 0.148214 -0.0136766 0.0305267 -0.0725992 -0.0926751 -0.197282 0.120679 0.0259394
internal_weight=2136 1073 1063 678 657 416 495 385 344 313 205 211 365 183
internal_count=2136 1073 1063 678 657 416 495 385 344 313 205 211 365 183
is_linear=0
shrinkage=0.05


Tree=6
num_leaves=15
num_cat=0
split_feature=0 5 5 23 23 23 4 4 23 4 6 0 0 6
split_gain=3601.27 1699.61 1335.31 815.017 572.69 435.29 349.957 320.225 318.916 309.004 162.452 153.219 144.833 142.362
threshold=24.805000000000003 679.98000000000013 679.98000000000013 0.72100388094302625 0.9052873537896472 0.70897861563100306 23.355000000000004 24.145000000000003 0.70897861563100306 27.045000000000005 30.380000000000006 28.110000000000003 23.435000000000006 30.380000000000006
decision_type=2 2 2 2 2 2 2 2 2 2 2 2 2 2
left_child=1 3 4 7 9 10 -5 -1 13 -2 -3 -10 -7 -4
right_child=2 5 8 6 -6 12 -8 -9 11 -11 -12 -13 -14 -15
leaf_value=0.2011650936717683 0.043861419483213329 0.054770065054484889 -0.065960763472840828 0.1194936852227768 -0.10476499169088174 -0.035423136713357527 0.012897872820971372 0.11102202879681122 -0.17646114875001517 -0.041124987987290862 -0.034101248054924475 -0.3261286917485689 -0.12148767792619766 -0.15967479011704844
leaf_weight=188 234 159 117 116 164 107 229 207 171 197 76 19 90 62
leaf_count=188 234 159 117 116 164 107 229 207 171 197 76 19 90 62
internal_value=-1.03888e-10 0.0588806 -0.0715851 0.104886 -0.0252429 -0.0199246 0.0487388 0.153926 -0.14631 0.00501612 0.0260287 -0.191428 -0.074742 -0.0984204
internal_weight=2136 1172 964 740 595 432 345 395 369 431 235 190 197 179
internal_count=2136 1172 964 740 595 432 345 395 369 431 235 190 197 179
is_linear=0
shrinkage=0.05


Tree=7
num_leaves=15
num_cat=0
split_feature=0 5 5 22 22 22 4 22 4 0 0 4 5 4
split_gain=3257.12 1460.41 1304.06 639.683 627.237 387.069 371.956 315.57 295.895 162.067 158.029 148.413 137.593 131.575
threshold=24.405000000000005 679.98000000000013 679.98000000000013 0.44022217077093501 0.5009122898073749 0.72914769978834015 26.935000000000006 0.88768027107944258 22.945000000000004 26.705000000000002 27.045000000000005 26.445000000000004 452.54500000000002 30.270000000000007
decision_type=2 2 2 2 2 2 2 2 2 2 2 2 2 2
left_child=2 4 3 -1 11 10 -6 -4 -5 -7 -3 -2 -10 -8
right_child=1 5 7 8 6 9 13 -9 12 -11 -12 -13 -14 -15
leaf_value=0.025152059676069202 -0.042075011039193234 -0.15625580537092429 -0.040196852993574887 0.20662814026973289 0.056395411687708799 -0.054325868979149643 -0.020590074738467357 0.059169195030425864 0.14429479190001362 -0.15382812991738321 -0.26590958744287491 -0.12294009956198611 0.080471007908866021 -0.16597585607977475
leaf_weight=165 115 184 252 122 278 152 184 117 190 56 40 112 152 17
leaf_count=165 115 184 252 122 278 152 184 117 190 56 40 112 152 17
internal_value=7.68342e-11 -0.0578203 0.0659314 0.109708 -0.013513 -0.13023 0.0189306 -0.00869055 0.139776 -0.0811149 -0.175837 -0.0819732 0.115929 -0.0328864
internal_weight=2136 1138 998 629 706 432 479 369 464 208 224 227 342 201
internal_count=2136 1138 998 629 706 432 479 369 464 208 224 227 342 201
is_linear=0
shrinkage=0.05


Tree=8
num_leaves=15
num_cat=0
split_feature=5 4 23 23 23 4 6 4 4 4 4 4 23 23
split_gain=2549.97 1968.51 721.137 660.969 602.635 308.958 294.135 333.698 239.939 236.671 202.72 196.755 130.97 120.756
threshold=679.98000000000013 25.185000000000006 0.70897861563100306 0.72100388094302625 0.86545531305655499 28.215000000000003 30.380000000000006 27.435000000000006 28.720000000000002 22.435000000000006 22.110000000000003 22.185000000000006 0.94975093725139803 0.38242094458159287
decision_type=2 2 2 2 2 2 2 2 2 2 2 2 2 2
left_child=1 3 6 11 5 13 7 -2 -4 -5 -8 -1 -11 -3
right_child=2 4 8 9 -6 -7 10 -9 -10 12 -12 -13 -14 -15
leaf_value=0.26043293078740443 0.055163510282453004 0.070517230195216316 -0.10061407934838705 0.14180075526237487 -0.086376721906431378 -0.069997931694855325 -0.0012794743587922616 -0.05528452502563596 -0.20124927220279223 0.061484209323922789 -0.12851725825832949 0.14086281054091884 -0.013000837734900414 0.013183968224928566
leaf_weight=39 151 142 314 60 210 88 48 125 73 144 90 292 100 260
leaf_count=39 151 142 314 60 210 88 48 125 73 144 90 292 100 260
internal_value=5.90054e-11 0.0423168 -0.0705279 0.106064 -0.0155109 0.0148601 -0.024659 0.00514176 -0.119597 0.0528345 -0.0842606 0.154951 0.0309576 0.033436
internal_weight=2136 1335 801 635 700 490 414 276 387 304 138 331 244 402
internal_count=2136 1335 801 635 700 490 414 276 387 304 138 331 244 402
is_linear=0
shrinkage=0.05


Tree=9
num_leaves=15
num_cat=0
split_feature=0 5 5 23 23 23 4 4 23 4 0 0 23 0
split_gain=2712.05 1231.17 998.523 623.147 436.712 322.238 274.417 250.756 241.683 222.1 151.876 140.23 131.109 129.626
threshold=24.805000000000003 679.98000000000013 679.98000000000013 0.72100388094302625 0.72100388094302625 0.70897861563100306 23.355000000000004 23.765000000000004 0.72100388094302625 28.870000000000001 23.025000000000002 28.630000000000006 0.94422823979932036 22.120000000000001
decision_type=2 2 2 2 2 2 2 2 2 2 2 2 2 2
left_child=1 3 4 7 9 10 -5 -1 -4 -2 -3 12 -6 -7
right_child=2 5 8 6 11 13 -8 -9 -10 -11 -12 -13 -14 -15
leaf_value=0.18487709570093222 0.035547552298889479 0.075046144402062712 -0.086165293054047812 0.10381176367980138 -0.028029352331669224 0.021202003049689371 0.0094190647675123015 0.10246146982685933 -0.16709559988331152 -0.08937976136803627 -0.0078201192223836917 -0.20597790339413813 -0.098848112328060442 -0.0826435140837566
leaf_weight=147 269 89 184 116 155 37 229 248 185 41 146 17 113 160
leaf_count=147 269 89 184 116 155 37 229 248 185 41 146 17 113 160
internal_value=4.59939e-11 0.0510967 -0.0621218 0.090252 -0.0220475 -0.0159748 0.0411569 0.133133 -0.12674 0.0190249 0.0235633 -0.0667228 -0.0578895 -0.0631395
internal_weight=2136 1172 964 740 595 432 345 395 369 310 235 285 268 197
internal_count=2136 1172 964 740 595 432 345 395 369 310 235 285 268 197
is_linear=0
shrinkage=0.05


Tree=10
num_leaves=15
num_cat=0
split_feature=0 5 5 22 22 22 22 0 0 6 0 0 22 0
split_gain=2454.72 1094.33 948.037 475.656 408.356 297.49 296.232 221.792 182.216 168.373 154.938 146.479 148.739 141.599
threshold=24.405000000000005 679.98000000000013 568.63000000000011 0.72914769978834015 0.42471264173135381 0.70517752626968588 0.72914769978834015 27.125000000000004 22.065000000000001 30.380000000000006 22.120000000000001 28.630000000000006 0.32917936166072764 26.175000000000004
decision_type=2 2 2 2 2 2 2 2 2 2 2 2 2 2
left_child=2 3 4 11 -1 10 -3 -5 -6 -7 -4 12 -2 -8
right_child=1 6 5 7 8 9 13 -9 -10 -11 -12 -13 -14 -15
leaf_value=0.026272654484170002 -0.085178737456033771 -0.15277425172971562 0.037716924882771674 0.052915244025331688 0.19558182092273937 0.067267056734705663 -0.038280637273547163 -0.041352401641992539 0.11252583596647743 -0.024430812987648369 -0.057401543229460977 -0.19078719086117216 -0.017997291011281277 -0.12371850357717509
leaf_weight=123 136 224 57 261 85 198 131 82 296 67 172 18 209 77
leaf_count=123 136 224 57 261 85 198 131 82 296 67 172 18 209 77
internal_value=1.55229e-10 -0.0501955 0.0572369 -0.0118413 0.105483 0.00801379 -0.112876 0.030379 0.131055 0.0440831 -0.0337258 -0.0517353 -0.0444804 -0.0699091
internal_weight=2136 1138 998 706 504 494 432 343 381 265 229 363 345 208
internal_count=2136 1138 998 706 504 494 432 343 381 265 229 363 345 208
is_linear=0
shrinkage=0.05


Tree=11
num_leaves=15
num_cat=0
split_feature=5 4 22 22 6 4 22 4 4 4 6 4 4 4
split_gain=1901.54 1126.08 689.222 418.464 339.61 406.96 308.218 303.037 203.895 161.622 158.807 180.227 149.259 148.978
threshold=568.63000000000011 24.455000000000002 0.70517752626968588 0.69287764045535594 30.380000000000006 26.345000000000002 0.53038584004487344 28.215000000000003 27.025000000000002 22.565000000000001 30.380000000000006 25.895000000000003 21.925000000000004 29.195000000000004
decision_type=2 2 2 2 2 2 2 2 2 2 2 2 2 2
left_child=1 6 7 -3 5 -4 -1 10 -5 -6 11 -2 -12 -7
right_child=2 3 4 8 9 13 -8 -9 -10 -11 12 -13 -14 -15
leaf_value=0.051690193079005388 0.0022992156802567544 -0.034400250052604296 0.078382482729371525 0.068770297523309654 -0.015475760554497849 -0.005041993016170131 0.14410740409963835 -0.16027118528018827 -0.016907046621781774 -0.12443138828936529 -0.046467138762224691 -0.080202532889571312 -0.15809733999239936 -0.099708074238151312
leaf_weight=136 111 317 155 251 61 207 268 115 96 77 49 164 77 52
leaf_count=136 111 317 155 251 61 207 268 115 96 77 49 164 77 52
internal_value=-6.07297e-11 0.0471761 -0.0471761 0.0071286 -0.00834142 0.0143014 0.112997 -0.0887201 0.0450671 -0.0762698 -0.0682005 -0.0469018 -0.114686 -0.0240483
internal_weight=2136 1068 1068 664 552 414 404 516 347 138 401 275 126 259
internal_count=2136 1068 1068 664 552 414 404 516 347 138 401 275 126 259
is_linear=0
shrinkage=0.05


Tree=12
num_leaves=15
num_cat=0
split_feature=0 5 5 23 0 23 23 23 0 5 6 0 0 23
split_gain=2045.1 922.055 762.116 471.314 302.18 265.51 248.186 237.882 216.992 205.062 152.721 138.844 100.897 97.3527
threshold=24.805000000000003 679.98000000000013 452.54500000000002 0.72100388094302625 28.080000000000002 0.46038001402560286 0.72100388094302625 0.67165857384232497 22.715000000000003 420.44500000000005 30.380000000000006 23.255000000000006 22.985000000000003 0.94975093725139803
decision_type=2 2 2 2 2 2 2 2 2 2 2 2 2 2
left_child=1 3 7 9 6 12 10 -2 -5 -1 -4 -7 -3 -10
right_child=2 5 4 8 -6 11 -8 -9 13 -11 -12 -13 -14 -15
leaf_value=0.15898083505793389 0.047372114967786261 0.10208332483501484 -0.02490297708119529 0.091274237603848354 -0.20066774412989619 -0.0042443233836951446 -0.11058610751073471 -0.034792620426995435 0.034540388981501267 0.085666241289442807 -0.11536482196869487 -0.07306727391337195 0.012318587868163984 -0.0317317274200948
leaf_weight=161 169 48 223 116 54 139 275 184 135 234 59 155 90 94
leaf_count=161 169 48 223 116 54 139 275 184 135 234 59 155 90 94
internal_value=-7.78609e-11 0.0443712 -0.0539451 0.0782565 -0.0877367 -0.013673 -0.0767883 0.00454404 0.0355594 0.115549 -0.0438294 -0.0405285 0.0435411 0.00733699
internal_weight=2136 1172 964 740 611 432 557 353 345 395 282 294 138 229
internal_count=2136 1172 964 740 611 432 557 353 345 395 282 294 138 229
is_linear=0
shrinkage=0.05


Tree=13
num_leaves=15
num_cat=0
split_feature=5 4 23 23 6 4 23 4 4 6 4 4 4 4
split_gain=1573.17 932.323 576.125 326.077 288.972 336.649 272.558 249.871 203.95 136.946 152.024 132.895 125.199 112.549
threshold=568.63000000000011 24.585000000000004 0.70897861563100306 0.9052873537896472 30.380000000000006 27.025000000000002 0.72100388094302625 28.215000000000003 26.935000000000006 30.380000000000006 24.475000000000005 22.110000000000003 21.925000000000004 22.185000000000006
decision_type=2 2 2 2 2 2 2 2 2 2 2 2 2 2
left_child=1 6 4 8 5 -2 13 9 -3 10 -4 -6 -11 -1
right_child=2 3 7 -5 11 -7 -8 -9 -10 12 -12 -13 -14 -15
leaf_value=0.21694020677257228 0.057281609150655388 0.049036413445181233 0.042698786560107366 -0.053241814161116389 -0.0028771082987077536 -0.032931748089561272 0.057032160872753451 -0.14586475775617622 -0.022481012701474387 -0.04294838194541719 -0.058706241817056359 -0.10589709652794732 -0.14518627516635052 0.12174264170625126
leaf_weight=37 213 319 44 176 48 201 198 115 145 49 231 90 77 193
leaf_count=37 213 319 44 176 48 201 198 115 145 49 231 90 77 193
internal_value=1.44515e-10 0.0429099 -0.0429099 0.00470673 -0.00740424 0.0134824 0.100036 -0.0808927 0.0266872 -0.0622599 -0.0424814 -0.0700641 -0.105427 0.137057
internal_weight=2136 1068 1068 640 552 414 428 516 464 401 275 138 126 230
internal_count=2136 1068 1068 640 552 414 428 516 464 401 275 138 126 230
is_linear=0
shrinkage=0.05


Tree=14
num_leaves=15
num_cat=0
split_feature=5 4 4 6 4 22 22 22 4 22 22 4 4 4
split_gain=1435.94 586.573 583.91 586.345 425.161 276.385 261.593 236.708 206.843 174.69 141.957 103.444 102.07 86.9421
threshold=452.54500000000002 24.515000000000004 28.215000000000003 30.380000000000006 25.895000000000003 0.70517752626968588 0.53038584004487344 0.42471264173135381 21.465000000000003 0.32917936166072764 0.91024686087223017 22.215000000000003 25.685000000000006 30.325000000000003
decision_type=2 2 2 2 2 2 2 2 2 2 2 2 2 2
left_child=1 7 3 4 9 -3 -6 -1 -5 -2 13 -9 -7 -4
right_child=2 5 10 8 6 12 -8 11 -10 -11 -12 -13 -14 -15
leaf_value=0.026771982291710374 -0.027795793525349929 -0.022128771734223219 -0.10842852971611033 -0.0082092960037186118 -0.081658845032060071 0.096707945879962717 -0.0006089754235979758 0.1869843370264227 -0.10816225612302025 0.059022974414484841 -0.044389230129006627 0.10972054592338298 0.028647203547683298 -0.19769127158557667
leaf_weight=78 71 232 138 71 153 90 285 55 191 315 77 204 142 34
leaf_count=78 71 232 138 71 153 90 285 55 191 315 77 204 142 34
internal_value=-7.56509e-11 0.0529252 -0.0317551 -0.0159212 0.00479536 0.0164607 -0.0289209 0.103132 -0.0810758 0.0430537 -0.100814 0.126128 0.0550501 -0.126073
internal_weight=2136 801 1335 1086 824 464 438 337 262 386 249 259 232 172
internal_count=2136 801 1335 1086 824 464 438 337 262 386 249 259 232 172
is_linear=0
shrinkage=0.05


Tree=15
num_leaves=15
num_cat=0
split_feature=0 7 7 22 22 0 22 0 22 0 6 6 0 0
split_gain=1553.94 688.177 563.815 307.547 265.664 245.377 191.643 186.184 179.012 141.879 132.47 110.238 105.437 94.4103
threshold=24.865000000000006 62.400000000000006 62.400000000000006 0.69287764045535594 0.51572537064332258 28.080000000000002 0.74081089433267733 23.025000000000002 0.69287764045535594 22.120000000000001 30.380000000000006 30.380000000000006 22.715000000000003 22.195000000000004
decision_type=2 2 2 2 2 2 2 2 2 2 2 2 2 2
left_child=1 3 6 12 9 8 -2 -6 -4 -3 -9 -10 -1 -5
right_child=2 4 5 13 7 -7 -8 10 11 -11 -12 -13 -14 -15
leaf_value=0.093732382103061201 -0.033026251001589201 0.036595204520865149 -0.096280424034188475 0.18732334002852441 0.070598936778617047 -0.17924211011440666 0.041674872878938916 0.021662926729838019 -0.022116368527288065 -0.056193297175199698 -0.059975518371726648 -0.099869275452761821 0.018354771782210327 0.10904440536521949
leaf_weight=68 179 53 270 48 173 54 165 268 213 185 61 58 146 195
leaf_count=68 179 53 270 48 173 54 165 268 213 185 61 58 146 195
internal_value=-5.31962e-11 0.0377722 -0.0481505 0.0860148 0.00797913 -0.0776101 0.00280423 0.0286071 -0.0674657 -0.0355303 0.00652632 -0.0387572 0.0423065 0.124507
internal_weight=2136 1197 939 457 740 595 344 502 541 238 329 271 214 243
internal_count=2136 1197 939 457 740 595 344 502 541 238 329 271 214 243
is_linear=0
shrinkage=0.05


Tree=16
num_leaves=15
num_cat=0
split_feature=0 7 7 22 22 22 4 0 4 22 4 0 4 6
split_gain=1402.43 633.289 520.728 331.148 252.021 218.932 215.261 174.65 149.533 108.329 105.429 100.574 76.4313 74.847
threshold=24.865000000000006 72.295000000000016 72.295000000000016 0.32917936166072764 0.42471264173135381 0.88768027107944258 24.045000000000005 29.020000000000003 27.595000000000002 0.89546819317495652 20.725000000000005 22.120000000000001 27.635000000000002 14.790000000000001
decision_type=2 2 2 2 2 2 2 2 2 2 2 2 2 2
left_child=1 3 4 -1 12 11 10 9 -6 -4 -5 -3 -2 -8
right_child=2 5 7 6 8 -7 13 -9 -10 -11 -12 -13 -14 -15
leaf_value=-0.0059990338255021484 -0.049981859804154573 0.028876252863556148 -0.1039459548649999 0.21652862537990916 0.025064651676750739 0.03949979343517146 0.088523735798368558 -0.25454087741672993 -0.037963335067759313 -0.042645203948780463 0.10256983886280929 -0.048805509202182296 -0.12987336233258248 0.036628124301717517
leaf_weight=139 119 50 240 22 279 142 99 15.999999999999998 142 103 262 250 40 233
leaf_count=139 119 50 240 22 279 142 99 16 142 103 262 250 40 233
internal_value=-6.05635e-11 0.0358836 -0.045743 0.0637103 -0.0164492 -0.0116484 0.0794401 -0.09307 0.00380581 -0.0855379 0.111398 -0.0358585 -0.0700804 0.052103
internal_weight=2136 1197 939 755 580 442 616 359 421 343 284 300 159 332
internal_count=2136 1197 939 755 580 442 616 359 421 343 284 300 159 332
is_linear=0
shrinkage=0.05


Tree=17
num_leaves=15
num_cat=0
split_feature=0 5 5 0 22 22 22 22 0 6 4 22 0 0
split_gain=1282.33 682.353 381.619 317.217 241.574 219.953 170.993 170.073 125.346 108.095 96.4518 88.0276 86.7126 79.5214
threshold=23.915000000000003 452.54500000000002 452.54500000000002 26.325000000000003 0.74081089433267733 0.69287764045535594 0.69287764045535594 0.51572537064332258 29.360000000000003 30.380000000000006 24.995000000000001 0.89546819317495652 25.445000000000004 26.525000000000002
decision_type=2 2 2 2 2 2 2 2 2 2 2 2 2 2
left_child=2 4 6 5 13 -3 -1 -4 11 -9 -7 -5 -6 -2
right_child=1 3 7 8 12 10 -8 9 -10 -11 -12 -13 -14 -15
leaf_value=0.052709912424220323 -0.00070112825605974651 -0.07111706011431472 -0.017119109621084157 -0.11955189917424172 0.085304400213062764 -0.066066375392533488 0.12777776179087913 0.058441763228406565 -0.22741345405578614 -0.013154041136360982 0.0029151888487143193 -0.051120970420486911 0.024548924212447473 -0.0639676456242355
leaf_weight=139 192 281 174 139 110 63 167 262 20 66 259 71 126 67
leaf_count=139 192 281 174 139 110 63 167 262 20 66 259 71 126 67
internal_value=1.02439e-10 -0.0302187 0.0496664 -0.0578471 0.0162752 -0.0387911 0.0936783 0.0228383 -0.107807 0.0440353 -0.0105812 -0.0964157 0.0528672 -0.0170674
internal_weight=2136 1328 808 833 495 603 306 502 230 328 322 210 236 259
internal_count=2136 1328 808 833 495 603 306 502 230 328 322 210 236 259
is_linear=0
shrinkage=0.05


Tree=18
num_leaves=15
num_cat=0
split_feature=0 6 7 22 22 22 22 0 0 0 6 6 0 0
split_gain=1157.3 623.795 344.412 248.269 243.652 154.321 153.491 140.931 133.848 119.747 97.5559 84.4809 75.2891 74.9442
threshold=23.915000000000003 16.460000000000004 62.400000000000006 0.69287764045535594 0.42471264173135381 0.69287764045535594 0.51572537064332258 26.645000000000003 25.485000000000003 28.110000000000003 30.380000000000006 30.380000000000006 26.545000000000005 22.120000000000001
decision_type=2 2 2 2 2 2 2 2 2 2 2 2 2 2
left_child=2 4 5 9 12 -1 13 11 -6 -3 -8 -5 -2 -4
right_child=1 3 6 7 8 -7 10 -9 -10 -11 -12 -13 -14 -15
leaf_value=0.05007441658595755 -0.026557003662354407 -0.086472181612092636 0.033318270605830654 -0.00019353183489315801 0.051364348685064426 0.12138887311437888 0.055519675163424202 -0.091219066338267221 -0.0013029776029681497 -0.21001787639799574 -0.012496339346310406 -0.064234974321679794 -0.10412459260806806 -0.037980638317425146
leaf_weight=139 132 297 53 203 234 167 262 82 249 21 66 69 41 121
leaf_count=139 132 297 53 203 234 167 262 82 249 21 66 69 41 121
internal_value=-1.25258e-10 -0.0287078 0.047183 -0.0625656 0.00597589 0.0889944 0.0216964 -0.0337612 0.0242129 -0.0946309 0.0418335 -0.0164393 -0.0449401 -0.0162632
internal_weight=2136 1328 808 672 656 306 502 354 483 318 328 272 173 174
internal_count=2136 1328 808 672 656 306 502 354 483 318 328 272 173 174
is_linear=0
shrinkage=0.05


Tree=19
num_leaves=15
num_cat=0
split_feature=5 23 23 5 23 6 23 6 23 5 23 23 5 23
split_gain=915.19 482.731 294.077 247.334 108.928 71.2377 98.7009 68.7044 67.3275 41.1885 40.5302 77.6699 35.1434 27.3655
threshold=679.98000000000013 0.9052873537896472 0.44504239796885176 420.44500000000005 0.41397665785662119 30.380000000000006 0.94422823979932036 30.380000000000006 0.38242094458159287 380.89500000000004 0.94975093725139803 0.98663965293901656 380.89500000000004 0.98369513783825568
decision_type=2 2 2 2 2 2 2 2 2 2 2 2 2 2
left_child=1 3 7 4 9 6 -4 -2 -5 -1 -3 -12 -6 -8
right_child=2 10 5 8 12 -7 13 -9 -10 -11 11 -13 -14 -15
leaf_value=0.13349186915159225 0.022456212924149486 0.00032900630363396239 -0.033782370984166241 0.045711496490102199 0.034333118770131461 -0.08751003832295938 -0.11593199242596273 -0.033942002189104203 0.010383506173518239 0.081090553131420162 -0.06200131334088467 -0.0046635901852555223 0.072129847534091726 -0.064045502916754538
leaf_weight=75 162 105 270 207 123 186 54 81 387 75 135 105 123 48
leaf_count=75 162 105 270 207 123 186 54 81 387 75 135 105 123 48
internal_value=-5.98073e-11 0.0253513 -0.0422522 0.0431003 0.0737087 -0.0622448 -0.0496122 0.00365681 0.0226948 0.107291 -0.0255806 -0.0369161 0.0532315 -0.0915148
internal_weight=2136 1335 801 990 396 558 372 243 594 150 345 240 246 102
internal_count=2136 1335 801 990 396 558 372 243 594 150 345 240 246 102
is_linear=0
shrinkage=0.05


Tree=20
num_leaves=15
num_cat=0
split_feature=0 5 5 0 4 22 22 22 22 0 22 0 0 0
split_gain=1046.6 448.668 359.834 225.594 212.008 190.595 153.303 149.559 132.96 95.2082 66.2571 65.8436 65.0964 63.4002
threshold=24.405000000000005 452.54500000000002 679.98000000000013 26.645000000000003 22.215000000000003 0.72914769978834015 0.74081089433267733 0.69287764045535594 0.88768027107944258 29.360000000000003 0.89546819317495652 26.815000000000001 28.630000000000006 22.120000000000001
decision_type=2 2 2 2 2 2 2 2 2 2 2 2 2 2
left_child=2 6 4 7 -1 -6 12 -3 13 10 -5 -8 -2 -4
right_child=1 3 8 9 5 -7 11 -9 -10 -11 -12 -13 -14 -15
leaf_value=0.13050081759448284 -0.014388312351733238 -0.066897899054236862 0.028133133336901667 -0.11495696334599484 0.017377627583567142 0.07699883799986601 0.05737989720894815 -0.013826633813174763 0.042223067037884594 -0.20745324909687046 -0.048325572626077035 -0.0081412049261136692 -0.14490482389926912 -0.034753005356887488
leaf_weight=92 214 265 50 108 258 279 146 266 117 20 57 52 9.9999999999999982 202
leaf_count=92 214 265 50 108 258 279 146 266 117 20 57 52 10 202
internal_value=5.28175e-11 -0.0327758 0.0373736 -0.0568782 0.0603691 0.048354 0.00811842 -0.0403123 -0.0018248 -0.104427 -0.0919388 0.0401723 -0.0202149 -0.0222756
internal_weight=2136 1138 998 716 629 537 422 531 369 185 165 198 224 252
internal_count=2136 1138 998 716 629 537 422 531 369 185 165 198 224 252
is_linear=0
shrinkage=0.05


Tree=21
num_leaves=15
num_cat=0
split_feature=0 5 5 23 0 0 23 23 0 4 0 23 23 4
split_gain=950.88 410.657 329.161 207.107 200.767 158.329 168.479 127.426 121.715 97.6768 85.9955 74.6905 72.918 72.7455
threshold=24.945000000000004 452.54500000000002 679.98000000000013 0.93234632485081093 23.025000000000002 28.630000000000006 0.94422823979932036 0.76693674423623703 29.020000000000003 22.185000000000006 20.295000000000005 0.63255009372278048 0.39825772665344078 23.170000000000005
decision_type=2 2 2 2 2 2 2 2 2 2 2 2 2 2
left_child=1 3 5 9 10 6 -2 13 -4 -1 -3 -12 -11 -6
right_child=2 4 8 -5 7 -7 -8 -9 -10 12 11 -13 -14 -15
leaf_value=0.14435459836903547 0.0066584785393774288 0.13054515717861553 -0.07073497871969299 0.0011365729579702021 -0.044877698481806359 -0.10961329677119487 -0.066017687873152847 -0.04580866713279156 -0.21192439608275893 0.10347785119129266 0.064046082158744772 0.0084419015901839381 0.053690547211091122 0.018193241572203901
leaf_weight=54 410 24 332 100 56 41 99 187 15.999999999999998 115 103 146 204 249
leaf_count=54 410 24 332 100 56 41 99 187 16 115 103 146 204 249
internal_value=-2.94581e-11 0.0284125 -0.0391701 0.0650352 0.00576875 -0.0150908 -0.00747696 -0.0133115 -0.0772264 0.0821661 0.0401551 0.0314428 0.0716389 0.006613
internal_weight=2136 1238 898 473 765 550 509 492 348 373 273 249 319 305
internal_count=2136 1238 898 473 765 550 509 492 348 373 273 249 319 305
is_linear=0
shrinkage=0.05


Tree=22
num_leaves=15
num_cat=0
split_feature=0 7 6 0 22 0 22 22 4 22 0 6 4 22
split_gain=870.075 438.65 245.908 226.815 160.301 148.933 162.663 138.685 109.948 87.5102 86.2954 66.0296 64.2472 61.7036
threshold=23.915000000000003 62.400000000000006 14.790000000000001 26.325000000000003 0.74081089433267733 21.265000000000004 0.72914769978834015 0.53038584004487344 24.995000000000001 0.90299113182541202 29.360000000000003 30.380000000000006 27.485000000000003 0.89546819317495652
decision_type=2 2 2 2 2 2 2 2 2 2 2 2 2 2
left_child=2 4 9 7 -2 -4 -7 -3 -9 -1 13 -8 -6 -5
right_child=1 3 5 10 12 6 11 8 -10 -11 -12 -13 -14 -15
leaf_value=0.065793188880962236 -0.014774652316923161 -0.065095801955327659 0.087328534880765238 -0.099207547746545124 0.054856664416653295 -0.012953607524402664 0.053501006266950368 -0.065789478417576805 -0.00093803727491006776 0.13613116628292837 -0.18853059202432632 -0.014816424901974165 -0.011552827428612446 -0.041914984678626588
leaf_weight=134 259 199 83 139 191 259 224 82 322 66 20 42 45 71
leaf_count=134 259 199 83 139 191 259 224 82 322 66 20 42 45 71
internal_value=-4.83061e-11 -0.0248917 0.0409111 -0.0470435 0.0123861 0.0250908 0.0152513 -0.0309301 -0.014101 0.0890047 -0.0892888 0.042714 0.0421938 -0.0798372
internal_weight=2136 1328 808 833 495 608 525 603 404 200 230 266 236 210
internal_count=2136 1328 808 833 495 608 525 603 404 200 230 266 236 210
is_linear=0
shrinkage=0.05


Tree=23
num_leaves=15
num_cat=0
split_feature=0 5 22 4 5 0 22 4 0 22 22 22 0 4
split_gain=795.784 448.24 241.912 205.88 187.246 170.239 122.871 113.508 94.8845 87.8551 77.4179 73.1547 53.2897 50.9581
threshold=23.475000000000005 679.98000000000013 0.32917936166072764 26.885000000000002 679.98000000000013 26.645000000000003 0.74081089433267733 21.465000000000003 28.630000000000006 0.91723323322845218 0.53038584004487344 0.88768027107944258 29.020000000000003 25.985000000000003
decision_type=2 2 2 2 2 2 2 2 2 2 2 2 2 2
left_child=4 2 -2 9 7 6 -3 -1 -5 -4 -9 -6 -7 -8
right_child=1 5 3 8 11 12 13 10 -10 -11 -12 -13 -14 -15
leaf_value=0.14115994065365894 -0.050023015563584905 -0.066065246578657699 0.017417561716730381 -0.010680288988642577 -0.0064145568489926176 -0.094985397777400254 -0.048111094543327619 0.026866331016272307 -0.097675948927330003 0.061354655785116313 0.075982486760767645 0.055592019497347413 -0.19319722503423692 0.002994408939971405
leaf_weight=47 183 233 344 205 164 101 73 125 37 170 224 67 15.999999999999998 147
leaf_count=47 183 233 344 205 164 101 73 125 37 170 224 67 16 147
internal_value=4.76507e-11 -0.0196723 0.00155937 0.0140456 0.0473454 -0.0546488 -0.0407619 0.0682144 -0.0239813 0.0319493 0.0583907 0.01157 -0.108416 -0.0139633
internal_weight=2136 1509 939 756 627 570 453 396 242 514 349 231 117 220
internal_count=2136 1509 939 756 627 570 453 396 242 514 349 231 117 220
is_linear=0
shrinkage=0.05


Tree=24
num_leaves=15
num_cat=0
split_feature=0 5 5 22 22 22 0 4 0 4 0 5 22 22
split_gain=719.889 321.191 247.167 170.653 147.509 125.352 108.061 105.737 98.0113 79.8166 60.0136 55.9184 50.031 49.0843
threshold=24.945000000000004 568.63000000000011 679.98000000000013 0.31288844364721724 0.88768027107944258 0.5009122898073749 22.120000000000001 22.185000000000006 27.045000000000005 28.215000000000003 22.985000000000003 420.44500000000005 0.9239481815140983 0.69287764045535594
decision_type=2 2 2 2 2 2 2 2 2 2 2 2 2 2
left_child=1 3 5 -1 6 -2 -3 -5 13 12 -6 -9 -7 -4
right_child=2 4 8 7 10 9 -8 11 -10 -11 -12 -13 -14 -15
leaf_value=-0.004987108157465941 -0.049210224950469901 0.034890558694988638 -0.073029427359818572 0.1197483160789462 0.075719131541545276 0.00075571612349706655 -0.030454047604172085 0.071041352923630799 -0.11602398360831828 -0.039161334503230387 0.015961825348462702 0.035552646969937075 0.044739729268500623 -0.030263018756522798
leaf_weight=116 168 78 141 69 61 198 335 221 79 88 135 223 96 128
leaf_count=116 168 78 141 69 61 198 335 221 79 88 135 223 96 128
internal_value=-8.37422e-11 0.0247218 -0.0340819 0.0497814 -0.0011608 -0.0132161 -0.0181129 0.0621657 -0.0670595 0.00261374 0.0345598 0.0532171 0.0151178 -0.0526796
internal_weight=2136 1238 898 629 609 550 413 513 348 382 196 444 294 269
internal_count=2136 1238 898 629 609 550 413 513 348 382 196 444 294 269
is_linear=0
shrinkage=0.05


Tree=25
num_leaves=15
num_cat=0
split_feature=5 4 22 22 4 4 22 22 4 6 4 22 22 6
split_gain=533.496 459.696 217.126 190.253 106.953 106.211 92.6093 81.6197 79.6969 109.285 86.5866 74.0743 50.3364 49.3945
threshold=679.98000000000013 25.685000000000006 0.32917936166072764 0.89546819317495652 22.185000000000006 30.065000000000001 0.32917936166072764 0.91723323322845218 28.720000000000002 30.380000000000006 24.220000000000002 0.31288844364721724 0.16269055358644466 30.380000000000006
decision_type=2 2 2 2 2 2 2 2 2 2 2 2 2 2
left_child=1 2 12 8 -4 6 -3 -6 9 11 -11 -2 -1 -5
right_child=3 5 4 13 7 -7 -8 -9 -10 10 -12 -13 -14 -15
leaf_value=0.026299593851435932 -0.062795472106065703 -0.053558650746941577 0.11331688535213472 0.020606553981103649 0.035351915640156654 -0.11012478367026364 -0.00015070865255145232 0.075636120016853783 -0.089793626098738366 -0.052119325895551342 -0.136849077751762 -0.0043978517429957937 -0.032566244797983576 -0.027213765772197536
leaf_weight=60 74 100 75 162 354 28 431 195 96 146 38 204 92 81
leaf_count=60 74 100 75 162 354 28 431 195 96 146 38 204 92 81
internal_value=-4.94057e-12 0.0193558 0.0442581 -0.0322596 0.0573115 -0.0152134 -0.0102087 0.0496605 -0.0483403 -0.0397267 -0.0696179 -0.0199425 -0.00932973 0.00466645
internal_weight=2136 1335 776 801 624 559 531 549 558 462 184 278 152 243
internal_count=2136 1335 776 801 624 559 531 549 558 462 184 278 152 243
is_linear=0
shrinkage=0.05


Tree=26
num_leaves=15
num_cat=0
split_feature=4 6 22 4 22 4 4 22 4 22 4 4 4 22
split_gain=498.291 568.64 286.086 186.749 140.725 96.9088 76.598 74.3808 73.2923 72.8587 51.2545 46.8811 30.6573 29.1017
threshold=26.855000000000004 30.380000000000006 0.32917936166072764 24.455000000000002 0.53038584004487344 20.845000000000002 21.465000000000003 0.16269055358644466 29.380000000000006 0.91723323322845218 24.355000000000004 29.855000000000004 23.765000000000004 0.89546819317495652
decision_type=2 2 2 2 2 2 2 2 2 2 2 2 2 2
left_child=1 2 7 6 11 -3 -4 -1 13 -5 -7 -2 -9 -6
right_child=4 5 3 9 8 10 -8 12 -10 -11 -12 -13 -14 -15
leaf_value=0.015912052078941918 -0.062608128126485502 0.012674641682921598 0.13029639897021381 0.011889981568710137 -0.023614358755452706 -0.052739672399775096 0.060323684605927241 0.011712727148424956 -0.063318382149062505 0.048653406529821717 -0.11144304637176294 -0.13695472578207654 -0.051100168543029581 0.0058125051222741612
leaf_weight=92 182 48 44 409 191 165 352 23 82 201 48 24 125 150
leaf_count=92 182 48 44 409 191 165 352 23 82 201 48 24 125 150
internal_value=-1.92513e-11 0.015602 0.029659 0.0413611 -0.0373802 -0.0515055 0.0680984 -0.0193926 -0.0208761 0.0240038 -0.0659686 -0.0712699 -0.0413387 -0.01067
internal_weight=2136 1507 1246 1006 629 261 396 240 423 610 213 206 148 341
internal_count=2136 1507 1246 1006 629 261 396 240 423 610 213 206 148 341
is_linear=0
shrinkage=0.05


Tree=27
num_leaves=15
num_cat=0
split_feature=0 5 0 23 5 23 0 0 23 0 23 6 0 6
split_gain=569.857 325.694 168.862 146.128 129.071 110.522 89.2168 69.9919 69.8789 57.5952 56.4335 51.9572 45.5862 44.4218
threshold=23.475000000000005 452.54500000000002 26.125000000000004 0.72100388094302625 420.44500000000005 0.46038001402560286 20.295000000000005 29.360000000000003 0.70897861563100306 25.485000000000003 0.44504239796885176 30.380000000000006 27.680000000000003 30.380000000000006
decision_type=2 2 2 2 2 2 2 2 2 2 2 2 2 2
left_child=4 3 5 9 10 -3 -6 13 -8 -2 -1 -7 -5 -4
right_child=1 2 7 12 6 11 8 -9 -10 -11 -12 -13 -14 -15
leaf_value=0.12052228748798371 0.058221499186079467 0.0073814502089849816 -0.050580427707243851 -0.0071774794574594129 0.10880723134163889 -0.027549545736600557 0.040346637401169387 -0.15836863517761232 0.00033482971448910322 0.013812471739430393 0.057623038749831428 -0.071279205820040714 -0.083900781539047065 -0.10422146634664387
leaf_weight=54 159 224 197 248 31 374 226 20 211 135 105 83 21 48
leaf_count=54 159 224 197 248 31 374 226 20 211 135 105 83 21 48
internal_value=-2.97388e-11 -0.0166472 -0.0345672 0.0134635 0.0400648 -0.0213895 0.0268419 -0.0684315 0.0210274 0.0378296 0.078985 -0.0354917 -0.013167 -0.0610897
internal_weight=2136 1509 946 563 627 681 468 265 437 294 159 457 269 245
internal_count=2136 1509 946 563 627 681 468 265 437 294 159 457 269 245
is_linear=0
shrinkage=0.05


Tree=28
num_leaves=15
num_cat=0
split_feature=0 5 0 23 5 23 0 6 23 6 0 23 23 0
split_gain=514.296 293.939 153.203 131.881 116.487 111.045 80.5181 76.3596 63.0657 60.6151 52.095 50.9312 46.0189 42.1898
threshold=23.475000000000005 452.54500000000002 26.475000000000005 0.72100388094302625 420.44500000000005 0.84771273534009206 20.295000000000005 30.380000000000006 0.70897861563100306 30.380000000000006 25.445000000000004 0.44504239796885176 0.39825772665344078 26.525000000000002
decision_type=2 2 2 2 2 2 2 2 2 2 2 2 2 2
left_child=4 3 5 10 11 7 -6 -3 -8 12 -2 -1 -4 -5
right_child=1 2 9 13 6 -7 8 -9 -10 -11 -12 -13 -14 -15
leaf_value=0.11449617357165726 0.056005832866569773 0.0015391498032692411 -0.019128396551845211 -0.0016716935786594085 0.1033668682459862 -0.049500959409434893 0.038329305497525612 -0.047805909758281646 0.00031808833536466855 -0.12765906500188928 0.013863632878554719 0.054741886777892004 -0.075141667980043333 -0.04869022841655439
leaf_weight=54 154 392 53 207 31 246 226 98 211 38 140 105 119 62
leaf_count=54 154 392 53 207 31 246 226 98 211 38 140 105 119 62
internal_value=-9.91942e-11 -0.0158148 -0.0328389 0.0127904 0.0380616 -0.0220909 0.0254998 -0.00832986 0.0199761 -0.0705081 0.0359381 0.0750358 -0.0578818 -0.0125087
internal_weight=2136 1509 946 563 627 736 468 490 437 210 294 159 172 269
internal_count=2136 1509 946 563 627 736 468 490 437 210 294 159 172 269
is_linear=0
shrinkage=0.05


Tree=29
num_leaves=15
num_cat=0
split_feature=0 7 22 0 0 0 22 6 6 22 6 22 6 22
split_gain=467.918 282.413 170.928 133.502 106.804 96.6392 85.8106 84.3879 80.5927 50.8207 46.2922 33.9661 33.195 26.9543
threshold=23.275000000000002 72.295000000000016 0.32917936166072764 28.485000000000003 27.045000000000005 20.495000000000005 0.64166506163122816 14.790000000000001 14.790000000000001 0.51572537064332258 30.380000000000006 0.90299113182541202 30.380000000000006 0.16269055358644466
decision_type=2 2 2 2 2 2 2 2 2 2 2 2 2 2
left_child=5 2 13 7 6 -1 -3 -4 -7 -10 -8 -6 -11 -2
right_child=1 4 3 -5 11 8 10 -9 9 12 -12 -13 -14 -15
leaf_value=0.10745250532802726 -0.014361245135790599 -0.055869299871220579 0.037831196471758678 -0.077429357228370813 -0.11703473336442755 0.06836212752759456 -0.001321984574960297 0.0039873929416994885 -0.0024904092987654385 0.045783184412661021 -0.043167237556130833 -0.046542810872197152 -0.0026376433871601792 -0.053777121826703467
leaf_weight=49 67 223 305 39 54 125 203 465 135 181 98 25 44 123
leaf_count=49 67 223 305 39 54 125 203 465 135 181 98 25 44 123
internal_value=-3.58382e-11 -0.0135112 0.00279892 0.0128219 -0.0405324 0.0405336 -0.0323618 0.0173931 0.0337727 0.0217625 -0.014946 -0.0947272 0.0363142 -0.0398778
internal_weight=2136 1602 999 809 603 534 524 770 485 360 301 79 225 190
internal_count=2136 1602 999 809 603 534 524 770 485 360 301 79 225 190
is_linear=0
shrinkage=0.05


Tree=30
num_leaves=15
num_cat=0
split_feature=4 8 22 4 22 22 4 22 4 22 4 4 22 7
split_gain=351.69 408.347 211.335 128.082 105.225 77.441 65.4311 60.9409 52.1421 50.174 36.3068 33.4874 25.8891 36.4318
threshold=26.855000000000004 17.745000000000005 0.32917936166072764 23.395000000000003 0.53038584004487344 0.9239481815140983 20.845000000000002 0.16269055358644466 30.175000000000004 0.9239481815140983 28.835000000000004 24.355000000000004 0.89546819317495652 92.320000000000007
decision_type=2 2 2 2 2 2 2 2 2 2 2 2 2 2
left_child=1 2 7 9 10 -5 -3 -1 12 -4 -2 -8 13 -6
right_child=4 6 3 5 8 -7 11 -9 -10 -11 -12 -13 -14 -15
leaf_value=0.014816844283157719 -0.047882923914740486 0.0089760609383423198 0.056167068413191745 0.015322955763642591 -0.010887351495072341 0.048018869097794889 -0.044951710202131484 -0.037004084267804549 -0.067388057085159034 0.11352018961288896 -0.09506293481348882 -0.092401865675734982 0.0036139557795000395 -0.059491100299226884
leaf_weight=92 150 48 143 538 158 273 165 148 46 52 56 48 168 51
leaf_count=92 150 48 143 538 158 273 165 148 46 52 56 48 168 51
internal_value=-6.74375e-11 0.0131074 0.0250196 0.0350774 -0.0314037 0.0263291 -0.0437604 -0.0171394 -0.0171323 0.0714612 -0.0607086 -0.0556447 -0.0110003 -0.0227476
internal_weight=2136 1507 1246 1006 629 811 261 240 423 195 206 213 377 209
internal_count=2136 1507 1246 1006 629 811 261 240 423 195 206 213 377 209
is_linear=0
shrinkage=0.05


Tree=31
num_leaves=15
num_cat=0
split_feature=0 7 6 0 22 0 22 22 0 22 4 22 6 0
split_gain=388.853 187.89 137.425 99.4123 99.0203 95.2208 71.1908 59.3146 49.545 41.4991 41.4705 38.8689 37.9673 34.6552
threshold=25.005000000000006 62.400000000000006 14.790000000000001 29.360000000000003 0.91024686087223017 22.985000000000003 0.74081089433267733 0.64166506163122816 22.715000000000003 0.36146417736073544 22.185000000000006 0.82594856731250699 30.380000000000006 28.010000000000002
decision_type=2 2 2 2 2 2 2 2 2 2 2 2 2 2
left_child=1 4 13 6 8 11 -4 -7 -1 -10 -6 -3 -8 -2
right_child=2 5 3 -5 10 7 12 -9 9 -11 -12 -13 -14 -15
leaf_value=0.057014816325808904 0.016930029588449445 0.012269417918707996 -0.049151815785776459 -0.13687550996740658 0.15382753312587738 -0.030878339996036397 -0.0077319082456626127 0.0037071488018124072 -0.015289821757314108 0.029441026663698723 0.068173584389723527 0.051979988005620481 -0.055429147196933627 -0.04579025303572417
leaf_weight=103 185 166 333 24 15.999999999999998 204 252 316 75 168 121 98 50 25
leaf_count=103 185 166 333 24 16 204 252 316 75 168 121 98 50 25
internal_value=2.15377e-11 0.0176679 -0.0257597 -0.036984 0.042199 0.0025549 -0.0332086 -0.009861 0.0279534 0.0156352 0.078177 0.0270105 -0.0156288 0.00946333
internal_weight=2136 1267 869 659 483 784 635 520 346 243 137 264 302 210
internal_count=2136 1267 869 659 483 784 635 520 346 243 137 264 302 210
is_linear=0
shrinkage=0.05


Tree=32
num_leaves=15
num_cat=0
split_feature=0 5 22 22 4 0 0 7 22 8 4 22 0 22
split_gain=353.693 217.141 113.999 108.102 83.5424 81.3024 79.0515 65.4103 44.8923 43.5799 43.2986 41.4832 33.7212 22.2729
threshold=23.275000000000002 568.63000000000011 0.88768027107944258 0.36146417736073544 26.345000000000002 20.495000000000005 27.610000000000003 92.320000000000007 0.53038584004487344 17.745000000000005 29.515000000000004 0.91723323322845218 26.175000000000004 0.88768027107944258
decision_type=2 2 2 2 2 2 2 2 2 2 2 2 2 2
left_child=5 3 6 -2 11 -1 9 8 -7 -3 -6 -5 -4 -9
right_child=1 2 12 4 10 7 -8 13 -10 -11 -12 -13 -14 -15
leaf_value=0.096620161998636878 -0.028906579248030629 -0.029529119245872554 0.0075079010898927954 0.017899293312448796 -0.0010753940758457528 0.017410269765379623 -0.11082305376417936 -0.014477564939873552 0.053807318909827886 -0.064070754607673738 -0.074959346279501918 0.05128372993009786 -0.033608721593506079 0.033335386908076935
leaf_weight=49 168 382 195 263 201 137 40 93 222 120 22 144 67 33
leaf_count=49 168 382 195 263 201 137 40 93 222 120 22 144 67 33
internal_value=6.68203e-11 -0.0117469 -0.0300862 0.00673033 0.0162335 0.0352406 -0.0431763 0.0290394 0.0399176 -0.0377861 -0.00836439 0.029711 -0.00300666 -0.00195513
internal_weight=2136 1602 804 798 630 534 542 485 359 502 223 407 262 126
internal_count=2136 1602 804 798 630 534 542 485 359 502 223 407 262 126
is_linear=0
shrinkage=0.05


Tree=33
num_leaves=15
num_cat=0
split_feature=5 22 4 6 4 22 5 4 4 4 6 4 22 4
split_gain=278.714 160.301 122 121.823 107.761 94.3025 47.9599 47.2607 46.9558 42.0897 34.7604 62.3237 31.6396 24.7771
threshold=420.44500000000005 0.9239481815140983 28.595000000000002 30.380000000000006 25.035000000000004 0.89546819317495652 380.89500000000004 22.185000000000006 23.895000000000003 26.345000000000002 30.380000000000006 25.555000000000003 0.31288844364721724 25.525000000000002
decision_type=2 2 2 2 2 2 2 2 2 2 2 2 2 2
left_child=5 2 3 4 -2 6 9 -7 -5 -1 11 -3 -8 -9
right_child=1 10 -4 8 -6 7 12 13 -10 -11 -12 -13 -14 -15
leaf_value=0.010915286211290749 0.019397703997319476 0.049349287276121756 -0.062238898795614075 -0.034935169648921023 -0.018304886274151572 0.14766579747200012 0.0004040700732730329 0.070832706024973754 -0.091125698190182458 -0.049939130134880549 -0.016031535814745704 0.005805154909432445 0.047532387941306375 0.028702324942538618
leaf_weight=151 287 135 148 145 558 14.999999999999998 48 90 50 35 69 210 138 57
leaf_count=151 287 135 148 145 558 15 48 90 50 35 69 210 138 57
internal_value=-4.37293e-11 -0.0104277 -0.0197645 -0.0137201 -0.00549939 0.0312831 0.0174172 0.0631232 -0.049343 -0.000535814 0.0163649 0.0228442 0.0353702 0.0544964
internal_weight=2136 1602 1188 1040 845 534 372 162 195 186 414 345 186 147
internal_count=2136 1602 1188 1040 845 534 372 162 195 186 414 345 186 147
is_linear=0
shrinkage=0.05


Tree=34
num_leaves=15
num_cat=0
split_feature=0 22 5 6 0 0 0 22 0 6 6 0 7 22
split_gain=299.968 188.713 121.313 87.107 71.6766 58.9424 55.8666 53.6198 36.0416 34.99 33.9515 30.2598 26.3694 26.3009
threshold=23.275000000000002 0.69287764045535594 452.54500000000002 16.055000000000003 20.750000000000004 28.110000000000003 27.005000000000006 0.7522548710148802 27.300000000000001 30.380000000000006 13.005000000000001 26.525000000000002 68.540000000000006 0.31288844364721724
decision_type=2 2 2 2 2 2 2 2 2 2 2 2 2 2
left_child=4 3 8 11 -1 13 9 10 -3 -4 -6 -2 -9 -5
right_child=1 2 6 5 7 -7 -8 12 -10 -11 -12 -13 -14 -15
leaf_value=0.080408125524135204 0.0016097634768409627 0.035943871643561137 0.004203598613704315 -0.053324184165469239 0.057023495607868291 -0.11722226297855379 -0.047278049110048792 0.061374101189300249 -0.015371934888072503 -0.031018682630550673 0.0026044178209395723 -0.037997902522704775 0.026352537938833444 -0.028328416090649129
leaf_weight=68 217 279 372 175 33 25 82 107 39 87 218 62 108 264
leaf_count=68 217 279 372 175 33 25 82 107 39 87 218 62 108 264
internal_value=-1.71516e-11 -0.010818 0.0051422 -0.0292699 0.0324539 -0.0425452 -0.00926375 0.0254563 0.0296504 -0.00247252 0.00975912 -0.00719194 0.0437819 -0.0382926
internal_weight=2136 1602 859 743 534 464 541 466 318 459 251 279 215 439
internal_count=2136 1602 859 743 534 464 541 466 318 459 251 279 215 439
is_linear=0
shrinkage=0.05


Tree=35
num_leaves=15
num_cat=0
split_feature=0 5 23 0 6 0 23 6 23 23 4 4 0 6
split_gain=277.366 169.848 95.202 85.1725 84.0645 73.3323 69.2811 65.6936 66.4945 54.4657 29.9819 26.3685 25.9929 22.5511
threshold=25.615000000000006 420.44500000000005 0.94975093725139803 29.360000000000003 30.380000000000006 22.985000000000003 0.86545531305655499 30.380000000000006 0.84771273534009206 0.98663965293901656 20.725000000000005 29.145000000000003 22.380000000000006 13.005000000000001
decision_type=2 2 2 2 2 2 2 2 2 2 2 2 2 2
left_child=1 6 4 7 5 -3 10 8 11 -4 -1 -2 -6 -10
right_child=3 2 9 -5 12 -7 -8 -9 13 -11 -12 -13 -14 -15
leaf_value=0.13282313868403436 0.0012336057853270391 0.041145294670069832 -0.049030140190436618 -0.1107356288532416 0.018334973709465102 0.0063535880151483499 0.0098962438682745398 -0.069729787781834612 -0.0029663287550210954 0.0014892259220410462 0.051830226988395268 -0.030390316415471082 -0.034053032661972266 -0.055057300253756103
leaf_weight=11.999999999999998 272 206 127 30 29 572 123 70 25 92 239 87 129 123
leaf_count=12 272 206 127 30 29 572 123 70 25 92 239 87 129 123
internal_value=2.1912e-11 0.0113524 0.00186947 -0.028596 0.00881309 0.0155658 0.0406378 -0.0243253 -0.0180565 -0.0278074 0.0557024 -0.00643013 -0.0244375 -0.0462581
internal_weight=2136 1529 1155 607 936 778 374 577 507 219 251 359 158 148
internal_count=2136 1529 1155 607 936 778 374 577 507 219 251 359 158 148
is_linear=0
shrinkage=0.05


Tree=36
num_leaves=15
num_cat=0
split_feature=0 6 0 6 22 0 22 22 6 0 22 4 0 6
split_gain=251.663 122.177 91.5834 80.498 74.5216 64.2861 54.4009 51.3509 48.3361 45.1077 26.5569 24.7796 23.2331 23.1722
threshold=25.005000000000006 16.460000000000004 28.860000000000003 14.790000000000001 0.88768027107944258 22.315000000000001 0.31288844364721724 0.31288844364721724 30.380000000000006 22.120000000000001 0.16269055358644466 20.615000000000006 22.985000000000003 14.790000000000001
decision_type=2 2 2 2 2 2 2 2 2 2 2 2 2 2
left_child=1 5 3 -2 9 11 -7 10 -9 -3 -5 -1 -6 -8
right_child=2 4 -4 7 12 6 13 8 -10 -11 -12 -13 -14 -15
leaf_value=0.11709517135339625 0.010756878303077384 0.021043164865710798 -0.085062730883677995 -0.026601746911678388 0.049434430988841371 -0.011968604472883958 0.041283878531972858 -0.011857141089819591 -0.054270653768908231 -0.021025931857420591 -0.075333703190520185 0.052384523921564487 0.012379561845159186 0.017596888178462181
leaf_weight=17 202 78 52 47 61 98 207 419 80 348 69 114 138 206
leaf_count=17 202 78 52 47 61 98 207 419 80 348 69 114 138 206
internal_value=-5.23036e-12 0.0142135 -0.0207232 -0.0166282 -0.00152284 0.0295331 0.0215221 -0.0256229 -0.0186569 -0.0133231 -0.0555889 0.0607821 0.0237381 0.0294691
internal_weight=2136 1267 869 817 625 642 511 615 499 426 116 131 199 413
internal_count=2136 1267 869 817 625 642 511 615 499 426 116 131 199 413
is_linear=0
shrinkage=0.05


Tree=37
num_leaves=15
num_cat=0
split_feature=4 6 4 24 24 4 4 4 24 6 4 4 9 4
split_gain=194.611 226.377 108.732 92.3248 62.4604 37.2542 31.8952 27.4878 26.9681 21.7814 19.8295 19.0461 18.7183 21.0218
threshold=26.985000000000003 30.380000000000006 22.945000000000004 1.5000000000000002 1.5000000000000002 20.845000000000002 25.615000000000006 30.175000000000004 2.5000000000000004 13.005000000000001 24.825000000000003 28.685000000000006 0.46000000000000002 28.215000000000003
decision_type=2 2 2 2 2 2 2 2 2 2 2 2 2 2
left_child=1 2 8 9 11 -3 -5 12 -1 -4 -7 -2 -6 -14
right_child=4 5 3 6 7 10 -8 -9 -10 -11 -12 -13 13 -15
leaf_value=0.042979154739459624 -0.037248328893930024 0.0066766402422217654 0.018985115328142722 0.030843019922729583 -0.0056630163380021314 -0.036027209601256209 0.0096889639709350044 -0.049434758913009726 0.087607244021715006 -0.013488056455191806 -0.080511640988547239 -0.071419866743390681 -0.0098716598802379187 -0.10223821184851907
leaf_weight=121 123 48 62 450 335 184 295 47 47 309 29 61 14.000000000000002 10.999999999999998
leaf_count=121 123 48 62 450 335 184 295 47 47 309 29 61 14 11
internal_value=-1.05305e-10 0.00933432 0.0179633 0.012318 -0.0244019 -0.0331163 0.0224666 -0.0134726 0.0554644 -0.00806127 -0.0420838 -0.0485769 -0.00877759 -0.0505129
internal_weight=2136 1545 1284 1116 591 261 745 407 168 371 213 184 360 25
internal_count=2136 1545 1284 1116 591 261 745 407 168 371 213 184 360 25
is_linear=0
shrinkage=0.05


Tree=38
num_leaves=15
num_cat=0
split_feature=0 5 22 22 0 0 0 22 6 4 5 6 5 22
split_gain=211.246 140.669 85.3969 58.4779 58.4395 57.6603 46.9197 46.1576 40.3689 26.5434 26.4163 25.7673 24.725 23.1161
threshold=26.070000000000004 420.44500000000005 0.69287764045535594 0.89546819317495652 21.265000000000004 29.360000000000003 22.795000000000005 0.93655593853549179 13.005000000000001 22.185000000000006 380.89500000000004 30.380000000000006 679.98000000000013 0.31288844364721724
decision_type=2 2 2 2 2 2 2 2 2 2 2 2 2 2
left_child=1 3 4 10 -3 7 -4 8 -2 -5 -1 -8 -6 -12
right_child=5 2 6 9 12 -7 11 -9 -10 -11 13 -13 -14 -15
leaf_value=0.0061351225351147058 0.0076357896637131014 0.037940683132037523 0.039059008168271528 0.12414678295453391 -0.0077846929302054892 -0.097630882958571127 0.010382539266880278 0.0027952405054210909 -0.043135214253672234 0.053282676947613565 0.0034409336172617402 -0.019321500840958145 -0.028912717990330308 0.048579377076105004
leaf_weight=148 46 50 130 14.999999999999998 273 30 454 105 263 111 39 87 281 104
leaf_count=148 46 50 130 15 273 30 454 105 263 111 39 87 281 104
internal_value=-3.04008e-11 0.00805481 -0.000190029 0.0332639 -0.0138289 -0.0306954 0.012087 -0.025845 -0.0355771 0.0617189 0.0209431 0.00560573 -0.0185013 0.0362689
internal_weight=2136 1692 1275 417 604 444 671 414 309 126 291 541 554 143
internal_count=2136 1692 1275 417 604 444 671 414 309 126 291 541 554 143
is_linear=0
shrinkage=0.05


Tree=39
num_leaves=15
num_cat=0
split_feature=0 22 0 6 5 0 22 0 6 6 6 6 22 5
split_gain=195.059 138.901 92.2424 62.5489 55.4488 53.4373 39.4823 38.8022 38.6829 33.8862 25.1842 19.1057 18.5724 16.7741
threshold=23.275000000000002 0.91723323322845218 26.545000000000005 13.005000000000001 452.54500000000002 20.090000000000003 0.93038971866793763 29.020000000000003 30.380000000000006 24.295000000000005 13.005000000000001 13.005000000000001 0.32917936166072764 380.89500000000004
decision_type=2 2 2 2 2 2 2 2 2 2 2 2 2 2
left_child=5 2 3 12 -3 -1 9 10 -5 11 -4 -7 -2 -8
right_child=1 4 7 8 -6 6 13 -9 -10 -11 -12 -13 -14 -15
leaf_value=0.09100062467157842 -0.0079838162949008324 0.038296947136887013 0.0021081859689509271 -0.011249517407543361 0.0015914179674338461 0.050696092211412941 0.094464922827832851 -0.095589423157713002 -0.04286396594065342 -0.010057834887157868 -0.045839178397158245 0.017526397395777167 0.037766015379188153 0.040449256354372909
leaf_weight=30 31 163 33 711 279 53 17 34 112 101 161 240 78 93
leaf_count=30 31 163 33 711 279 53 17 34 112 101 161 240 78 93
internal_value=2.99537e-11 -0.00872353 -0.0178116 -0.0108379 0.0151276 0.0261706 0.0223116 -0.0463183 -0.0155518 0.0149172 -0.0376832 0.0235264 0.0247546 0.0487971
internal_weight=2136 1602 1160 932 442 534 504 228 823 394 194 293 109 110
internal_count=2136 1602 1160 932 442 534 504 228 823 394 194 293 109 110
is_linear=0
shrinkage=0.05


Tree=40
num_leaves=15
num_cat=0
split_feature=0 23 0 6 6 10 23 23 4 0 4 4 23 0
split_gain=179.749 113.952 83.5674 62.6747 57.6206 55.0651 54.1283 38.3516 28.8106 22.0655 22.0165 21.6 18.4408 17.3791
threshold=25.615000000000006 0.38242094458159287 22.065000000000001 30.380000000000006 13.005000000000001 -0.43784999999999996 0.84771273534009206 0.94975093725139803 29.270000000000003 22.985000000000003 26.125000000000004 28.385000000000002 0.94975093725139803 19.805000000000003
decision_type=2 2 2 2 2 2 2 2 2 2 2 2 2 2
left_child=1 5 13 6 12 -1 8 -6 -2 -7 -5 -8 -4 -3
right_child=3 2 4 10 7 9 11 -9 -10 -11 -12 -13 -14 -15
leaf_value=0.080873452711339097 0.0012041108719643837 0.08673748687974045 0.041388866907303652 -0.055185111428682626 -0.0027906909602810263 0.045916886563082376 -0.024436569234036823 -0.02706067825382635 -0.031398051093970793 0.017342563194676627 -0.13487777203321458 -0.061418126610248064 -0.0033649496501311662 0.028598475759362529
leaf_weight=51 284 13.999999999999998 82 65 634 93 86 219 89 247 9.9999999999999982 73 32 157
leaf_count=51 284 14 82 65 634 93 86 219 89 247 10 73 32 157
internal_value=1.39783e-11 0.00913887 0.00113788 -0.0230203 -0.00455985 0.0324257 -0.0169878 -0.00902179 -0.00657496 0.0251585 -0.0658108 -0.0414155 0.0288264 0.0333584
internal_weight=2136 1529 1138 607 967 391 532 853 373 340 75 159 114 171
internal_count=2136 1529 1138 607 967 391 532 853 373 340 75 159 114 171
is_linear=0
shrinkage=0.05


Tree=41
num_leaves=15
num_cat=0
split_feature=0 6 22 22 0 6 22 22 0 6 6 0 0 0
split_gain=163.673 92.0201 63.8891 58.3009 56.6875 43.4493 34.0413 26.159 22.2128 21.8444 21.1509 21.1156 21.1027 16.1674
threshold=23.915000000000003 14.790000000000001 0.93655593853549179 0.53038584004487344 26.645000000000003 14.790000000000001 0.36146417736073544 0.31288844364721724 21.265000000000004 30.380000000000006 16.460000000000004 29.020000000000003 27.425000000000004 23.275000000000002
decision_type=2 2 2 2 2 2 2 2 2 2 2 2 2 2
left_child=3 6 4 10 7 -5 -2 -3 -7 -10 13 -6 -8 -1
right_child=1 2 -4 5 11 8 12 -9 9 -11 -12 -13 -14 -15
leaf_value=0.023525865376226165 -0.016768952079494543 -0.037157296025133561 0.0044194291907951686 0.051268400524822171 -0.04335675277171358 0.050699640042148532 0.026531330270862036 -0.012594405535409506 0.019992217347091459 -0.01417631044418418 -0.01446741691457906 -0.090508430091471512 -0.015267437893365111 -0.014734113339842512
leaf_weight=101 79 142 234 141 131 48 220 458 284 56 140 29 35 38
leaf_count=101 79 142 234 141 131 48 220 458 284 56 140 29 35 38
internal_value=-1.92319e-11 -0.010796 -0.0184255 0.017744 -0.0254593 0.0274978 0.0119095 -0.0184076 0.0188595 0.0143645 -0.000749901 -0.051903 0.0207942 0.0130663
internal_weight=2136 1328 994 808 760 529 334 600 388 340 279 160 255 139
internal_count=2136 1328 994 808 760 529 334 600 388 340 279 160 255 139
is_linear=0
shrinkage=0.05


Tree=42
num_leaves=15
num_cat=0
split_feature=0 22 0 8 8 10 22 22 4 22 0 4 4 0
split_gain=150.72 96.8624 70.1964 55.3723 50.4793 47.4257 46.1068 24.4246 23.6165 20.5799 18.7902 18.7431 18.2006 15.3887
threshold=25.615000000000006 0.9239481815140983 22.065000000000001 17.745000000000005 9.8600000000000012 -0.43784999999999996 0.53038584004487344 0.31288844364721724 29.220000000000002 0.51572537064332258 22.985000000000003 26.125000000000004 28.385000000000002 19.805000000000003
decision_type=2 2 2 2 2 2 2 2 2 2 2 2 2 2
left_child=1 2 13 6 7 -3 12 -4 -8 -6 -7 -5 -2 -1
right_child=3 5 4 11 9 10 8 -9 -10 -11 -12 -13 -14 -15
leaf_value=0.080751853363056278 -0.022368897281067317 0.074799905016141782 -0.011365267735527596 -0.051496135970720884 -0.026914230452799434 0.042249848761205237 0.0013997551558366929 0.01415931932964096 -0.027786936455041818 -0.0062869568884963414 0.015881371226723531 -0.12502613589167597 -0.056315851869852579 0.026043254979975096
leaf_weight=13.999999999999998 86 51 128 65 219 93 281 350 92 270 247 9.9999999999999982 73 157
leaf_count=14 86 51 128 65 219 93 281 350 92 270 247 10 73 157
internal_value=-3.55963e-11 0.00836845 0.000991766 -0.0210797 -0.00423029 0.0298382 -0.0154095 0.00732428 -0.00579911 -0.0155249 0.0230939 -0.0613001 -0.0379546 0.0305223
internal_weight=2136 1529 1138 607 967 391 532 478 373 489 340 75 159 171
internal_count=2136 1529 1138 607 967 391 532 478 373 489 340 75 159 171
is_linear=0
shrinkage=0.05


Tree=43
num_leaves=15
num_cat=0
split_feature=0 5 22 0 0 22 22 22 7 6 0 6 0 10
split_gain=136.494 85.2241 62.6249 48.1829 47.2421 40.7287 28.3294 24.0572 22.3744 19.988 18.6806 16.1424 14.8846 14.3217
threshold=23.755000000000006 420.44500000000005 0.93655593853549179 20.940000000000001 26.545000000000005 0.72914769978834015 0.36146417736073544 0.31288844364721724 68.540000000000006 30.380000000000006 27.425000000000004 13.005000000000001 19.805000000000003 1.0000000180025095e-35
decision_type=2 2 2 2 2 2 2 2 2 2 2 2 2 2
left_child=3 6 4 12 7 11 -2 -3 -7 -6 -8 -5 -1 -4
right_child=1 2 13 5 9 8 10 -9 -10 -11 -12 -13 -14 -15
leaf_value=0.091940203364938508 -0.01369243183368702 -0.03443615991380608 0.017084054656896931 0.031549244978137922 -0.038897303119301799 0.037783376564690808 0.025167458684257606 -0.011194507309553604 0.011925809267753114 -0.085629213601350784 -0.014008619138704879 -0.003526956582390365 0.041806343343239606 -0.0065239932606569852
leaf_weight=20 81 146 127 37 150 173 233 469 162 27 35 289 57 130
leaf_count=20 81 146 127 37 150 173 233 469 162 27 35 289 57 130
internal_value=1.34234e-11 -0.00918334 -0.016304 0.0173961 -0.0232632 0.0130356 0.0122196 -0.016712 0.0252791 -0.0460259 0.0200512 0.000454085 0.0548281 0.00514224
internal_weight=2136 1398 1049 738 792 661 349 615 335 177 268 326 77 257
internal_count=2136 1398 1049 738 792 661 349 615 335 177 268 326 77 257
is_linear=0
shrinkage=0.05


Tree=44
num_leaves=15
num_cat=0
split_feature=0 22 6 6 10 22 0 0 22 0 0 10 6 6
split_gain=126.412 82.0308 59.0111 46.7808 44.3715 39.3373 30.7525 23.6918 19.8006 19.705 18.3628 16.368 15.6591 14.9844
threshold=25.615000000000006 0.90299113182541202 16.460000000000004 30.380000000000006 -0.43784999999999996 0.53038584004487344 22.065000000000001 22.120000000000001 0.31288844364721724 28.860000000000003 22.860000000000003 1.0000000180025095e-35 30.380000000000006 13.005000000000001
decision_type=2 2 2 2 2 2 2 2 2 2 2 2 2 2
left_child=1 2 6 5 -3 13 -1 -4 -8 -7 -6 -12 -9 -2
right_child=3 4 7 -5 10 9 8 12 -10 -11 11 -13 -14 -15
leaf_value=0.038426963495766076 0.00061854579113423827 0.067042039922977748 0.013731187900120859 -0.056273896743853892 0.039369868358679033 -0.0017565676215042126 -0.010086295857604455 -0.010287641057969624 0.013100982107585524 -0.043387699761097472 0.024104787966821389 0.00024691671296750428 -0.031280480420876604 -0.041547727626539882
leaf_weight=91 25 57 80 75 91 342 128 342 328 31 164 128 120 134
leaf_count=91 25 57 80 75 91 342 128 342 328 31 164 128 120 134
internal_value=4.3356e-12 0.00766399 0.000302474 -0.0193052 0.0258837 -0.0140934 0.0118884 -0.0113903 0.00659227 -0.00521653 0.0197584 0.0136465 -0.0157403 -0.0349178
internal_weight=2136 1529 1089 607 440 532 547 542 456 373 383 292 462 159
internal_count=2136 1529 1089 607 440 532 547 542 456 373 383 292 462 159
is_linear=0
shrinkage=0.05


Tree=45
num_leaves=15
num_cat=0
split_feature=5 4 22 22 4 5 22 22 6 22 4 4 22 22
split_gain=107.732 83.3808 48.7211 46.7189 31.5229 24.6244 23.883 23.042 20.5056 31.6981 25.9183 25.8408 25.7066 16.2951
threshold=679.98000000000013 26.345000000000002 0.89546819317495652 0.9239481815140983 22.435000000000006 380.89500000000004 0.47084587141109652 0.31288844364721724 30.380000000000006 0.32917936166072764 25.895000000000003 29.145000000000003 0.16269055358644466 0.16269055358644466
decision_type=2 2 2 2 2 2 2 2 2 2 2 2 2 2
left_child=1 3 8 4 -1 -5 -3 -6 9 12 13 -11 -2 -10
right_child=2 6 -4 5 7 -7 -8 -9 10 11 -12 -13 -14 -15
leaf_value=0.037900554599861302 -0.0096014950513130144 -0.03042173302447837 0.0041898017168550952 0.064919847412966192 -0.010292904214209813 0.027077213894022074 -0.0029400123462428231 0.011992762487870432 0.009592696172850473 0.00084826739157843232 -0.11449142605066301 -0.037822317214751683 -0.060604119588000084 -0.037340390678615339
leaf_weight=90 42 108 243 56 157 185 295 444 21 216 9.9999999999999982 54 60 155
leaf_count=90 42 108 243 56 157 185 295 444 21 216 10 54 60 155
internal_value=-2.62697e-12 0.00869797 -0.0144966 0.0169149 0.0103037 0.0358705 -0.0103048 0.00617105 -0.0226343 -0.0158567 -0.0361894 -0.00688585 -0.039603 -0.0317404
internal_weight=2136 1335 801 932 691 241 403 601 558 372 186 270 102 176
internal_count=2136 1335 801 932 691 241 403 601 558 372 186 270 102 176
is_linear=0
shrinkage=0.05


Tree=46
num_leaves=15
num_cat=0
split_feature=5 22 6 4 22 5 4 22 4 4 22 22 4 22
split_gain=98.1707 64.582 42.181 70.3925 37.6263 28.6399 25.469 24.8843 21.7279 21.4 17.3747 16.1533 15.7707 13.1798
threshold=420.44500000000005 0.93655593853549179 30.380000000000006 26.385000000000002 0.89546819317495652 380.89500000000004 24.220000000000002 0.31288844364721724 22.185000000000006 22.110000000000003 0.94805520968785773 0.16269055358644466 25.925000000000004 0.31288844364721724
decision_type=2 2 2 2 2 2 2 2 2 2 2 2 2 2
left_child=4 2 3 9 5 12 11 -5 -6 -2 -3 -4 -1 -7
right_child=1 10 6 7 8 13 -8 -9 -10 -11 -12 -13 -14 -15
leaf_value=0.0044001906897484077 0.039688769618912441 0.044916669610473851 0.026136587858200073 -0.041997955245252738 0.096001959592103961 0.001113349172131469 -0.066212094955368561 -0.015156422885508766 0.032828929199307341 0.0020847970092602607 0.008398425469657236 -0.028367780899179396 -0.029103762291847392 0.031530651401819501
leaf_weight=139 41 36 14.999999999999998 112 14.999999999999998 48 44 377 147 490 342 145 47 138
leaf_count=139 41 36 15 112 15 48 44 377 147 490 342 145 47 138
internal_value=8.29343e-12 -0.0061887 -0.0117676 -0.00761662 0.0185661 0.00980758 -0.0325226 -0.0213042 0.0386783 0.00498831 0.0118764 -0.023258 -0.00406586 0.023681
internal_weight=2136 1602 1224 1020 534 372 204 489 162 531 378 160 186 186
internal_count=2136 1602 1224 1020 534 372 204 489 162 531 378 160 186 186
is_linear=0
shrinkage=0.05


Tree=47
num_leaves=15
num_cat=0
split_feature=0 22 5 6 0 0 6 0 0 22 6 4 22 22
split_gain=104.49 71.8888 44.0974 40.5328 34.3539 33.1189 22.7079 22.611 18.321 16.0441 14.4642 12.432 10.8372 10.7019
threshold=23.275000000000002 0.74081089433267733 452.54500000000002 13.005000000000001 25.985000000000003 19.805000000000003 24.295000000000005 27.680000000000003 29.360000000000003 0.53038584004487344 30.380000000000006 29.005000000000006 0.77447169083781808 0.9239481815140983
decision_type=2 2 2 2 2 2 2 2 2 2 2 2 2 2
left_child=5 3 11 -2 -5 -1 9 10 -6 -7 -4 13 -8 -3
right_child=1 2 7 4 8 6 12 -9 -10 -11 -12 -13 -14 -15
leaf_value=0.082279711477458481 0.012976062892470509 0.011486326889026651 0.0026676292080552349 -0.014034850735155797 -0.033653252626729406 0.009817436145666731 -0.013261036087408083 -0.041263785170247924 -0.086469107949071464 0.030949893533656677 -0.020084846434575983 -0.026238697394728661 0.015646722550237819 0.031127221099721894
leaf_weight=20 100 129 372 507 187 145 77 39 18 236 86 13.999999999999998 56 150
leaf_count=20 100 129 372 507 187 145 77 39 18 236 86 14 56 150
internal_value=1.47181e-11 -0.00638478 0.00435348 -0.0168321 -0.0210186 0.0191543 0.0166981 -0.00471675 -0.0382907 0.0229074 -0.00160467 0.0197388 -0.00108935 0.0220459
internal_weight=2136 1602 790 812 712 534 514 497 205 381 458 293 133 279
internal_count=2136 1602 790 812 712 534 514 497 205 381 458 293 133 279
is_linear=0
shrinkage=0.05


Tree=48
num_leaves=15
num_cat=0
split_feature=5 23 6 4 23 5 4 23 23 4 23 23 4 9
split_gain=82.6551 54.7934 36.3359 58.1025 31.0862 24.0147 21.7352 21.6293 19.3714 19.156 15.404 14.6473 13.1928 12.5833
threshold=420.44500000000005 0.35041260675351149 30.380000000000006 26.385000000000002 0.44504239796885176 380.89500000000004 24.220000000000002 0.94975093725139803 0.94422823979932036 22.185000000000006 0.31798952869803615 0.98663965293901656 26.345000000000002 0.37500000000000006
decision_type=2 2 2 2 2 2 2 2 2 2 2 2 2 2
left_child=4 10 3 8 9 12 11 -5 -3 -1 -2 -4 -6 -12
right_child=1 2 6 7 5 -7 -8 -9 -10 -11 13 -13 -14 -15
leaf_value=0.089141070470213898 0.0076863967479282869 0.010090798657379023 -0.026387889446883368 -0.013668542947565808 0.0027819962272919146 0.021778750682740364 -0.061202953742097388 -0.038693061083386382 -0.011788305122065461 0.029824489598371546 0.062973987124860284 0.025513445138931275 -0.031288056357630663 0.00026610977947711946
leaf_weight=14.999999999999998 342 395 145 377 151 186 44 112 136 147 24 14.999999999999998 35 11.999999999999998
leaf_count=15 342 395 145 377 151 186 44 112 136 147 24 15 35 12
internal_value=-3.71011e-12 -0.00567863 -0.0108174 -0.00696471 0.0170359 0.00907486 -0.0300807 -0.0194001 0.00448711 0.0353168 0.0109612 -0.0215221 -0.00362904 0.0420714
internal_weight=2136 1602 1224 1020 534 372 204 489 531 162 378 160 186 36
internal_count=2136 1602 1224 1020 534 372 204 489 531 162 378 160 186 36
is_linear=0
shrinkage=0.05


Tree=49
num_leaves=15
num_cat=0
split_feature=0 6 23 4 23 0 23 4 23 0 4 6 9 23
split_gain=91.5533 62.7294 66.7428 50.1859 41.6616 25.5087 24.5465 19.9173 18.0081 14.6447 12.9553 12.0115 11.6988 9.0858
threshold=22.795000000000005 30.380000000000006 0.94422823979932036 28.245000000000001 0.98663965293901656 19.805000000000003 0.38242094458159287 26.125000000000004 0.65881608208381881 29.915000000000003 27.655000000000005 13.005000000000001 0.24500000000000002 0.20180061326459475
decision_type=2 2 2 2 2 2 2 2 2 2 2 2 2 2
left_child=5 2 3 6 10 -1 -2 13 -7 -5 -4 -10 -6 -3
right_child=1 7 4 9 12 8 -8 -9 11 -11 -12 -13 -14 -15
leaf_value=0.077119568102061761 0.01995669909673253 -0.0024877318937797099 -0.031050530453014411 -0.013464999669189523 -0.025032937293872237 0.032238376388130222 0.0032401283848087197 -0.099219024144113072 0.040807669720164058 -0.061616405329721818 -0.064292971835144472 0.0050953097623752672 0.010552828093283777 -0.031529823815011807
leaf_weight=20 323 32 141 222 32 152 686 9.9999999999999982 27 17 37 184 83 170
leaf_count=20 323 32 141 222 32 152 686 10 27 17 37 184 83 170
internal_value=-4.3138e-12 -0.00483854 -0.00133037 0.00371156 -0.0228059 0.0221461 0.00859142 -0.030339 0.0191173 -0.01689 -0.0379605 0.00966514 0.000650702 -0.0269291
internal_weight=2136 1753 1541 1248 293 383 1009 212 363 239 178 211 115 202
internal_count=2136 1753 1541 1248 293 383 1009 212 363 239 178 211 115 202
is_linear=0
shrinkage=0.05


Tree=50
num_leaves=15
num_cat=0
split_feature=0 6 22 0 0 0 0 6 22 22 22 6 6 0
split_gain=82.7511 54.0509 34.8878 29.5951 22.2418 22.0335 21.1452 19.4016 18.7264 18.4462 15.5301 12.0867 11.5188 9.98202
threshold=26.070000000000004 14.790000000000001 0.69287764045535594 29.915000000000003 21.655000000000005 21.265000000000004 22.575000000000003 24.295000000000005 0.31288844364721724 0.16269055358644466 0.47084587141109652 30.380000000000006 30.380000000000006 20.295000000000005
decision_type=2 2 2 2 2 2 2 2 2 2 2 2 2 2
left_child=1 4 5 7 -1 -3 13 10 9 -6 -2 -8 -7 -4
right_child=3 2 6 -5 8 12 11 -9 -10 -11 -12 -13 -14 -15
leaf_value=0.056118651740252969 -0.027982679274590579 0.023001071784645319 0.070951168239116666 -0.073213349946308889 0.027659485247917476 -0.0083967412102957384 0.007049446703442673 -0.034278107176475024 0.022180791126561124 -0.026124377707442775 -0.0029115816028193733 -0.013035309004984544 -0.027604900593770312 0.022610136044881376
leaf_weight=40 85 50 11.999999999999998 24 25 460 473 109 308 44 226 89 94 97
leaf_count=40 85 50 12 24 25 460 473 109 308 44 226 89 94 97
internal_value=-1.48285e-11 0.00504136 -6.93843e-05 -0.0192117 0.0206677 -0.00878693 0.00777771 -0.0161259 0.0169064 -0.00663747 -0.00976381 0.00386876 -0.0116559 0.0279321
internal_weight=2136 1692 1275 444 417 604 671 420 377 69 311 562 554 109
internal_count=2136 1692 1275 444 417 604 671 420 377 69 311 562 554 109
is_linear=0
shrinkage=0.05


Tree=51
num_leaves=15
num_cat=0
split_feature=5 22 7 22 5 22 22 8 8 22 22 22 22 22
split_gain=65.4391 40.8957 33.1263 31.0968 26.3518 17.8236 20.3085 20.62 14.3686 13.1103 21.7573 10.3018 17.9338 10.0964
threshold=679.98000000000013 0.9239481815140983 49.140000000000008 0.64166506163122816 380.89500000000004 0.16269055358644466 0.31288844364721724 17.745000000000005 17.745000000000005 0.31288844364721724 0.16269055358644466 0.97186771644114334 0.9884946951290402 0.31288844364721724
decision_type=2 2 2 2 2 2 2 2 2 2 2 2 2 2
left_child=1 2 13 5 11 -2 -7 -8 -5 10 -4 -3 -13 -1
right_child=3 4 9 8 -6 6 7 -9 -10 -11 -12 12 -14 -15
leaf_value=-5.4127249556283155e-05 0.0013093431051524858 0.073336593061685565 0.0047528595585996907 0.0034610368456734113 0.014694012798017998 -0.049226429019077325 -0.0080978337733540687 -0.042326357297486433 -0.015305200739428128 0.00067886985966470088 -0.029176163421598851 -0.010084367990493774 0.058102982298091611 0.026292235216746729
leaf_weight=48 63 27 84 306 276 81 132 66 153 600 108 14.999999999999998 27 150
leaf_count=48 63 27 84 306 276 81 132 66 153 600 108 15 27 150
internal_value=-1.03757e-11 0.00677897 0.0016129 -0.0112983 0.0216033 -0.0227114 -0.0281355 -0.0195073 -0.00279438 -0.00296018 -0.0143322 0.0492406 0.0337504 0.0199052
internal_weight=2136 1335 990 801 345 342 279 198 459 792 192 69 42 198
internal_count=2136 1335 990 801 345 342 279 198 459 792 192 69 42 198
is_linear=0
shrinkage=0.05


Tree=52
num_leaves=15
num_cat=0
split_feature=0 0 22 8 22 5 0 22 0 0 22 9 20 7
split_gain=75.9397 50.4908 47.4532 47.3141 44.3201 23.2733 21.4623 13.7552 13.1646 12.4896 11.3388 11.2688 9.45104 6.1616
threshold=22.795000000000005 27.755000000000006 0.31288844364721724 17.745000000000005 0.16269055358644466 420.44500000000005 19.805000000000003 0.7522548710148802 29.940000000000001 25.345000000000002 0.78523795966413312 0.24500000000000002 16775.780000000002 68.540000000000006
decision_type=2 2 2 2 2 2 2 2 2 2 2 2 2 2
left_child=6 2 4 5 11 -4 -1 12 -3 -6 -5 -2 -8 -9
right_child=1 8 3 10 9 -7 7 13 -10 -11 -12 -13 -14 -15
leaf_value=0.07059463703073561 -0.022726821887396997 -0.028580251309777732 0.016796469303670077 -0.037774991863281343 -0.027020153217384314 0.0010424265506271523 0.0028470047866962071 0.03866416041751225 -0.072454504775149489 -0.055543287701227455 -0.011354604652022116 0.012178082006809476 0.026952014897357338 0.018523421671203768
leaf_weight=20 31 92 324 74 127 848 156 78 21 55 90 91 55 74
leaf_count=20 31 92 324 74 127 848 156 78 21 55 90 91 55 74
internal_value=-2.02048e-11 -0.00440669 -0.00217927 0.00187782 -0.0200091 0.00539764 0.0201695 0.0173913 -0.0367339 -0.0356398 -0.023276 0.0033088 0.0091303 0.0288588
internal_weight=2136 1753 1640 1336 304 1172 383 363 113 182 164 122 211 152
internal_count=2136 1753 1640 1336 304 1172 383 363 113 182 164 122 211 152
is_linear=0
shrinkage=0.05


Tree=53
num_leaves=15
num_cat=0
split_feature=0 22 0 0 5 7 22 7 7 7 10 0 0 22
split_gain=71.5988 39.799 30.8449 26.3877 23.7986 23.6698 18.2548 15.3002 14.8505 11.6555 10.4443 8.27614 7.78505 7.53847
threshold=25.615000000000006 0.90299113182541202 22.065000000000001 29.915000000000003 380.89500000000004 49.140000000000008 0.74081089433267733 49.140000000000008 92.320000000000007 68.540000000000006 1.0000000180025095e-35 22.065000000000001 22.335000000000004 0.31288844364721724
decision_type=2 2 2 2 2 2 2 2 2 2 2 2 2 2
left_child=1 2 -1 6 11 13 7 -2 -7 -8 -6 -3 -12 -4
right_child=3 4 5 -5 10 8 9 -9 -10 -11 12 -13 -14 -15
leaf_value=0.020412427399336769 0.0066775541783759516 0.087562224438244657 -0.0014588452992029489 -0.06591017538060745 0.021079776044028803 -0.0016171116042038892 0.0066291880973784086 -0.025937257169000805 -0.016600779584987953 -0.01338710883707815 0.032794868378412161 0.039284589230690316 0.00017811805503018625 0.027414997869062346
leaf_weight=167 42 10.999999999999998 32 24 220 582 143 250 231 148 21 46 142 77
leaf_count=167 42 11 32 24 220 582 143 250 231 148 21 46 142 77
internal_value=-4.08336e-12 0.00576783 0.000640228 -0.0145289 0.0184587 -0.00294107 -0.0124137 -0.0212461 -0.00587446 -0.00355092 0.0139727 0.0486013 0.00438028 0.0189383
internal_weight=2136 1529 1089 607 440 922 583 292 813 291 383 57 163 109
internal_count=2136 1529 1089 607 440 922 583 292 813 291 383 57 163 109
is_linear=0
shrinkage=0.05


Tree=54
num_leaves=15
num_cat=0
split_feature=0 23 23 6 4 0 6 9 23 0 23 23 23 6
split_gain=64.6996 39.492 46.9075 39.2573 33.3846 21.9306 21.1646 16.2872 16.2761 12.8544 12.6179 14.0517 9.22078 8.70637
threshold=26.070000000000004 0.94975093725139803 0.98663965293901656 30.380000000000006 25.715000000000003 19.805000000000003 30.380000000000006 0.24500000000000002 0.35041260675351149 28.630000000000006 0.95499258812111987 0.95995164131966326 0.61913436964878354 13.005000000000001
decision_type=2 2 2 2 2 2 2 2 2 2 2 2 2 2
left_child=1 3 10 4 5 -1 8 -4 -2 13 -3 -12 -5 -10
right_child=6 2 7 12 -6 -7 -8 -9 9 -11 11 -13 -14 -15
leaf_value=0.074213310769375637 0.0048271350130515622 -0.063384940272027804 -0.016105967984736166 -0.0029512313379318981 0.0011176079643347833 0.016743824954679572 -0.046324709216477696 0.023365487848680592 0.0055064919347771347 -0.04371603480963545 0.019976631289019303 -0.028089731251950273 -0.025793385957093802 -0.018791299493408159
leaf_weight=17 97 22 37 92 483 706 54 89 45 44 17 144 85 204
leaf_count=17 97 22 37 92 483 706 54 89 45 44 17 144 85 204
internal_value=-4.00181e-11 0.00445771 -0.0117028 0.00806842 0.0112957 0.0180951 -0.0169875 0.0117747 -0.0129254 -0.0188025 -0.0278677 -0.0230144 -0.0139206 -0.0144001
internal_weight=2136 1692 309 1383 1206 723 444 126 390 293 183 161 177 249
internal_count=2136 1692 309 1383 1206 723 444 126 390 293 183 161 177 249
is_linear=0
shrinkage=0.05


Tree=55
num_leaves=15
num_cat=0
split_feature=22 6 5 6 22 22 22 22 10 22 22 22 22 22
split_gain=49.5618 43.0538 29.7523 22.6368 19.8039 18.8976 16.1668 14.3281 10.5701 7.71427 16.1131 7.23986 10.8868 6.8824
threshold=0.91723323322845218 13.005000000000001 380.89500000000004 24.295000000000005 0.16269055358644466 0.31288844364721724 0.16269055358644466 0.31288844364721724 1.0000000180025095e-35 0.97186771644114334 0.9884946951290402 0.31288844364721724 0.16269055358644466 0.99653827729370248
decision_type=2 2 2 2 2 2 2 2 2 2 2 2 2 2
left_child=1 11 9 5 -5 6 -3 -6 13 -2 -11 12 -1 -4
right_child=2 3 8 4 7 -7 -8 -9 -10 10 -12 -13 -14 -15
leaf_value=0.027489237097047627 0.061964511213203267 -0.0011623403150588273 0.018474973129974516 0.014484042091117727 -0.045535424634538316 0.00028250778653143372 -0.027321604890748859 -0.017514467442077172 -0.00012204879237321654 -0.012782447338104248 0.051850859917424344 0.022853988414427557 -0.020511587852336192 -0.00055741377368879823
leaf_weight=21 30 105 228 42 54 735 135 294 216 14.999999999999998 27 147 27 60
leaf_count=21 30 105 228 42 54 735 135 294 216 15 27 147 27 60
internal_value=-2.12522e-12 -0.00462799 0.0125341 -0.00776751 -0.0179483 -0.0036952 -0.0158769 -0.0218625 0.00823906 0.0425996 0.0287675 0.0173487 0.000488773 0.0145099
internal_weight=2136 1560 576 1365 390 975 240 348 504 72 42 195 48 288
internal_count=2136 1560 576 1365 390 975 240 348 504 72 42 195 48 288
is_linear=0
shrinkage=0.05


Tree=56
num_leaves=15
num_cat=0
split_feature=4 6 23 4 23 23 4 4 6 23 23 4 4 4
split_gain=50.5722 52.4679 32.8201 20.9074 18.502 16.7388 15.047 11.3867 8.16749 12.6142 7.67065 6.7924 6.68348 6.40125
threshold=26.985000000000003 30.380000000000006 0.36647099799968202 22.785000000000004 0.84771273534009206 0.94975093725139803 22.185000000000006 20.500000000000004 24.295000000000005 0.76693674423623703 0.31798952869803615 29.855000000000004 20.615000000000006 24.785000000000004
decision_type=2 2 2 2 2 2 2 2 2 2 2 2 2 2
left_child=1 2 6 12 8 -5 -1 -3 -2 -10 -8 -6 -4 -9
right_child=4 7 3 5 11 -7 10 13 9 -11 -12 -13 -14 -15
leaf_value=0.070224742684513328 -0.0021185298738389683 0.013301121170322101 0.053923074179328984 0.0056758663955955649 -0.021667447050511948 -0.010490248177067821 0.017232065079770108 -0.016226582780445056 -0.011234232118691911 -0.060839900970458986 0.040526505241670258 -0.0501143196442475 0.019232657839699338 -0.04098653944519659
leaf_weight=15.999999999999998 297 30 15.999999999999998 636 167 214 256 201 88 14.999999999999998 41 24 105 30
leaf_count=16 297 30 16 636 167 214 256 201 88 15 41 24 105 30
internal_value=4.98505e-11 0.00475833 0.00891256 0.00437398 -0.0124393 0.00160581 0.0229923 -0.0156786 -0.00632604 -0.0184584 0.0204478 -0.0252419 0.0238198 -0.0194422
internal_weight=2136 1545 1284 971 591 850 313 261 400 103 297 191 121 231
internal_count=2136 1545 1284 971 591 850 313 261 400 103 297 191 121 231
is_linear=0
shrinkage=0.05


Tree=57
num_leaves=15
num_cat=0
split_feature=0 0 22 6 0 7 6 22 0 21 22 22 6 22
split_gain=55.1092 35.9427 30.7915 24.6036 18.3138 13.9631 12.4915 10.4733 9.71437 9.17328 6.56037 6.14198 6.03375 5.72606
threshold=23.275000000000002 27.755000000000006 0.90299113182541202 13.005000000000001 20.295000000000005 62.400000000000006 30.380000000000006 0.53038584004487344 30.260000000000002 12333.330000000002 0.57340843044527534 0.16269055358644466 14.790000000000001 0.91024686087223017
decision_type=2 2 2 2 2 2 2 2 2 2 2 2 2 2
left_child=4 2 3 -2 13 -4 -5 9 -3 11 -9 -6 -12 -1
right_child=1 8 5 6 7 -7 -8 10 -10 -11 12 -13 -14 -15
leaf_value=0.034799762083024814 0.013521347327309381 -0.027255327191013951 0.020284307267558793 -0.0077449346496259097 0.015038322971055382 0.001756057102951066 -0.024797319457866254 0.049206219663222639 -0.078872945159673691 0.012166267538231126 0.026901358175723828 -0.017169331316141161 0.010847801920158957 0.077167252518913973
leaf_weight=29 126 103 161 802 19 276 124 14.999999999999998 9.9999999999999982 101 81 67 211 10.999999999999998
leaf_count=29 126 103 161 802 19 276 124 15 10 101 81 67 211 11
internal_value=-4.79069e-12 -0.00463683 -0.00257365 -0.00720781 0.0139105 0.00858225 -0.0100284 0.0112756 -0.0318233 0.00194747 0.0169576 -0.0100537 0.015301 0.0464508
internal_weight=2136 1602 1489 1052 534 437 926 494 113 187 307 86 292 40
internal_count=2136 1602 1489 1052 534 437 926 494 113 187 307 86 292 40
is_linear=0
shrinkage=0.05


Tree=58
num_leaves=15
num_cat=0
split_feature=0 0 22 6 0 22 22 22 6 22 10 5 5 22
split_gain=51.2469 29.0809 24.4912 20.2652 19.763 16.8812 14.0925 14.7341 13.0903 9.01659 8.64977 8.26055 6.84757 6.2065
threshold=25.615000000000006 20.940000000000001 0.93655593853549179 13.005000000000001 29.915000000000003 0.94805520968785773 0.36146417736073544 0.16269055358644466 30.380000000000006 0.31288844364721724 -0.29389999999999994 452.54500000000002 420.44500000000005 0.61490419508004501
decision_type=2 2 2 2 2 2 2 2 2 2 2 2 2 2
left_child=1 13 3 -3 6 10 7 -2 12 -5 -4 -7 -8 -1
right_child=4 2 5 9 -6 11 8 -9 -10 -11 -12 -13 -14 -15
leaf_value=0.020442634267046265 -0.0063703520968556408 0.017912208473956241 0.086591744422912606 -0.011102539279161692 -0.056757995746253675 0.021772423236663535 0.0062431396385960163 -0.042984066055476916 -0.030103590841984974 -3.2167872896761151e-05 0.032155103608965875 0.0047809060849734429 -0.0078266325387523605 0.048835853000099849
leaf_weight=38 50 134 9.9999999999999982 246 24 114 122 61 53 729 27 192 297 39
leaf_count=38 50 134 10 246 24 114 122 61 53 729 27 192 297 39
internal_value=2.18863e-11 0.00487971 0.00329177 -0.000319602 -0.0122917 0.0149682 -0.0104612 -0.0264914 -0.00669139 -0.00282531 0.0468677 0.0111111 -0.00372994 0.0348236
internal_weight=2136 1529 1452 1109 607 343 583 111 472 975 37 306 419 77
internal_count=2136 1529 1452 1109 607 343 583 111 472 975 37 306 419 77
is_linear=0
shrinkage=0.05


Tree=59
num_leaves=15
num_cat=0
split_feature=0 0 22 6 0 22 6 6 7 22 22 22 22 22
split_gain=46.6507 31.0418 25.8071 19.1083 15.1053 11.2227 10.9703 10.3514 9.72448 9.3739 8.54694 8.33388 6.83525 6.08824
threshold=23.275000000000002 27.330000000000002 0.93655593853549179 13.005000000000001 19.805000000000003 0.94805520968785773 30.380000000000006 30.380000000000006 72.295000000000016 0.9884946951290402 0.53038584004487344 0.51572537064332258 0.9884946951290402 0.16269055358644466
decision_type=2 2 2 2 2 2 2 2 2 2 2 2 2 2
left_child=4 2 3 -2 -1 -4 10 -5 12 -7 -3 13 -6 -10
right_child=1 6 5 7 8 9 -8 -9 11 -11 -12 -13 -14 -15
leaf_value=0.055429952256381511 0.012788251142669469 -0.039190640371470228 0.042406824842095375 -0.0059022656998978084 0.014477562821314981 -0.00043556586778640042 -0.061061649107270771 -0.02088530452738676 0.017107427812048367 0.016798409935290692 -0.012866739152352617 0.0097726386371909443 0.043351305995813827 -0.020039438841940167
leaf_weight=20 125 42 25 825 300 169 18 134 13.999999999999998 148 116 126 22 52
leaf_count=20 125 42 25 825 300 169 18 134 14 148 116 126 22 52
internal_value=-7.64699e-12 -0.00426617 -0.001821 -0.00559914 0.0127985 0.0101542 -0.0240776 -0.00799583 0.0111397 0.00761058 -0.0198642 0.00223336 0.0164503 -0.0121598
internal_weight=2136 1602 1426 1084 534 342 176 959 514 317 158 192 322 66
internal_count=2136 1602 1426 1084 534 342 176 959 514 317 158 192 322 66
is_linear=0
shrinkage=0.05


Tree=60
num_leaves=15
num_cat=0
split_feature=0 0 23 6 23 0 23 23 23 9 4 6 23 0
split_gain=43.0044 26.6404 19.5173 22.3078 22.2642 15.075 12.149 11.5841 10.6486 10.6364 9.80339 9.51948 8.06983 7.78738
threshold=26.070000000000004 22.605000000000004 0.94975093725139803 30.380000000000006 0.98663965293901656 29.915000000000003 0.95499258812111987 0.65881608208381881 0.42957308670649791 0.24500000000000002 25.715000000000003 13.005000000000001 0.13398478063445371 20.090000000000003
decision_type=2 2 2 2 2 2 2 2 2 2 2 2 2 2
left_child=1 7 3 10 6 8 -4 13 -2 -6 -3 -10 -5 -1
right_child=5 2 4 12 9 -7 -8 -9 11 -11 -12 -13 -14 -15
leaf_value=0.065810590485731763 0.00044553632624300685 0.011019753189608954 -0.059197467671973369 0.018072803516406565 -0.018129809379544375 -0.05239083843383318 -0.018274725213317775 0.0085097646928161842 0.0045508838967758822 0.01899919334738966 0.00096136444984833028 -0.020677213082800669 -0.019657948718410017 0.023657507964110536
leaf_weight=11.999999999999998 127 486 21 15.999999999999998 28 24 133 201 44 62 483 249 124 126
leaf_count=12 127 486 21 16 28 24 133 201 44 62 483 249 124 126
internal_value=-1.75754e-11 0.00363427 0.000493827 0.00331066 -0.0123089 -0.0138495 -0.0238551 0.0161682 -0.0116472 0.00744795 0.00600613 -0.0168887 -0.0153459 0.027323
internal_weight=2136 1692 1353 1109 244 444 154 339 420 90 969 293 140 138
internal_count=2136 1692 1353 1109 244 444 154 339 420 90 969 293 140 138
is_linear=0
shrinkage=0.05


Tree=61
num_leaves=15
num_cat=0
split_feature=0 0 22 6 0 22 22 22 6 10 13 22 5 22
split_gain=38.9355 22.9968 19.1273 16.3588 15.9245 14.2751 11.3459 13.5963 11.0105 7.97164 7.16625 7.13727 6.99172 5.02274
threshold=25.615000000000006 20.940000000000001 0.93655593853549179 13.005000000000001 28.860000000000003 0.94805520968785773 0.36146417736073544 0.16269055358644466 30.380000000000006 1.0000000180025095e-35 0.6000000000000002 0.31288844364721724 452.54500000000002 0.28003368959032676
decision_type=2 2 2 2 2 2 2 2 2 2 2 2 2 2
left_child=1 -1 3 -3 6 9 7 -2 -8 -4 -6 -5 -7 -9
right_child=4 2 5 11 10 12 8 13 -10 -11 -12 -13 -14 -15
leaf_value=0.030881333184222898 -0.0024970228733170942 0.016030407130610502 0.05957505982369185 -0.0099657774706015251 -0.02755742532189754 0.019421650063279169 -0.0019278286056597753 -0.05261999493044231 -0.026395881863740773 0.010960366877798852 -0.073006946220994004 -0.00011644128440791136 0.0037894607385169365 -0.023670813980801356
leaf_weight=77 46 134 24 246 41 114 397 31 52 12.999999999999998 10.999999999999998 729 192 29
leaf_count=77 46 134 24 246 41 114 397 31 52 13 11 729 192 29
internal_value=-6.07093e-11 0.00425337 0.00284128 -0.000350219 -0.010714 0.0131601 -0.00823508 -0.0229485 -0.00476155 0.0424942 -0.0371717 -0.0026015 0.00961322 -0.0386279
internal_weight=2136 1529 1452 1109 607 343 555 106 449 37 52 975 306 60
internal_count=2136 1529 1452 1109 607 343 555 106 449 37 52 975 306 60
is_linear=0
shrinkage=0.05


Tree=62
num_leaves=15
num_cat=0
split_feature=4 6 22 22 4 22 22 22 22 22 21 22 22 22
split_gain=31.4813 32.572 23.8067 27.6185 16.6554 11.4275 10.6379 9.43809 9.01725 10.2343 14.2903 7.63328 10.775 7.58024
threshold=27.395000000000003 30.380000000000006 0.31288844364721724 0.16269055358644466 21.465000000000003 0.53038584004487344 0.93655593853549179 0.2965049369093406 0.58741554219704073 0.64166506163122816 12060.420000000002 0.24684749415872467 0.60124882823926262 0.91024686087223017
decision_type=2 2 2 2 2 2 2 2 2 2 2 2 2 2
left_child=1 2 3 -1 13 -2 -6 -5 -7 10 -10 -3 -13 -4
right_child=5 11 4 7 6 8 -8 -9 9 -11 -12 12 -14 -15
leaf_value=0.012621800338007128 -0.022378666973287231 0.0084553216894467671 0.028273932667284771 -0.016290832104842497 0.0049551037668809665 0.021199942854166563 0.015715149706786724 -0.053946351416801153 -0.081594172391024483 -0.0058267287776691216 -0.00099890389564362436 -0.033152828518468055 -0.0092473249138573053 0.077795958891510975
leaf_weight=102 157 36 34 134 772 28 327 19 11.000000000000002 269 10.999999999999998 67 159 9.9999999999999982
leaf_count=102 157 36 34 134 772 28 327 19 11 269 11 67 159 10
internal_value=1.44225e-11 0.00325046 0.0062825 -0.00753148 0.00936436 -0.0113356 0.00815668 -0.020967 -0.00590068 -0.0085083 -0.0412965 -0.0129281 -0.0163344 0.0395289
internal_weight=2136 1660 1398 255 1143 476 1099 153 319 291 22 262 226 44
internal_count=2136 1660 1398 255 1143 476 1099 153 319 291 22 262 226 44
is_linear=0
shrinkage=0.05


Tree=63
num_leaves=15
num_cat=0
split_feature=0 0 22 6 0 22 6 6 22 5 22 10 22 22
split_gain=34.3179 24.6783 19.4343 17.6199 9.88394 8.97806 8.8982 8.79601 7.75434 6.55159 6.484 5.79108 4.78123 4.05636
threshold=22.795000000000005 27.330000000000002 0.93655593853549179 13.005000000000001 19.805000000000003 0.94805520968785773 30.380000000000006 30.380000000000006 0.9884946951290402 420.44500000000005 0.53038584004487344 -0.013599999999999998 0.7522548710148802 0.32917936166072764
decision_type=2 2 2 2 2 2 2 2 2 2 2 2 2 2
left_child=4 2 3 13 -1 11 -5 10 -7 -6 -3 -4 -11 -2
right_child=1 7 5 6 9 8 -8 -9 -10 12 -12 -13 -14 -15
leaf_value=0.047778329588472848 -0.0020824793606464354 -0.033780862437561156 0.055888745561242098 -0.0044610206709822632 0.022797023291824408 -0.00023170746526473093 -0.017754065000439342 -0.053837281920843652 0.014658392246558585 0.0022460403329733025 -0.01085285527936729 0.0087611496046354816 0.015983507898636163 0.017596161350733244
leaf_weight=20 35 42 16.000000000000004 914 97 186 146 18 165 162 116 10.999999999999998 104 104
leaf_count=20 35 42 16 914 97 186 146 18 165 162 116 11 104 104
internal_value=1.09562e-11 -0.00296236 -0.000980484 -0.00409704 0.0135588 0.00890511 -0.00629195 -0.0207204 0.00676791 0.0116734 -0.0169476 0.0366886 0.00761708 0.0126411
internal_weight=2136 1753 1577 1199 383 378 1060 176 351 363 158 27 266 139
internal_count=2136 1753 1577 1199 383 378 1060 176 351 363 158 27 266 139
is_linear=0
shrinkage=0.05


Tree=64
num_leaves=15
num_cat=0
split_feature=4 8 22 22 22 22 4 22 4 22 22 22 22 9
split_gain=27.7032 31.8452 15.6942 20.4272 12.6696 15.1013 11.7091 10.266 8.98674 6.72603 6.69352 9.73739 6.38977 5.14646
threshold=26.335000000000004 17.745000000000005 0.31288844364721724 0.16269055358644466 0.31288844364721724 0.16269055358644466 21.465000000000003 0.2965049369093406 30.175000000000004 0.91024686087223017 0.24684749415872467 0.5009122898073749 0.93038971866793763 0.24500000000000002
decision_type=2 2 2 2 2 2 2 2 2 2 2 2 2 2
left_child=1 2 3 13 5 -2 9 -5 -6 -4 -3 -12 -8 -1
right_child=4 10 6 7 8 -7 12 -9 -10 -11 11 -13 -14 -15
leaf_value=-0.0088262041862536642 -0.0039697503162404672 0.0086702576527992892 0.025618333129130085 -0.012062764543001182 -0.0027098619769999805 -0.037438396622559857 0.0068407682229222437 -0.056309517820676169 -0.023151685776456824 0.07226668417453766 -0.034514532057801264 -0.0090928652659058567 0.016344987201663053 0.021436310517174206
leaf_weight=18 65 36 34 104 606 70 577 14.999999999999998 59 9.9999999999999982 48 175 255 64
leaf_count=18 65 36 34 104 606 70 577 15 59 10 48 175 255 64
internal_value=2.30971e-11 0.00440632 0.00819189 -0.00440855 -0.00735856 -0.0213239 0.0110831 -0.0176401 -0.0045235 0.0362202 -0.0113352 -0.0145648 0.00975372 0.0147933
internal_weight=2136 1336 1077 201 800 135 876 119 665 44 259 223 832 82
internal_count=2136 1336 1077 201 800 135 876 119 665 44 259 223 832 82
is_linear=0
shrinkage=0.05


Tree=65
num_leaves=15
num_cat=0
split_feature=0 0 22 22 6 5 0 4 9 0 22 22 6 1
split_gain=29.0433 21.2121 18.0505 24.5368 18.1143 9.70079 8.40871 7.9496 7.5961 6.47985 6.25172 5.58249 5.30818 3.43086
threshold=22.795000000000005 27.680000000000003 0.31288844364721724 0.16269055358644466 30.380000000000006 420.44500000000005 19.805000000000003 26.825000000000003 0.24500000000000002 30.260000000000002 0.78523795966413312 0.7522548710148802 13.005000000000001 72.235000000000014
decision_type=2 2 2 2 2 2 2 2 2 2 2 2 2 2
left_child=6 2 3 8 5 -4 -1 -5 -2 -3 -6 12 -8 -14
right_child=1 9 4 7 10 -7 11 -9 -10 -11 -12 -13 13 -15
leaf_value=0.044036026904359461 -0.016266414143084999 -0.019633242613161673 0.010859960120142205 -0.017261577652624021 -0.025089861069352844 0.00064299262355732188 0.02617441333692383 -0.040393147169827275 0.012391438944953504 -0.061704137548804286 -0.0054221991303094325 0.01803987874698482 -0.00063951510412533304 0.017601713114568301
leaf_weight=20 31 108 320 130 74 848 27 52 91 9.9999999999999982 89 152 153 31
leaf_count=20 31 108 320 130 74 848 27 52 91 10 89 152 153 31
internal_value=-5.38332e-11 -0.00272521 -0.00124763 -0.0122404 0.00126313 0.00344216 0.0124734 -0.0238706 0.00510953 -0.0231986 -0.0143511 0.0107344 0.00547164 0.00243374
internal_weight=2136 1753 1635 304 1331 1168 383 182 122 118 163 363 211 184
internal_count=2136 1753 1635 304 1331 1168 383 182 122 118 163 363 211 184
is_linear=0
shrinkage=0.05


Tree=66
num_leaves=15
num_cat=0
split_feature=0 0 22 22 6 20 6 22 0 22 0 4 1 1
split_gain=27.1846 17.1751 14.6379 20.4594 10.8399 10.4901 10.3522 8.19 7.91255 6.53784 5.83133 5.67214 5.5971 7.44993
threshold=26.070000000000004 22.065000000000001 0.9884946951290402 0.99653827729370248 24.295000000000005 15014.405000000001 13.005000000000001 0.5009122898073749 29.020000000000003 0.47084587141109652 19.805000000000003 25.555000000000003 68.465000000000018 61.490000000000002
decision_type=2 2 2 2 2 2 2 2 2 2 2 2 2 2
left_child=1 10 6 5 9 -4 -3 -8 12 -2 -1 -5 13 -6
right_child=4 2 3 11 8 -7 7 -9 -10 -11 -12 -13 -14 -15
leaf_value=0.041834226530045274 -0.017743211927202841 0.011089583460161073 0.049211913683330236 0.010276658922616068 -0.0085332555516112237 0.010395332066608328 -0.0081386436948288274 0.00067877145895137983 -0.059231340778725487 -0.0018952433745119167 0.013478230458465837 -0.015827670146858222 -0.0021628315137191254 -0.041015017589429263
leaf_weight=20 90 162 46 46 31 28 405 753 13.999999999999998 235 194 38 33 41
leaf_count=20 90 162 46 46 31 28 405 753 14 235 194 38 33 41
internal_value=1.11667e-11 0.0028895 0.000972645 0.015355 -0.0110113 0.0345246 -0.000748881 -0.00240504 -0.0239223 -0.00628391 0.0161283 -0.00153244 -0.0192145 -0.0270298
internal_weight=2136 1692 1478 158 444 74 1320 1158 119 325 214 84 105 72
internal_count=2136 1692 1478 158 444 74 1320 1158 119 325 214 84 105 72
is_linear=0
shrinkage=0.05


Tree=67
num_leaves=15
num_cat=0
split_feature=0 0 5 0 23 23 7 1 23 7 4 0 23 23
split_gain=24.8578 14.4475 11.7184 10.601 8.44219 8.22948 6.86792 6.43128 5.89256 5.79976 5.65102 5.27735 4.73828 4.01047
threshold=25.615000000000006 20.940000000000001 420.44500000000005 28.860000000000003 0.67165857384232497 0.35041260675351149 49.140000000000008 78.565000000000012 0.31798952869803615 68.540000000000006 29.595000000000002 23.475000000000005 0.94975093725139803 0.60553543375389329
decision_type=2 2 2 2 2 2 2 2 2 2 2 2 2 2
left_child=1 -1 7 4 9 8 -6 12 -4 -2 -5 -7 -3 -11
right_child=3 2 5 10 6 11 -8 -9 -10 13 -12 -13 -14 -15
leaf_value=0.024504233696671845 0.0069969450503669902 0.011542668873088004 0.0049056982375616891 -0.063927556797862051 0.0061729734087726329 0.0023415946271946012 -0.015997479148051243 0.038513623628961415 0.029193435962328557 -0.010338056426289982 -0.02210499661131984 -0.0057971628372838029 -0.0035053190791334669 0.016999786856273812
leaf_weight=77 136 268 231 9.9999999999999982 41 324 236 19 28 127 42 517 65 14.999999999999998
leaf_count=77 136 268 231 10 41 324 236 19 28 127 42 517 65 15
internal_value=-4.57323e-11 0.00339853 0.00227929 -0.00856071 -0.00653814 -0.000261658 -0.0127159 0.0102197 0.0075314 -0.000382561 -0.0301478 -0.00266166 0.00860537 -0.00745026
internal_weight=2136 1529 1452 607 555 1100 277 352 259 278 52 841 333 142
internal_count=2136 1529 1452 607 555 1100 277 352 259 278 52 841 333 142
is_linear=0
shrinkage=0.05


Tree=68
num_leaves=15
num_cat=0
split_feature=0 5 0 22 22 8 0 22 22 4 1 22 0 22
split_gain=22.7079 15.4411 10.4529 10.496 14.5459 9.62129 8.5795 7.41078 7.58871 7.25918 5.69024 5.55504 4.97239 4.96142
threshold=26.545000000000005 420.44500000000005 23.755000000000006 0.9884946951290402 0.99653827729370248 17.745000000000005 21.655000000000005 0.91024686087223017 0.87962967011031401 22.995000000000001 60.620000000000012 0.89546819317495652 21.015000000000004 0.69287764045535594
decision_type=2 2 2 2 2 2 2 2 2 2 2 2 2 2
left_child=1 6 12 9 -5 7 -1 8 -2 -4 11 -8 -3 -14
right_child=5 2 3 4 -6 -7 10 -9 -10 -11 -12 -13 13 -15
leaf_value=0.032341889223898766 -0.011915630997422882 0.018180616070786793 -0.026078320567517785 0.033506701392165959 -0.0058881608857158227 -0.036898106863456119 -0.0088023314573282604 0.0024955823481137996 -0.050095165201595848 -0.0048855849015595979 0.011843484063976012 0.014260287714214663 -0.0022891369479321011 0.0077949549047878226
leaf_weight=40 185 62 43 42 53 35 79 93 13.999999999999998 670 290 39 226 265
leaf_count=40 185 62 43 42 53 35 79 93 14 670 290 39 226 265
internal_value=-4.07082e-11 0.00219186 -0.000458475 -0.00408354 0.0115285 -0.0121256 0.0102434 -0.00915628 -0.0146016 -0.00616369 0.00807691 -0.00117994 0.00483818 0.0031534
internal_weight=2136 1809 1361 808 95 327 448 292 199 713 408 118 553 491
internal_count=2136 1809 1361 808 95 327 448 292 199 713 408 118 553 491
is_linear=0
shrinkage=0.05


Tree=69
num_leaves=15
num_cat=0
split_feature=0 23 20 0 23 23 5 13 0 0 1 5 23 23
split_gain=20.7814 16.3785 14.8746 11.1671 9.44459 17.4596 9.37343 8.06357 6.53837 4.82013 4.29428 4.12604 4.71389 3.95654
threshold=27.045000000000005 0.72100388094302625 16775.780000000002 22.315000000000001 0.98663965293901656 0.95995164131966326 452.54500000000002 0.32500000000000007 30.260000000000002 20.295000000000005 71.945000000000007 420.44500000000005 0.44504239796885176 0.36647099799968202
decision_type=2 2 2 2 2 2 2 2 2 2 2 2 2 2
left_child=1 3 4 9 5 -3 13 -6 11 -1 -4 -2 -13 -5
right_child=8 2 10 6 7 -7 -8 -9 -10 -11 -12 12 -14 -15
leaf_value=0.042489538732916117 -0.0012892850530173245 -0.0049630256217285916 0.0045187668678925829 0.016767676330683445 -0.012186342620989308 -0.026422871019846451 0.00012560412050648169 0.015425620540582503 -0.054022406116127963 0.015747518811775284 0.021759305759850477 -0.0061721177659089087 -0.024096593280505067 0.0056460766066191038
leaf_weight=20 58 451 183 151 40 120 550 78 9.9999999999999982 107 45 61 92 170
leaf_count=20 58 451 183 151 40 120 550 78 10 107 45 61 92 170
internal_value=2.74599e-11 0.0016754 -0.00314855 0.00610783 -0.00681179 -0.00947298 0.00408821 0.00606563 -0.0145176 0.0199589 0.0079215 -0.0126453 -0.0169502 0.0108777
internal_weight=2136 1915 917 998 689 571 871 118 221 127 228 211 153 321
internal_count=2136 1915 917 998 689 571 871 118 221 127 228 211 153 321
is_linear=0
shrinkage=0.05


Tree=70
num_leaves=15
num_cat=0
split_feature=0 0 22 22 6 9 6 22 22 22 4 22 4 22
split_gain=19.5051 11.1769 9.23787 21.6105 12.4917 10.6184 9.08549 7.60484 6.92954 6.66551 6.53694 5.04702 7.22277 5.01335
threshold=25.615000000000006 20.940000000000001 0.31288844364721724 0.16269055358644466 30.380000000000006 0.24500000000000002 30.380000000000006 0.53038584004487344 0.2965049369093406 0.57340843044527534 25.715000000000003 0.094468741652255758 28.445000000000004 0.98575081589502089
decision_type=2 2 2 2 2 2 2 2 2 2 2 2 2 2
left_child=1 -1 3 5 10 -3 7 11 -5 -9 -4 -2 -13 -11
right_child=6 2 4 8 -6 -7 -8 9 -10 13 -12 12 -14 -15
leaf_value=0.021574192534672559 0.012188984140811954 -0.013072730321437121 0.0088877444345916417 -0.013754330812072432 -0.009545260191201263 0.020635619633831086 -0.023875234439348181 0.026697128405794503 -0.045111068007536233 -0.0058848986213030129 0.00050556200739209592 -0.0081399978894521208 -0.031025810254705622 0.0092244049183243665
leaf_weight=77 15.999999999999998 33 664 148 149 80 75 20 20 285 358 85 58 68
leaf_count=77 16 33 664 148 149 80 75 20 20 285 358 85 58 68
internal_value=2.48473e-11 0.00301047 0.00202603 -0.00611535 0.00397968 0.0107916 -0.00758321 -0.0052864 -0.0174873 -0.00138336 0.00595152 -0.0144426 -0.0174224 -0.00297432
internal_weight=2136 1529 1452 281 1171 113 607 532 168 373 1022 159 143 353
internal_count=2136 1529 1452 281 1171 113 607 532 168 373 1022 159 143 353
is_linear=0
shrinkage=0.05


Tree=71
num_leaves=15
num_cat=0
split_feature=0 22 6 22 0 10 22 22 22 6 6 22 0 13
split_gain=18.0774 14.7417 15.5331 13.3081 8.3567 8.20022 6.5004 17.8491 11.1606 5.74351 4.61466 4.40861 3.98144 3.14242
threshold=27.330000000000002 0.93655593853549179 13.005000000000001 0.94805520968785773 23.475000000000005 -0.29389999999999994 0.9884946951290402 0.99653827729370248 0.97186771644114334 30.380000000000006 24.295000000000005 0.53038584004487344 21.855000000000004 0.51000000000000012
decision_type=2 2 2 2 2 2 2 2 2 2 2 2 2 2
left_child=1 2 12 5 13 -3 8 -8 -5 11 -6 -2 -1 -4
right_child=9 3 4 6 10 -7 7 -9 -10 -11 -12 -13 -14 -15
leaf_value=0.036505855014547707 -0.026181591541639401 0.072967035391113974 0.0065182196357200742 0.011644795318869383 -0.0034132642989126286 0.022923754273506347 0.029792239428603685 -0.00094138727724259966 -0.010732139093820606 -0.0421105616622501 -0.011426892522890794 -0.0072757621201413594 0.010389532705457567 -0.0021541211422203489
leaf_weight=15.999999999999998 42 10.999999999999998 247 114 645 32 88 102 109 18 249 116 166 181
leaf_count=16 42 11 247 114 645 32 88 102 109 18 249 116 166 181
internal_value=-1.88984e-11 0.00137837 -0.0010093 0.0092535 -0.00289467 0.0357255 0.00649733 0.0132931 0.000707191 -0.01535 -0.00564525 -0.0123014 0.0126855 0.00285071
internal_weight=2136 1960 1504 456 1322 43 413 190 223 176 894 158 182 428
internal_count=2136 1960 1504 456 1322 43 413 190 223 176 894 158 182 428
is_linear=0
shrinkage=0.05


Tree=72
num_leaves=15
num_cat=0
split_feature=6 4 22 22 22 22 22 22 22 1 22 4 22 1
split_gain=15.0576 15.91 10.742 10.5944 14.0011 7.4333 7.36783 10.9428 10.1566 7.19717 6.25804 4.84937 4.90582 4.72329
threshold=24.295000000000005 25.035000000000004 0.31288844364721724 0.16269055358644466 0.69287764045535594 0.72914769978834015 0.58741554219704073 0.64166506163122816 0.28003368959032676 55.110000000000007 0.16269055358644466 21.465000000000003 0.7957718639449195 71.035000000000011
decision_type=2 2 2 2 2 2 2 2 2 2 2 2 2 2
left_child=1 5 10 -2 6 -1 8 -8 -5 -6 -3 -7 -13 -11
right_child=3 2 -4 4 9 11 7 -9 -10 13 -12 12 -14 -15
leaf_value=0.0034066012873427104 0.016833169310398046 -0.0017039867063027084 0.00086828256705836083 -0.035167074819938061 0.027668322446314914 0.038154134750366213 -0.060181987378746277 -0.012435326987178997 -0.0065985967102460564 -0.0075633992833484508 -0.021077283727701266 0.028199049232657564 0.0098363103080635617 0.0091406822758111749
leaf_weight=320 42 72 812 42 19 20 24 24 120 210 99 43 236 53
leaf_count=320 42 72 812 42 19 20 24 24 120 210 99 43 236 53
internal_value=1.18922e-11 0.00242374 -0.00153031 -0.00727122 -0.00932891 0.00870295 -0.0191032 -0.0363087 -0.0140052 -0.00205021 -0.0129201 0.0143713 0.0126664 -0.00419718
internal_weight=2136 1602 983 534 492 619 210 48 162 282 171 299 279 263
internal_count=2136 1602 983 534 492 619 210 48 162 282 171 299 279 263
is_linear=0
shrinkage=0.05


Tree=73
num_leaves=15
num_cat=0
split_feature=5 22 4 6 22 4 22 9 22 22 22 1 22 22
split_gain=14.048 9.42121 7.74354 8.59083 7.36663 7.14558 7.14082 6.95563 5.48155 7.89468 5.26439 4.93112 4.64125 19.6769
threshold=420.44500000000005 0.93655593853549179 26.385000000000002 30.380000000000006 0.24684749415872467 22.785000000000004 0.94805520968785773 0.37500000000000006 0.36146417736073544 0.16269055358644466 0.87962967011031401 65.00500000000001 0.9884946951290402 0.99653827729370248
decision_type=2 2 2 2 2 2 2 2 2 2 2 2 2 2
left_child=5 2 3 10 -5 -1 7 -3 9 -7 -2 -11 -8 -14
right_child=1 6 -4 4 -6 8 12 -9 -10 11 -12 -13 13 -15
leaf_value=0.021443775226362052 0.0037941408682852767 0.041281137015903371 -0.0092899814721022263 0.010340551328327922 -0.014678645728774926 0.012530349198373428 -0.0031967324705955338 -0.0053411143637883164 0.0076168263169114781 -0.031015831318994366 -0.012677441460847925 -0.0032038037850083238 0.027951421893926132 -0.0071171895704335636
leaf_weight=74 477 24 496 36 161 38 180 11.999999999999998 358 30 54 34 72 90
leaf_count=74 477 24 496 36 161 38 180 12 358 30 54 34 72 90
internal_value=3.00866e-12 -0.00234108 -0.0044719 -0.00118926 -0.0101066 0.00702324 0.00455872 0.0257404 0.00470342 -0.00552207 0.00211906 -0.0162407 0.00232907 0.00846886
internal_weight=2136 1602 1224 728 197 534 378 36 460 102 531 64 342 162
internal_count=2136 1602 1224 728 197 534 378 36 460 102 531 64 342 162
is_linear=0
shrinkage=0.05


Tree=74
num_leaves=15
num_cat=0
split_feature=0 22 6 22 10 0 22 22 22 0 4 0 1 0
split_gain=15.6357 11.7198 12.7812 11.2189 7.33741 6.52931 5.50808 14.7396 9.9708 5.0529 5.02247 3.27259 2.99924 2.98101
threshold=27.330000000000002 0.93655593853549179 13.005000000000001 0.94805520968785773 -0.29389999999999994 23.575000000000003 0.9884946951290402 0.99653827729370248 0.97186771644114334 30.260000000000002 22.995000000000001 21.855000000000004 60.620000000000012 21.015000000000004
decision_type=2 2 2 2 2 2 2 2 2 2 2 2 2 2
left_child=1 2 11 4 -3 13 8 -8 -5 -2 -7 -1 -13 -4
right_child=9 3 5 6 -6 10 7 -9 -10 -11 -12 12 -14 -15
leaf_value=0.033171610347926615 -0.012196410043201556 0.067836896397850732 0.012284016074045213 0.010781287807325849 0.020499509364708502 -0.022645226956751103 0.027021864533923114 -0.00090666956304773401 -0.010369271549947321 -0.048793164417147643 -0.0042834662916612061 -0.0015266419564270311 0.01359261964156277 0.00064748512750133669
leaf_weight=15.999999999999998 166 10.999999999999998 64 114 32 39 88 102 109 9.9999999999999982 826 45 121 393
leaf_count=16 166 11 64 114 32 39 88 102 109 10 826 45 121 393
internal_value=-1.25807e-11 0.00128191 -0.000847018 0.00830362 0.0326091 -0.00255724 0.00577303 0.0120287 0.000443122 -0.0142758 -0.00511134 0.0115756 0.00949402 0.00227711
internal_weight=2136 1960 1504 456 43 1322 413 190 223 176 865 182 166 457
internal_count=2136 1960 1504 456 43 1322 413 190 223 176 865 182 166 457
is_linear=0
shrinkage=0.05


Tree=75
num_leaves=15
num_cat=0
split_feature=0 5 0 0 8 4 1 24 0 24 0 24 0 1
split_gain=14.1112 10.5382 7.77256 5.62861 4.82827 4.57343 4.15881 3.72298 3.45311 3.09911 3.08054 2.82154 2.35438 2.35314
threshold=27.330000000000002 420.44500000000005 23.755000000000006 21.655000000000005 17.745000000000005 22.995000000000001 62.995000000000012 1.5000000000000002 20.295000000000005 1.5000000000000002 24.405000000000005 1.5000000000000002 22.825000000000003 67.140000000000015
decision_type=2 2 2 2 2 2 2 2 2 2 2 2 2 2
left_child=1 3 8 -1 9 10 12 -7 -3 -2 -4 -10 -5 -8
right_child=4 2 5 6 -6 7 13 -9 11 -11 -12 -13 -14 -15
leaf_value=0.025570319169200956 -0.022794133946590592 0.020011395270064958 -0.011030681586513918 0.013341689222891416 -0.038097862630254692 -0.0075665644940618483 0.016135029799842573 -0.00059507068370937748 -0.0021468567815685203 -0.0066896779592922444 -0.039426781179813242 0.0055476550552883801 -0.0024607158341013748 0.006395913714605253
leaf_weight=40 40 31 36 28 18 284 97 588 184 118 12.999999999999998 338 149 172
leaf_count=40 40 31 36 28 18 284 97 588 184 118 13 338 149 172
internal_value=6.68734e-12 0.00121781 -0.000887395 0.00760273 -0.013562 -0.00370082 0.00599129 -0.0028656 0.00379826 -0.0107668 -0.0185643 0.00283541 3.90997e-05 0.00990779
internal_weight=2136 1960 1474 486 176 921 446 872 553 158 49 522 177 269
internal_count=2136 1960 1474 486 176 921 446 872 553 158 49 522 177 269
is_linear=0
shrinkage=0.05


Tree=76
num_leaves=15
num_cat=0
split_feature=22 20 5 22 22 22 22 22 5 9 22 22 4 22
split_gain=11.6803 14.174 10.8783 8.51343 14.8058 12.6416 8.8239 8.35652 8.17269 6.04552 6.00958 10.5698 5.01796 4.75221
threshold=0.74081089433267733 16775.780000000002 380.89500000000004 0.16269055358644466 0.28003368959032676 0.26347957579725428 0.58741554219704073 0.7957718639449195 739.99000000000012 0.24500000000000002 0.89546819317495652 0.81613017994572579 28.215000000000003 0.78523795966413312
decision_type=2 2 2 2 2 2 2 2 2 2 2 2 2 2
left_child=1 3 10 9 5 -5 -6 8 13 -1 11 -2 -9 -4
right_child=2 -3 7 4 6 -7 -8 12 -10 -11 -12 -13 -14 -15
leaf_value=-0.010367340718152091 0.029991471363298064 0.0062379786145712671 0.030259413984604178 -0.018053473051016532 -0.00080385733566799898 -0.063312861654493555 -0.013586874765180121 0.0019123500266070373 -0.0069120485087235777 0.012865785444487951 0.025713674507943204 -0.017305352318066139 -0.0087265910587756707 -0.0012055414604643982
leaf_weight=42 21 276 60 108 360 18 216 665 30 84 81 27 133 14.999999999999998
leaf_count=42 21 276 60 108 360 18 216 665 30 84 81 27 133 15
internal_value=7.18876e-12 -0.0035748 0.00382421 -0.00684573 -0.00899368 -0.0245191 -0.00559749 0.00188394 0.015144 0.00512141 0.0174061 0.00338701 0.000139193 0.0239664
internal_weight=2136 1104 1032 828 702 126 576 903 105 126 129 48 798 75
internal_count=2136 1104 1032 828 702 126 576 903 105 126 129 48 798 75
is_linear=0
shrinkage=0.05


Tree=77
num_leaves=15
num_cat=0
split_feature=6 4 22 22 22 22 22 22 1 22 22 20 22 1
split_gain=11.1267 11.0465 8.84616 11.0636 8.44422 6.46225 9.90417 8.63308 6.20677 6.02314 4.96246 4.65131 4.55034 4.37691
threshold=24.295000000000005 25.035000000000004 0.16269055358644466 0.69287764045535594 0.31288844364721724 0.58741554219704073 0.64166506163122816 0.28003368959032676 55.110000000000007 0.93038971866793763 0.16269055358644466 16775.780000000002 0.95338485815333007 71.035000000000011
decision_type=2 2 2 2 2 2 2 2 2 2 2 2 2 2
left_child=1 9 -2 5 10 7 -7 -4 -5 -1 -3 12 -11 -10
right_child=2 4 3 8 -6 6 -8 -9 13 11 -12 -13 -14 -15
leaf_value=0.0045754743593274345 0.015775468027485268 -0.0013218007056922136 -0.031555168051272633 0.025937580591753912 0.00091540391771864041 -0.05564498542031894 -0.010220670017103355 -0.0052164269560792797 -0.0068947406108712866 0.045718262261814545 -0.018573530206828368 0.0048793724887738268 0.017611512032130527 0.009185192796384108
leaf_weight=473 42 72 42 19 812 24 24 120 210 18 99 56 72 53
leaf_count=473 42 72 42 19 812 24 24 120 210 18 99 56 72 53
internal_value=6.18116e-12 0.0020835 -0.00625049 -0.00813075 -0.00121123 -0.0168194 -0.0329328 -0.012045 -0.00166052 0.00731567 -0.0113096 0.0161932 0.0232329 -0.0036543
internal_weight=2136 1602 534 492 983 210 48 162 282 619 171 146 90 263
internal_count=2136 1602 534 492 983 210 48 162 282 619 171 146 90 263
is_linear=0
shrinkage=0.05


Tree=78
num_leaves=15
num_cat=0
split_feature=0 0 23 23 23 13 23 23 6 23 6 23 3 10
split_gain=12.4361 8.06026 6.44544 9.1961 7.93861 7.34128 6.74212 24.6005 6.17252 5.35406 4.23869 3.71833 3.62345 4.61796
threshold=26.070000000000004 20.940000000000001 0.86545531305655499 0.98663965293901656 0.94975093725139803 0.32500000000000007 0.80923976778408746 0.79901556149977504 30.380000000000006 0.35041260675351149 13.005000000000001 0.84771273534009206 36.000000000000007 -0.29389999999999994
decision_type=2 2 2 2 2 2 2 2 2 2 2 2 2 2
left_child=1 -1 6 4 -4 -5 7 -3 9 12 -11 -8 -2 -14
right_child=8 2 3 5 -6 -7 11 -9 -10 10 -12 -13 13 -15
leaf_value=0.017759010559114229 -0.012406048316346563 0.0031446855364037902 -0.00069667353814653631 -0.010730887123250536 -0.014928203792797842 0.01638614542075786 0.02347167670406157 -0.059356465470045805 -0.023290938761568181 0.0053107084463471961 -0.011220028263003931 0.0033811650279833867 0.032346596030725372 0.0032340234844014052
leaf_weight=77 23 983 218 35 178 87 61 15.999999999999998 54 46 247 37 18 56
leaf_count=77 23 983 218 35 178 87 61 16 54 46 247 37 18 56
internal_value=-1.14671e-11 0.00195435 0.00120082 -0.00339591 -0.00709367 0.00860667 0.00337137 0.00214367 -0.00744766 -0.00525397 -0.00862476 0.0158865 0.00492789 0.0103155
internal_weight=2136 1692 1615 518 396 122 1097 999 444 390 293 98 97 74
internal_count=2136 1692 1615 518 396 122 1097 999 444 390 293 98 97 74
is_linear=0
shrinkage=0.05


Tree=79
num_leaves=15
num_cat=0
split_feature=6 4 23 23 23 23 23 4 23 23 23 1 1 23
split_gain=9.87903 9.47804 7.70489 9.90502 11.2432 10.374 7.62148 6.40271 5.43853 5.41073 4.606 4.52348 4.2137 7.97215
threshold=24.295000000000005 26.335000000000004 0.98663965293901656 0.44504239796885176 0.52032336593087203 0.72100388094302625 0.84771273534009206 21.465000000000003 0.81922450700169669 0.41397665785662119 0.46038001402560286 55.110000000000007 62.790000000000006 0.36647099799968202
decision_type=2 2 2 2 2 2 2 2 2 2 2 2 2 2
left_child=1 7 3 9 -5 -6 8 10 -3 11 -1 -2 13 -9
right_child=2 6 -4 4 5 -7 -8 12 -10 -11 -12 -13 -14 -15
leaf_value=0.053010627925395973 0.024182832284885297 -0.00037350472698711865 0.014666476530865544 -0.041799935569579255 0.0045060675772320901 -0.015783461093170834 -0.010950036772307279 0.013020879706471332 0.025735720841302757 0.034787966962903739 0.014872357766389064 -0.0032077726568410497 0.0068579943602680195 -0.0040205900591981812
leaf_weight=9.9999999999999982 17 397 42 30 90 210 199 90 21 11.999999999999998 38 133 558 289
leaf_count=10 17 397 42 30 90 210 199 90 21 12 38 133 558 289
internal_value=2.75131e-12 0.00196321 -0.00588962 -0.00764441 -0.0126151 -0.0096966 -0.00289609 0.00500705 0.000938203 0.00248105 0.0228178 -0.000103504 0.00409465 2.6197e-05
internal_weight=2136 1602 534 492 330 300 617 985 418 162 48 150 937 379
internal_count=2136 1602 534 492 330 300 617 985 418 162 48 150 937 379
is_linear=0
shrinkage=0.05


Tree=80
num_leaves=15
num_cat=0
split_feature=0 22 22 6 0 7 22 9 0 22 22 0 5 22
split_gain=11.3082 9.25076 19.7626 10.553 7.04893 6.94356 7.06853 5.60769 4.89533 3.65195 8.4753 3.43959 3.07811 2.88263
threshold=27.755000000000006 0.31288844364721724 0.16269055358644466 30.380000000000006 23.305000000000003 114.54000000000001 0.2965049369093406 0.24500000000000002 19.805000000000003 0.78523795966413312 0.82594856731250699 30.260000000000002 420.44500000000005 0.37744852145085445
decision_type=2 2 2 2 2 2 2 2 2 2 2 2 2 2
left_child=1 2 7 4 8 6 -4 -1 -3 13 -11 -2 -6 -5
right_child=11 3 5 9 12 -7 -8 -9 -10 10 -12 -13 -14 -15
leaf_value=-0.008983971096756983 -0.01267496587582005 0.035929238664753303 -0.0094086841478311263 0.0088421817530285243 0.0062318371513787538 -0.040443010196591231 -0.040197399240874114 0.012434685487896786 0.0084999859792678125 0.037764813378453256 -0.0067536518290135256 -0.043389512225985527 0.00016944341287135583 -0.018359425893765598
leaf_weight=41 103 17 166 10.999999999999998 289 26 21 120 377 11.999999999999998 98 9.9999999999999982 760 85
leaf_count=41 103 17 166 11 289 26 21 120 377 12 98 10 760 85
internal_value=1.32848e-14 0.00085982 -0.0062398 0.00247004 0.00398134 -0.0162324 -0.0128662 0.00698024 0.00968348 -0.00811635 -0.00189709 -0.0153931 0.00183964 -0.0152426
internal_weight=2136 2023 374 1649 1443 213 187 161 394 206 110 113 1049 96
internal_count=2136 2023 374 1649 1443 213 187 161 394 206 110 113 1049 96
is_linear=0
shrinkage=0.05


Tree=81
num_leaves=15
num_cat=0
split_feature=0 0 22 0 22 22 22 9 22 22 22 20 0 10
split_gain=10.3312 5.93337 5.75 7.73278 6.76433 4.18191 6.99788 6.51561 5.58177 7.21579 5.55988 4.13656 3.79092 3.76189
threshold=25.615000000000006 20.940000000000001 0.98575081589502089 29.020000000000003 0.99653827729370248 0.5009122898073749 0.16269055358644466 0.24500000000000002 0.57340843044527534 0.60124882823926262 0.31288844364721724 15014.405000000001 26.545000000000005 -0.013599999999999998
decision_type=2 2 2 2 2 2 2 2 2 2 2 2 2 2
left_child=1 -1 3 -2 12 6 7 -3 11 -10 -8 -7 -4 -14
right_child=2 5 4 -5 -6 8 10 -9 9 -11 -12 -13 13 -15
leaf_value=0.015716505302237227 -0.0056953432713493304 -0.010149135926004613 0.049500814601778992 -0.029105339776479496 -0.0062799261106799053 0.026322156967679883 -0.012386357989661131 0.01625577633793 -0.021429035229788673 0.0031219116596606679 -4.8011806808062835e-05 0.00224426468834281 0.033262829668819903 -0.0055594383237453603
leaf_weight=77 492 33 9.9999999999999982 38 42 44 168 80 31 866 200 30 12 13
leaf_count=77 492 33 10 38 42 44 168 80 31 866 200 30 12 13
internal_value=-7.17649e-12 0.00219096 -0.00551891 -0.0073738 0.00724847 0.0014737 -0.00233881 0.00854461 0.00336228 0.00227344 -0.00568074 0.0165608 0.0234826 0.0130753
internal_weight=2136 1529 607 530 77 1452 481 113 971 897 368 74 35 25
internal_count=2136 1529 607 530 77 1452 481 113 971 897 368 74 35 25
is_linear=0
shrinkage=0.05


Tree=82
num_leaves=15
num_cat=0
split_feature=0 0 23 23 23 4 23 23 23 1 0 9 1 0
split_gain=9.4686 6.8807 6.32108 11.4463 8.38442 7.80357 5.30958 5.21727 3.96674 3.92045 3.76191 3.577 2.91403 2.71252
threshold=27.045000000000005 22.605000000000004 0.15101078994440373 0.082689073440128144 0.099818867260593996 22.995000000000001 0.96901616890815878 0.23537026727555119 0.65881608208381881 72.235000000000014 30.260000000000002 0.46000000000000002 70.190000000000012 19.805000000000003
decision_type=2 2 2 2 2 2 2 2 2 2 2 2 2 2
left_child=1 8 3 11 -5 6 -4 -7 13 12 -2 -3 -10 -1
right_child=10 2 5 4 -6 7 -8 -9 9 -11 -12 -13 -14 -15
leaf_value=0.039200269542634489 -0.0083792623982004294 -0.0089570910676813383 -0.020080041177570822 0.050138926226645709 0.013000591606409713 -0.012659036289946532 0.015586289375399551 0.00043980713094345694 0.0019930735129257047 0.018319116166925855 -0.039764770190231502 0.013539009046508 -0.02111357325067123 0.012161225580348401
leaf_weight=9.9999999999999982 211 67 80 21 55 81 11.999999999999998 1236 151 35 9.9999999999999982 24 14.999999999999998 128
leaf_count=10 211 67 80 21 55 81 12 1236 151 35 10 24 15 128
internal_value=1.24886e-11 0.0011309 -0.000259129 0.00893869 0.0232625 -0.00134929 -0.0154279 -0.000365816 0.00759309 0.00311154 -0.00979942 -0.00302405 -9.48765e-05 0.0141206
internal_weight=2136 1915 1576 167 76 1409 92 1317 339 201 221 91 166 138
internal_count=2136 1915 1576 167 76 1409 92 1317 339 201 221 91 166 138
is_linear=0
shrinkage=0.05


Tree=83
num_leaves=15
num_cat=0
split_feature=0 6 0 22 22 22 22 22 9 6 22 3 22 4
split_gain=8.7565 5.5819 4.95505 4.83332 6.3174 3.74866 10.5895 6.1205 5.8351 5.69967 3.68751 3.4142 3.09729 2.97961
threshold=25.615000000000006 30.380000000000006 20.940000000000001 0.36146417736073544 0.16269055358644466 0.31288844364721724 0.16269055358644466 0.2965049369093406 0.24500000000000002 30.380000000000006 0.28003368959032676 36.000000000000007 0.5009122898073749 26.335000000000004
decision_type=2 2 2 2 2 2 2 2 2 2 2 2 2 2
left_child=2 3 -1 4 -2 6 8 -8 -4 13 -6 -3 -11 -7
right_child=1 11 5 -5 10 9 7 -9 -10 12 -12 -13 -14 -15
leaf_value=0.014377364144938721 0.00050656153943319548 -0.0022997893315429489 -0.009680143506689505 -0.0010443567184974607 -0.037093387776985766 0.005425565681902559 -0.0082768044234571066 -0.037746277060359719 0.015307842468610035 -0.022209266609010792 -0.010284696790673164 -0.025169169990455403 -0.0032153377105004904 -0.00096190563095400908
leaf_weight=77 44 24 33 436 29 784 148 20 80 26 23 51 123 238
leaf_count=77 44 24 33 436 29 784 148 20 80 26 23 51 123 238
internal_value=-5.49859e-11 -0.00508094 0.00201709 -0.00328065 -0.0134372 0.00136162 -0.00382459 -0.0117851 0.00801047 0.00260613 -0.0252357 -0.017851 -0.00652971 0.00393807
internal_weight=2136 607 1529 532 96 1452 281 168 113 1171 52 75 149 1022
internal_count=2136 607 1529 532 96 1452 281 168 113 1171 52 75 149 1022
is_linear=0
shrinkage=0.05


Tree=84
num_leaves=15
num_cat=0
split_feature=0 22 22 6 7 22 0 9 4 22 22 22 1 0
split_gain=8.33066 7.11474 14.9897 8.17438 6.15235 5.88676 5.32388 4.21743 3.84894 3.04415 6.69438 3.15809 2.61938 2.61249
threshold=27.680000000000003 0.31288844364721724 0.16269055358644466 30.380000000000006 114.54000000000001 0.2965049369093406 19.805000000000003 0.24500000000000002 25.715000000000003 0.5009122898073749 0.42471264173135381 0.55923163791368669 72.580000000000013 30.260000000000002
decision_type=2 2 2 2 2 2 2 2 2 2 2 2 2 2
left_child=1 2 7 6 5 -4 -3 -1 -8 10 -5 -11 -9 -2
right_child=13 3 4 9 -6 -7 8 12 -10 11 -12 -13 -14 -15
leaf_value=-0.0078004812072144771 -0.010649207975829659 0.031316841788151688 -0.0078482174599285148 -0.0016607227921485901 -0.036961622887219374 -0.035945566947616282 0.0057889791882086402 0.0077732026660916609 0.0005862479424461795 0.021504132271828978 -0.04584814514964819 -0.0061978990762676083 0.028957642034134447 -0.037362441923469304
leaf_weight=41 108 17 166 20 26 21 706 103 716 10.999999999999998 14.999999999999998 159 17 9.9999999999999982
leaf_count=41 108 17 166 20 26 21 706 103 716 11 15 159 17 10
internal_value=-3.46766e-12 0.000755074 -0.00546942 0.00217111 -0.0141721 -0.0110035 0.00350185 0.0060441 0.00316932 -0.00717003 -0.0205982 -0.00440541 0.0107743 -0.012913
internal_weight=2136 2018 374 1644 213 187 1439 161 1422 205 35 170 120 118
internal_count=2136 2018 374 1644 213 187 1439 161 1422 205 35 170 120 118
is_linear=0
shrinkage=0.05


Tree=85
num_leaves=15
num_cat=0
split_feature=22 22 6 10 22 22 20 22 22 9 22 22 1 9
split_gain=7.3997 10.8307 9.38828 7.87204 4.86961 14.5585 11.2975 7.43462 14.8607 4.75267 2.96606 3.48871 6.02866 2.95321
threshold=0.93655593853549179 0.94805520968785773 13.005000000000001 -0.29389999999999994 0.9884946951290402 0.99653827729370248 15014.405000000001 0.97186771644114334 0.96319629568591714 0.46000000000000002 0.87962967011031401 0.31288844364721724 60.400000000000006 0.37500000000000006
decision_type=2 2 2 2 2 2 2 2 2 2 2 2 2 2
left_child=2 3 10 -2 7 6 -6 8 -3 -7 11 12 -1 -5
right_child=1 4 -4 13 5 9 -8 -9 -10 -11 -12 -13 -14 -15
leaf_value=-0.030018988308998257 0.062958617197970551 -0.007550527151195436 -0.0030687837662222561 0.030517459464155967 0.036163276148339113 -0.0089912776369601485 0.00073331447525156867 -0.010784405808274946 0.028365891095988145 0.013988581535716853 -0.0081130248339225854 0.014797125115482727 0.0098555180377193873 0.0018759373834149704
leaf_weight=12.999999999999998 11.999999999999998 72 1428 18 60 90 36 120 48 30 24 132 35 18
leaf_count=13 12 72 1428 18 60 90 36 120 48 30 24 132 35 18
internal_value=1.63024e-12 0.00529567 -0.00163543 0.0278872 0.00291762 0.00836407 0.022877 -0.00198418 0.00681604 -0.00324631 0.00839806 0.0105995 -0.000943827 0.0161967
internal_weight=2136 504 1632 48 456 216 96 240 120 120 204 180 48 36
internal_count=2136 504 1632 48 456 216 96 240 120 120 204 180 48 36
is_linear=0
shrinkage=0.05


Tree=86
num_leaves=15
num_cat=0
split_feature=0 22 6 22 10 22 10 9 22 22 22 22 6 6
split_gain=7.49749 5.82331 7.46993 7.02528 7.48978 6.10973 9.54938 6.04286 5.44048 24.956 14.784 3.42526 3.38474 2.87282
threshold=27.005000000000006 0.74081089433267733 13.005000000000001 0.7957718639449195 -0.013599999999999998 0.89546819317495652 -0.43784999999999996 0.24500000000000002 0.58741554219704073 0.60124882823926262 0.53038584004487344 0.78523795966413312 30.380000000000006 16.460000000000004
decision_type=2 2 2 2 2 2 2 2 2 2 2 2 2 2
left_child=1 2 -1 4 11 7 -7 -5 10 -10 -4 -3 -2 -6
right_child=12 3 8 5 13 6 -8 -9 9 -11 -12 -13 -14 -15
leaf_value=0.010147127188388025 -0.0064537219896643842 0.034329191030701624 -0.003529091830534202 0.0091093323674936912 0.021931013278663161 0.021644295256584886 0.0024887586200472052 -0.0094768197356982272 -0.064730650813956014 -0.0048550652557981747 0.020483815958929577 0.0020418851263821129 -0.025961982794106012 -0.0034073216258548203
leaf_weight=119 201 46 584 59 14.999999999999998 75 491 169 19 207 72 9.9999999999999982 25 44
leaf_count=119 201 46 584 59 15 75 491 169 19 207 72 10 25 44
internal_value=3.72627e-11 0.00101898 -0.00161192 0.00391614 0.0154661 0.00224329 0.00502704 -0.00466725 -0.00319845 -0.00988885 -0.000893529 0.0285636 -0.00861172 0.00303463
internal_weight=2136 1910 1001 909 115 794 566 228 882 226 656 56 226 59
internal_count=2136 1910 1001 909 115 794 566 228 882 226 656 56 226 59
is_linear=0
shrinkage=0.05


Tree=87
num_leaves=15
num_cat=0
split_feature=0 22 22 22 9 6 22 22 22 22 22 22 22 2
split_gain=7.14349 5.8039 11.761 8.3186 11.2903 6.19164 5.48072 4.66473 4.45828 8.6294 5.38418 4.40272 3.46674 3.30399
threshold=22.605000000000004 0.9884946951290402 0.99653827729370248 0.99496844910615079 0.37500000000000006 30.380000000000006 0.99310419374700554 0.24684749415872467 0.31288844364721724 0.2965049369093406 0.97186771644114334 0.64166506163122816 0.99879288126755872 2.0100000000000002
decision_type=2 2 2 2 2 2 2 2 2 2 2 2 2 2
left_child=13 5 3 6 -5 8 -3 -7 9 -2 -10 -9 -4 -1
right_child=1 2 12 4 -6 7 -8 11 10 -11 -12 -13 -14 -15
leaf_value=0.0055952156109183478 -0.0042351017873165494 0.021589167034696967 -0.014985388366852044 0.080079035460948925 0.0099497816864062439 0.008223716003288117 -0.010212156400084497 -0.024512738865403245 0.0013445032977653763 -0.037546528591996149 -0.011277976086231597 -0.0075931031285095367 0.0032055665113365477 0.029598523670186602
leaf_weight=324 262 42 43 12.000000000000002 10.999999999999998 28 20 61 1034 21 92 104 67 14.999999999999998
leaf_count=324 262 42 43 12 11 28 20 61 1034 21 92 104 67 15
internal_value=-1.20799e-11 -0.00125589 0.00688871 0.0208576 0.046539 -0.00224727 0.0113307 -0.0106461 -0.00109683 -0.00670697 0.000313182 -0.0138482 -0.00390544 0.00665731
internal_weight=2136 1797 195 85 23 1602 62 193 1409 283 1126 165 110 339
internal_count=2136 1797 195 85 23 1602 62 193 1409 283 1126 165 110 339
is_linear=0
shrinkage=0.05


Tree=88
num_leaves=15
num_cat=0
split_feature=0 23 23 7 10 0 2 23 23 23 23 1 23 23
split_gain=6.85297 5.53362 9.80302 6.99304 6.40205 4.34839 5.05015 3.66052 6.33486 4.99806 2.81597 2.65786 2.43138 2.42079
threshold=27.755000000000006 0.35041260675351149 0.31798952869803615 49.140000000000008 -0.29389999999999994 25.985000000000003 2.3300000000000005 0.2851900856177319 0.23537026727555119 0.30163443639916493 0.47558139622940165 61.490000000000002 0.94975093725139803 0.44504239796885176
decision_type=2 2 2 2 2 2 2 2 2 2 2 2 2 2
left_child=1 2 7 10 -4 11 -7 8 -1 -9 -3 -5 -12 -2
right_child=13 3 4 5 -6 6 -8 9 -10 -11 12 -13 -14 -15
leaf_value=0.0016310144580926043 -0.0024679466239398437 -0.0081921572888108054 0.059024248027708386 -0.0043242654515491009 0.016199952639726688 -0.010460635573933057 0.015223189784834782 -0.026710409233751505 0.018178474057947851 0.0062522151163252803 0.014077366260732183 0.00091527269078590977 0.00038194488695973472 -0.017611709885499243
leaf_weight=312 42 23 11.999999999999998 353 32 216 21 23 71 23 123 770 44 71
leaf_count=312 42 23 12 353 32 216 21 23 71 23 123 770 44 71
internal_value=-8.64224e-12 0.000669345 0.00540317 -0.000775235 0.0278793 -0.00203053 -0.00818485 0.00309792 0.00469856 -0.0102291 0.00821001 -0.000731706 0.010469 -0.0119831
internal_weight=2136 2023 473 1550 44 1360 237 429 383 46 190 1123 167 113
internal_count=2136 2023 473 1550 44 1360 237 429 383 46 190 1123 167 113
is_linear=0
shrinkage=0.05


Tree=89
num_leaves=15
num_cat=0
split_feature=0 22 0 0 22 4 22 22 22 22 22 22 5 1
split_gain=6.29877 4.61436 4.11785 4.06661 3.3434 2.80287 2.7444 5.31676 5.12805 5.71089 4.41502 3.90283 2.42473 3.23281
threshold=25.615000000000006 0.69287764045535594 29.360000000000003 20.090000000000003 0.66766646831012755 25.185000000000006 0.5009122898073749 0.44022217077093501 0.57340843044527534 0.60124882823926262 0.53038584004487344 0.31288844364721724 420.44500000000005 75.565000000000012
decision_type=2 2 2 2 2 2 2 2 2 2 2 2 2 2
left_child=3 2 4 -1 5 -2 7 11 10 -10 -8 -5 13 -3
right_child=1 12 -4 6 -6 -7 8 -9 9 -11 -12 -13 -14 -15
leaf_value=0.019938076911494136 -0.02336948549685379 0.010521763868125467 -0.032908743356957156 -0.0029716521702149688 -0.027702102221940694 -0.0042507581538600127 0.0015751937249054511 -0.014686177419635522 -0.018648600104180249 0.0025344437157390296 0.024844067470428159 0.0072111852515176419 -0.0028397172034156214 -0.019743133932352067
leaf_weight=30 21 75 17 287 19 220 36 68 33 888 47 140 245 9.9999999999999982
leaf_count=30 21 75 17 287 19 220 36 68 33 888 47 140 245 10
internal_value=1.5869e-11 -0.0043093 -0.00906756 0.00171075 -0.00750872 -0.00591671 0.00134597 -0.00170093 0.00284817 0.00177544 0.0147515 0.000366983 -0.000315242 0.00696119
internal_weight=2136 607 277 1529 260 241 1499 495 1004 921 83 427 330 85
internal_count=2136 607 277 1529 260 241 1499 495 1004 921 83 427 330 85
is_linear=0
shrinkage=0.05


Tree=90
num_leaves=15
num_cat=0
split_feature=0 22 22 20 22 6 22 4 22 22 22 22 4 22
split_gain=5.98743 4.98181 10.622 7.78802 10.7711 5.30682 4.37883 4.11755 4.85084 3.771 3.13477 3.06074 2.92477 2.83275
threshold=22.605000000000004 0.9884946951290402 0.99653827729370248 15014.405000000001 0.99496844910615079 30.380000000000006 0.24684749415872467 26.665000000000003 0.28003368959032676 0.64166506163122816 0.99879288126755872 0.7522548710148802 25.715000000000003 0.97186771644114334
decision_type=2 2 2 2 2 2 2 2 2 2 2 2 2 2
left_child=11 5 3 4 -3 7 -7 13 -9 -8 -4 -1 -12 -2
right_child=1 2 10 -5 -6 6 9 8 -10 -11 12 -13 -14 -15
leaf_value=0.0021582316605499321 0.0021057464060880915 0.017299132840707897 -0.014398259313934115 -0.00082125095650553703 0.06698183099428813 0.0084385568874755078 -0.022816119379684575 -0.013945700829096425 -0.0020792583014677553 -0.0071573059560390761 0.01522893501179559 0.011828650023043326 -0.0059518593817185139 -0.010183680199086666
leaf_weight=201 754 40 43 30 14.999999999999998 28 61 104 501 104 28 138 39 50
leaf_count=201 754 40 43 30 15 28 61 104 501 104 28 138 39 50
internal_value=3.26652e-12 -0.00114978 0.00639599 0.0196712 0.030849 -0.00206827 -0.00984385 -0.0010032 -0.00411911 -0.0129463 -0.00386216 0.00609486 0.00289982 0.00134148
internal_weight=2136 1797 195 85 55 1602 193 1409 605 165 110 339 67 804
internal_count=2136 1797 195 85 55 1602 193 1409 605 165 110 339 67 804
is_linear=0
shrinkage=0.05


Tree=91
num_leaves=15
num_cat=0
split_feature=0 23 23 6 7 23 0 9 0 1 1 6 23 23
split_gain=5.60019 4.57634 13.0303 5.44959 5.44209 4.66954 4.20597 3.62363 2.74831 2.39622 2.35625 2.15738 1.71694 1.41717
threshold=27.755000000000006 0.94975093725139803 0.98663965293901656 30.380000000000006 114.54000000000001 0.95499258812111987 19.805000000000003 0.24500000000000002 23.305000000000003 77.860000000000014 72.580000000000013 30.380000000000006 0.065534810592492068 0.99165201056713148
decision_type=2 2 2 2 2 2 2 2 2 2 2 2 2 2
left_child=1 3 4 6 5 -3 -1 13 -8 12 -9 -2 -5 -4
right_child=11 2 7 9 -6 -7 8 10 -10 -11 -12 -13 -14 -15
leaf_value=0.027546890825033189 -0.0083415631134994336 -0.031736521204445693 0.0088648000901395633 0.013672975120910756 -0.033936110647538535 -0.0067120927793614801 0.00619042820554407 0.0078844234133726987 0.0012130108563276829 -0.029743985682725904 0.027976659773027199 -0.029993698975214589 -0.005846882396176427 -0.012115683636317652
leaf_weight=17 100 21 10.999999999999998 11.999999999999998 26 166 377 103 1049 9.9999999999999982 17 12.999999999999998 184 30
leaf_count=17 100 21 11 12 26 166 377 103 1049 10 17 13 184 30
internal_value=-2.45223e-11 0.000605079 -0.00438843 0.00173763 -0.0125024 -0.00952232 0.00282366 0.00634622 0.00252892 -0.00586986 0.0107308 -0.0108325 -0.00465179 -0.00648677
internal_weight=2136 2023 374 1649 213 187 1443 161 1426 206 120 113 196 41
internal_count=2136 2023 374 1649 213 187 1443 161 1426 206 120 113 196 41
is_linear=0
shrinkage=0.05


Tree=92
num_leaves=15
num_cat=0
split_feature=6 22 22 22 22 22 20 4 7 23 22 22 22 4
split_gain=4.9439 4.8972 5.69005 5.99097 4.61832 9.34304 6.99075 4.22408 3.94374 3.94161 3.60558 12.2776 5.53227 2.94528
threshold=24.295000000000005 0.16269055358644466 0.28003368959032676 0.23014236637527921 0.9884946951290402 0.99653827729370248 16775.780000000002 25.985000000000003 68.540000000000006 0.099818867260593996 0.89546819317495652 0.85392600138668617 0.97186771644114334 21.465000000000003
decision_type=2 2 2 2 2 2 2 2 2 2 2 2 2 2
left_child=4 -2 3 -3 7 6 9 13 -7 -6 11 -4 -12 -1
right_child=1 2 10 -5 5 8 -8 -9 -10 -11 12 -13 -14 -15
leaf_value=0.015178578334820012 0.012221766298725492 -0.0068120026029646402 -0.0037590900207499708 -0.044971381272706723 0.058651239797472957 0.0060537963682630418 0.00078432695008814337 -0.0025606923871242817 -0.016149089013536771 0.025562074821856285 0.011633391450278653 -0.037554133882125224 -0.0068589717000057662 0.0021489771865330523
leaf_weight=46 42 24 258 18 11.999999999999998 60 24 635 30 36 78 30 84 759
leaf_count=46 42 24 258 18 12 60 24 635 30 36 78 30 84 759
internal_value=3.72075e-11 -0.00416644 -0.00556543 -0.023166 0.00138881 0.00939277 0.0228177 0.000488367 -0.00134717 0.0338344 -0.00392271 -0.00727941 0.00204476 0.00289353
internal_weight=2136 534 492 42 1602 162 72 1440 90 48 450 288 162 805
internal_count=2136 534 492 42 1602 162 72 1440 90 48 450 288 162 805
is_linear=0
shrinkage=0.05


Tree=93
num_leaves=15
num_cat=0
split_feature=0 22 22 6 10 22 22 22 0 1 1 22 1 0
split_gain=4.94811 4.06818 8.7011 6.0194 5.73244 3.30946 5.805 4.53883 3.2774 2.47664 2.43319 2.141 2.25991 2.04995
threshold=27.680000000000003 0.93655593853549179 0.94805520968785773 13.005000000000001 -0.29389999999999994 0.95843238470078729 0.97186771644114334 0.95338485815333007 25.985000000000003 69.230000000000004 61.490000000000002 0.87962967011031401 60.830000000000005 30.260000000000002
decision_type=2 2 2 2 2 2 2 2 2 2 2 2 2 2
left_child=1 3 4 11 -3 7 -7 -4 10 -10 -5 12 -1 -2
right_child=13 2 5 8 -6 6 -8 -9 9 -11 -12 -13 -14 -15
leaf_value=0.00038621002372275011 -0.0079466165996294608 0.055289069035400956 0.005504058527193316 -0.0041330730071272859 0.014766154820972589 0.016893967481093928 0.001048929061402995 -0.025907743851775713 -0.010703230046638056 0.00030822230735793715 0.00088013171275787359 -0.0069302111387845467 0.01333552604255525 -0.031609641676768663
leaf_weight=47 108 11.999999999999998 23 353 32 71 311 23 160 75 770 22 119 9.9999999999999982
leaf_count=47 108 12 23 353 32 71 311 23 160 75 770 22 119 10
internal_value=-1.0309e-11 0.000581928 0.00464489 -0.000658511 0.0258179 0.00246823 0.00399395 -0.0102018 -0.00181935 -0.00718894 -0.000695702 0.00772667 0.00966915 -0.00995196
internal_weight=2136 2018 472 1546 44 428 382 46 1358 235 1123 188 166 118
internal_count=2136 2018 472 1546 44 428 382 46 1358 235 1123 188 166 118
is_linear=0
shrinkage=0.05


Tree=94
num_leaves=15
num_cat=0
split_feature=0 0 4 22 22 0 22 11 2 4 1 22 8 8
split_gain=4.6514 4.01902 3.58803 3.73781 6.53248 3.61438 3.6926 2.73353 2.71659 2.7266 2.48693 2.15727 2.40788 2.13773
threshold=22.605000000000004 29.120000000000001 22.995000000000001 0.31288844364721724 0.16269055358644466 24.355000000000004 0.24684749415872467 -0.98919999999999997 2.0100000000000002 19.540000000000003 65.985000000000014 0.7522548710148802 7.8100000000000014 8.8550000000000022
decision_type=2 2 2 2 2 2 2 2 2 2 2 2 2 2
left_child=8 2 5 4 -4 6 -2 -3 9 -1 -9 12 -11 -5
right_child=1 7 3 13 -6 -7 -8 10 -10 11 -12 -13 -14 -15
leaf_value=0.023900768604567826 0.023018220923840999 -0.030380559487170295 0.0036275194999161029 0.0044345437048737904 -0.011391154359812024 -0.031414461135864262 -0.0091645178330686701 0.012320523899556558 0.026174183698991934 0.01432740677148104 -0.021301245638592679 0.0084559465229427973 -0.0023653228392344228 -0.00012276049873837322
leaf_weight=17 9.9999999999999982 19 124 346 174 15.999999999999998 82 11.000000000000002 14.999999999999998 25 10.999999999999998 123 159 1004
leaf_count=17 10 19 124 346 174 16 82 11 15 25 11 123 159 1004
internal_value=1.02228e-11 -0.00101341 -0.0006521 -7.35121e-05 -0.00514177 -0.00948092 -0.00566639 -0.0164883 0.00537199 0.00440893 -0.00449036 0.00332958 -9.72889e-05 0.00104526
internal_weight=2136 1797 1756 1648 298 108 92 41 339 324 22 307 184 1350
internal_count=2136 1797 1756 1648 298 108 92 41 339 324 22 307 184 1350
is_linear=0
shrinkage=0.05


Tree=95
num_leaves=15
num_cat=0
split_feature=0 22 22 10 6 22 22 22 22 5 9 22 6 1
split_gain=4.36116 3.41806 6.8187 6.25592 4.8677 5.28246 21.7639 12.0739 4.61806 7.51916 5.42748 2.99039 2.53307 3.52302
threshold=27.005000000000006 0.74081089433267733 0.7957718639449195 -0.013599999999999998 13.005000000000001 0.58741554219704073 0.60124882823926262 0.53038584004487344 0.89546819317495652 380.89500000000004 0.24500000000000002 0.78523795966413312 24.295000000000005 57.170000000000009
decision_type=2 2 2 2 2 2 2 2 2 2 2 2 2 2
left_child=1 4 3 11 -1 7 -7 -6 10 -10 -4 -3 -2 -14
right_child=12 2 8 -5 5 6 -8 -9 9 -11 -12 -13 13 -15
leaf_value=0.0082539317857458442 -0.0032408475399773318 0.031732972735873138 0.0083969626559923273 0.0030141996606489869 -0.0026297555449984853 -0.060326096650801214 -0.0044108617429931959 0.019070880086292166 0.018514286011457444 0.0015165294325039647 -0.0092174176672286182 0.0015648053772747519 0.012270701229572297 -0.020038086762306867
leaf_weight=119 162 46 59 59 584 19 207 72 75 491 169 9.9999999999999982 9.9999999999999982 54
leaf_count=119 162 46 59 59 584 19 207 72 75 491 169 10 10 54
internal_value=5.47264e-12 0.000777155 0.00299677 0.0143757 -0.00123846 -0.00251918 -0.0091117 -0.000247978 0.0013487 0.00376888 -0.00465931 0.0263458 -0.006568 -0.0149898
internal_weight=2136 1910 909 115 1001 882 226 656 794 566 228 56 226 64
internal_count=2136 1910 909 115 1001 882 226 656 794 566 228 56 226 64
is_linear=0
shrinkage=0.05


Tree=96
num_leaves=15
num_cat=0
split_feature=0 23 23 23 9 23 23 23 21 0 21 23 11 23
split_gain=4.13484 3.75516 8.7888 6.40641 9.12446 5.01187 4.36768 9.91212 8.33561 4.54542 4.35774 7.18825 3.04649 2.99761
threshold=22.605000000000004 0.15101078994440373 0.082689073440128144 0.099818867260593996 0.37500000000000006 0.1169191230723063 0.23537026727555119 0.26866134250169732 12060.420000000002 28.630000000000006 12333.330000000002 0.16799211273207912 -0.98919999999999997 0.16799211273207912
decision_type=2 2 2 2 2 2 2 2 2 2 2 2 2 2
left_child=-1 2 12 4 -4 -5 10 8 -8 -9 13 -12 -2 -3
right_child=1 6 3 5 -6 -7 7 9 -10 -11 11 -13 -14 -15
leaf_value=0.0050649235342357275 0.0062652599693198384 -0.044215600085347737 0.070360381156206117 -0.011290110163390637 0.0073153995739465407 0.019120554195805675 0.054492675093933941 -0.0012228828198605768 0.0069498827680945403 -0.01671435186907896 0.032219747391839824 -0.011437719684644519 -0.010658747793820042 -0.015457223153144524
leaf_weight=339 45 11.999999999999998 12.000000000000002 20 10.999999999999998 42 13.999999999999998 1407 27 49 11.999999999999998 44 65 37
leaf_count=339 45 12 12 20 11 42 14 1407 27 49 12 44 65 37
internal_value=-1.21334e-11 -0.000955486 0.00559576 0.0176712 0.0402084 0.00931066 -0.00175292 -0.00106149 0.023184 -0.00174423 -0.0116107 -0.00208255 -0.00373529 -0.0225001
internal_weight=2136 1797 195 85 23 62 1602 1497 41 1456 105 56 110 49
internal_count=2136 1797 195 85 23 62 1602 1497 41 1456 105 56 110 49
is_linear=0
shrinkage=0.05


Tree=97
num_leaves=15
num_cat=0
split_feature=6 22 22 22 22 22 22 4 4 22 22 22 5 22
split_gain=3.97823 4.32716 4.9562 5.40959 3.71719 12.7338 11.0144 4.7943 3.17046 2.77766 10.7142 5.3866 2.59082 2.58589
threshold=24.295000000000005 0.16269055358644466 0.28003368959032676 0.23014236637527921 0.54488935974326758 0.58741554219704073 0.60124882823926262 27.395000000000003 21.465000000000003 0.89546819317495652 0.85392600138668617 0.91024686087223017 739.99000000000012 0.12865578461947555
decision_type=2 2 2 2 2 2 2 2 2 2 2 2 2 2
left_child=4 13 3 12 7 -6 -7 -1 -8 10 -4 -11 -3 -2
right_child=1 2 9 -5 5 6 8 -9 -10 11 -12 -13 -14 -15
leaf_value=0.00032568397046524056 0.0038208649555842088 -0.022366608097217976 -0.0031770297720064519 -0.042199285907877818 0.026650519666468933 -0.037038295033077401 0.01901543837240232 -0.011095461069911335 0.0019428466070170762 0.033953135274350642 -0.034747115348776184 -0.00086043075689425086 0.010489241367516416 0.031283891728768748
leaf_weight=442 30 12 258 18 54 18 28 116 944 11.999999999999998 30 150 12 11.999999999999998
leaf_count=442 30 12 258 18 54 18 28 116 944 12 30 150 12 12
internal_value=1.12888e-11 -0.00373745 -0.0050525 -0.0214789 0.00124582 0.00300663 0.00171696 -0.0020486 0.00243465 -0.00351936 -0.00646558 0.00171835 -0.00593868 0.0116674
internal_weight=2136 534 492 42 1602 1044 990 558 972 450 288 162 24 42
internal_count=2136 534 492 42 1602 1044 990 558 972 450 288 162 24 42
is_linear=0
shrinkage=0.05


Tree=98
num_leaves=15
num_cat=0
split_feature=0 4 5 1 22 0 4 5 2 5 1 4 4 6
split_gain=3.7307 2.91835 2.57201 2.58968 2.91536 2.34089 2.73405 2.29075 2.18924 2.28271 2.14748 2.62944 2.58651 2.46142
threshold=25.365000000000006 19.540000000000003 420.44500000000005 76.655000000000015 0.74081089433267733 29.360000000000003 31.285000000000004 380.89500000000004 2.8450000000000002 679.98000000000013 52.010000000000012 26.645000000000003 25.895000000000003 24.295000000000005
decision_type=2 2 2 2 2 2 2 2 2 2 2 2 2 2
left_child=1 -1 3 4 7 8 -7 -2 -4 -10 11 12 -3 -12
right_child=2 10 5 -5 -6 6 -8 -9 9 -11 13 -13 -14 -15
leaf_value=0.021470931327591342 -0.010041016781857858 0.0094291128888444025 -0.0048120811673164855 -0.015404029739530464 0.011121215838312101 -0.038380784541368479 -0.00451111919604815 0.0060973518924668521 -0.0019637227648248274 0.028876657783985141 0.001930457734997617 0.032941061910241841 -0.016759011149406432 -0.0030928191357228606
leaf_weight=18 45 66 470 19 78 11.000000000000002 12.999999999999998 43 15.000000000000002 9.9999999999999982 1005 9.9999999999999982 10.999999999999998 322
leaf_count=18 45 66 470 19 78 11 13 43 15 10 1005 10 11 322
internal_value=1.29887e-11 0.00146514 -0.00298023 0.00208172 0.0040831 -0.00478459 -0.0200347 -0.00215522 -0.00404519 0.0103724 0.00121047 0.00882049 0.00568795 0.000711547
internal_weight=2136 1432 704 185 166 519 24 88 495 25 1414 87 77 1327
internal_count=2136 1432 704 185 166 519 24 88 495 25 1414 87 77 1327
is_linear=0
shrinkage=0.05


Tree=99
num_leaves=15
num_cat=0
split_feature=22 22 20 22 6 0 9 7 22 22 10 22 10 22
split_gain=3.47555 9.20632 7.53617 6.97867 4.92607 4.26486 3.59771 3.67853 3.55597 10.3 17.2332 4.51389 3.38852 3.6392
threshold=0.9884946951290402 0.99653827729370248 15014.405000000001 0.99496844910615079 18.480000000000004 22.065000000000001 0.46000000000000002 72.295000000000016 0.97186771644114334 0.96319629568591714 -0.29389999999999994 0.95338485815333007 -0.29389999999999994 0.98575081589502089
decision_type=2 2 2 2 2 2 2 2 2 2 2 2 2 2
left_child=5 2 3 4 -2 -1 7 -3 9 11 -11 -7 -10 -14
right_child=1 6 -4 -5 -6 8 -8 -9 12 10 -12 -13 13 -15
leaf_value=0.0061394725945528332 0.032067722192517037 -0.0010701910864251356 -0.00053151583868182373 0.057940821548302969 -0.001700531008342902 -0.001100036615302815 0.011775681261594097 -0.022513527721166611 -0.026842639222741129 0.080827401727437978 0.0056299484567716718 -0.017344735643233768 -0.010974581770344893 0.014388650073669851
leaf_weight=205 27 60 36 14.999999999999998 18 1521 30 30 24 9.9999999999999982 32 44 66 18
leaf_count=205 27 60 36 15 18 1521 30 30 24 10 32 44 66 18
internal_value=-5.69235e-12 0.00601319 0.0175541 0.0284055 0.0185604 -0.000676484 -0.00321956 -0.00821797 -0.00149122 -0.00090099 0.0235341 -0.00155676 -0.0102736 -0.0055396
internal_weight=2136 216 96 60 45 1920 120 90 1715 1607 42 1565 108 84
internal_count=2136 216 96 60 45 1920 120 90 1715 1607 42 1565 108 84
is_linear=0
shrinkage=0.05


end of trees

feature_importances:
day_of_year_sin=407
forecast_temperature=276
b2_temperature=185
day_of_year_cos=142
elevation_std=141
elevation_mean=94
forecast_humidity=33
elevation_range=28
slope_std=24
aspect_sin=22
slope_mean=12
distance_to_nearest_water=10
month=10
forecast_rainfall=4
tri_std=4
distance_to_forecast_grid_m=4
lead_time_hours=2
aspect_cos=2

parameters:
[boosting: gbdt]
[objective: regression]
[metric: rmse]
[tree_learner: serial]
[device_type: cpu]
[data_sample_strategy: bagging]
[data: ]
[valid: ]
[num_iterations: 100]
[learning_rate: 0.05]
[num_leaves: 15]
[num_threads: 8]
[seed: 42]
[deterministic: 0]
[force_col_wise: 0]
[force_row_wise: 0]
[histogram_pool_size: -1]
[max_depth: 5]
[min_data_in_leaf: 10]
[min_sum_hessian_in_leaf: 0.001]
[bagging_fraction: 0.8]
[pos_bagging_fraction: 1]
[neg_bagging_fraction: 1]
[bagging_freq: 0]
[bagging_seed: 400]
[bagging_by_query: 0]
[feature_fraction: 0.8]
[feature_fraction_bynode: 1]
[feature_fraction_seed: 30056]
[extra_trees: 0]
[extra_seed: 12879]
[early_stopping_round: 0]
[early_stopping_min_delta: 0]
[first_metric_only: 0]
[max_delta_step: 0]
[lambda_l1: 0]
[lambda_l2: 0]
[linear_lambda: 0]
[min_gain_to_split: 0]
[drop_rate: 0.1]
[max_drop: 50]
[skip_drop: 0.5]
[xgboost_dart_mode: 0]
[uniform_drop: 0]
[drop_seed: 17869]
[top_rate: 0.2]
[other_rate: 0.1]
[min_data_per_group: 100]
[max_cat_threshold: 32]
[cat_l2: 10]
[cat_smooth: 10]
[max_cat_to_onehot: 4]
[top_k: 20]
[monotone_constraints: ]
[monotone_constraints_method: basic]
[monotone_penalty: 0]
[feature_contri: ]
[forcedsplits_filename: ]
[refit_decay_rate: 0.9]
[cegb_tradeoff: 1]
[cegb_penalty_split: 0]
[cegb_penalty_feature_lazy: ]
[cegb_penalty_feature_coupled: ]
[path_smooth: 0]
[interaction_constraints: ]
[verbosity: -1]
[saved_feature_importance_type: 0]
[use_quantized_grad: 0]
[num_grad_quant_bins: 4]
[quant_train_renew_leaf: 0]
[stochastic_rounding: 1]
[linear_tree: 0]
[max_bin: 255]
[max_bin_by_feature: ]
[min_data_in_bin: 3]
[bin_construct_sample_cnt: 200000]
[data_random_seed: 175]
[is_enable_sparse: 1]
[enable_bundle: 1]
[use_missing: 1]
[zero_as_missing: 0]
[feature_pre_filter: 1]
[pre_partition: 0]
[two_round: 0]
[header: 0]
[label_column: ]
[weight_column: ]
[group_column: ]
[ignore_column: ]
[categorical_feature: ]
[forcedbins_filename: ]
[precise_float_parser: 0]
[parser_config_file: ]
[objective_seed: 16083]
[num_class: 1]
[is_unbalance: 0]
[scale_pos_weight: 1]
[sigmoid: 1]
[boost_from_average: 1]
[reg_sqrt: 0]
[alpha: 0.9]
[fair_c: 1]
[poisson_max_delta_step: 0.7]
[tweedie_variance_power: 1.5]
[lambdarank_truncation_level: 30]
[lambdarank_norm: 1]
[label_gain: ]
[lambdarank_position_bias_regularization: 0]
[eval_at: ]
[multi_error_top_k: 1]
[auc_mu_weights: ]
[num_machines: 1]
[local_listen_port: 12400]
[time_out: 120]
[machine_list_filename: ]
[machines: ]
[gpu_platform_id: -1]
[gpu_device_id: -1]
[gpu_device_id_list: ]
[gpu_use_dp: 0]
[num_gpu: 1]

end of parameters

pandas_categorical:[]
